dataset,model,seed,sample_index,measurement_probability,phase_noise_rad,optical_power
fashion_mnist,random_unitary,42,0,0.82231573,0.03700734,0.98441693
fashion_mnist,random_unitary,42,1,0.82182053,0.08439681,1.00591774
fashion_mnist,random_unitary,42,2,0.82131072,0.02375918,1.00026925
fashion_mnist,random_unitary,42,3,0.82433844,0.00587673,1.01489477
fashion_mnist,random_unitary,42,4,0.8214173,0.04967465,0.99488295
fashion_mnist,random_unitary,42,5,0.82075882,0.02470712,0.98969372
fashion_mnist,random_unitary,42,6,0.82038457,0.0243402,0.9968357
fashion_mnist,random_unitary,42,7,0.82901845,0.04746416,0.99889473
fashion_mnist,random_unitary,42,8,0.81771704,0.04779632,0.98955119
fashion_mnist,random_unitary,42,9,0.82227403,0.09812095,0.98264631
fashion_mnist,random_unitary,42,10,0.82182339,0.02582318,0.99654653
fashion_mnist,random_unitary,42,11,0.82293127,0.03119317,1.01903704
fashion_mnist,random_unitary,42,12,0.83128305,0.00487834,1.02183729
fashion_mnist,random_unitary,42,13,0.82265017,0.07514198,1.04004098
fashion_mnist,random_unitary,42,14,0.81405545,0.01536916,0.99440774
fashion_mnist,random_unitary,42,15,0.81764423,0.01814667,0.98924054
fashion_mnist,random_unitary,42,16,0.82360859,0.04402577,0.97769615
fashion_mnist,random_unitary,42,17,0.81907162,0.03916765,0.99175173
fashion_mnist,random_unitary,42,18,0.83171456,0.05722044,1.00394854
fashion_mnist,random_unitary,42,19,0.82775484,0.00284195,0.99062592
fashion_mnist,random_unitary,42,20,0.81787019,0.02266428,1.00644921
fashion_mnist,random_unitary,42,21,0.81979602,0.06045877,1.01458597
fashion_mnist,random_unitary,42,22,0.82486599,0.0262224,1.01683798
fashion_mnist,random_unitary,42,23,0.82908763,0.0121444,0.99250005
fashion_mnist,random_unitary,42,24,0.82415893,0.05876359,1.01181635
fashion_mnist,random_unitary,42,25,0.82217508,0.0068844,1.00229101
fashion_mnist,random_unitary,42,26,0.81488211,0.04617642,0.99380354
fashion_mnist,random_unitary,42,27,0.83294536,0.05857506,1.01210601
fashion_mnist,random_unitary,42,28,0.81974001,0.02502075,0.98024977
fashion_mnist,random_unitary,42,29,0.81851457,0.10978533,0.99291768
fashion_mnist,random_unitary,42,30,0.82462377,0.08175427,0.99853319
fashion_mnist,random_unitary,42,31,0.82624602,0.00948657,0.97441874
fashion_mnist,random_unitary,42,32,0.82967503,0.04653928,0.99632404
fashion_mnist,random_unitary,42,33,0.83235658,0.02997478,0.99175511
fashion_mnist,random_unitary,42,34,0.81281917,0.0335592,0.99811944
fashion_mnist,random_unitary,42,35,0.81180782,0.0620547,1.00856393
fashion_mnist,random_unitary,42,36,0.82951242,0.0182212,1.01627636
fashion_mnist,random_unitary,42,37,0.8276342,0.03343738,1.01535197
fashion_mnist,random_unitary,42,38,0.82161757,0.01085256,0.97986534
fashion_mnist,random_unitary,42,39,0.82905623,0.02796503,1.00877682
fashion_mnist,random_unitary,42,40,0.82658526,0.02167327,0.99814036
fashion_mnist,random_unitary,42,41,0.81653448,0.04826877,0.99144903
fashion_mnist,random_unitary,42,42,0.8188865,0.06556825,1.02617381
fashion_mnist,random_unitary,42,43,0.82458077,0.03630661,0.98080099
fashion_mnist,random_unitary,42,44,0.81954232,0.01403627,1.01090083
fashion_mnist,random_unitary,42,45,0.82050975,0.08352077,1.01726529
fashion_mnist,random_unitary,42,46,0.82768443,0.01619748,1.02011097
fashion_mnist,random_unitary,42,47,0.83005984,0.00021589,1.00629829
fashion_mnist,random_unitary,42,48,0.8206028,0.07053228,1.01101071
fashion_mnist,random_unitary,42,49,0.8199332,0.0640564,0.97308732
fashion_mnist,random_unitary,42,50,0.82399476,0.01483516,1.00138457
fashion_mnist,random_unitary,42,51,0.81637089,0.05005394,0.99162917
fashion_mnist,random_unitary,42,52,0.82468001,0.15899178,1.00391027
fashion_mnist,random_unitary,42,53,0.82942315,0.02219296,0.97655621
fashion_mnist,random_unitary,42,54,0.82709041,0.06743952,1.00734739
fashion_mnist,random_unitary,42,55,0.81646411,0.03875454,0.9687647
fashion_mnist,random_unitary,42,56,0.83062358,0.01353539,1.02107095
fashion_mnist,random_unitary,42,57,0.81654724,0.06944609,0.98979771
fashion_mnist,random_unitary,42,58,0.82728944,0.00556614,1.01027686
fashion_mnist,random_unitary,42,59,0.82535956,0.02672468,1.0318208
fashion_mnist,random_unitary,42,60,0.82843168,0.01566219,1.00130106
fashion_mnist,random_unitary,42,61,0.82654555,0.05928598,1.02014191
fashion_mnist,random_unitary,42,62,0.82418999,0.02075352,1.00172649
fashion_mnist,random_unitary,42,63,0.82166633,0.03589136,1.00608442
fashion_mnist,random_unitary,42,64,0.8179595,0.05138162,0.9949761
fashion_mnist,random_unitary,42,65,0.82889289,0.07844791,1.02505777
fashion_mnist,random_unitary,42,66,0.81671501,0.01765919,1.02180015
fashion_mnist,random_unitary,42,67,0.82328931,0.01606151,1.01636636
fashion_mnist,random_unitary,42,68,0.81161586,0.00628045,1.00395884
fashion_mnist,random_unitary,42,69,0.80974329,0.00820137,1.01818748
fashion_mnist,random_unitary,42,70,0.83042536,0.03858362,1.01352487
fashion_mnist,random_unitary,42,71,0.82989416,0.0171484,1.00145047
fashion_mnist,random_unitary,42,72,0.83119364,0.00903132,0.99094246
fashion_mnist,random_unitary,42,73,0.82121628,0.06194126,0.99427003
fashion_mnist,random_unitary,42,74,0.81937107,0.10229605,1.02981278
fashion_mnist,random_unitary,42,75,0.82198259,0.00031775,1.01009729
fashion_mnist,random_unitary,42,76,0.82806024,0.03397527,1.00941434
fashion_mnist,random_unitary,42,77,0.8231425,0.02875003,1.00798723
fashion_mnist,random_unitary,42,78,0.81886923,0.02963354,0.99875075
fashion_mnist,random_unitary,42,79,0.81772123,0.02469168,1.01473687
fashion_mnist,random_unitary,42,80,0.80877977,0.03531271,1.01263241
fashion_mnist,random_unitary,42,81,0.81554791,0.03095303,1.00036135
fashion_mnist,random_unitary,42,82,0.82916606,0.09032376,1.02309817
fashion_mnist,random_unitary,42,83,0.82823768,0.0632201,1.01387643
fashion_mnist,random_unitary,42,84,0.81616468,0.07449515,0.98494996
fashion_mnist,random_unitary,42,85,0.82004028,0.04140755,0.98236848
fashion_mnist,random_unitary,42,86,0.83099437,0.04042138,1.00032637
fashion_mnist,random_unitary,42,87,0.82408583,0.0369306,0.98239064
fashion_mnist,random_unitary,42,88,0.82814842,0.01953321,1.00326882
fashion_mnist,random_unitary,42,89,0.8217786,0.04575061,1.00082135
fashion_mnist,random_unitary,42,90,0.83075272,0.01462814,0.97638595
fashion_mnist,random_unitary,42,91,0.82262935,0.05867467,1.00610394
fashion_mnist,random_unitary,42,92,0.81713613,0.01521443,0.98409615
fashion_mnist,random_unitary,42,93,0.82457269,0.03830486,1.0007585
fashion_mnist,random_unitary,42,94,0.82444987,0.04533504,1.01687192
fashion_mnist,random_unitary,42,95,0.82219242,0.04351376,0.97796071
fashion_mnist,random_unitary,42,96,0.81954133,0.04447794,1.00170387
fashion_mnist,random_unitary,42,97,0.81575555,0.08397912,0.9730857
fashion_mnist,random_unitary,42,98,0.81811526,0.00702961,0.99304992
fashion_mnist,random_unitary,42,99,0.81536291,0.08990648,1.00140198
fashion_mnist,random_unitary,42,100,0.82626138,0.07012618,0.99767774
fashion_mnist,random_unitary,42,101,0.82767218,0.00751215,0.96168491
fashion_mnist,random_unitary,42,102,0.82839498,0.00682264,1.00233473
fashion_mnist,random_unitary,42,103,0.82305256,0.04184362,0.96765955
fashion_mnist,random_unitary,42,104,0.8222553,0.01372235,1.04273291
fashion_mnist,random_unitary,42,105,0.82874931,0.08276371,0.99163646
fashion_mnist,random_unitary,42,106,0.81889154,0.05583797,0.98337927
fashion_mnist,random_unitary,42,107,0.82994792,0.00954157,0.9715974
fashion_mnist,random_unitary,42,108,0.83452585,0.04054047,1.00032157
fashion_mnist,random_unitary,42,109,0.82724481,0.02793402,1.0058378
fashion_mnist,random_unitary,42,110,0.81568812,0.03540331,0.99887517
fashion_mnist,random_unitary,42,111,0.81629358,0.01908132,0.99482238
fashion_mnist,random_unitary,42,112,0.82719424,0.13292861,0.98361436
fashion_mnist,random_unitary,42,113,0.81992352,0.04877652,0.98470479
fashion_mnist,random_unitary,42,114,0.81691442,0.05613531,0.99957323
fashion_mnist,random_unitary,42,115,0.82123547,0.02255765,0.97668189
fashion_mnist,random_unitary,42,116,0.823818,0.02200185,0.98790279
fashion_mnist,random_unitary,42,117,0.82010102,0.03782461,0.9990815
fashion_mnist,random_unitary,42,118,0.8119596,0.08563408,0.99184963
fashion_mnist,random_unitary,42,119,0.82236875,0.10345194,0.99210978
fashion_mnist,random_unitary,42,120,0.82173851,0.02997254,0.97248047
fashion_mnist,random_unitary,42,121,0.82542545,0.06184711,0.9908633
fashion_mnist,random_unitary,42,122,0.83819217,0.02348292,0.99244303
fashion_mnist,random_unitary,42,123,0.84132633,0.06869618,0.98270721
fashion_mnist,random_unitary,42,124,0.81881213,0.02395775,0.99007133
fashion_mnist,random_unitary,42,125,0.82297828,0.05709387,0.98923902
fashion_mnist,random_unitary,42,126,0.82525046,0.02656218,0.98819572
fashion_mnist,random_unitary,42,127,0.81830782,0.03094973,1.00760437
fashion_mnist,random_unitary,42,128,0.82577704,0.05112719,1.01403867
fashion_mnist,random_unitary,42,129,0.83409698,0.00946478,1.00258395
fashion_mnist,random_unitary,42,130,0.8169479,0.02913551,1.0047299
fashion_mnist,random_unitary,42,131,0.82583661,0.04729996,0.99309271
fashion_mnist,random_unitary,42,132,0.81746826,0.02743899,0.99194855
fashion_mnist,random_unitary,42,133,0.81840841,0.03474931,0.99024671
fashion_mnist,random_unitary,42,134,0.82443085,0.01943763,1.0130857
fashion_mnist,random_unitary,42,135,0.81165617,0.01346281,1.00223157
fashion_mnist,random_unitary,42,136,0.8271949,0.04233934,0.98769174
fashion_mnist,random_unitary,42,137,0.8196577,0.00976238,1.00919197
fashion_mnist,random_unitary,42,138,0.82042545,0.03747408,0.99764199
fashion_mnist,random_unitary,42,139,0.82254072,0.01545161,0.98471964
fashion_mnist,random_unitary,42,140,0.82737061,0.06063686,0.99380348
fashion_mnist,random_unitary,42,141,0.82014491,0.10362392,0.99202075
fashion_mnist,random_unitary,42,142,0.82423971,0.03562087,0.99222746
fashion_mnist,random_unitary,42,143,0.8290469,0.04519216,0.99484467
fashion_mnist,random_unitary,42,144,0.82691018,0.0035329,1.00354803
fashion_mnist,random_unitary,42,145,0.81973188,0.0068197,0.9919962
fashion_mnist,random_unitary,42,146,0.81751008,0.04705995,1.01854017
fashion_mnist,random_unitary,42,147,0.82554604,0.00636538,0.98825813
fashion_mnist,random_unitary,42,148,0.82386857,0.01588341,0.97623005
fashion_mnist,random_unitary,42,149,0.82486825,0.02588447,1.00148932
fashion_mnist,random_unitary,42,150,0.82008246,0.06034366,0.99120209
fashion_mnist,random_unitary,42,151,0.80878631,0.03604737,0.99553393
fashion_mnist,random_unitary,42,152,0.82975216,0.01591602,1.01920667
fashion_mnist,random_unitary,42,153,0.81896418,0.11796549,0.9981702
fashion_mnist,random_unitary,42,154,0.81315565,0.0102608,1.00746877
fashion_mnist,random_unitary,42,155,0.82587402,0.03073982,0.99356214
fashion_mnist,random_unitary,42,156,0.82520617,0.01426361,1.01659771
fashion_mnist,random_unitary,42,157,0.82269739,0.00129422,1.0214244
fashion_mnist,random_unitary,42,158,0.82001344,0.01188527,1.02594878
fashion_mnist,random_unitary,42,159,0.82571576,0.05670855,0.97534241
fashion_mnist,random_unitary,42,160,0.81483239,0.01998038,0.97461716
fashion_mnist,random_unitary,42,161,0.82572225,0.00373415,0.98629063
fashion_mnist,random_unitary,42,162,0.81490076,0.00916986,0.99992991
fashion_mnist,random_unitary,42,163,0.83096233,0.09930224,1.00191079
fashion_mnist,random_unitary,42,164,0.82879796,0.00544602,1.01991946
fashion_mnist,random_unitary,42,165,0.80858001,0.0038742,0.99937975
fashion_mnist,random_unitary,42,166,0.81923493,0.02608878,0.99600886
fashion_mnist,random_unitary,42,167,0.83131999,0.0072189,0.971976
fashion_mnist,random_unitary,42,168,0.82108911,0.01980139,1.00439839
fashion_mnist,random_unitary,42,169,0.81612598,0.01078954,1.00459974
fashion_mnist,random_unitary,42,170,0.82900012,0.04165923,0.99946612
fashion_mnist,random_unitary,42,171,0.83153937,0.09059216,1.0010906
fashion_mnist,random_unitary,42,172,0.82984571,0.06468899,1.03257358
fashion_mnist,random_unitary,42,173,0.82646296,0.04948384,0.96690334
fashion_mnist,random_unitary,42,174,0.80894218,0.01483459,1.0084769
fashion_mnist,random_unitary,42,175,0.8118063,0.07480381,0.9904483
fashion_mnist,random_unitary,42,176,0.82658838,0.00016801,0.99958247
fashion_mnist,random_unitary,42,177,0.82283187,0.07830984,0.98430702
fashion_mnist,random_unitary,42,178,0.81129465,0.0668754,0.98484084
fashion_mnist,random_unitary,42,179,0.8204624,0.00980777,0.98957761
fashion_mnist,random_unitary,42,180,0.83256687,0.03570961,0.97904588
fashion_mnist,random_unitary,42,181,0.82121431,0.06130316,1.02433235
fashion_mnist,random_unitary,42,182,0.82214236,0.0929634,1.00051535
fashion_mnist,random_unitary,42,183,0.82491442,0.05022345,0.98081509
fashion_mnist,random_unitary,42,184,0.82216808,0.00483239,1.01194917
fashion_mnist,random_unitary,42,185,0.8084408,0.032972,1.03601451
fashion_mnist,random_unitary,42,186,0.82346605,0.05288678,0.99840906
fashion_mnist,random_unitary,42,187,0.82685901,0.0034119,1.00918457
fashion_mnist,random_unitary,42,188,0.83284935,0.06390102,1.01535157
fashion_mnist,random_unitary,42,189,0.81671653,0.04522385,1.01855255
fashion_mnist,random_unitary,42,190,0.83145147,0.03549593,0.99672467
fashion_mnist,random_unitary,42,191,0.81442871,0.00104487,1.00944632
fashion_mnist,random_unitary,42,192,0.82224743,0.03750731,1.01274626
fashion_mnist,random_unitary,42,193,0.81791183,0.01025044,1.00148786
fashion_mnist,random_unitary,42,194,0.81586911,0.05649161,0.97869682
fashion_mnist,random_unitary,42,195,0.82096089,0.05567754,0.98394138
fashion_mnist,random_unitary,42,196,0.83153401,0.05327579,0.99904691
fashion_mnist,random_unitary,42,197,0.82573748,0.00681156,0.9825337
fashion_mnist,random_unitary,42,198,0.82533558,0.01221345,1.01334105
fashion_mnist,random_unitary,42,199,0.82297664,0.07240559,0.98645768
fashion_mnist,random_unitary,42,200,0.82942972,0.02586003,0.98397672
fashion_mnist,random_unitary,42,201,0.82622997,0.00998103,1.02035245
fashion_mnist,random_unitary,42,202,0.8210278,0.02531181,1.00131278
fashion_mnist,random_unitary,42,203,0.82505954,0.03789014,1.01295283
fashion_mnist,random_unitary,42,204,0.81972492,0.00950262,1.00043263
fashion_mnist,random_unitary,42,205,0.82599849,0.03144607,0.98998415
fashion_mnist,random_unitary,42,206,0.82786481,0.01952601,1.01978523
fashion_mnist,random_unitary,42,207,0.81563163,0.03104929,1.00832599
fashion_mnist,random_unitary,42,208,0.81384858,0.04253151,0.96598172
fashion_mnist,random_unitary,42,209,0.82760286,0.00258569,1.02427661
fashion_mnist,random_unitary,42,210,0.83170197,0.00765977,0.98436249
fashion_mnist,random_unitary,42,211,0.82243246,0.12271156,0.98369259
fashion_mnist,random_unitary,42,212,0.8281323,0.10572644,0.99443469
fashion_mnist,random_unitary,42,213,0.82018259,0.02495918,1.01591558
fashion_mnist,random_unitary,42,214,0.82751315,0.01102694,0.98951239
fashion_mnist,random_unitary,42,215,0.82162389,0.03892462,1.0230136
fashion_mnist,random_unitary,42,216,0.82713786,0.00447871,1.00739618
fashion_mnist,random_unitary,42,217,0.82443058,0.01525619,0.96285776
fashion_mnist,random_unitary,42,218,0.82293295,0.07301125,0.99272325
fashion_mnist,random_unitary,42,219,0.82491859,0.06857373,0.99451075
fashion_mnist,random_unitary,42,220,0.82892568,0.07513411,0.99530935
fashion_mnist,random_unitary,42,221,0.81580591,0.00614122,0.98921576
fashion_mnist,random_unitary,42,222,0.82328861,0.0339393,1.00109737
fashion_mnist,random_unitary,42,223,0.82901883,0.03617415,1.02175932
fashion_mnist,random_unitary,42,224,0.81296191,0.00119177,1.01576722
fashion_mnist,random_unitary,42,225,0.81867189,0.06117522,0.96982241
fashion_mnist,random_unitary,42,226,0.8204308,0.04556029,1.00476099
fashion_mnist,random_unitary,42,227,0.82616933,0.02146081,0.99663184
fashion_mnist,random_unitary,42,228,0.82781426,0.0189235,1.02023765
fashion_mnist,random_unitary,42,229,0.81449546,0.02909149,1.01268621
fashion_mnist,random_unitary,42,230,0.82103871,0.04090495,0.98709079
fashion_mnist,random_unitary,42,231,0.82844307,0.02687945,0.99652434
fashion_mnist,random_unitary,42,232,0.83164844,0.00136123,0.97647969
fashion_mnist,random_unitary,42,233,0.81978466,0.04347432,0.99574462
fashion_mnist,random_unitary,42,234,0.81464269,0.0818376,1.02089008
fashion_mnist,random_unitary,42,235,0.82848657,0.03669751,0.99445444
fashion_mnist,random_unitary,42,236,0.83468644,0.06565589,1.00184114
fashion_mnist,random_unitary,42,237,0.80954501,0.01060344,1.00053576
fashion_mnist,random_unitary,42,238,0.8290135,0.00155044,1.00116623
fashion_mnist,random_unitary,42,239,0.81244761,0.04587476,0.98497497
fashion_mnist,random_unitary,42,240,0.81901155,0.02399846,1.01057774
fashion_mnist,random_unitary,42,241,0.82259161,0.02459587,1.01564281
fashion_mnist,random_unitary,42,242,0.82734174,0.00504225,0.97304308
fashion_mnist,random_unitary,42,243,0.81721867,0.00481864,0.99393647
fashion_mnist,random_unitary,42,244,0.82188693,0.02433316,0.99263324
fashion_mnist,random_unitary,42,245,0.82917309,0.03986701,1.00738146
fashion_mnist,random_unitary,42,246,0.82025236,0.07068737,0.99516965
fashion_mnist,random_unitary,42,247,0.82347398,0.02902849,1.02815168
fashion_mnist,random_unitary,42,248,0.82198636,0.01499322,1.02702898
fashion_mnist,random_unitary,42,249,0.8166668,0.05166641,1.00892448
fashion_mnist,random_unitary,42,250,0.81406562,0.08527957,0.98291823
fashion_mnist,random_unitary,42,251,0.81529797,0.0818206,1.02482786
fashion_mnist,random_unitary,42,252,0.8329062,0.11667483,1.01710867
fashion_mnist,random_unitary,42,253,0.82358251,0.03001123,1.01291785
fashion_mnist,random_unitary,42,254,0.82343355,0.02578869,0.98339789
fashion_mnist,random_unitary,42,255,0.82789198,0.03170305,1.00289924
fashion_mnist,random_unitary,42,256,0.81612236,0.03592432,0.98534132
fashion_mnist,random_unitary,42,257,0.81331725,0.00411121,0.98674004
fashion_mnist,random_unitary,42,258,0.83272791,0.03741889,1.01221566
fashion_mnist,random_unitary,42,259,0.82130311,0.02174022,1.02118546
fashion_mnist,random_unitary,42,260,0.82673963,0.12147008,1.01449228
fashion_mnist,random_unitary,42,261,0.81766106,0.02935574,0.98079989
fashion_mnist,random_unitary,42,262,0.82667409,0.03292289,1.00680821
fashion_mnist,random_unitary,42,263,0.82246787,0.01258564,0.99146256
fashion_mnist,random_unitary,42,264,0.8251071,0.02821311,1.00551359
fashion_mnist,random_unitary,42,265,0.81853923,0.01248122,1.02822315
fashion_mnist,random_unitary,42,266,0.82109972,0.03976394,1.03316028
fashion_mnist,random_unitary,42,267,0.81414421,0.01460503,0.98004859
fashion_mnist,random_unitary,42,268,0.81488641,0.03098665,1.01499065
fashion_mnist,random_unitary,42,269,0.82762127,0.02678306,0.98591825
fashion_mnist,random_unitary,42,270,0.82769305,0.00130587,0.99028699
fashion_mnist,random_unitary,42,271,0.8139944,0.01135767,0.98586862
fashion_mnist,random_unitary,42,272,0.81697628,0.03892841,0.99954413
fashion_mnist,random_unitary,42,273,0.81711987,0.14030201,1.00995414
fashion_mnist,random_unitary,42,274,0.81450811,0.02644377,1.02293804
fashion_mnist,random_unitary,42,275,0.81554753,0.05129063,0.99624142
fashion_mnist,random_unitary,42,276,0.81730367,0.00283808,1.00071678
fashion_mnist,random_unitary,42,277,0.81090151,0.04251615,0.99061433
fashion_mnist,random_unitary,42,278,0.82237189,0.01997777,1.0053673
fashion_mnist,random_unitary,42,279,0.82030687,0.07204505,1.01786123
fashion_mnist,random_unitary,42,280,0.81950669,0.04577507,1.01785255
fashion_mnist,random_unitary,42,281,0.82466301,0.05341453,1.01143959
fashion_mnist,random_unitary,42,282,0.82092601,0.01309945,1.0201466
fashion_mnist,random_unitary,42,283,0.82104287,0.02570811,1.00434647
fashion_mnist,random_unitary,42,284,0.81583768,0.00373233,0.98463604
fashion_mnist,random_unitary,42,285,0.82100616,0.00248176,1.01491861
fashion_mnist,random_unitary,42,286,0.82260518,0.04355099,0.98769243
fashion_mnist,random_unitary,42,287,0.83363607,0.08518736,0.9903536
fashion_mnist,random_unitary,42,288,0.82636171,0.02309443,0.99671829
fashion_mnist,random_unitary,42,289,0.82463223,0.11785732,0.97989609
fashion_mnist,random_unitary,42,290,0.82594088,0.0098807,1.0016157
fashion_mnist,random_unitary,42,291,0.81069827,0.04951024,0.98557924
fashion_mnist,random_unitary,42,292,0.82583954,0.05446639,0.9953993
fashion_mnist,random_unitary,42,293,0.81856875,0.04711282,0.98949542
fashion_mnist,random_unitary,42,294,0.82816667,0.021333,0.98030417
fashion_mnist,random_unitary,42,295,0.82152962,0.09857774,1.00638075
fashion_mnist,random_unitary,42,296,0.83202184,0.10666297,1.01267492
fashion_mnist,random_unitary,42,297,0.82500502,0.02618035,0.99015279
fashion_mnist,random_unitary,42,298,0.82018878,0.04775809,1.01408876
fashion_mnist,random_unitary,42,299,0.82473216,0.07680184,1.02383689
fashion_mnist,random_unitary,42,300,0.8246986,0.03963587,0.98901269
fashion_mnist,random_unitary,42,301,0.83218892,0.0106351,1.01692168
fashion_mnist,random_unitary,42,302,0.82431846,0.04550681,0.98236951
fashion_mnist,random_unitary,42,303,0.82361983,0.00226897,1.01259975
fashion_mnist,random_unitary,42,304,0.81563503,0.04552035,1.00941022
fashion_mnist,random_unitary,42,305,0.82075981,0.02792771,0.98930155
fashion_mnist,random_unitary,42,306,0.81539899,0.02911016,0.99225074
fashion_mnist,random_unitary,42,307,0.82175167,0.03380478,0.98193265
fashion_mnist,random_unitary,42,308,0.82219733,0.06538355,0.99048323
fashion_mnist,random_unitary,42,309,0.81913532,0.05201562,0.98981206
fashion_mnist,random_unitary,42,310,0.8400408,0.05352582,0.94637494
fashion_mnist,random_unitary,42,311,0.82330115,0.03814256,1.00894764
fashion_mnist,random_unitary,42,312,0.82571121,0.01647961,0.98028043
fashion_mnist,random_unitary,42,313,0.82824996,0.05531353,1.00617791
fashion_mnist,random_unitary,42,314,0.82686308,0.06354606,0.98334755
fashion_mnist,random_unitary,42,315,0.81536495,0.08666746,1.00303748
fashion_mnist,random_unitary,42,316,0.81861955,0.04366291,1.00123415
fashion_mnist,random_unitary,42,317,0.82687766,0.0107662,1.00919541
fashion_mnist,random_unitary,42,318,0.8138385,0.01871274,0.99588233
fashion_mnist,random_unitary,42,319,0.82209936,0.05760778,0.99165976
fashion_mnist,random_unitary,42,320,0.83000082,0.07068431,1.0160999
fashion_mnist,random_unitary,42,321,0.82193363,0.02939441,1.00381912
fashion_mnist,random_unitary,42,322,0.81968923,0.04211009,0.99435214
fashion_mnist,random_unitary,42,323,0.82036729,0.0290089,1.00645711
fashion_mnist,random_unitary,42,324,0.83602496,0.02654958,0.99210361
fashion_mnist,random_unitary,42,325,0.81452438,0.07255425,0.99033854
fashion_mnist,random_unitary,42,326,0.82192147,0.00964954,1.01543171
fashion_mnist,random_unitary,42,327,0.82400633,0.05383425,1.02244838
fashion_mnist,random_unitary,42,328,0.81310743,0.03940049,0.9965602
fashion_mnist,random_unitary,42,329,0.82774221,0.0629625,0.9882377
fashion_mnist,random_unitary,42,330,0.82245299,0.01440547,0.97941126
fashion_mnist,random_unitary,42,331,0.8225874,0.02532701,0.99799548
fashion_mnist,random_unitary,42,332,0.822619,0.00367121,0.99166246
fashion_mnist,random_unitary,42,333,0.81157788,0.04253448,1.00745526
fashion_mnist,random_unitary,42,334,0.82273028,0.03105513,1.02339262
fashion_mnist,random_unitary,42,335,0.8178246,0.0545505,0.99591989
fashion_mnist,random_unitary,42,336,0.81446246,0.05835617,1.00919537
fashion_mnist,random_unitary,42,337,0.82715002,0.00982167,1.00752291
fashion_mnist,random_unitary,42,338,0.8224491,0.06699962,1.01043366
fashion_mnist,random_unitary,42,339,0.81162906,0.02015919,1.00554746
fashion_mnist,random_unitary,42,340,0.8237535,0.06972751,0.98145351
fashion_mnist,random_unitary,42,341,0.83180347,0.00036841,0.98730195
fashion_mnist,random_unitary,42,342,0.81382549,0.02901903,1.0044689
fashion_mnist,random_unitary,42,343,0.83748954,0.12228762,1.00953903
fashion_mnist,random_unitary,42,344,0.82354097,0.01119569,0.98836358
fashion_mnist,random_unitary,42,345,0.82749571,0.05688054,1.0135467
fashion_mnist,random_unitary,42,346,0.83378135,0.03664834,0.99077556
fashion_mnist,random_unitary,42,347,0.82300051,0.03673471,0.98177468
fashion_mnist,random_unitary,42,348,0.81622595,0.11167581,0.99325224
fashion_mnist,random_unitary,42,349,0.83459143,0.01492028,0.99042751
fashion_mnist,random_unitary,42,350,0.8239665,0.04931055,1.00512523
fashion_mnist,random_unitary,42,351,0.82502354,0.02334361,1.00451916
fashion_mnist,random_unitary,42,352,0.82667993,0.01439923,1.01410068
fashion_mnist,random_unitary,42,353,0.81440886,0.06671445,0.9876629
fashion_mnist,random_unitary,42,354,0.8320066,0.00931404,1.0009755
fashion_mnist,random_unitary,42,355,0.8292322,0.07119167,0.9919321
fashion_mnist,random_unitary,42,356,0.83093802,0.02511179,1.00529481
fashion_mnist,random_unitary,42,357,0.82189094,0.09947125,0.99154605
fashion_mnist,random_unitary,42,358,0.82375641,0.03464096,1.00612497
fashion_mnist,random_unitary,42,359,0.82220152,0.0654637,1.01832529
fashion_mnist,random_unitary,42,360,0.82562718,0.00756025,0.99435566
fashion_mnist,random_unitary,42,361,0.81571847,0.01003392,1.00837673
fashion_mnist,random_unitary,42,362,0.8316144,0.05182041,1.01779868
fashion_mnist,random_unitary,42,363,0.83076104,0.07379571,1.01047257
fashion_mnist,random_unitary,42,364,0.80711489,0.05578151,0.98825336
fashion_mnist,random_unitary,42,365,0.82112561,0.09108862,0.99461323
fashion_mnist,random_unitary,42,366,0.83041248,0.00551049,1.01631596
fashion_mnist,random_unitary,42,367,0.8209638,0.00212477,0.99655852
fashion_mnist,random_unitary,42,368,0.81848055,0.01652707,0.99374905
fashion_mnist,random_unitary,42,369,0.8164405,0.05477652,0.9851081
fashion_mnist,random_unitary,42,370,0.81069634,0.09767647,1.01592783
fashion_mnist,random_unitary,42,371,0.81734771,0.02775612,1.04550078
fashion_mnist,random_unitary,42,372,0.8239402,0.02619841,1.01845164
fashion_mnist,random_unitary,42,373,0.83138353,0.01141908,1.02283983
fashion_mnist,random_unitary,42,374,0.82702927,0.08578747,1.00247081
fashion_mnist,random_unitary,42,375,0.81450898,0.04656435,1.02088691
fashion_mnist,random_unitary,42,376,0.8166157,0.05768897,1.00674363
fashion_mnist,random_unitary,42,377,0.83375957,0.00848887,0.97050677
fashion_mnist,random_unitary,42,378,0.81957678,0.0456393,0.99304975
fashion_mnist,random_unitary,42,379,0.81752199,0.05840998,0.99898798
fashion_mnist,random_unitary,42,380,0.81976576,0.02953714,0.98535628
fashion_mnist,random_unitary,42,381,0.81772807,0.06607207,1.00264312
fashion_mnist,random_unitary,42,382,0.81850036,0.00994063,0.98029747
fashion_mnist,random_unitary,42,383,0.81832394,0.03677852,1.00441113
fashion_mnist,random_unitary,42,384,0.82727471,0.00849403,0.99616345
fashion_mnist,random_unitary,42,385,0.83012427,0.06982228,0.99840673
fashion_mnist,random_unitary,42,386,0.82735786,0.03814808,0.98769584
fashion_mnist,random_unitary,42,387,0.82027954,0.07081311,1.01701996
fashion_mnist,random_unitary,42,388,0.82454581,0.01217601,1.0025454
fashion_mnist,random_unitary,42,389,0.82930786,0.02989427,0.98281817
fashion_mnist,random_unitary,42,390,0.82992521,0.03520534,1.0028614
fashion_mnist,random_unitary,42,391,0.81797831,0.03918711,1.0117333
fashion_mnist,random_unitary,42,392,0.8202258,0.00824535,1.00416738
fashion_mnist,random_unitary,42,393,0.83424136,0.04924785,0.98641773
fashion_mnist,random_unitary,42,394,0.81996743,0.01554406,1.00294403
fashion_mnist,random_unitary,42,395,0.82248996,0.04188573,1.00418546
fashion_mnist,random_unitary,42,396,0.82369296,0.01161303,0.99599721
fashion_mnist,random_unitary,42,397,0.81250356,0.06474652,1.0156878
fashion_mnist,random_unitary,42,398,0.81431812,0.00678144,1.03037246
fashion_mnist,random_unitary,42,399,0.82391181,0.00213207,1.00481145
fashion_mnist,random_unitary,42,400,0.82010877,0.00817856,0.99641745
fashion_mnist,random_unitary,42,401,0.81959478,0.02371561,1.00885685
fashion_mnist,random_unitary,42,402,0.82001357,0.01524299,0.98700879
fashion_mnist,random_unitary,42,403,0.82625479,0.06450614,1.0046149
fashion_mnist,random_unitary,42,404,0.81245963,0.00685249,1.0184161
fashion_mnist,random_unitary,42,405,0.80924374,0.04961557,0.99597334
fashion_mnist,random_unitary,42,406,0.81166654,0.16966204,1.0140353
fashion_mnist,random_unitary,42,407,0.83031047,0.05543974,0.9911658
fashion_mnist,random_unitary,42,408,0.81686846,0.02063798,0.99425743
fashion_mnist,random_unitary,42,409,0.81995441,0.02829739,1.00786697
fashion_mnist,random_unitary,42,410,0.81638283,0.07508035,1.00171555
fashion_mnist,random_unitary,42,411,0.8143687,0.03318746,1.01109631
fashion_mnist,random_unitary,42,412,0.8272712,0.02469574,0.96051759
fashion_mnist,random_unitary,42,413,0.82448596,0.0062568,0.98359226
fashion_mnist,random_unitary,42,414,0.82515258,0.03084752,0.9945927
fashion_mnist,random_unitary,42,415,0.82393861,0.06909722,0.99645189
fashion_mnist,random_unitary,42,416,0.81301015,0.08031366,0.98934941
fashion_mnist,random_unitary,42,417,0.82011372,0.03828004,1.01006352
fashion_mnist,random_unitary,42,418,0.82733338,0.03971807,1.00291848
fashion_mnist,random_unitary,42,419,0.81534427,0.05960498,1.00770439
fashion_mnist,random_unitary,42,420,0.82015214,0.0051831,0.98120061
fashion_mnist,random_unitary,42,421,0.82465451,0.03191888,0.99866327
fashion_mnist,random_unitary,42,422,0.81521885,0.03381372,0.99778744
fashion_mnist,random_unitary,42,423,0.81788182,0.04637762,1.00104797
fashion_mnist,random_unitary,42,424,0.82354584,0.0473572,0.99773974
fashion_mnist,random_unitary,42,425,0.81525779,0.01244876,1.01568778
fashion_mnist,random_unitary,42,426,0.82247323,0.01833241,0.9715625
fashion_mnist,random_unitary,42,427,0.81648029,0.07180121,0.9793205
fashion_mnist,random_unitary,42,428,0.81997617,0.05101894,0.99013956
fashion_mnist,random_unitary,42,429,0.81718758,0.0263284,1.00889797
fashion_mnist,random_unitary,42,430,0.8219239,0.03935758,1.016364
fashion_mnist,random_unitary,42,431,0.81432957,0.09675081,0.99195825
fashion_mnist,random_unitary,42,432,0.81187581,0.03848202,0.96811213
fashion_mnist,random_unitary,42,433,0.82649557,0.06736461,0.99947925
fashion_mnist,random_unitary,42,434,0.82447528,0.0271563,0.99749638
fashion_mnist,random_unitary,42,435,0.82217359,0.08235741,1.01167247
fashion_mnist,random_unitary,42,436,0.82954913,0.11888558,0.98746399
fashion_mnist,random_unitary,42,437,0.81719493,0.00455882,0.9717027
fashion_mnist,random_unitary,42,438,0.81623167,0.0145442,1.01802319
fashion_mnist,random_unitary,42,439,0.82219969,0.03740779,0.99417837
fashion_mnist,random_unitary,42,440,0.81853342,0.05420964,0.99787875
fashion_mnist,random_unitary,42,441,0.82691076,0.07185338,0.97468991
fashion_mnist,random_unitary,42,442,0.82162146,0.07875031,0.97153371
fashion_mnist,random_unitary,42,443,0.82320734,0.09350232,0.996879
fashion_mnist,random_unitary,42,444,0.82932731,0.05132829,1.00393246
fashion_mnist,random_unitary,42,445,0.82414218,0.07906422,1.04050652
fashion_mnist,random_unitary,42,446,0.82761042,0.08818965,0.99148688
fashion_mnist,random_unitary,42,447,0.82054279,0.00668833,1.00370871
fashion_mnist,random_unitary,42,448,0.8233933,0.00464397,1.01486265
fashion_mnist,random_unitary,42,449,0.82699089,0.00136708,0.97516348
fashion_mnist,random_unitary,42,450,0.82479726,0.03396948,0.98918212
fashion_mnist,random_unitary,42,451,0.84069091,0.05104513,0.98852195
fashion_mnist,random_unitary,42,452,0.81804291,0.00888262,1.01004703
fashion_mnist,random_unitary,42,453,0.82628636,0.00416128,1.00052403
fashion_mnist,random_unitary,42,454,0.82234262,0.01902945,0.983858
fashion_mnist,random_unitary,42,455,0.82353264,0.04240095,0.98636744
fashion_mnist,random_unitary,42,456,0.82450953,0.06491333,0.99978129
fashion_mnist,random_unitary,42,457,0.82134577,0.03114766,1.00352197
fashion_mnist,random_unitary,42,458,0.81055461,0.04882239,0.97533254
fashion_mnist,random_unitary,42,459,0.8302007,0.07715517,0.99791141
fashion_mnist,random_unitary,42,460,0.82267898,0.01062331,0.99502896
fashion_mnist,random_unitary,42,461,0.82411315,0.05114875,0.97984392
fashion_mnist,random_unitary,42,462,0.82472555,0.03484144,1.01485059
fashion_mnist,random_unitary,42,463,0.83309632,0.00247343,0.98789452
fashion_mnist,random_unitary,42,464,0.83022061,0.00135191,0.98532595
fashion_mnist,random_unitary,42,465,0.81890315,0.07786416,0.98493382
fashion_mnist,random_unitary,42,466,0.82919683,0.05504408,0.97928642
fashion_mnist,random_unitary,42,467,0.81410731,0.07772488,0.99185282
fashion_mnist,random_unitary,42,468,0.81592481,0.11279825,1.00537287
fashion_mnist,random_unitary,42,469,0.83179379,0.02065706,0.99779266
fashion_mnist,random_unitary,42,470,0.81320606,0.04534766,1.01230071
fashion_mnist,random_unitary,42,471,0.82896788,0.09787527,0.99226607
fashion_mnist,random_unitary,42,472,0.82553619,0.01923689,1.01060788
fashion_mnist,random_unitary,42,473,0.82775555,0.0584521,1.00398886
fashion_mnist,random_unitary,42,474,0.81481256,0.01551934,1.00085721
fashion_mnist,random_unitary,42,475,0.82745606,0.04364325,0.99772531
fashion_mnist,random_unitary,42,476,0.82945016,0.02209478,1.00281463
fashion_mnist,random_unitary,42,477,0.82793636,0.01500999,0.99055099
fashion_mnist,random_unitary,42,478,0.82583019,0.06897541,0.99239514
fashion_mnist,random_unitary,42,479,0.83108133,0.00583313,1.00228477
fashion_mnist,random_unitary,42,480,0.8214782,0.03291956,1.00139494
fashion_mnist,random_unitary,42,481,0.82241543,0.0503584,0.99916276
fashion_mnist,random_unitary,42,482,0.81848775,0.10115699,0.99794879
fashion_mnist,random_unitary,42,483,0.82426437,0.00537496,1.02742772
fashion_mnist,random_unitary,42,484,0.82038445,0.00435553,0.98901391
fashion_mnist,random_unitary,42,485,0.82329234,0.07235729,0.99260921
fashion_mnist,random_unitary,42,486,0.8252428,0.02231339,1.00873671
fashion_mnist,random_unitary,42,487,0.82788473,0.01536298,0.99277837
fashion_mnist,random_unitary,42,488,0.81417605,0.04069834,1.01008719
fashion_mnist,random_unitary,42,489,0.82197509,0.0081174,1.01192347
fashion_mnist,random_unitary,42,490,0.81375653,0.05784539,1.02016967
fashion_mnist,random_unitary,42,491,0.81809056,0.00331532,0.99946222
fashion_mnist,random_unitary,42,492,0.8243025,0.04308223,1.00399674
fashion_mnist,random_unitary,42,493,0.82016062,0.02980341,0.97758707
fashion_mnist,random_unitary,42,494,0.81413308,0.05021327,0.98435819
fashion_mnist,random_unitary,42,495,0.81407076,0.00105136,1.00278951
fashion_mnist,random_unitary,42,496,0.83036431,0.00391902,0.97892373
fashion_mnist,random_unitary,42,497,0.81157893,0.01284736,0.99956521
fashion_mnist,random_unitary,42,498,0.82116615,0.00555817,1.00282998
fashion_mnist,random_unitary,42,499,0.82513733,0.02158007,0.98848346
fashion_mnist,random_unitary,42,500,0.81570572,0.06220368,0.99641207
fashion_mnist,random_unitary,42,501,0.8140117,0.06406769,0.99194534
fashion_mnist,random_unitary,42,502,0.82383547,0.00608114,1.01397046
fashion_mnist,random_unitary,42,503,0.8227302,0.02817481,0.97778467
fashion_mnist,random_unitary,42,504,0.82083343,0.00867383,1.01199925
fashion_mnist,random_unitary,42,505,0.82778888,0.06843914,1.01201113
fashion_mnist,random_unitary,42,506,0.82265651,0.00984031,1.00691807
fashion_mnist,random_unitary,42,507,0.81314461,0.09227137,1.01063607
fashion_mnist,random_unitary,42,508,0.82421884,0.0091284,0.99959473
fashion_mnist,random_unitary,42,509,0.82569299,0.00854726,1.00274337
fashion_mnist,random_unitary,42,510,0.81728453,0.03265054,1.00635972
fashion_mnist,random_unitary,42,511,0.82659887,0.01604053,0.96306145
fashion_mnist,random_unitary,42,512,0.81738022,0.06580978,1.00963993
fashion_mnist,random_unitary,42,513,0.82392237,0.12782171,1.00376921
fashion_mnist,random_unitary,42,514,0.82706937,0.00074253,1.02929192
fashion_mnist,random_unitary,42,515,0.82007636,0.05606499,1.03664022
fashion_mnist,random_unitary,42,516,0.83283144,0.01247527,1.04116127
fashion_mnist,random_unitary,42,517,0.81181008,0.02977623,1.03271894
fashion_mnist,random_unitary,42,518,0.82191336,0.02357187,0.97494621
fashion_mnist,random_unitary,42,519,0.82304481,0.00543506,1.0020758
fashion_mnist,random_unitary,42,520,0.81811246,0.11662178,0.97257777
fashion_mnist,random_unitary,42,521,0.83372937,0.07088055,0.99406596
fashion_mnist,random_unitary,42,522,0.81719574,0.09590898,0.97725481
fashion_mnist,random_unitary,42,523,0.82217914,0.05701449,1.01783338
fashion_mnist,random_unitary,42,524,0.82433422,0.14769788,1.01340289
fashion_mnist,random_unitary,42,525,0.81670237,0.06365681,0.99354169
fashion_mnist,random_unitary,42,526,0.83183071,0.01773954,1.01031382
fashion_mnist,random_unitary,42,527,0.81440057,0.05590129,1.00640543
fashion_mnist,random_unitary,42,528,0.82121841,0.00641088,0.96757132
fashion_mnist,random_unitary,42,529,0.82923151,0.01094535,1.00913212
fashion_mnist,random_unitary,42,530,0.83027046,0.02583868,0.9993458
fashion_mnist,random_unitary,42,531,0.83172568,0.05889677,0.98100859
fashion_mnist,random_unitary,42,532,0.82657035,0.0865974,1.018933
fashion_mnist,random_unitary,42,533,0.82652731,0.02919563,0.98027099
fashion_mnist,random_unitary,42,534,0.81344646,0.11723707,0.99918236
fashion_mnist,random_unitary,42,535,0.83315898,0.02669759,0.99168107
fashion_mnist,random_unitary,42,536,0.82614285,0.05369354,0.98446996
fashion_mnist,random_unitary,42,537,0.81834536,0.08248427,0.9998051
fashion_mnist,random_unitary,42,538,0.82682009,0.01874815,0.98077339
fashion_mnist,random_unitary,42,539,0.81664647,0.02650665,1.00820335
fashion_mnist,random_unitary,42,540,0.82518274,0.04380672,1.00105954
fashion_mnist,random_unitary,42,541,0.82193963,0.01832913,0.97253132
fashion_mnist,random_unitary,42,542,0.81984656,0.00623717,1.00511018
fashion_mnist,random_unitary,42,543,0.83237462,0.01337607,1.00323002
fashion_mnist,random_unitary,42,544,0.82200357,0.03235423,1.0029724
fashion_mnist,random_unitary,42,545,0.83304445,0.07215665,1.00046514
fashion_mnist,random_unitary,42,546,0.82575685,0.00909929,0.98378984
fashion_mnist,random_unitary,42,547,0.82780654,0.00296543,0.98579797
fashion_mnist,random_unitary,42,548,0.81991289,0.02700243,0.97693006
fashion_mnist,random_unitary,42,549,0.8123588,0.01965614,0.99784122
fashion_mnist,random_unitary,42,550,0.82819435,0.02604555,1.01865516
fashion_mnist,random_unitary,42,551,0.81883329,0.01226973,1.00351299
fashion_mnist,random_unitary,42,552,0.82352061,0.01763837,1.01200234
fashion_mnist,random_unitary,42,553,0.81236691,2.817e-05,1.01275673
fashion_mnist,random_unitary,42,554,0.82314739,0.03303543,1.01468586
fashion_mnist,random_unitary,42,555,0.82670137,0.03464774,1.00225007
fashion_mnist,random_unitary,42,556,0.81710554,0.0333196,0.99358112
fashion_mnist,random_unitary,42,557,0.81857323,0.03733081,1.0256332
fashion_mnist,random_unitary,42,558,0.82672111,0.00679036,0.99293379
fashion_mnist,random_unitary,42,559,0.81305981,0.03919742,0.99482742
fashion_mnist,random_unitary,42,560,0.82208596,0.00274756,0.99850473
fashion_mnist,random_unitary,42,561,0.81374499,0.04224417,1.00893969
fashion_mnist,random_unitary,42,562,0.81581957,0.02090341,1.04023678
fashion_mnist,random_unitary,42,563,0.82544077,0.06986126,1.00075168
fashion_mnist,random_unitary,42,564,0.8165597,0.07597361,1.0170944
fashion_mnist,random_unitary,42,565,0.82199359,0.01438965,0.97705274
fashion_mnist,random_unitary,42,566,0.81711381,0.03596795,1.00125555
fashion_mnist,random_unitary,42,567,0.82548635,0.01528594,1.01005014
fashion_mnist,random_unitary,42,568,0.81632209,0.06283799,0.99518072
fashion_mnist,random_unitary,42,569,0.81999711,0.072621,0.99531414
fashion_mnist,random_unitary,42,570,0.82288711,0.01372612,1.01350186
fashion_mnist,random_unitary,42,571,0.82317737,0.03211883,1.00348341
fashion_mnist,random_unitary,42,572,0.81894144,0.09945388,0.99703544
fashion_mnist,random_unitary,42,573,0.82448019,0.00133915,1.00470607
fashion_mnist,random_unitary,42,574,0.82898557,0.00083498,1.00778507
fashion_mnist,random_unitary,42,575,0.81941765,0.03685447,1.01318999
fashion_mnist,random_unitary,42,576,0.81883065,0.06464967,1.0026102
fashion_mnist,random_unitary,42,577,0.82267266,0.07576624,0.98897229
fashion_mnist,random_unitary,42,578,0.81767106,0.01019853,1.01793909
fashion_mnist,random_unitary,42,579,0.82586814,0.01768301,0.99277128
fashion_mnist,random_unitary,42,580,0.81419472,0.07593918,0.98502657
fashion_mnist,random_unitary,42,581,0.82195477,0.03428241,1.01232352
fashion_mnist,random_unitary,42,582,0.8111832,0.05522874,0.99402798
fashion_mnist,random_unitary,42,583,0.81974959,0.04056767,1.00492831
fashion_mnist,random_unitary,42,584,0.82479552,0.08449786,1.00983619
fashion_mnist,random_unitary,42,585,0.82333369,0.01067174,1.00652082
fashion_mnist,random_unitary,42,586,0.82979177,0.07861409,1.00967225
fashion_mnist,random_unitary,42,587,0.82954049,0.01816088,1.00262175
fashion_mnist,random_unitary,42,588,0.81934795,0.08327512,1.00340123
fashion_mnist,random_unitary,42,589,0.82376267,0.02526832,0.97757101
fashion_mnist,random_unitary,42,590,0.82218177,0.07152611,0.99149307
fashion_mnist,random_unitary,42,591,0.82129702,0.00574596,1.00501804
fashion_mnist,random_unitary,42,592,0.82031273,0.07554878,1.00795696
fashion_mnist,random_unitary,42,593,0.81918464,0.00136386,1.00673313
fashion_mnist,random_unitary,42,594,0.81215332,0.04652541,0.98869465
fashion_mnist,random_unitary,42,595,0.82378879,0.0194972,0.97888624
fashion_mnist,random_unitary,42,596,0.83774127,0.05513372,1.01283309
fashion_mnist,random_unitary,42,597,0.81469999,0.0187722,0.98967486
fashion_mnist,random_unitary,42,598,0.8263915,0.03308813,1.00879225
fashion_mnist,random_unitary,42,599,0.82133944,0.00014067,1.00743965
fashion_mnist,random_unitary,42,600,0.8256582,0.08000029,0.98617346
fashion_mnist,random_unitary,42,601,0.81712413,0.05112212,0.98242916
fashion_mnist,random_unitary,42,602,0.81978146,0.01260101,0.9986073
fashion_mnist,random_unitary,42,603,0.82784806,0.03942458,0.99338749
fashion_mnist,random_unitary,42,604,0.81429017,0.05878444,1.02757572
fashion_mnist,random_unitary,42,605,0.82463795,0.04375306,0.97547871
fashion_mnist,random_unitary,42,606,0.8264528,0.05215605,0.96741047
fashion_mnist,random_unitary,42,607,0.82414094,0.02843066,0.99327059
fashion_mnist,random_unitary,42,608,0.8283264,0.03659959,0.98032521
fashion_mnist,random_unitary,42,609,0.82388741,0.00599498,0.99506272
fashion_mnist,random_unitary,42,610,0.82222158,0.00590791,1.01061748
fashion_mnist,random_unitary,42,611,0.82576959,0.05173153,0.99288886
fashion_mnist,random_unitary,42,612,0.82851752,0.01286547,0.99792278
fashion_mnist,random_unitary,42,613,0.82516466,0.01466769,1.02048694
fashion_mnist,random_unitary,42,614,0.81499907,0.05308913,0.99930835
fashion_mnist,random_unitary,42,615,0.81750386,0.0944641,1.00179138
fashion_mnist,random_unitary,42,616,0.81210359,0.03814939,0.99687541
fashion_mnist,random_unitary,42,617,0.81849099,0.04496695,1.00357109
fashion_mnist,random_unitary,42,618,0.82394507,0.00866297,1.00156315
fashion_mnist,random_unitary,42,619,0.8349089,0.06402129,1.01542362
fashion_mnist,random_unitary,42,620,0.83415517,0.02253058,0.99552821
fashion_mnist,random_unitary,42,621,0.81597053,0.08253249,1.01932526
fashion_mnist,random_unitary,42,622,0.83129688,0.02862418,1.01073315
fashion_mnist,random_unitary,42,623,0.83264957,0.00478748,1.00795318
fashion_mnist,random_unitary,42,624,0.82208912,0.09158646,0.99200267
fashion_mnist,random_unitary,42,625,0.82655965,0.07966307,1.02340447
fashion_mnist,random_unitary,42,626,0.82852829,0.08707639,1.01615303
fashion_mnist,random_unitary,42,627,0.82860818,0.02497464,0.98151408
fashion_mnist,random_unitary,42,628,0.81764029,0.01707918,0.99889362
fashion_mnist,random_unitary,42,629,0.82399861,0.036258,1.01819278
fashion_mnist,random_unitary,42,630,0.82189029,0.04311301,1.00412842
fashion_mnist,random_unitary,42,631,0.82216958,0.00916767,0.99941945
fashion_mnist,random_unitary,42,632,0.82012431,0.04863667,1.01233844
fashion_mnist,random_unitary,42,633,0.82252943,0.10620373,1.01419145
fashion_mnist,random_unitary,42,634,0.83118989,0.06970175,0.99770463
fashion_mnist,random_unitary,42,635,0.82534224,0.02555917,1.00584631
fashion_mnist,random_unitary,42,636,0.83030106,0.00845283,0.98998231
fashion_mnist,random_unitary,42,637,0.8215017,0.0432057,0.99269886
fashion_mnist,random_unitary,42,638,0.83025143,0.00733563,0.9928351
fashion_mnist,random_unitary,42,639,0.82759992,0.06977143,1.020313
fashion_mnist,random_unitary,42,640,0.81257334,0.03304407,1.00620345
fashion_mnist,random_unitary,42,641,0.82471178,0.01462758,0.99699216
fashion_mnist,random_unitary,42,642,0.83776959,0.10578673,1.02408413
fashion_mnist,random_unitary,42,643,0.82265361,0.00153679,0.99202385
fashion_mnist,random_unitary,42,644,0.8308826,0.01723054,0.98784148
fashion_mnist,random_unitary,42,645,0.8315061,0.00692413,0.98988896
fashion_mnist,random_unitary,42,646,0.83698991,0.06615085,1.02940291
fashion_mnist,random_unitary,42,647,0.83780596,0.0207731,1.01071946
fashion_mnist,random_unitary,42,648,0.81858814,0.02796403,0.99038439
fashion_mnist,random_unitary,42,649,0.81628239,0.02862343,0.98831192
fashion_mnist,random_unitary,42,650,0.82069425,0.01414373,1.00081592
fashion_mnist,random_unitary,42,651,0.82646752,0.02962096,0.98411905
fashion_mnist,random_unitary,42,652,0.81638086,0.00810041,0.99085481
fashion_mnist,random_unitary,42,653,0.8288003,0.03273917,0.99320997
fashion_mnist,random_unitary,42,654,0.83365549,0.04868168,1.0055996
fashion_mnist,random_unitary,42,655,0.82175568,0.03937905,0.99176244
fashion_mnist,random_unitary,42,656,0.82444396,0.03915185,0.97716662
fashion_mnist,random_unitary,42,657,0.81998305,0.03916496,1.0168013
fashion_mnist,random_unitary,42,658,0.82216037,0.01656092,1.00157602
fashion_mnist,random_unitary,42,659,0.8330146,0.00162176,1.01120353
fashion_mnist,random_unitary,42,660,0.82116326,0.01796355,1.0135489
fashion_mnist,random_unitary,42,661,0.82502974,0.00754442,0.98680297
fashion_mnist,random_unitary,42,662,0.8260036,0.05585036,1.03478478
fashion_mnist,random_unitary,42,663,0.81361707,0.0387624,1.001294
fashion_mnist,random_unitary,42,664,0.830748,0.01783618,0.97730747
fashion_mnist,random_unitary,42,665,0.81922724,0.05249501,0.99636255
fashion_mnist,random_unitary,42,666,0.82880286,0.03075848,0.97246843
fashion_mnist,random_unitary,42,667,0.82284042,0.02040004,0.99515582
fashion_mnist,random_unitary,42,668,0.82441257,0.01595756,0.97915931
fashion_mnist,random_unitary,42,669,0.81791565,0.00735641,0.98264581
fashion_mnist,random_unitary,42,670,0.82464252,0.03685716,0.98325299
fashion_mnist,random_unitary,42,671,0.80247127,0.01867673,1.01623244
fashion_mnist,random_unitary,42,672,0.817625,0.03534674,1.00322786
fashion_mnist,random_unitary,42,673,0.82786943,0.03940837,1.02144057
fashion_mnist,random_unitary,42,674,0.82181881,0.0021618,1.0114238
fashion_mnist,random_unitary,42,675,0.81307751,0.08980646,0.9801023
fashion_mnist,random_unitary,42,676,0.82323539,0.02042216,1.0007049
fashion_mnist,random_unitary,42,677,0.82396366,0.06673682,1.02360226
fashion_mnist,random_unitary,42,678,0.82555763,0.01105809,1.00802319
fashion_mnist,random_unitary,42,679,0.81457766,0.05345496,1.01266616
fashion_mnist,random_unitary,42,680,0.82444798,0.03093723,1.01303571
fashion_mnist,random_unitary,42,681,0.82080181,0.11968591,0.99304379
fashion_mnist,random_unitary,42,682,0.82243848,0.03353548,0.98129541
fashion_mnist,random_unitary,42,683,0.8227489,0.05075343,0.99608094
fashion_mnist,random_unitary,42,684,0.82677617,0.01060671,1.01062269
fashion_mnist,random_unitary,42,685,0.83440924,0.05784434,1.02791751
fashion_mnist,random_unitary,42,686,0.82438002,0.06517686,1.00536129
fashion_mnist,random_unitary,42,687,0.82654849,0.04449043,0.97795269
fashion_mnist,random_unitary,42,688,0.82122823,0.06352448,1.02757625
fashion_mnist,random_unitary,42,689,0.82516516,0.02539115,0.98145004
fashion_mnist,random_unitary,42,690,0.82223754,0.02655994,0.97245312
fashion_mnist,random_unitary,42,691,0.8186471,0.09453371,0.98308846
fashion_mnist,random_unitary,42,692,0.83499601,0.03956281,1.00368598
fashion_mnist,random_unitary,42,693,0.83011374,0.0732721,0.97691132
fashion_mnist,random_unitary,42,694,0.81470523,0.14864831,1.02315009
fashion_mnist,random_unitary,42,695,0.82559258,0.01195678,1.00464447
fashion_mnist,random_unitary,42,696,0.81759876,0.03817352,0.98834811
fashion_mnist,random_unitary,42,697,0.82598806,0.13236601,1.01469153
fashion_mnist,random_unitary,42,698,0.81898539,0.05138905,0.97504406
fashion_mnist,random_unitary,42,699,0.81258535,0.05634284,0.98288764
fashion_mnist,random_unitary,42,700,0.83282894,0.01552345,1.01352003
fashion_mnist,random_unitary,42,701,0.81806776,0.00535469,1.01655402
fashion_mnist,random_unitary,42,702,0.82913421,0.01001865,0.97352388
fashion_mnist,random_unitary,42,703,0.8331938,0.00434597,1.00112844
fashion_mnist,random_unitary,42,704,0.81798438,0.04818487,0.98830323
fashion_mnist,random_unitary,42,705,0.82150618,0.05204648,1.00153206
fashion_mnist,random_unitary,42,706,0.82048719,0.00671767,1.00539967
fashion_mnist,random_unitary,42,707,0.82090077,0.05453632,1.01869513
fashion_mnist,random_unitary,42,708,0.83294878,0.03303658,1.00100733
fashion_mnist,random_unitary,42,709,0.81819965,0.00380581,1.02182247
fashion_mnist,random_unitary,42,710,0.83104311,0.03273709,1.01200197
fashion_mnist,random_unitary,42,711,0.82092832,0.03255402,0.99926479
fashion_mnist,random_unitary,42,712,0.81444982,0.0853622,1.01800843
fashion_mnist,random_unitary,42,713,0.82585291,0.00455697,1.0115712
fashion_mnist,random_unitary,42,714,0.82084932,0.03767997,1.02361148
fashion_mnist,random_unitary,42,715,0.82516968,0.0056353,1.00650785
fashion_mnist,random_unitary,42,716,0.82294397,0.02623586,0.99076792
fashion_mnist,random_unitary,42,717,0.81603762,0.00246048,1.0100487
fashion_mnist,random_unitary,42,718,0.8305115,0.02294042,1.01380513
fashion_mnist,random_unitary,42,719,0.81894938,0.03516294,0.98356988
fashion_mnist,random_unitary,42,720,0.82412618,0.00206464,1.00092288
fashion_mnist,random_unitary,42,721,0.8195843,0.01502466,1.01381284
fashion_mnist,random_unitary,42,722,0.83494439,0.02952973,1.01746827
fashion_mnist,random_unitary,42,723,0.82152402,0.05025961,0.9920088
fashion_mnist,random_unitary,42,724,0.82374724,0.01742009,0.99698719
fashion_mnist,random_unitary,42,725,0.82504864,0.0114022,0.99237282
fashion_mnist,random_unitary,42,726,0.82298835,0.01633706,0.9694068
fashion_mnist,random_unitary,42,727,0.82862267,0.01478608,1.01707998
fashion_mnist,random_unitary,42,728,0.82522543,0.01096206,1.00666213
fashion_mnist,random_unitary,42,729,0.82912653,0.00652561,1.00956101
fashion_mnist,random_unitary,42,730,0.81950367,0.0905034,0.9886616
fashion_mnist,random_unitary,42,731,0.82185094,0.01688309,1.00717925
fashion_mnist,random_unitary,42,732,0.82482518,0.06128102,0.96348528
fashion_mnist,random_unitary,42,733,0.8237353,0.09852827,0.99529951
fashion_mnist,random_unitary,42,734,0.83014782,0.04833461,1.00187146
fashion_mnist,random_unitary,42,735,0.82250258,0.04437506,1.02243423
fashion_mnist,random_unitary,42,736,0.82307885,0.02939326,1.00269951
fashion_mnist,random_unitary,42,737,0.81997035,0.0414607,1.0126209
fashion_mnist,random_unitary,42,738,0.82687653,0.00765637,0.98089927
fashion_mnist,random_unitary,42,739,0.82529605,0.04482409,1.02728463
fashion_mnist,random_unitary,42,740,0.82419036,0.02699269,0.98327296
fashion_mnist,random_unitary,42,741,0.81831543,0.02650949,1.00770225
fashion_mnist,random_unitary,42,742,0.8302116,0.04027156,0.9792926
fashion_mnist,random_unitary,42,743,0.82887641,0.01458063,1.00335704
fashion_mnist,random_unitary,42,744,0.81604249,0.04606251,0.99461351
fashion_mnist,random_unitary,42,745,0.8247882,0.04431707,1.0022253
fashion_mnist,random_unitary,42,746,0.81772495,0.0492416,1.00287512
fashion_mnist,random_unitary,42,747,0.82103042,0.08456901,1.00577814
fashion_mnist,random_unitary,42,748,0.8238393,0.03259506,0.98597418
fashion_mnist,random_unitary,42,749,0.82414816,0.0426811,0.97321004
fashion_mnist,random_unitary,42,750,0.82258566,0.05516194,0.99632005
fashion_mnist,random_unitary,42,751,0.81800285,0.03620856,1.01090258
fashion_mnist,random_unitary,42,752,0.82595529,0.09871568,0.99598466
fashion_mnist,random_unitary,42,753,0.8252425,0.039538,1.00499281
fashion_mnist,random_unitary,42,754,0.81483004,0.05174812,0.98977857
fashion_mnist,random_unitary,42,755,0.82020045,0.00926853,0.98616729
fashion_mnist,random_unitary,42,756,0.82068992,0.02941898,0.98990745
fashion_mnist,random_unitary,42,757,0.81795194,0.06048626,0.99843901
fashion_mnist,random_unitary,42,758,0.82452899,0.04115612,0.98338131
fashion_mnist,random_unitary,42,759,0.8219107,0.07445621,1.00019245
fashion_mnist,random_unitary,42,760,0.82370493,0.10894529,1.01093204
fashion_mnist,random_unitary,42,761,0.81806992,0.01254664,0.99055
fashion_mnist,random_unitary,42,762,0.82214699,0.02614225,1.00127927
fashion_mnist,random_unitary,42,763,0.82427962,0.01290023,1.0009577
fashion_mnist,random_unitary,42,764,0.82202157,0.02535382,0.98858985
fashion_mnist,random_unitary,42,765,0.82028759,0.06498813,1.01939293
fashion_mnist,random_unitary,42,766,0.81420891,0.00396492,0.98389539
fashion_mnist,random_unitary,42,767,0.82102541,0.0538838,0.99268927
fashion_mnist,random_unitary,42,768,0.82609562,0.09355028,1.0098259
fashion_mnist,random_unitary,42,769,0.82288042,0.00628922,0.97694909
fashion_mnist,random_unitary,42,770,0.81843211,0.01836834,1.01028345
fashion_mnist,random_unitary,42,771,0.81582853,0.06613338,0.99180165
fashion_mnist,random_unitary,42,772,0.82364076,0.06936212,0.99782272
fashion_mnist,random_unitary,42,773,0.82437846,0.05633087,1.00860384
fashion_mnist,random_unitary,42,774,0.82657487,0.00086578,1.01753368
fashion_mnist,random_unitary,42,775,0.81477412,0.0404028,0.98372072
fashion_mnist,random_unitary,42,776,0.8265959,0.07869751,0.99580133
fashion_mnist,random_unitary,42,777,0.82417858,0.06215658,0.98956829
fashion_mnist,random_unitary,42,778,0.81216925,0.02240389,1.02497424
fashion_mnist,random_unitary,42,779,0.82765138,0.042036,0.99310726
fashion_mnist,random_unitary,42,780,0.83344154,0.0753587,1.0052779
fashion_mnist,random_unitary,42,781,0.81015235,0.02670177,0.99420368
fashion_mnist,random_unitary,42,782,0.80855319,0.02895117,0.99307213
fashion_mnist,random_unitary,42,783,0.82403869,0.02247116,1.00984431
fashion_mnist,random_unitary,42,784,0.82540804,0.0363265,0.99516895
fashion_mnist,random_unitary,42,785,0.81840732,0.03234427,1.03059153
fashion_mnist,random_unitary,42,786,0.82747437,0.00884735,0.99995277
fashion_mnist,random_unitary,42,787,0.82633129,0.03055879,1.01538784
fashion_mnist,random_unitary,42,788,0.81154336,0.0913689,1.01208708
fashion_mnist,random_unitary,42,789,0.82105325,0.02402629,1.00465627
fashion_mnist,random_unitary,42,790,0.83345909,0.03298806,0.99151729
fashion_mnist,random_unitary,42,791,0.82502085,0.09243934,1.00284264
fashion_mnist,random_unitary,42,792,0.83179592,0.02165477,0.97593869
fashion_mnist,random_unitary,42,793,0.83285066,0.05996514,0.97778576
fashion_mnist,random_unitary,42,794,0.82295036,0.067035,0.98888914
fashion_mnist,random_unitary,42,795,0.82399721,0.01578029,0.98100501
fashion_mnist,random_unitary,42,796,0.81915643,0.05035832,0.98816373
fashion_mnist,random_unitary,42,797,0.8167276,0.05640465,0.99982603
fashion_mnist,random_unitary,42,798,0.83687255,0.02540052,0.98512667
fashion_mnist,random_unitary,42,799,0.81806524,0.00901245,0.96477046
fashion_mnist,random_unitary,42,800,0.81960531,0.0233693,1.0146761
fashion_mnist,random_unitary,42,801,0.82211616,0.01080704,1.00844851
fashion_mnist,random_unitary,42,802,0.82086845,0.04995398,0.97866658
fashion_mnist,random_unitary,42,803,0.82378528,0.02397455,1.00199678
fashion_mnist,random_unitary,42,804,0.83521871,0.00887514,1.00769798
fashion_mnist,random_unitary,42,805,0.81793839,0.02504791,0.97409039
fashion_mnist,random_unitary,42,806,0.81857283,0.10295706,0.98453557
fashion_mnist,random_unitary,42,807,0.82290412,0.06601272,0.96928542
fashion_mnist,random_unitary,42,808,0.82385835,0.01081372,1.0110526
fashion_mnist,random_unitary,42,809,0.82644653,0.03373312,1.0188131
fashion_mnist,random_unitary,42,810,0.81696629,0.04954927,1.012032
fashion_mnist,random_unitary,42,811,0.82010164,0.07699682,0.996257
fashion_mnist,random_unitary,42,812,0.81182291,0.06938769,0.98259377
fashion_mnist,random_unitary,42,813,0.82799092,0.0019106,0.98840703
fashion_mnist,random_unitary,42,814,0.81945368,0.01767132,1.00180081
fashion_mnist,random_unitary,42,815,0.82636321,0.01272946,0.98372786
fashion_mnist,random_unitary,42,816,0.82672801,0.01874874,1.03816453
fashion_mnist,random_unitary,42,817,0.82145336,0.05241673,0.98259807
fashion_mnist,random_unitary,42,818,0.81500131,0.01736721,1.01700974
fashion_mnist,random_unitary,42,819,0.82788939,0.02146188,0.99422556
fashion_mnist,random_unitary,42,820,0.8260033,0.01072365,1.01544863
fashion_mnist,random_unitary,42,821,0.82066044,0.07428071,1.01227038
fashion_mnist,random_unitary,42,822,0.82706381,0.00857181,1.01147781
fashion_mnist,random_unitary,42,823,0.82529152,0.00271483,0.97971821
fashion_mnist,random_unitary,42,824,0.81832554,0.02607031,1.01374193
fashion_mnist,random_unitary,42,825,0.81325601,0.00910285,1.00035481
fashion_mnist,random_unitary,42,826,0.80646474,0.00514481,0.99511484
fashion_mnist,random_unitary,42,827,0.84020449,0.03377001,0.98508171
fashion_mnist,random_unitary,42,828,0.82701501,0.03211989,0.99100848
fashion_mnist,random_unitary,42,829,0.82046555,0.04992384,0.98070475
fashion_mnist,random_unitary,42,830,0.8199555,0.05214851,0.99353993
fashion_mnist,random_unitary,42,831,0.83253846,0.11127053,1.00246638
fashion_mnist,random_unitary,42,832,0.82440258,0.09508708,1.00089248
fashion_mnist,random_unitary,42,833,0.81047012,0.0525013,0.96512455
fashion_mnist,random_unitary,42,834,0.81550439,0.04043803,0.99979628
fashion_mnist,random_unitary,42,835,0.82822193,0.01142707,1.01390246
fashion_mnist,random_unitary,42,836,0.82016326,0.05581822,1.00831079
fashion_mnist,random_unitary,42,837,0.81600319,0.07672862,1.01341254
fashion_mnist,random_unitary,42,838,0.82282327,0.07139392,1.00336471
fashion_mnist,random_unitary,42,839,0.81624208,0.02239425,1.01404016
fashion_mnist,random_unitary,42,840,0.81789521,0.00520889,1.00570356
fashion_mnist,random_unitary,42,841,0.81653653,0.09720522,0.9961842
fashion_mnist,random_unitary,42,842,0.82739417,0.11657306,0.98615549
fashion_mnist,random_unitary,42,843,0.81968725,0.08198011,1.01443328
fashion_mnist,random_unitary,42,844,0.82489594,0.02116368,1.01849118
fashion_mnist,random_unitary,42,845,0.82617305,0.05327318,0.97982718
fashion_mnist,random_unitary,42,846,0.81579491,0.00583839,0.98766152
fashion_mnist,random_unitary,42,847,0.81861859,0.03627759,0.99729082
fashion_mnist,random_unitary,42,848,0.82666979,0.03735329,0.99072687
fashion_mnist,random_unitary,42,849,0.8265749,0.00969002,0.97095495
fashion_mnist,random_unitary,42,850,0.82924311,0.03942522,0.99886615
fashion_mnist,random_unitary,42,851,0.81555783,0.02533626,1.00440254
fashion_mnist,random_unitary,42,852,0.8227544,0.00548697,1.00071164
fashion_mnist,random_unitary,42,853,0.81245925,0.05780699,0.98576666
fashion_mnist,random_unitary,42,854,0.82315455,0.06726561,0.98955077
fashion_mnist,random_unitary,42,855,0.81741573,0.00212143,1.00133122
fashion_mnist,random_unitary,42,856,0.82583952,0.05359822,0.97774798
fashion_mnist,random_unitary,42,857,0.81708397,0.00441748,0.99854874
fashion_mnist,random_unitary,42,858,0.81756119,0.01350697,1.0052372
fashion_mnist,random_unitary,42,859,0.82965856,0.03747641,1.01386813
fashion_mnist,random_unitary,42,860,0.82431216,0.02158753,1.01610692
fashion_mnist,random_unitary,42,861,0.8265106,0.02905134,1.00146992
fashion_mnist,random_unitary,42,862,0.83105917,0.06081196,1.01711656
fashion_mnist,random_unitary,42,863,0.81858839,0.0280867,1.00120219
fashion_mnist,random_unitary,42,864,0.82269801,0.01422774,0.97080923
fashion_mnist,random_unitary,42,865,0.8192211,0.08131905,1.00737711
fashion_mnist,random_unitary,42,866,0.8292462,0.01343314,1.02244669
fashion_mnist,random_unitary,42,867,0.82636689,0.06029599,1.02770482
fashion_mnist,random_unitary,42,868,0.82206977,0.02665461,1.01886769
fashion_mnist,random_unitary,42,869,0.82628141,0.10567711,1.00985819
fashion_mnist,random_unitary,42,870,0.82259767,0.07232874,0.99925224
fashion_mnist,random_unitary,42,871,0.82497853,0.02966483,1.00071177
fashion_mnist,random_unitary,42,872,0.81969764,0.03975251,1.0115534
fashion_mnist,random_unitary,42,873,0.83354635,0.08071237,0.99959908
fashion_mnist,random_unitary,42,874,0.82320459,0.03252699,1.0036727
fashion_mnist,random_unitary,42,875,0.81711589,0.02502674,1.00155869
fashion_mnist,random_unitary,42,876,0.81573124,0.00882874,1.02364345
fashion_mnist,random_unitary,42,877,0.81717495,0.13231368,1.00152854
fashion_mnist,random_unitary,42,878,0.82858462,0.0026738,1.00623876
fashion_mnist,random_unitary,42,879,0.81159756,0.04785041,0.988609
fashion_mnist,random_unitary,42,880,0.81955844,0.0313323,0.97178077
fashion_mnist,random_unitary,42,881,0.81919306,0.01906161,0.99598129
fashion_mnist,random_unitary,42,882,0.82862521,0.01254242,1.00801623
fashion_mnist,random_unitary,42,883,0.82427266,0.03139957,1.0143138
fashion_mnist,random_unitary,42,884,0.82657864,0.06371928,1.00501061
fashion_mnist,random_unitary,42,885,0.82169009,0.04095207,1.01025869
fashion_mnist,random_unitary,42,886,0.82530694,0.03906962,1.01379671
fashion_mnist,random_unitary,42,887,0.82347242,0.03843648,1.01997538
fashion_mnist,random_unitary,42,888,0.82494464,0.00548489,0.98602362
fashion_mnist,random_unitary,42,889,0.81134243,0.07526685,0.97721431
fashion_mnist,random_unitary,42,890,0.83049407,0.06693014,0.98857824
fashion_mnist,random_unitary,42,891,0.82616773,0.03307418,0.9998065
fashion_mnist,random_unitary,42,892,0.82311347,0.00165985,1.00011836
fashion_mnist,random_unitary,42,893,0.81701377,0.03273826,0.99940199
fashion_mnist,random_unitary,42,894,0.82364646,0.00515239,0.99379306
fashion_mnist,random_unitary,42,895,0.82950831,0.03429081,1.01954914
fashion_mnist,random_unitary,42,896,0.81938483,0.03458985,0.98255321
fashion_mnist,random_unitary,42,897,0.8244639,0.05885202,1.01863727
fashion_mnist,random_unitary,42,898,0.82611006,0.07605035,0.9931846
fashion_mnist,random_unitary,42,899,0.83325117,0.01139957,0.99181534
fashion_mnist,random_unitary,42,900,0.82122459,0.01128161,0.99922745
fashion_mnist,random_unitary,42,901,0.82320182,0.04056558,1.03321846
fashion_mnist,random_unitary,42,902,0.824004,0.03494098,1.00126355
fashion_mnist,random_unitary,42,903,0.81589712,0.0428421,1.00094714
fashion_mnist,random_unitary,42,904,0.81635892,0.06670572,0.98254345
fashion_mnist,random_unitary,42,905,0.83039997,0.0474897,1.00324643
fashion_mnist,random_unitary,42,906,0.81552826,0.08708966,1.00900758
fashion_mnist,random_unitary,42,907,0.82488736,0.02066863,1.01650204
fashion_mnist,random_unitary,42,908,0.8296529,0.02306544,1.01229519
fashion_mnist,random_unitary,42,909,0.82163894,0.00491323,0.96088482
fashion_mnist,random_unitary,42,910,0.81966069,0.08424379,0.98522412
fashion_mnist,random_unitary,42,911,0.80923435,0.0988819,1.01734853
fashion_mnist,random_unitary,42,912,0.82619792,0.02527548,0.99173795
fashion_mnist,random_unitary,42,913,0.81977376,0.01389901,1.01803404
fashion_mnist,random_unitary,42,914,0.81995767,0.01019354,1.01027435
fashion_mnist,random_unitary,42,915,0.82548577,0.05077356,1.00845834
fashion_mnist,random_unitary,42,916,0.80763456,0.03033564,0.99826403
fashion_mnist,random_unitary,42,917,0.82486582,0.05184665,0.98069601
fashion_mnist,random_unitary,42,918,0.82317812,0.04111797,0.99837632
fashion_mnist,random_unitary,42,919,0.82053599,0.01515248,0.99005378
fashion_mnist,random_unitary,42,920,0.81522228,0.07909467,0.99948882
fashion_mnist,random_unitary,42,921,0.82117989,0.00142184,0.98055348
fashion_mnist,random_unitary,42,922,0.82103392,0.0045362,0.99757908
fashion_mnist,random_unitary,42,923,0.81940461,0.1153528,1.01363664
fashion_mnist,random_unitary,42,924,0.81628708,0.14996105,0.98893146
fashion_mnist,random_unitary,42,925,0.82155127,0.03379165,0.96617307
fashion_mnist,random_unitary,42,926,0.81905413,0.01447993,1.01175368
fashion_mnist,random_unitary,42,927,0.81512699,0.10965163,1.00886984
fashion_mnist,random_unitary,42,928,0.80725391,0.01795807,0.99885929
fashion_mnist,random_unitary,42,929,0.82138411,0.02847775,1.0152183
fashion_mnist,random_unitary,42,930,0.82138168,0.01786731,0.97622722
fashion_mnist,random_unitary,42,931,0.82564911,0.01804277,0.98644832
fashion_mnist,random_unitary,42,932,0.82453142,0.04334827,1.0095453
fashion_mnist,random_unitary,42,933,0.82238197,0.02270352,1.0004837
fashion_mnist,random_unitary,42,934,0.81865469,0.00276876,1.00187584
fashion_mnist,random_unitary,42,935,0.82547544,0.02308413,1.00059519
fashion_mnist,random_unitary,42,936,0.81994584,0.00992834,0.99430632
fashion_mnist,random_unitary,42,937,0.819817,0.07293556,0.99630732
fashion_mnist,random_unitary,42,938,0.82396728,0.06565599,0.99160307
fashion_mnist,random_unitary,42,939,0.83210603,0.00065852,1.00154215
fashion_mnist,random_unitary,42,940,0.8265943,0.01928928,0.98832023
fashion_mnist,random_unitary,42,941,0.82553556,0.06602325,1.01563255
fashion_mnist,random_unitary,42,942,0.82731333,0.05881081,0.99745767
fashion_mnist,random_unitary,42,943,0.82334064,0.03132958,1.00290457
fashion_mnist,random_unitary,42,944,0.823382,0.07214758,1.00897829
fashion_mnist,random_unitary,42,945,0.82186453,0.0395419,1.01479491
fashion_mnist,random_unitary,42,946,0.81740391,0.00869539,0.98954745
fashion_mnist,random_unitary,42,947,0.82736056,0.03751626,1.00308549
fashion_mnist,random_unitary,42,948,0.82171998,0.07332182,1.01078758
fashion_mnist,random_unitary,42,949,0.81603303,0.01255963,1.00843158
fashion_mnist,random_unitary,42,950,0.82044184,0.00749114,1.00664155
fashion_mnist,random_unitary,42,951,0.82238462,0.0285116,1.0252103
fashion_mnist,random_unitary,42,952,0.83162008,0.06439628,0.99916768
fashion_mnist,random_unitary,42,953,0.81786078,0.01294025,1.00512392
fashion_mnist,random_unitary,42,954,0.81510779,0.03536612,0.98440855
fashion_mnist,random_unitary,42,955,0.82198242,0.01928065,0.96278223
fashion_mnist,random_unitary,42,956,0.81441301,0.04385038,1.00472147
fashion_mnist,random_unitary,42,957,0.820518,0.00218074,1.01095443
fashion_mnist,random_unitary,42,958,0.82117755,0.00662913,0.99506478
fashion_mnist,random_unitary,42,959,0.82916468,0.09281634,0.9837932
fashion_mnist,random_unitary,42,960,0.81439035,0.02232793,0.98405562
fashion_mnist,random_unitary,42,961,0.81594326,0.00349035,0.99024307
fashion_mnist,random_unitary,42,962,0.8267548,0.04200959,0.9893432
fashion_mnist,random_unitary,42,963,0.82719148,0.09165732,1.01162305
fashion_mnist,random_unitary,42,964,0.82461171,0.0524072,1.0182266
fashion_mnist,random_unitary,42,965,0.82483195,0.03021515,0.96980061
fashion_mnist,random_unitary,42,966,0.82148373,0.02248885,1.00690636
fashion_mnist,random_unitary,42,967,0.82695279,0.02608718,0.99816508
fashion_mnist,random_unitary,42,968,0.81824915,0.03646291,1.01781467
fashion_mnist,random_unitary,42,969,0.82128518,0.02000294,1.00891561
fashion_mnist,random_unitary,42,970,0.82542943,0.03989413,1.02650929
fashion_mnist,random_unitary,42,971,0.8308553,0.01363885,1.02076758
fashion_mnist,random_unitary,42,972,0.81751236,0.00557245,0.97515172
fashion_mnist,random_unitary,42,973,0.81992078,0.06035885,0.99168168
fashion_mnist,random_unitary,42,974,0.8308288,0.02455271,1.00297226
fashion_mnist,random_unitary,42,975,0.82172321,0.01322685,1.00122676
fashion_mnist,random_unitary,42,976,0.8262532,0.01616664,0.98288731
fashion_mnist,random_unitary,42,977,0.83088206,0.02439506,0.99857955
fashion_mnist,random_unitary,42,978,0.82330793,0.0612118,1.00530151
fashion_mnist,random_unitary,42,979,0.81386835,0.00173897,1.01152399
fashion_mnist,random_unitary,42,980,0.8141759,0.03161717,0.98744652
fashion_mnist,random_unitary,42,981,0.81931299,0.01887396,0.97132511
fashion_mnist,random_unitary,42,982,0.81755053,0.03140217,0.97667416
fashion_mnist,random_unitary,42,983,0.83238143,0.04724292,0.99012452
fashion_mnist,random_unitary,42,984,0.82882873,0.0661858,0.96767679
fashion_mnist,random_unitary,42,985,0.83029903,0.04398196,1.00467206
fashion_mnist,random_unitary,42,986,0.81222819,0.04407455,1.02654017
fashion_mnist,random_unitary,42,987,0.82253455,0.03486007,0.98602707
fashion_mnist,random_unitary,42,988,0.82144253,0.02510377,0.98542709
fashion_mnist,random_unitary,42,989,0.82655764,0.04991425,0.99004019
fashion_mnist,random_unitary,42,990,0.82847147,0.07049958,1.01701571
fashion_mnist,random_unitary,42,991,0.82075847,0.02796559,0.99337417
fashion_mnist,random_unitary,42,992,0.8226138,0.00336892,0.98998176
fashion_mnist,random_unitary,42,993,0.82634093,0.04112764,0.99515086
fashion_mnist,random_unitary,42,994,0.82477487,0.1322409,0.99844508
fashion_mnist,random_unitary,42,995,0.80991585,0.00317356,0.98424836
fashion_mnist,random_unitary,42,996,0.82479259,0.07427054,1.01533674
fashion_mnist,random_unitary,42,997,0.8273407,0.04575844,1.01619905
fashion_mnist,random_unitary,42,998,0.82066435,0.0297655,1.00229253
fashion_mnist,random_unitary,42,999,0.82245164,0.1247628,0.997956
fashion_mnist,random_unitary,123,0,0.81457726,0.00566152,1.01508502
fashion_mnist,random_unitary,123,1,0.82004196,0.01752763,0.98624938
fashion_mnist,random_unitary,123,2,0.81303133,0.00354381,1.01862732
fashion_mnist,random_unitary,123,3,0.82750881,0.03468601,0.99042149
fashion_mnist,random_unitary,123,4,0.8256569,0.04562211,0.97290276
fashion_mnist,random_unitary,123,5,0.81671529,0.00168419,1.01479877
fashion_mnist,random_unitary,123,6,0.8164924,0.07379852,0.99556815
fashion_mnist,random_unitary,123,7,0.82177035,0.06522801,1.01192385
fashion_mnist,random_unitary,123,8,0.8147406,0.03175178,1.0069184
fashion_mnist,random_unitary,123,9,0.8175454,0.0046074,0.98826741
fashion_mnist,random_unitary,123,10,0.82535974,0.0468128,1.01579691
fashion_mnist,random_unitary,123,11,0.82705058,0.01807166,1.04324665
fashion_mnist,random_unitary,123,12,0.82043977,0.07724099,0.99771428
fashion_mnist,random_unitary,123,13,0.82867091,0.01042116,0.9852763
fashion_mnist,random_unitary,123,14,0.82683319,0.03129767,0.99380752
fashion_mnist,random_unitary,123,15,0.82427052,0.00139826,1.01891699
fashion_mnist,random_unitary,123,16,0.81910307,0.07272203,0.99998495
fashion_mnist,random_unitary,123,17,0.82601002,0.02046812,0.98377852
fashion_mnist,random_unitary,123,18,0.81747772,0.00241301,0.97579339
fashion_mnist,random_unitary,123,19,0.82052965,0.09394622,1.00379121
fashion_mnist,random_unitary,123,20,0.82123929,0.04592135,1.00495939
fashion_mnist,random_unitary,123,21,0.81514408,0.07057927,1.01026145
fashion_mnist,random_unitary,123,22,0.82839272,0.039327,0.99707698
fashion_mnist,random_unitary,123,23,0.81995871,0.05844476,0.99183966
fashion_mnist,random_unitary,123,24,0.82988652,0.01999072,1.00523506
fashion_mnist,random_unitary,123,25,0.82717054,0.02136691,1.02560386
fashion_mnist,random_unitary,123,26,0.82565929,0.07379225,0.99039284
fashion_mnist,random_unitary,123,27,0.83001525,0.00866318,0.98344499
fashion_mnist,random_unitary,123,28,0.82425477,0.06180681,0.9672292
fashion_mnist,random_unitary,123,29,0.81352636,0.01370019,1.01033053
fashion_mnist,random_unitary,123,30,0.82798177,0.02329461,0.98594386
fashion_mnist,random_unitary,123,31,0.82317528,0.06617132,0.99232668
fashion_mnist,random_unitary,123,32,0.81494086,0.0390435,0.99292335
fashion_mnist,random_unitary,123,33,0.82637671,0.04824539,0.9878204
fashion_mnist,random_unitary,123,34,0.82279287,0.01968254,0.99089364
fashion_mnist,random_unitary,123,35,0.82281527,0.01678423,1.01492708
fashion_mnist,random_unitary,123,36,0.82306505,0.04986092,0.99345835
fashion_mnist,random_unitary,123,37,0.81353572,0.00315349,0.99728482
fashion_mnist,random_unitary,123,38,0.8260315,0.08028478,0.99650397
fashion_mnist,random_unitary,123,39,0.82220704,0.03344624,1.00810896
fashion_mnist,random_unitary,123,40,0.83712262,0.07401175,1.00730707
fashion_mnist,random_unitary,123,41,0.82015345,0.04999572,0.98689125
fashion_mnist,random_unitary,123,42,0.81876492,0.11368569,0.99071187
fashion_mnist,random_unitary,123,43,0.8303819,0.08025432,1.01325378
fashion_mnist,random_unitary,123,44,0.82078618,0.06184577,1.00052088
fashion_mnist,random_unitary,123,45,0.83392492,0.04289125,1.03855126
fashion_mnist,random_unitary,123,46,0.82158092,0.05547662,0.97679518
fashion_mnist,random_unitary,123,47,0.82524535,0.07578908,1.03195648
fashion_mnist,random_unitary,123,48,0.81922829,0.08724557,1.02977079
fashion_mnist,random_unitary,123,49,0.8226858,0.04117288,1.02009909
fashion_mnist,random_unitary,123,50,0.82643501,0.01053092,1.00625212
fashion_mnist,random_unitary,123,51,0.81949094,0.06942567,1.01031395
fashion_mnist,random_unitary,123,52,0.82134231,0.04535842,1.00889448
fashion_mnist,random_unitary,123,53,0.81637195,0.03953009,0.99962334
fashion_mnist,random_unitary,123,54,0.81922145,0.04626871,0.98831629
fashion_mnist,random_unitary,123,55,0.82707469,0.08158388,0.9983959
fashion_mnist,random_unitary,123,56,0.81782724,0.03581245,0.97906423
fashion_mnist,random_unitary,123,57,0.83288848,0.05178116,1.00505307
fashion_mnist,random_unitary,123,58,0.81589233,0.07558802,1.01840666
fashion_mnist,random_unitary,123,59,0.82836581,0.0076049,1.00435325
fashion_mnist,random_unitary,123,60,0.82422443,0.05404209,1.00650585
fashion_mnist,random_unitary,123,61,0.81834777,0.06301244,0.98621748
fashion_mnist,random_unitary,123,62,0.83451031,0.02694573,1.01706527
fashion_mnist,random_unitary,123,63,0.82312336,0.09094778,0.99606536
fashion_mnist,random_unitary,123,64,0.83174546,0.07793826,1.02078494
fashion_mnist,random_unitary,123,65,0.83292021,0.03363638,1.00554384
fashion_mnist,random_unitary,123,66,0.83018341,0.04453284,1.02550466
fashion_mnist,random_unitary,123,67,0.82685997,0.10807291,1.00127091
fashion_mnist,random_unitary,123,68,0.83538579,0.09745005,1.02325532
fashion_mnist,random_unitary,123,69,0.82588643,0.06243722,1.02061769
fashion_mnist,random_unitary,123,70,0.82450333,0.02570651,1.0225501
fashion_mnist,random_unitary,123,71,0.82638748,0.00837507,1.00365971
fashion_mnist,random_unitary,123,72,0.82321214,0.01762916,0.99205058
fashion_mnist,random_unitary,123,73,0.82647788,0.03372307,0.99004087
fashion_mnist,random_unitary,123,74,0.81529703,0.13787556,1.00306226
fashion_mnist,random_unitary,123,75,0.8242186,0.04293607,1.0251224
fashion_mnist,random_unitary,123,76,0.82811629,0.06459056,1.0103624
fashion_mnist,random_unitary,123,77,0.82934626,0.03822756,1.004772
fashion_mnist,random_unitary,123,78,0.82898749,0.07685237,0.97624495
fashion_mnist,random_unitary,123,79,0.81509724,0.0937103,1.00403055
fashion_mnist,random_unitary,123,80,0.81703077,0.07377334,1.02023286
fashion_mnist,random_unitary,123,81,0.82286972,0.00512062,1.01177766
fashion_mnist,random_unitary,123,82,0.82440291,0.03545139,1.01401103
fashion_mnist,random_unitary,123,83,0.8341205,0.01905308,1.00493089
fashion_mnist,random_unitary,123,84,0.82364039,0.00637642,1.00666064
fashion_mnist,random_unitary,123,85,0.82380795,0.00540237,0.97865725
fashion_mnist,random_unitary,123,86,0.81145908,0.05351645,1.03906632
fashion_mnist,random_unitary,123,87,0.82362955,0.04409301,0.98793925
fashion_mnist,random_unitary,123,88,0.82143879,0.01071922,1.01672433
fashion_mnist,random_unitary,123,89,0.8322562,0.03714879,1.00164445
fashion_mnist,random_unitary,123,90,0.82672592,0.06716772,1.01254864
fashion_mnist,random_unitary,123,91,0.81703225,0.05118909,0.99804186
fashion_mnist,random_unitary,123,92,0.81743171,0.01014112,0.98115114
fashion_mnist,random_unitary,123,93,0.81202036,0.02777484,1.00586776
fashion_mnist,random_unitary,123,94,0.82260086,0.07968353,1.01878058
fashion_mnist,random_unitary,123,95,0.82251486,0.00029478,1.02081389
fashion_mnist,random_unitary,123,96,0.82550669,0.031496,1.01120004
fashion_mnist,random_unitary,123,97,0.81986453,0.09703947,1.01989822
fashion_mnist,random_unitary,123,98,0.81864897,0.00952195,1.00177044
fashion_mnist,random_unitary,123,99,0.82849679,0.02444978,0.98979268
fashion_mnist,random_unitary,123,100,0.83274036,0.0795482,1.00694159
fashion_mnist,random_unitary,123,101,0.82477913,0.00427122,1.01951026
fashion_mnist,random_unitary,123,102,0.82668175,0.1122807,1.03177045
fashion_mnist,random_unitary,123,103,0.81198437,0.04130724,0.99186255
fashion_mnist,random_unitary,123,104,0.82581114,0.02344625,1.00144192
fashion_mnist,random_unitary,123,105,0.82230995,0.03095945,1.00843036
fashion_mnist,random_unitary,123,106,0.8250545,0.01247727,1.01704058
fashion_mnist,random_unitary,123,107,0.81935961,0.03212448,1.01318129
fashion_mnist,random_unitary,123,108,0.82912317,0.05909534,1.01042466
fashion_mnist,random_unitary,123,109,0.82576977,0.05772218,0.98449368
fashion_mnist,random_unitary,123,110,0.82320524,0.07904568,0.98836047
fashion_mnist,random_unitary,123,111,0.82672932,0.00088498,1.00077558
fashion_mnist,random_unitary,123,112,0.8234561,0.02643298,1.00107265
fashion_mnist,random_unitary,123,113,0.82712372,0.09117001,1.00594945
fashion_mnist,random_unitary,123,114,0.82825294,0.04275516,1.00783023
fashion_mnist,random_unitary,123,115,0.81692569,0.04223221,0.99053265
fashion_mnist,random_unitary,123,116,0.82402146,0.02811119,1.0168885
fashion_mnist,random_unitary,123,117,0.82061831,0.03476658,1.00202465
fashion_mnist,random_unitary,123,118,0.8181689,0.02245074,0.97037997
fashion_mnist,random_unitary,123,119,0.82325872,0.06861577,1.01466876
fashion_mnist,random_unitary,123,120,0.8212337,0.01498217,0.98080213
fashion_mnist,random_unitary,123,121,0.82681068,0.0434737,1.00391549
fashion_mnist,random_unitary,123,122,0.81608458,0.01381488,0.99406518
fashion_mnist,random_unitary,123,123,0.83353979,0.03457011,1.00266931
fashion_mnist,random_unitary,123,124,0.82280041,0.06004315,1.0043962
fashion_mnist,random_unitary,123,125,0.82989167,0.03163649,0.99010016
fashion_mnist,random_unitary,123,126,0.81085559,0.10806396,0.97528677
fashion_mnist,random_unitary,123,127,0.8176385,0.10979616,1.0024756
fashion_mnist,random_unitary,123,128,0.82345094,0.11196725,0.98685238
fashion_mnist,random_unitary,123,129,0.82889758,0.03716224,0.99777153
fashion_mnist,random_unitary,123,130,0.82394919,0.05400544,1.0150398
fashion_mnist,random_unitary,123,131,0.82047721,0.01343987,0.98666024
fashion_mnist,random_unitary,123,132,0.82393383,0.02050989,1.00642645
fashion_mnist,random_unitary,123,133,0.81735522,0.00955534,0.98679085
fashion_mnist,random_unitary,123,134,0.81870379,0.03769468,0.99261429
fashion_mnist,random_unitary,123,135,0.82639139,0.08317791,1.00035292
fashion_mnist,random_unitary,123,136,0.81805323,0.03517643,0.99220592
fashion_mnist,random_unitary,123,137,0.82463894,0.01457968,1.01393713
fashion_mnist,random_unitary,123,138,0.82028179,0.00313671,0.99553823
fashion_mnist,random_unitary,123,139,0.82821224,0.02482112,0.99084325
fashion_mnist,random_unitary,123,140,0.82507075,0.04824379,0.99343453
fashion_mnist,random_unitary,123,141,0.82630625,0.02695866,0.99730371
fashion_mnist,random_unitary,123,142,0.82126507,0.10475122,0.99174356
fashion_mnist,random_unitary,123,143,0.8224497,0.03743592,1.00562576
fashion_mnist,random_unitary,123,144,0.82060388,0.04716127,0.99196462
fashion_mnist,random_unitary,123,145,0.82593658,0.01436755,0.98463318
fashion_mnist,random_unitary,123,146,0.82079995,0.01248944,0.99357232
fashion_mnist,random_unitary,123,147,0.82303553,0.02367156,0.97985487
fashion_mnist,random_unitary,123,148,0.82478134,0.03293686,1.0009126
fashion_mnist,random_unitary,123,149,0.82437374,0.07219989,0.97743283
fashion_mnist,random_unitary,123,150,0.81418197,0.0080274,1.02085282
fashion_mnist,random_unitary,123,151,0.82606087,0.03615776,0.98353146
fashion_mnist,random_unitary,123,152,0.81886514,0.02135216,0.99825059
fashion_mnist,random_unitary,123,153,0.82087302,0.05661969,1.00335553
fashion_mnist,random_unitary,123,154,0.82788949,0.04529318,1.0018816
fashion_mnist,random_unitary,123,155,0.82181378,0.06047832,0.98323726
fashion_mnist,random_unitary,123,156,0.82246757,0.04403686,0.99295026
fashion_mnist,random_unitary,123,157,0.82425328,0.03273615,1.00718683
fashion_mnist,random_unitary,123,158,0.82100359,0.02651862,0.98339791
fashion_mnist,random_unitary,123,159,0.81987033,0.05130045,1.01383247
fashion_mnist,random_unitary,123,160,0.82532082,0.05569516,0.98590738
fashion_mnist,random_unitary,123,161,0.83518322,0.05147197,1.00435621
fashion_mnist,random_unitary,123,162,0.82311399,0.04335751,0.99011591
fashion_mnist,random_unitary,123,163,0.81527011,0.07872459,0.99369875
fashion_mnist,random_unitary,123,164,0.82931473,0.03286915,0.99654894
fashion_mnist,random_unitary,123,165,0.81319647,0.04529253,1.0095923
fashion_mnist,random_unitary,123,166,0.81510603,0.08242566,1.03893114
fashion_mnist,random_unitary,123,167,0.81656874,0.04966109,0.99532969
fashion_mnist,random_unitary,123,168,0.81864313,0.05178667,0.99036278
fashion_mnist,random_unitary,123,169,0.82312216,0.02955351,1.03684233
fashion_mnist,random_unitary,123,170,0.80991697,0.01115336,1.01029463
fashion_mnist,random_unitary,123,171,0.81988469,0.03135393,0.97512885
fashion_mnist,random_unitary,123,172,0.82729952,0.00703187,1.00363952
fashion_mnist,random_unitary,123,173,0.82687265,0.04079253,0.99249364
fashion_mnist,random_unitary,123,174,0.83300012,0.06862051,0.99959747
fashion_mnist,random_unitary,123,175,0.81751818,0.07130641,0.98768287
fashion_mnist,random_unitary,123,176,0.81198288,0.02207803,0.99758584
fashion_mnist,random_unitary,123,177,0.82725194,0.0260835,0.98769996
fashion_mnist,random_unitary,123,178,0.83602165,0.00866184,1.00846511
fashion_mnist,random_unitary,123,179,0.81618472,0.01745705,0.99836768
fashion_mnist,random_unitary,123,180,0.82288832,0.04772238,1.00039183
fashion_mnist,random_unitary,123,181,0.82457439,0.0279939,0.94403897
fashion_mnist,random_unitary,123,182,0.82256,0.05543898,0.99356621
fashion_mnist,random_unitary,123,183,0.82467146,0.0995423,0.98447196
fashion_mnist,random_unitary,123,184,0.83465416,0.08036605,1.00322769
fashion_mnist,random_unitary,123,185,0.82870506,0.01671982,0.98477139
fashion_mnist,random_unitary,123,186,0.82781451,0.04155862,1.00108785
fashion_mnist,random_unitary,123,187,0.82323033,0.0454763,0.98815461
fashion_mnist,random_unitary,123,188,0.82462267,0.01569045,1.02271729
fashion_mnist,random_unitary,123,189,0.8240183,0.02990366,1.02801482
fashion_mnist,random_unitary,123,190,0.81313974,0.05333228,0.96838883
fashion_mnist,random_unitary,123,191,0.82115616,0.05301589,1.01630314
fashion_mnist,random_unitary,123,192,0.8126933,0.09406779,0.9930722
fashion_mnist,random_unitary,123,193,0.82087427,0.0719748,1.03454021
fashion_mnist,random_unitary,123,194,0.81398293,0.04653444,1.01250452
fashion_mnist,random_unitary,123,195,0.82865052,0.02249646,0.98920239
fashion_mnist,random_unitary,123,196,0.82249958,0.01885726,0.99174973
fashion_mnist,random_unitary,123,197,0.82400029,0.08778721,0.99049843
fashion_mnist,random_unitary,123,198,0.82270835,0.08314762,0.9947973
fashion_mnist,random_unitary,123,199,0.81886793,0.0193475,0.97667919
fashion_mnist,random_unitary,123,200,0.83071011,0.01085972,0.98542504
fashion_mnist,random_unitary,123,201,0.83030618,0.04622902,1.00541027
fashion_mnist,random_unitary,123,202,0.81640514,0.05689213,0.99703594
fashion_mnist,random_unitary,123,203,0.81749063,0.00033206,0.97471799
fashion_mnist,random_unitary,123,204,0.82330603,0.03220289,1.00582017
fashion_mnist,random_unitary,123,205,0.8249105,0.03901648,0.99631267
fashion_mnist,random_unitary,123,206,0.8201937,0.00564891,0.98563561
fashion_mnist,random_unitary,123,207,0.81721084,0.02374782,1.00324063
fashion_mnist,random_unitary,123,208,0.82169552,0.07174025,0.98324918
fashion_mnist,random_unitary,123,209,0.82589766,0.056582,0.98646509
fashion_mnist,random_unitary,123,210,0.82549111,0.00495664,0.98908668
fashion_mnist,random_unitary,123,211,0.82265859,0.09987693,0.99127682
fashion_mnist,random_unitary,123,212,0.82415856,0.02185169,0.97100269
fashion_mnist,random_unitary,123,213,0.8240317,0.0472268,1.00758616
fashion_mnist,random_unitary,123,214,0.82172547,0.00372556,1.00572506
fashion_mnist,random_unitary,123,215,0.81202152,0.00367835,1.00325856
fashion_mnist,random_unitary,123,216,0.81249681,0.02059477,0.98478917
fashion_mnist,random_unitary,123,217,0.82058148,0.02275017,1.00296891
fashion_mnist,random_unitary,123,218,0.8139071,0.01036596,1.00322196
fashion_mnist,random_unitary,123,219,0.8155256,0.00145406,1.02640871
fashion_mnist,random_unitary,123,220,0.82484812,0.07691874,0.99324042
fashion_mnist,random_unitary,123,221,0.82676874,0.00429847,1.00989622
fashion_mnist,random_unitary,123,222,0.81823074,0.07929911,0.989903
fashion_mnist,random_unitary,123,223,0.82776768,0.02651362,1.00819211
fashion_mnist,random_unitary,123,224,0.82739223,0.00219477,1.00572086
fashion_mnist,random_unitary,123,225,0.82117631,0.07456321,0.9992321
fashion_mnist,random_unitary,123,226,0.82537536,0.03326377,1.00432887
fashion_mnist,random_unitary,123,227,0.82453522,0.01666904,1.01804919
fashion_mnist,random_unitary,123,228,0.82177214,0.02307321,0.98657723
fashion_mnist,random_unitary,123,229,0.8179865,0.0019828,0.96702579
fashion_mnist,random_unitary,123,230,0.81237979,0.03035408,0.99371421
fashion_mnist,random_unitary,123,231,0.82688731,0.03924935,1.00225251
fashion_mnist,random_unitary,123,232,0.82299645,0.01962989,1.02391549
fashion_mnist,random_unitary,123,233,0.83858435,0.00775295,1.00509769
fashion_mnist,random_unitary,123,234,0.81227446,0.13440575,0.98890257
fashion_mnist,random_unitary,123,235,0.82230002,0.02819204,0.99909699
fashion_mnist,random_unitary,123,236,0.81007648,0.01350274,1.03459972
fashion_mnist,random_unitary,123,237,0.81774979,0.03260831,1.00773398
fashion_mnist,random_unitary,123,238,0.82547166,0.03523491,1.00674402
fashion_mnist,random_unitary,123,239,0.82412042,0.0609606,0.98384684
fashion_mnist,random_unitary,123,240,0.8220983,0.02780799,0.99829906
fashion_mnist,random_unitary,123,241,0.8296797,0.05029649,1.03393923
fashion_mnist,random_unitary,123,242,0.81867542,0.04550679,1.00268719
fashion_mnist,random_unitary,123,243,0.81462696,0.05848283,1.01161619
fashion_mnist,random_unitary,123,244,0.81762282,0.05015669,1.00470774
fashion_mnist,random_unitary,123,245,0.82370811,0.0439633,0.99516324
fashion_mnist,random_unitary,123,246,0.81997802,0.08398893,0.96618969
fashion_mnist,random_unitary,123,247,0.82233205,0.07413444,1.02296639
fashion_mnist,random_unitary,123,248,0.81754334,0.00633125,1.01423707
fashion_mnist,random_unitary,123,249,0.82520285,0.00065291,1.0088406
fashion_mnist,random_unitary,123,250,0.82271508,0.03020109,0.9769165
fashion_mnist,random_unitary,123,251,0.83195562,0.04900653,0.98640947
fashion_mnist,random_unitary,123,252,0.83024366,0.00734571,0.99864217
fashion_mnist,random_unitary,123,253,0.81989764,0.02428741,0.97369035
fashion_mnist,random_unitary,123,254,0.82039231,0.03232304,1.00263088
fashion_mnist,random_unitary,123,255,0.82532281,0.00431754,0.99339425
fashion_mnist,random_unitary,123,256,0.81409319,0.02714405,1.01346207
fashion_mnist,random_unitary,123,257,0.81906568,0.03122127,0.99349028
fashion_mnist,random_unitary,123,258,0.81588644,0.00525751,1.00204702
fashion_mnist,random_unitary,123,259,0.81816905,0.03044367,0.99246909
fashion_mnist,random_unitary,123,260,0.81747558,0.01823869,1.00149927
fashion_mnist,random_unitary,123,261,0.82328645,0.03371318,1.00825984
fashion_mnist,random_unitary,123,262,0.82402005,0.01494671,0.98499888
fashion_mnist,random_unitary,123,263,0.8194109,0.0884744,0.99994412
fashion_mnist,random_unitary,123,264,0.81666031,0.01704718,0.99102907
fashion_mnist,random_unitary,123,265,0.82502106,0.02617714,0.997355
fashion_mnist,random_unitary,123,266,0.82116883,0.03034329,0.98007137
fashion_mnist,random_unitary,123,267,0.82929911,0.03067322,1.03105005
fashion_mnist,random_unitary,123,268,0.82244535,0.02680205,0.98342416
fashion_mnist,random_unitary,123,269,0.82153958,0.00548614,1.00372082
fashion_mnist,random_unitary,123,270,0.82279801,0.07109559,1.05131609
fashion_mnist,random_unitary,123,271,0.80492847,0.01876689,0.97519253
fashion_mnist,random_unitary,123,272,0.818335,0.03655872,1.02472078
fashion_mnist,random_unitary,123,273,0.81003228,0.01936093,0.96718841
fashion_mnist,random_unitary,123,274,0.82808308,0.05742752,0.99240227
fashion_mnist,random_unitary,123,275,0.81788419,0.05747646,0.98003631
fashion_mnist,random_unitary,123,276,0.81449589,0.0954883,0.99434594
fashion_mnist,random_unitary,123,277,0.82101342,0.01348824,1.0154448
fashion_mnist,random_unitary,123,278,0.83163302,0.06825827,0.9871188
fashion_mnist,random_unitary,123,279,0.80499561,0.01574812,1.01176808
fashion_mnist,random_unitary,123,280,0.82921399,0.02468943,0.99807168
fashion_mnist,random_unitary,123,281,0.81184758,0.02289281,1.01218061
fashion_mnist,random_unitary,123,282,0.81354287,0.01383192,1.00913709
fashion_mnist,random_unitary,123,283,0.82550012,0.08588563,1.00662194
fashion_mnist,random_unitary,123,284,0.82228162,0.0232574,1.01325331
fashion_mnist,random_unitary,123,285,0.81046077,0.00908665,1.00113879
fashion_mnist,random_unitary,123,286,0.83441615,0.01624828,0.99219028
fashion_mnist,random_unitary,123,287,0.81981259,0.0375606,1.00447862
fashion_mnist,random_unitary,123,288,0.82092117,0.01303757,0.97961355
fashion_mnist,random_unitary,123,289,0.82929224,0.02400337,0.97669894
fashion_mnist,random_unitary,123,290,0.81222957,0.0179258,1.00992457
fashion_mnist,random_unitary,123,291,0.8253796,0.05904492,0.96057012
fashion_mnist,random_unitary,123,292,0.82183223,0.03234779,0.97184575
fashion_mnist,random_unitary,123,293,0.82099517,0.07515781,0.98464319
fashion_mnist,random_unitary,123,294,0.82414145,0.03058503,1.00747113
fashion_mnist,random_unitary,123,295,0.81353037,0.11196132,0.99497676
fashion_mnist,random_unitary,123,296,0.81994146,0.04004478,0.99223875
fashion_mnist,random_unitary,123,297,0.80203733,0.08940844,0.99696232
fashion_mnist,random_unitary,123,298,0.80840052,0.07507789,1.00394039
fashion_mnist,random_unitary,123,299,0.82390066,0.02830294,0.9928957
fashion_mnist,random_unitary,123,300,0.82512346,0.00690973,0.99251604
fashion_mnist,random_unitary,123,301,0.82207595,0.03329169,1.01148065
fashion_mnist,random_unitary,123,302,0.8284556,0.01673499,0.98562284
fashion_mnist,random_unitary,123,303,0.81491678,0.0689951,0.99132772
fashion_mnist,random_unitary,123,304,0.8077089,0.04914682,0.99649744
fashion_mnist,random_unitary,123,305,0.82085785,0.0545804,0.98601656
fashion_mnist,random_unitary,123,306,0.82287527,0.091878,0.98668643
fashion_mnist,random_unitary,123,307,0.82827358,0.05427235,1.00341274
fashion_mnist,random_unitary,123,308,0.80982469,0.06944956,1.00688939
fashion_mnist,random_unitary,123,309,0.83366253,0.03705551,1.0164283
fashion_mnist,random_unitary,123,310,0.82196255,0.07084232,1.0061968
fashion_mnist,random_unitary,123,311,0.82883667,0.01562033,0.99609165
fashion_mnist,random_unitary,123,312,0.81317728,0.0066158,1.00614015
fashion_mnist,random_unitary,123,313,0.83271548,0.0451704,1.00150136
fashion_mnist,random_unitary,123,314,0.83686576,0.01535083,0.99237299
fashion_mnist,random_unitary,123,315,0.82553876,0.083615,0.99909311
fashion_mnist,random_unitary,123,316,0.81677503,0.07355801,1.02878854
fashion_mnist,random_unitary,123,317,0.82538983,0.12396001,1.02186608
fashion_mnist,random_unitary,123,318,0.82473714,0.02143671,1.01674704
fashion_mnist,random_unitary,123,319,0.82164418,0.02010047,0.99516354
fashion_mnist,random_unitary,123,320,0.81571574,0.13346551,1.01875172
fashion_mnist,random_unitary,123,321,0.82126674,0.03310803,0.98601964
fashion_mnist,random_unitary,123,322,0.81442507,0.04596565,0.98318238
fashion_mnist,random_unitary,123,323,0.83243649,0.06386803,1.01497544
fashion_mnist,random_unitary,123,324,0.82935064,0.11399627,0.98626495
fashion_mnist,random_unitary,123,325,0.82500041,0.05742466,0.98402523
fashion_mnist,random_unitary,123,326,0.82490162,0.03033254,0.9849661
fashion_mnist,random_unitary,123,327,0.82454924,0.02791762,1.01103918
fashion_mnist,random_unitary,123,328,0.8278976,0.06711454,0.9850876
fashion_mnist,random_unitary,123,329,0.82188845,0.0115123,0.98212193
fashion_mnist,random_unitary,123,330,0.82336349,0.01104228,0.99886038
fashion_mnist,random_unitary,123,331,0.8165962,0.02306988,0.99863606
fashion_mnist,random_unitary,123,332,0.81711038,0.02400276,0.98845682
fashion_mnist,random_unitary,123,333,0.82328682,0.01572618,1.00705696
fashion_mnist,random_unitary,123,334,0.81635585,0.03864833,0.98704278
fashion_mnist,random_unitary,123,335,0.82510622,0.03920971,0.99814006
fashion_mnist,random_unitary,123,336,0.82236257,0.03597201,0.95752658
fashion_mnist,random_unitary,123,337,0.82077456,0.01809163,1.04195699
fashion_mnist,random_unitary,123,338,0.82067689,0.05361669,0.99471008
fashion_mnist,random_unitary,123,339,0.81625985,0.01086583,1.00933085
fashion_mnist,random_unitary,123,340,0.82763892,0.00312241,0.99937025
fashion_mnist,random_unitary,123,341,0.83492603,0.04129658,0.97662352
fashion_mnist,random_unitary,123,342,0.81641424,0.05303359,0.97914085
fashion_mnist,random_unitary,123,343,0.82615887,0.03710685,0.9762994
fashion_mnist,random_unitary,123,344,0.8293649,0.00336517,0.98204901
fashion_mnist,random_unitary,123,345,0.82562262,8.471e-05,0.98444862
fashion_mnist,random_unitary,123,346,0.82614034,0.03325225,1.00511925
fashion_mnist,random_unitary,123,347,0.82370134,0.00193319,0.97915168
fashion_mnist,random_unitary,123,348,0.81815335,0.03173838,1.02183304
fashion_mnist,random_unitary,123,349,0.81554623,0.13383549,0.98999681
fashion_mnist,random_unitary,123,350,0.8195453,0.03865583,1.00525414
fashion_mnist,random_unitary,123,351,0.81940601,0.02323966,0.99687931
fashion_mnist,random_unitary,123,352,0.82058147,0.00828918,1.00791232
fashion_mnist,random_unitary,123,353,0.827783,0.04593202,1.00192311
fashion_mnist,random_unitary,123,354,0.82379062,0.08301863,0.98410275
fashion_mnist,random_unitary,123,355,0.82973023,0.09867343,0.99931828
fashion_mnist,random_unitary,123,356,0.8266472,0.00838199,1.02976524
fashion_mnist,random_unitary,123,357,0.84075608,0.00976659,0.96194174
fashion_mnist,random_unitary,123,358,0.82269849,0.03184817,1.02236586
fashion_mnist,random_unitary,123,359,0.82159683,0.08776281,0.98721119
fashion_mnist,random_unitary,123,360,0.82777922,0.05188703,1.00566742
fashion_mnist,random_unitary,123,361,0.8223997,0.03365029,1.00509899
fashion_mnist,random_unitary,123,362,0.82297182,0.05360256,1.0490551
fashion_mnist,random_unitary,123,363,0.81022197,0.15015245,1.0046723
fashion_mnist,random_unitary,123,364,0.82750551,0.06462726,1.02853855
fashion_mnist,random_unitary,123,365,0.82164813,0.01336043,1.00145983
fashion_mnist,random_unitary,123,366,0.81885197,0.08237307,0.9784061
fashion_mnist,random_unitary,123,367,0.80987382,0.05871625,1.01654583
fashion_mnist,random_unitary,123,368,0.81849616,0.09880429,0.97291372
fashion_mnist,random_unitary,123,369,0.82502741,0.00240815,1.0032648
fashion_mnist,random_unitary,123,370,0.82359402,0.01408139,1.02461363
fashion_mnist,random_unitary,123,371,0.81860174,0.00557645,0.99905926
fashion_mnist,random_unitary,123,372,0.81702851,0.01692915,0.99174507
fashion_mnist,random_unitary,123,373,0.82186085,0.06676868,1.01818509
fashion_mnist,random_unitary,123,374,0.8077537,0.08978002,1.01672173
fashion_mnist,random_unitary,123,375,0.8202284,0.08556557,0.99706891
fashion_mnist,random_unitary,123,376,0.82378804,0.0290789,0.99525232
fashion_mnist,random_unitary,123,377,0.81875788,0.00989101,1.00668208
fashion_mnist,random_unitary,123,378,0.8244171,0.02605196,0.98046402
fashion_mnist,random_unitary,123,379,0.83354559,0.03954827,0.99366072
fashion_mnist,random_unitary,123,380,0.81445252,0.02258571,0.98138307
fashion_mnist,random_unitary,123,381,0.83235118,0.0025957,0.98315565
fashion_mnist,random_unitary,123,382,0.81474438,0.03761166,1.02410115
fashion_mnist,random_unitary,123,383,0.8311922,0.0674508,0.98671614
fashion_mnist,random_unitary,123,384,0.82500519,0.129755,0.99840956
fashion_mnist,random_unitary,123,385,0.81103902,0.01214858,1.00004951
fashion_mnist,random_unitary,123,386,0.82000484,0.00110383,0.99763922
fashion_mnist,random_unitary,123,387,0.82053737,0.00304045,1.02033886
fashion_mnist,random_unitary,123,388,0.82849142,0.02132046,1.00032355
fashion_mnist,random_unitary,123,389,0.82250941,0.03054225,0.99831359
fashion_mnist,random_unitary,123,390,0.82676643,0.03974991,0.99063635
fashion_mnist,random_unitary,123,391,0.83956687,0.04876624,1.02980586
fashion_mnist,random_unitary,123,392,0.82979918,0.00376019,0.98996096
fashion_mnist,random_unitary,123,393,0.81599136,0.05525886,0.9866038
fashion_mnist,random_unitary,123,394,0.82637247,0.01678334,0.99605226
fashion_mnist,random_unitary,123,395,0.82081013,0.01423206,1.00167536
fashion_mnist,random_unitary,123,396,0.82785594,0.11427231,1.02897196
fashion_mnist,random_unitary,123,397,0.82023521,0.02011045,0.99225026
fashion_mnist,random_unitary,123,398,0.82594809,0.05836667,1.01079955
fashion_mnist,random_unitary,123,399,0.82773824,0.05591768,0.99971092
fashion_mnist,random_unitary,123,400,0.81829461,0.00652115,1.02818788
fashion_mnist,random_unitary,123,401,0.81086389,0.1036186,0.99390265
fashion_mnist,random_unitary,123,402,0.8358465,0.03573435,1.01115031
fashion_mnist,random_unitary,123,403,0.82067933,0.04385869,0.98671319
fashion_mnist,random_unitary,123,404,0.82404184,0.06188743,1.02028262
fashion_mnist,random_unitary,123,405,0.83089485,0.07293126,1.0064366
fashion_mnist,random_unitary,123,406,0.82423036,0.01224697,1.00797276
fashion_mnist,random_unitary,123,407,0.82846261,0.11015541,1.00231787
fashion_mnist,random_unitary,123,408,0.81035652,0.04175055,0.99507416
fashion_mnist,random_unitary,123,409,0.81745449,0.04435933,0.98956263
fashion_mnist,random_unitary,123,410,0.82362753,0.02924123,1.00782473
fashion_mnist,random_unitary,123,411,0.81412899,0.09674947,0.99368368
fashion_mnist,random_unitary,123,412,0.81172838,0.09049396,1.00755329
fashion_mnist,random_unitary,123,413,0.82573912,0.10032731,0.99707968
fashion_mnist,random_unitary,123,414,0.81872277,0.01312756,0.98643409
fashion_mnist,random_unitary,123,415,0.82691172,0.00419125,0.99945782
fashion_mnist,random_unitary,123,416,0.83008966,0.01675335,1.00943413
fashion_mnist,random_unitary,123,417,0.83401523,0.04482675,0.98141339
fashion_mnist,random_unitary,123,418,0.82262663,0.01209734,1.0023994
fashion_mnist,random_unitary,123,419,0.81650595,0.00376422,0.98075413
fashion_mnist,random_unitary,123,420,0.81868206,0.03820731,1.00975983
fashion_mnist,random_unitary,123,421,0.82104792,0.05958783,0.98399499
fashion_mnist,random_unitary,123,422,0.81778568,0.03028468,1.03044908
fashion_mnist,random_unitary,123,423,0.8202893,0.09911084,1.00386504
fashion_mnist,random_unitary,123,424,0.80675944,0.0339076,1.01845844
fashion_mnist,random_unitary,123,425,0.83128614,0.00593733,0.98406267
fashion_mnist,random_unitary,123,426,0.81288225,0.010759,0.99982394
fashion_mnist,random_unitary,123,427,0.82741346,0.01408443,1.00386537
fashion_mnist,random_unitary,123,428,0.80618449,0.04861349,1.00491519
fashion_mnist,random_unitary,123,429,0.8203371,0.07605385,0.99749933
fashion_mnist,random_unitary,123,430,0.81353707,0.06460357,1.0300047
fashion_mnist,random_unitary,123,431,0.8206924,0.05243987,0.98530893
fashion_mnist,random_unitary,123,432,0.82713094,0.0559042,1.00107729
fashion_mnist,random_unitary,123,433,0.82750371,0.06223454,0.98982073
fashion_mnist,random_unitary,123,434,0.83311812,0.02202973,1.02524748
fashion_mnist,random_unitary,123,435,0.82699676,0.07929077,0.99279444
fashion_mnist,random_unitary,123,436,0.81548776,0.00670289,1.01356848
fashion_mnist,random_unitary,123,437,0.83128427,0.04366897,1.01831533
fashion_mnist,random_unitary,123,438,0.82448236,0.01301241,0.99722127
fashion_mnist,random_unitary,123,439,0.82683898,0.05744021,1.01712784
fashion_mnist,random_unitary,123,440,0.81751165,0.00379672,1.00130952
fashion_mnist,random_unitary,123,441,0.82112947,0.05345308,0.98739283
fashion_mnist,random_unitary,123,442,0.82498941,0.01755477,0.96073286
fashion_mnist,random_unitary,123,443,0.82069185,0.02131669,1.01178629
fashion_mnist,random_unitary,123,444,0.82118331,0.0621852,0.99298498
fashion_mnist,random_unitary,123,445,0.82342767,0.03776579,0.99746651
fashion_mnist,random_unitary,123,446,0.82372554,0.07040685,0.98880914
fashion_mnist,random_unitary,123,447,0.82444604,0.06248708,1.02078663
fashion_mnist,random_unitary,123,448,0.82486491,0.06212042,0.99110402
fashion_mnist,random_unitary,123,449,0.83010584,0.0229772,1.00313892
fashion_mnist,random_unitary,123,450,0.82943316,0.02658494,0.98277316
fashion_mnist,random_unitary,123,451,0.82768961,0.07395184,0.9956672
fashion_mnist,random_unitary,123,452,0.82652094,0.05903439,0.96653929
fashion_mnist,random_unitary,123,453,0.82716014,0.00830696,1.00019897
fashion_mnist,random_unitary,123,454,0.81013186,0.00788423,0.9959401
fashion_mnist,random_unitary,123,455,0.82442439,0.01767831,1.00127121
fashion_mnist,random_unitary,123,456,0.82604819,0.00908431,0.97598529
fashion_mnist,random_unitary,123,457,0.82570149,0.1074379,0.99935496
fashion_mnist,random_unitary,123,458,0.8237641,0.01395696,0.99549082
fashion_mnist,random_unitary,123,459,0.8271845,0.03703494,1.00711697
fashion_mnist,random_unitary,123,460,0.82515383,0.04189695,0.96726274
fashion_mnist,random_unitary,123,461,0.82939596,0.003831,1.01157835
fashion_mnist,random_unitary,123,462,0.81531846,0.03591948,1.00183592
fashion_mnist,random_unitary,123,463,0.81849818,0.01373442,1.04783637
fashion_mnist,random_unitary,123,464,0.81726918,0.06511074,1.00670992
fashion_mnist,random_unitary,123,465,0.81668248,0.00250179,0.99565583
fashion_mnist,random_unitary,123,466,0.82004643,0.04057124,0.99689179
fashion_mnist,random_unitary,123,467,0.82242264,0.00511568,1.02169286
fashion_mnist,random_unitary,123,468,0.82021818,0.05251417,0.99141356
fashion_mnist,random_unitary,123,469,0.82422678,0.02673489,0.99556159
fashion_mnist,random_unitary,123,470,0.82608368,0.03736801,1.01796492
fashion_mnist,random_unitary,123,471,0.82437111,0.02157139,1.02564775
fashion_mnist,random_unitary,123,472,0.81895872,0.01785872,1.00509216
fashion_mnist,random_unitary,123,473,0.82495071,0.02355502,1.00255094
fashion_mnist,random_unitary,123,474,0.81620655,0.01867506,0.98673705
fashion_mnist,random_unitary,123,475,0.82307696,0.0072195,0.99832504
fashion_mnist,random_unitary,123,476,0.82007991,0.01878311,0.98094772
fashion_mnist,random_unitary,123,477,0.81838851,0.02669905,1.01700382
fashion_mnist,random_unitary,123,478,0.82561644,0.05914442,0.97994271
fashion_mnist,random_unitary,123,479,0.82308892,0.08175854,1.01468733
fashion_mnist,random_unitary,123,480,0.82097347,0.00114926,0.99069187
fashion_mnist,random_unitary,123,481,0.8192944,0.03080555,1.00689443
fashion_mnist,random_unitary,123,482,0.8260932,0.07075571,0.9966299
fashion_mnist,random_unitary,123,483,0.81829079,0.02517891,0.99417831
fashion_mnist,random_unitary,123,484,0.82117397,0.00882694,0.99421104
fashion_mnist,random_unitary,123,485,0.82448529,0.015054,0.99909181
fashion_mnist,random_unitary,123,486,0.81920634,0.08131445,0.99713742
fashion_mnist,random_unitary,123,487,0.82304123,0.07392043,1.01872561
fashion_mnist,random_unitary,123,488,0.8260638,0.04567341,0.97088332
fashion_mnist,random_unitary,123,489,0.83559906,0.00653339,1.00694648
fashion_mnist,random_unitary,123,490,0.81599463,0.04189106,1.01105147
fashion_mnist,random_unitary,123,491,0.83455866,0.00262674,1.03111119
fashion_mnist,random_unitary,123,492,0.8299367,0.01667412,1.0199934
fashion_mnist,random_unitary,123,493,0.81575961,0.0324416,0.9790846
fashion_mnist,random_unitary,123,494,0.82620411,0.00816131,0.99098727
fashion_mnist,random_unitary,123,495,0.81999636,0.01232443,1.01613681
fashion_mnist,random_unitary,123,496,0.81664591,0.09954556,0.97046943
fashion_mnist,random_unitary,123,497,0.82552653,0.05584261,0.99270205
fashion_mnist,random_unitary,123,498,0.82952329,0.0179999,0.98874741
fashion_mnist,random_unitary,123,499,0.82585681,0.01916901,0.99050007
fashion_mnist,random_unitary,123,500,0.81656874,0.09008993,1.00726433
fashion_mnist,random_unitary,123,501,0.82121388,0.04666688,0.98883791
fashion_mnist,random_unitary,123,502,0.81852327,0.12261767,1.0076452
fashion_mnist,random_unitary,123,503,0.82214589,0.04440239,1.02176558
fashion_mnist,random_unitary,123,504,0.81588478,0.01876005,1.01501292
fashion_mnist,random_unitary,123,505,0.82860419,0.0559084,1.0144163
fashion_mnist,random_unitary,123,506,0.82882023,0.01496505,1.0008798
fashion_mnist,random_unitary,123,507,0.82058898,0.04881145,0.99383057
fashion_mnist,random_unitary,123,508,0.82889668,0.09217581,1.01347049
fashion_mnist,random_unitary,123,509,0.82545417,0.02109041,0.99831407
fashion_mnist,random_unitary,123,510,0.8216775,0.05040363,0.98184229
fashion_mnist,random_unitary,123,511,0.81845291,0.0527451,0.98805725
fashion_mnist,random_unitary,123,512,0.81198121,0.07987317,0.99509948
fashion_mnist,random_unitary,123,513,0.81339802,0.00445454,0.96985403
fashion_mnist,random_unitary,123,514,0.81510031,0.09162198,1.01247247
fashion_mnist,random_unitary,123,515,0.81993801,0.05313413,1.01055511
fashion_mnist,random_unitary,123,516,0.82160795,0.08830542,0.99450874
fashion_mnist,random_unitary,123,517,0.82033317,0.09301787,0.99615238
fashion_mnist,random_unitary,123,518,0.81390485,0.00280943,1.00112259
fashion_mnist,random_unitary,123,519,0.82640884,0.0393636,1.00388315
fashion_mnist,random_unitary,123,520,0.82907809,0.05838711,1.00017637
fashion_mnist,random_unitary,123,521,0.82266406,0.00545152,1.00708133
fashion_mnist,random_unitary,123,522,0.82103437,0.01397564,0.98914676
fashion_mnist,random_unitary,123,523,0.82826413,0.01245817,1.0123732
fashion_mnist,random_unitary,123,524,0.82584933,0.03126134,1.02759096
fashion_mnist,random_unitary,123,525,0.82766192,0.00769666,1.00640487
fashion_mnist,random_unitary,123,526,0.82481883,0.05987075,0.99053999
fashion_mnist,random_unitary,123,527,0.82672681,0.02387556,0.98340699
fashion_mnist,random_unitary,123,528,0.81766655,0.00794567,1.01252923
fashion_mnist,random_unitary,123,529,0.83376281,0.00657486,0.99966409
fashion_mnist,random_unitary,123,530,0.81889324,0.01847238,1.01404925
fashion_mnist,random_unitary,123,531,0.82916002,0.05903511,1.01836761
fashion_mnist,random_unitary,123,532,0.82518147,0.14444088,0.98015881
fashion_mnist,random_unitary,123,533,0.82089591,0.05329964,0.97201376
fashion_mnist,random_unitary,123,534,0.82446989,0.03190026,0.99757489
fashion_mnist,random_unitary,123,535,0.81499206,9.773e-05,1.00208304
fashion_mnist,random_unitary,123,536,0.82834105,0.00236847,0.99515515
fashion_mnist,random_unitary,123,537,0.81958495,0.03349297,1.00168431
fashion_mnist,random_unitary,123,538,0.81962907,0.011055,0.97733608
fashion_mnist,random_unitary,123,539,0.8140112,0.05329204,0.98180941
fashion_mnist,random_unitary,123,540,0.81220652,0.00416214,0.98894491
fashion_mnist,random_unitary,123,541,0.81943154,0.02510661,0.9985908
fashion_mnist,random_unitary,123,542,0.82114683,0.06931043,0.99366876
fashion_mnist,random_unitary,123,543,0.8311454,0.07096657,1.01066301
fashion_mnist,random_unitary,123,544,0.82451897,0.02406666,1.00983087
fashion_mnist,random_unitary,123,545,0.82941992,0.1141078,0.98585327
fashion_mnist,random_unitary,123,546,0.81082938,0.10553576,1.00400749
fashion_mnist,random_unitary,123,547,0.83368271,0.01893488,1.00179444
fashion_mnist,random_unitary,123,548,0.83087117,0.09991585,1.00556701
fashion_mnist,random_unitary,123,549,0.81694662,0.03764953,1.00190273
fashion_mnist,random_unitary,123,550,0.81518698,0.00953353,1.00476256
fashion_mnist,random_unitary,123,551,0.80958438,0.01258201,1.00491039
fashion_mnist,random_unitary,123,552,0.82348471,0.03416657,1.03066833
fashion_mnist,random_unitary,123,553,0.8225322,0.01778388,0.99671684
fashion_mnist,random_unitary,123,554,0.82571662,0.02825332,0.99119452
fashion_mnist,random_unitary,123,555,0.81690321,0.03215001,0.99998863
fashion_mnist,random_unitary,123,556,0.82616332,0.10381451,1.02699729
fashion_mnist,random_unitary,123,557,0.82865245,0.07303357,0.99383712
fashion_mnist,random_unitary,123,558,0.83175003,0.02747777,0.98595078
fashion_mnist,random_unitary,123,559,0.82823823,0.0280473,0.99852648
fashion_mnist,random_unitary,123,560,0.8185446,0.01120161,0.99933173
fashion_mnist,random_unitary,123,561,0.81890133,0.03864154,1.00784943
fashion_mnist,random_unitary,123,562,0.81131066,0.01784698,1.01302543
fashion_mnist,random_unitary,123,563,0.82412958,0.04288332,1.03655048
fashion_mnist,random_unitary,123,564,0.82394364,0.04486911,1.00516493
fashion_mnist,random_unitary,123,565,0.81265195,0.02899358,1.00324325
fashion_mnist,random_unitary,123,566,0.82201905,0.02834715,0.99116742
fashion_mnist,random_unitary,123,567,0.83000206,0.07405222,0.96877301
fashion_mnist,random_unitary,123,568,0.82811502,0.04906675,0.99983802
fashion_mnist,random_unitary,123,569,0.81794148,0.03783293,1.01799803
fashion_mnist,random_unitary,123,570,0.8187597,0.1047824,0.99450497
fashion_mnist,random_unitary,123,571,0.80137089,0.04611323,1.00678381
fashion_mnist,random_unitary,123,572,0.8137361,0.03156333,1.02146801
fashion_mnist,random_unitary,123,573,0.82072916,0.02580372,1.01801232
fashion_mnist,random_unitary,123,574,0.83105286,0.00426687,1.00145946
fashion_mnist,random_unitary,123,575,0.82939148,0.0257384,1.00153631
fashion_mnist,random_unitary,123,576,0.83266874,0.05094279,0.9815652
fashion_mnist,random_unitary,123,577,0.82683753,0.04555658,1.00982891
fashion_mnist,random_unitary,123,578,0.81923445,0.04690447,0.99149834
fashion_mnist,random_unitary,123,579,0.82666044,0.00783095,0.99651391
fashion_mnist,random_unitary,123,580,0.82669724,0.03309345,0.97969594
fashion_mnist,random_unitary,123,581,0.82726486,0.04847054,0.99702417
fashion_mnist,random_unitary,123,582,0.83336574,0.01146993,1.01443764
fashion_mnist,random_unitary,123,583,0.82750929,0.0938569,0.97736489
fashion_mnist,random_unitary,123,584,0.82777106,0.02897386,1.01473927
fashion_mnist,random_unitary,123,585,0.82136964,0.03081413,1.0034953
fashion_mnist,random_unitary,123,586,0.81826671,0.03294246,1.00697342
fashion_mnist,random_unitary,123,587,0.82971168,0.02558607,0.99032229
fashion_mnist,random_unitary,123,588,0.81115674,0.04436545,0.99526672
fashion_mnist,random_unitary,123,589,0.8143177,0.01626929,0.98578041
fashion_mnist,random_unitary,123,590,0.83206808,0.03493111,1.00347918
fashion_mnist,random_unitary,123,591,0.8152227,0.01875445,1.01272192
fashion_mnist,random_unitary,123,592,0.82302444,0.02818729,1.01634977
fashion_mnist,random_unitary,123,593,0.82678599,0.04167035,1.02053262
fashion_mnist,random_unitary,123,594,0.83011328,0.02778382,1.00949417
fashion_mnist,random_unitary,123,595,0.82049926,0.07735209,0.99674925
fashion_mnist,random_unitary,123,596,0.8216826,0.03684032,0.99461187
fashion_mnist,random_unitary,123,597,0.83410856,0.00067048,1.0170573
fashion_mnist,random_unitary,123,598,0.82183112,0.02116856,0.99452907
fashion_mnist,random_unitary,123,599,0.81975166,0.04397818,1.01519409
fashion_mnist,random_unitary,123,600,0.82765076,0.02038472,0.97783719
fashion_mnist,random_unitary,123,601,0.82139028,0.03741229,0.98622328
fashion_mnist,random_unitary,123,602,0.82572974,0.07701026,1.0149766
fashion_mnist,random_unitary,123,603,0.8125702,0.05178933,1.01520276
fashion_mnist,random_unitary,123,604,0.83287558,0.02270423,0.99436895
fashion_mnist,random_unitary,123,605,0.82280007,0.0356568,1.00922587
fashion_mnist,random_unitary,123,606,0.81730643,0.06722701,0.98905526
fashion_mnist,random_unitary,123,607,0.8191826,0.00394728,1.02632396
fashion_mnist,random_unitary,123,608,0.81523549,0.03059385,1.01764553
fashion_mnist,random_unitary,123,609,0.82108656,0.09686196,1.01805173
fashion_mnist,random_unitary,123,610,0.82630906,0.04676613,0.98608574
fashion_mnist,random_unitary,123,611,0.82567696,0.01968543,0.99958256
fashion_mnist,random_unitary,123,612,0.82323222,0.03035752,0.98461788
fashion_mnist,random_unitary,123,613,0.83103796,0.04855796,1.00366759
fashion_mnist,random_unitary,123,614,0.81823943,0.02749315,0.99691137
fashion_mnist,random_unitary,123,615,0.83058185,0.00902237,0.99609923
fashion_mnist,random_unitary,123,616,0.82433196,0.02825379,0.98866713
fashion_mnist,random_unitary,123,617,0.8201249,0.07339241,1.00839085
fashion_mnist,random_unitary,123,618,0.82121229,0.02379912,1.01935244
fashion_mnist,random_unitary,123,619,0.83028626,0.02546302,1.00647846
fashion_mnist,random_unitary,123,620,0.81245054,0.00138307,1.01795394
fashion_mnist,random_unitary,123,621,0.82416064,0.08390133,0.98269351
fashion_mnist,random_unitary,123,622,0.82055608,0.03340744,1.00637271
fashion_mnist,random_unitary,123,623,0.82668728,0.02092937,1.01332297
fashion_mnist,random_unitary,123,624,0.8312867,0.09639338,0.97782037
fashion_mnist,random_unitary,123,625,0.82307364,0.03402377,1.00695411
fashion_mnist,random_unitary,123,626,0.82549742,0.05490109,0.99158272
fashion_mnist,random_unitary,123,627,0.82645057,0.03678323,1.00377333
fashion_mnist,random_unitary,123,628,0.81924594,0.00401029,1.01628841
fashion_mnist,random_unitary,123,629,0.82533623,0.02940994,0.97769153
fashion_mnist,random_unitary,123,630,0.81953293,0.03643237,0.99032321
fashion_mnist,random_unitary,123,631,0.80814487,0.04745926,0.98571761
fashion_mnist,random_unitary,123,632,0.82627593,0.050788,1.00148789
fashion_mnist,random_unitary,123,633,0.81511271,0.03123732,1.00839725
fashion_mnist,random_unitary,123,634,0.8192461,0.08530467,1.01619688
fashion_mnist,random_unitary,123,635,0.8163591,0.07235533,1.00753171
fashion_mnist,random_unitary,123,636,0.82391597,0.04696298,1.00582049
fashion_mnist,random_unitary,123,637,0.82916983,0.07573768,0.98834562
fashion_mnist,random_unitary,123,638,0.82140554,0.07311166,0.99507249
fashion_mnist,random_unitary,123,639,0.82201127,0.04135244,1.02242531
fashion_mnist,random_unitary,123,640,0.81981158,0.0055476,1.00057683
fashion_mnist,random_unitary,123,641,0.81940933,0.04092226,0.99405814
fashion_mnist,random_unitary,123,642,0.81978071,0.08369498,1.05343607
fashion_mnist,random_unitary,123,643,0.82848644,0.01454408,0.99959169
fashion_mnist,random_unitary,123,644,0.81136785,0.04283478,0.990244
fashion_mnist,random_unitary,123,645,0.82646028,0.0026894,0.98024216
fashion_mnist,random_unitary,123,646,0.82889418,0.0553506,1.01425487
fashion_mnist,random_unitary,123,647,0.83651139,0.07872562,1.01229849
fashion_mnist,random_unitary,123,648,0.82710065,0.03035902,0.97792109
fashion_mnist,random_unitary,123,649,0.82594636,0.01933365,1.00560243
fashion_mnist,random_unitary,123,650,0.82559319,0.01421412,1.01408178
fashion_mnist,random_unitary,123,651,0.81267539,0.01125215,1.03294417
fashion_mnist,random_unitary,123,652,0.82501873,0.11455631,1.01175118
fashion_mnist,random_unitary,123,653,0.81334367,0.02915978,0.99027587
fashion_mnist,random_unitary,123,654,0.82263866,0.02422743,1.0081715
fashion_mnist,random_unitary,123,655,0.825355,0.04088657,0.99209769
fashion_mnist,random_unitary,123,656,0.81185318,0.01108935,1.01665856
fashion_mnist,random_unitary,123,657,0.80809755,0.01444413,1.02764082
fashion_mnist,random_unitary,123,658,0.82489075,0.02740314,1.00248803
fashion_mnist,random_unitary,123,659,0.8229828,0.02148734,1.00987855
fashion_mnist,random_unitary,123,660,0.83069726,0.01458507,0.97329539
fashion_mnist,random_unitary,123,661,0.83158328,0.03013478,0.98809126
fashion_mnist,random_unitary,123,662,0.82179043,0.0094449,1.02781083
fashion_mnist,random_unitary,123,663,0.83074118,0.00369267,1.01513897
fashion_mnist,random_unitary,123,664,0.81661059,0.03473653,1.00345229
fashion_mnist,random_unitary,123,665,0.82070587,0.02665064,1.00663862
fashion_mnist,random_unitary,123,666,0.8171587,0.01225316,1.0149489
fashion_mnist,random_unitary,123,667,0.8251859,0.00956686,1.00905743
fashion_mnist,random_unitary,123,668,0.82418461,0.03170278,1.01080549
fashion_mnist,random_unitary,123,669,0.83541767,0.01398273,0.98557722
fashion_mnist,random_unitary,123,670,0.82255697,0.00695649,0.98545767
fashion_mnist,random_unitary,123,671,0.82459457,0.0327523,1.00657268
fashion_mnist,random_unitary,123,672,0.81730375,0.04718,1.00952341
fashion_mnist,random_unitary,123,673,0.81801655,0.06351786,1.02702754
fashion_mnist,random_unitary,123,674,0.81681739,0.0044299,1.01481528
fashion_mnist,random_unitary,123,675,0.82568894,0.05330432,0.99734758
fashion_mnist,random_unitary,123,676,0.8251612,0.0048289,1.02297307
fashion_mnist,random_unitary,123,677,0.8315672,0.01796599,1.01303866
fashion_mnist,random_unitary,123,678,0.82348572,0.05482436,1.02170717
fashion_mnist,random_unitary,123,679,0.81744731,0.06612503,0.99689401
fashion_mnist,random_unitary,123,680,0.83768727,0.01598071,1.0186853
fashion_mnist,random_unitary,123,681,0.81495586,0.02616798,1.02441549
fashion_mnist,random_unitary,123,682,0.82775249,0.03989217,0.99309128
fashion_mnist,random_unitary,123,683,0.82774248,0.07841277,0.99648933
fashion_mnist,random_unitary,123,684,0.82153434,0.07025582,0.97434535
fashion_mnist,random_unitary,123,685,0.82577993,0.02188904,0.97573468
fashion_mnist,random_unitary,123,686,0.82604062,0.09976799,0.98343492
fashion_mnist,random_unitary,123,687,0.81380613,0.0215449,1.00108435
fashion_mnist,random_unitary,123,688,0.83023455,0.04652588,1.01121072
fashion_mnist,random_unitary,123,689,0.82411629,0.0354558,0.99771992
fashion_mnist,random_unitary,123,690,0.81271384,0.04835875,0.99167826
fashion_mnist,random_unitary,123,691,0.82587597,0.050368,1.00235504
fashion_mnist,random_unitary,123,692,0.8140482,0.06007055,0.99872684
fashion_mnist,random_unitary,123,693,0.8178498,0.12606505,1.01631389
fashion_mnist,random_unitary,123,694,0.82585988,0.03142516,1.02258794
fashion_mnist,random_unitary,123,695,0.82965839,0.09461196,1.0268564
fashion_mnist,random_unitary,123,696,0.83147483,0.02046918,0.97503183
fashion_mnist,random_unitary,123,697,0.82743649,0.10303828,1.01767367
fashion_mnist,random_unitary,123,698,0.82819385,0.04634624,1.00995459
fashion_mnist,random_unitary,123,699,0.82349512,0.00520552,0.99777742
fashion_mnist,random_unitary,123,700,0.83074967,0.01178627,1.02968897
fashion_mnist,random_unitary,123,701,0.82844754,0.07719891,1.0056405
fashion_mnist,random_unitary,123,702,0.81984012,0.05230837,0.99939879
fashion_mnist,random_unitary,123,703,0.82832067,0.00588866,1.01308007
fashion_mnist,random_unitary,123,704,0.81503325,0.06719139,0.99041116
fashion_mnist,random_unitary,123,705,0.82146387,0.14744606,1.02047742
fashion_mnist,random_unitary,123,706,0.82958245,0.04938264,1.03991005
fashion_mnist,random_unitary,123,707,0.83245221,0.01124002,0.99307688
fashion_mnist,random_unitary,123,708,0.81966581,0.07525685,1.01837146
fashion_mnist,random_unitary,123,709,0.82143973,0.02307775,1.00498357
fashion_mnist,random_unitary,123,710,0.81691323,0.00176226,1.00363077
fashion_mnist,random_unitary,123,711,0.81060098,0.06692315,0.98428979
fashion_mnist,random_unitary,123,712,0.82367166,0.04641347,0.98788818
fashion_mnist,random_unitary,123,713,0.82081674,0.0195647,1.00982711
fashion_mnist,random_unitary,123,714,0.81832697,0.04998587,0.99389105
fashion_mnist,random_unitary,123,715,0.82001378,0.05175646,1.01714084
fashion_mnist,random_unitary,123,716,0.82342945,0.13754448,0.98392642
fashion_mnist,random_unitary,123,717,0.81239169,0.04719904,0.96296558
fashion_mnist,random_unitary,123,718,0.83003323,0.04617224,0.99813887
fashion_mnist,random_unitary,123,719,0.81515135,0.00698214,0.99238953
fashion_mnist,random_unitary,123,720,0.81492293,0.05420332,1.01656792
fashion_mnist,random_unitary,123,721,0.81847858,0.04598666,0.99281865
fashion_mnist,random_unitary,123,722,0.82980331,0.01459593,1.00491899
fashion_mnist,random_unitary,123,723,0.83078568,0.0511636,0.99464146
fashion_mnist,random_unitary,123,724,0.82831054,0.10656167,1.00062779
fashion_mnist,random_unitary,123,725,0.8249178,0.0478062,1.01079749
fashion_mnist,random_unitary,123,726,0.81277763,0.10747837,0.99493298
fashion_mnist,random_unitary,123,727,0.81555775,0.04289709,0.9934648
fashion_mnist,random_unitary,123,728,0.81829015,0.02493516,1.00637014
fashion_mnist,random_unitary,123,729,0.81905653,0.02908952,1.00454047
fashion_mnist,random_unitary,123,730,0.82180174,0.04026875,0.99332385
fashion_mnist,random_unitary,123,731,0.80914174,0.02087561,0.9918599
fashion_mnist,random_unitary,123,732,0.8174108,0.03636153,0.99340127
fashion_mnist,random_unitary,123,733,0.82066005,0.06768638,0.98401577
fashion_mnist,random_unitary,123,734,0.83219852,0.01411005,1.00200813
fashion_mnist,random_unitary,123,735,0.82633343,0.01278693,1.00347923
fashion_mnist,random_unitary,123,736,0.82779949,0.02885378,1.00152847
fashion_mnist,random_unitary,123,737,0.82989845,0.0141614,1.01312214
fashion_mnist,random_unitary,123,738,0.82274918,0.10344844,0.99791448
fashion_mnist,random_unitary,123,739,0.82419159,0.03842522,1.01155683
fashion_mnist,random_unitary,123,740,0.81909696,0.00164515,1.0088068
fashion_mnist,random_unitary,123,741,0.82805657,0.01655702,0.99334699
fashion_mnist,random_unitary,123,742,0.83491313,0.02436754,1.00366849
fashion_mnist,random_unitary,123,743,0.83312538,0.04420763,0.96926433
fashion_mnist,random_unitary,123,744,0.83055559,0.03583677,0.98396955
fashion_mnist,random_unitary,123,745,0.83100517,0.00091557,0.99413156
fashion_mnist,random_unitary,123,746,0.82230589,0.04634304,0.97578835
fashion_mnist,random_unitary,123,747,0.83159312,0.00951023,1.00422513
fashion_mnist,random_unitary,123,748,0.82459942,0.02556636,0.9949161
fashion_mnist,random_unitary,123,749,0.83147335,0.04523463,0.99056832
fashion_mnist,random_unitary,123,750,0.81485365,0.08552783,0.98541776
fashion_mnist,random_unitary,123,751,0.82568389,0.04048419,1.02580655
fashion_mnist,random_unitary,123,752,0.8233338,0.03340653,0.98645178
fashion_mnist,random_unitary,123,753,0.82461041,0.14593845,0.99349447
fashion_mnist,random_unitary,123,754,0.81363152,0.01370279,1.01143855
fashion_mnist,random_unitary,123,755,0.81827169,0.00760494,1.01055111
fashion_mnist,random_unitary,123,756,0.80649061,0.01534423,0.9973591
fashion_mnist,random_unitary,123,757,0.82545129,0.01086639,0.99681838
fashion_mnist,random_unitary,123,758,0.82606913,0.01173367,1.00448707
fashion_mnist,random_unitary,123,759,0.81920566,0.02882449,1.00815684
fashion_mnist,random_unitary,123,760,0.82269371,0.10931397,1.03820547
fashion_mnist,random_unitary,123,761,0.82926,0.02743808,0.99506834
fashion_mnist,random_unitary,123,762,0.82578132,0.01684052,1.01561351
fashion_mnist,random_unitary,123,763,0.83130217,0.05452551,0.99343758
fashion_mnist,random_unitary,123,764,0.81616433,0.02070444,1.00774272
fashion_mnist,random_unitary,123,765,0.81561991,0.00485043,1.00817246
fashion_mnist,random_unitary,123,766,0.82059781,0.05042995,0.98849838
fashion_mnist,random_unitary,123,767,0.82202396,0.068997,1.01252713
fashion_mnist,random_unitary,123,768,0.83755535,0.05431294,1.00683437
fashion_mnist,random_unitary,123,769,0.82311981,0.04644553,1.01244224
fashion_mnist,random_unitary,123,770,0.8188511,0.07207427,1.00791014
fashion_mnist,random_unitary,123,771,0.82863798,0.02056593,1.01257973
fashion_mnist,random_unitary,123,772,0.8093721,0.05602639,0.98859435
fashion_mnist,random_unitary,123,773,0.82318883,0.04231603,1.00829825
fashion_mnist,random_unitary,123,774,0.81381687,0.05458093,0.98291654
fashion_mnist,random_unitary,123,775,0.82622357,0.00311761,0.99925164
fashion_mnist,random_unitary,123,776,0.81899105,0.02707407,1.02238945
fashion_mnist,random_unitary,123,777,0.82434713,0.03154665,1.01015357
fashion_mnist,random_unitary,123,778,0.81517931,0.01829492,1.00739001
fashion_mnist,random_unitary,123,779,0.8218271,0.06483185,1.03159697
fashion_mnist,random_unitary,123,780,0.81793273,0.02740922,1.01350179
fashion_mnist,random_unitary,123,781,0.82830027,0.02840703,0.99641105
fashion_mnist,random_unitary,123,782,0.82112162,0.04701183,0.9976803
fashion_mnist,random_unitary,123,783,0.82152184,0.0383964,0.98065434
fashion_mnist,random_unitary,123,784,0.82053639,0.08378993,1.00612322
fashion_mnist,random_unitary,123,785,0.82477501,0.01763807,1.01044708
fashion_mnist,random_unitary,123,786,0.83287184,0.00409937,0.99200357
fashion_mnist,random_unitary,123,787,0.82245453,0.00579998,0.98763678
fashion_mnist,random_unitary,123,788,0.80966053,0.03336879,0.98956309
fashion_mnist,random_unitary,123,789,0.82601649,0.08026459,0.98247866
fashion_mnist,random_unitary,123,790,0.81618466,0.00395257,0.98777694
fashion_mnist,random_unitary,123,791,0.82355249,0.00920563,1.00336083
fashion_mnist,random_unitary,123,792,0.82741837,0.02702839,1.00080882
fashion_mnist,random_unitary,123,793,0.82479861,0.09073082,0.9835804
fashion_mnist,random_unitary,123,794,0.8316531,0.05166689,0.98509264
fashion_mnist,random_unitary,123,795,0.8202067,0.02290378,0.99477903
fashion_mnist,random_unitary,123,796,0.82113556,0.01941643,0.99787182
fashion_mnist,random_unitary,123,797,0.8280492,0.06129229,0.98543954
fashion_mnist,random_unitary,123,798,0.80982975,0.09074702,1.00283227
fashion_mnist,random_unitary,123,799,0.82750925,0.02108064,0.98823805
fashion_mnist,random_unitary,123,800,0.82113949,0.06839851,0.99920662
fashion_mnist,random_unitary,123,801,0.82556385,0.00617087,0.98333743
fashion_mnist,random_unitary,123,802,0.82635339,0.00281275,1.01710036
fashion_mnist,random_unitary,123,803,0.81862813,0.00145862,1.01312679
fashion_mnist,random_unitary,123,804,0.8258303,0.05347585,0.98689756
fashion_mnist,random_unitary,123,805,0.83200453,0.12272579,0.99995823
fashion_mnist,random_unitary,123,806,0.83235512,0.01336396,0.99143466
fashion_mnist,random_unitary,123,807,0.80857454,0.00553891,0.99585528
fashion_mnist,random_unitary,123,808,0.82413917,0.04005726,0.97567868
fashion_mnist,random_unitary,123,809,0.8218237,0.1135988,1.00463603
fashion_mnist,random_unitary,123,810,0.81918992,0.01899797,1.01010797
fashion_mnist,random_unitary,123,811,0.83227965,0.03600614,1.03852105
fashion_mnist,random_unitary,123,812,0.82620408,0.0569718,0.99063396
fashion_mnist,random_unitary,123,813,0.82933296,0.04143374,1.05355311
fashion_mnist,random_unitary,123,814,0.82774276,0.04414035,1.01817904
fashion_mnist,random_unitary,123,815,0.81734035,0.03265177,0.99737244
fashion_mnist,random_unitary,123,816,0.80734483,0.02016685,0.98260453
fashion_mnist,random_unitary,123,817,0.81172043,0.00611771,1.0076671
fashion_mnist,random_unitary,123,818,0.8198222,0.02765875,1.00267063
fashion_mnist,random_unitary,123,819,0.82910008,0.0529985,0.98913844
fashion_mnist,random_unitary,123,820,0.82122437,0.05008456,1.01915367
fashion_mnist,random_unitary,123,821,0.8212212,0.02629225,0.97010246
fashion_mnist,random_unitary,123,822,0.82974048,0.06895187,1.0070474
fashion_mnist,random_unitary,123,823,0.81950933,0.0282662,0.99402181
fashion_mnist,random_unitary,123,824,0.81164665,0.00188344,1.0258168
fashion_mnist,random_unitary,123,825,0.82585406,0.00109805,0.98698208
fashion_mnist,random_unitary,123,826,0.82027776,0.03523147,1.02527887
fashion_mnist,random_unitary,123,827,0.81193254,0.00217479,0.99161733
fashion_mnist,random_unitary,123,828,0.81618935,0.01408908,1.00953677
fashion_mnist,random_unitary,123,829,0.82388532,0.01395559,0.99543712
fashion_mnist,random_unitary,123,830,0.8220373,0.11292651,1.00622815
fashion_mnist,random_unitary,123,831,0.83637829,0.01664678,0.98372891
fashion_mnist,random_unitary,123,832,0.81730079,0.00183741,0.99946758
fashion_mnist,random_unitary,123,833,0.81719449,0.03970944,0.99096923
fashion_mnist,random_unitary,123,834,0.83180922,0.0257114,1.0035819
fashion_mnist,random_unitary,123,835,0.8181403,0.02636094,0.99181901
fashion_mnist,random_unitary,123,836,0.82357834,0.03177061,0.98910141
fashion_mnist,random_unitary,123,837,0.81976498,0.01314978,0.99997253
fashion_mnist,random_unitary,123,838,0.82342621,0.06628006,1.01773578
fashion_mnist,random_unitary,123,839,0.82302028,0.01662117,1.00203856
fashion_mnist,random_unitary,123,840,0.8294756,0.01504953,1.0095099
fashion_mnist,random_unitary,123,841,0.82832536,0.0293695,0.98400864
fashion_mnist,random_unitary,123,842,0.81772565,0.11094271,1.01655419
fashion_mnist,random_unitary,123,843,0.82720489,0.03121364,0.97964338
fashion_mnist,random_unitary,123,844,0.81763193,0.00183446,0.99480032
fashion_mnist,random_unitary,123,845,0.82384796,0.07935307,0.98694152
fashion_mnist,random_unitary,123,846,0.82025232,0.00147915,1.01166158
fashion_mnist,random_unitary,123,847,0.81747863,0.01966928,0.9911833
fashion_mnist,random_unitary,123,848,0.82369981,0.03363815,1.00253017
fashion_mnist,random_unitary,123,849,0.82208707,0.02830224,1.00768181
fashion_mnist,random_unitary,123,850,0.8253682,0.00227518,0.99775327
fashion_mnist,random_unitary,123,851,0.82366796,0.01787946,1.01353722
fashion_mnist,random_unitary,123,852,0.81505753,0.00702618,0.99768806
fashion_mnist,random_unitary,123,853,0.82450608,0.07364863,1.00687685
fashion_mnist,random_unitary,123,854,0.80849156,0.06732418,1.01502757
fashion_mnist,random_unitary,123,855,0.81809879,0.0402023,0.99490202
fashion_mnist,random_unitary,123,856,0.81707032,0.03174367,1.0102319
fashion_mnist,random_unitary,123,857,0.82795282,0.03693914,1.03372575
fashion_mnist,random_unitary,123,858,0.81047359,0.08074637,1.0229148
fashion_mnist,random_unitary,123,859,0.81976512,0.00960089,0.96964313
fashion_mnist,random_unitary,123,860,0.8124442,0.06598939,1.01120012
fashion_mnist,random_unitary,123,861,0.81829021,0.05891365,0.97837162
fashion_mnist,random_unitary,123,862,0.82022186,0.050599,0.99182967
fashion_mnist,random_unitary,123,863,0.81912629,0.00972741,1.00417625
fashion_mnist,random_unitary,123,864,0.82978334,0.03593443,1.01551692
fashion_mnist,random_unitary,123,865,0.8138799,0.02603538,1.00467549
fashion_mnist,random_unitary,123,866,0.82877168,0.02381339,0.99786238
fashion_mnist,random_unitary,123,867,0.81836184,0.01317314,1.01104884
fashion_mnist,random_unitary,123,868,0.8110762,0.09599471,0.98050664
fashion_mnist,random_unitary,123,869,0.81332491,0.02759181,1.01464464
fashion_mnist,random_unitary,123,870,0.81254861,0.02622685,1.00996285
fashion_mnist,random_unitary,123,871,0.82169867,0.05159614,0.96867548
fashion_mnist,random_unitary,123,872,0.83403261,0.06965896,0.99120958
fashion_mnist,random_unitary,123,873,0.8146348,0.04930189,0.98315
fashion_mnist,random_unitary,123,874,0.81875382,0.03866964,0.98808826
fashion_mnist,random_unitary,123,875,0.81809372,0.00053043,0.97559219
fashion_mnist,random_unitary,123,876,0.82289925,0.00555473,1.00290367
fashion_mnist,random_unitary,123,877,0.81580672,0.04283643,0.99625803
fashion_mnist,random_unitary,123,878,0.82348056,0.07654309,1.00479646
fashion_mnist,random_unitary,123,879,0.81577988,0.08598744,0.99585669
fashion_mnist,random_unitary,123,880,0.81849095,0.06208537,1.03169096
fashion_mnist,random_unitary,123,881,0.8192676,0.08404863,0.99750342
fashion_mnist,random_unitary,123,882,0.82129303,0.11390896,0.970101
fashion_mnist,random_unitary,123,883,0.82151597,0.02523725,0.9712079
fashion_mnist,random_unitary,123,884,0.82911435,0.07996152,0.99371557
fashion_mnist,random_unitary,123,885,0.82770125,0.01958453,1.00438987
fashion_mnist,random_unitary,123,886,0.82280431,0.08331008,1.00282933
fashion_mnist,random_unitary,123,887,0.82221324,0.04365792,0.99183382
fashion_mnist,random_unitary,123,888,0.82443996,0.03177691,1.00495781
fashion_mnist,random_unitary,123,889,0.82303629,0.04273216,0.99013547
fashion_mnist,random_unitary,123,890,0.81839858,0.02935114,0.98662535
fashion_mnist,random_unitary,123,891,0.82078075,0.00676131,1.00573206
fashion_mnist,random_unitary,123,892,0.82323539,0.02361087,1.00297627
fashion_mnist,random_unitary,123,893,0.82683059,0.03214049,0.99224354
fashion_mnist,random_unitary,123,894,0.82387377,0.04012139,1.01119151
fashion_mnist,random_unitary,123,895,0.82792028,0.00511516,1.01141288
fashion_mnist,random_unitary,123,896,0.82363705,0.09739073,1.00817322
fashion_mnist,random_unitary,123,897,0.82881711,0.07794738,1.0235231
fashion_mnist,random_unitary,123,898,0.82102411,0.02436234,1.01248064
fashion_mnist,random_unitary,123,899,0.81764677,0.06408009,0.99417761
fashion_mnist,random_unitary,123,900,0.81937459,0.03864706,0.97726743
fashion_mnist,random_unitary,123,901,0.82120848,0.01898494,0.989135
fashion_mnist,random_unitary,123,902,0.81249665,0.06926366,1.02434621
fashion_mnist,random_unitary,123,903,0.82745445,0.02480936,1.02836965
fashion_mnist,random_unitary,123,904,0.83134123,0.0178773,0.98631539
fashion_mnist,random_unitary,123,905,0.82391818,0.00293394,0.99912484
fashion_mnist,random_unitary,123,906,0.82867254,0.02484863,1.00686308
fashion_mnist,random_unitary,123,907,0.81182527,0.0423343,1.013314
fashion_mnist,random_unitary,123,908,0.81031545,0.03474116,0.98865837
fashion_mnist,random_unitary,123,909,0.82003054,0.00170925,1.00212732
fashion_mnist,random_unitary,123,910,0.82605496,0.03745045,0.97199748
fashion_mnist,random_unitary,123,911,0.82551388,0.05340673,0.98757613
fashion_mnist,random_unitary,123,912,0.82418708,0.01436205,0.98532072
fashion_mnist,random_unitary,123,913,0.82361051,0.02761526,0.99276813
fashion_mnist,random_unitary,123,914,0.82661183,0.08186565,0.96815313
fashion_mnist,random_unitary,123,915,0.8168121,0.07224704,0.99476459
fashion_mnist,random_unitary,123,916,0.81651762,0.0311078,1.00070171
fashion_mnist,random_unitary,123,917,0.82261563,0.0243205,1.00027148
fashion_mnist,random_unitary,123,918,0.82669905,0.01891249,1.02923774
fashion_mnist,random_unitary,123,919,0.81272301,0.01956077,1.00333043
fashion_mnist,random_unitary,123,920,0.83977912,0.05298823,1.02685874
fashion_mnist,random_unitary,123,921,0.81074516,0.00111729,0.99380476
fashion_mnist,random_unitary,123,922,0.82235411,0.02289716,1.01257322
fashion_mnist,random_unitary,123,923,0.82045183,0.00797904,1.0099475
fashion_mnist,random_unitary,123,924,0.82448401,0.01817412,0.98036098
fashion_mnist,random_unitary,123,925,0.82646754,0.04015269,0.96405941
fashion_mnist,random_unitary,123,926,0.82345097,0.00981034,1.00504059
fashion_mnist,random_unitary,123,927,0.82374529,0.05854886,0.99982235
fashion_mnist,random_unitary,123,928,0.81795227,0.05967815,1.01994462
fashion_mnist,random_unitary,123,929,0.82877996,0.06140311,0.98902067
fashion_mnist,random_unitary,123,930,0.81264722,0.01251693,1.00290379
fashion_mnist,random_unitary,123,931,0.81400276,0.08227592,1.01955955
fashion_mnist,random_unitary,123,932,0.81780335,0.00061032,0.96492526
fashion_mnist,random_unitary,123,933,0.82955498,0.02199203,0.99819239
fashion_mnist,random_unitary,123,934,0.83351476,0.03201263,0.99959518
fashion_mnist,random_unitary,123,935,0.82958661,0.02981671,1.02120208
fashion_mnist,random_unitary,123,936,0.82570611,0.05918588,1.01291457
fashion_mnist,random_unitary,123,937,0.81492908,0.00040104,0.98874382
fashion_mnist,random_unitary,123,938,0.82609295,0.02537503,1.00721143
fashion_mnist,random_unitary,123,939,0.83019067,0.07373328,1.0009298
fashion_mnist,random_unitary,123,940,0.82855757,0.08022569,1.00285711
fashion_mnist,random_unitary,123,941,0.82200687,0.07485113,1.01906539
fashion_mnist,random_unitary,123,942,0.82823726,0.06011092,1.0195736
fashion_mnist,random_unitary,123,943,0.81448237,0.02055046,0.98577492
fashion_mnist,random_unitary,123,944,0.83453292,8.015e-05,0.98911806
fashion_mnist,random_unitary,123,945,0.81480029,0.03454486,0.9902916
fashion_mnist,random_unitary,123,946,0.82992594,0.0725134,1.00894827
fashion_mnist,random_unitary,123,947,0.82345869,0.05006091,1.02514303
fashion_mnist,random_unitary,123,948,0.8241128,0.06364769,1.04073136
fashion_mnist,random_unitary,123,949,0.82097537,0.03954321,1.01794489
fashion_mnist,random_unitary,123,950,0.82822242,0.10467886,1.02481237
fashion_mnist,random_unitary,123,951,0.82435217,0.04672878,0.98116378
fashion_mnist,random_unitary,123,952,0.81815398,0.029275,1.02354114
fashion_mnist,random_unitary,123,953,0.82522075,0.05537545,1.02681097
fashion_mnist,random_unitary,123,954,0.82597346,0.01875125,0.99754142
fashion_mnist,random_unitary,123,955,0.83167994,0.01854361,1.00327545
fashion_mnist,random_unitary,123,956,0.823202,0.03916014,0.98432233
fashion_mnist,random_unitary,123,957,0.82064904,0.04548834,1.00016692
fashion_mnist,random_unitary,123,958,0.81894353,0.0161415,0.97861193
fashion_mnist,random_unitary,123,959,0.8098001,0.01342221,0.97643845
fashion_mnist,random_unitary,123,960,0.82297146,0.03529863,1.01295797
fashion_mnist,random_unitary,123,961,0.82990183,0.08538441,1.00561372
fashion_mnist,random_unitary,123,962,0.82676439,0.03359149,0.97437676
fashion_mnist,random_unitary,123,963,0.82912548,0.08604184,1.00746768
fashion_mnist,random_unitary,123,964,0.82102482,0.03726619,0.98281764
fashion_mnist,random_unitary,123,965,0.81814151,0.1458466,1.00188788
fashion_mnist,random_unitary,123,966,0.819592,0.03164484,0.99777071
fashion_mnist,random_unitary,123,967,0.82856228,0.0155856,0.98577708
fashion_mnist,random_unitary,123,968,0.81655455,0.06450681,0.99385918
fashion_mnist,random_unitary,123,969,0.81396967,0.07758307,0.98930948
fashion_mnist,random_unitary,123,970,0.82431106,0.00977203,1.01056224
fashion_mnist,random_unitary,123,971,0.8284762,0.00473908,1.02020939
fashion_mnist,random_unitary,123,972,0.81933324,0.06921586,0.9843768
fashion_mnist,random_unitary,123,973,0.82035568,0.02964839,0.98197305
fashion_mnist,random_unitary,123,974,0.82104837,0.01469252,0.98245422
fashion_mnist,random_unitary,123,975,0.82605028,0.07362456,0.98338989
fashion_mnist,random_unitary,123,976,0.82875179,0.00135513,0.98399543
fashion_mnist,random_unitary,123,977,0.82134056,0.00570417,1.01646411
fashion_mnist,random_unitary,123,978,0.82886087,0.01976504,1.00948382
fashion_mnist,random_unitary,123,979,0.8213385,0.05259277,1.01991764
fashion_mnist,random_unitary,123,980,0.81965223,0.02470204,1.00169455
fashion_mnist,random_unitary,123,981,0.81501425,0.00251106,0.99872333
fashion_mnist,random_unitary,123,982,0.82031359,0.00891727,1.00956039
fashion_mnist,random_unitary,123,983,0.82603621,0.06385379,0.99238135
fashion_mnist,random_unitary,123,984,0.83096005,0.02073843,1.03142034
fashion_mnist,random_unitary,123,985,0.82061026,0.04402837,1.0041491
fashion_mnist,random_unitary,123,986,0.82736238,0.0881312,0.98985185
fashion_mnist,random_unitary,123,987,0.83464922,0.13424498,0.99197633
fashion_mnist,random_unitary,123,988,0.8124182,0.01260937,0.99229536
fashion_mnist,random_unitary,123,989,0.82041977,0.04698537,0.98395366
fashion_mnist,random_unitary,123,990,0.82022075,0.01446207,1.00031203
fashion_mnist,random_unitary,123,991,0.83370936,0.023686,0.99484777
fashion_mnist,random_unitary,123,992,0.82783977,0.00067821,0.99516374
fashion_mnist,random_unitary,123,993,0.83417906,0.04619704,1.00310613
fashion_mnist,random_unitary,123,994,0.83283179,0.07248397,0.98656777
fashion_mnist,random_unitary,123,995,0.82383458,0.05336804,1.01323605
fashion_mnist,random_unitary,123,996,0.82880754,0.00139794,0.98165657
fashion_mnist,random_unitary,123,997,0.81186937,0.00357298,0.98050415
fashion_mnist,random_unitary,123,998,0.82678887,0.00930902,1.0212595
fashion_mnist,random_unitary,123,999,0.82163486,0.04337353,1.00860353
fashion_mnist,random_unitary,256,0,0.81067984,0.09160169,1.00393953
fashion_mnist,random_unitary,256,1,0.81661319,0.06825325,1.00297108
fashion_mnist,random_unitary,256,2,0.81992267,0.02642342,1.0265978
fashion_mnist,random_unitary,256,3,0.84250694,0.06941706,0.9986043
fashion_mnist,random_unitary,256,4,0.83069196,0.06019944,1.00271782
fashion_mnist,random_unitary,256,5,0.81812799,0.02707248,0.99563728
fashion_mnist,random_unitary,256,6,0.82265747,0.04495306,0.98341938
fashion_mnist,random_unitary,256,7,0.81792034,0.01028555,0.99231589
fashion_mnist,random_unitary,256,8,0.82571259,0.0351367,1.0001754
fashion_mnist,random_unitary,256,9,0.82971038,0.03121333,1.02324062
fashion_mnist,random_unitary,256,10,0.82211349,0.02961829,0.98852181
fashion_mnist,random_unitary,256,11,0.82726626,0.04085637,0.9824956
fashion_mnist,random_unitary,256,12,0.81253216,0.01306888,0.99466758
fashion_mnist,random_unitary,256,13,0.8166233,0.06355362,1.00710354
fashion_mnist,random_unitary,256,14,0.82005814,0.09779068,0.99291301
fashion_mnist,random_unitary,256,15,0.82647708,0.00539236,1.01843289
fashion_mnist,random_unitary,256,16,0.82630997,0.05655586,1.01053487
fashion_mnist,random_unitary,256,17,0.82084895,0.11093764,0.98417521
fashion_mnist,random_unitary,256,18,0.81354379,0.07534668,0.99538781
fashion_mnist,random_unitary,256,19,0.82455319,0.07413047,1.02004332
fashion_mnist,random_unitary,256,20,0.8173537,0.02392013,1.01408808
fashion_mnist,random_unitary,256,21,0.81853438,0.0296994,1.00523029
fashion_mnist,random_unitary,256,22,0.81899616,0.00169695,0.97977126
fashion_mnist,random_unitary,256,23,0.82493491,0.04209526,0.99868742
fashion_mnist,random_unitary,256,24,0.82647254,0.01851097,0.99611226
fashion_mnist,random_unitary,256,25,0.82640599,0.00114412,1.0132389
fashion_mnist,random_unitary,256,26,0.82512753,0.08649628,0.99955689
fashion_mnist,random_unitary,256,27,0.81515216,0.01668635,0.98159985
fashion_mnist,random_unitary,256,28,0.82178803,0.08504183,0.99497458
fashion_mnist,random_unitary,256,29,0.8201435,0.00527361,0.99524624
fashion_mnist,random_unitary,256,30,0.82021954,0.04813245,1.00038523
fashion_mnist,random_unitary,256,31,0.81701773,0.01236059,0.99647025
fashion_mnist,random_unitary,256,32,0.81055056,0.09047686,1.00225859
fashion_mnist,random_unitary,256,33,0.8240673,0.02492017,0.97694739
fashion_mnist,random_unitary,256,34,0.81867331,0.02480907,0.99297637
fashion_mnist,random_unitary,256,35,0.82960559,0.00094157,1.01544784
fashion_mnist,random_unitary,256,36,0.8311847,0.00656206,1.00737589
fashion_mnist,random_unitary,256,37,0.82309952,0.05005157,0.99441984
fashion_mnist,random_unitary,256,38,0.83360637,0.04192315,0.98716818
fashion_mnist,random_unitary,256,39,0.8298029,0.02591606,1.0015925
fashion_mnist,random_unitary,256,40,0.82178757,0.04411447,0.99729586
fashion_mnist,random_unitary,256,41,0.81231427,0.0581903,0.98659164
fashion_mnist,random_unitary,256,42,0.82238028,0.0559523,0.99707537
fashion_mnist,random_unitary,256,43,0.82422078,0.05764293,1.00646962
fashion_mnist,random_unitary,256,44,0.82154238,0.00363522,0.98720999
fashion_mnist,random_unitary,256,45,0.81360409,0.01863945,1.01345929
fashion_mnist,random_unitary,256,46,0.83969491,0.03799575,1.01361834
fashion_mnist,random_unitary,256,47,0.8193447,0.00263877,0.98803779
fashion_mnist,random_unitary,256,48,0.82786897,0.12628661,0.99047274
fashion_mnist,random_unitary,256,49,0.81724597,0.05809059,0.99613647
fashion_mnist,random_unitary,256,50,0.82236774,0.01702418,1.01400543
fashion_mnist,random_unitary,256,51,0.81959385,0.05112632,1.00236774
fashion_mnist,random_unitary,256,52,0.82665802,0.0661039,1.01495649
fashion_mnist,random_unitary,256,53,0.82031549,0.00670817,0.99298452
fashion_mnist,random_unitary,256,54,0.823662,0.01713772,0.99356506
fashion_mnist,random_unitary,256,55,0.82689469,0.01124448,1.01482357
fashion_mnist,random_unitary,256,56,0.82170633,0.01444557,1.00063651
fashion_mnist,random_unitary,256,57,0.82734471,0.07302049,0.98430458
fashion_mnist,random_unitary,256,58,0.82730883,0.06575374,1.00567411
fashion_mnist,random_unitary,256,59,0.82392942,0.03551028,0.9845272
fashion_mnist,random_unitary,256,60,0.81182842,0.00212942,1.01351407
fashion_mnist,random_unitary,256,61,0.82410902,0.00310743,1.02310649
fashion_mnist,random_unitary,256,62,0.82272443,0.02030933,1.01300658
fashion_mnist,random_unitary,256,63,0.81595764,0.04677459,0.98770685
fashion_mnist,random_unitary,256,64,0.82618855,0.07023398,0.98028906
fashion_mnist,random_unitary,256,65,0.82477574,0.04541067,0.98477146
fashion_mnist,random_unitary,256,66,0.81354361,0.03000515,1.01255348
fashion_mnist,random_unitary,256,67,0.81963001,0.01559623,1.01860237
fashion_mnist,random_unitary,256,68,0.83444655,0.00921673,0.97414788
fashion_mnist,random_unitary,256,69,0.82977889,0.03410001,0.99773249
fashion_mnist,random_unitary,256,70,0.82821987,0.05339018,0.96732441
fashion_mnist,random_unitary,256,71,0.83593647,0.01471629,0.98563437
fashion_mnist,random_unitary,256,72,0.83201753,0.02598588,0.98845881
fashion_mnist,random_unitary,256,73,0.82036558,0.04121345,1.01146615
fashion_mnist,random_unitary,256,74,0.81689878,0.03533738,0.97855222
fashion_mnist,random_unitary,256,75,0.83319177,0.01998323,1.00943071
fashion_mnist,random_unitary,256,76,0.82351872,0.02120158,0.98955225
fashion_mnist,random_unitary,256,77,0.81732191,0.01855662,0.99576849
fashion_mnist,random_unitary,256,78,0.82781612,0.07677562,0.98198672
fashion_mnist,random_unitary,256,79,0.82346185,0.049166,1.03039921
fashion_mnist,random_unitary,256,80,0.82225442,0.03759138,1.01516852
fashion_mnist,random_unitary,256,81,0.81306569,0.04411621,0.99756929
fashion_mnist,random_unitary,256,82,0.80418493,0.09205207,1.00698715
fashion_mnist,random_unitary,256,83,0.81074116,0.06307851,1.00166194
fashion_mnist,random_unitary,256,84,0.82422923,0.0173703,1.00102697
fashion_mnist,random_unitary,256,85,0.82964502,0.1088171,0.99111877
fashion_mnist,random_unitary,256,86,0.82851205,0.0546587,0.99860733
fashion_mnist,random_unitary,256,87,0.82968172,0.03285817,1.00200684
fashion_mnist,random_unitary,256,88,0.82566934,0.07436054,0.98574251
fashion_mnist,random_unitary,256,89,0.83475883,0.02258797,1.00164745
fashion_mnist,random_unitary,256,90,0.81096909,0.04258532,1.00699297
fashion_mnist,random_unitary,256,91,0.83002754,0.02875379,0.99868442
fashion_mnist,random_unitary,256,92,0.8087097,0.01774228,0.95388816
fashion_mnist,random_unitary,256,93,0.82091732,0.12064283,0.99676497
fashion_mnist,random_unitary,256,94,0.83469304,0.1017553,1.01913927
fashion_mnist,random_unitary,256,95,0.81405886,0.05838754,0.98746889
fashion_mnist,random_unitary,256,96,0.81172322,0.01939975,1.00971863
fashion_mnist,random_unitary,256,97,0.81812762,0.10805158,0.97476158
fashion_mnist,random_unitary,256,98,0.824056,0.04219982,0.99281874
fashion_mnist,random_unitary,256,99,0.82356994,0.01664519,0.98704204
fashion_mnist,random_unitary,256,100,0.82620041,0.08292698,1.03246041
fashion_mnist,random_unitary,256,101,0.82094113,0.00874846,1.01988529
fashion_mnist,random_unitary,256,102,0.81992418,0.05005235,0.99919994
fashion_mnist,random_unitary,256,103,0.81450487,0.08010858,1.00075615
fashion_mnist,random_unitary,256,104,0.81990234,0.10109427,1.00535824
fashion_mnist,random_unitary,256,105,0.82086648,0.03135499,1.01457424
fashion_mnist,random_unitary,256,106,0.82554984,0.03219092,1.00566276
fashion_mnist,random_unitary,256,107,0.82838972,0.04970139,0.99582033
fashion_mnist,random_unitary,256,108,0.82696255,0.08694403,0.98974388
fashion_mnist,random_unitary,256,109,0.82783415,0.01891157,0.966619
fashion_mnist,random_unitary,256,110,0.82180316,0.01011526,0.9710452
fashion_mnist,random_unitary,256,111,0.81383706,0.03135089,0.99835914
fashion_mnist,random_unitary,256,112,0.82040761,0.11935761,1.0066463
fashion_mnist,random_unitary,256,113,0.83593256,0.04607562,0.99758868
fashion_mnist,random_unitary,256,114,0.81788948,0.01721444,1.00215181
fashion_mnist,random_unitary,256,115,0.83230986,0.06978414,1.00794018
fashion_mnist,random_unitary,256,116,0.8323596,0.00311735,1.01888811
fashion_mnist,random_unitary,256,117,0.82668829,0.0430421,0.99721604
fashion_mnist,random_unitary,256,118,0.82678899,0.01168216,0.98618794
fashion_mnist,random_unitary,256,119,0.82350015,0.00718266,0.99763565
fashion_mnist,random_unitary,256,120,0.83284761,0.00958371,1.01692998
fashion_mnist,random_unitary,256,121,0.82673793,0.00997461,0.99687275
fashion_mnist,random_unitary,256,122,0.82210318,0.00705143,0.9943579
fashion_mnist,random_unitary,256,123,0.82572132,0.03585921,0.99217252
fashion_mnist,random_unitary,256,124,0.82231787,0.00695395,1.00617435
fashion_mnist,random_unitary,256,125,0.82581303,0.05161109,0.99677584
fashion_mnist,random_unitary,256,126,0.82092521,0.03454662,0.97354925
fashion_mnist,random_unitary,256,127,0.83204153,0.0854052,0.99221466
fashion_mnist,random_unitary,256,128,0.82853808,0.02705203,0.99987461
fashion_mnist,random_unitary,256,129,0.8260855,0.03167929,1.02809212
fashion_mnist,random_unitary,256,130,0.81579614,0.01042526,1.00480282
fashion_mnist,random_unitary,256,131,0.81788036,0.03044,0.9734483
fashion_mnist,random_unitary,256,132,0.81838724,0.03853313,1.0018654
fashion_mnist,random_unitary,256,133,0.82276997,0.096337,0.97971481
fashion_mnist,random_unitary,256,134,0.8184331,0.09348958,0.99643385
fashion_mnist,random_unitary,256,135,0.82632939,0.02226733,0.9826702
fashion_mnist,random_unitary,256,136,0.81559161,0.01909517,0.99034762
fashion_mnist,random_unitary,256,137,0.82404402,0.00671989,0.99303619
fashion_mnist,random_unitary,256,138,0.82079585,0.08754456,0.99793414
fashion_mnist,random_unitary,256,139,0.83665522,0.03508778,1.00472461
fashion_mnist,random_unitary,256,140,0.82686802,0.04088502,0.98722286
fashion_mnist,random_unitary,256,141,0.82403969,0.0877914,0.982323
fashion_mnist,random_unitary,256,142,0.8187629,0.02893485,1.00155737
fashion_mnist,random_unitary,256,143,0.82436578,0.00945104,1.00860407
fashion_mnist,random_unitary,256,144,0.825445,0.00580238,0.9984694
fashion_mnist,random_unitary,256,145,0.82976962,0.03984286,1.01921319
fashion_mnist,random_unitary,256,146,0.81820402,0.04852455,1.00291377
fashion_mnist,random_unitary,256,147,0.81262095,0.00073187,1.01356352
fashion_mnist,random_unitary,256,148,0.82438485,0.02389207,1.02284802
fashion_mnist,random_unitary,256,149,0.82390484,0.05158546,1.01633762
fashion_mnist,random_unitary,256,150,0.82309298,0.06143667,1.01272739
fashion_mnist,random_unitary,256,151,0.82969662,0.01961855,1.00633393
fashion_mnist,random_unitary,256,152,0.81726107,0.01589992,0.98424951
fashion_mnist,random_unitary,256,153,0.82567312,0.012526,1.01576541
fashion_mnist,random_unitary,256,154,0.83327367,0.1095374,0.99044392
fashion_mnist,random_unitary,256,155,0.82049905,0.01070694,1.00006011
fashion_mnist,random_unitary,256,156,0.80764564,0.05913967,1.00554169
fashion_mnist,random_unitary,256,157,0.81470908,0.06223718,0.99169335
fashion_mnist,random_unitary,256,158,0.82132199,0.05007166,0.98872907
fashion_mnist,random_unitary,256,159,0.84039391,0.00210112,0.98944854
fashion_mnist,random_unitary,256,160,0.82096629,0.01330599,1.00836846
fashion_mnist,random_unitary,256,161,0.82489516,0.00457965,0.98919505
fashion_mnist,random_unitary,256,162,0.83109112,0.06581499,0.98031484
fashion_mnist,random_unitary,256,163,0.81823693,0.0332516,0.97953672
fashion_mnist,random_unitary,256,164,0.82095561,0.05315012,1.00747105
fashion_mnist,random_unitary,256,165,0.81489553,0.05461268,1.01824212
fashion_mnist,random_unitary,256,166,0.82150696,0.00138202,0.98584428
fashion_mnist,random_unitary,256,167,0.8274434,0.01331645,0.99375873
fashion_mnist,random_unitary,256,168,0.82417797,0.01424518,1.00616231
fashion_mnist,random_unitary,256,169,0.82127583,0.08616614,0.99339046
fashion_mnist,random_unitary,256,170,0.81225312,0.06760307,0.99322434
fashion_mnist,random_unitary,256,171,0.81570708,0.00235428,0.97040902
fashion_mnist,random_unitary,256,172,0.82821048,0.0854193,0.99343562
fashion_mnist,random_unitary,256,173,0.82099247,0.12755475,1.00063729
fashion_mnist,random_unitary,256,174,0.82543689,0.06225491,0.99311738
fashion_mnist,random_unitary,256,175,0.82450895,0.04375547,0.96816929
fashion_mnist,random_unitary,256,176,0.82824092,0.00429151,1.00102135
fashion_mnist,random_unitary,256,177,0.81131057,0.03494089,0.994797
fashion_mnist,random_unitary,256,178,0.82232069,0.07007088,1.00008734
fashion_mnist,random_unitary,256,179,0.82132177,0.06918448,1.00567381
fashion_mnist,random_unitary,256,180,0.82539533,0.03486378,0.98832945
fashion_mnist,random_unitary,256,181,0.82110865,0.03207185,1.01413439
fashion_mnist,random_unitary,256,182,0.82574195,0.01602628,0.98821224
fashion_mnist,random_unitary,256,183,0.81022084,0.0304487,0.99183783
fashion_mnist,random_unitary,256,184,0.82007373,0.01938826,1.02195572
fashion_mnist,random_unitary,256,185,0.81687093,0.05856377,1.00569156
fashion_mnist,random_unitary,256,186,0.81795889,0.006211,0.98145121
fashion_mnist,random_unitary,256,187,0.81407693,0.00623474,0.99274632
fashion_mnist,random_unitary,256,188,0.82751962,0.09256919,1.00386367
fashion_mnist,random_unitary,256,189,0.82105933,0.00979267,0.98042986
fashion_mnist,random_unitary,256,190,0.8215421,0.02514075,0.97492487
fashion_mnist,random_unitary,256,191,0.81320933,0.06095682,1.01276084
fashion_mnist,random_unitary,256,192,0.8198313,0.00971221,1.00806215
fashion_mnist,random_unitary,256,193,0.82343057,0.0255772,0.99484734
fashion_mnist,random_unitary,256,194,0.83441604,0.07007617,0.99682852
fashion_mnist,random_unitary,256,195,0.82177551,0.14626079,0.98776583
fashion_mnist,random_unitary,256,196,0.82887958,0.03358028,0.991201
fashion_mnist,random_unitary,256,197,0.8167847,0.00206903,0.97044748
fashion_mnist,random_unitary,256,198,0.81990302,0.05699694,1.00900883
fashion_mnist,random_unitary,256,199,0.83458029,0.00093525,0.99234696
fashion_mnist,random_unitary,256,200,0.82673941,0.08455891,0.99770569
fashion_mnist,random_unitary,256,201,0.8183348,0.01622009,0.97937951
fashion_mnist,random_unitary,256,202,0.81757735,0.02494231,1.00261158
fashion_mnist,random_unitary,256,203,0.84101567,0.06976323,1.00349507
fashion_mnist,random_unitary,256,204,0.82537095,0.00509364,0.97730472
fashion_mnist,random_unitary,256,205,0.81359747,0.03549015,0.96228344
fashion_mnist,random_unitary,256,206,0.82642599,0.14157914,0.98995984
fashion_mnist,random_unitary,256,207,0.81987745,0.11771793,1.01311492
fashion_mnist,random_unitary,256,208,0.82825536,0.04320172,1.01915894
fashion_mnist,random_unitary,256,209,0.81497635,0.01993086,0.97003125
fashion_mnist,random_unitary,256,210,0.81807339,0.05037616,0.99435652
fashion_mnist,random_unitary,256,211,0.81963782,0.01925778,1.01806182
fashion_mnist,random_unitary,256,212,0.82036066,0.02928838,1.00144909
fashion_mnist,random_unitary,256,213,0.80954602,0.03115072,0.97585068
fashion_mnist,random_unitary,256,214,0.82677516,0.0626828,1.01924851
fashion_mnist,random_unitary,256,215,0.82232632,0.01747029,1.01608619
fashion_mnist,random_unitary,256,216,0.82265062,0.06715145,0.99383536
fashion_mnist,random_unitary,256,217,0.81945303,0.07988013,1.0064322
fashion_mnist,random_unitary,256,218,0.8283611,0.04392572,0.96954509
fashion_mnist,random_unitary,256,219,0.82372272,0.07130197,1.00687031
fashion_mnist,random_unitary,256,220,0.8290252,0.06307672,0.99590968
fashion_mnist,random_unitary,256,221,0.83083841,0.02168737,0.98665096
fashion_mnist,random_unitary,256,222,0.82265166,0.01811685,0.98396033
fashion_mnist,random_unitary,256,223,0.82281221,0.04354673,1.01226912
fashion_mnist,random_unitary,256,224,0.82808183,0.04559214,0.99906957
fashion_mnist,random_unitary,256,225,0.82643817,0.05133952,1.02221078
fashion_mnist,random_unitary,256,226,0.82365556,0.02004775,0.99785873
fashion_mnist,random_unitary,256,227,0.8255926,0.03359002,1.00345498
fashion_mnist,random_unitary,256,228,0.82634565,0.04404342,0.98794591
fashion_mnist,random_unitary,256,229,0.81676479,0.01735458,1.01467331
fashion_mnist,random_unitary,256,230,0.81048222,0.01242959,0.98947669
fashion_mnist,random_unitary,256,231,0.82463248,0.10120063,0.96780141
fashion_mnist,random_unitary,256,232,0.83878425,0.00394602,1.00730854
fashion_mnist,random_unitary,256,233,0.82633459,0.0279841,0.99150748
fashion_mnist,random_unitary,256,234,0.81529218,0.08025426,1.01705398
fashion_mnist,random_unitary,256,235,0.82131935,0.14347518,1.0047391
fashion_mnist,random_unitary,256,236,0.82709343,0.04429851,0.98883651
fashion_mnist,random_unitary,256,237,0.82506615,0.07471744,1.00718622
fashion_mnist,random_unitary,256,238,0.82057373,0.02503362,0.97692765
fashion_mnist,random_unitary,256,239,0.82054673,0.00990631,0.9991756
fashion_mnist,random_unitary,256,240,0.82465944,0.02157637,0.99749282
fashion_mnist,random_unitary,256,241,0.84030414,0.078407,1.02206558
fashion_mnist,random_unitary,256,242,0.81907505,0.06708314,0.98758858
fashion_mnist,random_unitary,256,243,0.83282062,0.09543417,0.97727631
fashion_mnist,random_unitary,256,244,0.81194669,0.09792631,1.02302077
fashion_mnist,random_unitary,256,245,0.81864147,0.01117445,0.96799385
fashion_mnist,random_unitary,256,246,0.82449938,0.11139084,1.02927847
fashion_mnist,random_unitary,256,247,0.82667125,0.01203231,0.97968443
fashion_mnist,random_unitary,256,248,0.81966982,0.00194652,1.00051282
fashion_mnist,random_unitary,256,249,0.82200458,0.01062327,0.97646303
fashion_mnist,random_unitary,256,250,0.81859397,0.03978217,0.9782695
fashion_mnist,random_unitary,256,251,0.82245047,0.05578226,1.00390222
fashion_mnist,random_unitary,256,252,0.8149006,0.06629513,1.0017812
fashion_mnist,random_unitary,256,253,0.80746812,0.05741121,1.001795
fashion_mnist,random_unitary,256,254,0.8237731,0.00272193,0.97603202
fashion_mnist,random_unitary,256,255,0.81455501,0.08212011,1.01206431
fashion_mnist,random_unitary,256,256,0.81672532,0.04899373,1.02397457
fashion_mnist,random_unitary,256,257,0.81260876,0.02186743,0.96849123
fashion_mnist,random_unitary,256,258,0.82800421,0.00113846,0.98204185
fashion_mnist,random_unitary,256,259,0.8185174,0.05263561,1.00539739
fashion_mnist,random_unitary,256,260,0.81804926,0.01134521,0.97187348
fashion_mnist,random_unitary,256,261,0.82959492,0.02134249,0.98514549
fashion_mnist,random_unitary,256,262,0.82596064,0.06754694,0.98150849
fashion_mnist,random_unitary,256,263,0.82224427,0.01132399,0.98649678
fashion_mnist,random_unitary,256,264,0.81838138,0.02470843,1.01541583
fashion_mnist,random_unitary,256,265,0.82093279,0.06378372,0.9852422
fashion_mnist,random_unitary,256,266,0.81405009,0.01046875,1.03423478
fashion_mnist,random_unitary,256,267,0.81657587,0.05792567,0.98863342
fashion_mnist,random_unitary,256,268,0.8256531,0.01208176,0.99903119
fashion_mnist,random_unitary,256,269,0.83277293,0.01707987,0.97961069
fashion_mnist,random_unitary,256,270,0.82638616,0.00630779,0.98293116
fashion_mnist,random_unitary,256,271,0.81878234,0.02471839,0.96518191
fashion_mnist,random_unitary,256,272,0.82670391,0.04557285,0.99179665
fashion_mnist,random_unitary,256,273,0.82602679,0.04266837,0.98735311
fashion_mnist,random_unitary,256,274,0.82891457,0.03527101,1.01102847
fashion_mnist,random_unitary,256,275,0.81294756,0.02877587,0.99118555
fashion_mnist,random_unitary,256,276,0.82336662,0.00855723,0.97264245
fashion_mnist,random_unitary,256,277,0.8237002,0.01508562,0.99775278
fashion_mnist,random_unitary,256,278,0.82032923,0.04305401,1.00496003
fashion_mnist,random_unitary,256,279,0.81841366,0.06425996,1.0052288
fashion_mnist,random_unitary,256,280,0.82422563,0.00058519,0.98354057
fashion_mnist,random_unitary,256,281,0.82164548,0.0110362,1.00367847
fashion_mnist,random_unitary,256,282,0.81809255,0.02674265,1.00933254
fashion_mnist,random_unitary,256,283,0.8276882,0.01164529,1.03025531
fashion_mnist,random_unitary,256,284,0.82182394,0.02491471,1.01087451
fashion_mnist,random_unitary,256,285,0.81374557,0.02555464,0.99248639
fashion_mnist,random_unitary,256,286,0.83064529,0.02551544,0.98020163
fashion_mnist,random_unitary,256,287,0.81905489,0.02296966,0.98552254
fashion_mnist,random_unitary,256,288,0.83181944,0.01499607,0.98172072
fashion_mnist,random_unitary,256,289,0.812472,0.02987238,0.99827564
fashion_mnist,random_unitary,256,290,0.81334567,0.01114429,0.99006882
fashion_mnist,random_unitary,256,291,0.83703551,0.01412518,1.00568166
fashion_mnist,random_unitary,256,292,0.81714656,0.00716875,0.97277149
fashion_mnist,random_unitary,256,293,0.82615188,0.16355278,1.01170512
fashion_mnist,random_unitary,256,294,0.82501592,0.02239404,1.00645594
fashion_mnist,random_unitary,256,295,0.81126275,0.00738246,0.97697149
fashion_mnist,random_unitary,256,296,0.82510469,0.03512118,0.99353406
fashion_mnist,random_unitary,256,297,0.81909218,0.06602594,0.99229533
fashion_mnist,random_unitary,256,298,0.82595671,0.12115443,0.96706431
fashion_mnist,random_unitary,256,299,0.82003823,0.04629368,0.98983248
fashion_mnist,random_unitary,256,300,0.83054841,0.00610535,1.02454865
fashion_mnist,random_unitary,256,301,0.8119313,0.01286435,1.00554833
fashion_mnist,random_unitary,256,302,0.82444029,0.00917815,1.00632011
fashion_mnist,random_unitary,256,303,0.82659065,0.00635837,1.0114906
fashion_mnist,random_unitary,256,304,0.81718302,0.02532463,1.03254985
fashion_mnist,random_unitary,256,305,0.82517047,0.00364225,0.99470412
fashion_mnist,random_unitary,256,306,0.8161631,0.06471377,0.99003595
fashion_mnist,random_unitary,256,307,0.81879205,0.1235343,0.99301794
fashion_mnist,random_unitary,256,308,0.82179062,0.02927166,0.99996048
fashion_mnist,random_unitary,256,309,0.82215737,0.06467797,1.0088279
fashion_mnist,random_unitary,256,310,0.82376807,0.11393637,1.0011027
fashion_mnist,random_unitary,256,311,0.81112985,0.00076987,1.00532989
fashion_mnist,random_unitary,256,312,0.8134675,0.00434289,1.02386114
fashion_mnist,random_unitary,256,313,0.8118905,0.04838797,0.9985204
fashion_mnist,random_unitary,256,314,0.81814844,0.11421747,0.98268353
fashion_mnist,random_unitary,256,315,0.82092049,0.0231313,0.98313737
fashion_mnist,random_unitary,256,316,0.82528075,0.00294391,0.98459171
fashion_mnist,random_unitary,256,317,0.82336472,0.03366748,1.00735459
fashion_mnist,random_unitary,256,318,0.83464433,0.0223043,1.00403696
fashion_mnist,random_unitary,256,319,0.82926498,0.02811483,0.9998908
fashion_mnist,random_unitary,256,320,0.83142456,0.01281506,1.01646207
fashion_mnist,random_unitary,256,321,0.82126791,0.0365439,0.97198642
fashion_mnist,random_unitary,256,322,0.81908243,0.04950442,0.99171742
fashion_mnist,random_unitary,256,323,0.81138871,0.00565068,0.99230902
fashion_mnist,random_unitary,256,324,0.82781344,0.034085,1.00959945
fashion_mnist,random_unitary,256,325,0.81444454,0.02241029,1.0051392
fashion_mnist,random_unitary,256,326,0.82185126,0.01243448,1.01887362
fashion_mnist,random_unitary,256,327,0.82044848,0.02792223,0.99567261
fashion_mnist,random_unitary,256,328,0.82515927,0.02355566,0.99838184
fashion_mnist,random_unitary,256,329,0.82685563,0.02744377,0.99616215
fashion_mnist,random_unitary,256,330,0.831408,0.00033063,1.00661584
fashion_mnist,random_unitary,256,331,0.82395809,0.0262867,1.00449462
fashion_mnist,random_unitary,256,332,0.81800912,0.00205502,0.997205
fashion_mnist,random_unitary,256,333,0.82210369,0.03236584,0.9941238
fashion_mnist,random_unitary,256,334,0.81635447,0.03137148,0.98233375
fashion_mnist,random_unitary,256,335,0.82177391,0.05835762,0.99896117
fashion_mnist,random_unitary,256,336,0.81745922,0.02434594,0.97762473
fashion_mnist,random_unitary,256,337,0.82837587,0.01410987,1.00442592
fashion_mnist,random_unitary,256,338,0.82930816,0.06429565,1.00808503
fashion_mnist,random_unitary,256,339,0.82642254,0.09569921,1.014153
fashion_mnist,random_unitary,256,340,0.82071029,0.01087048,1.0166037
fashion_mnist,random_unitary,256,341,0.82320614,0.02112427,0.98208854
fashion_mnist,random_unitary,256,342,0.82489712,0.03783744,0.99382552
fashion_mnist,random_unitary,256,343,0.82419118,0.05725341,1.01127407
fashion_mnist,random_unitary,256,344,0.81918067,0.06479571,0.98107671
fashion_mnist,random_unitary,256,345,0.82265803,0.09701869,1.00135989
fashion_mnist,random_unitary,256,346,0.81986444,0.01986862,1.00212762
fashion_mnist,random_unitary,256,347,0.82625454,0.04989547,1.00252617
fashion_mnist,random_unitary,256,348,0.81714202,0.04868876,1.01404243
fashion_mnist,random_unitary,256,349,0.82021758,0.05793283,1.01151137
fashion_mnist,random_unitary,256,350,0.82993681,0.01144414,1.00244897
fashion_mnist,random_unitary,256,351,0.81359638,0.03142407,0.996031
fashion_mnist,random_unitary,256,352,0.82896628,0.04324251,0.97500502
fashion_mnist,random_unitary,256,353,0.82540239,0.02220629,0.98182679
fashion_mnist,random_unitary,256,354,0.82053289,0.01917619,0.98432703
fashion_mnist,random_unitary,256,355,0.82198058,0.02028346,0.98819401
fashion_mnist,random_unitary,256,356,0.82201238,0.01892783,1.01934291
fashion_mnist,random_unitary,256,357,0.816462,0.01080965,1.00141221
fashion_mnist,random_unitary,256,358,0.81969715,0.03265017,1.00441276
fashion_mnist,random_unitary,256,359,0.81557249,0.02246977,1.00071478
fashion_mnist,random_unitary,256,360,0.82212854,0.05691964,1.01828341
fashion_mnist,random_unitary,256,361,0.82848135,0.00395389,1.02055636
fashion_mnist,random_unitary,256,362,0.81685216,0.08746807,1.01256257
fashion_mnist,random_unitary,256,363,0.81186548,0.04456394,1.01359486
fashion_mnist,random_unitary,256,364,0.82330187,0.04725694,0.98930538
fashion_mnist,random_unitary,256,365,0.8154654,0.00633353,1.01290245
fashion_mnist,random_unitary,256,366,0.81637101,0.00897981,0.97138774
fashion_mnist,random_unitary,256,367,0.82352319,0.0787732,0.9874575
fashion_mnist,random_unitary,256,368,0.83265481,0.02016007,0.95627306
fashion_mnist,random_unitary,256,369,0.82144769,0.04775407,1.02033519
fashion_mnist,random_unitary,256,370,0.81771447,0.01580861,0.97023289
fashion_mnist,random_unitary,256,371,0.82703898,0.01718454,1.01743528
fashion_mnist,random_unitary,256,372,0.82758311,0.0749327,0.99856982
fashion_mnist,random_unitary,256,373,0.82037925,0.0447575,1.01662651
fashion_mnist,random_unitary,256,374,0.8143866,0.01100757,0.96425829
fashion_mnist,random_unitary,256,375,0.83419143,0.02055306,0.98203278
fashion_mnist,random_unitary,256,376,0.8256714,0.06106279,0.98929876
fashion_mnist,random_unitary,256,377,0.8183657,0.01621849,1.00390895
fashion_mnist,random_unitary,256,378,0.8292858,0.01848448,1.02954884
fashion_mnist,random_unitary,256,379,0.82106355,0.01093787,0.99113194
fashion_mnist,random_unitary,256,380,0.8273429,0.04239987,0.99149657
fashion_mnist,random_unitary,256,381,0.8293091,0.08512076,0.9908158
fashion_mnist,random_unitary,256,382,0.82594516,0.0330025,1.0129881
fashion_mnist,random_unitary,256,383,0.81683585,0.08769015,1.03437686
fashion_mnist,random_unitary,256,384,0.81936754,0.05761975,0.97953603
fashion_mnist,random_unitary,256,385,0.82439095,0.07931694,1.01038564
fashion_mnist,random_unitary,256,386,0.81536954,0.02925429,0.98184487
fashion_mnist,random_unitary,256,387,0.82389357,0.05671555,0.98644631
fashion_mnist,random_unitary,256,388,0.82216496,0.04781796,0.97736806
fashion_mnist,random_unitary,256,389,0.82607041,0.04354441,0.99692373
fashion_mnist,random_unitary,256,390,0.82363697,0.02215935,0.97318477
fashion_mnist,random_unitary,256,391,0.82587848,0.03660555,1.02428454
fashion_mnist,random_unitary,256,392,0.8345855,0.00372487,1.03289839
fashion_mnist,random_unitary,256,393,0.81696913,0.03498699,1.00441171
fashion_mnist,random_unitary,256,394,0.82157585,0.03158464,0.99781847
fashion_mnist,random_unitary,256,395,0.82929822,0.04211391,0.9948399
fashion_mnist,random_unitary,256,396,0.82768656,0.0303504,1.01116411
fashion_mnist,random_unitary,256,397,0.8223587,0.02600327,0.99501341
fashion_mnist,random_unitary,256,398,0.83029489,0.06052646,0.99954248
fashion_mnist,random_unitary,256,399,0.8309404,0.00463632,0.99740043
fashion_mnist,random_unitary,256,400,0.81429453,0.01760971,0.96590372
fashion_mnist,random_unitary,256,401,0.83737664,0.00960129,0.98839739
fashion_mnist,random_unitary,256,402,0.81721897,0.10069598,0.99571727
fashion_mnist,random_unitary,256,403,0.82069387,0.04872802,0.9951965
fashion_mnist,random_unitary,256,404,0.82276582,0.04844449,0.99080037
fashion_mnist,random_unitary,256,405,0.81156188,0.08527164,1.01645368
fashion_mnist,random_unitary,256,406,0.82395262,0.00864794,1.02011978
fashion_mnist,random_unitary,256,407,0.81818916,0.00931449,1.01000724
fashion_mnist,random_unitary,256,408,0.83150805,0.01921036,1.02130039
fashion_mnist,random_unitary,256,409,0.82308132,0.00761985,0.99641803
fashion_mnist,random_unitary,256,410,0.82664208,0.10118554,0.99466489
fashion_mnist,random_unitary,256,411,0.82981165,0.04092384,1.00267952
fashion_mnist,random_unitary,256,412,0.82343608,0.00772493,0.98734067
fashion_mnist,random_unitary,256,413,0.81694376,0.04018356,1.01443072
fashion_mnist,random_unitary,256,414,0.82214771,0.03801902,1.00569932
fashion_mnist,random_unitary,256,415,0.81775244,0.06308763,1.01181687
fashion_mnist,random_unitary,256,416,0.81920066,0.00873629,1.00443171
fashion_mnist,random_unitary,256,417,0.81885601,0.07759855,1.0107552
fashion_mnist,random_unitary,256,418,0.8258338,0.00833572,1.00495269
fashion_mnist,random_unitary,256,419,0.82027362,0.07729711,1.01724395
fashion_mnist,random_unitary,256,420,0.82293791,0.02025512,0.99920992
fashion_mnist,random_unitary,256,421,0.8384746,0.06978865,1.00099865
fashion_mnist,random_unitary,256,422,0.83150628,0.02494054,1.02052315
fashion_mnist,random_unitary,256,423,0.81914005,0.08150669,0.99624661
fashion_mnist,random_unitary,256,424,0.82750247,0.03296635,0.96350624
fashion_mnist,random_unitary,256,425,0.82514219,0.06799811,1.00633484
fashion_mnist,random_unitary,256,426,0.83335992,0.02789332,1.01639303
fashion_mnist,random_unitary,256,427,0.82451158,0.02032574,1.01064611
fashion_mnist,random_unitary,256,428,0.82318456,0.01124828,1.00097794
fashion_mnist,random_unitary,256,429,0.81208236,0.0496443,1.02356657
fashion_mnist,random_unitary,256,430,0.82004331,0.02843916,1.0099815
fashion_mnist,random_unitary,256,431,0.82484722,0.03274057,0.98344585
fashion_mnist,random_unitary,256,432,0.81755534,0.04034805,0.9998027
fashion_mnist,random_unitary,256,433,0.8201173,0.03907984,0.99838455
fashion_mnist,random_unitary,256,434,0.82283522,0.04315519,1.00116958
fashion_mnist,random_unitary,256,435,0.81455115,0.08741917,1.02270318
fashion_mnist,random_unitary,256,436,0.8089419,0.01653192,1.01475298
fashion_mnist,random_unitary,256,437,0.81856884,0.03700494,1.00563047
fashion_mnist,random_unitary,256,438,0.82216779,0.0149082,0.99457296
fashion_mnist,random_unitary,256,439,0.82105502,0.06648482,0.98899953
fashion_mnist,random_unitary,256,440,0.82638968,0.01945431,1.01714062
fashion_mnist,random_unitary,256,441,0.82896699,0.00084189,0.99175408
fashion_mnist,random_unitary,256,442,0.82365093,0.01341836,0.97700364
fashion_mnist,random_unitary,256,443,0.81803342,0.04936964,0.99592771
fashion_mnist,random_unitary,256,444,0.82359315,0.04387786,1.00857329
fashion_mnist,random_unitary,256,445,0.82156387,0.01806967,0.96597403
fashion_mnist,random_unitary,256,446,0.82883695,0.06343595,1.00253926
fashion_mnist,random_unitary,256,447,0.83404062,0.05270355,1.00269022
fashion_mnist,random_unitary,256,448,0.82163858,0.03460679,1.00115414
fashion_mnist,random_unitary,256,449,0.82915946,0.05271092,0.99724993
fashion_mnist,random_unitary,256,450,0.81769803,0.01256386,1.01791781
fashion_mnist,random_unitary,256,451,0.82054595,0.01949355,0.98190358
fashion_mnist,random_unitary,256,452,0.81941451,0.00236131,1.01120324
fashion_mnist,random_unitary,256,453,0.82795374,0.08684289,0.97617867
fashion_mnist,random_unitary,256,454,0.81791263,0.00727429,1.00713631
fashion_mnist,random_unitary,256,455,0.83463225,0.01955882,0.96842443
fashion_mnist,random_unitary,256,456,0.81719163,0.0223159,1.00324181
fashion_mnist,random_unitary,256,457,0.82627263,0.0009522,1.01833059
fashion_mnist,random_unitary,256,458,0.81552129,0.00129265,1.01194987
fashion_mnist,random_unitary,256,459,0.81768411,0.01050702,0.98761666
fashion_mnist,random_unitary,256,460,0.82443943,0.00256051,1.02714155
fashion_mnist,random_unitary,256,461,0.81658028,0.03407656,0.99013662
fashion_mnist,random_unitary,256,462,0.82645492,0.06607566,0.99598001
fashion_mnist,random_unitary,256,463,0.82169919,0.00657829,0.98820291
fashion_mnist,random_unitary,256,464,0.83031939,0.07937274,1.00271443
fashion_mnist,random_unitary,256,465,0.83245305,0.01722824,1.01133247
fashion_mnist,random_unitary,256,466,0.82969915,0.03202896,0.97670417
fashion_mnist,random_unitary,256,467,0.81997298,0.03741145,1.0312172
fashion_mnist,random_unitary,256,468,0.81728228,0.02667002,0.99985233
fashion_mnist,random_unitary,256,469,0.81256848,0.02282047,0.99777061
fashion_mnist,random_unitary,256,470,0.82276353,0.00108166,1.01226831
fashion_mnist,random_unitary,256,471,0.83129074,0.0770486,0.99082179
fashion_mnist,random_unitary,256,472,0.81792747,0.09153878,0.98235415
fashion_mnist,random_unitary,256,473,0.81424257,0.08740731,0.99541221
fashion_mnist,random_unitary,256,474,0.81410609,0.04658751,1.00235253
fashion_mnist,random_unitary,256,475,0.82759246,0.04793405,0.98473272
fashion_mnist,random_unitary,256,476,0.82859328,0.04927252,0.99196378
fashion_mnist,random_unitary,256,477,0.82127822,0.04163466,1.0109723
fashion_mnist,random_unitary,256,478,0.83440577,0.02053516,1.02786763
fashion_mnist,random_unitary,256,479,0.8180803,0.06969108,1.01396475
fashion_mnist,random_unitary,256,480,0.82459883,0.00023454,0.98678713
fashion_mnist,random_unitary,256,481,0.8197631,0.05333353,1.00201705
fashion_mnist,random_unitary,256,482,0.83172506,0.01067088,0.9806517
fashion_mnist,random_unitary,256,483,0.82716686,0.04892185,1.0014216
fashion_mnist,random_unitary,256,484,0.82336357,0.06043934,1.01425278
fashion_mnist,random_unitary,256,485,0.82414255,0.08302055,0.98053199
fashion_mnist,random_unitary,256,486,0.82138821,0.03680867,1.0099434
fashion_mnist,random_unitary,256,487,0.82355699,0.05438249,0.95924284
fashion_mnist,random_unitary,256,488,0.8188854,0.04009058,0.98979942
fashion_mnist,random_unitary,256,489,0.81199316,0.00228411,0.97887305
fashion_mnist,random_unitary,256,490,0.82705665,0.00424666,0.99281074
fashion_mnist,random_unitary,256,491,0.82319521,0.0535471,0.99525962
fashion_mnist,random_unitary,256,492,0.82450509,0.00560874,0.97609785
fashion_mnist,random_unitary,256,493,0.82700565,0.11452663,0.99492031
fashion_mnist,random_unitary,256,494,0.83011642,0.01374795,0.99684913
fashion_mnist,random_unitary,256,495,0.82409973,0.01333064,1.00938
fashion_mnist,random_unitary,256,496,0.83639124,0.0217136,0.98372541
fashion_mnist,random_unitary,256,497,0.81150988,0.01704939,1.0041698
fashion_mnist,random_unitary,256,498,0.83115216,0.09569915,1.01510353
fashion_mnist,random_unitary,256,499,0.83363299,0.08357232,0.98248602
fashion_mnist,random_unitary,256,500,0.81778545,0.0147764,0.99148807
fashion_mnist,random_unitary,256,501,0.82460232,0.03708967,1.00749612
fashion_mnist,random_unitary,256,502,0.81444775,0.02676737,0.98179533
fashion_mnist,random_unitary,256,503,0.81783803,0.02447146,1.00553789
fashion_mnist,random_unitary,256,504,0.82210844,0.06182303,0.98106869
fashion_mnist,random_unitary,256,505,0.8198101,0.00525351,1.00637405
fashion_mnist,random_unitary,256,506,0.81223934,0.01461204,1.00443599
fashion_mnist,random_unitary,256,507,0.82340892,0.03222765,0.98276786
fashion_mnist,random_unitary,256,508,0.82400688,0.09472133,0.96474606
fashion_mnist,random_unitary,256,509,0.82503255,0.04141997,0.97821454
fashion_mnist,random_unitary,256,510,0.82827985,0.07752959,1.02301379
fashion_mnist,random_unitary,256,511,0.82254833,0.02568551,1.02013136
fashion_mnist,random_unitary,256,512,0.82356283,0.06057795,1.00178808
fashion_mnist,random_unitary,256,513,0.82064216,0.05019683,1.01558547
fashion_mnist,random_unitary,256,514,0.81852467,0.02892351,0.99056216
fashion_mnist,random_unitary,256,515,0.82454114,0.08796857,0.98381732
fashion_mnist,random_unitary,256,516,0.82192355,0.07578628,0.99339588
fashion_mnist,random_unitary,256,517,0.82185646,0.00621676,0.99077509
fashion_mnist,random_unitary,256,518,0.82716036,0.05574973,1.007511
fashion_mnist,random_unitary,256,519,0.82386819,0.04764553,0.99735
fashion_mnist,random_unitary,256,520,0.82563379,0.03576018,0.98882866
fashion_mnist,random_unitary,256,521,0.83430311,0.01215471,0.96253504
fashion_mnist,random_unitary,256,522,0.82012198,0.1011137,0.99447963
fashion_mnist,random_unitary,256,523,0.82627584,0.0053,1.00919309
fashion_mnist,random_unitary,256,524,0.81404637,0.0593298,0.95799745
fashion_mnist,random_unitary,256,525,0.82512407,0.0030246,1.02509177
fashion_mnist,random_unitary,256,526,0.82464806,0.03067321,1.00022851
fashion_mnist,random_unitary,256,527,0.83575323,0.06120658,0.98539782
fashion_mnist,random_unitary,256,528,0.82743034,0.02546546,0.9855977
fashion_mnist,random_unitary,256,529,0.83919106,0.08207918,1.01603802
fashion_mnist,random_unitary,256,530,0.8125898,0.03680549,0.996105
fashion_mnist,random_unitary,256,531,0.82565614,0.04913075,1.00380755
fashion_mnist,random_unitary,256,532,0.81998198,0.00962321,1.00207222
fashion_mnist,random_unitary,256,533,0.81724204,0.00931563,1.01425207
fashion_mnist,random_unitary,256,534,0.82163953,0.02687127,1.02075108
fashion_mnist,random_unitary,256,535,0.81985846,0.06980455,0.98104729
fashion_mnist,random_unitary,256,536,0.81768816,0.09380322,0.99695807
fashion_mnist,random_unitary,256,537,0.8293249,0.03888911,0.98091048
fashion_mnist,random_unitary,256,538,0.83139182,0.0574863,0.99640031
fashion_mnist,random_unitary,256,539,0.8232872,0.00031497,1.00287288
fashion_mnist,random_unitary,256,540,0.82091218,0.04193781,1.02313899
fashion_mnist,random_unitary,256,541,0.82658394,0.01471074,1.00934541
fashion_mnist,random_unitary,256,542,0.82477524,0.0221052,1.00124613
fashion_mnist,random_unitary,256,543,0.82276679,0.06618518,0.98638083
fashion_mnist,random_unitary,256,544,0.83277874,0.00031638,0.99331571
fashion_mnist,random_unitary,256,545,0.82262192,0.01679036,0.98570553
fashion_mnist,random_unitary,256,546,0.82281231,0.01523773,0.99666442
fashion_mnist,random_unitary,256,547,0.82105477,0.1010007,0.98951516
fashion_mnist,random_unitary,256,548,0.83161852,0.00409445,1.00401135
fashion_mnist,random_unitary,256,549,0.81804301,0.01028477,0.9889704
fashion_mnist,random_unitary,256,550,0.82319651,0.03530197,1.02696809
fashion_mnist,random_unitary,256,551,0.81614209,0.02349091,0.964643
fashion_mnist,random_unitary,256,552,0.83146142,0.07847944,1.01304411
fashion_mnist,random_unitary,256,553,0.81351149,0.03898759,1.02197887
fashion_mnist,random_unitary,256,554,0.83209075,0.04456607,0.99709659
fashion_mnist,random_unitary,256,555,0.81542028,0.02287677,1.01405798
fashion_mnist,random_unitary,256,556,0.82729028,0.08556966,1.01626669
fashion_mnist,random_unitary,256,557,0.81355464,0.01800754,0.97979029
fashion_mnist,random_unitary,256,558,0.8195785,0.03729507,0.97642487
fashion_mnist,random_unitary,256,559,0.81531983,0.08985906,0.98420165
fashion_mnist,random_unitary,256,560,0.83433193,0.00274141,1.00296491
fashion_mnist,random_unitary,256,561,0.83036629,0.00671463,1.01389578
fashion_mnist,random_unitary,256,562,0.81964926,0.07374412,1.00977016
fashion_mnist,random_unitary,256,563,0.82226934,0.05690148,1.0021971
fashion_mnist,random_unitary,256,564,0.80956472,0.0078659,1.00362726
fashion_mnist,random_unitary,256,565,0.82743684,0.02958994,1.00764076
fashion_mnist,random_unitary,256,566,0.82107607,0.01246565,0.99242337
fashion_mnist,random_unitary,256,567,0.82892211,0.02487686,0.9903764
fashion_mnist,random_unitary,256,568,0.82605601,0.03274411,0.99457344
fashion_mnist,random_unitary,256,569,0.82545033,0.01350479,1.00343949
fashion_mnist,random_unitary,256,570,0.82734347,0.05529467,0.99787911
fashion_mnist,random_unitary,256,571,0.83010154,0.02421789,1.01018242
fashion_mnist,random_unitary,256,572,0.81745722,0.04226152,1.02867215
fashion_mnist,random_unitary,256,573,0.81985333,0.03909065,0.96836063
fashion_mnist,random_unitary,256,574,0.81143975,0.00157429,1.01624816
fashion_mnist,random_unitary,256,575,0.82407079,0.05011894,1.00424652
fashion_mnist,random_unitary,256,576,0.82386506,0.02251846,0.99847295
fashion_mnist,random_unitary,256,577,0.81781101,0.01818497,0.98265678
fashion_mnist,random_unitary,256,578,0.82726094,0.05383284,1.02425316
fashion_mnist,random_unitary,256,579,0.81807333,0.0460837,0.98755422
fashion_mnist,random_unitary,256,580,0.82883007,0.02306698,1.02272062
fashion_mnist,random_unitary,256,581,0.82047871,0.04695229,0.98025947
fashion_mnist,random_unitary,256,582,0.82209614,0.02611149,1.00702471
fashion_mnist,random_unitary,256,583,0.82378356,0.01897688,1.00754709
fashion_mnist,random_unitary,256,584,0.82707613,0.05397808,1.00230878
fashion_mnist,random_unitary,256,585,0.81911168,0.01955253,1.03373599
fashion_mnist,random_unitary,256,586,0.82479611,0.03325535,1.016971
fashion_mnist,random_unitary,256,587,0.82326679,0.07980604,1.00567455
fashion_mnist,random_unitary,256,588,0.82021833,0.00126661,1.00675601
fashion_mnist,random_unitary,256,589,0.81636252,0.01664261,0.99375113
fashion_mnist,random_unitary,256,590,0.81971954,0.0367617,0.98679648
fashion_mnist,random_unitary,256,591,0.82295317,0.03772658,1.00525893
fashion_mnist,random_unitary,256,592,0.81703423,0.02011674,0.982283
fashion_mnist,random_unitary,256,593,0.81173177,0.02652946,1.01711497
fashion_mnist,random_unitary,256,594,0.81995109,0.02284768,1.01498932
fashion_mnist,random_unitary,256,595,0.8282282,0.0641978,1.02183348
fashion_mnist,random_unitary,256,596,0.82177503,0.00357018,1.00249769
fashion_mnist,random_unitary,256,597,0.82593224,0.03815252,0.99527846
fashion_mnist,random_unitary,256,598,0.80857417,0.01597489,1.00127887
fashion_mnist,random_unitary,256,599,0.81862509,0.05404311,0.98344161
fashion_mnist,random_unitary,256,600,0.82652569,0.09821902,0.97876868
fashion_mnist,random_unitary,256,601,0.82272518,0.07643426,0.98004228
fashion_mnist,random_unitary,256,602,0.82334039,0.08226133,0.99460066
fashion_mnist,random_unitary,256,603,0.81931232,0.00186313,1.0105984
fashion_mnist,random_unitary,256,604,0.83064846,0.01781045,1.0155545
fashion_mnist,random_unitary,256,605,0.8200596,0.00365743,0.97368187
fashion_mnist,random_unitary,256,606,0.81437458,0.00044501,1.02574984
fashion_mnist,random_unitary,256,607,0.82386182,0.02118156,0.99149081
fashion_mnist,random_unitary,256,608,0.82628655,0.03941776,0.97934938
fashion_mnist,random_unitary,256,609,0.8200183,0.0363448,0.98193039
fashion_mnist,random_unitary,256,610,0.81917084,0.02297213,1.0208558
fashion_mnist,random_unitary,256,611,0.8216526,0.00262328,0.99828267
fashion_mnist,random_unitary,256,612,0.82242474,0.0167021,0.99741298
fashion_mnist,random_unitary,256,613,0.82696435,0.01575176,0.99907422
fashion_mnist,random_unitary,256,614,0.82618415,0.10056916,1.01375318
fashion_mnist,random_unitary,256,615,0.8270373,0.01318045,1.01829603
fashion_mnist,random_unitary,256,616,0.81849328,0.02232683,0.98868277
fashion_mnist,random_unitary,256,617,0.83117625,0.0872743,0.9712206
fashion_mnist,random_unitary,256,618,0.82661497,0.07483861,0.99480743
fashion_mnist,random_unitary,256,619,0.81862004,0.02379486,0.98052044
fashion_mnist,random_unitary,256,620,0.81919234,0.01025893,0.98389853
fashion_mnist,random_unitary,256,621,0.8204613,0.04432511,0.98323935
fashion_mnist,random_unitary,256,622,0.82377586,0.01091977,1.00282926
fashion_mnist,random_unitary,256,623,0.82525907,0.04669847,1.01640809
fashion_mnist,random_unitary,256,624,0.82789743,0.00368978,1.03445157
fashion_mnist,random_unitary,256,625,0.81607193,0.0040381,1.01274524
fashion_mnist,random_unitary,256,626,0.82384207,0.04476539,1.00716173
fashion_mnist,random_unitary,256,627,0.82546276,0.06657071,1.00055644
fashion_mnist,random_unitary,256,628,0.81678583,0.06346616,0.98433161
fashion_mnist,random_unitary,256,629,0.83033176,0.05422239,1.01389711
fashion_mnist,random_unitary,256,630,0.81855813,0.04478972,0.99243334
fashion_mnist,random_unitary,256,631,0.82393711,0.02674044,0.98444862
fashion_mnist,random_unitary,256,632,0.82435071,0.06586842,0.99679073
fashion_mnist,random_unitary,256,633,0.81677983,0.01984097,0.99572189
fashion_mnist,random_unitary,256,634,0.81909766,0.02592432,0.98492627
fashion_mnist,random_unitary,256,635,0.81337635,0.00773708,0.98789204
fashion_mnist,random_unitary,256,636,0.83668117,0.03403881,1.00222137
fashion_mnist,random_unitary,256,637,0.81946417,0.04778769,0.97961472
fashion_mnist,random_unitary,256,638,0.82800569,0.01471928,1.01923183
fashion_mnist,random_unitary,256,639,0.82294367,0.01415999,0.98754005
fashion_mnist,random_unitary,256,640,0.8271111,0.06725391,0.99467006
fashion_mnist,random_unitary,256,641,0.83028858,0.08836718,1.01168214
fashion_mnist,random_unitary,256,642,0.81853632,0.03849508,1.00217263
fashion_mnist,random_unitary,256,643,0.82877372,0.00835931,0.97973468
fashion_mnist,random_unitary,256,644,0.81873977,0.02265383,1.0113646
fashion_mnist,random_unitary,256,645,0.81143505,0.01238495,0.97953797
fashion_mnist,random_unitary,256,646,0.82283683,0.09987474,1.00029488
fashion_mnist,random_unitary,256,647,0.81911787,0.07270605,0.98573437
fashion_mnist,random_unitary,256,648,0.83021625,0.01206652,0.99480822
fashion_mnist,random_unitary,256,649,0.82799852,0.02965447,1.00333337
fashion_mnist,random_unitary,256,650,0.8154622,0.02775246,0.99696809
fashion_mnist,random_unitary,256,651,0.82407277,0.05929601,1.03261741
fashion_mnist,random_unitary,256,652,0.82743183,0.03869998,1.01288037
fashion_mnist,random_unitary,256,653,0.83206118,0.04250441,1.00289695
fashion_mnist,random_unitary,256,654,0.81393661,0.01899641,1.00429545
fashion_mnist,random_unitary,256,655,0.82358162,0.14294177,1.00203995
fashion_mnist,random_unitary,256,656,0.817526,0.03218246,1.012414
fashion_mnist,random_unitary,256,657,0.81704034,0.02940276,1.00357747
fashion_mnist,random_unitary,256,658,0.82117132,0.08178366,1.0285601
fashion_mnist,random_unitary,256,659,0.82159066,0.09458112,1.00596167
fashion_mnist,random_unitary,256,660,0.82701016,0.07524197,0.99761376
fashion_mnist,random_unitary,256,661,0.81983648,0.05809785,1.00304101
fashion_mnist,random_unitary,256,662,0.81405007,0.01165756,0.99590913
fashion_mnist,random_unitary,256,663,0.82032916,0.00023975,0.96948224
fashion_mnist,random_unitary,256,664,0.82829721,0.01882667,0.98941236
fashion_mnist,random_unitary,256,665,0.81904754,0.03597996,0.99813526
fashion_mnist,random_unitary,256,666,0.81166707,0.02007255,1.0030599
fashion_mnist,random_unitary,256,667,0.81833621,0.03646195,1.00344556
fashion_mnist,random_unitary,256,668,0.82283576,0.09036569,0.98034015
fashion_mnist,random_unitary,256,669,0.81785462,0.00287821,1.02296174
fashion_mnist,random_unitary,256,670,0.82746142,0.02641242,1.01169147
fashion_mnist,random_unitary,256,671,0.83076008,0.01558126,1.01102499
fashion_mnist,random_unitary,256,672,0.81931253,0.06536715,1.01311876
fashion_mnist,random_unitary,256,673,0.82009197,0.01300796,1.00340493
fashion_mnist,random_unitary,256,674,0.8314334,0.01329124,0.98702484
fashion_mnist,random_unitary,256,675,0.82163394,0.04229201,0.99058833
fashion_mnist,random_unitary,256,676,0.82528353,0.03019899,1.00736226
fashion_mnist,random_unitary,256,677,0.82433048,0.05404923,1.01078837
fashion_mnist,random_unitary,256,678,0.80607828,0.03542871,1.00919687
fashion_mnist,random_unitary,256,679,0.81871064,0.04712562,0.99772504
fashion_mnist,random_unitary,256,680,0.8150585,0.00369734,0.98580332
fashion_mnist,random_unitary,256,681,0.8328623,0.01018154,1.01530142
fashion_mnist,random_unitary,256,682,0.81808858,0.06671346,1.00101088
fashion_mnist,random_unitary,256,683,0.83260337,0.01015596,0.99551862
fashion_mnist,random_unitary,256,684,0.82398893,0.01510594,0.99700064
fashion_mnist,random_unitary,256,685,0.82042418,0.04907575,0.98977252
fashion_mnist,random_unitary,256,686,0.83856626,0.10109464,0.98770484
fashion_mnist,random_unitary,256,687,0.82901394,0.00715666,1.00056117
fashion_mnist,random_unitary,256,688,0.8229954,0.0664989,1.0115984
fashion_mnist,random_unitary,256,689,0.82589726,0.04248285,0.99695109
fashion_mnist,random_unitary,256,690,0.81861068,0.03308674,1.00548044
fashion_mnist,random_unitary,256,691,0.82827521,0.07238549,1.01406094
fashion_mnist,random_unitary,256,692,0.81806827,0.01385774,1.00526932
fashion_mnist,random_unitary,256,693,0.82308144,0.04263318,0.99231927
fashion_mnist,random_unitary,256,694,0.80952919,0.04037007,1.01772649
fashion_mnist,random_unitary,256,695,0.82507041,0.01515165,1.00670194
fashion_mnist,random_unitary,256,696,0.82233222,0.01837794,1.00227454
fashion_mnist,random_unitary,256,697,0.82048649,0.01926455,0.98355703
fashion_mnist,random_unitary,256,698,0.8191309,0.03576117,1.02287079
fashion_mnist,random_unitary,256,699,0.81718909,0.0280409,0.99504806
fashion_mnist,random_unitary,256,700,0.82847365,0.01774324,0.98112089
fashion_mnist,random_unitary,256,701,0.82391637,0.11310809,1.00196501
fashion_mnist,random_unitary,256,702,0.83378528,0.01637465,0.96719734
fashion_mnist,random_unitary,256,703,0.8155765,0.11595838,0.99950799
fashion_mnist,random_unitary,256,704,0.82758554,0.03128886,0.99608919
fashion_mnist,random_unitary,256,705,0.81760006,0.00893411,0.98862855
fashion_mnist,random_unitary,256,706,0.81494708,0.04749564,1.01448317
fashion_mnist,random_unitary,256,707,0.82266867,0.08257275,1.00663546
fashion_mnist,random_unitary,256,708,0.82424096,0.01715647,1.00204903
fashion_mnist,random_unitary,256,709,0.81955131,0.01977204,1.02021908
fashion_mnist,random_unitary,256,710,0.8282432,0.14845748,1.01125724
fashion_mnist,random_unitary,256,711,0.82408245,0.04287127,0.9951316
fashion_mnist,random_unitary,256,712,0.82514241,0.06057924,1.00941224
fashion_mnist,random_unitary,256,713,0.82354214,0.01106079,1.00229091
fashion_mnist,random_unitary,256,714,0.82921841,0.02792187,0.98859504
fashion_mnist,random_unitary,256,715,0.81670245,0.03352634,1.00552428
fashion_mnist,random_unitary,256,716,0.81295697,0.04767493,0.98088126
fashion_mnist,random_unitary,256,717,0.82631954,0.02951837,1.01950902
fashion_mnist,random_unitary,256,718,0.8212576,0.04942153,0.98753599
fashion_mnist,random_unitary,256,719,0.81359405,0.10334268,0.99820198
fashion_mnist,random_unitary,256,720,0.82460818,0.00811502,0.99212095
fashion_mnist,random_unitary,256,721,0.81913156,0.02912625,1.02055729
fashion_mnist,random_unitary,256,722,0.83929762,0.05426876,1.00581887
fashion_mnist,random_unitary,256,723,0.83622152,0.02007151,1.00419749
fashion_mnist,random_unitary,256,724,0.81142294,0.04366043,0.97483113
fashion_mnist,random_unitary,256,725,0.81889871,0.05855568,0.99711669
fashion_mnist,random_unitary,256,726,0.82245357,0.02758554,0.98067422
fashion_mnist,random_unitary,256,727,0.82546551,0.01319724,0.99941526
fashion_mnist,random_unitary,256,728,0.81250977,0.00773569,0.98338469
fashion_mnist,random_unitary,256,729,0.83033853,0.1081693,1.01452223
fashion_mnist,random_unitary,256,730,0.82035249,0.08233218,1.01565402
fashion_mnist,random_unitary,256,731,0.82070942,0.05209253,1.01864241
fashion_mnist,random_unitary,256,732,0.82273661,0.09279292,0.99736893
fashion_mnist,random_unitary,256,733,0.82025753,0.08199337,0.97213858
fashion_mnist,random_unitary,256,734,0.82076515,0.05800185,0.98486819
fashion_mnist,random_unitary,256,735,0.81707497,0.1416173,0.99909583
fashion_mnist,random_unitary,256,736,0.82192656,0.00302445,1.00952206
fashion_mnist,random_unitary,256,737,0.81745407,0.06250923,1.00549959
fashion_mnist,random_unitary,256,738,0.82328219,0.04159854,1.00323106
fashion_mnist,random_unitary,256,739,0.81703705,0.04752904,0.98888755
fashion_mnist,random_unitary,256,740,0.82147697,0.05029549,1.00517392
fashion_mnist,random_unitary,256,741,0.82833639,0.01767615,1.01993088
fashion_mnist,random_unitary,256,742,0.83384206,0.01476914,1.00428316
fashion_mnist,random_unitary,256,743,0.82214946,0.02130256,0.99176562
fashion_mnist,random_unitary,256,744,0.82066586,0.07349007,0.99596666
fashion_mnist,random_unitary,256,745,0.82295765,0.04387514,1.00008242
fashion_mnist,random_unitary,256,746,0.81929259,0.13503977,1.00627364
fashion_mnist,random_unitary,256,747,0.82399403,0.02156459,0.99996637
fashion_mnist,random_unitary,256,748,0.82067327,0.0861576,1.00025832
fashion_mnist,random_unitary,256,749,0.82877382,0.01270534,0.98738401
fashion_mnist,random_unitary,256,750,0.824232,0.04451878,1.00774116
fashion_mnist,random_unitary,256,751,0.82086773,0.0523274,0.97561814
fashion_mnist,random_unitary,256,752,0.82760719,0.04970984,0.99315033
fashion_mnist,random_unitary,256,753,0.81924511,0.01653266,1.04918534
fashion_mnist,random_unitary,256,754,0.82621312,0.03603884,0.98669841
fashion_mnist,random_unitary,256,755,0.80899033,0.03591674,0.99663877
fashion_mnist,random_unitary,256,756,0.82203615,0.008293,1.00686087
fashion_mnist,random_unitary,256,757,0.81751315,0.00681238,1.01381661
fashion_mnist,random_unitary,256,758,0.82717246,0.01153415,0.98307779
fashion_mnist,random_unitary,256,759,0.82532546,0.01571488,1.01206466
fashion_mnist,random_unitary,256,760,0.82329153,0.00497851,1.00515084
fashion_mnist,random_unitary,256,761,0.82328688,0.07004278,0.96809933
fashion_mnist,random_unitary,256,762,0.81523765,0.00121673,1.0056003
fashion_mnist,random_unitary,256,763,0.8187459,0.02312448,1.005113
fashion_mnist,random_unitary,256,764,0.82036068,0.0599796,1.01753085
fashion_mnist,random_unitary,256,765,0.82532043,0.03712027,1.01613394
fashion_mnist,random_unitary,256,766,0.80870182,0.02776191,0.98938292
fashion_mnist,random_unitary,256,767,0.82401738,0.0065907,0.99133229
fashion_mnist,random_unitary,256,768,0.82638912,0.065316,0.99858632
fashion_mnist,random_unitary,256,769,0.82795778,0.05447995,1.0149986
fashion_mnist,random_unitary,256,770,0.8224019,0.00672902,1.01620625
fashion_mnist,random_unitary,256,771,0.82742196,0.05726559,0.99149164
fashion_mnist,random_unitary,256,772,0.82340494,0.03716726,0.99071077
fashion_mnist,random_unitary,256,773,0.82717802,0.00580774,1.02912968
fashion_mnist,random_unitary,256,774,0.82119568,0.03109874,0.99817141
fashion_mnist,random_unitary,256,775,0.81800206,0.0878347,0.9783973
fashion_mnist,random_unitary,256,776,0.82486866,0.03916289,0.97947405
fashion_mnist,random_unitary,256,777,0.83290434,0.03594754,1.01458845
fashion_mnist,random_unitary,256,778,0.82775861,0.03026177,0.99422584
fashion_mnist,random_unitary,256,779,0.81454387,0.08980011,0.99215848
fashion_mnist,random_unitary,256,780,0.82243271,0.06653231,0.98800625
fashion_mnist,random_unitary,256,781,0.82950074,0.020945,0.99344446
fashion_mnist,random_unitary,256,782,0.82418352,0.024445,1.0052498
fashion_mnist,random_unitary,256,783,0.81448458,0.03562884,1.0205871
fashion_mnist,random_unitary,256,784,0.82052034,0.00271192,1.01451783
fashion_mnist,random_unitary,256,785,0.82441625,0.0299905,1.00122481
fashion_mnist,random_unitary,256,786,0.81560832,0.00084958,1.03600588
fashion_mnist,random_unitary,256,787,0.82261922,0.09469748,0.98122387
fashion_mnist,random_unitary,256,788,0.82311114,0.02691115,1.00699586
fashion_mnist,random_unitary,256,789,0.82355611,0.01575218,1.01041841
fashion_mnist,random_unitary,256,790,0.82520101,0.08686732,1.01984389
fashion_mnist,random_unitary,256,791,0.8345132,0.01545963,0.99830518
fashion_mnist,random_unitary,256,792,0.81558518,0.08438436,0.98817714
fashion_mnist,random_unitary,256,793,0.83130768,0.01998849,1.01037523
fashion_mnist,random_unitary,256,794,0.82034622,0.02209354,1.02119967
fashion_mnist,random_unitary,256,795,0.82457521,0.01972644,1.01810159
fashion_mnist,random_unitary,256,796,0.81988655,0.00336015,0.99229871
fashion_mnist,random_unitary,256,797,0.83160999,0.03816453,0.99159537
fashion_mnist,random_unitary,256,798,0.81775213,0.0208117,1.00055115
fashion_mnist,random_unitary,256,799,0.81834325,0.04745916,1.00585942
fashion_mnist,random_unitary,256,800,0.82247931,0.10537864,1.01198303
fashion_mnist,random_unitary,256,801,0.83478167,0.0950412,0.99012968
fashion_mnist,random_unitary,256,802,0.81539398,0.02569293,1.01633266
fashion_mnist,random_unitary,256,803,0.81609357,0.06436116,1.02006265
fashion_mnist,random_unitary,256,804,0.82348427,0.00388524,1.00748489
fashion_mnist,random_unitary,256,805,0.81943402,0.04161626,0.99242296
fashion_mnist,random_unitary,256,806,0.82881496,0.01776018,1.00964407
fashion_mnist,random_unitary,256,807,0.82283884,0.00223565,1.00591726
fashion_mnist,random_unitary,256,808,0.82398364,0.01396609,0.97909231
fashion_mnist,random_unitary,256,809,0.8222601,0.00019311,0.99764552
fashion_mnist,random_unitary,256,810,0.81549202,0.00302161,0.99065226
fashion_mnist,random_unitary,256,811,0.82779486,0.02203185,1.01589063
fashion_mnist,random_unitary,256,812,0.83430563,0.02605936,1.02649381
fashion_mnist,random_unitary,256,813,0.81066346,0.03322956,1.00634489
fashion_mnist,random_unitary,256,814,0.81949615,0.02302515,1.03890881
fashion_mnist,random_unitary,256,815,0.81780594,0.04128703,1.0132132
fashion_mnist,random_unitary,256,816,0.81997179,0.06542372,0.99698126
fashion_mnist,random_unitary,256,817,0.81980616,0.10167698,0.99029332
fashion_mnist,random_unitary,256,818,0.82990797,0.04127905,0.98388354
fashion_mnist,random_unitary,256,819,0.81977617,0.0594071,0.96388911
fashion_mnist,random_unitary,256,820,0.82488552,0.01835985,1.02396403
fashion_mnist,random_unitary,256,821,0.82240365,0.02342922,1.0034812
fashion_mnist,random_unitary,256,822,0.82232021,0.01580335,1.01726455
fashion_mnist,random_unitary,256,823,0.80822927,0.0009075,0.980813
fashion_mnist,random_unitary,256,824,0.8235305,0.00080955,1.01685189
fashion_mnist,random_unitary,256,825,0.82649374,0.02502094,0.98634436
fashion_mnist,random_unitary,256,826,0.82271816,0.05138465,1.00163664
fashion_mnist,random_unitary,256,827,0.82849097,0.10417014,1.00982088
fashion_mnist,random_unitary,256,828,0.81149095,0.04970185,1.02851843
fashion_mnist,random_unitary,256,829,0.81714756,0.06324062,0.98674855
fashion_mnist,random_unitary,256,830,0.8309347,0.02916225,0.99356414
fashion_mnist,random_unitary,256,831,0.82447589,0.07608093,1.00889946
fashion_mnist,random_unitary,256,832,0.8196791,0.02154281,1.00510894
fashion_mnist,random_unitary,256,833,0.82091285,0.04147438,1.01586991
fashion_mnist,random_unitary,256,834,0.81680599,0.0300668,0.9978889
fashion_mnist,random_unitary,256,835,0.81735147,0.02685287,0.99564341
fashion_mnist,random_unitary,256,836,0.82483251,0.043951,1.00305726
fashion_mnist,random_unitary,256,837,0.81596786,0.06976364,1.01907493
fashion_mnist,random_unitary,256,838,0.82200718,0.05076667,1.0043774
fashion_mnist,random_unitary,256,839,0.81717377,0.083583,1.00737235
fashion_mnist,random_unitary,256,840,0.8218755,0.02100369,1.00856951
fashion_mnist,random_unitary,256,841,0.81316134,0.02656192,0.9842605
fashion_mnist,random_unitary,256,842,0.82631152,0.02107359,1.01235105
fashion_mnist,random_unitary,256,843,0.82836519,0.07546771,0.99531391
fashion_mnist,random_unitary,256,844,0.82178206,0.03083104,1.00396781
fashion_mnist,random_unitary,256,845,0.8197633,0.00928802,1.01491966
fashion_mnist,random_unitary,256,846,0.81065355,0.05779993,0.99234415
fashion_mnist,random_unitary,256,847,0.82335351,0.03077055,1.01767602
fashion_mnist,random_unitary,256,848,0.8246778,0.02828947,0.98138946
fashion_mnist,random_unitary,256,849,0.82435405,0.02523594,0.96512752
fashion_mnist,random_unitary,256,850,0.81882244,0.00319236,1.01770308
fashion_mnist,random_unitary,256,851,0.82262161,0.00276356,1.0271068
fashion_mnist,random_unitary,256,852,0.83610029,0.0198127,1.0191915
fashion_mnist,random_unitary,256,853,0.80992374,0.05069678,0.99114666
fashion_mnist,random_unitary,256,854,0.82590522,0.01904834,1.02197475
fashion_mnist,random_unitary,256,855,0.82979889,0.06080566,0.98982158
fashion_mnist,random_unitary,256,856,0.81316441,0.09228776,0.99480538
fashion_mnist,random_unitary,256,857,0.81934351,0.06744844,1.02424316
fashion_mnist,random_unitary,256,858,0.81713465,0.02727441,1.01500631
fashion_mnist,random_unitary,256,859,0.81368572,0.01505621,0.99651219
fashion_mnist,random_unitary,256,860,0.82087044,0.09994701,0.98866871
fashion_mnist,random_unitary,256,861,0.82358948,0.02311196,0.99961372
fashion_mnist,random_unitary,256,862,0.82568683,0.03804914,0.99655419
fashion_mnist,random_unitary,256,863,0.81143964,0.04986778,0.998057
fashion_mnist,random_unitary,256,864,0.81536377,0.02226102,1.00536093
fashion_mnist,random_unitary,256,865,0.82343067,0.02809628,0.99424456
fashion_mnist,random_unitary,256,866,0.82708741,0.00636605,1.01391859
fashion_mnist,random_unitary,256,867,0.80466242,0.0330755,1.02277199
fashion_mnist,random_unitary,256,868,0.81058447,0.03449024,1.00697274
fashion_mnist,random_unitary,256,869,0.82975293,0.05408314,1.01142207
fashion_mnist,random_unitary,256,870,0.82366464,0.02097833,1.00405922
fashion_mnist,random_unitary,256,871,0.82373647,0.03642918,1.00123001
fashion_mnist,random_unitary,256,872,0.82995596,0.04368063,1.02435154
fashion_mnist,random_unitary,256,873,0.80851572,0.00011615,1.00421488
fashion_mnist,random_unitary,256,874,0.82494692,0.01616976,1.00744696
fashion_mnist,random_unitary,256,875,0.83116187,0.01068724,0.99264459
fashion_mnist,random_unitary,256,876,0.81450513,0.00840807,0.98960718
fashion_mnist,random_unitary,256,877,0.82281672,0.09903004,0.99761579
fashion_mnist,random_unitary,256,878,0.81795693,0.04401866,0.9904384
fashion_mnist,random_unitary,256,879,0.82290017,0.0446964,1.01698148
fashion_mnist,random_unitary,256,880,0.82320798,0.02412823,0.98369322
fashion_mnist,random_unitary,256,881,0.81898895,0.02614227,1.00276841
fashion_mnist,random_unitary,256,882,0.82448995,0.16007185,1.0113777
fashion_mnist,random_unitary,256,883,0.8204603,0.05665476,1.0068746
fashion_mnist,random_unitary,256,884,0.84230067,0.08392715,0.98768391
fashion_mnist,random_unitary,256,885,0.81698234,0.09174642,0.99160796
fashion_mnist,random_unitary,256,886,0.82193389,0.035859,0.98513342
fashion_mnist,random_unitary,256,887,0.82087739,0.00475973,0.98529397
fashion_mnist,random_unitary,256,888,0.81874063,0.00206932,0.98803449
fashion_mnist,random_unitary,256,889,0.82819822,0.00271603,0.99487349
fashion_mnist,random_unitary,256,890,0.83500296,0.01335813,1.00583122
fashion_mnist,random_unitary,256,891,0.81910819,0.02077092,1.01894692
fashion_mnist,random_unitary,256,892,0.8122296,0.00740272,1.00523453
fashion_mnist,random_unitary,256,893,0.82291282,0.03828057,0.97995574
fashion_mnist,random_unitary,256,894,0.82001125,0.03673113,0.98220884
fashion_mnist,random_unitary,256,895,0.82681823,0.0149022,1.0097375
fashion_mnist,random_unitary,256,896,0.83005105,0.0496541,1.00710427
fashion_mnist,random_unitary,256,897,0.82417657,0.06976697,1.00211749
fashion_mnist,random_unitary,256,898,0.81413373,0.00550637,0.99141281
fashion_mnist,random_unitary,256,899,0.82078526,0.00438966,0.99500734
fashion_mnist,random_unitary,256,900,0.81963536,0.08071272,1.03280359
fashion_mnist,random_unitary,256,901,0.81823293,0.06462261,0.99360819
fashion_mnist,random_unitary,256,902,0.81842718,0.01942347,0.99786329
fashion_mnist,random_unitary,256,903,0.82996491,0.03674312,1.02101787
fashion_mnist,random_unitary,256,904,0.81761038,0.04052574,0.96997145
fashion_mnist,random_unitary,256,905,0.81016645,0.02402081,1.01245051
fashion_mnist,random_unitary,256,906,0.81804804,0.02519095,1.00165529
fashion_mnist,random_unitary,256,907,0.82696669,0.11070138,0.98901136
fashion_mnist,random_unitary,256,908,0.81828697,0.02966338,1.01889929
fashion_mnist,random_unitary,256,909,0.81451556,0.09005091,0.99768956
fashion_mnist,random_unitary,256,910,0.82829874,0.00448468,0.98464489
fashion_mnist,random_unitary,256,911,0.81626713,0.05512624,0.99263718
fashion_mnist,random_unitary,256,912,0.82119453,0.00820169,0.99961188
fashion_mnist,random_unitary,256,913,0.82646732,0.08036632,1.00873938
fashion_mnist,random_unitary,256,914,0.82477586,0.0328212,1.00049721
fashion_mnist,random_unitary,256,915,0.81715913,0.10317583,0.9722301
fashion_mnist,random_unitary,256,916,0.81340973,0.10221728,1.01670453
fashion_mnist,random_unitary,256,917,0.81094481,0.01307527,0.98674608
fashion_mnist,random_unitary,256,918,0.82909339,0.00068377,1.00383357
fashion_mnist,random_unitary,256,919,0.82887628,0.01586845,0.98266088
fashion_mnist,random_unitary,256,920,0.83113222,0.00112123,1.00239758
fashion_mnist,random_unitary,256,921,0.82133967,0.10952227,0.9822533
fashion_mnist,random_unitary,256,922,0.81395992,0.04079633,0.98321146
fashion_mnist,random_unitary,256,923,0.81964195,0.05854059,1.01822154
fashion_mnist,random_unitary,256,924,0.82385831,0.01312329,0.99970009
fashion_mnist,random_unitary,256,925,0.81551869,0.03930908,1.00284891
fashion_mnist,random_unitary,256,926,0.82615768,0.02303879,0.9930667
fashion_mnist,random_unitary,256,927,0.82097212,0.02807794,0.99467435
fashion_mnist,random_unitary,256,928,0.81447922,0.00266508,0.97828125
fashion_mnist,random_unitary,256,929,0.82439508,0.09796145,1.00305638
fashion_mnist,random_unitary,256,930,0.8174814,0.02953144,1.00315517
fashion_mnist,random_unitary,256,931,0.81680427,0.04584972,0.98160571
fashion_mnist,random_unitary,256,932,0.82174503,0.0085874,1.01511246
fashion_mnist,random_unitary,256,933,0.8232239,0.06840686,1.02699299
fashion_mnist,random_unitary,256,934,0.81743114,0.00384896,0.99404098
fashion_mnist,random_unitary,256,935,0.82980924,0.02908451,0.98872442
fashion_mnist,random_unitary,256,936,0.81605506,0.01153531,0.98423189
fashion_mnist,random_unitary,256,937,0.82599154,0.03540678,1.02242999
fashion_mnist,random_unitary,256,938,0.82532013,0.03428989,0.98985334
fashion_mnist,random_unitary,256,939,0.82717628,0.04886741,0.96795857
fashion_mnist,random_unitary,256,940,0.82341325,0.00280727,1.00510567
fashion_mnist,random_unitary,256,941,0.81889929,0.05259458,1.00738526
fashion_mnist,random_unitary,256,942,0.81912256,0.03915198,0.98910652
fashion_mnist,random_unitary,256,943,0.82028678,0.03904614,1.02681022
fashion_mnist,random_unitary,256,944,0.81858992,0.01083281,1.01472981
fashion_mnist,random_unitary,256,945,0.82726255,0.04853781,1.00613887
fashion_mnist,random_unitary,256,946,0.82306927,0.01062665,1.01327251
fashion_mnist,random_unitary,256,947,0.82367408,0.03544081,1.00406394
fashion_mnist,random_unitary,256,948,0.82113053,0.08464011,1.03772992
fashion_mnist,random_unitary,256,949,0.82905535,0.00834645,1.00095015
fashion_mnist,random_unitary,256,950,0.80828551,0.01261559,0.98940521
fashion_mnist,random_unitary,256,951,0.82911539,0.06998856,1.01498735
fashion_mnist,random_unitary,256,952,0.81848764,0.0347853,1.00392044
fashion_mnist,random_unitary,256,953,0.82088771,0.07672302,0.99936993
fashion_mnist,random_unitary,256,954,0.81757104,0.04790732,0.99865415
fashion_mnist,random_unitary,256,955,0.82078518,0.05781176,0.98838443
fashion_mnist,random_unitary,256,956,0.82980945,0.06407599,1.02022772
fashion_mnist,random_unitary,256,957,0.822823,0.02341551,1.00725415
fashion_mnist,random_unitary,256,958,0.81606864,0.01645201,0.98414158
fashion_mnist,random_unitary,256,959,0.81823362,0.08021407,0.99137651
fashion_mnist,random_unitary,256,960,0.81105194,0.06873064,1.01105198
fashion_mnist,random_unitary,256,961,0.82404662,0.01237665,0.99308561
fashion_mnist,random_unitary,256,962,0.8186507,0.07611039,1.0080362
fashion_mnist,random_unitary,256,963,0.83301919,0.08022321,0.98906053
fashion_mnist,random_unitary,256,964,0.81659137,0.02948892,1.02069762
fashion_mnist,random_unitary,256,965,0.8174831,0.01520744,1.00842508
fashion_mnist,random_unitary,256,966,0.80996398,0.06426779,0.98133215
fashion_mnist,random_unitary,256,967,0.82231163,0.03057399,1.01013636
fashion_mnist,random_unitary,256,968,0.80582935,0.07000533,1.03323543
fashion_mnist,random_unitary,256,969,0.81856141,0.00799819,1.00125
fashion_mnist,random_unitary,256,970,0.82248328,0.0590711,0.97533227
fashion_mnist,random_unitary,256,971,0.82518384,0.04000089,1.03895943
fashion_mnist,random_unitary,256,972,0.81845002,0.00853349,1.01138262
fashion_mnist,random_unitary,256,973,0.82679109,0.06293306,1.01571007
fashion_mnist,random_unitary,256,974,0.8208423,0.01912891,1.00716878
fashion_mnist,random_unitary,256,975,0.82823898,0.12435693,1.02324003
fashion_mnist,random_unitary,256,976,0.8252893,0.05583225,1.02112275
fashion_mnist,random_unitary,256,977,0.82646583,0.0593859,0.99200723
fashion_mnist,random_unitary,256,978,0.82256966,0.03279912,0.9655055
fashion_mnist,random_unitary,256,979,0.82451442,0.00019623,1.00869678
fashion_mnist,random_unitary,256,980,0.82063154,0.03810038,0.98934016
fashion_mnist,random_unitary,256,981,0.82972301,0.0834269,0.99689039
fashion_mnist,random_unitary,256,982,0.8292179,0.01082648,0.99034
fashion_mnist,random_unitary,256,983,0.82095152,0.06049565,0.9784168
fashion_mnist,random_unitary,256,984,0.82778108,0.07290741,1.00936813
fashion_mnist,random_unitary,256,985,0.82827636,0.11248937,0.98635682
fashion_mnist,random_unitary,256,986,0.81471869,0.00362296,1.0218807
fashion_mnist,random_unitary,256,987,0.81881284,0.00064873,0.99512327
fashion_mnist,random_unitary,256,988,0.82759233,0.02235958,0.99011094
fashion_mnist,random_unitary,256,989,0.81140256,0.00590745,1.01197676
fashion_mnist,random_unitary,256,990,0.81553534,0.14293744,1.01727816
fashion_mnist,random_unitary,256,991,0.81960442,0.02473202,0.99883739
fashion_mnist,random_unitary,256,992,0.82872329,0.06737746,1.03627049
fashion_mnist,random_unitary,256,993,0.82173135,0.04099129,1.01236491
fashion_mnist,random_unitary,256,994,0.81944891,0.02089028,1.00739396
fashion_mnist,random_unitary,256,995,0.82339943,0.00897928,0.99069132
fashion_mnist,random_unitary,256,996,0.82753457,0.0013157,0.98965392
fashion_mnist,random_unitary,256,997,0.81504662,0.06731163,0.98898574
fashion_mnist,random_unitary,256,998,0.82688474,0.06585054,1.02088555
fashion_mnist,random_unitary,256,999,0.82532297,0.02600647,1.00947303
fashion_mnist,random_unitary,512,0,0.81892936,0.08607092,1.00095677
fashion_mnist,random_unitary,512,1,0.82331148,0.02710727,0.98760209
fashion_mnist,random_unitary,512,2,0.82374826,0.04498972,0.95704454
fashion_mnist,random_unitary,512,3,0.81999529,0.0351328,0.97894926
fashion_mnist,random_unitary,512,4,0.82260807,0.02752345,1.00777161
fashion_mnist,random_unitary,512,5,0.8147033,0.01681823,0.99536759
fashion_mnist,random_unitary,512,6,0.83615044,0.03752893,1.00940511
fashion_mnist,random_unitary,512,7,0.81843887,0.01362184,0.99062427
fashion_mnist,random_unitary,512,8,0.81568836,0.01877066,0.99691891
fashion_mnist,random_unitary,512,9,0.81656244,0.04843641,1.00588862
fashion_mnist,random_unitary,512,10,0.82217373,0.06790825,0.99523478
fashion_mnist,random_unitary,512,11,0.83257529,0.02137239,0.98674255
fashion_mnist,random_unitary,512,12,0.82209387,0.00382586,1.00166339
fashion_mnist,random_unitary,512,13,0.82441166,0.01157603,0.99030206
fashion_mnist,random_unitary,512,14,0.82239749,0.04157053,1.00936518
fashion_mnist,random_unitary,512,15,0.83146791,0.00255883,1.02619269
fashion_mnist,random_unitary,512,16,0.81091383,0.01584921,1.00978466
fashion_mnist,random_unitary,512,17,0.82012193,0.02021778,0.96659617
fashion_mnist,random_unitary,512,18,0.81963743,0.0170556,0.99667069
fashion_mnist,random_unitary,512,19,0.82314326,0.09275557,1.01190673
fashion_mnist,random_unitary,512,20,0.82620522,0.07914563,0.97052296
fashion_mnist,random_unitary,512,21,0.82125482,0.03260573,1.00478264
fashion_mnist,random_unitary,512,22,0.8285839,0.01456101,0.98236532
fashion_mnist,random_unitary,512,23,0.82179921,0.01311373,0.97977892
fashion_mnist,random_unitary,512,24,0.83603727,0.04561849,0.99986079
fashion_mnist,random_unitary,512,25,0.818233,0.01735493,1.01197575
fashion_mnist,random_unitary,512,26,0.82093109,0.01973512,0.97765605
fashion_mnist,random_unitary,512,27,0.82082616,0.00430028,1.01401927
fashion_mnist,random_unitary,512,28,0.82193733,0.02347248,1.00370587
fashion_mnist,random_unitary,512,29,0.82304505,0.04777712,0.98688374
fashion_mnist,random_unitary,512,30,0.82561988,0.03596948,0.98873925
fashion_mnist,random_unitary,512,31,0.83165888,0.00330267,0.98804978
fashion_mnist,random_unitary,512,32,0.83322196,0.08502444,0.98885281
fashion_mnist,random_unitary,512,33,0.82257783,0.01702285,1.00696579
fashion_mnist,random_unitary,512,34,0.81135642,0.01556717,0.99088342
fashion_mnist,random_unitary,512,35,0.81401853,0.1084367,1.00639263
fashion_mnist,random_unitary,512,36,0.82929372,0.04191532,0.99653175
fashion_mnist,random_unitary,512,37,0.8134604,0.02785312,0.99720484
fashion_mnist,random_unitary,512,38,0.82449698,0.02638174,0.9742541
fashion_mnist,random_unitary,512,39,0.81981629,0.02751844,0.9697275
fashion_mnist,random_unitary,512,40,0.81642614,0.03245338,1.00247541
fashion_mnist,random_unitary,512,41,0.82130108,0.04123033,0.99780875
fashion_mnist,random_unitary,512,42,0.82410349,0.04812566,0.98686441
fashion_mnist,random_unitary,512,43,0.82713423,0.02607359,1.00197055
fashion_mnist,random_unitary,512,44,0.81529363,0.03578567,0.995308
fashion_mnist,random_unitary,512,45,0.81057346,0.04975767,1.00939048
fashion_mnist,random_unitary,512,46,0.82409757,0.03795248,1.01950349
fashion_mnist,random_unitary,512,47,0.82570124,0.03755966,1.00133983
fashion_mnist,random_unitary,512,48,0.82277485,0.02795951,0.96451426
fashion_mnist,random_unitary,512,49,0.8134183,0.05965993,1.01457693
fashion_mnist,random_unitary,512,50,0.82592594,0.06801905,0.98731801
fashion_mnist,random_unitary,512,51,0.82645073,0.02959336,1.01048483
fashion_mnist,random_unitary,512,52,0.80688695,0.01766416,1.00444566
fashion_mnist,random_unitary,512,53,0.82540067,0.02642313,0.9941753
fashion_mnist,random_unitary,512,54,0.82086899,0.0131901,1.00964642
fashion_mnist,random_unitary,512,55,0.81786372,0.04500525,1.00522818
fashion_mnist,random_unitary,512,56,0.82886649,0.04175059,1.01062869
fashion_mnist,random_unitary,512,57,0.82518485,0.10628201,0.99883985
fashion_mnist,random_unitary,512,58,0.82430977,0.0894,1.01953432
fashion_mnist,random_unitary,512,59,0.81906172,0.01306993,1.01199131
fashion_mnist,random_unitary,512,60,0.8204909,0.00449043,0.98631769
fashion_mnist,random_unitary,512,61,0.8246919,0.03673065,0.99653999
fashion_mnist,random_unitary,512,62,0.81590386,0.03694176,1.03332617
fashion_mnist,random_unitary,512,63,0.81454448,0.04319134,1.00558923
fashion_mnist,random_unitary,512,64,0.81007795,0.01184645,0.99072444
fashion_mnist,random_unitary,512,65,0.81737782,0.02813159,0.99689685
fashion_mnist,random_unitary,512,66,0.81502667,0.05111141,1.00373991
fashion_mnist,random_unitary,512,67,0.82781801,0.01400573,1.01656565
fashion_mnist,random_unitary,512,68,0.81392055,0.0031397,1.01329138
fashion_mnist,random_unitary,512,69,0.82514481,0.10713808,0.99527424
fashion_mnist,random_unitary,512,70,0.82441595,0.04499303,0.98075493
fashion_mnist,random_unitary,512,71,0.82459488,0.00406343,1.01401425
fashion_mnist,random_unitary,512,72,0.82286194,0.01660356,1.00055941
fashion_mnist,random_unitary,512,73,0.82752165,0.00672317,1.01599337
fashion_mnist,random_unitary,512,74,0.8260438,0.03906988,1.00817359
fashion_mnist,random_unitary,512,75,0.83471548,0.04154678,0.98155198
fashion_mnist,random_unitary,512,76,0.83130268,0.00035256,0.98333098
fashion_mnist,random_unitary,512,77,0.82537874,0.01187102,0.98202847
fashion_mnist,random_unitary,512,78,0.82679319,0.10300635,1.01761435
fashion_mnist,random_unitary,512,79,0.82098197,0.05414055,1.00517318
fashion_mnist,random_unitary,512,80,0.81438584,0.01415562,1.00323517
fashion_mnist,random_unitary,512,81,0.82549921,0.01784153,0.99717599
fashion_mnist,random_unitary,512,82,0.82791852,0.00105987,1.00916924
fashion_mnist,random_unitary,512,83,0.82274285,0.00500855,0.96760666
fashion_mnist,random_unitary,512,84,0.82772066,0.01524765,0.99726586
fashion_mnist,random_unitary,512,85,0.8176717,0.00776641,0.99440397
fashion_mnist,random_unitary,512,86,0.82971188,0.03746824,0.99444129
fashion_mnist,random_unitary,512,87,0.82337114,0.11239561,0.97981424
fashion_mnist,random_unitary,512,88,0.82550613,0.05175021,0.97926765
fashion_mnist,random_unitary,512,89,0.8210821,0.03801482,0.99666564
fashion_mnist,random_unitary,512,90,0.82527002,0.01091359,0.99129004
fashion_mnist,random_unitary,512,91,0.82057975,0.06734643,1.00820033
fashion_mnist,random_unitary,512,92,0.824629,0.15953559,0.99973319
fashion_mnist,random_unitary,512,93,0.82442231,0.05221718,1.0181741
fashion_mnist,random_unitary,512,94,0.82231854,0.04307157,1.01955944
fashion_mnist,random_unitary,512,95,0.82420003,0.03713877,1.00809738
fashion_mnist,random_unitary,512,96,0.81865623,0.07081706,1.01318939
fashion_mnist,random_unitary,512,97,0.8269628,0.04073828,0.9930245
fashion_mnist,random_unitary,512,98,0.81488972,0.03171968,0.99925363
fashion_mnist,random_unitary,512,99,0.81692469,0.10761559,1.01270362
fashion_mnist,random_unitary,512,100,0.82510798,0.02799277,0.99905465
fashion_mnist,random_unitary,512,101,0.81400365,0.0293574,1.00842441
fashion_mnist,random_unitary,512,102,0.82140809,0.00595799,0.98140314
fashion_mnist,random_unitary,512,103,0.83467973,0.03880502,0.96061666
fashion_mnist,random_unitary,512,104,0.8212101,0.0380902,0.9879478
fashion_mnist,random_unitary,512,105,0.81997346,0.03245389,1.00851017
fashion_mnist,random_unitary,512,106,0.81127918,0.02089813,0.97096964
fashion_mnist,random_unitary,512,107,0.81751623,0.01847804,1.02736871
fashion_mnist,random_unitary,512,108,0.81999057,0.00235921,1.00342736
fashion_mnist,random_unitary,512,109,0.82223093,0.09110184,1.00278607
fashion_mnist,random_unitary,512,110,0.82339899,0.04132257,0.98608754
fashion_mnist,random_unitary,512,111,0.8176794,0.03713187,0.98485134
fashion_mnist,random_unitary,512,112,0.82350748,0.10568799,1.00350288
fashion_mnist,random_unitary,512,113,0.82414211,0.08099858,1.01776464
fashion_mnist,random_unitary,512,114,0.82668997,0.02802028,1.0021208
fashion_mnist,random_unitary,512,115,0.81886057,0.01750678,1.006608
fashion_mnist,random_unitary,512,116,0.8239482,0.12214821,0.99678597
fashion_mnist,random_unitary,512,117,0.82081739,0.039113,1.00601001
fashion_mnist,random_unitary,512,118,0.82180776,0.06514766,1.00744493
fashion_mnist,random_unitary,512,119,0.81306827,0.02714457,0.95917759
fashion_mnist,random_unitary,512,120,0.80811101,0.01042724,1.00554697
fashion_mnist,random_unitary,512,121,0.82630695,0.02477413,1.01910794
fashion_mnist,random_unitary,512,122,0.82067478,0.06163247,1.01030431
fashion_mnist,random_unitary,512,123,0.82935166,0.03301667,0.99298462
fashion_mnist,random_unitary,512,124,0.82726385,0.00936506,0.99247419
fashion_mnist,random_unitary,512,125,0.8230936,0.02746407,1.0131414
fashion_mnist,random_unitary,512,126,0.81136536,0.01684194,1.00065326
fashion_mnist,random_unitary,512,127,0.83988037,0.07278642,1.00181751
fashion_mnist,random_unitary,512,128,0.82762201,0.00198336,0.9873252
fashion_mnist,random_unitary,512,129,0.81803701,0.10128706,1.02872177
fashion_mnist,random_unitary,512,130,0.81216797,0.10812199,1.01835847
fashion_mnist,random_unitary,512,131,0.82040881,0.00869571,1.01533037
fashion_mnist,random_unitary,512,132,0.82728493,0.02497552,0.98955916
fashion_mnist,random_unitary,512,133,0.82601812,1.801e-05,1.01104929
fashion_mnist,random_unitary,512,134,0.8124817,0.00261725,1.01355987
fashion_mnist,random_unitary,512,135,0.83271795,0.05914644,0.99812014
fashion_mnist,random_unitary,512,136,0.82425849,0.01500662,0.96901633
fashion_mnist,random_unitary,512,137,0.83168834,0.01780883,0.99531494
fashion_mnist,random_unitary,512,138,0.81956257,0.06165735,1.00843132
fashion_mnist,random_unitary,512,139,0.82397394,0.06940992,0.98851862
fashion_mnist,random_unitary,512,140,0.8186405,0.10589373,1.0159686
fashion_mnist,random_unitary,512,141,0.82472291,0.05887264,0.96256566
fashion_mnist,random_unitary,512,142,0.8200553,0.07073458,0.9813359
fashion_mnist,random_unitary,512,143,0.83422721,0.02578706,0.99360693
fashion_mnist,random_unitary,512,144,0.81311208,0.05128297,1.01115367
fashion_mnist,random_unitary,512,145,0.82552409,0.07785924,1.00355959
fashion_mnist,random_unitary,512,146,0.82319355,0.05031991,0.97576861
fashion_mnist,random_unitary,512,147,0.82542392,0.06638595,0.9707713
fashion_mnist,random_unitary,512,148,0.82321579,0.03679013,0.97840655
fashion_mnist,random_unitary,512,149,0.82892503,0.03482475,1.00598923
fashion_mnist,random_unitary,512,150,0.80964631,0.04851085,0.99535629
fashion_mnist,random_unitary,512,151,0.81890493,0.05287547,0.98513483
fashion_mnist,random_unitary,512,152,0.82937938,0.04151188,0.98753709
fashion_mnist,random_unitary,512,153,0.81902161,0.03955328,0.9863171
fashion_mnist,random_unitary,512,154,0.81204565,0.04482546,1.02012692
fashion_mnist,random_unitary,512,155,0.8216913,0.0902548,0.99971501
fashion_mnist,random_unitary,512,156,0.81564081,0.01871005,1.00741656
fashion_mnist,random_unitary,512,157,0.83477829,0.02374835,1.01705296
fashion_mnist,random_unitary,512,158,0.81720078,0.04601435,0.99322254
fashion_mnist,random_unitary,512,159,0.80945011,0.05157961,0.98491722
fashion_mnist,random_unitary,512,160,0.81899279,0.01210457,1.0059141
fashion_mnist,random_unitary,512,161,0.82665626,0.07232197,0.98421547
fashion_mnist,random_unitary,512,162,0.82555167,0.03656496,1.02269387
fashion_mnist,random_unitary,512,163,0.82187396,0.00778924,0.98310471
fashion_mnist,random_unitary,512,164,0.82473799,0.05089102,1.05170281
fashion_mnist,random_unitary,512,165,0.82439957,0.0198329,0.994817
fashion_mnist,random_unitary,512,166,0.82276846,0.07726798,0.99576122
fashion_mnist,random_unitary,512,167,0.8280339,0.09317804,1.00395753
fashion_mnist,random_unitary,512,168,0.82486824,0.04825815,0.99108139
fashion_mnist,random_unitary,512,169,0.81555876,0.00566373,0.99961323
fashion_mnist,random_unitary,512,170,0.82624473,0.04675917,1.00426476
fashion_mnist,random_unitary,512,171,0.81661652,0.0617148,1.00346795
fashion_mnist,random_unitary,512,172,0.83226201,0.02399623,1.00409619
fashion_mnist,random_unitary,512,173,0.82017251,0.03749876,0.98304433
fashion_mnist,random_unitary,512,174,0.81978041,0.04348366,0.99220512
fashion_mnist,random_unitary,512,175,0.82073267,0.00231251,0.97906632
fashion_mnist,random_unitary,512,176,0.81835192,0.00489841,1.00024591
fashion_mnist,random_unitary,512,177,0.82186153,0.01955913,1.00121815
fashion_mnist,random_unitary,512,178,0.81883676,0.03034346,1.00298004
fashion_mnist,random_unitary,512,179,0.82338674,0.03813443,0.99908689
fashion_mnist,random_unitary,512,180,0.8085668,0.05628695,1.00810698
fashion_mnist,random_unitary,512,181,0.82531881,0.02482641,1.00126926
fashion_mnist,random_unitary,512,182,0.82379897,0.07397634,1.00090447
fashion_mnist,random_unitary,512,183,0.83497124,0.05712692,0.9766367
fashion_mnist,random_unitary,512,184,0.81087021,0.02935031,1.00768798
fashion_mnist,random_unitary,512,185,0.82607492,0.0764428,0.99692183
fashion_mnist,random_unitary,512,186,0.8219058,0.00503504,0.97081742
fashion_mnist,random_unitary,512,187,0.83241775,0.07309047,1.00163589
fashion_mnist,random_unitary,512,188,0.82769427,0.06146962,0.97030962
fashion_mnist,random_unitary,512,189,0.82236269,0.11786569,0.99549773
fashion_mnist,random_unitary,512,190,0.83692388,0.04098161,1.01004781
fashion_mnist,random_unitary,512,191,0.81739632,0.03380934,1.01193468
fashion_mnist,random_unitary,512,192,0.81317258,0.03873604,0.98887395
fashion_mnist,random_unitary,512,193,0.8223433,0.0171172,1.01607533
fashion_mnist,random_unitary,512,194,0.83720962,0.00508714,1.01340964
fashion_mnist,random_unitary,512,195,0.81741741,0.00222595,1.01658624
fashion_mnist,random_unitary,512,196,0.82434917,0.01223557,1.00527732
fashion_mnist,random_unitary,512,197,0.82308247,0.03391043,1.00151232
fashion_mnist,random_unitary,512,198,0.82367011,0.03508814,1.01943583
fashion_mnist,random_unitary,512,199,0.82079024,0.02566295,1.00502986
fashion_mnist,random_unitary,512,200,0.82673169,0.00856619,1.02026638
fashion_mnist,random_unitary,512,201,0.81701447,0.05245369,1.00577519
fashion_mnist,random_unitary,512,202,0.82755412,0.01304463,1.00172653
fashion_mnist,random_unitary,512,203,0.8202902,0.00125093,0.99043646
fashion_mnist,random_unitary,512,204,0.82863719,0.00520125,0.99575459
fashion_mnist,random_unitary,512,205,0.82583775,0.03711773,0.9788001
fashion_mnist,random_unitary,512,206,0.82796399,0.02286497,0.99721282
fashion_mnist,random_unitary,512,207,0.81923054,0.00710931,0.99660553
fashion_mnist,random_unitary,512,208,0.82348663,0.00486456,1.00710479
fashion_mnist,random_unitary,512,209,0.83047125,0.02525583,0.99211871
fashion_mnist,random_unitary,512,210,0.82569349,0.00172445,1.02384138
fashion_mnist,random_unitary,512,211,0.82425295,0.01335791,0.98507485
fashion_mnist,random_unitary,512,212,0.82162721,0.06497279,0.97519414
fashion_mnist,random_unitary,512,213,0.82050727,0.07049103,1.00135958
fashion_mnist,random_unitary,512,214,0.81158633,0.07092879,0.97655032
fashion_mnist,random_unitary,512,215,0.82638689,0.01900884,1.01634508
fashion_mnist,random_unitary,512,216,0.82758279,0.10748802,1.00307762
fashion_mnist,random_unitary,512,217,0.81465156,0.07731267,1.01132
fashion_mnist,random_unitary,512,218,0.82586088,0.02649877,1.01510306
fashion_mnist,random_unitary,512,219,0.82595947,0.06141305,1.02964837
fashion_mnist,random_unitary,512,220,0.82563553,0.0903047,1.00012538
fashion_mnist,random_unitary,512,221,0.82633238,0.10669745,0.99223172
fashion_mnist,random_unitary,512,222,0.8212322,0.10036987,1.00928657
fashion_mnist,random_unitary,512,223,0.82586254,0.01788611,0.9878854
fashion_mnist,random_unitary,512,224,0.81268607,0.04055375,1.00791664
fashion_mnist,random_unitary,512,225,0.81688894,0.02328436,0.99182917
fashion_mnist,random_unitary,512,226,0.8330732,0.02099103,0.99560598
fashion_mnist,random_unitary,512,227,0.83176787,0.00898205,0.99516842
fashion_mnist,random_unitary,512,228,0.82560138,0.03897757,0.97693638
fashion_mnist,random_unitary,512,229,0.81779891,0.11484688,1.01584833
fashion_mnist,random_unitary,512,230,0.81566712,0.0093493,1.00784258
fashion_mnist,random_unitary,512,231,0.81488708,0.07052969,1.00380447
fashion_mnist,random_unitary,512,232,0.81929442,0.04564634,0.99853473
fashion_mnist,random_unitary,512,233,0.82373869,0.00724111,1.02263926
fashion_mnist,random_unitary,512,234,0.82161163,0.03840737,0.99573325
fashion_mnist,random_unitary,512,235,0.82653514,0.05808624,1.01182638
fashion_mnist,random_unitary,512,236,0.81480532,0.04181117,1.0067072
fashion_mnist,random_unitary,512,237,0.83630253,0.0119017,0.99602904
fashion_mnist,random_unitary,512,238,0.81926588,0.02453699,0.98482807
fashion_mnist,random_unitary,512,239,0.82686522,0.02959303,0.98339879
fashion_mnist,random_unitary,512,240,0.82046959,0.04282313,1.01894175
fashion_mnist,random_unitary,512,241,0.81742313,0.00048246,0.99382772
fashion_mnist,random_unitary,512,242,0.82365841,0.03937291,0.98836661
fashion_mnist,random_unitary,512,243,0.81731618,0.0747205,0.99913251
fashion_mnist,random_unitary,512,244,0.81257779,0.00442321,1.00527137
fashion_mnist,random_unitary,512,245,0.81805054,0.05528305,1.00835813
fashion_mnist,random_unitary,512,246,0.81740238,0.04901773,1.01037586
fashion_mnist,random_unitary,512,247,0.82080957,0.01206288,1.00640002
fashion_mnist,random_unitary,512,248,0.83161801,0.00342686,0.97881011
fashion_mnist,random_unitary,512,249,0.83083774,0.02512727,1.00779189
fashion_mnist,random_unitary,512,250,0.80869272,0.10394726,1.00501205
fashion_mnist,random_unitary,512,251,0.83097351,0.022785,1.01469018
fashion_mnist,random_unitary,512,252,0.82549786,0.10147046,1.01161624
fashion_mnist,random_unitary,512,253,0.82623644,0.00728599,1.00102594
fashion_mnist,random_unitary,512,254,0.82757559,0.08643817,0.9743027
fashion_mnist,random_unitary,512,255,0.83324353,0.07031268,1.00316319
fashion_mnist,random_unitary,512,256,0.83277121,0.00766295,1.0081677
fashion_mnist,random_unitary,512,257,0.8174894,0.02711694,0.96905474
fashion_mnist,random_unitary,512,258,0.82700046,0.03340039,0.99439827
fashion_mnist,random_unitary,512,259,0.83067843,0.06135793,1.01459732
fashion_mnist,random_unitary,512,260,0.82828362,0.00109068,1.00239705
fashion_mnist,random_unitary,512,261,0.82616753,0.06344827,1.01089369
fashion_mnist,random_unitary,512,262,0.83184918,0.05552611,0.978628
fashion_mnist,random_unitary,512,263,0.82595215,0.03436538,0.97533113
fashion_mnist,random_unitary,512,264,0.82082421,0.03239938,1.00272495
fashion_mnist,random_unitary,512,265,0.82905176,0.00748033,0.99639151
fashion_mnist,random_unitary,512,266,0.83412894,0.09419515,0.99097139
fashion_mnist,random_unitary,512,267,0.82477875,0.02493055,0.98543788
fashion_mnist,random_unitary,512,268,0.81603546,0.03085384,1.01520576
fashion_mnist,random_unitary,512,269,0.8232668,0.03132494,1.00256908
fashion_mnist,random_unitary,512,270,0.83034654,0.0652144,1.00842079
fashion_mnist,random_unitary,512,271,0.82129648,0.01451464,1.00145493
fashion_mnist,random_unitary,512,272,0.8197927,0.01729316,1.02733771
fashion_mnist,random_unitary,512,273,0.82872221,0.00760325,1.00208334
fashion_mnist,random_unitary,512,274,0.81018674,0.08047733,1.01222321
fashion_mnist,random_unitary,512,275,0.82259192,0.07086789,1.01944333
fashion_mnist,random_unitary,512,276,0.81539051,0.05627713,1.01103842
fashion_mnist,random_unitary,512,277,0.82969572,0.05414211,0.99944349
fashion_mnist,random_unitary,512,278,0.82099144,0.06856504,0.98945228
fashion_mnist,random_unitary,512,279,0.82861116,0.00772127,1.00233009
fashion_mnist,random_unitary,512,280,0.82459156,0.04495248,0.98847089
fashion_mnist,random_unitary,512,281,0.82780973,0.01839562,0.98480256
fashion_mnist,random_unitary,512,282,0.82597846,0.02043731,1.00469056
fashion_mnist,random_unitary,512,283,0.82434346,0.05222554,0.98306224
fashion_mnist,random_unitary,512,284,0.82960348,0.06095695,0.99791923
fashion_mnist,random_unitary,512,285,0.81484449,0.04050865,1.01143912
fashion_mnist,random_unitary,512,286,0.82370235,0.01951563,0.99458719
fashion_mnist,random_unitary,512,287,0.82919713,0.00437632,1.00023489
fashion_mnist,random_unitary,512,288,0.82773574,0.02210367,0.99392599
fashion_mnist,random_unitary,512,289,0.82418961,0.03147128,1.01462999
fashion_mnist,random_unitary,512,290,0.81307912,0.0533417,0.99562209
fashion_mnist,random_unitary,512,291,0.83098297,0.00079656,1.00666733
fashion_mnist,random_unitary,512,292,0.8262673,0.01211019,1.0088685
fashion_mnist,random_unitary,512,293,0.82586454,0.03903267,1.00095134
fashion_mnist,random_unitary,512,294,0.81433393,0.02947529,1.01540196
fashion_mnist,random_unitary,512,295,0.82366845,0.00215528,1.01018213
fashion_mnist,random_unitary,512,296,0.81941705,0.02954397,0.99779151
fashion_mnist,random_unitary,512,297,0.81424012,0.04981697,1.01391035
fashion_mnist,random_unitary,512,298,0.81487822,0.07973894,1.01205644
fashion_mnist,random_unitary,512,299,0.82548331,0.08434685,1.01554333
fashion_mnist,random_unitary,512,300,0.81111983,0.04292971,1.01906537
fashion_mnist,random_unitary,512,301,0.81926614,0.03030726,1.01799928
fashion_mnist,random_unitary,512,302,0.8168909,0.01564847,1.01637167
fashion_mnist,random_unitary,512,303,0.80957539,0.00521677,0.99156156
fashion_mnist,random_unitary,512,304,0.82593578,0.00823068,0.99517625
fashion_mnist,random_unitary,512,305,0.81321372,0.18023728,1.0040878
fashion_mnist,random_unitary,512,306,0.83023649,0.01273153,1.00138375
fashion_mnist,random_unitary,512,307,0.81846301,0.02450847,1.01691675
fashion_mnist,random_unitary,512,308,0.82614312,0.09357533,0.9948434
fashion_mnist,random_unitary,512,309,0.8261843,0.00176979,1.01402296
fashion_mnist,random_unitary,512,310,0.8244375,0.02985861,0.99925111
fashion_mnist,random_unitary,512,311,0.82223496,0.03732691,1.01070185
fashion_mnist,random_unitary,512,312,0.83393394,0.08895231,0.98888609
fashion_mnist,random_unitary,512,313,0.82495883,0.01711769,1.00796399
fashion_mnist,random_unitary,512,314,0.81246089,0.04259153,1.00194334
fashion_mnist,random_unitary,512,315,0.82258111,0.00521676,0.99620553
fashion_mnist,random_unitary,512,316,0.8217208,0.07403557,1.0183414
fashion_mnist,random_unitary,512,317,0.82567839,0.01510944,0.98478544
fashion_mnist,random_unitary,512,318,0.82488265,0.11451716,1.00557294
fashion_mnist,random_unitary,512,319,0.82724135,0.03624216,1.03028983
fashion_mnist,random_unitary,512,320,0.82757914,0.08091335,1.00394582
fashion_mnist,random_unitary,512,321,0.82432158,0.03059409,1.01598291
fashion_mnist,random_unitary,512,322,0.82928922,0.12858078,1.00423592
fashion_mnist,random_unitary,512,323,0.81993368,0.02364692,1.02140057
fashion_mnist,random_unitary,512,324,0.81906526,0.01918551,1.00075602
fashion_mnist,random_unitary,512,325,0.82227312,0.00558962,0.99514843
fashion_mnist,random_unitary,512,326,0.82074787,0.07133956,0.98492008
fashion_mnist,random_unitary,512,327,0.81874623,0.04592781,1.01161202
fashion_mnist,random_unitary,512,328,0.8158419,0.0438358,1.00636422
fashion_mnist,random_unitary,512,329,0.82841065,0.02726067,0.97175313
fashion_mnist,random_unitary,512,330,0.82410811,0.08211207,0.97795301
fashion_mnist,random_unitary,512,331,0.81832606,0.02108511,0.99215243
fashion_mnist,random_unitary,512,332,0.81290864,0.03476198,0.98558622
fashion_mnist,random_unitary,512,333,0.82652533,0.06703943,0.98028019
fashion_mnist,random_unitary,512,334,0.82136984,0.03258531,0.99039966
fashion_mnist,random_unitary,512,335,0.82856525,0.02093323,1.00851142
fashion_mnist,random_unitary,512,336,0.81974362,0.00561825,0.98927693
fashion_mnist,random_unitary,512,337,0.82362181,0.03129877,0.99624223
fashion_mnist,random_unitary,512,338,0.82009263,0.0247842,1.010605
fashion_mnist,random_unitary,512,339,0.82697366,0.09236223,0.97723645
fashion_mnist,random_unitary,512,340,0.82644641,0.06191763,0.98418513
fashion_mnist,random_unitary,512,341,0.8198863,0.12709923,0.9808356
fashion_mnist,random_unitary,512,342,0.82509495,0.03841044,0.99252671
fashion_mnist,random_unitary,512,343,0.82336088,0.06882785,1.00134694
fashion_mnist,random_unitary,512,344,0.82294759,0.0457804,0.99669134
fashion_mnist,random_unitary,512,345,0.82969338,0.02458556,1.00324209
fashion_mnist,random_unitary,512,346,0.8235546,0.03429125,0.98148132
fashion_mnist,random_unitary,512,347,0.8221436,0.00942472,0.99408507
fashion_mnist,random_unitary,512,348,0.81993595,0.03402743,0.98807978
fashion_mnist,random_unitary,512,349,0.82663669,0.0390294,1.00309209
fashion_mnist,random_unitary,512,350,0.83260509,0.06098416,1.01134899
fashion_mnist,random_unitary,512,351,0.82762338,0.00890534,0.99648893
fashion_mnist,random_unitary,512,352,0.82639048,0.01467233,0.99551267
fashion_mnist,random_unitary,512,353,0.83298795,0.06176231,0.99948075
fashion_mnist,random_unitary,512,354,0.8208613,0.06707387,1.0184835
fashion_mnist,random_unitary,512,355,0.82135224,0.07150108,0.98635799
fashion_mnist,random_unitary,512,356,0.81600455,0.00442829,0.99340986
fashion_mnist,random_unitary,512,357,0.81805968,0.00626674,0.99450514
fashion_mnist,random_unitary,512,358,0.81831173,0.00021617,0.98667613
fashion_mnist,random_unitary,512,359,0.83085812,0.02437136,1.00654014
fashion_mnist,random_unitary,512,360,0.8236153,0.02608824,0.99294385
fashion_mnist,random_unitary,512,361,0.80688638,0.02543685,1.02112993
fashion_mnist,random_unitary,512,362,0.82530552,0.02740667,0.99790487
fashion_mnist,random_unitary,512,363,0.82359401,0.00332172,1.0089099
fashion_mnist,random_unitary,512,364,0.8269548,0.0223027,0.98783858
fashion_mnist,random_unitary,512,365,0.82959304,0.10326589,0.97654757
fashion_mnist,random_unitary,512,366,0.81488119,0.05440382,1.01195842
fashion_mnist,random_unitary,512,367,0.82500444,0.01443929,0.98840372
fashion_mnist,random_unitary,512,368,0.82261639,0.04408009,0.97385205
fashion_mnist,random_unitary,512,369,0.80718635,0.0827663,0.98619027
fashion_mnist,random_unitary,512,370,0.82769107,0.03207012,0.99739428
fashion_mnist,random_unitary,512,371,0.81757406,0.04662988,1.02465711
fashion_mnist,random_unitary,512,372,0.81465639,0.0465122,0.98431938
fashion_mnist,random_unitary,512,373,0.82354619,0.0821907,0.99292411
fashion_mnist,random_unitary,512,374,0.83243444,0.06125231,1.00781053
fashion_mnist,random_unitary,512,375,0.81787862,0.01560056,1.01032747
fashion_mnist,random_unitary,512,376,0.82177763,0.03131874,0.9967931
fashion_mnist,random_unitary,512,377,0.82489716,0.03124578,0.99051837
fashion_mnist,random_unitary,512,378,0.82750461,0.08875736,1.00684409
fashion_mnist,random_unitary,512,379,0.8299151,0.00150423,0.98930678
fashion_mnist,random_unitary,512,380,0.8174048,0.03170557,0.98978287
fashion_mnist,random_unitary,512,381,0.82945028,0.04442521,0.9894308
fashion_mnist,random_unitary,512,382,0.8258242,0.04241691,0.98838513
fashion_mnist,random_unitary,512,383,0.83205236,0.06667834,1.01478614
fashion_mnist,random_unitary,512,384,0.81716178,0.01974498,1.02846814
fashion_mnist,random_unitary,512,385,0.81268421,0.05450934,1.00040814
fashion_mnist,random_unitary,512,386,0.82220831,0.01050132,0.98644953
fashion_mnist,random_unitary,512,387,0.82826625,0.09002759,0.9902922
fashion_mnist,random_unitary,512,388,0.81201835,0.00660692,1.01553403
fashion_mnist,random_unitary,512,389,0.82558403,0.00502187,0.99306998
fashion_mnist,random_unitary,512,390,0.82287995,0.0117345,0.99820115
fashion_mnist,random_unitary,512,391,0.81888558,0.07116216,0.98401171
fashion_mnist,random_unitary,512,392,0.82543494,0.02313206,0.99303347
fashion_mnist,random_unitary,512,393,0.82208899,0.05531088,1.02055367
fashion_mnist,random_unitary,512,394,0.82185631,0.15672153,1.00365045
fashion_mnist,random_unitary,512,395,0.83335823,0.00339337,1.00758002
fashion_mnist,random_unitary,512,396,0.82132055,0.04807897,1.0055757
fashion_mnist,random_unitary,512,397,0.81329971,0.0812541,0.99659539
fashion_mnist,random_unitary,512,398,0.82076627,0.02050392,0.98310965
fashion_mnist,random_unitary,512,399,0.82025046,0.02586202,0.96271142
fashion_mnist,random_unitary,512,400,0.81611671,0.03621784,0.99238729
fashion_mnist,random_unitary,512,401,0.81428633,0.08904883,0.99666268
fashion_mnist,random_unitary,512,402,0.82306899,0.06317149,1.01358068
fashion_mnist,random_unitary,512,403,0.82865811,0.00505106,1.01927286
fashion_mnist,random_unitary,512,404,0.82228751,0.00386001,1.01677213
fashion_mnist,random_unitary,512,405,0.82680199,0.01245642,0.98332258
fashion_mnist,random_unitary,512,406,0.81430987,0.09719898,1.01860661
fashion_mnist,random_unitary,512,407,0.82034356,0.04083318,0.98209657
fashion_mnist,random_unitary,512,408,0.82863757,0.05674431,1.04163204
fashion_mnist,random_unitary,512,409,0.82407169,0.00763301,0.99457696
fashion_mnist,random_unitary,512,410,0.82530803,0.04065996,0.97564659
fashion_mnist,random_unitary,512,411,0.81189134,0.02497915,0.9876728
fashion_mnist,random_unitary,512,412,0.81564805,0.05184926,0.99622982
fashion_mnist,random_unitary,512,413,0.82693391,0.03516105,0.97909864
fashion_mnist,random_unitary,512,414,0.82443209,0.00191112,1.01889275
fashion_mnist,random_unitary,512,415,0.8178656,0.02157494,1.0095028
fashion_mnist,random_unitary,512,416,0.81596005,0.01296419,0.99494278
fashion_mnist,random_unitary,512,417,0.82563177,0.11794114,0.99523587
fashion_mnist,random_unitary,512,418,0.8196181,0.01104189,0.99038202
fashion_mnist,random_unitary,512,419,0.81965464,0.00320384,0.9742021
fashion_mnist,random_unitary,512,420,0.82698331,0.01449194,1.00435922
fashion_mnist,random_unitary,512,421,0.8208755,0.01572191,0.98018166
fashion_mnist,random_unitary,512,422,0.81905065,0.0487715,0.96457168
fashion_mnist,random_unitary,512,423,0.82579567,0.0275824,0.98731781
fashion_mnist,random_unitary,512,424,0.834503,0.07105486,1.02401736
fashion_mnist,random_unitary,512,425,0.83456853,0.02739255,0.99588525
fashion_mnist,random_unitary,512,426,0.82742169,0.04068125,1.00873706
fashion_mnist,random_unitary,512,427,0.81783284,0.1088563,0.9867107
fashion_mnist,random_unitary,512,428,0.82298221,0.03078979,0.99479647
fashion_mnist,random_unitary,512,429,0.82187885,0.04247806,1.01668485
fashion_mnist,random_unitary,512,430,0.81869529,0.01329543,0.99116766
fashion_mnist,random_unitary,512,431,0.80936148,0.02392824,0.99510056
fashion_mnist,random_unitary,512,432,0.82396747,0.02004294,0.97721843
fashion_mnist,random_unitary,512,433,0.82479202,0.01693892,1.00884015
fashion_mnist,random_unitary,512,434,0.8196513,0.04867534,0.99134224
fashion_mnist,random_unitary,512,435,0.82511598,0.03292436,1.00244503
fashion_mnist,random_unitary,512,436,0.81941275,0.08814303,0.98073547
fashion_mnist,random_unitary,512,437,0.81639734,0.0102071,1.01942426
fashion_mnist,random_unitary,512,438,0.8187867,0.02674942,0.99134725
fashion_mnist,random_unitary,512,439,0.82157774,0.10678781,0.99370519
fashion_mnist,random_unitary,512,440,0.82099683,0.0416346,0.99493978
fashion_mnist,random_unitary,512,441,0.82079769,0.06963081,1.01591689
fashion_mnist,random_unitary,512,442,0.82365188,0.0926338,0.97796278
fashion_mnist,random_unitary,512,443,0.81849803,0.02552565,1.00325271
fashion_mnist,random_unitary,512,444,0.8176776,0.05001507,0.99632052
fashion_mnist,random_unitary,512,445,0.82635604,0.03688085,0.97139948
fashion_mnist,random_unitary,512,446,0.82799884,0.01475324,0.97879848
fashion_mnist,random_unitary,512,447,0.81837205,0.02170928,0.99435733
fashion_mnist,random_unitary,512,448,0.82348872,0.06495121,0.99275907
fashion_mnist,random_unitary,512,449,0.8247571,0.06709073,1.03043897
fashion_mnist,random_unitary,512,450,0.8326939,0.03475623,1.0048702
fashion_mnist,random_unitary,512,451,0.81486411,0.00853743,0.98748354
fashion_mnist,random_unitary,512,452,0.81792348,0.006398,0.97555232
fashion_mnist,random_unitary,512,453,0.81750108,0.00477332,1.00742115
fashion_mnist,random_unitary,512,454,0.82312028,0.02869667,1.00127906
fashion_mnist,random_unitary,512,455,0.8284159,0.07563097,1.03592472
fashion_mnist,random_unitary,512,456,0.82679239,0.01874704,1.01116749
fashion_mnist,random_unitary,512,457,0.82204068,0.09799016,1.01116041
fashion_mnist,random_unitary,512,458,0.82873134,0.03150184,1.00168532
fashion_mnist,random_unitary,512,459,0.82245325,0.00738184,0.99862132
fashion_mnist,random_unitary,512,460,0.81575134,0.01288371,1.00219791
fashion_mnist,random_unitary,512,461,0.82146006,0.01867591,1.0106534
fashion_mnist,random_unitary,512,462,0.82260909,0.00817864,1.01145967
fashion_mnist,random_unitary,512,463,0.8338892,0.01424138,1.00963623
fashion_mnist,random_unitary,512,464,0.82155447,0.04122582,1.01301741
fashion_mnist,random_unitary,512,465,0.81802204,0.04489249,0.97486772
fashion_mnist,random_unitary,512,466,0.81678091,0.00432073,0.95386212
fashion_mnist,random_unitary,512,467,0.82924906,0.03989931,0.97867872
fashion_mnist,random_unitary,512,468,0.82477894,0.034856,0.99114048
fashion_mnist,random_unitary,512,469,0.81784074,0.09033606,1.01250862
fashion_mnist,random_unitary,512,470,0.82771808,0.08370205,0.99011077
fashion_mnist,random_unitary,512,471,0.81133782,0.06079452,1.01308792
fashion_mnist,random_unitary,512,472,0.81869218,0.00056237,0.99484884
fashion_mnist,random_unitary,512,473,0.81577071,0.07284551,0.97270126
fashion_mnist,random_unitary,512,474,0.82563901,0.01529729,0.99372922
fashion_mnist,random_unitary,512,475,0.82384544,0.05974015,0.97393082
fashion_mnist,random_unitary,512,476,0.83160573,0.08210786,0.98831596
fashion_mnist,random_unitary,512,477,0.81853205,0.00452017,0.98514038
fashion_mnist,random_unitary,512,478,0.82030157,0.06918459,1.0180754
fashion_mnist,random_unitary,512,479,0.83542769,0.02342187,1.00246762
fashion_mnist,random_unitary,512,480,0.8239792,0.03516435,1.00075962
fashion_mnist,random_unitary,512,481,0.82756752,0.02710093,1.01236159
fashion_mnist,random_unitary,512,482,0.81832263,0.0959432,0.98606619
fashion_mnist,random_unitary,512,483,0.82527603,0.00815435,1.00162622
fashion_mnist,random_unitary,512,484,0.81825897,0.09113436,1.01967545
fashion_mnist,random_unitary,512,485,0.80663807,0.03604106,0.99617854
fashion_mnist,random_unitary,512,486,0.81490791,0.07343436,0.9968397
fashion_mnist,random_unitary,512,487,0.82349449,0.00288367,0.96767554
fashion_mnist,random_unitary,512,488,0.81698553,0.10603057,1.00316195
fashion_mnist,random_unitary,512,489,0.83475745,0.09125351,0.98821608
fashion_mnist,random_unitary,512,490,0.81267773,0.01794836,0.99789297
fashion_mnist,random_unitary,512,491,0.82708782,0.01018859,1.01067874
fashion_mnist,random_unitary,512,492,0.81477373,0.05757616,1.00303184
fashion_mnist,random_unitary,512,493,0.8201271,0.08202721,1.02170333
fashion_mnist,random_unitary,512,494,0.8185352,0.05149428,1.0042985
fashion_mnist,random_unitary,512,495,0.81464325,0.00080927,1.02051574
fashion_mnist,random_unitary,512,496,0.82088362,0.10276022,0.99667617
fashion_mnist,random_unitary,512,497,0.82015854,0.13027684,0.99218618
fashion_mnist,random_unitary,512,498,0.82112305,0.01203485,1.01509052
fashion_mnist,random_unitary,512,499,0.82242576,0.01982361,0.9976611
fashion_mnist,random_unitary,512,500,0.82329775,0.03192249,1.00999027
fashion_mnist,random_unitary,512,501,0.81289688,0.03814188,1.00842698
fashion_mnist,random_unitary,512,502,0.82074096,0.00255684,1.00290189
fashion_mnist,random_unitary,512,503,0.81820396,0.04470176,1.01237936
fashion_mnist,random_unitary,512,504,0.80992244,0.10392071,0.99444727
fashion_mnist,random_unitary,512,505,0.82476179,0.00451807,1.02413639
fashion_mnist,random_unitary,512,506,0.81657829,0.07002557,0.98648882
fashion_mnist,random_unitary,512,507,0.82430284,0.03345407,0.98546064
fashion_mnist,random_unitary,512,508,0.8211878,0.0591615,0.98463094
fashion_mnist,random_unitary,512,509,0.82210446,0.07999526,1.01992178
fashion_mnist,random_unitary,512,510,0.83132211,0.0770455,0.98381377
fashion_mnist,random_unitary,512,511,0.82405515,0.04046415,1.02904319
fashion_mnist,random_unitary,512,512,0.82291135,0.13321072,1.01984828
fashion_mnist,random_unitary,512,513,0.82985361,0.01124642,0.99753818
fashion_mnist,random_unitary,512,514,0.82317358,0.02188758,0.99459929
fashion_mnist,random_unitary,512,515,0.82363821,0.03295594,0.99043397
fashion_mnist,random_unitary,512,516,0.82868722,0.07401302,1.01195251
fashion_mnist,random_unitary,512,517,0.82017619,0.07511757,0.96418219
fashion_mnist,random_unitary,512,518,0.82316541,0.03226601,1.0119033
fashion_mnist,random_unitary,512,519,0.82069356,0.00105147,0.9898696
fashion_mnist,random_unitary,512,520,0.81823076,0.03334721,0.98044656
fashion_mnist,random_unitary,512,521,0.82049006,0.00417359,1.01462299
fashion_mnist,random_unitary,512,522,0.82523686,0.01364795,1.00627689
fashion_mnist,random_unitary,512,523,0.8217915,0.00935258,1.01611702
fashion_mnist,random_unitary,512,524,0.82515841,0.07744701,0.98350609
fashion_mnist,random_unitary,512,525,0.82478679,0.05209045,1.00162529
fashion_mnist,random_unitary,512,526,0.82826174,0.04524198,0.97908494
fashion_mnist,random_unitary,512,527,0.82519507,0.06465385,1.00397434
fashion_mnist,random_unitary,512,528,0.80963009,0.01425108,1.00527836
fashion_mnist,random_unitary,512,529,0.8095575,0.02891045,0.98955146
fashion_mnist,random_unitary,512,530,0.83077012,0.05188789,0.98806077
fashion_mnist,random_unitary,512,531,0.82168421,0.06693869,0.99919314
fashion_mnist,random_unitary,512,532,0.83145647,0.03518806,0.9894763
fashion_mnist,random_unitary,512,533,0.82675604,0.01409344,1.02084802
fashion_mnist,random_unitary,512,534,0.82272983,0.02203295,1.02084045
fashion_mnist,random_unitary,512,535,0.81939218,0.02235246,0.97150521
fashion_mnist,random_unitary,512,536,0.81948262,0.13212005,1.00949392
fashion_mnist,random_unitary,512,537,0.82129117,0.05076872,1.00024693
fashion_mnist,random_unitary,512,538,0.81852593,0.04587193,0.9930932
fashion_mnist,random_unitary,512,539,0.82170302,0.04885191,1.01050057
fashion_mnist,random_unitary,512,540,0.8298978,0.04503815,1.00636453
fashion_mnist,random_unitary,512,541,0.81343811,0.12273624,1.01688319
fashion_mnist,random_unitary,512,542,0.8177914,0.02514819,1.01461689
fashion_mnist,random_unitary,512,543,0.82718415,0.00418771,1.0243103
fashion_mnist,random_unitary,512,544,0.81756316,0.00754816,0.9859479
fashion_mnist,random_unitary,512,545,0.8148723,0.06641139,1.00559158
fashion_mnist,random_unitary,512,546,0.81820744,0.04313909,0.99322236
fashion_mnist,random_unitary,512,547,0.82194137,0.09372686,1.01191823
fashion_mnist,random_unitary,512,548,0.81158198,0.02948858,0.98791355
fashion_mnist,random_unitary,512,549,0.81821979,0.01754839,1.01035586
fashion_mnist,random_unitary,512,550,0.81409396,0.01788193,1.01766784
fashion_mnist,random_unitary,512,551,0.82777323,0.06665378,0.99032284
fashion_mnist,random_unitary,512,552,0.8260577,0.01156768,0.99209452
fashion_mnist,random_unitary,512,553,0.82156484,0.0933177,1.00421092
fashion_mnist,random_unitary,512,554,0.81349904,0.11223101,0.98251541
fashion_mnist,random_unitary,512,555,0.82403561,0.05034893,0.98153164
fashion_mnist,random_unitary,512,556,0.84439777,0.06638969,0.97179389
fashion_mnist,random_unitary,512,557,0.82163908,0.07116987,0.99162107
fashion_mnist,random_unitary,512,558,0.82386376,0.04400106,1.01132838
fashion_mnist,random_unitary,512,559,0.82061422,0.09355347,1.00230458
fashion_mnist,random_unitary,512,560,0.81185188,0.02275305,0.98150591
fashion_mnist,random_unitary,512,561,0.82925943,0.04397567,0.99680392
fashion_mnist,random_unitary,512,562,0.82744869,0.02638972,1.00399139
fashion_mnist,random_unitary,512,563,0.82142224,0.05150975,0.99292106
fashion_mnist,random_unitary,512,564,0.81709015,0.04773333,1.01001524
fashion_mnist,random_unitary,512,565,0.82388731,0.03002064,0.99909302
fashion_mnist,random_unitary,512,566,0.81965142,0.02635304,1.00259457
fashion_mnist,random_unitary,512,567,0.82736879,0.03138808,0.99972578
fashion_mnist,random_unitary,512,568,0.83597749,0.03636607,0.99644652
fashion_mnist,random_unitary,512,569,0.83279012,0.02416916,0.99102463
fashion_mnist,random_unitary,512,570,0.82335901,0.03493124,1.00138976
fashion_mnist,random_unitary,512,571,0.8290635,0.02748802,1.01251644
fashion_mnist,random_unitary,512,572,0.82439281,0.08246715,1.02924356
fashion_mnist,random_unitary,512,573,0.82160731,0.00178884,0.99519714
fashion_mnist,random_unitary,512,574,0.8132257,0.01880078,1.01015456
fashion_mnist,random_unitary,512,575,0.81869662,0.0485784,1.01595039
fashion_mnist,random_unitary,512,576,0.8162054,0.02030679,1.01317754
fashion_mnist,random_unitary,512,577,0.82501631,0.05485624,0.99861029
fashion_mnist,random_unitary,512,578,0.82370178,0.03729228,0.98031224
fashion_mnist,random_unitary,512,579,0.8115959,0.08977642,1.00050903
fashion_mnist,random_unitary,512,580,0.82218947,7.88e-06,0.98510654
fashion_mnist,random_unitary,512,581,0.82522232,0.04024756,0.99440195
fashion_mnist,random_unitary,512,582,0.82202775,0.04622834,0.9839958
fashion_mnist,random_unitary,512,583,0.82176686,0.05585599,1.00916339
fashion_mnist,random_unitary,512,584,0.82100272,0.01069649,1.00108307
fashion_mnist,random_unitary,512,585,0.81892863,0.00395113,0.99074598
fashion_mnist,random_unitary,512,586,0.80924174,0.08284539,1.01973701
fashion_mnist,random_unitary,512,587,0.82823205,0.07805626,1.0154753
fashion_mnist,random_unitary,512,588,0.82849308,0.08624825,1.01500126
fashion_mnist,random_unitary,512,589,0.82193616,0.06221496,0.98642162
fashion_mnist,random_unitary,512,590,0.82363068,0.09117637,0.99479444
fashion_mnist,random_unitary,512,591,0.83253855,0.00518551,0.98218885
fashion_mnist,random_unitary,512,592,0.81987872,0.06794448,0.9955533
fashion_mnist,random_unitary,512,593,0.81561995,0.00391957,0.99161006
fashion_mnist,random_unitary,512,594,0.8220479,0.01828703,0.99413674
fashion_mnist,random_unitary,512,595,0.82509739,0.01130737,1.00074926
fashion_mnist,random_unitary,512,596,0.83116597,0.03761152,1.00657323
fashion_mnist,random_unitary,512,597,0.82662035,0.02588752,1.00355054
fashion_mnist,random_unitary,512,598,0.83132065,0.08730169,0.99014599
fashion_mnist,random_unitary,512,599,0.82514942,0.02782495,1.00890511
fashion_mnist,random_unitary,512,600,0.82152107,0.05994264,0.99985307
fashion_mnist,random_unitary,512,601,0.82368602,0.0752411,1.01312736
fashion_mnist,random_unitary,512,602,0.81951437,0.00387812,0.99188407
fashion_mnist,random_unitary,512,603,0.82038966,0.03862716,0.99064594
fashion_mnist,random_unitary,512,604,0.82767249,0.05385335,0.98002694
fashion_mnist,random_unitary,512,605,0.81636171,0.0400007,0.96880991
fashion_mnist,random_unitary,512,606,0.81793073,0.05355322,0.97389687
fashion_mnist,random_unitary,512,607,0.82276791,0.06336255,0.981635
fashion_mnist,random_unitary,512,608,0.82043634,0.04106549,0.99312043
fashion_mnist,random_unitary,512,609,0.82855594,0.02299411,0.98899098
fashion_mnist,random_unitary,512,610,0.8235012,0.05822773,1.01689652
fashion_mnist,random_unitary,512,611,0.81389859,0.05104033,0.99791855
fashion_mnist,random_unitary,512,612,0.81341899,0.03335322,1.0017786
fashion_mnist,random_unitary,512,613,0.82688707,0.08392453,0.98434158
fashion_mnist,random_unitary,512,614,0.83252666,0.00069356,0.9830498
fashion_mnist,random_unitary,512,615,0.83127041,0.0503451,1.006609
fashion_mnist,random_unitary,512,616,0.81665299,0.05533175,1.02369071
fashion_mnist,random_unitary,512,617,0.81683869,0.03525125,1.00167756
fashion_mnist,random_unitary,512,618,0.82825345,0.03168401,0.99627825
fashion_mnist,random_unitary,512,619,0.81842512,0.02874923,1.00105368
fashion_mnist,random_unitary,512,620,0.81617708,0.10094405,1.00591604
fashion_mnist,random_unitary,512,621,0.82059329,0.0228551,0.98728021
fashion_mnist,random_unitary,512,622,0.8249987,0.01995101,0.9867721
fashion_mnist,random_unitary,512,623,0.82268111,0.01201584,0.98522283
fashion_mnist,random_unitary,512,624,0.81986871,0.04031174,1.01835057
fashion_mnist,random_unitary,512,625,0.82672304,0.00797543,0.99961613
fashion_mnist,random_unitary,512,626,0.81917746,0.0117457,1.00071083
fashion_mnist,random_unitary,512,627,0.82089113,0.00177885,0.99847535
fashion_mnist,random_unitary,512,628,0.81421884,0.01578609,1.01719392
fashion_mnist,random_unitary,512,629,0.83425062,0.02726617,1.00187602
fashion_mnist,random_unitary,512,630,0.8269671,0.10648612,1.00472538
fashion_mnist,random_unitary,512,631,0.82519674,0.03367429,0.98976072
fashion_mnist,random_unitary,512,632,0.82194287,0.01538005,1.01926662
fashion_mnist,random_unitary,512,633,0.81974009,0.02791025,1.01614659
fashion_mnist,random_unitary,512,634,0.81754083,0.01581448,1.00583665
fashion_mnist,random_unitary,512,635,0.82893278,0.02987129,1.02662544
fashion_mnist,random_unitary,512,636,0.81998323,0.06403673,1.00594832
fashion_mnist,random_unitary,512,637,0.82304649,0.02087583,1.01802368
fashion_mnist,random_unitary,512,638,0.82431874,0.05763877,1.01247144
fashion_mnist,random_unitary,512,639,0.82275465,0.05696297,1.00678202
fashion_mnist,random_unitary,512,640,0.82244891,0.02040402,1.00829648
fashion_mnist,random_unitary,512,641,0.82702611,0.01825417,0.97186615
fashion_mnist,random_unitary,512,642,0.82125464,0.04688429,1.02507301
fashion_mnist,random_unitary,512,643,0.83345238,0.07062925,0.99754679
fashion_mnist,random_unitary,512,644,0.82418449,0.0346664,0.99628506
fashion_mnist,random_unitary,512,645,0.82263146,0.005346,1.00234805
fashion_mnist,random_unitary,512,646,0.81955536,0.05274836,1.016292
fashion_mnist,random_unitary,512,647,0.83143285,0.01083441,0.97723415
fashion_mnist,random_unitary,512,648,0.80925124,0.00900811,1.00756533
fashion_mnist,random_unitary,512,649,0.81384004,0.10097752,1.00286179
fashion_mnist,random_unitary,512,650,0.81113772,0.05290204,0.98487923
fashion_mnist,random_unitary,512,651,0.8223585,0.11016916,1.00044891
fashion_mnist,random_unitary,512,652,0.82575214,0.03648785,1.00896432
fashion_mnist,random_unitary,512,653,0.82268358,0.10176818,0.96827678
fashion_mnist,random_unitary,512,654,0.826681,0.02747416,0.97092149
fashion_mnist,random_unitary,512,655,0.81547222,0.04030337,0.98028305
fashion_mnist,random_unitary,512,656,0.82008852,0.03569137,1.01163872
fashion_mnist,random_unitary,512,657,0.8271085,0.04981972,0.97966145
fashion_mnist,random_unitary,512,658,0.81879012,0.03784753,1.01451187
fashion_mnist,random_unitary,512,659,0.82125784,0.04508925,0.97973468
fashion_mnist,random_unitary,512,660,0.8200799,0.00029834,0.98006462
fashion_mnist,random_unitary,512,661,0.82921254,0.03685366,0.99599155
fashion_mnist,random_unitary,512,662,0.8190891,0.06047412,1.01487809
fashion_mnist,random_unitary,512,663,0.82439853,0.01255713,1.00749276
fashion_mnist,random_unitary,512,664,0.82234926,0.01609714,1.00444138
fashion_mnist,random_unitary,512,665,0.81834786,0.06647437,0.97132692
fashion_mnist,random_unitary,512,666,0.82776258,0.02364802,1.0133879
fashion_mnist,random_unitary,512,667,0.8310427,0.05831673,1.00937762
fashion_mnist,random_unitary,512,668,0.81916156,0.01893892,0.99272256
fashion_mnist,random_unitary,512,669,0.80673561,0.04196747,1.01804956
fashion_mnist,random_unitary,512,670,0.82545968,0.0120111,0.99162937
fashion_mnist,random_unitary,512,671,0.81869889,0.00358006,1.00557027
fashion_mnist,random_unitary,512,672,0.82260745,0.06507076,1.02629075
fashion_mnist,random_unitary,512,673,0.82182066,0.04521513,1.00145653
fashion_mnist,random_unitary,512,674,0.82359424,0.03879023,1.00381624
fashion_mnist,random_unitary,512,675,0.81397292,0.03382467,1.02122081
fashion_mnist,random_unitary,512,676,0.82369183,0.00049937,0.99555575
fashion_mnist,random_unitary,512,677,0.83156858,0.03756385,1.02693111
fashion_mnist,random_unitary,512,678,0.81424795,0.01496498,0.99996545
fashion_mnist,random_unitary,512,679,0.82191198,0.05317189,0.97827937
fashion_mnist,random_unitary,512,680,0.81802864,0.08978873,1.00269741
fashion_mnist,random_unitary,512,681,0.80589881,0.02404031,0.99887055
fashion_mnist,random_unitary,512,682,0.8219119,0.00797261,1.01370845
fashion_mnist,random_unitary,512,683,0.81841312,0.04154538,0.98574423
fashion_mnist,random_unitary,512,684,0.82629326,0.02398304,1.00471414
fashion_mnist,random_unitary,512,685,0.81786039,0.04125083,1.01010589
fashion_mnist,random_unitary,512,686,0.82363469,0.0585524,0.97418183
fashion_mnist,random_unitary,512,687,0.82087062,0.04382316,1.01536766
fashion_mnist,random_unitary,512,688,0.82836406,0.11578721,0.97942826
fashion_mnist,random_unitary,512,689,0.82614137,0.00813356,1.0236265
fashion_mnist,random_unitary,512,690,0.81234311,0.0023021,0.99418257
fashion_mnist,random_unitary,512,691,0.82019725,0.0079194,1.02088577
fashion_mnist,random_unitary,512,692,0.82759135,0.02064297,0.99441258
fashion_mnist,random_unitary,512,693,0.81621953,0.05000187,1.02011716
fashion_mnist,random_unitary,512,694,0.8210032,0.02086529,1.01025743
fashion_mnist,random_unitary,512,695,0.81381608,0.03999646,0.97058518
fashion_mnist,random_unitary,512,696,0.80473899,0.00265403,0.9940312
fashion_mnist,random_unitary,512,697,0.83043252,0.01131073,0.9765272
fashion_mnist,random_unitary,512,698,0.83361342,0.00824084,1.00607425
fashion_mnist,random_unitary,512,699,0.82946029,0.0972979,0.99011839
fashion_mnist,random_unitary,512,700,0.82023112,0.08466381,1.00079237
fashion_mnist,random_unitary,512,701,0.82486114,0.07722239,1.02051698
fashion_mnist,random_unitary,512,702,0.82323687,0.00493408,1.01741282
fashion_mnist,random_unitary,512,703,0.83486147,0.02945613,1.03247936
fashion_mnist,random_unitary,512,704,0.82771872,0.00037393,0.98427491
fashion_mnist,random_unitary,512,705,0.82255573,0.0406591,0.98260987
fashion_mnist,random_unitary,512,706,0.8341686,0.01984978,0.99914106
fashion_mnist,random_unitary,512,707,0.81802777,0.08428068,0.97211571
fashion_mnist,random_unitary,512,708,0.82028214,0.01882118,0.98770927
fashion_mnist,random_unitary,512,709,0.82631043,0.00475551,0.9850922
fashion_mnist,random_unitary,512,710,0.83201162,0.00725288,0.99866201
fashion_mnist,random_unitary,512,711,0.80759859,0.00316459,1.02678733
fashion_mnist,random_unitary,512,712,0.82850769,0.00141015,1.01728128
fashion_mnist,random_unitary,512,713,0.8271623,0.04331214,1.0136856
fashion_mnist,random_unitary,512,714,0.81584528,0.04692009,1.00280949
fashion_mnist,random_unitary,512,715,0.83109109,0.0479246,1.02940638
fashion_mnist,random_unitary,512,716,0.82227338,0.10960825,1.00204825
fashion_mnist,random_unitary,512,717,0.82259244,0.00582384,1.00147974
fashion_mnist,random_unitary,512,718,0.82547667,0.02774899,1.02254202
fashion_mnist,random_unitary,512,719,0.83654478,0.06980897,1.0284364
fashion_mnist,random_unitary,512,720,0.82732292,0.06211443,1.00337264
fashion_mnist,random_unitary,512,721,0.82291605,0.01706409,1.03085551
fashion_mnist,random_unitary,512,722,0.82172438,0.03434827,0.99986733
fashion_mnist,random_unitary,512,723,0.82672973,0.10768936,0.98892974
fashion_mnist,random_unitary,512,724,0.82739878,0.10264011,1.0098448
fashion_mnist,random_unitary,512,725,0.82961416,0.08187011,1.01289883
fashion_mnist,random_unitary,512,726,0.82508229,0.01379804,1.00324478
fashion_mnist,random_unitary,512,727,0.82106144,0.05178462,1.02540733
fashion_mnist,random_unitary,512,728,0.82327711,0.02191122,0.99634012
fashion_mnist,random_unitary,512,729,0.81313276,0.02961425,1.00494813
fashion_mnist,random_unitary,512,730,0.8275681,0.03826578,0.99731818
fashion_mnist,random_unitary,512,731,0.81745582,0.01608173,0.99060416
fashion_mnist,random_unitary,512,732,0.8242608,0.01113827,0.99545147
fashion_mnist,random_unitary,512,733,0.81255654,0.00730568,0.98559327
fashion_mnist,random_unitary,512,734,0.82345871,0.01408641,0.99370323
fashion_mnist,random_unitary,512,735,0.81109773,0.12468508,0.99881489
fashion_mnist,random_unitary,512,736,0.81494761,0.06055953,0.99073094
fashion_mnist,random_unitary,512,737,0.82061978,0.07374886,0.99387146
fashion_mnist,random_unitary,512,738,0.82091229,0.03955011,0.99961009
fashion_mnist,random_unitary,512,739,0.81811797,0.02388715,1.01388905
fashion_mnist,random_unitary,512,740,0.83058933,0.09651055,1.01594075
fashion_mnist,random_unitary,512,741,0.81857489,0.00152706,1.00044436
fashion_mnist,random_unitary,512,742,0.80816069,0.05607626,0.97411714
fashion_mnist,random_unitary,512,743,0.82329989,0.04431921,0.9926952
fashion_mnist,random_unitary,512,744,0.83291926,0.0427635,0.97679979
fashion_mnist,random_unitary,512,745,0.81918944,0.05040928,0.99701313
fashion_mnist,random_unitary,512,746,0.82657318,0.03031851,0.97950491
fashion_mnist,random_unitary,512,747,0.82015144,0.06166517,1.02919813
fashion_mnist,random_unitary,512,748,0.81958206,0.02720425,0.98833888
fashion_mnist,random_unitary,512,749,0.82147501,0.04278161,0.99244722
fashion_mnist,random_unitary,512,750,0.83624845,0.00451135,0.98573862
fashion_mnist,random_unitary,512,751,0.83100265,0.00794576,1.01779105
fashion_mnist,random_unitary,512,752,0.82924488,0.09811024,0.9974051
fashion_mnist,random_unitary,512,753,0.82760492,0.04027036,1.00335062
fashion_mnist,random_unitary,512,754,0.82094026,0.09406317,0.97223153
fashion_mnist,random_unitary,512,755,0.8206529,0.08592451,0.98925631
fashion_mnist,random_unitary,512,756,0.82518527,0.09403589,1.01027368
fashion_mnist,random_unitary,512,757,0.81704475,0.01330803,1.00453274
fashion_mnist,random_unitary,512,758,0.82185611,0.03873649,1.00128904
fashion_mnist,random_unitary,512,759,0.82366464,0.01415674,0.99073286
fashion_mnist,random_unitary,512,760,0.81155956,0.07397107,0.98817427
fashion_mnist,random_unitary,512,761,0.82695498,0.07836125,1.00928336
fashion_mnist,random_unitary,512,762,0.82805912,0.04550974,1.00241082
fashion_mnist,random_unitary,512,763,0.82169526,0.07100077,0.99055835
fashion_mnist,random_unitary,512,764,0.82269403,0.00687098,0.97822269
fashion_mnist,random_unitary,512,765,0.82573524,0.04407877,0.98995914
fashion_mnist,random_unitary,512,766,0.82019154,0.01685299,0.99940665
fashion_mnist,random_unitary,512,767,0.81547293,0.01160511,0.98112097
fashion_mnist,random_unitary,512,768,0.81761754,0.02209196,0.99516697
fashion_mnist,random_unitary,512,769,0.82019001,0.02478796,0.9794048
fashion_mnist,random_unitary,512,770,0.82299579,0.01023968,0.98628191
fashion_mnist,random_unitary,512,771,0.81897965,0.11184383,1.0162543
fashion_mnist,random_unitary,512,772,0.81797466,0.05009248,0.99663102
fashion_mnist,random_unitary,512,773,0.82616972,0.0281147,0.99671214
fashion_mnist,random_unitary,512,774,0.82489378,0.09394763,0.99422496
fashion_mnist,random_unitary,512,775,0.82112138,0.01441301,0.9744063
fashion_mnist,random_unitary,512,776,0.81859049,0.02033542,0.98992688
fashion_mnist,random_unitary,512,777,0.82199823,0.0310386,1.00104396
fashion_mnist,random_unitary,512,778,0.83202505,0.03299601,1.02402264
fashion_mnist,random_unitary,512,779,0.82726969,0.02456477,0.98725218
fashion_mnist,random_unitary,512,780,0.82497512,0.00332753,0.99264855
fashion_mnist,random_unitary,512,781,0.81924691,0.02031862,0.99635198
fashion_mnist,random_unitary,512,782,0.82222921,0.00479196,1.02625981
fashion_mnist,random_unitary,512,783,0.82236451,0.01398546,0.98455323
fashion_mnist,random_unitary,512,784,0.82408364,0.06068349,1.01469151
fashion_mnist,random_unitary,512,785,0.83591536,0.06842537,0.99680883
fashion_mnist,random_unitary,512,786,0.8293623,0.01887525,0.98063834
fashion_mnist,random_unitary,512,787,0.82482317,0.00781353,1.02948054
fashion_mnist,random_unitary,512,788,0.81718467,0.0120618,1.02434003
fashion_mnist,random_unitary,512,789,0.8273914,0.02477441,1.00838733
fashion_mnist,random_unitary,512,790,0.82303683,0.00950853,1.00097447
fashion_mnist,random_unitary,512,791,0.82505731,0.13586601,1.01525744
fashion_mnist,random_unitary,512,792,0.82439618,0.01996286,1.00970919
fashion_mnist,random_unitary,512,793,0.82047767,0.08548239,1.00165504
fashion_mnist,random_unitary,512,794,0.82963823,0.0790664,1.00153555
fashion_mnist,random_unitary,512,795,0.82127863,0.01181964,1.00475101
fashion_mnist,random_unitary,512,796,0.82374594,0.07842358,1.00432153
fashion_mnist,random_unitary,512,797,0.81504818,0.01784824,0.99121548
fashion_mnist,random_unitary,512,798,0.82668703,0.00647788,0.99532428
fashion_mnist,random_unitary,512,799,0.82298403,0.01675326,0.98830904
fashion_mnist,random_unitary,512,800,0.824018,0.02528782,0.9790985
fashion_mnist,random_unitary,512,801,0.82414535,0.04944182,0.98554036
fashion_mnist,random_unitary,512,802,0.81333201,0.07832411,0.98575329
fashion_mnist,random_unitary,512,803,0.820911,0.04567322,0.97997452
fashion_mnist,random_unitary,512,804,0.8243237,0.06457516,1.02278422
fashion_mnist,random_unitary,512,805,0.81056147,0.03102437,0.9883823
fashion_mnist,random_unitary,512,806,0.81797965,0.06111925,0.99612057
fashion_mnist,random_unitary,512,807,0.8300089,0.05764224,1.00434955
fashion_mnist,random_unitary,512,808,0.82355307,0.04154674,0.99855948
fashion_mnist,random_unitary,512,809,0.81836974,0.053,0.97853254
fashion_mnist,random_unitary,512,810,0.83085457,0.02815262,0.99073131
fashion_mnist,random_unitary,512,811,0.82642825,0.04435414,1.0293558
fashion_mnist,random_unitary,512,812,0.82228713,0.07789212,0.97614419
fashion_mnist,random_unitary,512,813,0.81551911,0.00185111,0.99818777
fashion_mnist,random_unitary,512,814,0.82637753,0.05742165,1.01176986
fashion_mnist,random_unitary,512,815,0.82629834,0.04112052,1.00704741
fashion_mnist,random_unitary,512,816,0.83017882,0.07846568,1.00767447
fashion_mnist,random_unitary,512,817,0.82687264,0.00085237,1.00509878
fashion_mnist,random_unitary,512,818,0.82136783,0.12032445,0.99549621
fashion_mnist,random_unitary,512,819,0.82464482,0.01218158,0.98109317
fashion_mnist,random_unitary,512,820,0.81239645,0.0154652,0.98327339
fashion_mnist,random_unitary,512,821,0.82015496,0.03018757,0.98160956
fashion_mnist,random_unitary,512,822,0.82529089,0.07257995,0.98855413
fashion_mnist,random_unitary,512,823,0.83197945,0.05819818,1.00840702
fashion_mnist,random_unitary,512,824,0.8161069,0.01730868,0.99419434
fashion_mnist,random_unitary,512,825,0.81409203,0.02365508,0.98442573
fashion_mnist,random_unitary,512,826,0.82141432,0.03370796,1.0036988
fashion_mnist,random_unitary,512,827,0.82832458,0.06710536,0.98708539
fashion_mnist,random_unitary,512,828,0.82459593,0.04145122,0.98314432
fashion_mnist,random_unitary,512,829,0.81856091,0.00750506,1.00479928
fashion_mnist,random_unitary,512,830,0.8221052,0.11708393,0.99033063
fashion_mnist,random_unitary,512,831,0.83309333,0.01425091,0.98114644
fashion_mnist,random_unitary,512,832,0.82226437,0.02893789,0.97701594
fashion_mnist,random_unitary,512,833,0.81753802,0.00239864,1.00436464
fashion_mnist,random_unitary,512,834,0.81919614,0.05329182,1.00893806
fashion_mnist,random_unitary,512,835,0.82292402,0.06873876,0.99409003
fashion_mnist,random_unitary,512,836,0.82095397,0.03330951,1.02078809
fashion_mnist,random_unitary,512,837,0.8226304,0.02560084,0.99563968
fashion_mnist,random_unitary,512,838,0.82127785,0.02245547,0.98702677
fashion_mnist,random_unitary,512,839,0.81135295,0.07417869,1.02148445
fashion_mnist,random_unitary,512,840,0.81909478,0.01098434,1.00127042
fashion_mnist,random_unitary,512,841,0.82165212,0.03285557,0.98561547
fashion_mnist,random_unitary,512,842,0.81978723,0.07128471,0.99886876
fashion_mnist,random_unitary,512,843,0.82038555,0.05581657,1.00075885
fashion_mnist,random_unitary,512,844,0.82008986,0.09355491,0.99123267
fashion_mnist,random_unitary,512,845,0.824602,0.04883912,0.97675406
fashion_mnist,random_unitary,512,846,0.81715321,0.03425322,0.96500514
fashion_mnist,random_unitary,512,847,0.82970817,0.06366045,1.01936306
fashion_mnist,random_unitary,512,848,0.82026864,0.00403418,0.9941436
fashion_mnist,random_unitary,512,849,0.82947853,0.01256189,0.9913602
fashion_mnist,random_unitary,512,850,0.83111627,0.01788985,0.98499063
fashion_mnist,random_unitary,512,851,0.82698208,0.02338685,0.97678573
fashion_mnist,random_unitary,512,852,0.82066145,0.004141,1.00343023
fashion_mnist,random_unitary,512,853,0.8194104,0.05370414,1.00831648
fashion_mnist,random_unitary,512,854,0.81931011,0.07597232,0.98206656
fashion_mnist,random_unitary,512,855,0.81073349,0.00794189,1.01341104
fashion_mnist,random_unitary,512,856,0.82121543,0.05535393,1.01018316
fashion_mnist,random_unitary,512,857,0.8213389,0.10996271,0.99271184
fashion_mnist,random_unitary,512,858,0.82422541,0.0010721,0.9975079
fashion_mnist,random_unitary,512,859,0.81817925,0.01541991,0.99417747
fashion_mnist,random_unitary,512,860,0.82437499,0.00035487,1.00448601
fashion_mnist,random_unitary,512,861,0.81966367,0.06683208,1.00290887
fashion_mnist,random_unitary,512,862,0.81794489,0.01994205,0.99847331
fashion_mnist,random_unitary,512,863,0.82897175,0.00086183,0.99137607
fashion_mnist,random_unitary,512,864,0.82391881,0.03138952,1.01762485
fashion_mnist,random_unitary,512,865,0.82260203,0.10934796,1.00774366
fashion_mnist,random_unitary,512,866,0.82555594,0.04502101,0.99802594
fashion_mnist,random_unitary,512,867,0.81493396,0.08822051,0.99989145
fashion_mnist,random_unitary,512,868,0.82872914,0.10048329,1.00150579
fashion_mnist,random_unitary,512,869,0.82532043,0.02798709,1.0208434
fashion_mnist,random_unitary,512,870,0.81284558,0.12110839,1.01305477
fashion_mnist,random_unitary,512,871,0.81282605,0.05437933,1.01121381
fashion_mnist,random_unitary,512,872,0.82334771,0.01850033,1.01350519
fashion_mnist,random_unitary,512,873,0.81849616,0.04566564,0.99925873
fashion_mnist,random_unitary,512,874,0.8230396,0.05116433,1.02623111
fashion_mnist,random_unitary,512,875,0.82052683,0.04377988,1.00715392
fashion_mnist,random_unitary,512,876,0.83199432,0.14296169,1.00460316
fashion_mnist,random_unitary,512,877,0.82647112,0.01787659,1.00744166
fashion_mnist,random_unitary,512,878,0.81745628,0.05707725,1.0092563
fashion_mnist,random_unitary,512,879,0.81957166,0.03519608,0.97525828
fashion_mnist,random_unitary,512,880,0.82059702,0.03465209,0.97236054
fashion_mnist,random_unitary,512,881,0.82771903,0.01749817,1.00360077
fashion_mnist,random_unitary,512,882,0.83400693,0.14130031,0.97878406
fashion_mnist,random_unitary,512,883,0.8289211,0.02340871,1.00997648
fashion_mnist,random_unitary,512,884,0.83242565,0.01518745,1.01007572
fashion_mnist,random_unitary,512,885,0.82207606,0.06146083,1.0279575
fashion_mnist,random_unitary,512,886,0.82509684,0.02536954,1.00417624
fashion_mnist,random_unitary,512,887,0.82215135,0.01925445,0.99794636
fashion_mnist,random_unitary,512,888,0.82366919,0.05162343,0.99064482
fashion_mnist,random_unitary,512,889,0.82721292,0.02593489,0.97891719
fashion_mnist,random_unitary,512,890,0.83240783,0.02995572,1.02248898
fashion_mnist,random_unitary,512,891,0.82033956,0.02867613,0.97181002
fashion_mnist,random_unitary,512,892,0.81835209,0.01511598,0.98988027
fashion_mnist,random_unitary,512,893,0.8309253,0.03895879,1.0069619
fashion_mnist,random_unitary,512,894,0.82532967,0.02439435,0.96952739
fashion_mnist,random_unitary,512,895,0.82027726,0.04157474,0.97236717
fashion_mnist,random_unitary,512,896,0.81757853,0.01570413,0.99264046
fashion_mnist,random_unitary,512,897,0.81539632,0.06702792,1.01196688
fashion_mnist,random_unitary,512,898,0.81502277,0.03662999,0.99539975
fashion_mnist,random_unitary,512,899,0.83075291,0.0156636,1.01444204
fashion_mnist,random_unitary,512,900,0.81439227,0.02258655,1.00267679
fashion_mnist,random_unitary,512,901,0.82746226,0.06187858,1.00037315
fashion_mnist,random_unitary,512,902,0.82194667,0.0041877,0.98479188
fashion_mnist,random_unitary,512,903,0.83200699,0.00844608,1.01025106
fashion_mnist,random_unitary,512,904,0.82779789,0.02842422,1.02380521
fashion_mnist,random_unitary,512,905,0.82385099,0.00509981,0.98240582
fashion_mnist,random_unitary,512,906,0.82367898,0.03400267,0.98380229
fashion_mnist,random_unitary,512,907,0.8288946,0.04661673,0.99778645
fashion_mnist,random_unitary,512,908,0.82129111,0.01635596,1.00506356
fashion_mnist,random_unitary,512,909,0.82510482,0.03350836,0.99710363
fashion_mnist,random_unitary,512,910,0.82159278,0.00388432,1.00689232
fashion_mnist,random_unitary,512,911,0.81926111,0.14302246,1.02425203
fashion_mnist,random_unitary,512,912,0.83103109,0.08677511,0.99110117
fashion_mnist,random_unitary,512,913,0.81752135,0.06864708,1.00389669
fashion_mnist,random_unitary,512,914,0.81880526,0.06900524,0.96742701
fashion_mnist,random_unitary,512,915,0.8137551,0.00702097,0.98753191
fashion_mnist,random_unitary,512,916,0.82682669,0.05965636,0.99334378
fashion_mnist,random_unitary,512,917,0.8287936,0.02275854,0.99058862
fashion_mnist,random_unitary,512,918,0.82222649,0.0134832,0.99679964
fashion_mnist,random_unitary,512,919,0.82938181,0.12833626,1.00246819
fashion_mnist,random_unitary,512,920,0.82431509,0.03942553,0.99603958
fashion_mnist,random_unitary,512,921,0.81419893,0.05775794,1.00884856
fashion_mnist,random_unitary,512,922,0.82489826,0.00643877,0.9817136
fashion_mnist,random_unitary,512,923,0.82215261,0.05461671,0.98692994
fashion_mnist,random_unitary,512,924,0.81721608,0.00587508,1.01358823
fashion_mnist,random_unitary,512,925,0.83352589,0.0739526,0.99022212
fashion_mnist,random_unitary,512,926,0.82965655,0.00076642,1.00989812
fashion_mnist,random_unitary,512,927,0.83120914,0.00664664,0.97593708
fashion_mnist,random_unitary,512,928,0.82238783,0.1153326,0.99510281
fashion_mnist,random_unitary,512,929,0.81919249,0.00146812,1.02761568
fashion_mnist,random_unitary,512,930,0.81641179,0.01336631,0.98043286
fashion_mnist,random_unitary,512,931,0.81831428,0.10812763,1.01079977
fashion_mnist,random_unitary,512,932,0.81930651,0.02268298,0.99493487
fashion_mnist,random_unitary,512,933,0.82127096,0.01624105,0.96051087
fashion_mnist,random_unitary,512,934,0.81975603,0.05997504,1.01919108
fashion_mnist,random_unitary,512,935,0.82418046,0.01664263,0.97055741
fashion_mnist,random_unitary,512,936,0.82217822,0.01675931,0.98022609
fashion_mnist,random_unitary,512,937,0.82911007,0.0231263,1.01176226
fashion_mnist,random_unitary,512,938,0.81493207,0.01234797,0.99358558
fashion_mnist,random_unitary,512,939,0.83786883,0.00194676,1.00602976
fashion_mnist,random_unitary,512,940,0.82765387,0.017849,1.00494797
fashion_mnist,random_unitary,512,941,0.81793286,0.01374993,0.99496194
fashion_mnist,random_unitary,512,942,0.82606464,0.05987773,1.01953961
fashion_mnist,random_unitary,512,943,0.81854061,0.0209649,0.97699518
fashion_mnist,random_unitary,512,944,0.82537272,0.0132667,1.00136012
fashion_mnist,random_unitary,512,945,0.8192562,0.01356759,1.01358184
fashion_mnist,random_unitary,512,946,0.824301,0.00816358,1.0035419
fashion_mnist,random_unitary,512,947,0.83027818,0.1095807,0.99894088
fashion_mnist,random_unitary,512,948,0.82598407,0.09588088,0.97789347
fashion_mnist,random_unitary,512,949,0.81526014,0.05613235,0.98417557
fashion_mnist,random_unitary,512,950,0.82956181,0.03348418,1.02169409
fashion_mnist,random_unitary,512,951,0.82041674,0.01681267,1.02277001
fashion_mnist,random_unitary,512,952,0.82744593,0.00584701,0.98338098
fashion_mnist,random_unitary,512,953,0.81561635,0.06138324,1.0001416
fashion_mnist,random_unitary,512,954,0.8176026,0.0230486,1.01111189
fashion_mnist,random_unitary,512,955,0.81261949,0.01750001,0.99316516
fashion_mnist,random_unitary,512,956,0.8172539,0.03396274,0.98998149
fashion_mnist,random_unitary,512,957,0.82556267,0.07495635,1.03303021
fashion_mnist,random_unitary,512,958,0.81483021,0.00608572,0.98534321
fashion_mnist,random_unitary,512,959,0.83346488,0.01475351,0.99421375
fashion_mnist,random_unitary,512,960,0.8202425,0.02631261,0.99431289
fashion_mnist,random_unitary,512,961,0.81707729,0.01348776,1.00523236
fashion_mnist,random_unitary,512,962,0.82299365,0.02965355,1.02443679
fashion_mnist,random_unitary,512,963,0.82518962,0.05144347,1.01406577
fashion_mnist,random_unitary,512,964,0.8199967,0.04434717,0.99449763
fashion_mnist,random_unitary,512,965,0.8341918,0.0329484,1.0096282
fashion_mnist,random_unitary,512,966,0.81762452,0.02543965,0.95012098
fashion_mnist,random_unitary,512,967,0.81832114,0.03293881,0.99517061
fashion_mnist,random_unitary,512,968,0.8237068,0.04828673,1.00286402
fashion_mnist,random_unitary,512,969,0.82216776,0.005419,1.00644064
fashion_mnist,random_unitary,512,970,0.83222373,0.00249639,0.97778332
fashion_mnist,random_unitary,512,971,0.8257584,0.01042701,0.99846214
fashion_mnist,random_unitary,512,972,0.82328691,0.04062804,1.01364055
fashion_mnist,random_unitary,512,973,0.81939347,0.08394566,0.99388565
fashion_mnist,random_unitary,512,974,0.82345983,0.03370443,0.99335261
fashion_mnist,random_unitary,512,975,0.82823576,0.03054539,1.00608858
fashion_mnist,random_unitary,512,976,0.82014626,0.02028773,0.99124565
fashion_mnist,random_unitary,512,977,0.83194096,0.01978425,0.99228609
fashion_mnist,random_unitary,512,978,0.82971676,0.03536487,0.99409514
fashion_mnist,random_unitary,512,979,0.82157772,0.04782279,1.01798461
fashion_mnist,random_unitary,512,980,0.81278989,0.03470194,1.02183749
fashion_mnist,random_unitary,512,981,0.82680163,0.03229361,0.98901444
fashion_mnist,random_unitary,512,982,0.81852154,0.01767314,1.00175316
fashion_mnist,random_unitary,512,983,0.82226068,0.03476239,0.97958467
fashion_mnist,random_unitary,512,984,0.82153435,0.03615472,0.98390376
fashion_mnist,random_unitary,512,985,0.82631299,0.02194108,1.00206443
fashion_mnist,random_unitary,512,986,0.82364491,0.11317526,0.99328405
fashion_mnist,random_unitary,512,987,0.82645838,0.00515438,1.00636604
fashion_mnist,random_unitary,512,988,0.81515928,0.06743704,1.00231403
fashion_mnist,random_unitary,512,989,0.82409675,0.03357323,0.98610719
fashion_mnist,random_unitary,512,990,0.82273468,0.03869224,1.0047194
fashion_mnist,random_unitary,512,991,0.82211626,0.0643204,0.98180618
fashion_mnist,random_unitary,512,992,0.82660922,0.00669443,0.98721524
fashion_mnist,random_unitary,512,993,0.82806396,0.05715493,1.00376003
fashion_mnist,random_unitary,512,994,0.82826237,0.02052152,0.98381592
fashion_mnist,random_unitary,512,995,0.82913241,0.01245317,1.00790954
fashion_mnist,random_unitary,512,996,0.83150552,0.02686356,0.98477127
fashion_mnist,random_unitary,512,997,0.82459625,0.06435446,0.99378086
fashion_mnist,random_unitary,512,998,0.81829171,0.00516801,1.01215672
fashion_mnist,random_unitary,512,999,0.82621177,0.08954226,1.01039121
fashion_mnist,random_unitary,1024,0,0.82283364,0.0088191,1.0013227
fashion_mnist,random_unitary,1024,1,0.82346987,0.0118296,1.00533594
fashion_mnist,random_unitary,1024,2,0.82563545,0.07730123,0.9995414
fashion_mnist,random_unitary,1024,3,0.82281072,0.05929073,0.99706101
fashion_mnist,random_unitary,1024,4,0.83671097,0.03009298,0.99234766
fashion_mnist,random_unitary,1024,5,0.82538458,0.09034797,0.99481452
fashion_mnist,random_unitary,1024,6,0.82296373,0.02981613,1.00397205
fashion_mnist,random_unitary,1024,7,0.82489269,0.02608675,1.00218486
fashion_mnist,random_unitary,1024,8,0.82139044,0.01090746,0.98769994
fashion_mnist,random_unitary,1024,9,0.82456409,0.0253606,1.01986927
fashion_mnist,random_unitary,1024,10,0.82432039,0.07771909,0.97111495
fashion_mnist,random_unitary,1024,11,0.82998136,0.0733496,1.01265646
fashion_mnist,random_unitary,1024,12,0.81424015,0.03122493,0.97696671
fashion_mnist,random_unitary,1024,13,0.81774964,0.0097382,0.97808073
fashion_mnist,random_unitary,1024,14,0.83703304,0.01766941,1.0331619
fashion_mnist,random_unitary,1024,15,0.82024813,0.06211531,0.99518924
fashion_mnist,random_unitary,1024,16,0.82458544,0.06594986,0.99184344
fashion_mnist,random_unitary,1024,17,0.81913604,0.0900046,0.99860651
fashion_mnist,random_unitary,1024,18,0.82776914,0.06967068,0.99109417
fashion_mnist,random_unitary,1024,19,0.83058195,0.04326045,1.01269205
fashion_mnist,random_unitary,1024,20,0.82223182,0.03575356,0.99007975
fashion_mnist,random_unitary,1024,21,0.8235961,0.05187602,1.002681
fashion_mnist,random_unitary,1024,22,0.82172135,0.01204134,1.0132657
fashion_mnist,random_unitary,1024,23,0.82689932,0.02113944,1.01693689
fashion_mnist,random_unitary,1024,24,0.81783152,0.04596242,0.98787999
fashion_mnist,random_unitary,1024,25,0.82862633,0.12076605,0.98896192
fashion_mnist,random_unitary,1024,26,0.82360366,0.0114321,1.01614283
fashion_mnist,random_unitary,1024,27,0.82698665,0.01373853,0.99464046
fashion_mnist,random_unitary,1024,28,0.82778985,0.0162695,1.00897509
fashion_mnist,random_unitary,1024,29,0.81698656,0.01171722,1.00782607
fashion_mnist,random_unitary,1024,30,0.81718736,0.00176986,0.97270961
fashion_mnist,random_unitary,1024,31,0.82320025,0.0390575,1.00621739
fashion_mnist,random_unitary,1024,32,0.81484555,0.12358635,1.00046053
fashion_mnist,random_unitary,1024,33,0.83074969,0.00195205,1.02346493
fashion_mnist,random_unitary,1024,34,0.82867538,0.0075969,0.99262942
fashion_mnist,random_unitary,1024,35,0.8168543,0.05894326,1.01875578
fashion_mnist,random_unitary,1024,36,0.81322808,0.04600233,1.01589114
fashion_mnist,random_unitary,1024,37,0.82457648,0.00928704,0.99273869
fashion_mnist,random_unitary,1024,38,0.83232441,0.01376939,1.01168132
fashion_mnist,random_unitary,1024,39,0.82037736,0.0355264,1.00342535
fashion_mnist,random_unitary,1024,40,0.82098326,0.01547604,0.98270445
fashion_mnist,random_unitary,1024,41,0.81822799,0.05922142,0.96082004
fashion_mnist,random_unitary,1024,42,0.83070455,0.09499211,1.04097091
fashion_mnist,random_unitary,1024,43,0.81526424,0.10415673,0.99786483
fashion_mnist,random_unitary,1024,44,0.82601421,0.01778255,0.99473588
fashion_mnist,random_unitary,1024,45,0.82889038,0.03641728,0.98094621
fashion_mnist,random_unitary,1024,46,0.81808191,0.10650471,1.01051655
fashion_mnist,random_unitary,1024,47,0.82200688,0.03609414,0.9879751
fashion_mnist,random_unitary,1024,48,0.82014689,0.04402266,0.98261375
fashion_mnist,random_unitary,1024,49,0.82775335,0.01655685,0.98431136
fashion_mnist,random_unitary,1024,50,0.8201173,0.06197855,1.02010259
fashion_mnist,random_unitary,1024,51,0.81586455,0.04179947,1.00250045
fashion_mnist,random_unitary,1024,52,0.81760498,0.03789955,0.96896969
fashion_mnist,random_unitary,1024,53,0.82621517,0.03951343,1.00783499
fashion_mnist,random_unitary,1024,54,0.82168554,0.03746472,1.00473711
fashion_mnist,random_unitary,1024,55,0.81286744,0.00817502,0.98942826
fashion_mnist,random_unitary,1024,56,0.82295366,0.03277976,1.00012532
fashion_mnist,random_unitary,1024,57,0.82191324,0.11063412,0.9846117
fashion_mnist,random_unitary,1024,58,0.82452516,0.03706548,0.99965055
fashion_mnist,random_unitary,1024,59,0.83617437,0.02616209,1.00750728
fashion_mnist,random_unitary,1024,60,0.82348433,0.01413517,1.01944394
fashion_mnist,random_unitary,1024,61,0.81879419,0.02807634,1.01191945
fashion_mnist,random_unitary,1024,62,0.81972479,0.06044695,1.01344723
fashion_mnist,random_unitary,1024,63,0.81823092,0.0221902,1.00257805
fashion_mnist,random_unitary,1024,64,0.83614832,0.07220425,1.02537775
fashion_mnist,random_unitary,1024,65,0.82274846,0.02863521,0.98799028
fashion_mnist,random_unitary,1024,66,0.82133595,0.02468976,0.98854969
fashion_mnist,random_unitary,1024,67,0.82868696,0.02864451,1.01437054
fashion_mnist,random_unitary,1024,68,0.82448564,0.08490776,0.99981426
fashion_mnist,random_unitary,1024,69,0.82514711,0.02028948,1.01309686
fashion_mnist,random_unitary,1024,70,0.82030739,0.07719998,0.97145748
fashion_mnist,random_unitary,1024,71,0.82575553,0.04856734,1.01599897
fashion_mnist,random_unitary,1024,72,0.81883866,0.08839461,1.00895282
fashion_mnist,random_unitary,1024,73,0.83092958,0.09805054,1.01869349
fashion_mnist,random_unitary,1024,74,0.82466055,0.06604004,1.01693117
fashion_mnist,random_unitary,1024,75,0.81692258,0.01221178,1.00262056
fashion_mnist,random_unitary,1024,76,0.82046114,0.03294022,1.008121
fashion_mnist,random_unitary,1024,77,0.8220251,0.04333997,0.9880507
fashion_mnist,random_unitary,1024,78,0.82791482,0.02621944,1.01330991
fashion_mnist,random_unitary,1024,79,0.82404905,0.07084227,1.00493147
fashion_mnist,random_unitary,1024,80,0.81533039,0.01412501,1.04843316
fashion_mnist,random_unitary,1024,81,0.82684563,0.03145118,1.02213852
fashion_mnist,random_unitary,1024,82,0.81774697,0.06251342,0.98756898
fashion_mnist,random_unitary,1024,83,0.8209805,0.07241514,0.99998455
fashion_mnist,random_unitary,1024,84,0.82505593,0.17159532,1.00161008
fashion_mnist,random_unitary,1024,85,0.81896176,0.05535663,1.01336063
fashion_mnist,random_unitary,1024,86,0.83162185,0.02018412,0.98872257
fashion_mnist,random_unitary,1024,87,0.81893105,0.0199038,0.99623575
fashion_mnist,random_unitary,1024,88,0.82081602,0.0485616,0.99452765
fashion_mnist,random_unitary,1024,89,0.81304516,0.01982265,1.03628509
fashion_mnist,random_unitary,1024,90,0.82313702,0.08030287,1.01247398
fashion_mnist,random_unitary,1024,91,0.82964138,0.01723461,0.99864552
fashion_mnist,random_unitary,1024,92,0.8237635,0.01863786,0.98089663
fashion_mnist,random_unitary,1024,93,0.82090813,0.07411471,1.01133581
fashion_mnist,random_unitary,1024,94,0.82009018,0.00644553,1.00956705
fashion_mnist,random_unitary,1024,95,0.82813234,0.00510279,0.9666524
fashion_mnist,random_unitary,1024,96,0.82474912,0.04944401,1.01166798
fashion_mnist,random_unitary,1024,97,0.82057793,0.05405648,0.99223358
fashion_mnist,random_unitary,1024,98,0.81776128,0.08437505,1.00857284
fashion_mnist,random_unitary,1024,99,0.82864163,0.00194597,1.00709846
fashion_mnist,random_unitary,1024,100,0.81572708,0.00250352,1.00777988
fashion_mnist,random_unitary,1024,101,0.82881468,0.09719566,0.98438028
fashion_mnist,random_unitary,1024,102,0.82532366,0.03668661,1.00090191
fashion_mnist,random_unitary,1024,103,0.81547245,0.03788929,1.02127943
fashion_mnist,random_unitary,1024,104,0.8289,0.07184994,0.98800496
fashion_mnist,random_unitary,1024,105,0.8256219,0.02819528,0.9917779
fashion_mnist,random_unitary,1024,106,0.83249104,0.05018038,1.00471173
fashion_mnist,random_unitary,1024,107,0.82060174,0.01799564,0.99955351
fashion_mnist,random_unitary,1024,108,0.82541071,0.00282573,1.02496989
fashion_mnist,random_unitary,1024,109,0.8130535,0.00086942,0.99043808
fashion_mnist,random_unitary,1024,110,0.82329615,0.03303838,0.98802475
fashion_mnist,random_unitary,1024,111,0.82481953,0.09952076,1.00228939
fashion_mnist,random_unitary,1024,112,0.82382264,0.0451023,1.00695115
fashion_mnist,random_unitary,1024,113,0.83000517,0.0769183,0.99278112
fashion_mnist,random_unitary,1024,114,0.81762301,0.01314335,0.99011481
fashion_mnist,random_unitary,1024,115,0.83506623,0.0211725,0.99230477
fashion_mnist,random_unitary,1024,116,0.82727297,0.03452445,1.00398421
fashion_mnist,random_unitary,1024,117,0.82892186,0.02267116,1.02377814
fashion_mnist,random_unitary,1024,118,0.82709314,0.00868463,1.0244386
fashion_mnist,random_unitary,1024,119,0.82234218,0.03045992,0.98517427
fashion_mnist,random_unitary,1024,120,0.82771163,0.01498343,1.00172501
fashion_mnist,random_unitary,1024,121,0.82302027,0.01534286,0.98732916
fashion_mnist,random_unitary,1024,122,0.81594347,0.00372143,0.97361249
fashion_mnist,random_unitary,1024,123,0.82258603,0.04756044,0.98453981
fashion_mnist,random_unitary,1024,124,0.81990783,0.04229562,1.00229927
fashion_mnist,random_unitary,1024,125,0.81545701,0.00663159,1.02204493
fashion_mnist,random_unitary,1024,126,0.83303285,0.00440039,1.0104737
fashion_mnist,random_unitary,1024,127,0.82584391,0.05237361,1.00020394
fashion_mnist,random_unitary,1024,128,0.83178671,0.0237943,1.0124449
fashion_mnist,random_unitary,1024,129,0.82136527,0.0608982,1.00495038
fashion_mnist,random_unitary,1024,130,0.82373797,0.03880892,1.0223643
fashion_mnist,random_unitary,1024,131,0.82292255,0.01751037,1.00756906
fashion_mnist,random_unitary,1024,132,0.81781764,0.07702711,1.0115634
fashion_mnist,random_unitary,1024,133,0.82261866,0.07009077,1.00190893
fashion_mnist,random_unitary,1024,134,0.83080731,0.02351432,0.97684635
fashion_mnist,random_unitary,1024,135,0.81929689,0.03816969,0.9945321
fashion_mnist,random_unitary,1024,136,0.82696428,0.02750501,1.0022895
fashion_mnist,random_unitary,1024,137,0.82417532,0.06457549,0.99881751
fashion_mnist,random_unitary,1024,138,0.82623394,0.01033746,0.97356282
fashion_mnist,random_unitary,1024,139,0.81722648,0.05206897,1.02201033
fashion_mnist,random_unitary,1024,140,0.82784179,0.0186134,0.98047263
fashion_mnist,random_unitary,1024,141,0.81565736,0.06731867,1.00750978
fashion_mnist,random_unitary,1024,142,0.81307279,0.08850577,0.98242893
fashion_mnist,random_unitary,1024,143,0.82660827,8.979e-05,1.01454453
fashion_mnist,random_unitary,1024,144,0.82650674,0.08255593,0.99156362
fashion_mnist,random_unitary,1024,145,0.82922527,0.09166682,0.99571839
fashion_mnist,random_unitary,1024,146,0.82866128,0.02516136,0.98536169
fashion_mnist,random_unitary,1024,147,0.8243078,0.01686468,0.99724614
fashion_mnist,random_unitary,1024,148,0.83377358,0.01155911,1.01555116
fashion_mnist,random_unitary,1024,149,0.81843632,0.03400949,0.9687229
fashion_mnist,random_unitary,1024,150,0.82522987,0.0933952,0.98316346
fashion_mnist,random_unitary,1024,151,0.80828462,0.04829789,1.02940359
fashion_mnist,random_unitary,1024,152,0.82194584,0.05990484,0.97920178
fashion_mnist,random_unitary,1024,153,0.82337747,0.02603162,1.00853466
fashion_mnist,random_unitary,1024,154,0.8183482,0.01729778,1.00268061
fashion_mnist,random_unitary,1024,155,0.82919016,0.05235689,1.00157661
fashion_mnist,random_unitary,1024,156,0.83474691,0.03626722,0.99398739
fashion_mnist,random_unitary,1024,157,0.81863657,0.00633994,1.01316764
fashion_mnist,random_unitary,1024,158,0.8266407,0.11361646,0.99991309
fashion_mnist,random_unitary,1024,159,0.82764741,0.00250621,0.99552068
fashion_mnist,random_unitary,1024,160,0.81834436,0.01755151,0.99262228
fashion_mnist,random_unitary,1024,161,0.81042619,0.04695614,1.01635397
fashion_mnist,random_unitary,1024,162,0.83161105,0.02357585,1.00228157
fashion_mnist,random_unitary,1024,163,0.82574922,0.04707299,0.98873283
fashion_mnist,random_unitary,1024,164,0.82821097,0.01337914,0.99010635
fashion_mnist,random_unitary,1024,165,0.82640536,0.03392204,1.00295441
fashion_mnist,random_unitary,1024,166,0.82646571,0.05036591,1.00387825
fashion_mnist,random_unitary,1024,167,0.81763765,0.03159109,0.99925455
fashion_mnist,random_unitary,1024,168,0.82467038,0.06411498,1.03961324
fashion_mnist,random_unitary,1024,169,0.82053466,0.01535864,0.97303225
fashion_mnist,random_unitary,1024,170,0.82388369,0.03662385,1.00678954
fashion_mnist,random_unitary,1024,171,0.82634179,0.00359427,0.97890739
fashion_mnist,random_unitary,1024,172,0.82034638,0.08101159,0.99683354
fashion_mnist,random_unitary,1024,173,0.81647571,0.0349909,0.98369163
fashion_mnist,random_unitary,1024,174,0.8196513,0.04967414,0.99374706
fashion_mnist,random_unitary,1024,175,0.82208662,0.00774883,1.00602804
fashion_mnist,random_unitary,1024,176,0.82056374,0.03869735,0.99080972
fashion_mnist,random_unitary,1024,177,0.82083284,0.05753348,0.98164369
fashion_mnist,random_unitary,1024,178,0.83716668,0.04081942,0.99515347
fashion_mnist,random_unitary,1024,179,0.81461124,0.02074905,1.00664042
fashion_mnist,random_unitary,1024,180,0.82891995,0.08655925,0.99720669
fashion_mnist,random_unitary,1024,181,0.8159593,0.01569013,1.0092253
fashion_mnist,random_unitary,1024,182,0.81721239,0.01881944,0.976858
fashion_mnist,random_unitary,1024,183,0.82037375,0.03000772,0.99571529
fashion_mnist,random_unitary,1024,184,0.82285232,0.01644446,0.97510675
fashion_mnist,random_unitary,1024,185,0.81568641,0.01003433,1.00766828
fashion_mnist,random_unitary,1024,186,0.83143128,0.02689801,1.00144576
fashion_mnist,random_unitary,1024,187,0.8245484,0.17049445,0.99624147
fashion_mnist,random_unitary,1024,188,0.82803533,0.06676027,0.99412002
fashion_mnist,random_unitary,1024,189,0.81337851,0.02741335,0.9771688
fashion_mnist,random_unitary,1024,190,0.82568206,0.0124245,0.99586525
fashion_mnist,random_unitary,1024,191,0.81604105,0.01378132,1.01480022
fashion_mnist,random_unitary,1024,192,0.82258189,0.03117426,1.01791943
fashion_mnist,random_unitary,1024,193,0.82490493,0.05934627,0.98193597
fashion_mnist,random_unitary,1024,194,0.81676952,0.02530204,0.98558458
fashion_mnist,random_unitary,1024,195,0.82343376,0.03727501,1.04318612
fashion_mnist,random_unitary,1024,196,0.82301529,0.03318037,0.98459248
fashion_mnist,random_unitary,1024,197,0.82284324,0.03784653,1.00080725
fashion_mnist,random_unitary,1024,198,0.82196926,0.04617982,1.00011717
fashion_mnist,random_unitary,1024,199,0.8176664,0.01053028,0.98086058
fashion_mnist,random_unitary,1024,200,0.82699488,0.07612691,1.01394075
fashion_mnist,random_unitary,1024,201,0.82011094,0.06875569,0.99926002
fashion_mnist,random_unitary,1024,202,0.83988209,0.07085049,1.00711027
fashion_mnist,random_unitary,1024,203,0.83290495,0.01610702,1.00356355
fashion_mnist,random_unitary,1024,204,0.81758473,0.00118318,0.97688488
fashion_mnist,random_unitary,1024,205,0.81757749,0.06131841,0.97727238
fashion_mnist,random_unitary,1024,206,0.82494855,0.03622067,1.01587001
fashion_mnist,random_unitary,1024,207,0.8157696,0.01905533,1.00951656
fashion_mnist,random_unitary,1024,208,0.82657429,0.0821253,0.98191661
fashion_mnist,random_unitary,1024,209,0.81653402,0.04785105,1.00895563
fashion_mnist,random_unitary,1024,210,0.8302938,0.00929216,1.00139361
fashion_mnist,random_unitary,1024,211,0.82399726,0.02426668,1.00584248
fashion_mnist,random_unitary,1024,212,0.82340186,0.00041088,0.99234863
fashion_mnist,random_unitary,1024,213,0.8177585,0.02832483,1.00856921
fashion_mnist,random_unitary,1024,214,0.81980127,0.12067443,0.99096605
fashion_mnist,random_unitary,1024,215,0.8216199,0.07695488,0.96963169
fashion_mnist,random_unitary,1024,216,0.82946268,0.07019084,0.99715425
fashion_mnist,random_unitary,1024,217,0.82082111,0.06904495,0.97645339
fashion_mnist,random_unitary,1024,218,0.82631431,0.0168844,1.01899228
fashion_mnist,random_unitary,1024,219,0.82519914,0.01065541,1.00258803
fashion_mnist,random_unitary,1024,220,0.8218208,0.05379911,0.99514769
fashion_mnist,random_unitary,1024,221,0.82440554,0.00209651,0.99937854
fashion_mnist,random_unitary,1024,222,0.81652375,0.03839181,1.03057854
fashion_mnist,random_unitary,1024,223,0.82406589,0.07586634,0.96638578
fashion_mnist,random_unitary,1024,224,0.82297763,0.00891757,0.98212896
fashion_mnist,random_unitary,1024,225,0.81739899,0.05571384,1.0095608
fashion_mnist,random_unitary,1024,226,0.83168323,0.01572961,1.00459306
fashion_mnist,random_unitary,1024,227,0.80385535,0.01570633,0.98920935
fashion_mnist,random_unitary,1024,228,0.82236629,0.06811916,1.01715657
fashion_mnist,random_unitary,1024,229,0.82398324,0.01701756,1.01080604
fashion_mnist,random_unitary,1024,230,0.81955331,0.06591464,1.03621332
fashion_mnist,random_unitary,1024,231,0.81432391,0.00221681,0.99393908
fashion_mnist,random_unitary,1024,232,0.82232518,0.01122992,0.9861772
fashion_mnist,random_unitary,1024,233,0.82253565,0.02462468,0.99391241
fashion_mnist,random_unitary,1024,234,0.81777027,0.01148155,1.01444076
fashion_mnist,random_unitary,1024,235,0.81825892,0.08641282,1.00382506
fashion_mnist,random_unitary,1024,236,0.82263888,0.06162128,0.99206646
fashion_mnist,random_unitary,1024,237,0.81877007,0.07942312,0.98886391
fashion_mnist,random_unitary,1024,238,0.8214747,0.03122357,0.98573666
fashion_mnist,random_unitary,1024,239,0.82295702,0.10346075,1.00402868
fashion_mnist,random_unitary,1024,240,0.8206525,0.10063484,1.00624655
fashion_mnist,random_unitary,1024,241,0.82426091,0.05674059,0.99731161
fashion_mnist,random_unitary,1024,242,0.82141906,0.05260056,0.98838573
fashion_mnist,random_unitary,1024,243,0.83124417,0.02094785,0.98696416
fashion_mnist,random_unitary,1024,244,0.82096906,0.05193799,0.98844694
fashion_mnist,random_unitary,1024,245,0.82358285,0.0045566,0.9934115
fashion_mnist,random_unitary,1024,246,0.81836182,0.03324033,1.00824142
fashion_mnist,random_unitary,1024,247,0.82163418,0.08110298,0.98456498
fashion_mnist,random_unitary,1024,248,0.81960813,0.01070561,1.02054204
fashion_mnist,random_unitary,1024,249,0.81501954,0.015898,1.00766563
fashion_mnist,random_unitary,1024,250,0.8248673,0.04656663,0.97002119
fashion_mnist,random_unitary,1024,251,0.83219305,0.11896442,1.00161264
fashion_mnist,random_unitary,1024,252,0.81992578,0.03859445,0.96193419
fashion_mnist,random_unitary,1024,253,0.81951956,0.04030615,0.99686053
fashion_mnist,random_unitary,1024,254,0.82406039,0.00039944,0.99472945
fashion_mnist,random_unitary,1024,255,0.81596436,0.00180571,0.99790017
fashion_mnist,random_unitary,1024,256,0.8301577,0.01851897,0.97646244
fashion_mnist,random_unitary,1024,257,0.82060783,0.01220561,0.9995581
fashion_mnist,random_unitary,1024,258,0.81827023,0.0091743,0.96952143
fashion_mnist,random_unitary,1024,259,0.8237713,0.07482843,0.98678807
fashion_mnist,random_unitary,1024,260,0.82995613,0.02060672,0.99217188
fashion_mnist,random_unitary,1024,261,0.8274501,0.02702155,1.02927584
fashion_mnist,random_unitary,1024,262,0.83325227,0.05127906,1.00839676
fashion_mnist,random_unitary,1024,263,0.81939405,0.02031138,1.02123041
fashion_mnist,random_unitary,1024,264,0.82963735,0.05543153,1.00703383
fashion_mnist,random_unitary,1024,265,0.82955136,0.00656449,1.00670357
fashion_mnist,random_unitary,1024,266,0.8270364,0.02014617,0.99848964
fashion_mnist,random_unitary,1024,267,0.80994413,0.10954957,0.99880217
fashion_mnist,random_unitary,1024,268,0.83120491,0.00703554,0.98276071
fashion_mnist,random_unitary,1024,269,0.82770292,0.0311033,0.99343601
fashion_mnist,random_unitary,1024,270,0.82433684,0.04067473,1.00402209
fashion_mnist,random_unitary,1024,271,0.83091642,0.03656599,0.99032018
fashion_mnist,random_unitary,1024,272,0.82605287,0.02434962,0.98563735
fashion_mnist,random_unitary,1024,273,0.82383879,0.07671515,0.99191217
fashion_mnist,random_unitary,1024,274,0.80924204,0.0424373,0.99250731
fashion_mnist,random_unitary,1024,275,0.82275856,0.00429224,1.00491371
fashion_mnist,random_unitary,1024,276,0.81406027,0.00831089,0.99745676
fashion_mnist,random_unitary,1024,277,0.82824644,0.07583018,0.99219234
fashion_mnist,random_unitary,1024,278,0.81531472,0.03799956,1.01923028
fashion_mnist,random_unitary,1024,279,0.8175701,0.07343368,1.01146155
fashion_mnist,random_unitary,1024,280,0.80953402,0.0257074,0.99232582
fashion_mnist,random_unitary,1024,281,0.82001187,0.04693381,0.98532823
fashion_mnist,random_unitary,1024,282,0.82246431,0.09307321,0.98473401
fashion_mnist,random_unitary,1024,283,0.82816888,0.01912837,0.9882452
fashion_mnist,random_unitary,1024,284,0.82482802,0.02685637,0.99546336
fashion_mnist,random_unitary,1024,285,0.82245762,0.08912144,1.00521998
fashion_mnist,random_unitary,1024,286,0.80994835,0.07658657,1.01632309
fashion_mnist,random_unitary,1024,287,0.81414533,0.05149205,1.00788294
fashion_mnist,random_unitary,1024,288,0.82403023,0.02197678,0.99521986
fashion_mnist,random_unitary,1024,289,0.83412686,0.02426416,1.00248727
fashion_mnist,random_unitary,1024,290,0.81410226,0.00601692,0.98477439
fashion_mnist,random_unitary,1024,291,0.82457473,0.06503158,1.00493864
fashion_mnist,random_unitary,1024,292,0.81866354,0.04901779,0.99793606
fashion_mnist,random_unitary,1024,293,0.81949427,0.03880015,0.99910994
fashion_mnist,random_unitary,1024,294,0.82302392,0.01119729,0.99093834
fashion_mnist,random_unitary,1024,295,0.82270489,0.01181799,0.99229932
fashion_mnist,random_unitary,1024,296,0.82184984,0.00808232,0.96377626
fashion_mnist,random_unitary,1024,297,0.82711213,0.01474084,1.01752306
fashion_mnist,random_unitary,1024,298,0.82478574,0.0295219,1.01264814
fashion_mnist,random_unitary,1024,299,0.81465121,0.02452063,0.9891853
fashion_mnist,random_unitary,1024,300,0.82230647,0.03430021,1.00197985
fashion_mnist,random_unitary,1024,301,0.81259654,0.00864269,0.99931954
fashion_mnist,random_unitary,1024,302,0.81898127,0.02459803,1.00469799
fashion_mnist,random_unitary,1024,303,0.82666389,0.04436819,1.00908071
fashion_mnist,random_unitary,1024,304,0.81875146,0.04644999,0.9908159
fashion_mnist,random_unitary,1024,305,0.818321,0.10065023,0.99648307
fashion_mnist,random_unitary,1024,306,0.83563075,0.04586814,0.98537496
fashion_mnist,random_unitary,1024,307,0.83018837,0.02836685,1.01810795
fashion_mnist,random_unitary,1024,308,0.82687626,0.12527773,0.98513152
fashion_mnist,random_unitary,1024,309,0.83019497,0.00189592,1.01268907
fashion_mnist,random_unitary,1024,310,0.83146229,0.00382917,1.00734824
fashion_mnist,random_unitary,1024,311,0.8172571,0.03428968,0.97924606
fashion_mnist,random_unitary,1024,312,0.81900645,0.06189132,1.00025573
fashion_mnist,random_unitary,1024,313,0.81285235,0.0267688,0.9634081
fashion_mnist,random_unitary,1024,314,0.82460361,0.06976206,1.0159543
fashion_mnist,random_unitary,1024,315,0.82607374,0.02903443,0.96616752
fashion_mnist,random_unitary,1024,316,0.82264699,0.01911645,1.02026413
fashion_mnist,random_unitary,1024,317,0.82242274,0.05372242,1.02166236
fashion_mnist,random_unitary,1024,318,0.82012656,0.04387906,1.01978654
fashion_mnist,random_unitary,1024,319,0.80959748,0.01955265,0.98689488
fashion_mnist,random_unitary,1024,320,0.82759915,0.00745514,1.03575878
fashion_mnist,random_unitary,1024,321,0.82524536,0.0915165,1.00805865
fashion_mnist,random_unitary,1024,322,0.81859863,0.11954254,0.98519895
fashion_mnist,random_unitary,1024,323,0.81192549,0.01151697,0.9944148
fashion_mnist,random_unitary,1024,324,0.82071672,0.07367727,1.00129943
fashion_mnist,random_unitary,1024,325,0.82461796,0.03020234,0.97741992
fashion_mnist,random_unitary,1024,326,0.81787655,0.01425015,1.00548772
fashion_mnist,random_unitary,1024,327,0.81852357,0.01288526,0.97970631
fashion_mnist,random_unitary,1024,328,0.82324632,0.07535299,0.99697052
fashion_mnist,random_unitary,1024,329,0.81356074,0.04316527,0.99387343
fashion_mnist,random_unitary,1024,330,0.82144925,0.01852585,1.009864
fashion_mnist,random_unitary,1024,331,0.81541817,0.02342796,0.97284283
fashion_mnist,random_unitary,1024,332,0.81529531,0.06609193,1.02236987
fashion_mnist,random_unitary,1024,333,0.82033365,0.12571388,0.99070286
fashion_mnist,random_unitary,1024,334,0.81950651,0.05354886,1.02048172
fashion_mnist,random_unitary,1024,335,0.82112656,0.0406812,0.97242074
fashion_mnist,random_unitary,1024,336,0.81841702,0.02540756,0.98520558
fashion_mnist,random_unitary,1024,337,0.80953523,0.00527845,1.01978482
fashion_mnist,random_unitary,1024,338,0.82663311,0.00628888,1.01267058
fashion_mnist,random_unitary,1024,339,0.8185153,0.0249284,1.00806025
fashion_mnist,random_unitary,1024,340,0.81518234,0.01072434,0.99699892
fashion_mnist,random_unitary,1024,341,0.83314636,0.11632428,1.00509248
fashion_mnist,random_unitary,1024,342,0.8268306,0.00126737,1.00303692
fashion_mnist,random_unitary,1024,343,0.82568938,0.05107209,0.99607281
fashion_mnist,random_unitary,1024,344,0.82770186,0.06055011,0.97537979
fashion_mnist,random_unitary,1024,345,0.81985114,0.02374932,1.00563622
fashion_mnist,random_unitary,1024,346,0.82177549,0.00696368,0.99837469
fashion_mnist,random_unitary,1024,347,0.83276059,0.06788027,1.01867156
fashion_mnist,random_unitary,1024,348,0.82271065,0.01367443,0.97855792
fashion_mnist,random_unitary,1024,349,0.82794302,0.02121556,0.97073136
fashion_mnist,random_unitary,1024,350,0.82473577,0.02405085,1.00620247
fashion_mnist,random_unitary,1024,351,0.82066023,0.04385767,0.98759493
fashion_mnist,random_unitary,1024,352,0.82677772,0.01991932,0.99397242
fashion_mnist,random_unitary,1024,353,0.83764871,0.0320347,1.00362395
fashion_mnist,random_unitary,1024,354,0.81865897,0.01358211,1.01711084
fashion_mnist,random_unitary,1024,355,0.82802076,0.00594057,1.0380828
fashion_mnist,random_unitary,1024,356,0.81698285,0.01627274,0.99670897
fashion_mnist,random_unitary,1024,357,0.83354056,0.01634556,0.97959258
fashion_mnist,random_unitary,1024,358,0.83425244,0.02093046,1.00763468
fashion_mnist,random_unitary,1024,359,0.80874759,0.05143143,1.02056556
fashion_mnist,random_unitary,1024,360,0.82401694,0.00205695,0.99075562
fashion_mnist,random_unitary,1024,361,0.83430975,0.02680609,1.03238403
fashion_mnist,random_unitary,1024,362,0.81970475,0.01841755,1.0178653
fashion_mnist,random_unitary,1024,363,0.833005,0.13796769,1.00187194
fashion_mnist,random_unitary,1024,364,0.83063871,0.00335748,0.9846339
fashion_mnist,random_unitary,1024,365,0.83458604,0.06154366,1.03661165
fashion_mnist,random_unitary,1024,366,0.83212075,0.03065408,0.98947991
fashion_mnist,random_unitary,1024,367,0.82029768,0.02543539,0.98440695
fashion_mnist,random_unitary,1024,368,0.82592758,0.01573201,0.97589199
fashion_mnist,random_unitary,1024,369,0.82232283,0.06741823,1.01953227
fashion_mnist,random_unitary,1024,370,0.83188808,0.04217916,0.99229781
fashion_mnist,random_unitary,1024,371,0.83270654,0.02834063,0.98503625
fashion_mnist,random_unitary,1024,372,0.8216552,0.06300577,1.0112779
fashion_mnist,random_unitary,1024,373,0.82331744,0.00152845,0.98945129
fashion_mnist,random_unitary,1024,374,0.8217945,0.02105128,0.99978425
fashion_mnist,random_unitary,1024,375,0.82538648,0.06009929,0.99267908
fashion_mnist,random_unitary,1024,376,0.82753464,0.0477072,1.00167873
fashion_mnist,random_unitary,1024,377,0.82650122,0.08481964,0.98949915
fashion_mnist,random_unitary,1024,378,0.82073647,0.01241526,0.98566156
fashion_mnist,random_unitary,1024,379,0.81405864,0.02397239,0.98206081
fashion_mnist,random_unitary,1024,380,0.82532159,0.12793237,1.03805103
fashion_mnist,random_unitary,1024,381,0.8174153,0.05969032,0.99335877
fashion_mnist,random_unitary,1024,382,0.81984126,0.0187986,0.96083245
fashion_mnist,random_unitary,1024,383,0.8207831,0.02891512,0.98675673
fashion_mnist,random_unitary,1024,384,0.82318167,0.01433622,0.98753193
fashion_mnist,random_unitary,1024,385,0.81081046,0.06647677,1.020115
fashion_mnist,random_unitary,1024,386,0.82514951,0.03389136,0.98289457
fashion_mnist,random_unitary,1024,387,0.82178124,0.052858,1.00957231
fashion_mnist,random_unitary,1024,388,0.82521459,0.03575867,0.99300111
fashion_mnist,random_unitary,1024,389,0.82449604,0.01268263,1.00760208
fashion_mnist,random_unitary,1024,390,0.82907235,0.05663103,0.98172596
fashion_mnist,random_unitary,1024,391,0.83014175,0.10719689,0.98367579
fashion_mnist,random_unitary,1024,392,0.82559187,0.02466424,0.98747294
fashion_mnist,random_unitary,1024,393,0.82409166,0.11395274,0.9920264
fashion_mnist,random_unitary,1024,394,0.82651489,0.08203967,1.00055329
fashion_mnist,random_unitary,1024,395,0.8373896,0.05667055,1.00480917
fashion_mnist,random_unitary,1024,396,0.82342001,0.0333705,0.98751697
fashion_mnist,random_unitary,1024,397,0.82269568,0.02691504,1.00416
fashion_mnist,random_unitary,1024,398,0.83234559,0.00023331,1.02143919
fashion_mnist,random_unitary,1024,399,0.83035769,0.04115305,1.01128934
fashion_mnist,random_unitary,1024,400,0.8271508,0.01866417,0.9989383
fashion_mnist,random_unitary,1024,401,0.82570571,0.08586887,1.01519686
fashion_mnist,random_unitary,1024,402,0.8256108,0.03958702,0.9980683
fashion_mnist,random_unitary,1024,403,0.80488245,0.03784396,1.01435058
fashion_mnist,random_unitary,1024,404,0.83022263,0.07218938,1.02365423
fashion_mnist,random_unitary,1024,405,0.8226235,0.05469753,0.99299975
fashion_mnist,random_unitary,1024,406,0.82469182,0.0349313,0.95778595
fashion_mnist,random_unitary,1024,407,0.82405154,0.00697973,0.98122174
fashion_mnist,random_unitary,1024,408,0.81531735,0.11020946,0.98438551
fashion_mnist,random_unitary,1024,409,0.83298403,0.00067196,0.99597435
fashion_mnist,random_unitary,1024,410,0.82382414,0.01091615,0.98861488
fashion_mnist,random_unitary,1024,411,0.81953069,0.03148399,0.98642204
fashion_mnist,random_unitary,1024,412,0.81972588,0.07346984,1.02470775
fashion_mnist,random_unitary,1024,413,0.82127885,0.0663129,0.99469937
fashion_mnist,random_unitary,1024,414,0.82003992,0.04280532,1.02423492
fashion_mnist,random_unitary,1024,415,0.81488184,0.0018406,0.99582143
fashion_mnist,random_unitary,1024,416,0.83097282,0.02796462,1.02299775
fashion_mnist,random_unitary,1024,417,0.81886004,0.00482442,1.02549639
fashion_mnist,random_unitary,1024,418,0.81813966,0.08348041,0.98063192
fashion_mnist,random_unitary,1024,419,0.81321429,0.04594178,1.01396551
fashion_mnist,random_unitary,1024,420,0.81754666,0.08362821,1.01926743
fashion_mnist,random_unitary,1024,421,0.81552667,0.1271684,1.01643302
fashion_mnist,random_unitary,1024,422,0.82544518,0.00917819,1.01480747
fashion_mnist,random_unitary,1024,423,0.82566136,0.03870755,1.01794427
fashion_mnist,random_unitary,1024,424,0.81626282,0.01381892,1.02700268
fashion_mnist,random_unitary,1024,425,0.81985756,0.05881437,0.99591225
fashion_mnist,random_unitary,1024,426,0.82922811,0.03248332,1.01104541
fashion_mnist,random_unitary,1024,427,0.82189116,0.04310457,0.99853417
fashion_mnist,random_unitary,1024,428,0.82605773,0.08721537,0.99336563
fashion_mnist,random_unitary,1024,429,0.82497459,0.08005967,1.00610935
fashion_mnist,random_unitary,1024,430,0.83065259,0.01450228,1.00522348
fashion_mnist,random_unitary,1024,431,0.81648138,0.03871627,0.99248841
fashion_mnist,random_unitary,1024,432,0.82638078,0.03648007,0.9633893
fashion_mnist,random_unitary,1024,433,0.82978163,0.0068929,1.00413408
fashion_mnist,random_unitary,1024,434,0.82083916,0.01611024,1.02915315
fashion_mnist,random_unitary,1024,435,0.82591548,0.02751301,1.00413683
fashion_mnist,random_unitary,1024,436,0.8181498,0.02932493,0.9832196
fashion_mnist,random_unitary,1024,437,0.81898227,0.01609283,1.00406649
fashion_mnist,random_unitary,1024,438,0.82490964,0.0187267,0.9778565
fashion_mnist,random_unitary,1024,439,0.81494144,0.00243233,0.99869547
fashion_mnist,random_unitary,1024,440,0.82316453,0.01012795,1.00545562
fashion_mnist,random_unitary,1024,441,0.82133232,0.02835077,1.0072348
fashion_mnist,random_unitary,1024,442,0.8209471,0.00747769,1.00147933
fashion_mnist,random_unitary,1024,443,0.82593102,0.03017672,0.98588974
fashion_mnist,random_unitary,1024,444,0.82975514,0.01240122,1.01182136
fashion_mnist,random_unitary,1024,445,0.810383,0.01425367,0.98298762
fashion_mnist,random_unitary,1024,446,0.81873459,0.00935207,0.9917966
fashion_mnist,random_unitary,1024,447,0.82325125,0.0240908,1.01568376
fashion_mnist,random_unitary,1024,448,0.81782644,0.0827424,0.99498084
fashion_mnist,random_unitary,1024,449,0.8198118,0.03088314,0.99283986
fashion_mnist,random_unitary,1024,450,0.8161543,0.10708518,1.00679302
fashion_mnist,random_unitary,1024,451,0.8299028,0.0555159,1.00054113
fashion_mnist,random_unitary,1024,452,0.82159986,0.06831676,1.01800005
fashion_mnist,random_unitary,1024,453,0.81764899,0.00681821,0.98877267
fashion_mnist,random_unitary,1024,454,0.81451333,0.05954759,0.98857
fashion_mnist,random_unitary,1024,455,0.82359675,0.0075414,0.99870916
fashion_mnist,random_unitary,1024,456,0.8180053,0.02609501,0.96423526
fashion_mnist,random_unitary,1024,457,0.81930709,0.02820953,1.02799885
fashion_mnist,random_unitary,1024,458,0.81110466,0.00333929,0.99381434
fashion_mnist,random_unitary,1024,459,0.81986772,0.04423151,1.01073411
fashion_mnist,random_unitary,1024,460,0.83268307,0.01781483,1.0191246
fashion_mnist,random_unitary,1024,461,0.82213721,0.03316549,0.99515461
fashion_mnist,random_unitary,1024,462,0.8198812,0.01371446,0.99031029
fashion_mnist,random_unitary,1024,463,0.81891859,0.00870234,0.9803809
fashion_mnist,random_unitary,1024,464,0.83356419,0.02329805,1.01721116
fashion_mnist,random_unitary,1024,465,0.81615588,0.04510361,1.00540887
fashion_mnist,random_unitary,1024,466,0.82098079,0.07334837,1.0145455
fashion_mnist,random_unitary,1024,467,0.83595237,0.01623439,1.01866791
fashion_mnist,random_unitary,1024,468,0.81885582,0.04714782,1.00182033
fashion_mnist,random_unitary,1024,469,0.82099817,0.02418078,0.98763073
fashion_mnist,random_unitary,1024,470,0.83018798,0.03962912,0.98576986
fashion_mnist,random_unitary,1024,471,0.81665996,0.04157642,0.9873936
fashion_mnist,random_unitary,1024,472,0.82906516,0.10397009,1.01911364
fashion_mnist,random_unitary,1024,473,0.83238591,0.06164924,0.98996586
fashion_mnist,random_unitary,1024,474,0.82195951,0.0470671,1.00456354
fashion_mnist,random_unitary,1024,475,0.82195076,0.10307116,1.01145351
fashion_mnist,random_unitary,1024,476,0.81531369,0.03411132,0.99173012
fashion_mnist,random_unitary,1024,477,0.8209828,0.0449596,0.99709973
fashion_mnist,random_unitary,1024,478,0.81724081,0.00760639,1.00841459
fashion_mnist,random_unitary,1024,479,0.82618023,0.03607594,0.99082182
fashion_mnist,random_unitary,1024,480,0.81228216,0.02084784,0.99290984
fashion_mnist,random_unitary,1024,481,0.81862173,0.02221888,1.00352879
fashion_mnist,random_unitary,1024,482,0.81635017,0.0103765,0.99093465
fashion_mnist,random_unitary,1024,483,0.82543149,0.03433938,1.01602668
fashion_mnist,random_unitary,1024,484,0.82553281,0.07590584,1.00975274
fashion_mnist,random_unitary,1024,485,0.81909196,0.03749627,1.00256829
fashion_mnist,random_unitary,1024,486,0.81839122,0.01324477,1.00485936
fashion_mnist,random_unitary,1024,487,0.82695846,0.01950649,0.98304445
fashion_mnist,random_unitary,1024,488,0.82984426,0.02167483,1.03561525
fashion_mnist,random_unitary,1024,489,0.81119397,0.06101966,1.00767734
fashion_mnist,random_unitary,1024,490,0.8226619,0.04279302,0.98011582
fashion_mnist,random_unitary,1024,491,0.82294876,0.03025567,0.98768014
fashion_mnist,random_unitary,1024,492,0.81871779,0.05857957,0.99423262
fashion_mnist,random_unitary,1024,493,0.8337282,0.03997951,1.00494967
fashion_mnist,random_unitary,1024,494,0.8169841,0.01798229,0.99017217
fashion_mnist,random_unitary,1024,495,0.82215376,0.04630997,0.98798934
fashion_mnist,random_unitary,1024,496,0.81271298,0.04019354,1.00519482
fashion_mnist,random_unitary,1024,497,0.813141,0.04430358,1.00268737
fashion_mnist,random_unitary,1024,498,0.82497059,0.00233013,1.0059256
fashion_mnist,random_unitary,1024,499,0.82143777,0.0755507,1.0078452
fashion_mnist,random_unitary,1024,500,0.82284025,0.04833797,1.01980853
fashion_mnist,random_unitary,1024,501,0.81318264,0.09029836,1.03121016
fashion_mnist,random_unitary,1024,502,0.82958918,0.0369416,0.99681402
fashion_mnist,random_unitary,1024,503,0.8173681,0.02048025,1.01017143
fashion_mnist,random_unitary,1024,504,0.83384665,0.06186807,0.99390917
fashion_mnist,random_unitary,1024,505,0.82137661,0.03785479,1.00081727
fashion_mnist,random_unitary,1024,506,0.82294649,0.09525476,1.00632545
fashion_mnist,random_unitary,1024,507,0.82022976,0.02173407,1.02370668
fashion_mnist,random_unitary,1024,508,0.83234533,0.00802036,1.01396328
fashion_mnist,random_unitary,1024,509,0.82911061,0.07426077,1.01924046
fashion_mnist,random_unitary,1024,510,0.82634945,0.00959052,0.99953326
fashion_mnist,random_unitary,1024,511,0.82536789,0.0380185,0.98472245
fashion_mnist,random_unitary,1024,512,0.81047021,0.04770721,1.00665756
fashion_mnist,random_unitary,1024,513,0.82345553,0.04768633,0.99960736
fashion_mnist,random_unitary,1024,514,0.82567123,0.04589882,1.01706745
fashion_mnist,random_unitary,1024,515,0.81811909,0.03508497,1.02335968
fashion_mnist,random_unitary,1024,516,0.83222998,0.02327839,0.99532271
fashion_mnist,random_unitary,1024,517,0.82065201,0.05110276,1.01302199
fashion_mnist,random_unitary,1024,518,0.82420806,0.00783542,0.99061981
fashion_mnist,random_unitary,1024,519,0.83016464,0.05560477,0.98823471
fashion_mnist,random_unitary,1024,520,0.82825854,0.02825933,1.00712146
fashion_mnist,random_unitary,1024,521,0.82659886,0.05321295,1.0271266
fashion_mnist,random_unitary,1024,522,0.82774695,0.07617969,0.99409234
fashion_mnist,random_unitary,1024,523,0.830817,0.04827821,0.98658098
fashion_mnist,random_unitary,1024,524,0.82460029,0.07858591,1.03511948
fashion_mnist,random_unitary,1024,525,0.82834038,0.03140529,0.98584859
fashion_mnist,random_unitary,1024,526,0.81652597,0.05033836,0.9947259
fashion_mnist,random_unitary,1024,527,0.82593035,0.00837125,0.99538168
fashion_mnist,random_unitary,1024,528,0.82316,0.11403992,0.9878626
fashion_mnist,random_unitary,1024,529,0.8144,0.04069314,0.9793229
fashion_mnist,random_unitary,1024,530,0.82732094,0.00761563,0.98395304
fashion_mnist,random_unitary,1024,531,0.8274604,0.03689955,0.9801222
fashion_mnist,random_unitary,1024,532,0.81409853,0.02007339,1.00323678
fashion_mnist,random_unitary,1024,533,0.82687185,0.01155458,1.03154554
fashion_mnist,random_unitary,1024,534,0.82155398,0.02101926,1.0181661
fashion_mnist,random_unitary,1024,535,0.82447127,0.09102967,1.0012305
fashion_mnist,random_unitary,1024,536,0.82302407,0.04479537,0.97275852
fashion_mnist,random_unitary,1024,537,0.81335334,0.01873961,0.99935528
fashion_mnist,random_unitary,1024,538,0.81176663,0.01871713,0.98920818
fashion_mnist,random_unitary,1024,539,0.82279879,0.01253129,1.03134361
fashion_mnist,random_unitary,1024,540,0.8309607,0.02545741,1.00432502
fashion_mnist,random_unitary,1024,541,0.82836677,0.02073492,0.98980918
fashion_mnist,random_unitary,1024,542,0.81644907,0.00319208,0.99127128
fashion_mnist,random_unitary,1024,543,0.83047308,0.00660086,0.98473225
fashion_mnist,random_unitary,1024,544,0.82570991,0.05555361,0.99689601
fashion_mnist,random_unitary,1024,545,0.82999492,0.07793769,1.00167796
fashion_mnist,random_unitary,1024,546,0.81839358,0.08157799,0.99425377
fashion_mnist,random_unitary,1024,547,0.82476332,0.0136553,1.01194918
fashion_mnist,random_unitary,1024,548,0.82479323,0.029612,0.98648974
fashion_mnist,random_unitary,1024,549,0.82100173,0.0145163,0.98623397
fashion_mnist,random_unitary,1024,550,0.81823338,0.00686071,1.02336544
fashion_mnist,random_unitary,1024,551,0.82735342,0.01709457,1.01161931
fashion_mnist,random_unitary,1024,552,0.82430585,0.01042298,1.01793636
fashion_mnist,random_unitary,1024,553,0.82390171,0.01558519,0.9948253
fashion_mnist,random_unitary,1024,554,0.82707428,0.05411387,0.99591076
fashion_mnist,random_unitary,1024,555,0.81864002,0.01181694,0.99149197
fashion_mnist,random_unitary,1024,556,0.82608056,0.01853002,1.02889034
fashion_mnist,random_unitary,1024,557,0.81789434,0.01609645,0.9994653
fashion_mnist,random_unitary,1024,558,0.82199176,0.02147322,1.00796023
fashion_mnist,random_unitary,1024,559,0.81443083,0.00482346,0.99993141
fashion_mnist,random_unitary,1024,560,0.8239897,0.00679506,1.00992157
fashion_mnist,random_unitary,1024,561,0.8229334,0.00890381,1.00930819
fashion_mnist,random_unitary,1024,562,0.82391013,0.0201286,1.01143797
fashion_mnist,random_unitary,1024,563,0.82449405,0.03407118,0.98407527
fashion_mnist,random_unitary,1024,564,0.82100571,0.11747102,1.02308685
fashion_mnist,random_unitary,1024,565,0.81560446,0.02914745,1.00017214
fashion_mnist,random_unitary,1024,566,0.81632762,0.05135763,1.00861226
fashion_mnist,random_unitary,1024,567,0.8272713,0.01336838,0.97288505
fashion_mnist,random_unitary,1024,568,0.81741166,0.04050168,1.03807332
fashion_mnist,random_unitary,1024,569,0.82480854,0.02487092,1.04829278
fashion_mnist,random_unitary,1024,570,0.81992289,0.04290583,0.98590879
fashion_mnist,random_unitary,1024,571,0.82165358,0.07898462,0.98988062
fashion_mnist,random_unitary,1024,572,0.83299075,0.03312966,1.00876382
fashion_mnist,random_unitary,1024,573,0.82276012,0.00234241,0.99009314
fashion_mnist,random_unitary,1024,574,0.81475218,0.06167437,0.97931366
fashion_mnist,random_unitary,1024,575,0.82551974,0.0550868,1.00681696
fashion_mnist,random_unitary,1024,576,0.82259597,0.05640475,1.00428417
fashion_mnist,random_unitary,1024,577,0.82081964,0.06440266,1.00469119
fashion_mnist,random_unitary,1024,578,0.82427086,0.06073094,0.9814806
fashion_mnist,random_unitary,1024,579,0.83285834,0.00731826,0.97101138
fashion_mnist,random_unitary,1024,580,0.81801492,0.08743616,0.9817289
fashion_mnist,random_unitary,1024,581,0.82087664,0.01997146,1.01155259
fashion_mnist,random_unitary,1024,582,0.82218922,0.00590358,1.01537141
fashion_mnist,random_unitary,1024,583,0.82453577,0.07521782,1.02955107
fashion_mnist,random_unitary,1024,584,0.82068877,0.02764504,0.97516006
fashion_mnist,random_unitary,1024,585,0.81271311,0.00161855,0.97854636
fashion_mnist,random_unitary,1024,586,0.82519381,0.03744363,1.00943854
fashion_mnist,random_unitary,1024,587,0.81816051,0.14580041,0.97126632
fashion_mnist,random_unitary,1024,588,0.81820064,0.08865571,1.00320087
fashion_mnist,random_unitary,1024,589,0.81827279,0.01859317,1.01190681
fashion_mnist,random_unitary,1024,590,0.8228663,0.03449302,0.99868418
fashion_mnist,random_unitary,1024,591,0.83451169,0.01635283,1.02964235
fashion_mnist,random_unitary,1024,592,0.82062974,0.02913486,1.00811785
fashion_mnist,random_unitary,1024,593,0.82462161,0.01033777,0.98736633
fashion_mnist,random_unitary,1024,594,0.81576869,0.04626299,0.98613341
fashion_mnist,random_unitary,1024,595,0.82779866,0.01108974,0.99788591
fashion_mnist,random_unitary,1024,596,0.81275477,0.00726104,0.99222868
fashion_mnist,random_unitary,1024,597,0.82301366,0.03137235,0.98835945
fashion_mnist,random_unitary,1024,598,0.82566307,0.05539692,1.00304322
fashion_mnist,random_unitary,1024,599,0.80567504,0.05090155,1.0084214
fashion_mnist,random_unitary,1024,600,0.824165,0.01773989,1.00008084
fashion_mnist,random_unitary,1024,601,0.81901377,0.0293357,1.00381831
fashion_mnist,random_unitary,1024,602,0.81454712,0.03360896,1.01491227
fashion_mnist,random_unitary,1024,603,0.82099973,0.05325715,1.00536684
fashion_mnist,random_unitary,1024,604,0.82536868,0.02006068,0.99418596
fashion_mnist,random_unitary,1024,605,0.81843934,0.03048334,1.01650338
fashion_mnist,random_unitary,1024,606,0.8236214,0.06612001,0.99892719
fashion_mnist,random_unitary,1024,607,0.80305572,0.02714808,0.99673544
fashion_mnist,random_unitary,1024,608,0.82860279,0.00552743,1.01441504
fashion_mnist,random_unitary,1024,609,0.81909348,0.07174621,0.98843954
fashion_mnist,random_unitary,1024,610,0.81863992,0.01983846,1.00219876
fashion_mnist,random_unitary,1024,611,0.82180504,0.01647338,1.01225516
fashion_mnist,random_unitary,1024,612,0.81704603,0.07883297,0.99886412
fashion_mnist,random_unitary,1024,613,0.8282827,0.04294515,1.01077593
fashion_mnist,random_unitary,1024,614,0.82024392,0.03507887,1.00530157
fashion_mnist,random_unitary,1024,615,0.81813728,0.0574742,1.00548317
fashion_mnist,random_unitary,1024,616,0.83066124,0.03215052,0.99528518
fashion_mnist,random_unitary,1024,617,0.82054746,0.09984484,1.02719904
fashion_mnist,random_unitary,1024,618,0.82323081,0.08248253,1.01014393
fashion_mnist,random_unitary,1024,619,0.82886958,0.00461931,1.00546321
fashion_mnist,random_unitary,1024,620,0.81870769,0.01353187,0.97609322
fashion_mnist,random_unitary,1024,621,0.82828166,0.00941486,1.00879063
fashion_mnist,random_unitary,1024,622,0.81408916,0.11479033,0.99358439
fashion_mnist,random_unitary,1024,623,0.82958378,0.03763752,1.00192135
fashion_mnist,random_unitary,1024,624,0.81145795,0.06463263,1.00296698
fashion_mnist,random_unitary,1024,625,0.82640036,0.00955748,1.02151001
fashion_mnist,random_unitary,1024,626,0.82930801,0.05190962,1.02418741
fashion_mnist,random_unitary,1024,627,0.83379401,0.13714565,0.9877246
fashion_mnist,random_unitary,1024,628,0.82063715,0.03427451,1.00648144
fashion_mnist,random_unitary,1024,629,0.82457481,0.05302789,1.01567099
fashion_mnist,random_unitary,1024,630,0.81523731,0.16492866,1.0195596
fashion_mnist,random_unitary,1024,631,0.82641728,0.03770084,1.00878917
fashion_mnist,random_unitary,1024,632,0.83063705,0.00758759,0.9868667
fashion_mnist,random_unitary,1024,633,0.81720418,0.07866208,0.99590096
fashion_mnist,random_unitary,1024,634,0.81799735,0.08214307,0.97156908
fashion_mnist,random_unitary,1024,635,0.82340005,0.00398335,0.99753576
fashion_mnist,random_unitary,1024,636,0.82451568,0.07072265,0.98448865
fashion_mnist,random_unitary,1024,637,0.82922016,0.01627812,1.02029481
fashion_mnist,random_unitary,1024,638,0.82977312,0.02911304,1.00511228
fashion_mnist,random_unitary,1024,639,0.83365904,0.03689606,1.00046864
fashion_mnist,random_unitary,1024,640,0.81555386,0.02946954,1.00965635
fashion_mnist,random_unitary,1024,641,0.83530681,0.1036533,0.98788556
fashion_mnist,random_unitary,1024,642,0.82177912,0.05852469,0.99874912
fashion_mnist,random_unitary,1024,643,0.81764876,0.09880057,0.99967182
fashion_mnist,random_unitary,1024,644,0.82223498,0.02459501,0.99095076
fashion_mnist,random_unitary,1024,645,0.82040186,0.0920081,1.01739817
fashion_mnist,random_unitary,1024,646,0.83123656,0.02119229,0.97792433
fashion_mnist,random_unitary,1024,647,0.83282942,0.02492182,1.01470313
fashion_mnist,random_unitary,1024,648,0.82633523,0.03103328,0.97132651
fashion_mnist,random_unitary,1024,649,0.80909069,0.05307498,0.99462934
fashion_mnist,random_unitary,1024,650,0.81935116,0.02622229,0.98344581
fashion_mnist,random_unitary,1024,651,0.81489911,0.00157192,0.97992779
fashion_mnist,random_unitary,1024,652,0.8220655,0.00196321,1.01230938
fashion_mnist,random_unitary,1024,653,0.82542213,0.05155277,1.01541681
fashion_mnist,random_unitary,1024,654,0.82276059,0.03783463,0.99193191
fashion_mnist,random_unitary,1024,655,0.82536217,0.10588731,1.00383736
fashion_mnist,random_unitary,1024,656,0.81212136,0.02300122,1.00376468
fashion_mnist,random_unitary,1024,657,0.82030509,0.02761075,0.98621652
fashion_mnist,random_unitary,1024,658,0.80883181,0.06406699,0.98189656
fashion_mnist,random_unitary,1024,659,0.81811429,0.12213909,1.00082662
fashion_mnist,random_unitary,1024,660,0.82955051,0.11609793,1.02036526
fashion_mnist,random_unitary,1024,661,0.81352988,0.01236277,0.98651985
fashion_mnist,random_unitary,1024,662,0.81799125,0.11715241,0.99956638
fashion_mnist,random_unitary,1024,663,0.82550518,0.06155215,0.99296575
fashion_mnist,random_unitary,1024,664,0.82585435,0.05390865,1.01966865
fashion_mnist,random_unitary,1024,665,0.82889331,0.00283075,0.98741573
fashion_mnist,random_unitary,1024,666,0.83069549,0.13943215,0.97944581
fashion_mnist,random_unitary,1024,667,0.82170167,0.01969634,0.99789792
fashion_mnist,random_unitary,1024,668,0.82871318,0.03189649,1.00098456
fashion_mnist,random_unitary,1024,669,0.82046759,0.00534178,0.99071776
fashion_mnist,random_unitary,1024,670,0.8244332,0.09987018,0.9897698
fashion_mnist,random_unitary,1024,671,0.81803155,0.02921434,0.97915022
fashion_mnist,random_unitary,1024,672,0.82568944,0.07177713,1.00308096
fashion_mnist,random_unitary,1024,673,0.82212211,0.0132953,0.99735739
fashion_mnist,random_unitary,1024,674,0.81655027,0.03496358,0.96047373
fashion_mnist,random_unitary,1024,675,0.81703204,0.03150889,1.00690879
fashion_mnist,random_unitary,1024,676,0.82272069,0.01593815,1.0025587
fashion_mnist,random_unitary,1024,677,0.8206984,0.03673775,0.99879822
fashion_mnist,random_unitary,1024,678,0.81904644,0.03836378,1.00369132
fashion_mnist,random_unitary,1024,679,0.819466,0.08769511,0.99219842
fashion_mnist,random_unitary,1024,680,0.82397143,0.04343231,0.99612248
fashion_mnist,random_unitary,1024,681,0.8208316,0.03480093,1.01394522
fashion_mnist,random_unitary,1024,682,0.82800526,0.0259497,0.99016056
fashion_mnist,random_unitary,1024,683,0.82102838,0.00595065,0.99992035
fashion_mnist,random_unitary,1024,684,0.82494958,0.00964737,0.98786723
fashion_mnist,random_unitary,1024,685,0.81162616,0.02088259,0.99713794
fashion_mnist,random_unitary,1024,686,0.81736669,0.0084468,1.00615911
fashion_mnist,random_unitary,1024,687,0.81895566,0.03543208,1.00750836
fashion_mnist,random_unitary,1024,688,0.82778226,0.10163255,1.00714745
fashion_mnist,random_unitary,1024,689,0.82033431,0.04597167,1.01194431
fashion_mnist,random_unitary,1024,690,0.81085189,0.02566448,1.00610653
fashion_mnist,random_unitary,1024,691,0.82952416,0.05614974,1.01461746
fashion_mnist,random_unitary,1024,692,0.82949957,0.02375488,0.99013168
fashion_mnist,random_unitary,1024,693,0.83095389,0.02873962,1.01033171
fashion_mnist,random_unitary,1024,694,0.8245953,0.03771164,1.01059726
fashion_mnist,random_unitary,1024,695,0.82560724,0.07870012,1.03565395
fashion_mnist,random_unitary,1024,696,0.82640019,0.00247129,1.00698652
fashion_mnist,random_unitary,1024,697,0.81812302,0.00890094,1.02984029
fashion_mnist,random_unitary,1024,698,0.81280525,0.03120533,1.02353309
fashion_mnist,random_unitary,1024,699,0.82336085,0.14840066,1.00697161
fashion_mnist,random_unitary,1024,700,0.82094348,0.0422748,1.00636825
fashion_mnist,random_unitary,1024,701,0.82347189,0.03683184,1.03692679
fashion_mnist,random_unitary,1024,702,0.82699449,0.04747852,0.9850208
fashion_mnist,random_unitary,1024,703,0.82273504,0.05399225,1.00028814
fashion_mnist,random_unitary,1024,704,0.82799262,0.06698884,0.98237134
fashion_mnist,random_unitary,1024,705,0.81827055,0.0720009,1.01116827
fashion_mnist,random_unitary,1024,706,0.81683798,0.00142925,1.01189118
fashion_mnist,random_unitary,1024,707,0.82932843,0.04863117,0.98317018
fashion_mnist,random_unitary,1024,708,0.82644192,0.02906988,0.99372822
fashion_mnist,random_unitary,1024,709,0.82044541,0.01445793,0.99643905
fashion_mnist,random_unitary,1024,710,0.81961005,0.00355167,0.99578174
fashion_mnist,random_unitary,1024,711,0.81294481,0.02789899,0.99733248
fashion_mnist,random_unitary,1024,712,0.82390669,0.00918645,0.97350502
fashion_mnist,random_unitary,1024,713,0.83604099,0.05538688,0.99782743
fashion_mnist,random_unitary,1024,714,0.81390159,0.09276869,0.99192262
fashion_mnist,random_unitary,1024,715,0.81172045,0.02372793,1.02070741
fashion_mnist,random_unitary,1024,716,0.82249968,0.05717383,1.00055264
fashion_mnist,random_unitary,1024,717,0.8233381,0.04614538,0.99653748
fashion_mnist,random_unitary,1024,718,0.82197883,0.04730153,0.98804381
fashion_mnist,random_unitary,1024,719,0.81334561,0.05268549,1.01847992
fashion_mnist,random_unitary,1024,720,0.81689251,0.01349462,0.99634588
fashion_mnist,random_unitary,1024,721,0.82361654,0.04207732,1.00498172
fashion_mnist,random_unitary,1024,722,0.83176003,0.00906581,0.99747509
fashion_mnist,random_unitary,1024,723,0.83342744,0.04102733,1.02471534
fashion_mnist,random_unitary,1024,724,0.82911807,0.07748917,1.00139757
fashion_mnist,random_unitary,1024,725,0.82345161,0.079445,0.98402962
fashion_mnist,random_unitary,1024,726,0.81832814,0.04993583,1.01066376
fashion_mnist,random_unitary,1024,727,0.83784522,0.02981499,1.0083731
fashion_mnist,random_unitary,1024,728,0.82622796,0.07061423,1.00295505
fashion_mnist,random_unitary,1024,729,0.81740762,0.03834839,1.02165391
fashion_mnist,random_unitary,1024,730,0.82269703,0.02017129,0.98795097
fashion_mnist,random_unitary,1024,731,0.82369616,0.05145817,0.9859442
fashion_mnist,random_unitary,1024,732,0.81972898,0.05897765,0.97701695
fashion_mnist,random_unitary,1024,733,0.82091806,0.05152575,1.01396626
fashion_mnist,random_unitary,1024,734,0.82517709,0.01427358,1.00538556
fashion_mnist,random_unitary,1024,735,0.81934355,0.01799157,0.99678269
fashion_mnist,random_unitary,1024,736,0.82360498,0.07309321,1.01714404
fashion_mnist,random_unitary,1024,737,0.82229734,0.00072788,0.99697691
fashion_mnist,random_unitary,1024,738,0.83630723,0.0374183,0.98975692
fashion_mnist,random_unitary,1024,739,0.82520736,0.02374002,0.99597924
fashion_mnist,random_unitary,1024,740,0.82414983,0.03337532,0.99149633
fashion_mnist,random_unitary,1024,741,0.83214106,0.04389571,1.0174049
fashion_mnist,random_unitary,1024,742,0.81831896,0.06021723,1.01174031
fashion_mnist,random_unitary,1024,743,0.820181,0.07699749,0.99929305
fashion_mnist,random_unitary,1024,744,0.82620123,0.04681427,0.99741319
fashion_mnist,random_unitary,1024,745,0.81970327,0.02568706,1.01083377
fashion_mnist,random_unitary,1024,746,0.82142918,0.00542664,1.01089438
fashion_mnist,random_unitary,1024,747,0.82267779,0.0341253,0.99673913
fashion_mnist,random_unitary,1024,748,0.81998692,0.0545361,0.96979707
fashion_mnist,random_unitary,1024,749,0.8135474,0.0185426,0.98056275
fashion_mnist,random_unitary,1024,750,0.82339525,0.05991229,1.01304923
fashion_mnist,random_unitary,1024,751,0.8155831,0.09120877,1.02562213
fashion_mnist,random_unitary,1024,752,0.82293736,0.05025521,1.0057766
fashion_mnist,random_unitary,1024,753,0.82781256,0.00671822,0.99692696
fashion_mnist,random_unitary,1024,754,0.84211034,0.01535264,1.00029183
fashion_mnist,random_unitary,1024,755,0.83207499,0.01255226,1.01927199
fashion_mnist,random_unitary,1024,756,0.82547698,0.00674723,1.00449694
fashion_mnist,random_unitary,1024,757,0.82363927,0.05019371,1.01357053
fashion_mnist,random_unitary,1024,758,0.81635971,0.03285992,1.00434964
fashion_mnist,random_unitary,1024,759,0.82558101,0.08806581,0.99275862
fashion_mnist,random_unitary,1024,760,0.81879734,0.04019847,0.9858985
fashion_mnist,random_unitary,1024,761,0.81813966,0.07202427,0.999939
fashion_mnist,random_unitary,1024,762,0.8158155,0.08953948,1.00630099
fashion_mnist,random_unitary,1024,763,0.83461361,0.05136132,0.98534939
fashion_mnist,random_unitary,1024,764,0.82289018,0.0820496,1.01377031
fashion_mnist,random_unitary,1024,765,0.82270292,0.01600453,1.00634333
fashion_mnist,random_unitary,1024,766,0.81263095,0.01111174,1.00296543
fashion_mnist,random_unitary,1024,767,0.82263301,0.07696517,1.00143767
fashion_mnist,random_unitary,1024,768,0.82890783,0.06951342,1.01500345
fashion_mnist,random_unitary,1024,769,0.82066152,0.08191778,0.97855366
fashion_mnist,random_unitary,1024,770,0.81974363,0.05388476,1.00198843
fashion_mnist,random_unitary,1024,771,0.83712016,0.0053351,0.98239853
fashion_mnist,random_unitary,1024,772,0.82788638,0.01996092,1.00818905
fashion_mnist,random_unitary,1024,773,0.82232885,0.01536258,1.01249323
fashion_mnist,random_unitary,1024,774,0.82441447,0.01835911,1.00899381
fashion_mnist,random_unitary,1024,775,0.82111073,0.01310961,0.9808276
fashion_mnist,random_unitary,1024,776,0.83686063,0.06694724,0.97823615
fashion_mnist,random_unitary,1024,777,0.82257128,0.09823167,1.01312371
fashion_mnist,random_unitary,1024,778,0.81542631,0.05574662,1.00176754
fashion_mnist,random_unitary,1024,779,0.82557346,0.01799148,1.01882058
fashion_mnist,random_unitary,1024,780,0.81963839,0.06624066,1.01080002
fashion_mnist,random_unitary,1024,781,0.82815837,0.10967007,0.99235321
fashion_mnist,random_unitary,1024,782,0.82270679,0.0640768,1.00474351
fashion_mnist,random_unitary,1024,783,0.8304336,0.05992408,0.99901176
fashion_mnist,random_unitary,1024,784,0.81614633,0.10083113,0.97799572
fashion_mnist,random_unitary,1024,785,0.8252517,0.00464498,0.98271484
fashion_mnist,random_unitary,1024,786,0.82823811,0.00940147,0.98730284
fashion_mnist,random_unitary,1024,787,0.82675201,0.03683965,0.98504502
fashion_mnist,random_unitary,1024,788,0.82415257,0.01365968,1.02030716
fashion_mnist,random_unitary,1024,789,0.83577225,0.07598162,0.99510987
fashion_mnist,random_unitary,1024,790,0.82978666,0.04821155,1.02211287
fashion_mnist,random_unitary,1024,791,0.82030862,0.02495892,0.97080109
fashion_mnist,random_unitary,1024,792,0.82082409,0.09086004,0.99491141
fashion_mnist,random_unitary,1024,793,0.83517386,0.04434466,1.02165238
fashion_mnist,random_unitary,1024,794,0.81729171,0.09222165,1.01224519
fashion_mnist,random_unitary,1024,795,0.82075552,0.04876916,0.98304948
fashion_mnist,random_unitary,1024,796,0.81774873,0.02503684,1.00315684
fashion_mnist,random_unitary,1024,797,0.83782339,0.04867627,0.98387523
fashion_mnist,random_unitary,1024,798,0.81598371,0.07771656,0.99484413
fashion_mnist,random_unitary,1024,799,0.81823413,0.05808771,1.00881039
fashion_mnist,random_unitary,1024,800,0.81806784,0.07765211,1.01500407
fashion_mnist,random_unitary,1024,801,0.82411214,0.09874516,0.98384817
fashion_mnist,random_unitary,1024,802,0.82283361,0.05546911,1.00089714
fashion_mnist,random_unitary,1024,803,0.81289746,0.14325413,1.0063291
fashion_mnist,random_unitary,1024,804,0.81335322,0.09425038,0.99675082
fashion_mnist,random_unitary,1024,805,0.82432713,0.03326982,0.99084095
fashion_mnist,random_unitary,1024,806,0.82035636,0.00298881,1.017877
fashion_mnist,random_unitary,1024,807,0.82056547,0.01932873,1.02912819
fashion_mnist,random_unitary,1024,808,0.81638739,0.00042836,0.98394334
fashion_mnist,random_unitary,1024,809,0.82995723,0.0006763,0.99179161
fashion_mnist,random_unitary,1024,810,0.82123056,0.03223328,0.99978656
fashion_mnist,random_unitary,1024,811,0.82545509,0.04373781,1.00082662
fashion_mnist,random_unitary,1024,812,0.81033297,0.01120524,0.99515886
fashion_mnist,random_unitary,1024,813,0.82724676,0.03979313,0.9946531
fashion_mnist,random_unitary,1024,814,0.80908201,0.03618398,1.01936003
fashion_mnist,random_unitary,1024,815,0.82775282,0.03218891,1.00629751
fashion_mnist,random_unitary,1024,816,0.8239246,0.02232333,0.99174898
fashion_mnist,random_unitary,1024,817,0.83595356,0.02182196,1.01625157
fashion_mnist,random_unitary,1024,818,0.82116934,0.00812121,0.96915511
fashion_mnist,random_unitary,1024,819,0.82449035,0.01766812,1.01588654
fashion_mnist,random_unitary,1024,820,0.82839249,0.03800805,0.98938258
fashion_mnist,random_unitary,1024,821,0.82688835,0.01584622,1.01354366
fashion_mnist,random_unitary,1024,822,0.82765008,0.06684982,0.98110807
fashion_mnist,random_unitary,1024,823,0.83085943,0.01578458,0.98579852
fashion_mnist,random_unitary,1024,824,0.82777984,0.05081731,1.01053944
fashion_mnist,random_unitary,1024,825,0.81885704,0.02409833,0.99011713
fashion_mnist,random_unitary,1024,826,0.82915691,0.0121661,1.00544348
fashion_mnist,random_unitary,1024,827,0.81697305,0.11476051,0.99945839
fashion_mnist,random_unitary,1024,828,0.82432695,0.0549592,1.00821857
fashion_mnist,random_unitary,1024,829,0.82985816,0.03504665,0.9890219
fashion_mnist,random_unitary,1024,830,0.81745914,0.03837298,0.98823712
fashion_mnist,random_unitary,1024,831,0.82609473,0.00133143,1.02133031
fashion_mnist,random_unitary,1024,832,0.8139156,0.02100716,1.01265322
fashion_mnist,random_unitary,1024,833,0.81686907,0.03770391,1.00564444
fashion_mnist,random_unitary,1024,834,0.81697105,0.04998154,1.00860141
fashion_mnist,random_unitary,1024,835,0.82033401,0.0616136,0.98397805
fashion_mnist,random_unitary,1024,836,0.82112303,0.06498333,1.01413997
fashion_mnist,random_unitary,1024,837,0.8295731,0.00414035,1.00071717
fashion_mnist,random_unitary,1024,838,0.82053821,0.06212895,0.9912108
fashion_mnist,random_unitary,1024,839,0.81657137,0.01939885,0.98946115
fashion_mnist,random_unitary,1024,840,0.82670148,0.14330239,0.99121952
fashion_mnist,random_unitary,1024,841,0.81492436,0.00430493,0.97994758
fashion_mnist,random_unitary,1024,842,0.82556292,0.02308704,1.0184619
fashion_mnist,random_unitary,1024,843,0.8270525,0.01972041,1.01630065
fashion_mnist,random_unitary,1024,844,0.82785802,0.05623349,1.03841453
fashion_mnist,random_unitary,1024,845,0.81730696,0.06353444,1.00743114
fashion_mnist,random_unitary,1024,846,0.81083132,0.03477479,0.99358978
fashion_mnist,random_unitary,1024,847,0.81691489,0.01281974,0.99538752
fashion_mnist,random_unitary,1024,848,0.82028755,0.03078287,0.99615977
fashion_mnist,random_unitary,1024,849,0.81956649,0.01998975,1.00576511
fashion_mnist,random_unitary,1024,850,0.82675971,0.03511674,0.98564194
fashion_mnist,random_unitary,1024,851,0.82189825,0.08937078,1.00199939
fashion_mnist,random_unitary,1024,852,0.81353843,0.00566309,1.01955257
fashion_mnist,random_unitary,1024,853,0.82377044,0.0047084,1.04147531
fashion_mnist,random_unitary,1024,854,0.82795653,0.08573083,1.01189548
fashion_mnist,random_unitary,1024,855,0.8195861,0.07242626,0.99260998
fashion_mnist,random_unitary,1024,856,0.8160734,0.04594578,1.00701988
fashion_mnist,random_unitary,1024,857,0.827004,0.0033774,0.98340126
fashion_mnist,random_unitary,1024,858,0.82116123,0.0848261,0.99069418
fashion_mnist,random_unitary,1024,859,0.82838075,0.04034681,0.99722832
fashion_mnist,random_unitary,1024,860,0.81877258,0.02263276,1.01773623
fashion_mnist,random_unitary,1024,861,0.82692257,0.04112978,0.99896249
fashion_mnist,random_unitary,1024,862,0.8251955,0.00587762,0.97418284
fashion_mnist,random_unitary,1024,863,0.81364182,0.04695168,0.99390504
fashion_mnist,random_unitary,1024,864,0.82526039,0.00018683,1.01123686
fashion_mnist,random_unitary,1024,865,0.82715773,0.10638203,1.00837004
fashion_mnist,random_unitary,1024,866,0.83050997,0.07167509,1.00096138
fashion_mnist,random_unitary,1024,867,0.82112851,0.01729324,0.9907154
fashion_mnist,random_unitary,1024,868,0.82642564,0.0205748,0.97440722
fashion_mnist,random_unitary,1024,869,0.82717306,0.08238017,0.99221315
fashion_mnist,random_unitary,1024,870,0.82695866,0.0172227,1.02438919
fashion_mnist,random_unitary,1024,871,0.81752538,0.04391241,0.98293431
fashion_mnist,random_unitary,1024,872,0.81694915,0.02512872,0.99681611
fashion_mnist,random_unitary,1024,873,0.8266848,0.04446001,1.00896286
fashion_mnist,random_unitary,1024,874,0.83149418,0.05913432,1.00355588
fashion_mnist,random_unitary,1024,875,0.81103554,0.08405014,1.00780661
fashion_mnist,random_unitary,1024,876,0.82678741,0.04378349,0.98671055
fashion_mnist,random_unitary,1024,877,0.81433166,0.10633048,0.98882138
fashion_mnist,random_unitary,1024,878,0.82533344,0.05674371,0.98384274
fashion_mnist,random_unitary,1024,879,0.8132489,0.00419475,1.00502175
fashion_mnist,random_unitary,1024,880,0.82546791,0.07229747,1.00760612
fashion_mnist,random_unitary,1024,881,0.81856976,0.13441404,1.02146267
fashion_mnist,random_unitary,1024,882,0.82409681,0.03119483,1.00525236
fashion_mnist,random_unitary,1024,883,0.82999988,0.04095801,1.01242272
fashion_mnist,random_unitary,1024,884,0.81919295,0.01313367,0.97239941
fashion_mnist,random_unitary,1024,885,0.82161058,0.00913943,1.01442155
fashion_mnist,random_unitary,1024,886,0.83435756,0.07668202,0.99500737
fashion_mnist,random_unitary,1024,887,0.8262174,0.01141845,0.98410748
fashion_mnist,random_unitary,1024,888,0.82322607,0.01456879,1.00977511
fashion_mnist,random_unitary,1024,889,0.82167908,0.07394697,0.99151149
fashion_mnist,random_unitary,1024,890,0.82267758,0.00144242,1.02640848
fashion_mnist,random_unitary,1024,891,0.8119939,0.02196688,1.00266464
fashion_mnist,random_unitary,1024,892,0.83183562,0.01639766,1.01123108
fashion_mnist,random_unitary,1024,893,0.81669835,0.02740781,1.00676165
fashion_mnist,random_unitary,1024,894,0.8302322,0.05278595,1.01799866
fashion_mnist,random_unitary,1024,895,0.81674677,0.06671425,0.97627265
fashion_mnist,random_unitary,1024,896,0.82372745,0.01959899,1.00320371
fashion_mnist,random_unitary,1024,897,0.82547128,0.0195459,1.01641791
fashion_mnist,random_unitary,1024,898,0.83063078,0.00394451,1.00993101
fashion_mnist,random_unitary,1024,899,0.81053398,0.01397515,1.02833264
fashion_mnist,random_unitary,1024,900,0.82308083,0.03744896,1.02447756
fashion_mnist,random_unitary,1024,901,0.83634185,0.03506643,1.02662264
fashion_mnist,random_unitary,1024,902,0.83112868,0.00516448,0.97868028
fashion_mnist,random_unitary,1024,903,0.81691332,0.01056906,1.02152958
fashion_mnist,random_unitary,1024,904,0.82211617,0.03829204,0.99903765
fashion_mnist,random_unitary,1024,905,0.83257563,0.03460742,0.98982175
fashion_mnist,random_unitary,1024,906,0.81760976,0.01457531,1.00996491
fashion_mnist,random_unitary,1024,907,0.81861582,0.0912702,0.98623801
fashion_mnist,random_unitary,1024,908,0.82109405,0.04510539,1.00538089
fashion_mnist,random_unitary,1024,909,0.82656258,0.01407673,1.01660171
fashion_mnist,random_unitary,1024,910,0.81149451,0.00404538,1.01737294
fashion_mnist,random_unitary,1024,911,0.8129185,0.01886982,0.99641497
fashion_mnist,random_unitary,1024,912,0.81777773,0.02306135,0.98146494
fashion_mnist,random_unitary,1024,913,0.81624274,0.02098926,1.0035518
fashion_mnist,random_unitary,1024,914,0.82643596,0.01950829,0.97935266
fashion_mnist,random_unitary,1024,915,0.82894328,0.00989092,1.02909367
fashion_mnist,random_unitary,1024,916,0.8327081,0.02974954,0.99175811
fashion_mnist,random_unitary,1024,917,0.81549117,0.01571157,0.98699475
fashion_mnist,random_unitary,1024,918,0.81874604,0.04476066,0.9687079
fashion_mnist,random_unitary,1024,919,0.81600164,0.02133057,0.9807914
fashion_mnist,random_unitary,1024,920,0.82759301,0.05147395,0.99324491
fashion_mnist,random_unitary,1024,921,0.82985609,0.06266829,1.01487481
fashion_mnist,random_unitary,1024,922,0.82197848,0.04056874,1.00985172
fashion_mnist,random_unitary,1024,923,0.8258053,0.07435124,1.00552933
fashion_mnist,random_unitary,1024,924,0.8258721,0.02694333,1.00272486
fashion_mnist,random_unitary,1024,925,0.82418764,0.02036457,1.00536308
fashion_mnist,random_unitary,1024,926,0.8164628,0.06536148,0.97660877
fashion_mnist,random_unitary,1024,927,0.8171142,0.02416887,1.01038643
fashion_mnist,random_unitary,1024,928,0.81267534,0.0453181,0.96646287
fashion_mnist,random_unitary,1024,929,0.81983535,0.00404403,0.97354405
fashion_mnist,random_unitary,1024,930,0.8186134,0.08648708,1.01265866
fashion_mnist,random_unitary,1024,931,0.8227104,0.0296348,0.99221519
fashion_mnist,random_unitary,1024,932,0.82903207,0.03329037,1.02043319
fashion_mnist,random_unitary,1024,933,0.82702886,0.0764822,1.02441033
fashion_mnist,random_unitary,1024,934,0.83066008,0.07621752,1.00262375
fashion_mnist,random_unitary,1024,935,0.82914042,0.02607153,1.00627668
fashion_mnist,random_unitary,1024,936,0.82334116,0.10727272,0.97229204
fashion_mnist,random_unitary,1024,937,0.82190766,0.0426746,0.98483997
fashion_mnist,random_unitary,1024,938,0.81607554,0.04734476,1.00283188
fashion_mnist,random_unitary,1024,939,0.81907641,0.04201331,0.97428806
fashion_mnist,random_unitary,1024,940,0.82788771,0.01498742,1.02603284
fashion_mnist,random_unitary,1024,941,0.82123734,0.06750342,0.9883831
fashion_mnist,random_unitary,1024,942,0.81112476,0.02884101,0.99284993
fashion_mnist,random_unitary,1024,943,0.81205957,0.03479833,1.01558038
fashion_mnist,random_unitary,1024,944,0.80688775,0.05362639,1.01542289
fashion_mnist,random_unitary,1024,945,0.81794781,0.0413946,0.97261507
fashion_mnist,random_unitary,1024,946,0.81687596,0.07020467,0.98139568
fashion_mnist,random_unitary,1024,947,0.8156599,0.01303226,1.01234926
fashion_mnist,random_unitary,1024,948,0.82645616,0.01108973,0.99639354
fashion_mnist,random_unitary,1024,949,0.8272964,0.0224363,0.99526586
fashion_mnist,random_unitary,1024,950,0.82372633,0.02930605,1.01673596
fashion_mnist,random_unitary,1024,951,0.81750596,0.05310772,1.01655399
fashion_mnist,random_unitary,1024,952,0.82483337,0.02974256,1.02104447
fashion_mnist,random_unitary,1024,953,0.82391026,0.0602376,1.01463839
fashion_mnist,random_unitary,1024,954,0.82510045,0.00177363,0.98376234
fashion_mnist,random_unitary,1024,955,0.82389144,0.08235741,0.99600237
fashion_mnist,random_unitary,1024,956,0.83088,0.02206331,0.99130483
fashion_mnist,random_unitary,1024,957,0.81091825,0.05060312,1.00234977
fashion_mnist,random_unitary,1024,958,0.82003771,0.00357792,1.00015629
fashion_mnist,random_unitary,1024,959,0.81161858,0.02759187,0.98795832
fashion_mnist,random_unitary,1024,960,0.82856988,0.01094783,0.99748517
fashion_mnist,random_unitary,1024,961,0.8203502,0.05467848,0.99314148
fashion_mnist,random_unitary,1024,962,0.8175913,0.13745136,0.99702413
fashion_mnist,random_unitary,1024,963,0.82926322,0.02031704,1.02055544
fashion_mnist,random_unitary,1024,964,0.81699399,0.0107534,1.04277985
fashion_mnist,random_unitary,1024,965,0.8204163,0.10814459,1.0075172
fashion_mnist,random_unitary,1024,966,0.82007065,0.0561316,0.98793144
fashion_mnist,random_unitary,1024,967,0.82244454,0.10042212,1.01511636
fashion_mnist,random_unitary,1024,968,0.81733983,0.03534623,1.00969195
fashion_mnist,random_unitary,1024,969,0.82614894,0.01264536,0.9907581
fashion_mnist,random_unitary,1024,970,0.82358906,0.04774068,0.97215698
fashion_mnist,random_unitary,1024,971,0.82192249,0.07011835,0.99540053
fashion_mnist,random_unitary,1024,972,0.82380078,0.05563161,1.01408561
fashion_mnist,random_unitary,1024,973,0.8069568,0.04907079,1.02074566
fashion_mnist,random_unitary,1024,974,0.81342674,0.09675902,1.00325317
fashion_mnist,random_unitary,1024,975,0.81934059,0.02972172,0.97798185
fashion_mnist,random_unitary,1024,976,0.82576927,0.02472198,1.02409415
fashion_mnist,random_unitary,1024,977,0.82397655,0.01344331,0.98778796
fashion_mnist,random_unitary,1024,978,0.8152408,0.00483194,1.00258671
fashion_mnist,random_unitary,1024,979,0.81958729,0.02341791,1.01226167
fashion_mnist,random_unitary,1024,980,0.82541575,0.07015898,0.99079629
fashion_mnist,random_unitary,1024,981,0.81892065,0.05504861,0.99881431
fashion_mnist,random_unitary,1024,982,0.82089095,0.01488598,0.99399368
fashion_mnist,random_unitary,1024,983,0.82864506,0.00569597,0.97857909
fashion_mnist,random_unitary,1024,984,0.8243155,0.05011339,0.99103729
fashion_mnist,random_unitary,1024,985,0.82056561,0.09353057,1.01576511
fashion_mnist,random_unitary,1024,986,0.82190621,0.0291836,1.00133411
fashion_mnist,random_unitary,1024,987,0.81948564,0.0106659,1.02658931
fashion_mnist,random_unitary,1024,988,0.83076002,0.07175995,0.99914105
fashion_mnist,random_unitary,1024,989,0.82790719,0.00848494,1.00063947
fashion_mnist,random_unitary,1024,990,0.81830125,0.02786838,1.02648032
fashion_mnist,random_unitary,1024,991,0.8361237,0.02685361,1.00778207
fashion_mnist,random_unitary,1024,992,0.81349097,0.03539566,1.00182208
fashion_mnist,random_unitary,1024,993,0.81846106,0.01327679,1.03512483
fashion_mnist,random_unitary,1024,994,0.8285264,0.06005737,1.00954127
fashion_mnist,random_unitary,1024,995,0.82180911,0.07770933,0.99695657
fashion_mnist,random_unitary,1024,996,0.81644798,0.07935422,1.0138127
fashion_mnist,random_unitary,1024,997,0.82949839,0.0391026,0.98825794
fashion_mnist,random_unitary,1024,998,0.81693525,0.01696449,0.99884945
fashion_mnist,random_unitary,1024,999,0.81121754,0.04049015,0.98077293
fashion_mnist,random_unitary,2024,0,0.82857022,0.00598556,1.00250541
fashion_mnist,random_unitary,2024,1,0.83110648,0.02353205,1.01819485
fashion_mnist,random_unitary,2024,2,0.82274444,0.06018479,0.99080049
fashion_mnist,random_unitary,2024,3,0.81521379,0.00882531,0.99792343
fashion_mnist,random_unitary,2024,4,0.82518985,0.04307027,0.97540099
fashion_mnist,random_unitary,2024,5,0.81377761,0.06283387,0.98209979
fashion_mnist,random_unitary,2024,6,0.81815474,0.00571735,1.01230408
fashion_mnist,random_unitary,2024,7,0.82006852,0.03778028,1.00710041
fashion_mnist,random_unitary,2024,8,0.8187822,0.01548186,0.96295651
fashion_mnist,random_unitary,2024,9,0.82796672,0.02768465,0.9849646
fashion_mnist,random_unitary,2024,10,0.82498742,0.03680736,1.00026384
fashion_mnist,random_unitary,2024,11,0.83521607,0.02532647,1.02412255
fashion_mnist,random_unitary,2024,12,0.82033012,0.0323126,0.99789935
fashion_mnist,random_unitary,2024,13,0.82083366,0.01225625,0.99766271
fashion_mnist,random_unitary,2024,14,0.82066235,0.08019202,0.99379079
fashion_mnist,random_unitary,2024,15,0.82664311,0.01490847,0.97880491
fashion_mnist,random_unitary,2024,16,0.81486638,0.01897818,0.97508359
fashion_mnist,random_unitary,2024,17,0.82374854,0.00452217,0.98291138
fashion_mnist,random_unitary,2024,18,0.8094933,0.01549245,1.02775317
fashion_mnist,random_unitary,2024,19,0.8373988,0.07930185,0.99259439
fashion_mnist,random_unitary,2024,20,0.83280059,0.00363996,1.00583334
fashion_mnist,random_unitary,2024,21,0.81644045,0.0467949,1.0081262
fashion_mnist,random_unitary,2024,22,0.82266047,0.03752389,0.98401831
fashion_mnist,random_unitary,2024,23,0.81932282,0.00690603,1.01562209
fashion_mnist,random_unitary,2024,24,0.82366478,0.02246384,1.01895928
fashion_mnist,random_unitary,2024,25,0.82615279,0.00156891,1.0284792
fashion_mnist,random_unitary,2024,26,0.82511062,0.05895857,0.96955302
fashion_mnist,random_unitary,2024,27,0.83364,0.03587635,0.99186054
fashion_mnist,random_unitary,2024,28,0.83175797,0.06687454,0.99169086
fashion_mnist,random_unitary,2024,29,0.82801144,0.02117956,1.01307296
fashion_mnist,random_unitary,2024,30,0.82397444,0.0325541,1.01147836
fashion_mnist,random_unitary,2024,31,0.8114498,0.02217473,1.01593845
fashion_mnist,random_unitary,2024,32,0.82792432,0.02957615,0.98313599
fashion_mnist,random_unitary,2024,33,0.82914347,0.0096488,1.01460269
fashion_mnist,random_unitary,2024,34,0.83184054,0.02334411,1.00465439
fashion_mnist,random_unitary,2024,35,0.8240615,0.01061228,1.02000431
fashion_mnist,random_unitary,2024,36,0.82170641,0.05697126,1.01009383
fashion_mnist,random_unitary,2024,37,0.81820834,0.00825121,0.98446692
fashion_mnist,random_unitary,2024,38,0.81687632,0.02156953,1.0114876
fashion_mnist,random_unitary,2024,39,0.81975747,0.05419032,1.02500626
fashion_mnist,random_unitary,2024,40,0.82161739,0.01526266,0.9802437
fashion_mnist,random_unitary,2024,41,0.82004707,0.03586108,0.9942691
fashion_mnist,random_unitary,2024,42,0.82280267,0.03525481,0.9921335
fashion_mnist,random_unitary,2024,43,0.82681966,0.0022038,1.01623432
fashion_mnist,random_unitary,2024,44,0.82509376,0.02590777,0.98909254
fashion_mnist,random_unitary,2024,45,0.81670157,0.14815373,1.01817665
fashion_mnist,random_unitary,2024,46,0.82749787,0.00779683,0.99327958
fashion_mnist,random_unitary,2024,47,0.82528488,0.05498956,1.00086494
fashion_mnist,random_unitary,2024,48,0.83103365,0.07109289,0.97573801
fashion_mnist,random_unitary,2024,49,0.82928131,0.05380496,0.99757571
fashion_mnist,random_unitary,2024,50,0.82513176,0.06066366,1.00883887
fashion_mnist,random_unitary,2024,51,0.82477627,0.00752229,1.01112569
fashion_mnist,random_unitary,2024,52,0.82743537,0.04681852,1.00943925
fashion_mnist,random_unitary,2024,53,0.81541055,0.00935672,1.00476851
fashion_mnist,random_unitary,2024,54,0.83419699,0.06478378,1.01489833
fashion_mnist,random_unitary,2024,55,0.82492786,0.02235456,0.99977327
fashion_mnist,random_unitary,2024,56,0.81498697,0.06760955,1.00780422
fashion_mnist,random_unitary,2024,57,0.824336,0.03072102,0.9966135
fashion_mnist,random_unitary,2024,58,0.81414286,0.02845112,1.03772587
fashion_mnist,random_unitary,2024,59,0.82205443,0.03476921,1.02180577
fashion_mnist,random_unitary,2024,60,0.82336109,0.00331142,0.98060655
fashion_mnist,random_unitary,2024,61,0.83007407,0.02742684,0.99031519
fashion_mnist,random_unitary,2024,62,0.82743801,0.03305223,0.99539355
fashion_mnist,random_unitary,2024,63,0.82322601,0.0107147,0.99859378
fashion_mnist,random_unitary,2024,64,0.81535383,0.03332757,0.99955248
fashion_mnist,random_unitary,2024,65,0.82509886,0.09307543,0.99116673
fashion_mnist,random_unitary,2024,66,0.82501907,0.02994963,1.00895073
fashion_mnist,random_unitary,2024,67,0.82038296,0.03821885,0.98425949
fashion_mnist,random_unitary,2024,68,0.81872449,0.04100315,0.99139985
fashion_mnist,random_unitary,2024,69,0.83378784,0.01484007,0.98675696
fashion_mnist,random_unitary,2024,70,0.82255686,0.03712008,1.01493711
fashion_mnist,random_unitary,2024,71,0.82347949,0.04475786,1.01213646
fashion_mnist,random_unitary,2024,72,0.81843141,0.05149396,1.00400645
fashion_mnist,random_unitary,2024,73,0.81914087,0.02093779,0.94588121
fashion_mnist,random_unitary,2024,74,0.83117196,0.02125842,0.99978448
fashion_mnist,random_unitary,2024,75,0.83246004,0.00635069,0.98795125
fashion_mnist,random_unitary,2024,76,0.83177277,0.0421759,0.99043709
fashion_mnist,random_unitary,2024,77,0.82382497,0.06448859,1.02763835
fashion_mnist,random_unitary,2024,78,0.83023578,0.02928446,0.99691808
fashion_mnist,random_unitary,2024,79,0.82685561,0.01565463,0.98355639
fashion_mnist,random_unitary,2024,80,0.82363186,0.00678845,0.99510302
fashion_mnist,random_unitary,2024,81,0.81949564,0.00072423,1.00171145
fashion_mnist,random_unitary,2024,82,0.82355625,0.06507576,1.00797691
fashion_mnist,random_unitary,2024,83,0.81436555,0.056774,0.97418781
fashion_mnist,random_unitary,2024,84,0.80950118,0.04273177,1.00798869
fashion_mnist,random_unitary,2024,85,0.81871224,0.04618762,1.00155167
fashion_mnist,random_unitary,2024,86,0.81981877,0.02612128,1.00372581
fashion_mnist,random_unitary,2024,87,0.82658776,0.02760281,0.97915003
fashion_mnist,random_unitary,2024,88,0.8215838,0.02528511,1.00698027
fashion_mnist,random_unitary,2024,89,0.82046736,0.00881349,0.9779408
fashion_mnist,random_unitary,2024,90,0.81343818,0.01591299,0.99836784
fashion_mnist,random_unitary,2024,91,0.82549374,0.00746952,1.00477586
fashion_mnist,random_unitary,2024,92,0.82471579,0.00384933,0.97159719
fashion_mnist,random_unitary,2024,93,0.81698256,0.04737782,1.02006776
fashion_mnist,random_unitary,2024,94,0.82363862,0.00241069,1.0050991
fashion_mnist,random_unitary,2024,95,0.81713823,0.0168528,0.99530698
fashion_mnist,random_unitary,2024,96,0.82328972,0.0717015,1.02842551
fashion_mnist,random_unitary,2024,97,0.81663868,0.05150745,1.00887538
fashion_mnist,random_unitary,2024,98,0.82345213,0.05068604,0.98728399
fashion_mnist,random_unitary,2024,99,0.8142193,0.01925279,1.00224157
fashion_mnist,random_unitary,2024,100,0.81836313,0.00069105,0.99881252
fashion_mnist,random_unitary,2024,101,0.81895595,0.0082148,0.98579422
fashion_mnist,random_unitary,2024,102,0.82105685,0.00464999,0.9977662
fashion_mnist,random_unitary,2024,103,0.82464105,0.00304872,0.96907882
fashion_mnist,random_unitary,2024,104,0.82426452,0.03913493,1.00173753
fashion_mnist,random_unitary,2024,105,0.82875162,0.02394505,0.99791589
fashion_mnist,random_unitary,2024,106,0.82289343,0.11640611,1.01167239
fashion_mnist,random_unitary,2024,107,0.82835536,0.05376467,1.01440042
fashion_mnist,random_unitary,2024,108,0.82552934,0.03276868,0.98321786
fashion_mnist,random_unitary,2024,109,0.82775978,0.04911068,1.00326011
fashion_mnist,random_unitary,2024,110,0.82391539,0.06985696,0.95659854
fashion_mnist,random_unitary,2024,111,0.81516092,0.08376027,1.00789862
fashion_mnist,random_unitary,2024,112,0.82648511,0.05141361,1.02646409
fashion_mnist,random_unitary,2024,113,0.82788977,0.10471289,1.00309015
fashion_mnist,random_unitary,2024,114,0.8192922,0.09307945,0.9761856
fashion_mnist,random_unitary,2024,115,0.81642564,0.01280712,1.01411802
fashion_mnist,random_unitary,2024,116,0.82805881,0.03828283,1.02017526
fashion_mnist,random_unitary,2024,117,0.82352906,0.04188554,0.99138101
fashion_mnist,random_unitary,2024,118,0.83053594,0.10473972,1.01204699
fashion_mnist,random_unitary,2024,119,0.82331047,0.08794036,1.0204077
fashion_mnist,random_unitary,2024,120,0.82089685,0.01560923,0.98911386
fashion_mnist,random_unitary,2024,121,0.82352312,0.02814458,0.99304657
fashion_mnist,random_unitary,2024,122,0.82322281,0.00900734,0.97450078
fashion_mnist,random_unitary,2024,123,0.82616623,0.03987957,0.99278788
fashion_mnist,random_unitary,2024,124,0.82102404,0.01809089,0.99391216
fashion_mnist,random_unitary,2024,125,0.82161511,0.04051495,1.01491068
fashion_mnist,random_unitary,2024,126,0.81717772,0.04990559,0.99995933
fashion_mnist,random_unitary,2024,127,0.82570717,0.03774584,0.99083385
fashion_mnist,random_unitary,2024,128,0.81838495,0.06882278,0.9857697
fashion_mnist,random_unitary,2024,129,0.8094379,0.00625613,1.02350666
fashion_mnist,random_unitary,2024,130,0.82511624,0.02320679,0.99139845
fashion_mnist,random_unitary,2024,131,0.816744,0.06376727,0.99137997
fashion_mnist,random_unitary,2024,132,0.82187024,0.00900526,0.98938572
fashion_mnist,random_unitary,2024,133,0.82079568,0.02183864,0.99727123
fashion_mnist,random_unitary,2024,134,0.82072884,0.10474689,1.01082745
fashion_mnist,random_unitary,2024,135,0.81804566,0.02430024,1.02450431
fashion_mnist,random_unitary,2024,136,0.8185518,0.01440555,0.98909967
fashion_mnist,random_unitary,2024,137,0.82137727,0.03799689,1.01264819
fashion_mnist,random_unitary,2024,138,0.8306578,0.00035507,0.98482835
fashion_mnist,random_unitary,2024,139,0.81896892,0.00587436,0.99423986
fashion_mnist,random_unitary,2024,140,0.81637373,0.02541626,0.98289028
fashion_mnist,random_unitary,2024,141,0.82542958,0.01053244,0.99713631
fashion_mnist,random_unitary,2024,142,0.81401458,0.04524581,0.99624598
fashion_mnist,random_unitary,2024,143,0.82181986,0.01802692,0.99772004
fashion_mnist,random_unitary,2024,144,0.81957625,0.00133594,1.01045988
fashion_mnist,random_unitary,2024,145,0.81693228,0.07626717,1.01541749
fashion_mnist,random_unitary,2024,146,0.82757372,0.03677299,0.99114997
fashion_mnist,random_unitary,2024,147,0.82075574,0.0847707,0.99741498
fashion_mnist,random_unitary,2024,148,0.83059955,0.03085305,0.97742159
fashion_mnist,random_unitary,2024,149,0.82129985,0.02202102,0.9934209
fashion_mnist,random_unitary,2024,150,0.83363153,0.00986135,1.00153287
fashion_mnist,random_unitary,2024,151,0.81819808,0.03166034,0.98881589
fashion_mnist,random_unitary,2024,152,0.81959992,0.0553577,1.01027823
fashion_mnist,random_unitary,2024,153,0.83555033,0.02376521,1.00095091
fashion_mnist,random_unitary,2024,154,0.81659201,0.02078429,1.01291619
fashion_mnist,random_unitary,2024,155,0.81789501,0.03056991,1.00201724
fashion_mnist,random_unitary,2024,156,0.82079172,0.09089335,1.01548434
fashion_mnist,random_unitary,2024,157,0.82088632,0.02958289,1.00248735
fashion_mnist,random_unitary,2024,158,0.81856399,0.08803814,1.00302099
fashion_mnist,random_unitary,2024,159,0.82346995,0.03707656,0.98351489
fashion_mnist,random_unitary,2024,160,0.82505985,0.04026612,0.99618899
fashion_mnist,random_unitary,2024,161,0.82950126,0.03943879,1.02711661
fashion_mnist,random_unitary,2024,162,0.81880458,0.0728385,1.00771004
fashion_mnist,random_unitary,2024,163,0.81874066,0.05513039,0.97254464
fashion_mnist,random_unitary,2024,164,0.82833704,0.11810265,1.00375714
fashion_mnist,random_unitary,2024,165,0.82570272,0.10593928,1.00365711
fashion_mnist,random_unitary,2024,166,0.83037852,0.01344743,0.97967104
fashion_mnist,random_unitary,2024,167,0.83350961,0.00073123,0.98920197
fashion_mnist,random_unitary,2024,168,0.81547411,0.06469003,0.96471611
fashion_mnist,random_unitary,2024,169,0.82400827,0.02740777,1.01295537
fashion_mnist,random_unitary,2024,170,0.81244758,0.01023342,0.99553872
fashion_mnist,random_unitary,2024,171,0.81952261,0.01802493,0.98508859
fashion_mnist,random_unitary,2024,172,0.81973127,0.06287059,1.02886814
fashion_mnist,random_unitary,2024,173,0.82201443,0.01666001,1.00218598
fashion_mnist,random_unitary,2024,174,0.82209134,0.06832132,0.99932601
fashion_mnist,random_unitary,2024,175,0.82909873,0.05790048,0.99281862
fashion_mnist,random_unitary,2024,176,0.82921947,0.04044678,0.98993104
fashion_mnist,random_unitary,2024,177,0.82304883,0.02449023,1.00483943
fashion_mnist,random_unitary,2024,178,0.80908585,0.01650329,0.98796158
fashion_mnist,random_unitary,2024,179,0.82482957,0.02459988,1.00317575
fashion_mnist,random_unitary,2024,180,0.82607724,0.01155344,1.02671265
fashion_mnist,random_unitary,2024,181,0.83702208,0.00652031,1.00676731
fashion_mnist,random_unitary,2024,182,0.82781285,0.02751988,0.98741553
fashion_mnist,random_unitary,2024,183,0.83250668,0.02680734,0.98856799
fashion_mnist,random_unitary,2024,184,0.82985816,0.00450797,0.98810648
fashion_mnist,random_unitary,2024,185,0.83092193,0.01203989,1.01603906
fashion_mnist,random_unitary,2024,186,0.82956875,0.05588542,0.98328714
fashion_mnist,random_unitary,2024,187,0.82415225,0.01334778,0.98092401
fashion_mnist,random_unitary,2024,188,0.81478232,0.04881397,1.00462619
fashion_mnist,random_unitary,2024,189,0.82832409,0.04533735,1.01576868
fashion_mnist,random_unitary,2024,190,0.81411663,0.00080839,0.98872832
fashion_mnist,random_unitary,2024,191,0.83341393,0.00943795,1.00972576
fashion_mnist,random_unitary,2024,192,0.82004775,0.00524945,0.98216269
fashion_mnist,random_unitary,2024,193,0.80405281,0.04710787,0.99694638
fashion_mnist,random_unitary,2024,194,0.82632289,0.00062557,1.04209561
fashion_mnist,random_unitary,2024,195,0.8401688,0.0130715,1.02106521
fashion_mnist,random_unitary,2024,196,0.83022319,0.01192858,1.01281763
fashion_mnist,random_unitary,2024,197,0.83175587,0.00082503,0.99773281
fashion_mnist,random_unitary,2024,198,0.8248552,0.04812518,0.99117158
fashion_mnist,random_unitary,2024,199,0.82805409,0.02994939,1.00170958
fashion_mnist,random_unitary,2024,200,0.82435555,0.00125431,0.99307714
fashion_mnist,random_unitary,2024,201,0.82625532,0.04008905,0.99483626
fashion_mnist,random_unitary,2024,202,0.82497747,0.05283884,0.99892301
fashion_mnist,random_unitary,2024,203,0.82210021,0.01514505,1.00698604
fashion_mnist,random_unitary,2024,204,0.82896048,0.0505516,1.03017736
fashion_mnist,random_unitary,2024,205,0.81234996,0.03441962,1.01205835
fashion_mnist,random_unitary,2024,206,0.81995363,0.00635117,1.00074741
fashion_mnist,random_unitary,2024,207,0.81642692,0.01856992,0.99885413
fashion_mnist,random_unitary,2024,208,0.82426064,0.01326783,0.99159647
fashion_mnist,random_unitary,2024,209,0.82341329,0.10043775,1.00163301
fashion_mnist,random_unitary,2024,210,0.82801226,0.0108153,1.00825608
fashion_mnist,random_unitary,2024,211,0.82373774,0.02784419,0.99226971
fashion_mnist,random_unitary,2024,212,0.81889371,0.10162487,1.00892827
fashion_mnist,random_unitary,2024,213,0.82845362,0.00337963,0.97506151
fashion_mnist,random_unitary,2024,214,0.82390953,0.0103741,0.9858115
fashion_mnist,random_unitary,2024,215,0.8329395,0.00214393,1.00868625
fashion_mnist,random_unitary,2024,216,0.81689863,0.01256587,1.01428666
fashion_mnist,random_unitary,2024,217,0.83174624,0.03803924,1.00531693
fashion_mnist,random_unitary,2024,218,0.82473344,0.02542871,0.99909425
fashion_mnist,random_unitary,2024,219,0.8181922,0.01017278,0.98171138
fashion_mnist,random_unitary,2024,220,0.8150416,0.00553273,1.01924517
fashion_mnist,random_unitary,2024,221,0.81399287,0.01959582,0.98318445
fashion_mnist,random_unitary,2024,222,0.8210276,0.04969451,1.02153881
fashion_mnist,random_unitary,2024,223,0.82557157,0.06422923,0.99105694
fashion_mnist,random_unitary,2024,224,0.82252572,0.05785883,0.99039319
fashion_mnist,random_unitary,2024,225,0.82192255,0.06692564,0.98898208
fashion_mnist,random_unitary,2024,226,0.80821865,0.06078974,1.04857299
fashion_mnist,random_unitary,2024,227,0.82261425,0.13065285,0.98166844
fashion_mnist,random_unitary,2024,228,0.82385005,0.02922695,1.00441034
fashion_mnist,random_unitary,2024,229,0.81825578,0.08503123,0.99380784
fashion_mnist,random_unitary,2024,230,0.82070878,0.02398574,0.9870105
fashion_mnist,random_unitary,2024,231,0.81742552,0.05171449,0.98179059
fashion_mnist,random_unitary,2024,232,0.81758959,0.14790116,0.9900724
fashion_mnist,random_unitary,2024,233,0.81409831,0.01826322,0.99759595
fashion_mnist,random_unitary,2024,234,0.81330873,0.07786559,1.025909
fashion_mnist,random_unitary,2024,235,0.82210783,0.09342499,0.99912458
fashion_mnist,random_unitary,2024,236,0.81055014,0.05013191,0.97026444
fashion_mnist,random_unitary,2024,237,0.81555907,0.00288816,1.00888404
fashion_mnist,random_unitary,2024,238,0.83215274,0.00310988,1.00386802
fashion_mnist,random_unitary,2024,239,0.82232522,0.05705796,0.97546537
fashion_mnist,random_unitary,2024,240,0.81464558,0.02077663,0.99960763
fashion_mnist,random_unitary,2024,241,0.81702412,0.01810302,0.99448431
fashion_mnist,random_unitary,2024,242,0.82703974,0.03976432,0.99821512
fashion_mnist,random_unitary,2024,243,0.81362125,0.00020662,1.00410312
fashion_mnist,random_unitary,2024,244,0.81743281,0.00420623,0.98802182
fashion_mnist,random_unitary,2024,245,0.82666185,0.08324636,0.99392279
fashion_mnist,random_unitary,2024,246,0.82250435,0.02402507,0.99931326
fashion_mnist,random_unitary,2024,247,0.81610838,0.02837442,0.99241856
fashion_mnist,random_unitary,2024,248,0.82236062,0.03500109,1.00981239
fashion_mnist,random_unitary,2024,249,0.81741788,0.14071585,0.99065147
fashion_mnist,random_unitary,2024,250,0.82873828,0.09059354,0.99615085
fashion_mnist,random_unitary,2024,251,0.81780543,0.08761013,1.02618915
fashion_mnist,random_unitary,2024,252,0.81287165,0.04491186,1.00616389
fashion_mnist,random_unitary,2024,253,0.81457848,0.10280466,1.02062186
fashion_mnist,random_unitary,2024,254,0.8211693,0.10973567,1.00860506
fashion_mnist,random_unitary,2024,255,0.8280846,0.02316537,0.98875786
fashion_mnist,random_unitary,2024,256,0.81858361,0.06575781,1.00640875
fashion_mnist,random_unitary,2024,257,0.81980851,0.03976991,0.98273699
fashion_mnist,random_unitary,2024,258,0.81723856,0.02380662,0.99119431
fashion_mnist,random_unitary,2024,259,0.82060634,0.03823225,0.99710799
fashion_mnist,random_unitary,2024,260,0.81324604,0.01514091,1.01219062
fashion_mnist,random_unitary,2024,261,0.82336731,0.08354545,0.9966373
fashion_mnist,random_unitary,2024,262,0.83057981,0.01761172,0.98910393
fashion_mnist,random_unitary,2024,263,0.82267885,0.0226128,0.99528337
fashion_mnist,random_unitary,2024,264,0.81710295,0.07036501,1.015239
fashion_mnist,random_unitary,2024,265,0.82834068,0.10637124,0.99053904
fashion_mnist,random_unitary,2024,266,0.82312184,0.00303385,1.01167775
fashion_mnist,random_unitary,2024,267,0.83087519,5.389e-05,1.00027719
fashion_mnist,random_unitary,2024,268,0.82414374,0.01066582,1.00909493
fashion_mnist,random_unitary,2024,269,0.82560149,0.03491172,1.01729877
fashion_mnist,random_unitary,2024,270,0.81867303,0.03603272,1.01149974
fashion_mnist,random_unitary,2024,271,0.80699687,0.03324631,1.00992159
fashion_mnist,random_unitary,2024,272,0.82757184,0.01280433,1.02555658
fashion_mnist,random_unitary,2024,273,0.82624933,0.13654526,1.00477873
fashion_mnist,random_unitary,2024,274,0.82989481,0.06526642,1.00634527
fashion_mnist,random_unitary,2024,275,0.8133029,0.03558552,0.99473429
fashion_mnist,random_unitary,2024,276,0.82049937,0.01290058,0.99333829
fashion_mnist,random_unitary,2024,277,0.81538421,0.01580659,0.99307222
fashion_mnist,random_unitary,2024,278,0.83192989,0.03468971,1.01396974
fashion_mnist,random_unitary,2024,279,0.81598241,0.01172789,0.99215701
fashion_mnist,random_unitary,2024,280,0.82184749,0.04698414,0.99067364
fashion_mnist,random_unitary,2024,281,0.82295935,0.0085541,1.00750663
fashion_mnist,random_unitary,2024,282,0.81591425,0.00041739,1.01207887
fashion_mnist,random_unitary,2024,283,0.81958134,0.00752675,0.99242697
fashion_mnist,random_unitary,2024,284,0.81623032,0.05979926,1.00766051
fashion_mnist,random_unitary,2024,285,0.81373026,0.04087361,1.00044789
fashion_mnist,random_unitary,2024,286,0.82433558,0.00108396,0.98665224
fashion_mnist,random_unitary,2024,287,0.82281011,0.10542645,1.02055888
fashion_mnist,random_unitary,2024,288,0.82441754,0.08063303,1.00023768
fashion_mnist,random_unitary,2024,289,0.82694162,0.04567073,0.99265762
fashion_mnist,random_unitary,2024,290,0.83022328,0.03582907,1.01302613
fashion_mnist,random_unitary,2024,291,0.8189402,0.05001377,0.9800303
fashion_mnist,random_unitary,2024,292,0.82190907,0.06385323,1.00909721
fashion_mnist,random_unitary,2024,293,0.81794574,0.03587177,0.95678039
fashion_mnist,random_unitary,2024,294,0.81404289,0.03064181,1.00545263
fashion_mnist,random_unitary,2024,295,0.83077828,0.06945665,0.98888669
fashion_mnist,random_unitary,2024,296,0.81786296,0.05737198,1.0016631
fashion_mnist,random_unitary,2024,297,0.82445662,3.509e-05,0.9708563
fashion_mnist,random_unitary,2024,298,0.82346793,0.02518114,0.98332173
fashion_mnist,random_unitary,2024,299,0.80601213,0.01558713,1.00834184
fashion_mnist,random_unitary,2024,300,0.81265321,0.00461402,0.99054805
fashion_mnist,random_unitary,2024,301,0.82500247,0.01607285,0.98690942
fashion_mnist,random_unitary,2024,302,0.82766693,0.05868737,1.02103475
fashion_mnist,random_unitary,2024,303,0.8245001,0.03159266,0.99859011
fashion_mnist,random_unitary,2024,304,0.8168568,0.06351897,1.02009199
fashion_mnist,random_unitary,2024,305,0.8238224,0.04837067,1.00784165
fashion_mnist,random_unitary,2024,306,0.81652722,0.04062584,1.0068783
fashion_mnist,random_unitary,2024,307,0.81999145,0.07592783,0.98608563
fashion_mnist,random_unitary,2024,308,0.82529032,0.02597638,1.02579856
fashion_mnist,random_unitary,2024,309,0.82248228,0.03138078,1.00609558
fashion_mnist,random_unitary,2024,310,0.81701784,0.10129374,0.99645352
fashion_mnist,random_unitary,2024,311,0.82229709,0.00940392,0.97950638
fashion_mnist,random_unitary,2024,312,0.83055294,0.10040493,0.97588576
fashion_mnist,random_unitary,2024,313,0.81961497,0.00071935,1.00477254
fashion_mnist,random_unitary,2024,314,0.82205421,0.03446922,0.98851706
fashion_mnist,random_unitary,2024,315,0.8112768,0.00701675,1.01398336
fashion_mnist,random_unitary,2024,316,0.82473865,0.02764641,0.97427536
fashion_mnist,random_unitary,2024,317,0.81895883,0.05329884,0.99313468
fashion_mnist,random_unitary,2024,318,0.82365354,0.01228477,0.9941911
fashion_mnist,random_unitary,2024,319,0.80703793,0.02159821,1.03522427
fashion_mnist,random_unitary,2024,320,0.82289149,0.04234751,1.02439496
fashion_mnist,random_unitary,2024,321,0.82279796,0.0025496,1.01762368
fashion_mnist,random_unitary,2024,322,0.82431371,0.00417013,0.99625203
fashion_mnist,random_unitary,2024,323,0.81774122,0.02815465,1.00504077
fashion_mnist,random_unitary,2024,324,0.82533795,0.02969629,0.9751455
fashion_mnist,random_unitary,2024,325,0.81105615,0.02110371,1.00009482
fashion_mnist,random_unitary,2024,326,0.82613535,0.02796609,1.01045872
fashion_mnist,random_unitary,2024,327,0.82703805,0.0516701,1.00427437
fashion_mnist,random_unitary,2024,328,0.81193399,0.01473499,0.99522321
fashion_mnist,random_unitary,2024,329,0.82569472,0.01483856,0.99814022
fashion_mnist,random_unitary,2024,330,0.81304459,0.04423329,1.0088736
fashion_mnist,random_unitary,2024,331,0.81838084,0.0268199,0.99375508
fashion_mnist,random_unitary,2024,332,0.83028378,0.06782064,1.02986795
fashion_mnist,random_unitary,2024,333,0.81837377,0.08570129,1.02275318
fashion_mnist,random_unitary,2024,334,0.8267013,0.03274108,0.99754824
fashion_mnist,random_unitary,2024,335,0.82696846,0.00706794,0.99883148
fashion_mnist,random_unitary,2024,336,0.82653828,0.07624116,1.01319821
fashion_mnist,random_unitary,2024,337,0.83277551,0.01188922,1.00309007
fashion_mnist,random_unitary,2024,338,0.81896549,0.03293731,0.99878636
fashion_mnist,random_unitary,2024,339,0.81193268,0.0213125,0.98931807
fashion_mnist,random_unitary,2024,340,0.8292325,0.02789017,1.00807669
fashion_mnist,random_unitary,2024,341,0.82591223,0.02587262,0.99785055
fashion_mnist,random_unitary,2024,342,0.81557306,0.03264163,1.01160802
fashion_mnist,random_unitary,2024,343,0.82456179,0.03065024,1.00930989
fashion_mnist,random_unitary,2024,344,0.81887412,0.021939,0.99103879
fashion_mnist,random_unitary,2024,345,0.81850897,0.04355529,1.02837533
fashion_mnist,random_unitary,2024,346,0.82850899,0.02300258,0.99490336
fashion_mnist,random_unitary,2024,347,0.82630083,0.03305909,0.99258846
fashion_mnist,random_unitary,2024,348,0.83059178,0.07440494,1.01510876
fashion_mnist,random_unitary,2024,349,0.81890757,0.00551985,1.01949597
fashion_mnist,random_unitary,2024,350,0.83493714,0.04509324,0.97628839
fashion_mnist,random_unitary,2024,351,0.82119567,0.07140072,0.99941773
fashion_mnist,random_unitary,2024,352,0.81846064,0.03344771,0.99549059
fashion_mnist,random_unitary,2024,353,0.82441975,0.00780195,0.99454853
fashion_mnist,random_unitary,2024,354,0.8220095,0.03536144,0.98334882
fashion_mnist,random_unitary,2024,355,0.82533411,0.01979159,0.99497392
fashion_mnist,random_unitary,2024,356,0.82209015,0.0366839,1.01781861
fashion_mnist,random_unitary,2024,357,0.81896075,0.05866103,0.99580443
fashion_mnist,random_unitary,2024,358,0.82049387,0.01188931,0.9764362
fashion_mnist,random_unitary,2024,359,0.82328631,0.04006643,0.98280893
fashion_mnist,random_unitary,2024,360,0.82575048,0.02331789,0.97459174
fashion_mnist,random_unitary,2024,361,0.82130124,0.01539413,0.98895355
fashion_mnist,random_unitary,2024,362,0.81473065,0.10764281,1.0038669
fashion_mnist,random_unitary,2024,363,0.81838898,0.0329459,0.99370564
fashion_mnist,random_unitary,2024,364,0.82283479,0.03176612,1.00635617
fashion_mnist,random_unitary,2024,365,0.82063224,0.00966134,1.00525791
fashion_mnist,random_unitary,2024,366,0.81643557,0.03928357,1.00208557
fashion_mnist,random_unitary,2024,367,0.81903135,0.01104365,1.00896166
fashion_mnist,random_unitary,2024,368,0.8141663,0.01262541,1.01572007
fashion_mnist,random_unitary,2024,369,0.82434003,0.00837417,1.01895788
fashion_mnist,random_unitary,2024,370,0.82518121,0.0177437,0.99984148
fashion_mnist,random_unitary,2024,371,0.8179832,0.0934322,0.99821909
fashion_mnist,random_unitary,2024,372,0.83342712,0.10210564,1.00801644
fashion_mnist,random_unitary,2024,373,0.81825562,0.02586108,0.9906315
fashion_mnist,random_unitary,2024,374,0.82877207,0.04100926,1.00734022
fashion_mnist,random_unitary,2024,375,0.81768066,0.01163994,0.99606888
fashion_mnist,random_unitary,2024,376,0.82462248,0.00607032,1.00629657
fashion_mnist,random_unitary,2024,377,0.82268529,0.01920931,1.00222307
fashion_mnist,random_unitary,2024,378,0.82345831,0.08404978,1.01889054
fashion_mnist,random_unitary,2024,379,0.81494346,0.09727566,0.99347674
fashion_mnist,random_unitary,2024,380,0.81846015,0.04195936,0.9864613
fashion_mnist,random_unitary,2024,381,0.83533156,0.10392983,0.98606717
fashion_mnist,random_unitary,2024,382,0.82678808,0.01691762,1.02695543
fashion_mnist,random_unitary,2024,383,0.81821059,0.0478242,1.00774952
fashion_mnist,random_unitary,2024,384,0.81910854,0.06766624,1.01081194
fashion_mnist,random_unitary,2024,385,0.81581844,0.02042193,1.00631362
fashion_mnist,random_unitary,2024,386,0.81514989,0.0125303,1.02418797
fashion_mnist,random_unitary,2024,387,0.81875794,0.0344813,1.03957336
fashion_mnist,random_unitary,2024,388,0.81350296,0.06306701,0.99782528
fashion_mnist,random_unitary,2024,389,0.81944741,0.01468507,0.9956747
fashion_mnist,random_unitary,2024,390,0.82314224,0.01926114,1.01228921
fashion_mnist,random_unitary,2024,391,0.83328876,0.04541169,0.98126563
fashion_mnist,random_unitary,2024,392,0.82017918,0.08206067,0.99069837
fashion_mnist,random_unitary,2024,393,0.83534261,0.05305038,0.9885901
fashion_mnist,random_unitary,2024,394,0.82586615,0.06096368,0.98631981
fashion_mnist,random_unitary,2024,395,0.82301521,0.11420786,1.01050796
fashion_mnist,random_unitary,2024,396,0.82463225,0.02990445,1.01361524
fashion_mnist,random_unitary,2024,397,0.82775484,0.00090168,1.00071211
fashion_mnist,random_unitary,2024,398,0.81512545,0.03824382,0.98949209
fashion_mnist,random_unitary,2024,399,0.8224049,0.01295488,1.0193555
fashion_mnist,random_unitary,2024,400,0.82615161,0.02010946,0.98728335
fashion_mnist,random_unitary,2024,401,0.80916734,0.01858109,1.00537929
fashion_mnist,random_unitary,2024,402,0.84144132,0.01595373,0.98724314
fashion_mnist,random_unitary,2024,403,0.82363746,0.02129862,1.0006385
fashion_mnist,random_unitary,2024,404,0.82197579,0.02834508,0.99840223
fashion_mnist,random_unitary,2024,405,0.82310017,0.04814264,0.97688645
fashion_mnist,random_unitary,2024,406,0.82191008,0.05926655,0.9711704
fashion_mnist,random_unitary,2024,407,0.83252651,0.10406758,0.97870437
fashion_mnist,random_unitary,2024,408,0.81665185,0.01054999,0.99596734
fashion_mnist,random_unitary,2024,409,0.82433995,0.04589421,1.01619751
fashion_mnist,random_unitary,2024,410,0.83029487,0.04796329,0.98450778
fashion_mnist,random_unitary,2024,411,0.82089842,0.06429244,0.99724874
fashion_mnist,random_unitary,2024,412,0.81638034,0.04636381,1.02612934
fashion_mnist,random_unitary,2024,413,0.80290452,0.06522802,1.01465182
fashion_mnist,random_unitary,2024,414,0.82260217,0.0123792,1.00155106
fashion_mnist,random_unitary,2024,415,0.82353681,0.02997661,1.00595139
fashion_mnist,random_unitary,2024,416,0.82419341,0.09009288,1.02665577
fashion_mnist,random_unitary,2024,417,0.8294454,0.05569259,1.0031756
fashion_mnist,random_unitary,2024,418,0.81684098,0.03841025,1.00075769
fashion_mnist,random_unitary,2024,419,0.82046487,0.01652193,1.01238066
fashion_mnist,random_unitary,2024,420,0.82431983,0.05298359,0.99184035
fashion_mnist,random_unitary,2024,421,0.82833899,0.09055949,0.9967281
fashion_mnist,random_unitary,2024,422,0.81986451,0.04388721,0.9905028
fashion_mnist,random_unitary,2024,423,0.83081767,0.03337208,1.00364401
fashion_mnist,random_unitary,2024,424,0.82621959,0.00037241,0.9977787
fashion_mnist,random_unitary,2024,425,0.81876624,0.03717835,0.97653864
fashion_mnist,random_unitary,2024,426,0.82366046,0.00569455,1.00903582
fashion_mnist,random_unitary,2024,427,0.80990649,0.01009084,0.99019198
fashion_mnist,random_unitary,2024,428,0.8269934,0.13180997,1.00137136
fashion_mnist,random_unitary,2024,429,0.82168848,0.08480976,1.00289509
fashion_mnist,random_unitary,2024,430,0.81823609,0.01966403,1.00617638
fashion_mnist,random_unitary,2024,431,0.82569363,0.02265171,1.0051106
fashion_mnist,random_unitary,2024,432,0.82356582,0.07335738,1.00612627
fashion_mnist,random_unitary,2024,433,0.82727423,0.04978829,0.97758377
fashion_mnist,random_unitary,2024,434,0.81543291,0.06652821,0.98837086
fashion_mnist,random_unitary,2024,435,0.81664619,0.08316987,1.00270269
fashion_mnist,random_unitary,2024,436,0.82960057,0.01661565,0.99860373
fashion_mnist,random_unitary,2024,437,0.82779011,0.02953577,0.98639618
fashion_mnist,random_unitary,2024,438,0.8146991,0.02242245,0.97595723
fashion_mnist,random_unitary,2024,439,0.81319459,0.03727046,1.01722171
fashion_mnist,random_unitary,2024,440,0.8275884,0.00771179,0.998903
fashion_mnist,random_unitary,2024,441,0.82399057,0.01127925,1.02005631
fashion_mnist,random_unitary,2024,442,0.82545295,0.0119345,0.9856846
fashion_mnist,random_unitary,2024,443,0.81478971,0.03357983,1.00318886
fashion_mnist,random_unitary,2024,444,0.81973599,0.05115129,1.01442293
fashion_mnist,random_unitary,2024,445,0.81430361,0.04218199,0.9824381
fashion_mnist,random_unitary,2024,446,0.81783247,0.1034667,0.99533971
fashion_mnist,random_unitary,2024,447,0.82676404,0.11575413,1.0009592
fashion_mnist,random_unitary,2024,448,0.823177,0.07216859,0.9805521
fashion_mnist,random_unitary,2024,449,0.81820532,0.03237489,1.01696976
fashion_mnist,random_unitary,2024,450,0.82779456,0.05407923,1.00047427
fashion_mnist,random_unitary,2024,451,0.82104599,0.00229204,1.0001291
fashion_mnist,random_unitary,2024,452,0.83356795,0.01043723,0.99342207
fashion_mnist,random_unitary,2024,453,0.82123261,0.02234985,0.98313
fashion_mnist,random_unitary,2024,454,0.81648268,0.079335,0.99479709
fashion_mnist,random_unitary,2024,455,0.81532495,0.04079463,1.00040594
fashion_mnist,random_unitary,2024,456,0.82073159,0.01996316,1.02379937
fashion_mnist,random_unitary,2024,457,0.82548606,0.00507111,0.99985714
fashion_mnist,random_unitary,2024,458,0.82784756,0.04744845,0.98156632
fashion_mnist,random_unitary,2024,459,0.82277065,0.08632361,0.99275801
fashion_mnist,random_unitary,2024,460,0.81896347,0.05028927,1.00481168
fashion_mnist,random_unitary,2024,461,0.82176338,0.00359183,0.9997875
fashion_mnist,random_unitary,2024,462,0.81971976,0.02578902,1.01507383
fashion_mnist,random_unitary,2024,463,0.82575209,0.02189382,1.00923486
fashion_mnist,random_unitary,2024,464,0.82182215,0.05254634,1.02093275
fashion_mnist,random_unitary,2024,465,0.82791503,0.00581067,1.03139911
fashion_mnist,random_unitary,2024,466,0.82279624,0.09560725,1.01399421
fashion_mnist,random_unitary,2024,467,0.83185628,0.03047017,0.98812416
fashion_mnist,random_unitary,2024,468,0.81589462,0.04105316,1.00692987
fashion_mnist,random_unitary,2024,469,0.8134725,0.00889605,1.00903751
fashion_mnist,random_unitary,2024,470,0.81960292,0.06047362,1.02314451
fashion_mnist,random_unitary,2024,471,0.82427138,0.01624177,0.99995472
fashion_mnist,random_unitary,2024,472,0.82628274,0.03464199,0.99524714
fashion_mnist,random_unitary,2024,473,0.82561277,0.0454551,1.01323773
fashion_mnist,random_unitary,2024,474,0.83066625,0.00566357,1.00130157
fashion_mnist,random_unitary,2024,475,0.82561801,0.00798226,1.01065513
fashion_mnist,random_unitary,2024,476,0.82513221,0.0226057,1.0046196
fashion_mnist,random_unitary,2024,477,0.81174567,0.04101811,1.02896494
fashion_mnist,random_unitary,2024,478,0.82515493,0.01905207,0.99368269
fashion_mnist,random_unitary,2024,479,0.81969365,0.02705867,1.01495685
fashion_mnist,random_unitary,2024,480,0.8251156,0.12083774,0.99054217
fashion_mnist,random_unitary,2024,481,0.81499485,0.062898,1.02584368
fashion_mnist,random_unitary,2024,482,0.82008503,0.03614562,0.97857576
fashion_mnist,random_unitary,2024,483,0.82293576,0.05740068,0.99496017
fashion_mnist,random_unitary,2024,484,0.81142826,0.07793926,1.00553384
fashion_mnist,random_unitary,2024,485,0.81781568,0.08177353,0.97601676
fashion_mnist,random_unitary,2024,486,0.82393816,0.05767273,0.98728676
fashion_mnist,random_unitary,2024,487,0.8272919,0.09349559,0.99223739
fashion_mnist,random_unitary,2024,488,0.82476152,0.074676,0.98585748
fashion_mnist,random_unitary,2024,489,0.81809411,0.0290553,1.00669115
fashion_mnist,random_unitary,2024,490,0.82543025,0.10192073,1.00001875
fashion_mnist,random_unitary,2024,491,0.82087673,0.10293048,0.99509715
fashion_mnist,random_unitary,2024,492,0.82494081,0.04494293,0.98935097
fashion_mnist,random_unitary,2024,493,0.82557803,0.03129332,0.98935292
fashion_mnist,random_unitary,2024,494,0.8240051,0.05087883,1.02265082
fashion_mnist,random_unitary,2024,495,0.8187946,0.08536451,0.98568568
fashion_mnist,random_unitary,2024,496,0.81786785,0.00679576,1.00768724
fashion_mnist,random_unitary,2024,497,0.81999751,0.00971172,0.98544822
fashion_mnist,random_unitary,2024,498,0.81523877,0.08619235,1.01793
fashion_mnist,random_unitary,2024,499,0.83013521,0.00205487,1.02196746
fashion_mnist,random_unitary,2024,500,0.8281859,0.03819658,1.01475636
fashion_mnist,random_unitary,2024,501,0.81876524,0.12003518,0.97759484
fashion_mnist,random_unitary,2024,502,0.8277131,0.00688007,1.00392297
fashion_mnist,random_unitary,2024,503,0.82370048,0.05370036,0.99479712
fashion_mnist,random_unitary,2024,504,0.80852455,0.05615601,1.00052177
fashion_mnist,random_unitary,2024,505,0.817665,0.01995482,1.01296646
fashion_mnist,random_unitary,2024,506,0.81873168,0.05940857,0.98257505
fashion_mnist,random_unitary,2024,507,0.82834015,0.00710699,1.00886543
fashion_mnist,random_unitary,2024,508,0.82956209,0.05029265,0.99037302
fashion_mnist,random_unitary,2024,509,0.82533755,0.03044353,0.99308645
fashion_mnist,random_unitary,2024,510,0.81905903,0.03346172,0.98596851
fashion_mnist,random_unitary,2024,511,0.83383754,0.01280379,0.99672236
fashion_mnist,random_unitary,2024,512,0.81523438,0.04359389,0.98279633
fashion_mnist,random_unitary,2024,513,0.81336896,0.01394945,1.00873676
fashion_mnist,random_unitary,2024,514,0.82061519,0.02402801,0.98194634
fashion_mnist,random_unitary,2024,515,0.8325901,0.00292772,0.98694073
fashion_mnist,random_unitary,2024,516,0.82925859,0.03050107,1.00372701
fashion_mnist,random_unitary,2024,517,0.81996139,0.06606953,0.98831499
fashion_mnist,random_unitary,2024,518,0.80990348,0.00064735,0.98474985
fashion_mnist,random_unitary,2024,519,0.81711203,0.10272916,1.01913374
fashion_mnist,random_unitary,2024,520,0.81781905,0.02191565,1.00565198
fashion_mnist,random_unitary,2024,521,0.82623167,0.00129321,0.98487094
fashion_mnist,random_unitary,2024,522,0.82101455,0.03790588,1.00314986
fashion_mnist,random_unitary,2024,523,0.82047135,0.04925178,1.00445589
fashion_mnist,random_unitary,2024,524,0.81568659,0.03102967,0.98167588
fashion_mnist,random_unitary,2024,525,0.81976,0.0497651,0.98464332
fashion_mnist,random_unitary,2024,526,0.8262073,0.00087622,0.9887828
fashion_mnist,random_unitary,2024,527,0.81929403,0.05036184,1.01278571
fashion_mnist,random_unitary,2024,528,0.8134237,0.02376096,0.9724615
fashion_mnist,random_unitary,2024,529,0.81927506,0.1264261,0.98305678
fashion_mnist,random_unitary,2024,530,0.81940298,0.00579526,0.99904096
fashion_mnist,random_unitary,2024,531,0.8219129,0.02053029,0.99852109
fashion_mnist,random_unitary,2024,532,0.82315764,0.01651692,0.98758692
fashion_mnist,random_unitary,2024,533,0.82139127,0.04244882,0.97605135
fashion_mnist,random_unitary,2024,534,0.82898528,0.03548172,1.00452706
fashion_mnist,random_unitary,2024,535,0.83142692,0.11177503,0.99638015
fashion_mnist,random_unitary,2024,536,0.81901145,0.02901592,0.98880024
fashion_mnist,random_unitary,2024,537,0.82290111,0.07211997,1.00567995
fashion_mnist,random_unitary,2024,538,0.82090945,0.02963713,1.00799591
fashion_mnist,random_unitary,2024,539,0.81337079,0.0123127,1.02230725
fashion_mnist,random_unitary,2024,540,0.82800553,0.06790877,0.97727176
fashion_mnist,random_unitary,2024,541,0.82106687,0.11643673,1.00111863
fashion_mnist,random_unitary,2024,542,0.82235453,0.05150539,0.97490049
fashion_mnist,random_unitary,2024,543,0.82343557,0.02299517,1.00742442
fashion_mnist,random_unitary,2024,544,0.82757086,0.0988992,0.99448903
fashion_mnist,random_unitary,2024,545,0.82485263,0.06105022,0.98550597
fashion_mnist,random_unitary,2024,546,0.82070626,0.04029914,0.99713404
fashion_mnist,random_unitary,2024,547,0.83197651,0.02934688,1.01456097
fashion_mnist,random_unitary,2024,548,0.82059732,0.04185388,0.98981886
fashion_mnist,random_unitary,2024,549,0.82084956,0.10392732,1.00276642
fashion_mnist,random_unitary,2024,550,0.82274457,0.03649922,0.99922659
fashion_mnist,random_unitary,2024,551,0.82696377,0.01574317,0.99558128
fashion_mnist,random_unitary,2024,552,0.82209181,0.00361365,0.99604491
fashion_mnist,random_unitary,2024,553,0.83740459,0.07302667,1.00462972
fashion_mnist,random_unitary,2024,554,0.8177099,0.01449515,1.00989217
fashion_mnist,random_unitary,2024,555,0.8158961,0.06257252,1.02766581
fashion_mnist,random_unitary,2024,556,0.82892404,0.01493378,1.00675222
fashion_mnist,random_unitary,2024,557,0.82607781,0.04087567,1.00722474
fashion_mnist,random_unitary,2024,558,0.81634491,0.04507245,0.99838789
fashion_mnist,random_unitary,2024,559,0.82631473,0.01091697,1.00376849
fashion_mnist,random_unitary,2024,560,0.82067047,0.06985869,1.01237594
fashion_mnist,random_unitary,2024,561,0.81762135,0.01707109,0.99964611
fashion_mnist,random_unitary,2024,562,0.81719519,0.02624928,0.99094164
fashion_mnist,random_unitary,2024,563,0.82582267,0.01569688,1.00553131
fashion_mnist,random_unitary,2024,564,0.82538817,0.04799101,1.00390717
fashion_mnist,random_unitary,2024,565,0.81550574,0.0077976,0.99987654
fashion_mnist,random_unitary,2024,566,0.83145042,0.06099293,1.00954907
fashion_mnist,random_unitary,2024,567,0.82399104,0.01469813,1.01497337
fashion_mnist,random_unitary,2024,568,0.81595168,0.07877326,0.99652835
fashion_mnist,random_unitary,2024,569,0.81530438,0.00679808,1.01906157
fashion_mnist,random_unitary,2024,570,0.81729773,0.02404148,1.01804111
fashion_mnist,random_unitary,2024,571,0.82441375,0.03493494,1.00190407
fashion_mnist,random_unitary,2024,572,0.82357441,0.04989897,1.0099498
fashion_mnist,random_unitary,2024,573,0.82640126,0.07503955,0.99328919
fashion_mnist,random_unitary,2024,574,0.82137657,0.00370891,1.01989132
fashion_mnist,random_unitary,2024,575,0.80846609,0.02946689,0.99594555
fashion_mnist,random_unitary,2024,576,0.81812061,0.09684884,1.00637034
fashion_mnist,random_unitary,2024,577,0.81741072,0.00148056,1.00525543
fashion_mnist,random_unitary,2024,578,0.8193995,0.01429551,0.9788653
fashion_mnist,random_unitary,2024,579,0.83474055,0.06499623,1.00364411
fashion_mnist,random_unitary,2024,580,0.83341049,0.02932099,0.99649776
fashion_mnist,random_unitary,2024,581,0.82812449,0.05707232,1.00169069
fashion_mnist,random_unitary,2024,582,0.81852911,0.0240262,1.00111467
fashion_mnist,random_unitary,2024,583,0.8318468,0.02193092,1.01636169
fashion_mnist,random_unitary,2024,584,0.82475389,0.05140777,1.01852614
fashion_mnist,random_unitary,2024,585,0.8281287,0.07776654,0.9934469
fashion_mnist,random_unitary,2024,586,0.82650172,0.02268875,1.01144938
fashion_mnist,random_unitary,2024,587,0.81444023,0.11610125,0.99875973
fashion_mnist,random_unitary,2024,588,0.82136054,0.0863345,0.99486029
fashion_mnist,random_unitary,2024,589,0.81543564,0.05211228,1.03966737
fashion_mnist,random_unitary,2024,590,0.82092523,0.02969714,0.99944224
fashion_mnist,random_unitary,2024,591,0.82356367,0.01168274,0.98587436
fashion_mnist,random_unitary,2024,592,0.81677186,0.03421601,1.01110234
fashion_mnist,random_unitary,2024,593,0.82112946,0.03132287,1.00893023
fashion_mnist,random_unitary,2024,594,0.82226167,0.04865367,0.99301008
fashion_mnist,random_unitary,2024,595,0.8253772,0.00790367,1.01928446
fashion_mnist,random_unitary,2024,596,0.82831398,0.02797975,1.01358065
fashion_mnist,random_unitary,2024,597,0.82186492,0.03630607,1.01443892
fashion_mnist,random_unitary,2024,598,0.81842339,0.04568072,1.00065457
fashion_mnist,random_unitary,2024,599,0.83090546,0.01202635,1.0007176
fashion_mnist,random_unitary,2024,600,0.8158999,0.02647062,0.98566083
fashion_mnist,random_unitary,2024,601,0.82794391,0.0210337,1.00174829
fashion_mnist,random_unitary,2024,602,0.8217712,0.07133702,0.99874048
fashion_mnist,random_unitary,2024,603,0.82420743,0.05321301,1.01191308
fashion_mnist,random_unitary,2024,604,0.82670062,0.01047338,1.00400017
fashion_mnist,random_unitary,2024,605,0.83554096,0.04239407,0.98489834
fashion_mnist,random_unitary,2024,606,0.82099077,0.01009786,1.00941746
fashion_mnist,random_unitary,2024,607,0.81276514,0.00106838,1.00911102
fashion_mnist,random_unitary,2024,608,0.82241811,0.01688798,0.99324141
fashion_mnist,random_unitary,2024,609,0.83209979,0.0392301,0.97342796
fashion_mnist,random_unitary,2024,610,0.83084954,0.07918742,1.00898711
fashion_mnist,random_unitary,2024,611,0.82410906,0.03116884,0.99298462
fashion_mnist,random_unitary,2024,612,0.81549527,0.06418673,1.01024638
fashion_mnist,random_unitary,2024,613,0.81793352,0.06324557,1.01442545
fashion_mnist,random_unitary,2024,614,0.81986275,0.06123482,0.99548851
fashion_mnist,random_unitary,2024,615,0.82578421,0.04061433,1.00854004
fashion_mnist,random_unitary,2024,616,0.81722209,0.01880709,0.99298584
fashion_mnist,random_unitary,2024,617,0.81954832,0.0773724,0.9892694
fashion_mnist,random_unitary,2024,618,0.81680847,0.1050364,1.0116962
fashion_mnist,random_unitary,2024,619,0.83575359,0.01991382,1.00776209
fashion_mnist,random_unitary,2024,620,0.82195469,0.06160778,1.01553731
fashion_mnist,random_unitary,2024,621,0.82475971,0.00402549,0.99186767
fashion_mnist,random_unitary,2024,622,0.81660663,0.00541385,1.01966917
fashion_mnist,random_unitary,2024,623,0.82388779,0.01238113,0.99977635
fashion_mnist,random_unitary,2024,624,0.81930831,0.00220174,1.00326732
fashion_mnist,random_unitary,2024,625,0.82559113,0.01464534,0.99912447
fashion_mnist,random_unitary,2024,626,0.81603191,0.05000833,0.9856333
fashion_mnist,random_unitary,2024,627,0.82915496,0.01408713,1.02000767
fashion_mnist,random_unitary,2024,628,0.82608594,0.06354231,1.00262791
fashion_mnist,random_unitary,2024,629,0.82456946,0.07742698,1.01086967
fashion_mnist,random_unitary,2024,630,0.82566523,0.02062918,1.0229589
fashion_mnist,random_unitary,2024,631,0.82281695,0.03694525,0.99650138
fashion_mnist,random_unitary,2024,632,0.81808214,0.02637932,1.03231687
fashion_mnist,random_unitary,2024,633,0.81529288,0.01593272,1.00948363
fashion_mnist,random_unitary,2024,634,0.82374039,0.07258821,1.00187593
fashion_mnist,random_unitary,2024,635,0.82643812,0.04334449,0.97986126
fashion_mnist,random_unitary,2024,636,0.82853272,0.11177677,1.01500692
fashion_mnist,random_unitary,2024,637,0.82963911,0.00026073,0.98466674
fashion_mnist,random_unitary,2024,638,0.82035796,0.03684153,0.99702192
fashion_mnist,random_unitary,2024,639,0.82287217,0.0066803,1.01851748
fashion_mnist,random_unitary,2024,640,0.8274158,0.00081099,1.009037
fashion_mnist,random_unitary,2024,641,0.82765123,0.02589662,0.98731752
fashion_mnist,random_unitary,2024,642,0.81686905,0.04965943,0.97309866
fashion_mnist,random_unitary,2024,643,0.81922966,0.01282669,1.01703369
fashion_mnist,random_unitary,2024,644,0.8257481,0.04474858,1.00863461
fashion_mnist,random_unitary,2024,645,0.82439165,0.00391633,1.01304628
fashion_mnist,random_unitary,2024,646,0.81851469,0.00181253,0.99427723
fashion_mnist,random_unitary,2024,647,0.81236438,0.00424573,1.00291319
fashion_mnist,random_unitary,2024,648,0.8198521,0.00033088,1.00198856
fashion_mnist,random_unitary,2024,649,0.82402247,0.12141421,0.98890478
fashion_mnist,random_unitary,2024,650,0.8255588,0.00026531,0.99065881
fashion_mnist,random_unitary,2024,651,0.82128741,0.05954079,1.016527
fashion_mnist,random_unitary,2024,652,0.82464545,0.04883643,1.01560525
fashion_mnist,random_unitary,2024,653,0.82518135,0.02217771,1.00536036
fashion_mnist,random_unitary,2024,654,0.82753688,0.09737183,1.00525154
fashion_mnist,random_unitary,2024,655,0.82343221,0.03351121,0.97019609
fashion_mnist,random_unitary,2024,656,0.83011359,0.05897381,0.9942021
fashion_mnist,random_unitary,2024,657,0.82675046,0.03754167,0.99440803
fashion_mnist,random_unitary,2024,658,0.80917426,0.01363689,0.98836002
fashion_mnist,random_unitary,2024,659,0.82926526,0.05522919,1.01781887
fashion_mnist,random_unitary,2024,660,0.82866966,0.13945524,0.99478213
fashion_mnist,random_unitary,2024,661,0.82025553,0.06450902,0.99786498
fashion_mnist,random_unitary,2024,662,0.81894232,0.04912774,1.00672458
fashion_mnist,random_unitary,2024,663,0.82220611,0.08860027,1.01949946
fashion_mnist,random_unitary,2024,664,0.82965062,0.02610953,1.01312469
fashion_mnist,random_unitary,2024,665,0.82083067,0.0127588,1.00249587
fashion_mnist,random_unitary,2024,666,0.80628392,0.0146506,0.99755935
fashion_mnist,random_unitary,2024,667,0.81348402,0.00834646,1.00896374
fashion_mnist,random_unitary,2024,668,0.81954285,0.06885251,1.03828872
fashion_mnist,random_unitary,2024,669,0.82991657,0.02177619,0.99350099
fashion_mnist,random_unitary,2024,670,0.82506338,0.0046999,1.00541261
fashion_mnist,random_unitary,2024,671,0.81768354,0.00474148,0.99411548
fashion_mnist,random_unitary,2024,672,0.81642215,0.05539273,0.97597444
fashion_mnist,random_unitary,2024,673,0.82677508,0.09890745,0.97912775
fashion_mnist,random_unitary,2024,674,0.8294857,0.0164281,1.00543057
fashion_mnist,random_unitary,2024,675,0.8275112,0.02961805,1.00666425
fashion_mnist,random_unitary,2024,676,0.82607435,0.02386012,1.01538675
fashion_mnist,random_unitary,2024,677,0.81909184,0.07022347,1.00917206
fashion_mnist,random_unitary,2024,678,0.82832987,0.0001103,0.99545969
fashion_mnist,random_unitary,2024,679,0.82450135,0.00228644,1.01896153
fashion_mnist,random_unitary,2024,680,0.8231795,0.07697807,1.00267152
fashion_mnist,random_unitary,2024,681,0.82206938,0.08994013,1.00363483
fashion_mnist,random_unitary,2024,682,0.80763248,0.05368994,1.0119096
fashion_mnist,random_unitary,2024,683,0.81917343,0.07262282,1.01546937
fashion_mnist,random_unitary,2024,684,0.82291168,0.05301988,1.00240038
fashion_mnist,random_unitary,2024,685,0.81526899,0.02731842,0.98037758
fashion_mnist,random_unitary,2024,686,0.81697738,0.08590321,1.01971114
fashion_mnist,random_unitary,2024,687,0.81695725,0.02596581,1.00573323
fashion_mnist,random_unitary,2024,688,0.82187606,0.04538957,0.99732349
fashion_mnist,random_unitary,2024,689,0.82382064,0.0024725,1.00001732
fashion_mnist,random_unitary,2024,690,0.82865501,0.09059121,0.98903113
fashion_mnist,random_unitary,2024,691,0.82154971,0.06004717,0.98939263
fashion_mnist,random_unitary,2024,692,0.83744426,0.01020329,0.99827124
fashion_mnist,random_unitary,2024,693,0.82422767,0.00429221,0.99238124
fashion_mnist,random_unitary,2024,694,0.81673667,0.03088908,0.99257264
fashion_mnist,random_unitary,2024,695,0.81608523,0.02805596,1.00574906
fashion_mnist,random_unitary,2024,696,0.82231369,0.02788691,1.00369143
fashion_mnist,random_unitary,2024,697,0.81955563,0.01311462,0.99727472
fashion_mnist,random_unitary,2024,698,0.82457233,0.0030886,1.00989291
fashion_mnist,random_unitary,2024,699,0.82661668,0.00933121,1.00558191
fashion_mnist,random_unitary,2024,700,0.8204537,0.07015587,1.00814919
fashion_mnist,random_unitary,2024,701,0.80829337,0.0243852,1.02686109
fashion_mnist,random_unitary,2024,702,0.81409074,0.04316382,1.0047963
fashion_mnist,random_unitary,2024,703,0.82548503,0.02288069,0.99106477
fashion_mnist,random_unitary,2024,704,0.81936639,0.06845781,1.01788543
fashion_mnist,random_unitary,2024,705,0.82814707,0.00277773,1.00694674
fashion_mnist,random_unitary,2024,706,0.81721848,0.05702084,1.00304647
fashion_mnist,random_unitary,2024,707,0.81478066,0.00763993,0.97329809
fashion_mnist,random_unitary,2024,708,0.83226899,0.01136315,1.01478431
fashion_mnist,random_unitary,2024,709,0.82452128,0.06320855,0.98785083
fashion_mnist,random_unitary,2024,710,0.81513149,0.04086589,0.97825806
fashion_mnist,random_unitary,2024,711,0.82883614,0.06899615,1.00225158
fashion_mnist,random_unitary,2024,712,0.82815563,0.06382635,1.04056717
fashion_mnist,random_unitary,2024,713,0.82564134,0.02361466,1.00200536
fashion_mnist,random_unitary,2024,714,0.80866995,0.05960226,1.01401438
fashion_mnist,random_unitary,2024,715,0.82741002,0.07086847,1.03317162
fashion_mnist,random_unitary,2024,716,0.8276591,0.01785381,1.01672042
fashion_mnist,random_unitary,2024,717,0.82120591,0.01612281,1.0032014
fashion_mnist,random_unitary,2024,718,0.83743591,0.02818912,1.01668342
fashion_mnist,random_unitary,2024,719,0.81891402,0.00765938,1.02748719
fashion_mnist,random_unitary,2024,720,0.82995738,0.09470635,0.97816308
fashion_mnist,random_unitary,2024,721,0.83458458,0.09788906,1.00611313
fashion_mnist,random_unitary,2024,722,0.8152532,0.06026865,1.00494671
fashion_mnist,random_unitary,2024,723,0.82887055,0.01676538,0.98712435
fashion_mnist,random_unitary,2024,724,0.82483521,0.0130672,1.0106111
fashion_mnist,random_unitary,2024,725,0.82349797,0.09640836,0.99712235
fashion_mnist,random_unitary,2024,726,0.82503438,0.07965814,0.99723885
fashion_mnist,random_unitary,2024,727,0.81605066,0.02883052,0.97591551
fashion_mnist,random_unitary,2024,728,0.82734828,0.07006513,0.99201809
fashion_mnist,random_unitary,2024,729,0.8212869,0.01389902,1.01075814
fashion_mnist,random_unitary,2024,730,0.82453366,0.07551682,1.02163822
fashion_mnist,random_unitary,2024,731,0.83628386,0.0138807,1.00537042
fashion_mnist,random_unitary,2024,732,0.81478806,0.0886972,1.01023657
fashion_mnist,random_unitary,2024,733,0.81791432,0.00929584,1.01237639
fashion_mnist,random_unitary,2024,734,0.82285915,0.04002778,0.99359646
fashion_mnist,random_unitary,2024,735,0.8243476,0.01230366,0.98479732
fashion_mnist,random_unitary,2024,736,0.8210097,0.00656141,0.99162234
fashion_mnist,random_unitary,2024,737,0.83067116,0.00030857,0.98941936
fashion_mnist,random_unitary,2024,738,0.82233267,0.00791864,0.98855809
fashion_mnist,random_unitary,2024,739,0.81944655,0.05193015,1.00920954
fashion_mnist,random_unitary,2024,740,0.83055012,0.00074413,0.99624243
fashion_mnist,random_unitary,2024,741,0.83084338,0.04398813,0.9793607
fashion_mnist,random_unitary,2024,742,0.82531539,0.02619691,1.00896491
fashion_mnist,random_unitary,2024,743,0.82889178,0.08137545,0.9835615
fashion_mnist,random_unitary,2024,744,0.82682295,0.03313173,1.01304289
fashion_mnist,random_unitary,2024,745,0.82330316,0.06419965,1.0019136
fashion_mnist,random_unitary,2024,746,0.8162902,0.02350438,1.01882897
fashion_mnist,random_unitary,2024,747,0.8197628,0.10318485,1.02125093
fashion_mnist,random_unitary,2024,748,0.82067027,0.00070221,1.01087749
fashion_mnist,random_unitary,2024,749,0.82597563,0.08235461,0.98734188
fashion_mnist,random_unitary,2024,750,0.82483663,0.05191595,1.00130692
fashion_mnist,random_unitary,2024,751,0.81384427,0.0245828,1.00484477
fashion_mnist,random_unitary,2024,752,0.83401404,0.15548928,1.01464111
fashion_mnist,random_unitary,2024,753,0.8267517,0.0335964,1.00762352
fashion_mnist,random_unitary,2024,754,0.82376728,0.04187079,1.01360975
fashion_mnist,random_unitary,2024,755,0.81941896,0.02896696,0.98601105
fashion_mnist,random_unitary,2024,756,0.81947539,0.05678947,0.9997162
fashion_mnist,random_unitary,2024,757,0.82236917,0.06885449,0.98256956
fashion_mnist,random_unitary,2024,758,0.81729866,0.05195628,1.00351746
fashion_mnist,random_unitary,2024,759,0.82085886,0.08842781,0.99159731
fashion_mnist,random_unitary,2024,760,0.826118,0.0749463,0.99630294
fashion_mnist,random_unitary,2024,761,0.81932594,0.07180561,0.99353081
fashion_mnist,random_unitary,2024,762,0.81547207,0.00932533,0.993485
fashion_mnist,random_unitary,2024,763,0.8256861,0.0709893,0.98281283
fashion_mnist,random_unitary,2024,764,0.81597782,0.02816733,0.98823405
fashion_mnist,random_unitary,2024,765,0.81939472,0.05239612,1.01172576
fashion_mnist,random_unitary,2024,766,0.83191324,0.01976272,0.99047547
fashion_mnist,random_unitary,2024,767,0.81865799,0.02269253,0.98201779
fashion_mnist,random_unitary,2024,768,0.82136289,0.00811379,0.99970497
fashion_mnist,random_unitary,2024,769,0.82592224,0.04019199,0.99149438
fashion_mnist,random_unitary,2024,770,0.82532907,0.04626175,1.01791431
fashion_mnist,random_unitary,2024,771,0.82158226,0.09781064,0.98872337
fashion_mnist,random_unitary,2024,772,0.82473608,0.01513653,1.01774448
fashion_mnist,random_unitary,2024,773,0.82088296,0.00907818,0.98527193
fashion_mnist,random_unitary,2024,774,0.81984905,0.09308215,1.01550558
fashion_mnist,random_unitary,2024,775,0.82187101,0.1052507,1.02683907
fashion_mnist,random_unitary,2024,776,0.82449389,0.12295518,0.98669923
fashion_mnist,random_unitary,2024,777,0.82934505,0.0230563,1.00049043
fashion_mnist,random_unitary,2024,778,0.83051404,0.00773185,1.00060023
fashion_mnist,random_unitary,2024,779,0.81468182,0.02153559,1.02743793
fashion_mnist,random_unitary,2024,780,0.82414885,0.00020061,0.99891947
fashion_mnist,random_unitary,2024,781,0.82399749,0.05390579,1.01623438
fashion_mnist,random_unitary,2024,782,0.82818945,0.02845246,0.99853362
fashion_mnist,random_unitary,2024,783,0.81630417,0.10104629,1.00129457
fashion_mnist,random_unitary,2024,784,0.81876484,0.04094466,1.00203766
fashion_mnist,random_unitary,2024,785,0.82573431,0.01487652,1.00115443
fashion_mnist,random_unitary,2024,786,0.8193125,0.08919214,0.98901765
fashion_mnist,random_unitary,2024,787,0.81263223,0.05275537,1.02069567
fashion_mnist,random_unitary,2024,788,0.81706287,0.01015144,0.99649755
fashion_mnist,random_unitary,2024,789,0.8279795,0.05931836,1.0211811
fashion_mnist,random_unitary,2024,790,0.82337982,0.03261244,0.97249404
fashion_mnist,random_unitary,2024,791,0.82152238,0.03424494,1.00666162
fashion_mnist,random_unitary,2024,792,0.81541922,0.01899043,1.01587551
fashion_mnist,random_unitary,2024,793,0.82694414,0.06545636,1.02161668
fashion_mnist,random_unitary,2024,794,0.80940156,0.04531437,1.02155653
fashion_mnist,random_unitary,2024,795,0.80829222,0.1336266,1.01075154
fashion_mnist,random_unitary,2024,796,0.81668336,0.06826854,0.98848983
fashion_mnist,random_unitary,2024,797,0.81720793,0.05396006,0.99834627
fashion_mnist,random_unitary,2024,798,0.82218452,0.10497002,0.9903177
fashion_mnist,random_unitary,2024,799,0.82673891,0.00827976,1.00499445
fashion_mnist,random_unitary,2024,800,0.8193471,0.05939417,1.01325809
fashion_mnist,random_unitary,2024,801,0.81339185,0.03157846,0.98189982
fashion_mnist,random_unitary,2024,802,0.82282919,0.0011078,1.01888469
fashion_mnist,random_unitary,2024,803,0.83085064,0.00327525,0.99320413
fashion_mnist,random_unitary,2024,804,0.82721382,0.01455413,1.03752199
fashion_mnist,random_unitary,2024,805,0.81692772,0.01821836,1.00904205
fashion_mnist,random_unitary,2024,806,0.82160885,0.06738798,0.99807248
fashion_mnist,random_unitary,2024,807,0.82549296,0.0400065,1.01087192
fashion_mnist,random_unitary,2024,808,0.81055904,0.05565004,0.98862968
fashion_mnist,random_unitary,2024,809,0.82577891,0.03090002,0.98803522
fashion_mnist,random_unitary,2024,810,0.82064779,0.03855177,1.01113809
fashion_mnist,random_unitary,2024,811,0.81764499,0.08808189,1.00262449
fashion_mnist,random_unitary,2024,812,0.81516433,0.00076838,0.9972721
fashion_mnist,random_unitary,2024,813,0.81926491,0.00175047,1.00464394
fashion_mnist,random_unitary,2024,814,0.82138845,0.03526412,0.99773448
fashion_mnist,random_unitary,2024,815,0.82157307,0.00412307,1.02084516
fashion_mnist,random_unitary,2024,816,0.81140167,0.00668566,1.01894691
fashion_mnist,random_unitary,2024,817,0.83121757,0.07394835,0.97499665
fashion_mnist,random_unitary,2024,818,0.82374612,0.03999507,1.00026459
fashion_mnist,random_unitary,2024,819,0.81253118,0.00145675,0.98581569
fashion_mnist,random_unitary,2024,820,0.82531757,0.06228667,1.01222185
fashion_mnist,random_unitary,2024,821,0.81637326,0.0224227,0.98295915
fashion_mnist,random_unitary,2024,822,0.82440937,0.02742829,0.995746
fashion_mnist,random_unitary,2024,823,0.8218561,0.03818493,0.98009187
fashion_mnist,random_unitary,2024,824,0.83485444,0.01019358,0.999121
fashion_mnist,random_unitary,2024,825,0.8214703,0.03994975,0.98114165
fashion_mnist,random_unitary,2024,826,0.82621907,0.06704697,1.02214316
fashion_mnist,random_unitary,2024,827,0.81439727,0.02209485,1.0072349
fashion_mnist,random_unitary,2024,828,0.81898208,0.02611183,1.02154168
fashion_mnist,random_unitary,2024,829,0.81474906,0.04929745,0.98067172
fashion_mnist,random_unitary,2024,830,0.83087254,0.11436544,1.01267341
fashion_mnist,random_unitary,2024,831,0.83719591,0.01363892,0.97935689
fashion_mnist,random_unitary,2024,832,0.82498224,0.0658491,0.99564375
fashion_mnist,random_unitary,2024,833,0.82511526,0.01366749,1.00243472
fashion_mnist,random_unitary,2024,834,0.82416727,0.05678652,0.99557219
fashion_mnist,random_unitary,2024,835,0.83080056,0.04852682,0.97610398
fashion_mnist,random_unitary,2024,836,0.80602214,0.02623507,1.00398166
fashion_mnist,random_unitary,2024,837,0.82844367,0.01074657,0.99901249
fashion_mnist,random_unitary,2024,838,0.82057054,0.0286419,1.00700665
fashion_mnist,random_unitary,2024,839,0.82214924,0.03973035,1.04317176
fashion_mnist,random_unitary,2024,840,0.81369644,0.08941317,0.97684674
fashion_mnist,random_unitary,2024,841,0.81525062,0.01351583,1.00182235
fashion_mnist,random_unitary,2024,842,0.81758818,0.04603295,0.98892945
fashion_mnist,random_unitary,2024,843,0.82252741,0.0826255,0.99038982
fashion_mnist,random_unitary,2024,844,0.82634041,0.00772085,1.00365168
fashion_mnist,random_unitary,2024,845,0.8264234,0.05099329,1.00829527
fashion_mnist,random_unitary,2024,846,0.81966732,0.08121212,0.99998735
fashion_mnist,random_unitary,2024,847,0.82391828,0.00930154,0.98126882
fashion_mnist,random_unitary,2024,848,0.80681344,0.06607042,0.99534673
fashion_mnist,random_unitary,2024,849,0.82359924,0.00651984,0.98052349
fashion_mnist,random_unitary,2024,850,0.8222519,0.04415559,1.00816185
fashion_mnist,random_unitary,2024,851,0.81778549,0.05279865,0.99936201
fashion_mnist,random_unitary,2024,852,0.82059143,0.0373818,1.00776079
fashion_mnist,random_unitary,2024,853,0.83604038,0.05465685,1.00848619
fashion_mnist,random_unitary,2024,854,0.81785073,0.04437067,0.9919454
fashion_mnist,random_unitary,2024,855,0.82611851,0.03541093,0.99112185
fashion_mnist,random_unitary,2024,856,0.82473437,0.0641331,0.99118481
fashion_mnist,random_unitary,2024,857,0.81968674,0.08578859,1.02817176
fashion_mnist,random_unitary,2024,858,0.81760803,0.07071082,0.98958538
fashion_mnist,random_unitary,2024,859,0.8219202,0.00731749,0.98501209
fashion_mnist,random_unitary,2024,860,0.83183167,0.05345556,0.99569574
fashion_mnist,random_unitary,2024,861,0.82971531,0.00230079,1.0072352
fashion_mnist,random_unitary,2024,862,0.82112961,0.05889501,1.01944772
fashion_mnist,random_unitary,2024,863,0.82121047,0.04885137,1.02669439
fashion_mnist,random_unitary,2024,864,0.81512301,0.06345836,1.02370863
fashion_mnist,random_unitary,2024,865,0.81275279,0.00145869,0.99044195
fashion_mnist,random_unitary,2024,866,0.8161422,0.07593832,0.99274288
fashion_mnist,random_unitary,2024,867,0.82639179,0.02699481,0.9939695
fashion_mnist,random_unitary,2024,868,0.82178509,0.04704186,1.00137831
fashion_mnist,random_unitary,2024,869,0.82839162,0.06179026,1.01213469
fashion_mnist,random_unitary,2024,870,0.81981232,0.08944208,1.00049718
fashion_mnist,random_unitary,2024,871,0.83495013,0.00867985,0.98238731
fashion_mnist,random_unitary,2024,872,0.83058894,0.01049855,0.97553348
fashion_mnist,random_unitary,2024,873,0.81859268,0.03348706,0.9847791
fashion_mnist,random_unitary,2024,874,0.82137644,0.05488969,0.96973048
fashion_mnist,random_unitary,2024,875,0.8270932,0.12999832,0.99597079
fashion_mnist,random_unitary,2024,876,0.82134098,0.00550454,0.9877032
fashion_mnist,random_unitary,2024,877,0.81559617,0.00371155,1.01085334
fashion_mnist,random_unitary,2024,878,0.81132125,0.09940903,1.02024724
fashion_mnist,random_unitary,2024,879,0.81604644,0.02523448,1.0195491
fashion_mnist,random_unitary,2024,880,0.82496245,0.0958655,0.99631626
fashion_mnist,random_unitary,2024,881,0.82688854,0.01819015,0.98933791
fashion_mnist,random_unitary,2024,882,0.83215253,0.00200319,0.99353984
fashion_mnist,random_unitary,2024,883,0.82928379,0.09419266,1.0194157
fashion_mnist,random_unitary,2024,884,0.82060451,0.00050761,1.00937185
fashion_mnist,random_unitary,2024,885,0.8276513,0.0563957,0.98304467
fashion_mnist,random_unitary,2024,886,0.81715224,0.04580684,0.98252673
fashion_mnist,random_unitary,2024,887,0.82099564,0.06161654,0.9865821
fashion_mnist,random_unitary,2024,888,0.82283873,0.0050275,1.02983495
fashion_mnist,random_unitary,2024,889,0.82252979,0.06047448,0.99723987
fashion_mnist,random_unitary,2024,890,0.83258588,0.0317193,1.00318351
fashion_mnist,random_unitary,2024,891,0.82132867,0.01689597,0.9992855
fashion_mnist,random_unitary,2024,892,0.82043391,0.03612728,1.02239047
fashion_mnist,random_unitary,2024,893,0.82590886,0.05800747,0.98845382
fashion_mnist,random_unitary,2024,894,0.81899981,0.03704248,0.99983689
fashion_mnist,random_unitary,2024,895,0.81772689,0.02234637,0.99576554
fashion_mnist,random_unitary,2024,896,0.82356227,0.00208431,1.01417915
fashion_mnist,random_unitary,2024,897,0.81683832,0.01162127,1.00076159
fashion_mnist,random_unitary,2024,898,0.818402,0.05917108,1.0187561
fashion_mnist,random_unitary,2024,899,0.81248704,0.00339606,1.01135116
fashion_mnist,random_unitary,2024,900,0.82716855,0.00130302,0.97612061
fashion_mnist,random_unitary,2024,901,0.8279824,0.0150694,0.99886272
fashion_mnist,random_unitary,2024,902,0.81611058,0.00882234,0.99800717
fashion_mnist,random_unitary,2024,903,0.83153169,0.09865604,1.01287957
fashion_mnist,random_unitary,2024,904,0.82428649,0.04352842,1.00544762
fashion_mnist,random_unitary,2024,905,0.82849185,0.00884937,1.01181056
fashion_mnist,random_unitary,2024,906,0.82947225,0.0734059,1.00583619
fashion_mnist,random_unitary,2024,907,0.82076558,0.00546515,0.96396751
fashion_mnist,random_unitary,2024,908,0.82241629,0.06028369,1.00280874
fashion_mnist,random_unitary,2024,909,0.83096439,0.01381401,0.99948526
fashion_mnist,random_unitary,2024,910,0.82838418,0.06442405,0.98981138
fashion_mnist,random_unitary,2024,911,0.82627366,0.02308154,0.98704338
fashion_mnist,random_unitary,2024,912,0.80716298,0.06415226,1.02455898
fashion_mnist,random_unitary,2024,913,0.82227885,0.05578678,1.0085073
fashion_mnist,random_unitary,2024,914,0.8378533,0.01382147,0.9877554
fashion_mnist,random_unitary,2024,915,0.8286222,0.02369984,0.97343386
fashion_mnist,random_unitary,2024,916,0.82898684,0.02790802,0.99100094
fashion_mnist,random_unitary,2024,917,0.83027102,0.01762386,0.99502759
fashion_mnist,random_unitary,2024,918,0.81348666,0.05098945,1.00322849
fashion_mnist,random_unitary,2024,919,0.83287204,0.02039159,0.98560076
fashion_mnist,random_unitary,2024,920,0.82693551,0.02935539,1.03262034
fashion_mnist,random_unitary,2024,921,0.82229929,0.05278727,0.9870695
fashion_mnist,random_unitary,2024,922,0.8238183,0.0147644,1.01540138
fashion_mnist,random_unitary,2024,923,0.81781811,0.08135586,0.9939078
fashion_mnist,random_unitary,2024,924,0.82260716,0.00088051,0.98457157
fashion_mnist,random_unitary,2024,925,0.81666416,0.04912102,0.99435774
fashion_mnist,random_unitary,2024,926,0.82530329,0.0342281,0.98015095
fashion_mnist,random_unitary,2024,927,0.83150371,0.04734547,1.00173024
fashion_mnist,random_unitary,2024,928,0.82954355,0.02130481,1.01238446
fashion_mnist,random_unitary,2024,929,0.82027362,0.06219694,1.00697632
fashion_mnist,random_unitary,2024,930,0.82118226,0.0526252,0.9979968
fashion_mnist,random_unitary,2024,931,0.82890896,0.05424154,1.00945849
fashion_mnist,random_unitary,2024,932,0.81353319,0.02061719,0.99207863
fashion_mnist,random_unitary,2024,933,0.82891908,0.03376078,0.99428062
fashion_mnist,random_unitary,2024,934,0.82178147,0.02493581,1.00823442
fashion_mnist,random_unitary,2024,935,0.81277947,0.05572305,1.01401773
fashion_mnist,random_unitary,2024,936,0.82938191,0.00051991,0.98738642
fashion_mnist,random_unitary,2024,937,0.81619216,0.0998853,0.99005662
fashion_mnist,random_unitary,2024,938,0.82898958,0.03571888,0.99702163
fashion_mnist,random_unitary,2024,939,0.83016842,0.06224214,1.00972175
fashion_mnist,random_unitary,2024,940,0.83132806,0.01255305,0.97363824
fashion_mnist,random_unitary,2024,941,0.82372676,0.08432937,0.96957988
fashion_mnist,random_unitary,2024,942,0.82988609,0.06122927,1.00539269
fashion_mnist,random_unitary,2024,943,0.83354511,0.03563273,1.00832223
fashion_mnist,random_unitary,2024,944,0.81557383,0.04011049,0.99894006
fashion_mnist,random_unitary,2024,945,0.81894446,0.04744373,0.95275578
fashion_mnist,random_unitary,2024,946,0.81878165,0.04084473,1.00659411
fashion_mnist,random_unitary,2024,947,0.82368054,0.00827864,0.98920606
fashion_mnist,random_unitary,2024,948,0.81851387,0.04621083,1.0096772
fashion_mnist,random_unitary,2024,949,0.81629943,0.05219942,1.00671673
fashion_mnist,random_unitary,2024,950,0.82477326,0.07536741,0.96679061
fashion_mnist,random_unitary,2024,951,0.82510686,0.01790498,0.97466532
fashion_mnist,random_unitary,2024,952,0.8282677,0.01063729,1.03949361
fashion_mnist,random_unitary,2024,953,0.82510164,0.00055751,0.98940125
fashion_mnist,random_unitary,2024,954,0.82902575,0.03743256,1.00313151
fashion_mnist,random_unitary,2024,955,0.82894423,0.05396178,1.01583221
fashion_mnist,random_unitary,2024,956,0.81964854,0.05111469,1.00036137
fashion_mnist,random_unitary,2024,957,0.84218732,0.05759216,0.97966982
fashion_mnist,random_unitary,2024,958,0.82580055,0.01235632,0.99382796
fashion_mnist,random_unitary,2024,959,0.81585874,0.04418876,0.98418453
fashion_mnist,random_unitary,2024,960,0.81548629,0.01635968,0.99697005
fashion_mnist,random_unitary,2024,961,0.83445129,0.03957978,1.00203912
fashion_mnist,random_unitary,2024,962,0.82297204,0.01540373,1.0002372
fashion_mnist,random_unitary,2024,963,0.82017801,0.03518425,1.01543515
fashion_mnist,random_unitary,2024,964,0.81379872,0.03590974,0.98665398
fashion_mnist,random_unitary,2024,965,0.81498363,0.03137378,0.99765983
fashion_mnist,random_unitary,2024,966,0.82594351,0.01078038,1.00962972
fashion_mnist,random_unitary,2024,967,0.82988965,0.02241828,0.98262416
fashion_mnist,random_unitary,2024,968,0.81772482,0.08590572,0.9882585
fashion_mnist,random_unitary,2024,969,0.82076523,0.04025667,0.98576741
fashion_mnist,random_unitary,2024,970,0.82964577,0.07667457,0.97231623
fashion_mnist,random_unitary,2024,971,0.81864334,0.09027546,0.9975471
fashion_mnist,random_unitary,2024,972,0.82093225,0.02405524,1.00530661
fashion_mnist,random_unitary,2024,973,0.82992313,0.00876384,0.98709049
fashion_mnist,random_unitary,2024,974,0.81968058,0.12122077,1.01118251
fashion_mnist,random_unitary,2024,975,0.82390818,0.07446605,1.00399158
fashion_mnist,random_unitary,2024,976,0.82493084,0.03915752,1.00457632
fashion_mnist,random_unitary,2024,977,0.82618756,0.09048322,1.00583533
fashion_mnist,random_unitary,2024,978,0.82816149,0.02333976,0.98355767
fashion_mnist,random_unitary,2024,979,0.82487895,0.02210177,1.0105808
fashion_mnist,random_unitary,2024,980,0.82140724,0.10369112,1.0212647
fashion_mnist,random_unitary,2024,981,0.82366099,0.11791203,1.03244416
fashion_mnist,random_unitary,2024,982,0.82853478,0.00631159,1.01182888
fashion_mnist,random_unitary,2024,983,0.82436879,0.08877461,1.02515939
fashion_mnist,random_unitary,2024,984,0.8267723,0.01991837,0.98886177
fashion_mnist,random_unitary,2024,985,0.82365262,0.05701769,1.00704654
fashion_mnist,random_unitary,2024,986,0.82337353,0.0556284,1.00569296
fashion_mnist,random_unitary,2024,987,0.82888448,0.00402881,1.00928228
fashion_mnist,random_unitary,2024,988,0.81563589,0.07534197,1.01662637
fashion_mnist,random_unitary,2024,989,0.82514634,0.0943074,1.00849243
fashion_mnist,random_unitary,2024,990,0.82490147,0.03539157,1.01675991
fashion_mnist,random_unitary,2024,991,0.81932963,0.03441018,1.01220178
fashion_mnist,random_unitary,2024,992,0.82847086,0.01536343,1.00687893
fashion_mnist,random_unitary,2024,993,0.82548858,0.0079724,0.99488042
fashion_mnist,random_unitary,2024,994,0.81587842,0.13305432,0.99952671
fashion_mnist,random_unitary,2024,995,0.81254146,0.07236257,0.99334858
fashion_mnist,random_unitary,2024,996,0.82247873,0.00673658,1.02116627
fashion_mnist,random_unitary,2024,997,0.82308655,0.01033102,1.02678091
fashion_mnist,random_unitary,2024,998,0.82397892,0.01339554,0.99709142
fashion_mnist,random_unitary,2024,999,0.82109992,0.01399307,1.007842
fashion_mnist,random_unitary,4096,0,0.82946305,0.11386258,1.00755427
fashion_mnist,random_unitary,4096,1,0.81920483,0.02153944,1.01114502
fashion_mnist,random_unitary,4096,2,0.81441078,0.03666189,1.01460455
fashion_mnist,random_unitary,4096,3,0.83288856,0.01928699,1.03718419
fashion_mnist,random_unitary,4096,4,0.83681565,0.06098889,0.9793087
fashion_mnist,random_unitary,4096,5,0.82907988,0.00627338,0.97239122
fashion_mnist,random_unitary,4096,6,0.82065966,0.06102727,0.98258972
fashion_mnist,random_unitary,4096,7,0.81804586,0.00452145,0.97297044
fashion_mnist,random_unitary,4096,8,0.81798652,0.03816918,1.00554537
fashion_mnist,random_unitary,4096,9,0.80954948,0.03730467,1.00075754
fashion_mnist,random_unitary,4096,10,0.81942142,0.00353677,1.00530354
fashion_mnist,random_unitary,4096,11,0.82377789,0.08303155,1.00829531
fashion_mnist,random_unitary,4096,12,0.81468807,0.04403461,0.99818872
fashion_mnist,random_unitary,4096,13,0.81861237,0.11478651,1.01318789
fashion_mnist,random_unitary,4096,14,0.8225757,0.08670197,1.00265681
fashion_mnist,random_unitary,4096,15,0.82021725,0.01612124,0.99390407
fashion_mnist,random_unitary,4096,16,0.82842894,0.02010076,0.98860863
fashion_mnist,random_unitary,4096,17,0.82311851,0.03969616,0.99730044
fashion_mnist,random_unitary,4096,18,0.82747909,0.08411812,0.9650259
fashion_mnist,random_unitary,4096,19,0.82819146,0.0335825,0.9677264
fashion_mnist,random_unitary,4096,20,0.81936998,0.06536552,1.00379239
fashion_mnist,random_unitary,4096,21,0.83360489,0.00344041,1.00066608
fashion_mnist,random_unitary,4096,22,0.81729049,0.03146855,1.00752821
fashion_mnist,random_unitary,4096,23,0.81675081,0.03100179,0.99968788
fashion_mnist,random_unitary,4096,24,0.81895703,0.04350661,0.99336785
fashion_mnist,random_unitary,4096,25,0.8196233,0.0253696,0.98351709
fashion_mnist,random_unitary,4096,26,0.82690493,0.04451776,0.99585758
fashion_mnist,random_unitary,4096,27,0.82742286,0.00598149,0.98808075
fashion_mnist,random_unitary,4096,28,0.81143617,0.02607959,1.02916025
fashion_mnist,random_unitary,4096,29,0.82216841,0.00613312,1.01105955
fashion_mnist,random_unitary,4096,30,0.82960958,0.04475796,0.99078233
fashion_mnist,random_unitary,4096,31,0.82050461,0.04181447,1.02301044
fashion_mnist,random_unitary,4096,32,0.8202067,0.02777154,0.99128592
fashion_mnist,random_unitary,4096,33,0.81790075,0.03105471,1.00176921
fashion_mnist,random_unitary,4096,34,0.81510961,0.04139588,1.01196024
fashion_mnist,random_unitary,4096,35,0.81809694,0.01965532,1.00741217
fashion_mnist,random_unitary,4096,36,0.8271521,0.01112494,1.00475258
fashion_mnist,random_unitary,4096,37,0.83027788,0.01516268,0.9944608
fashion_mnist,random_unitary,4096,38,0.81971923,0.00939099,1.01089965
fashion_mnist,random_unitary,4096,39,0.82254319,0.00679987,0.99321049
fashion_mnist,random_unitary,4096,40,0.82663512,0.0530598,1.00444009
fashion_mnist,random_unitary,4096,41,0.82602004,0.04117764,0.99390522
fashion_mnist,random_unitary,4096,42,0.82721022,0.03800744,0.9732864
fashion_mnist,random_unitary,4096,43,0.8310171,0.05646553,1.00916816
fashion_mnist,random_unitary,4096,44,0.8222199,0.02501461,0.99768276
fashion_mnist,random_unitary,4096,45,0.8158978,0.03502496,0.99654635
fashion_mnist,random_unitary,4096,46,0.82608178,0.07886722,1.01079564
fashion_mnist,random_unitary,4096,47,0.82032609,0.0440086,1.01478934
fashion_mnist,random_unitary,4096,48,0.81361161,0.02548882,0.98498511
fashion_mnist,random_unitary,4096,49,0.81162663,0.02791438,1.01256472
fashion_mnist,random_unitary,4096,50,0.81847237,0.07554552,1.01011981
fashion_mnist,random_unitary,4096,51,0.81999018,0.04197136,0.98164354
fashion_mnist,random_unitary,4096,52,0.80808737,0.06962576,1.02725965
fashion_mnist,random_unitary,4096,53,0.82316255,0.04028214,1.01679794
fashion_mnist,random_unitary,4096,54,0.83367382,0.0212939,1.00692868
fashion_mnist,random_unitary,4096,55,0.81631003,0.050797,1.01264468
fashion_mnist,random_unitary,4096,56,0.8114318,0.04075281,0.98152189
fashion_mnist,random_unitary,4096,57,0.81946565,0.01602462,0.9837026
fashion_mnist,random_unitary,4096,58,0.82477135,0.01974982,0.98148092
fashion_mnist,random_unitary,4096,59,0.82360337,0.0055804,0.98938822
fashion_mnist,random_unitary,4096,60,0.81604937,0.03707488,0.98365205
fashion_mnist,random_unitary,4096,61,0.82261498,0.03794271,0.98443533
fashion_mnist,random_unitary,4096,62,0.82014104,0.02220332,1.00543336
fashion_mnist,random_unitary,4096,63,0.8194697,0.00979402,1.01733764
fashion_mnist,random_unitary,4096,64,0.8221333,0.00083723,0.99261522
fashion_mnist,random_unitary,4096,65,0.81506474,0.0132572,0.99035354
fashion_mnist,random_unitary,4096,66,0.82845761,0.0080812,1.00733161
fashion_mnist,random_unitary,4096,67,0.82956339,0.07073694,0.98228862
fashion_mnist,random_unitary,4096,68,0.82339535,0.02949283,0.99887624
fashion_mnist,random_unitary,4096,69,0.81814388,0.04366084,0.98788031
fashion_mnist,random_unitary,4096,70,0.82282501,0.03634203,0.99253126
fashion_mnist,random_unitary,4096,71,0.81366419,0.05075933,1.0108315
fashion_mnist,random_unitary,4096,72,0.82452481,0.05327772,1.02406137
fashion_mnist,random_unitary,4096,73,0.8274324,0.04983479,0.984365
fashion_mnist,random_unitary,4096,74,0.82390373,0.07609802,0.98310121
fashion_mnist,random_unitary,4096,75,0.81569827,0.0515744,1.00676323
fashion_mnist,random_unitary,4096,76,0.83397217,0.01540741,0.98828681
fashion_mnist,random_unitary,4096,77,0.81836943,0.07533659,1.0190468
fashion_mnist,random_unitary,4096,78,0.82535581,0.05146182,1.00655189
fashion_mnist,random_unitary,4096,79,0.82746298,0.08851772,0.99926826
fashion_mnist,random_unitary,4096,80,0.82769314,0.01197119,0.98966689
fashion_mnist,random_unitary,4096,81,0.82130296,0.01131784,0.9799745
fashion_mnist,random_unitary,4096,82,0.82351653,0.0096514,1.01714674
fashion_mnist,random_unitary,4096,83,0.81668448,0.11523575,1.00682106
fashion_mnist,random_unitary,4096,84,0.82696709,0.05998432,0.99655448
fashion_mnist,random_unitary,4096,85,0.81905033,0.00780152,1.02124294
fashion_mnist,random_unitary,4096,86,0.82222157,0.06132544,1.0008936
fashion_mnist,random_unitary,4096,87,0.827717,0.04865212,0.99154884
fashion_mnist,random_unitary,4096,88,0.83330415,0.02779431,0.98508264
fashion_mnist,random_unitary,4096,89,0.8226873,0.00688956,0.99682404
fashion_mnist,random_unitary,4096,90,0.81791466,0.02485406,1.00188965
fashion_mnist,random_unitary,4096,91,0.82010708,0.06079069,0.99349827
fashion_mnist,random_unitary,4096,92,0.81774641,0.04513925,0.98376567
fashion_mnist,random_unitary,4096,93,0.82831815,0.00562854,1.01998851
fashion_mnist,random_unitary,4096,94,0.82909994,0.07392306,1.01318472
fashion_mnist,random_unitary,4096,95,0.82770407,0.02447905,0.97696719
fashion_mnist,random_unitary,4096,96,0.82069581,0.07550446,0.98773266
fashion_mnist,random_unitary,4096,97,0.82048728,0.03938616,1.01375584
fashion_mnist,random_unitary,4096,98,0.82405555,0.02946093,1.0014671
fashion_mnist,random_unitary,4096,99,0.81964827,0.06872074,1.00374673
fashion_mnist,random_unitary,4096,100,0.82400922,0.00040702,0.99263584
fashion_mnist,random_unitary,4096,101,0.81944565,0.00435269,0.994232
fashion_mnist,random_unitary,4096,102,0.82943683,0.02670958,1.00834351
fashion_mnist,random_unitary,4096,103,0.82199407,0.01003557,0.98988898
fashion_mnist,random_unitary,4096,104,0.82699337,0.01508045,0.98641853
fashion_mnist,random_unitary,4096,105,0.82413298,0.04569376,1.00291088
fashion_mnist,random_unitary,4096,106,0.82567526,0.02438196,0.97443238
fashion_mnist,random_unitary,4096,107,0.81218483,0.03298029,1.01258887
fashion_mnist,random_unitary,4096,108,0.83339061,0.08008408,0.99919445
fashion_mnist,random_unitary,4096,109,0.82656259,0.01701273,1.03976393
fashion_mnist,random_unitary,4096,110,0.81598239,0.01856189,1.00318824
fashion_mnist,random_unitary,4096,111,0.82633319,0.00167859,1.03516977
fashion_mnist,random_unitary,4096,112,0.82098518,0.01548953,0.97654463
fashion_mnist,random_unitary,4096,113,0.81204915,0.06644307,1.0299377
fashion_mnist,random_unitary,4096,114,0.8220447,0.09608639,1.0058814
fashion_mnist,random_unitary,4096,115,0.82471144,0.03784786,0.98584897
fashion_mnist,random_unitary,4096,116,0.81651476,0.00985025,0.99045945
fashion_mnist,random_unitary,4096,117,0.8213805,0.05311858,1.00917942
fashion_mnist,random_unitary,4096,118,0.81508254,0.04054674,1.01305603
fashion_mnist,random_unitary,4096,119,0.81218682,0.0111626,1.00981756
fashion_mnist,random_unitary,4096,120,0.81757195,0.03883967,1.00164257
fashion_mnist,random_unitary,4096,121,0.82154659,0.13119211,1.00300554
fashion_mnist,random_unitary,4096,122,0.82663923,0.04413129,1.00599153
fashion_mnist,random_unitary,4096,123,0.82297704,0.02442944,1.0105601
fashion_mnist,random_unitary,4096,124,0.82960013,0.03113184,1.0075496
fashion_mnist,random_unitary,4096,125,0.82999615,0.03097919,1.00222866
fashion_mnist,random_unitary,4096,126,0.81950732,0.0288806,0.98400188
fashion_mnist,random_unitary,4096,127,0.8203193,0.0289038,1.00714293
fashion_mnist,random_unitary,4096,128,0.81636658,0.00503108,0.9857372
fashion_mnist,random_unitary,4096,129,0.81784688,0.03909479,1.00545321
fashion_mnist,random_unitary,4096,130,0.82016858,0.01695201,0.97711147
fashion_mnist,random_unitary,4096,131,0.81918005,0.016566,0.98509468
fashion_mnist,random_unitary,4096,132,0.82468278,0.02544678,0.99484327
fashion_mnist,random_unitary,4096,133,0.82384245,0.00134611,1.00178574
fashion_mnist,random_unitary,4096,134,0.82752609,0.06684418,0.98430276
fashion_mnist,random_unitary,4096,135,0.82433428,0.12327268,1.02069352
fashion_mnist,random_unitary,4096,136,0.8219144,0.00267378,1.00889907
fashion_mnist,random_unitary,4096,137,0.81620598,0.0412566,1.03862151
fashion_mnist,random_unitary,4096,138,0.81791613,0.02819237,0.97055233
fashion_mnist,random_unitary,4096,139,0.81696347,0.08972426,0.97942428
fashion_mnist,random_unitary,4096,140,0.82394552,0.1262813,1.03339957
fashion_mnist,random_unitary,4096,141,0.82977943,0.0648613,0.98377936
fashion_mnist,random_unitary,4096,142,0.8077906,0.02343568,1.00752043
fashion_mnist,random_unitary,4096,143,0.8265,0.10382447,0.97614969
fashion_mnist,random_unitary,4096,144,0.82041104,0.01697886,0.99833422
fashion_mnist,random_unitary,4096,145,0.82200137,0.00297217,1.03664739
fashion_mnist,random_unitary,4096,146,0.83010367,0.07614609,1.01902414
fashion_mnist,random_unitary,4096,147,0.82154475,0.00513889,0.96228985
fashion_mnist,random_unitary,4096,148,0.82109333,0.01756521,1.00433767
fashion_mnist,random_unitary,4096,149,0.83014459,0.00977625,1.03088684
fashion_mnist,random_unitary,4096,150,0.82390123,0.01689729,0.99130068
fashion_mnist,random_unitary,4096,151,0.82411465,0.00683497,0.99089052
fashion_mnist,random_unitary,4096,152,0.80981484,0.02002079,0.99444707
fashion_mnist,random_unitary,4096,153,0.82227423,0.03188362,1.00004336
fashion_mnist,random_unitary,4096,154,0.82813354,0.05056831,1.04357178
fashion_mnist,random_unitary,4096,155,0.81270241,0.0059932,0.99452105
fashion_mnist,random_unitary,4096,156,0.82738127,0.00789488,0.99242916
fashion_mnist,random_unitary,4096,157,0.82039258,0.06035467,0.99768264
fashion_mnist,random_unitary,4096,158,0.8294527,0.06000825,1.00842865
fashion_mnist,random_unitary,4096,159,0.82689273,0.02291131,1.02549862
fashion_mnist,random_unitary,4096,160,0.81843624,0.0593728,1.01658498
fashion_mnist,random_unitary,4096,161,0.82417232,0.01258194,1.01069999
fashion_mnist,random_unitary,4096,162,0.81247543,0.12056749,0.99645127
fashion_mnist,random_unitary,4096,163,0.81431261,0.06666049,0.9760389
fashion_mnist,random_unitary,4096,164,0.82169442,0.02460283,0.99840846
fashion_mnist,random_unitary,4096,165,0.82196175,0.00395449,1.00090263
fashion_mnist,random_unitary,4096,166,0.82152135,0.01436809,1.00784775
fashion_mnist,random_unitary,4096,167,0.82700261,0.03922155,0.98473498
fashion_mnist,random_unitary,4096,168,0.8250935,0.01298078,1.0035254
fashion_mnist,random_unitary,4096,169,0.82364818,0.07339876,1.012798
fashion_mnist,random_unitary,4096,170,0.82782173,0.05355383,1.00014246
fashion_mnist,random_unitary,4096,171,0.81940563,0.04842124,1.01072621
fashion_mnist,random_unitary,4096,172,0.81966592,0.0849728,0.99129891
fashion_mnist,random_unitary,4096,173,0.82581103,0.03268641,1.00341399
fashion_mnist,random_unitary,4096,174,0.8218468,0.01135469,0.97790817
fashion_mnist,random_unitary,4096,175,0.82123166,0.00772945,1.00719941
fashion_mnist,random_unitary,4096,176,0.81778162,0.00679133,1.00682084
fashion_mnist,random_unitary,4096,177,0.82883822,0.08008344,1.02404911
fashion_mnist,random_unitary,4096,178,0.81926359,0.03603085,0.99692886
fashion_mnist,random_unitary,4096,179,0.82987941,0.04557431,0.99926255
fashion_mnist,random_unitary,4096,180,0.82374326,0.02247114,0.98520534
fashion_mnist,random_unitary,4096,181,0.81533638,0.02614604,0.98046556
fashion_mnist,random_unitary,4096,182,0.82445206,0.03208925,1.00731354
fashion_mnist,random_unitary,4096,183,0.82588194,0.05179753,1.0108632
fashion_mnist,random_unitary,4096,184,0.81714354,0.0545412,1.00535621
fashion_mnist,random_unitary,4096,185,0.82496543,0.05706237,1.00207793
fashion_mnist,random_unitary,4096,186,0.82219076,0.06895655,0.98936113
fashion_mnist,random_unitary,4096,187,0.83191658,0.00955187,1.00920747
fashion_mnist,random_unitary,4096,188,0.82199708,0.0361693,0.98839263
fashion_mnist,random_unitary,4096,189,0.8333362,0.02670411,1.00953452
fashion_mnist,random_unitary,4096,190,0.83037083,0.09272538,0.99481754
fashion_mnist,random_unitary,4096,191,0.82652951,0.05113846,0.98046777
fashion_mnist,random_unitary,4096,192,0.82489794,0.01187987,1.00029742
fashion_mnist,random_unitary,4096,193,0.81408846,0.00314032,1.0023715
fashion_mnist,random_unitary,4096,194,0.80897551,0.01527955,0.98689755
fashion_mnist,random_unitary,4096,195,0.83046553,0.03318604,1.01593137
fashion_mnist,random_unitary,4096,196,0.8145251,0.07203599,0.98412634
fashion_mnist,random_unitary,4096,197,0.81690643,0.00502238,0.99357329
fashion_mnist,random_unitary,4096,198,0.82676484,0.01354369,1.02274383
fashion_mnist,random_unitary,4096,199,0.82552608,0.00080613,0.98135943
fashion_mnist,random_unitary,4096,200,0.82605855,0.02494824,1.01090786
fashion_mnist,random_unitary,4096,201,0.82201281,0.08020174,0.98516295
fashion_mnist,random_unitary,4096,202,0.81833606,0.01927833,1.00676334
fashion_mnist,random_unitary,4096,203,0.81471485,0.09608639,1.01111076
fashion_mnist,random_unitary,4096,204,0.81477004,0.01843537,1.007073
fashion_mnist,random_unitary,4096,205,0.83341293,0.01503391,0.99697293
fashion_mnist,random_unitary,4096,206,0.82368591,0.04174271,1.01891064
fashion_mnist,random_unitary,4096,207,0.82441995,0.09457513,1.00183121
fashion_mnist,random_unitary,4096,208,0.82471436,0.02186211,0.99636673
fashion_mnist,random_unitary,4096,209,0.81345886,0.06541657,1.00070271
fashion_mnist,random_unitary,4096,210,0.82449408,0.05402557,1.01086745
fashion_mnist,random_unitary,4096,211,0.82717281,0.02683796,0.9838315
fashion_mnist,random_unitary,4096,212,0.82839144,0.05490493,0.99332144
fashion_mnist,random_unitary,4096,213,0.81881634,0.02031217,0.99958826
fashion_mnist,random_unitary,4096,214,0.82099207,0.01267705,0.98675327
fashion_mnist,random_unitary,4096,215,0.81974687,0.07979139,0.97939028
fashion_mnist,random_unitary,4096,216,0.81985472,0.00959731,0.995106
fashion_mnist,random_unitary,4096,217,0.82194871,0.0520373,1.01674331
fashion_mnist,random_unitary,4096,218,0.82424181,0.08117517,1.01703247
fashion_mnist,random_unitary,4096,219,0.82488201,0.01397197,1.01439559
fashion_mnist,random_unitary,4096,220,0.82314326,0.04757209,0.99683442
fashion_mnist,random_unitary,4096,221,0.81975448,0.01484923,1.01442636
fashion_mnist,random_unitary,4096,222,0.8170157,0.10856424,0.99796418
fashion_mnist,random_unitary,4096,223,0.8162756,0.02646068,1.01462126
fashion_mnist,random_unitary,4096,224,0.82553122,0.00728874,0.98085631
fashion_mnist,random_unitary,4096,225,0.83227226,0.08854687,1.01147106
fashion_mnist,random_unitary,4096,226,0.81989689,0.0120156,1.00528601
fashion_mnist,random_unitary,4096,227,0.83694146,0.00172189,1.0093159
fashion_mnist,random_unitary,4096,228,0.82654768,0.06375149,0.97314714
fashion_mnist,random_unitary,4096,229,0.81541859,0.01048795,0.97337792
fashion_mnist,random_unitary,4096,230,0.8228153,0.04482353,1.00293778
fashion_mnist,random_unitary,4096,231,0.82311083,0.06257159,1.00580956
fashion_mnist,random_unitary,4096,232,0.81466962,0.06967205,1.02260575
fashion_mnist,random_unitary,4096,233,0.82099028,0.01979684,1.0109894
fashion_mnist,random_unitary,4096,234,0.82770397,0.06132781,1.01113281
fashion_mnist,random_unitary,4096,235,0.82760123,0.00890793,1.01541575
fashion_mnist,random_unitary,4096,236,0.82262646,0.02475513,0.99887169
fashion_mnist,random_unitary,4096,237,0.82380984,0.03737093,1.00396399
fashion_mnist,random_unitary,4096,238,0.82744399,0.0102287,0.98737378
fashion_mnist,random_unitary,4096,239,0.82138069,0.06211036,1.00662486
fashion_mnist,random_unitary,4096,240,0.82525401,0.05652241,1.00475965
fashion_mnist,random_unitary,4096,241,0.8213482,0.10029278,1.00650831
fashion_mnist,random_unitary,4096,242,0.81876531,0.04608925,1.0132981
fashion_mnist,random_unitary,4096,243,0.827287,0.02728398,1.00082433
fashion_mnist,random_unitary,4096,244,0.82281759,0.05129322,0.98427131
fashion_mnist,random_unitary,4096,245,0.82480677,0.04045237,0.98295682
fashion_mnist,random_unitary,4096,246,0.83173215,0.03020509,0.99292232
fashion_mnist,random_unitary,4096,247,0.82120909,0.0522767,1.00029753
fashion_mnist,random_unitary,4096,248,0.82407693,0.13598777,1.00539963
fashion_mnist,random_unitary,4096,249,0.82578978,0.00990122,0.99332012
fashion_mnist,random_unitary,4096,250,0.81863063,0.00591572,1.0047136
fashion_mnist,random_unitary,4096,251,0.81259089,0.04007296,0.98972557
fashion_mnist,random_unitary,4096,252,0.82423602,0.09641848,1.00626123
fashion_mnist,random_unitary,4096,253,0.83008421,0.00906085,1.02007596
fashion_mnist,random_unitary,4096,254,0.82438124,0.05323038,1.01348557
fashion_mnist,random_unitary,4096,255,0.82666326,0.02297504,0.99326374
fashion_mnist,random_unitary,4096,256,0.81914222,0.00356501,0.96599819
fashion_mnist,random_unitary,4096,257,0.82764529,0.03388407,0.99904392
fashion_mnist,random_unitary,4096,258,0.83586108,0.05220831,1.00621595
fashion_mnist,random_unitary,4096,259,0.82288181,0.08174792,1.00961394
fashion_mnist,random_unitary,4096,260,0.82065373,0.03150902,1.01031185
fashion_mnist,random_unitary,4096,261,0.82503597,0.03552108,1.0247171
fashion_mnist,random_unitary,4096,262,0.82581216,0.05976107,0.9702185
fashion_mnist,random_unitary,4096,263,0.82733867,0.02372202,1.03738018
fashion_mnist,random_unitary,4096,264,0.8246046,0.01966513,1.00243505
fashion_mnist,random_unitary,4096,265,0.82132655,0.05740461,0.99746772
fashion_mnist,random_unitary,4096,266,0.82151375,0.02008384,0.99711547
fashion_mnist,random_unitary,4096,267,0.82739111,0.02467471,0.98528287
fashion_mnist,random_unitary,4096,268,0.82172281,0.00388192,0.97825543
fashion_mnist,random_unitary,4096,269,0.83015279,0.04270717,0.98155985
fashion_mnist,random_unitary,4096,270,0.82547417,0.08948094,1.01627706
fashion_mnist,random_unitary,4096,271,0.83041079,0.06418309,1.01002825
fashion_mnist,random_unitary,4096,272,0.81965304,0.02084617,1.02674873
fashion_mnist,random_unitary,4096,273,0.82469597,0.04253237,1.00087977
fashion_mnist,random_unitary,4096,274,0.82296625,0.05347654,1.00522548
fashion_mnist,random_unitary,4096,275,0.82645721,0.03504669,0.97877747
fashion_mnist,random_unitary,4096,276,0.81860827,0.01086953,0.99501201
fashion_mnist,random_unitary,4096,277,0.83154578,0.01105675,1.01591502
fashion_mnist,random_unitary,4096,278,0.81506227,0.04601013,1.00331283
fashion_mnist,random_unitary,4096,279,0.81402637,0.005116,1.02383828
fashion_mnist,random_unitary,4096,280,0.81533025,0.11760722,0.99609079
fashion_mnist,random_unitary,4096,281,0.8310629,0.0041701,0.98798316
fashion_mnist,random_unitary,4096,282,0.81646631,0.01312508,1.0024218
fashion_mnist,random_unitary,4096,283,0.82312515,0.02995718,1.00233513
fashion_mnist,random_unitary,4096,284,0.82575975,0.03774279,0.98904707
fashion_mnist,random_unitary,4096,285,0.81921024,0.02957084,1.02319357
fashion_mnist,random_unitary,4096,286,0.82235189,0.060084,1.00113111
fashion_mnist,random_unitary,4096,287,0.81843245,0.07154037,1.00003588
fashion_mnist,random_unitary,4096,288,0.82253698,0.02204083,0.99705188
fashion_mnist,random_unitary,4096,289,0.82455958,0.01257613,1.02564886
fashion_mnist,random_unitary,4096,290,0.82458332,0.00278862,1.0002376
fashion_mnist,random_unitary,4096,291,0.81923445,0.01122926,1.00146335
fashion_mnist,random_unitary,4096,292,0.83250461,0.01150458,0.97924165
fashion_mnist,random_unitary,4096,293,0.82513031,0.01969419,0.98337176
fashion_mnist,random_unitary,4096,294,0.81642842,0.05893261,1.03426509
fashion_mnist,random_unitary,4096,295,0.82537855,0.02877354,1.01018566
fashion_mnist,random_unitary,4096,296,0.81585757,0.05346914,0.9891585
fashion_mnist,random_unitary,4096,297,0.82597321,0.05952378,1.01686279
fashion_mnist,random_unitary,4096,298,0.82174358,0.07658516,0.99311378
fashion_mnist,random_unitary,4096,299,0.80854003,0.01628235,0.9871582
fashion_mnist,random_unitary,4096,300,0.82174611,0.10994331,0.99287299
fashion_mnist,random_unitary,4096,301,0.81182119,0.03361481,0.98892547
fashion_mnist,random_unitary,4096,302,0.82029062,0.07217262,1.00747454
fashion_mnist,random_unitary,4096,303,0.82528902,0.04243522,1.00958805
fashion_mnist,random_unitary,4096,304,0.8287713,0.0054198,0.97782715
fashion_mnist,random_unitary,4096,305,0.82969955,0.09144627,1.01624136
fashion_mnist,random_unitary,4096,306,0.81622547,0.0083934,0.97571864
fashion_mnist,random_unitary,4096,307,0.82481209,0.00807005,0.99108334
fashion_mnist,random_unitary,4096,308,0.81583434,0.08251963,1.02726137
fashion_mnist,random_unitary,4096,309,0.8293243,0.02766967,1.01300709
fashion_mnist,random_unitary,4096,310,0.83050511,0.03789539,1.0175013
fashion_mnist,random_unitary,4096,311,0.81869957,0.04555236,0.99495203
fashion_mnist,random_unitary,4096,312,0.8311984,0.08341684,0.97812519
fashion_mnist,random_unitary,4096,313,0.82638495,0.02768076,1.00426593
fashion_mnist,random_unitary,4096,314,0.82790076,0.05620408,1.00562781
fashion_mnist,random_unitary,4096,315,0.81626788,0.01248324,0.97817923
fashion_mnist,random_unitary,4096,316,0.81666831,0.04165289,1.02793031
fashion_mnist,random_unitary,4096,317,0.81765733,0.02330953,1.00474075
fashion_mnist,random_unitary,4096,318,0.8369448,0.04052135,1.0393173
fashion_mnist,random_unitary,4096,319,0.83491422,0.01121796,0.99746016
fashion_mnist,random_unitary,4096,320,0.82675718,0.02503394,0.99400989
fashion_mnist,random_unitary,4096,321,0.82111997,0.01295845,1.00552268
fashion_mnist,random_unitary,4096,322,0.8246958,0.01178238,0.98363381
fashion_mnist,random_unitary,4096,323,0.81514751,0.05388872,1.01843565
fashion_mnist,random_unitary,4096,324,0.81958357,0.01540733,0.98498086
fashion_mnist,random_unitary,4096,325,0.82212005,0.08328111,0.99651489
fashion_mnist,random_unitary,4096,326,0.81980839,0.06660572,0.9886013
fashion_mnist,random_unitary,4096,327,0.8239339,0.02139661,1.01503258
fashion_mnist,random_unitary,4096,328,0.82114549,0.00295782,0.99463223
fashion_mnist,random_unitary,4096,329,0.83980354,0.04285293,1.00405081
fashion_mnist,random_unitary,4096,330,0.8247207,0.02943264,0.98586782
fashion_mnist,random_unitary,4096,331,0.82699265,0.02805797,0.99092281
fashion_mnist,random_unitary,4096,332,0.81243084,0.05401504,1.00681018
fashion_mnist,random_unitary,4096,333,0.81681235,0.00101287,0.98801281
fashion_mnist,random_unitary,4096,334,0.81829677,0.01984725,1.00511631
fashion_mnist,random_unitary,4096,335,0.81650012,0.04682364,0.97784537
fashion_mnist,random_unitary,4096,336,0.82655921,0.02866756,0.98205994
fashion_mnist,random_unitary,4096,337,0.81529954,0.00016351,1.02133036
fashion_mnist,random_unitary,4096,338,0.82491987,0.10944857,0.9909139
fashion_mnist,random_unitary,4096,339,0.8161161,0.08193935,1.0115007
fashion_mnist,random_unitary,4096,340,0.81969594,0.01657502,0.99542672
fashion_mnist,random_unitary,4096,341,0.81743854,0.04457241,0.99242148
fashion_mnist,random_unitary,4096,342,0.82136131,0.0451857,1.00547907
fashion_mnist,random_unitary,4096,343,0.82798691,0.12855605,1.00487149
fashion_mnist,random_unitary,4096,344,0.81445918,0.05302174,0.9857469
fashion_mnist,random_unitary,4096,345,0.82310386,0.09311493,1.00515728
fashion_mnist,random_unitary,4096,346,0.82587563,0.01194333,1.00504066
fashion_mnist,random_unitary,4096,347,0.82793231,0.05452348,1.01723315
fashion_mnist,random_unitary,4096,348,0.81632286,0.04988756,1.03278599
fashion_mnist,random_unitary,4096,349,0.82767835,0.0857432,1.01748833
fashion_mnist,random_unitary,4096,350,0.81845982,0.06390784,0.99217181
fashion_mnist,random_unitary,4096,351,0.82480216,0.06697293,0.99733865
fashion_mnist,random_unitary,4096,352,0.82362841,0.05123223,1.0257267
fashion_mnist,random_unitary,4096,353,0.8073583,0.12773503,1.01108168
fashion_mnist,random_unitary,4096,354,0.83189766,0.0768822,0.98842311
fashion_mnist,random_unitary,4096,355,0.82855505,0.04847545,1.01490319
fashion_mnist,random_unitary,4096,356,0.8243878,0.0643935,1.00597362
fashion_mnist,random_unitary,4096,357,0.82016878,0.00479385,1.01842057
fashion_mnist,random_unitary,4096,358,0.82088208,0.04140065,0.97456105
fashion_mnist,random_unitary,4096,359,0.82708327,0.02184718,0.99818175
fashion_mnist,random_unitary,4096,360,0.81600855,0.04384542,1.00013243
fashion_mnist,random_unitary,4096,361,0.82467548,0.02250287,0.99371511
fashion_mnist,random_unitary,4096,362,0.82436052,0.03319655,0.99583058
fashion_mnist,random_unitary,4096,363,0.81703224,0.01823008,0.99770342
fashion_mnist,random_unitary,4096,364,0.83434678,0.0089976,1.00733685
fashion_mnist,random_unitary,4096,365,0.82507679,0.01562198,0.99199509
fashion_mnist,random_unitary,4096,366,0.81985833,0.00769066,1.00585151
fashion_mnist,random_unitary,4096,367,0.8163562,0.03266631,1.01844435
fashion_mnist,random_unitary,4096,368,0.81798559,0.01600443,0.97136112
fashion_mnist,random_unitary,4096,369,0.82379139,0.05361327,0.99784601
fashion_mnist,random_unitary,4096,370,0.81861901,0.0422641,0.9982843
fashion_mnist,random_unitary,4096,371,0.8206204,0.03068423,1.00550126
fashion_mnist,random_unitary,4096,372,0.82468534,0.04224787,0.97698963
fashion_mnist,random_unitary,4096,373,0.82299956,0.03676031,1.01196968
fashion_mnist,random_unitary,4096,374,0.81828318,0.09542256,1.00993811
fashion_mnist,random_unitary,4096,375,0.82616642,0.00438813,0.9965506
fashion_mnist,random_unitary,4096,376,0.8166362,0.01370401,0.97499923
fashion_mnist,random_unitary,4096,377,0.82357106,0.02873273,1.0242503
fashion_mnist,random_unitary,4096,378,0.81487376,0.13173494,0.97958765
fashion_mnist,random_unitary,4096,379,0.81849016,0.00796549,1.00565536
fashion_mnist,random_unitary,4096,380,0.82279364,0.00826605,1.00271063
fashion_mnist,random_unitary,4096,381,0.81699627,0.04650221,1.0294793
fashion_mnist,random_unitary,4096,382,0.82422642,0.02424773,0.99409182
fashion_mnist,random_unitary,4096,383,0.82941582,0.01921892,1.01722637
fashion_mnist,random_unitary,4096,384,0.8269602,0.03073534,0.98586773
fashion_mnist,random_unitary,4096,385,0.82336652,0.01146482,1.01310376
fashion_mnist,random_unitary,4096,386,0.82534585,0.08442149,0.98630317
fashion_mnist,random_unitary,4096,387,0.82113903,0.03044972,1.00478025
fashion_mnist,random_unitary,4096,388,0.82135195,0.02728719,1.02200627
fashion_mnist,random_unitary,4096,389,0.81721729,0.05203086,1.00672594
fashion_mnist,random_unitary,4096,390,0.81969416,0.05774702,0.99311046
fashion_mnist,random_unitary,4096,391,0.81653915,0.00758556,0.99490117
fashion_mnist,random_unitary,4096,392,0.82481162,0.03913397,1.00731092
fashion_mnist,random_unitary,4096,393,0.82815032,0.01691959,1.01945132
fashion_mnist,random_unitary,4096,394,0.81514592,0.03093644,0.98941869
fashion_mnist,random_unitary,4096,395,0.81806088,0.12084447,0.99709599
fashion_mnist,random_unitary,4096,396,0.83637013,0.02387146,0.99286657
fashion_mnist,random_unitary,4096,397,0.81422711,0.04065299,0.9802845
fashion_mnist,random_unitary,4096,398,0.82531335,0.00194904,1.00539912
fashion_mnist,random_unitary,4096,399,0.81491323,0.03549904,1.01696428
fashion_mnist,random_unitary,4096,400,0.82645256,0.11059031,0.9905849
fashion_mnist,random_unitary,4096,401,0.82991914,0.0715173,1.00565992
fashion_mnist,random_unitary,4096,402,0.82446551,0.02859663,1.00558603
fashion_mnist,random_unitary,4096,403,0.81874681,0.02056416,0.99736406
fashion_mnist,random_unitary,4096,404,0.82419581,0.03459331,0.98228227
fashion_mnist,random_unitary,4096,405,0.81090753,0.00089199,1.00205393
fashion_mnist,random_unitary,4096,406,0.82134167,0.07355812,1.00647101
fashion_mnist,random_unitary,4096,407,0.82041247,0.0127227,1.0126241
fashion_mnist,random_unitary,4096,408,0.82322737,0.05000981,0.98583605
fashion_mnist,random_unitary,4096,409,0.8152461,0.01981758,0.99335063
fashion_mnist,random_unitary,4096,410,0.82963215,0.12788404,0.99350204
fashion_mnist,random_unitary,4096,411,0.81604664,0.02717509,0.98439793
fashion_mnist,random_unitary,4096,412,0.82463063,0.16065924,0.987916
fashion_mnist,random_unitary,4096,413,0.82265871,0.06362111,1.03317696
fashion_mnist,random_unitary,4096,414,0.81050488,0.02898888,1.01624387
fashion_mnist,random_unitary,4096,415,0.81952595,0.0567013,1.00838652
fashion_mnist,random_unitary,4096,416,0.82892837,0.02098486,1.00020971
fashion_mnist,random_unitary,4096,417,0.82892464,0.02126106,0.99057946
fashion_mnist,random_unitary,4096,418,0.81625504,0.02037453,0.99652595
fashion_mnist,random_unitary,4096,419,0.8198767,0.05824395,1.01096685
fashion_mnist,random_unitary,4096,420,0.82351375,0.00159511,1.00697328
fashion_mnist,random_unitary,4096,421,0.82403884,0.00324366,0.98056716
fashion_mnist,random_unitary,4096,422,0.82240966,0.03866059,1.00943518
fashion_mnist,random_unitary,4096,423,0.81896583,0.05868089,1.03620163
fashion_mnist,random_unitary,4096,424,0.81350368,0.01611108,1.02971596
fashion_mnist,random_unitary,4096,425,0.81708313,0.11241753,0.99155359
fashion_mnist,random_unitary,4096,426,0.82644718,0.1259086,0.98212777
fashion_mnist,random_unitary,4096,427,0.82988644,0.01461784,0.98864008
fashion_mnist,random_unitary,4096,428,0.8220664,0.00674149,0.98892435
fashion_mnist,random_unitary,4096,429,0.82861184,0.11136388,0.99496173
fashion_mnist,random_unitary,4096,430,0.83010645,0.04681028,1.00531502
fashion_mnist,random_unitary,4096,431,0.81540103,0.03847592,1.00393379
fashion_mnist,random_unitary,4096,432,0.81297165,0.02550524,0.99313192
fashion_mnist,random_unitary,4096,433,0.81570633,0.07346123,1.01351367
fashion_mnist,random_unitary,4096,434,0.82149975,0.00954576,1.01232148
fashion_mnist,random_unitary,4096,435,0.8177197,0.00412567,0.99876645
fashion_mnist,random_unitary,4096,436,0.83245447,0.07349553,1.01023878
fashion_mnist,random_unitary,4096,437,0.81858006,0.00633011,0.98755339
fashion_mnist,random_unitary,4096,438,0.81475979,0.08429314,0.99305726
fashion_mnist,random_unitary,4096,439,0.81941645,0.01446708,1.01165408
fashion_mnist,random_unitary,4096,440,0.82141175,0.05541115,1.03666332
fashion_mnist,random_unitary,4096,441,0.80851323,0.10107584,1.00800563
fashion_mnist,random_unitary,4096,442,0.824587,0.07419705,0.99703293
fashion_mnist,random_unitary,4096,443,0.81974765,0.04379943,1.00521109
fashion_mnist,random_unitary,4096,444,0.8144281,0.06995993,1.0118861
fashion_mnist,random_unitary,4096,445,0.82222376,0.00994597,0.9948553
fashion_mnist,random_unitary,4096,446,0.82759571,0.04751195,0.98077677
fashion_mnist,random_unitary,4096,447,0.82712537,0.05750329,0.9883678
fashion_mnist,random_unitary,4096,448,0.82515151,0.0226081,0.98723128
fashion_mnist,random_unitary,4096,449,0.82522512,0.04793384,1.0059786
fashion_mnist,random_unitary,4096,450,0.83172723,0.00126283,1.00007562
fashion_mnist,random_unitary,4096,451,0.82401107,0.04882635,0.98351327
fashion_mnist,random_unitary,4096,452,0.81683782,0.00414756,0.98650258
fashion_mnist,random_unitary,4096,453,0.82605569,0.02360896,0.99168585
fashion_mnist,random_unitary,4096,454,0.83744556,0.07728311,1.00361622
fashion_mnist,random_unitary,4096,455,0.81558815,0.00192483,0.99989292
fashion_mnist,random_unitary,4096,456,0.81492484,0.03335444,0.98823951
fashion_mnist,random_unitary,4096,457,0.81012691,0.07115977,0.98767706
fashion_mnist,random_unitary,4096,458,0.81762538,0.07173969,1.01428767
fashion_mnist,random_unitary,4096,459,0.82695315,0.04409401,1.00054831
fashion_mnist,random_unitary,4096,460,0.82894528,0.09419577,1.01263561
fashion_mnist,random_unitary,4096,461,0.82810095,0.04768933,1.0043002
fashion_mnist,random_unitary,4096,462,0.82424052,0.05424307,0.99802105
fashion_mnist,random_unitary,4096,463,0.81697184,0.02506024,1.00319642
fashion_mnist,random_unitary,4096,464,0.8222144,0.01451954,0.9952337
fashion_mnist,random_unitary,4096,465,0.82268174,0.03347154,0.98186471
fashion_mnist,random_unitary,4096,466,0.82454329,0.00719184,0.98794162
fashion_mnist,random_unitary,4096,467,0.81640313,0.01619156,0.99445253
fashion_mnist,random_unitary,4096,468,0.82942104,0.03356082,0.96837863
fashion_mnist,random_unitary,4096,469,0.82525342,0.05747079,0.96888366
fashion_mnist,random_unitary,4096,470,0.82644399,0.01607642,1.0115445
fashion_mnist,random_unitary,4096,471,0.81294209,0.00531486,0.99383724
fashion_mnist,random_unitary,4096,472,0.82358818,0.02815832,1.00400143
fashion_mnist,random_unitary,4096,473,0.82211114,0.00666126,1.0186898
fashion_mnist,random_unitary,4096,474,0.8256425,0.03370041,0.98192461
fashion_mnist,random_unitary,4096,475,0.81797327,0.05148723,0.99068622
fashion_mnist,random_unitary,4096,476,0.83094678,0.09882914,0.97020949
fashion_mnist,random_unitary,4096,477,0.82996408,0.02490258,0.99003851
fashion_mnist,random_unitary,4096,478,0.81369452,0.03804217,0.99484716
fashion_mnist,random_unitary,4096,479,0.82137207,0.06640894,0.96925469
fashion_mnist,random_unitary,4096,480,0.82445541,0.08110926,1.00777462
fashion_mnist,random_unitary,4096,481,0.8341122,0.01022023,1.00451822
fashion_mnist,random_unitary,4096,482,0.81903959,0.02916048,0.99280708
fashion_mnist,random_unitary,4096,483,0.82403878,0.00641651,0.98972623
fashion_mnist,random_unitary,4096,484,0.82648861,0.04795979,1.0216892
fashion_mnist,random_unitary,4096,485,0.81860889,0.01971638,0.97444891
fashion_mnist,random_unitary,4096,486,0.81678695,0.0100943,0.97929863
fashion_mnist,random_unitary,4096,487,0.82042274,0.07527864,1.02853869
fashion_mnist,random_unitary,4096,488,0.82042123,0.12267168,0.99419348
fashion_mnist,random_unitary,4096,489,0.81416997,0.02384533,0.98040263
fashion_mnist,random_unitary,4096,490,0.8220355,0.03062961,1.00318955
fashion_mnist,random_unitary,4096,491,0.83057624,0.02685573,1.01488645
fashion_mnist,random_unitary,4096,492,0.82941575,0.00365818,1.01725417
fashion_mnist,random_unitary,4096,493,0.81805753,0.04295309,0.99702535
fashion_mnist,random_unitary,4096,494,0.82778443,0.03211561,0.99087792
fashion_mnist,random_unitary,4096,495,0.82511027,0.06707692,1.00195545
fashion_mnist,random_unitary,4096,496,0.81770372,0.04044759,1.0026723
fashion_mnist,random_unitary,4096,497,0.82126144,0.04456203,1.00810995
fashion_mnist,random_unitary,4096,498,0.82741522,0.0774682,1.00443676
fashion_mnist,random_unitary,4096,499,0.82004377,0.00111004,1.02177976
fashion_mnist,random_unitary,4096,500,0.81037548,0.04150843,0.98949679
fashion_mnist,random_unitary,4096,501,0.82540496,0.00402118,1.03761035
fashion_mnist,random_unitary,4096,502,0.82883282,0.03579876,1.0118097
fashion_mnist,random_unitary,4096,503,0.81737827,0.05978786,1.00403615
fashion_mnist,random_unitary,4096,504,0.8209118,0.03386541,0.99184491
fashion_mnist,random_unitary,4096,505,0.81739826,0.01218796,0.99383213
fashion_mnist,random_unitary,4096,506,0.81832595,0.04088981,1.00975753
fashion_mnist,random_unitary,4096,507,0.81847705,0.01532464,0.97552342
fashion_mnist,random_unitary,4096,508,0.8187547,0.01419032,1.01145889
fashion_mnist,random_unitary,4096,509,0.8179222,0.02729633,1.02890161
fashion_mnist,random_unitary,4096,510,0.82853398,0.01582793,1.01392783
fashion_mnist,random_unitary,4096,511,0.8176112,0.00055369,0.9546763
fashion_mnist,random_unitary,4096,512,0.8218742,0.01936305,1.01062205
fashion_mnist,random_unitary,4096,513,0.82239185,0.00807162,1.00807597
fashion_mnist,random_unitary,4096,514,0.82473642,0.02758626,0.99491689
fashion_mnist,random_unitary,4096,515,0.83138281,0.02004008,0.96798816
fashion_mnist,random_unitary,4096,516,0.81927328,0.02312389,1.02405486
fashion_mnist,random_unitary,4096,517,0.81917952,0.0211407,1.00476423
fashion_mnist,random_unitary,4096,518,0.82159234,0.07024825,0.99031104
fashion_mnist,random_unitary,4096,519,0.81694366,0.01806613,0.99573428
fashion_mnist,random_unitary,4096,520,0.8190333,0.04012886,1.01235715
fashion_mnist,random_unitary,4096,521,0.82873342,0.02060239,1.01719288
fashion_mnist,random_unitary,4096,522,0.81628608,0.05224911,1.01718432
fashion_mnist,random_unitary,4096,523,0.82040393,0.00909818,1.01452581
fashion_mnist,random_unitary,4096,524,0.81856412,0.00441967,1.0063079
fashion_mnist,random_unitary,4096,525,0.81831402,0.05868579,1.00029522
fashion_mnist,random_unitary,4096,526,0.82498285,0.07813029,0.99335856
fashion_mnist,random_unitary,4096,527,0.81930496,0.01450691,1.01575013
fashion_mnist,random_unitary,4096,528,0.82402559,0.00886265,1.0068237
fashion_mnist,random_unitary,4096,529,0.81880757,0.07550799,1.02509312
fashion_mnist,random_unitary,4096,530,0.8343469,0.02852681,1.01577512
fashion_mnist,random_unitary,4096,531,0.83000392,0.087499,0.99272509
fashion_mnist,random_unitary,4096,532,0.81905446,0.01034631,1.02476411
fashion_mnist,random_unitary,4096,533,0.81843001,0.00573624,1.02093109
fashion_mnist,random_unitary,4096,534,0.8289242,0.08894195,0.99323568
fashion_mnist,random_unitary,4096,535,0.82402588,0.03075214,1.01044731
fashion_mnist,random_unitary,4096,536,0.80735497,0.00874333,0.99062106
fashion_mnist,random_unitary,4096,537,0.82719945,0.01782236,1.01556453
fashion_mnist,random_unitary,4096,538,0.81128723,0.08450621,0.98069949
fashion_mnist,random_unitary,4096,539,0.82207654,0.0307897,0.99907082
fashion_mnist,random_unitary,4096,540,0.82053294,0.005743,0.98149117
fashion_mnist,random_unitary,4096,541,0.82197826,4.997e-05,1.00774635
fashion_mnist,random_unitary,4096,542,0.81905465,0.05915991,0.99503131
fashion_mnist,random_unitary,4096,543,0.81919953,0.01973914,0.97172901
fashion_mnist,random_unitary,4096,544,0.82920169,0.05186119,0.99678854
fashion_mnist,random_unitary,4096,545,0.81367796,0.01692457,1.01112434
fashion_mnist,random_unitary,4096,546,0.82565088,0.09062254,1.00630497
fashion_mnist,random_unitary,4096,547,0.82177501,0.03203153,0.98923822
fashion_mnist,random_unitary,4096,548,0.81392112,0.03486977,0.97234969
fashion_mnist,random_unitary,4096,549,0.8230458,0.02475216,1.01408147
fashion_mnist,random_unitary,4096,550,0.82445768,0.01130035,0.9778409
fashion_mnist,random_unitary,4096,551,0.81604248,0.04255921,0.9944855
fashion_mnist,random_unitary,4096,552,0.82675316,0.026695,1.00086072
fashion_mnist,random_unitary,4096,553,0.83057646,0.08571784,0.99934326
fashion_mnist,random_unitary,4096,554,0.82538424,0.02002296,1.00375338
fashion_mnist,random_unitary,4096,555,0.8320994,0.01433985,0.97771527
fashion_mnist,random_unitary,4096,556,0.82185186,0.03588388,0.98111025
fashion_mnist,random_unitary,4096,557,0.81343348,0.12414077,1.01291172
fashion_mnist,random_unitary,4096,558,0.82416024,0.00129012,0.99554255
fashion_mnist,random_unitary,4096,559,0.83010264,0.032828,0.99550539
fashion_mnist,random_unitary,4096,560,0.82149505,0.10735707,0.99755876
fashion_mnist,random_unitary,4096,561,0.82113379,0.04193067,0.9957025
fashion_mnist,random_unitary,4096,562,0.81977861,0.0745727,0.9844291
fashion_mnist,random_unitary,4096,563,0.82051201,0.05882863,0.9895315
fashion_mnist,random_unitary,4096,564,0.82227896,0.01526804,0.99672893
fashion_mnist,random_unitary,4096,565,0.83188589,0.02290402,1.01020139
fashion_mnist,random_unitary,4096,566,0.81559036,0.0383692,1.03815938
fashion_mnist,random_unitary,4096,567,0.82295525,0.06547022,1.0011101
fashion_mnist,random_unitary,4096,568,0.83565707,0.032953,1.01182516
fashion_mnist,random_unitary,4096,569,0.81775801,0.046455,1.01899232
fashion_mnist,random_unitary,4096,570,0.82106061,0.0226261,0.9934026
fashion_mnist,random_unitary,4096,571,0.81915163,0.06188,0.99357779
fashion_mnist,random_unitary,4096,572,0.82112439,0.08419653,0.99989075
fashion_mnist,random_unitary,4096,573,0.81465344,0.04721108,0.99329953
fashion_mnist,random_unitary,4096,574,0.81913308,0.08308957,0.99154314
fashion_mnist,random_unitary,4096,575,0.82063478,0.04409036,0.99903576
fashion_mnist,random_unitary,4096,576,0.8225792,0.02040438,0.97666883
fashion_mnist,random_unitary,4096,577,0.82223569,0.14266075,1.00423954
fashion_mnist,random_unitary,4096,578,0.83151686,0.02860374,0.97966373
fashion_mnist,random_unitary,4096,579,0.81849591,0.02008966,0.99410427
fashion_mnist,random_unitary,4096,580,0.82550165,0.08144383,0.9835053
fashion_mnist,random_unitary,4096,581,0.8226803,0.01296882,0.98666138
fashion_mnist,random_unitary,4096,582,0.81705361,0.02339653,1.01942738
fashion_mnist,random_unitary,4096,583,0.81755443,0.0327671,1.00389449
fashion_mnist,random_unitary,4096,584,0.81668303,0.04235934,1.00217923
fashion_mnist,random_unitary,4096,585,0.8246838,0.01044417,0.99244396
fashion_mnist,random_unitary,4096,586,0.8379513,0.01906243,0.98570146
fashion_mnist,random_unitary,4096,587,0.81108182,0.01972591,0.99626549
fashion_mnist,random_unitary,4096,588,0.82081589,0.02123974,0.99152965
fashion_mnist,random_unitary,4096,589,0.824066,0.00152543,0.98307572
fashion_mnist,random_unitary,4096,590,0.83366746,0.00826332,1.00365298
fashion_mnist,random_unitary,4096,591,0.8233525,0.06643185,1.02031433
fashion_mnist,random_unitary,4096,592,0.8340751,0.07431326,0.99313032
fashion_mnist,random_unitary,4096,593,0.82693896,0.01072526,0.9927455
fashion_mnist,random_unitary,4096,594,0.83305296,0.05413765,1.00987292
fashion_mnist,random_unitary,4096,595,0.8190804,0.03245445,1.00000476
fashion_mnist,random_unitary,4096,596,0.82132122,0.04204928,1.00874226
fashion_mnist,random_unitary,4096,597,0.81656266,0.00596822,0.98172218
fashion_mnist,random_unitary,4096,598,0.81782744,0.00984831,1.0107035
fashion_mnist,random_unitary,4096,599,0.82465146,0.03835008,1.00949864
fashion_mnist,random_unitary,4096,600,0.82054694,0.08637555,0.99941928
fashion_mnist,random_unitary,4096,601,0.82272769,0.00701087,1.01414829
fashion_mnist,random_unitary,4096,602,0.81730644,0.06140462,1.02262081
fashion_mnist,random_unitary,4096,603,0.82418278,0.00113487,1.00320929
fashion_mnist,random_unitary,4096,604,0.81904682,0.05621785,1.0188697
fashion_mnist,random_unitary,4096,605,0.80915528,0.02686418,0.98301183
fashion_mnist,random_unitary,4096,606,0.82176137,0.01334587,1.00335417
fashion_mnist,random_unitary,4096,607,0.8295684,0.08083076,0.99344606
fashion_mnist,random_unitary,4096,608,0.81522195,0.00987396,0.997574
fashion_mnist,random_unitary,4096,609,0.83469251,0.05219838,0.99283657
fashion_mnist,random_unitary,4096,610,0.82244303,0.02094104,0.97973412
fashion_mnist,random_unitary,4096,611,0.82525447,0.02883141,0.99571811
fashion_mnist,random_unitary,4096,612,0.82740195,0.01308444,1.02084515
fashion_mnist,random_unitary,4096,613,0.81041306,0.03583737,1.0095956
fashion_mnist,random_unitary,4096,614,0.80782799,0.02446305,0.98579939
fashion_mnist,random_unitary,4096,615,0.82248353,0.12653709,0.99452293
fashion_mnist,random_unitary,4096,616,0.82146199,0.01992011,0.9973935
fashion_mnist,random_unitary,4096,617,0.82015026,0.06072317,0.99942424
fashion_mnist,random_unitary,4096,618,0.82608369,0.05046656,1.00093301
fashion_mnist,random_unitary,4096,619,0.81926924,0.10807796,1.00365206
fashion_mnist,random_unitary,4096,620,0.82116859,0.05991723,1.02180864
fashion_mnist,random_unitary,4096,621,0.82362355,0.06277592,1.01402513
fashion_mnist,random_unitary,4096,622,0.81495467,0.03710984,1.00386951
fashion_mnist,random_unitary,4096,623,0.82424946,0.04818724,0.99713588
fashion_mnist,random_unitary,4096,624,0.83197055,0.10166774,1.01448848
fashion_mnist,random_unitary,4096,625,0.825127,0.03437533,0.98758957
fashion_mnist,random_unitary,4096,626,0.830345,0.02190188,1.00668544
fashion_mnist,random_unitary,4096,627,0.82182462,0.08951293,1.0374871
fashion_mnist,random_unitary,4096,628,0.81778349,0.06298442,0.99724483
fashion_mnist,random_unitary,4096,629,0.82704329,0.00252119,1.01103787
fashion_mnist,random_unitary,4096,630,0.8275736,0.05956202,0.99389772
fashion_mnist,random_unitary,4096,631,0.82017619,0.00815312,0.99354713
fashion_mnist,random_unitary,4096,632,0.81189561,0.01743536,1.00984563
fashion_mnist,random_unitary,4096,633,0.82038058,0.02675334,0.98538241
fashion_mnist,random_unitary,4096,634,0.8195852,0.00096776,0.9960948
fashion_mnist,random_unitary,4096,635,0.82375476,0.07072048,1.02116153
fashion_mnist,random_unitary,4096,636,0.82950435,0.09238425,1.02239565
fashion_mnist,random_unitary,4096,637,0.83349111,0.07078995,0.99129018
fashion_mnist,random_unitary,4096,638,0.81334326,0.01421292,0.97454694
fashion_mnist,random_unitary,4096,639,0.81727958,0.05768402,0.96596549
fashion_mnist,random_unitary,4096,640,0.83859973,0.029842,0.98610612
fashion_mnist,random_unitary,4096,641,0.81941109,0.0019632,0.98263919
fashion_mnist,random_unitary,4096,642,0.82033743,0.0182803,0.98027259
fashion_mnist,random_unitary,4096,643,0.82098581,0.11461313,1.00184595
fashion_mnist,random_unitary,4096,644,0.82726927,0.00144601,0.98406063
fashion_mnist,random_unitary,4096,645,0.82097802,0.04931412,1.0159703
fashion_mnist,random_unitary,4096,646,0.83412644,0.1082217,0.99275152
fashion_mnist,random_unitary,4096,647,0.81120226,0.05000833,1.00382777
fashion_mnist,random_unitary,4096,648,0.82344064,0.07645773,1.00827629
fashion_mnist,random_unitary,4096,649,0.82287737,0.00829842,1.01170911
fashion_mnist,random_unitary,4096,650,0.82960717,0.04810645,1.02136562
fashion_mnist,random_unitary,4096,651,0.82961366,0.06277147,0.97854956
fashion_mnist,random_unitary,4096,652,0.81097872,0.01945686,0.98693091
fashion_mnist,random_unitary,4096,653,0.82080938,0.01346603,0.99758916
fashion_mnist,random_unitary,4096,654,0.82250525,0.01759053,0.99854257
fashion_mnist,random_unitary,4096,655,0.82853057,0.08078796,1.0104727
fashion_mnist,random_unitary,4096,656,0.82487279,0.10691233,0.99791696
fashion_mnist,random_unitary,4096,657,0.82232496,0.03541297,0.99897178
fashion_mnist,random_unitary,4096,658,0.81471412,0.03249134,0.98412871
fashion_mnist,random_unitary,4096,659,0.82668111,0.04418262,0.99458969
fashion_mnist,random_unitary,4096,660,0.82683586,0.02425261,1.00495861
fashion_mnist,random_unitary,4096,661,0.82036613,0.02320896,1.00712823
fashion_mnist,random_unitary,4096,662,0.81845412,0.06649187,1.00836626
fashion_mnist,random_unitary,4096,663,0.82101124,0.03555864,1.00584897
fashion_mnist,random_unitary,4096,664,0.82075548,0.08108873,1.01897834
fashion_mnist,random_unitary,4096,665,0.82962333,0.0129953,0.99880971
fashion_mnist,random_unitary,4096,666,0.82470345,0.0271503,1.00113379
fashion_mnist,random_unitary,4096,667,0.81854001,0.00613505,0.99465453
fashion_mnist,random_unitary,4096,668,0.83470564,0.03098172,0.99801701
fashion_mnist,random_unitary,4096,669,0.83133594,0.04355915,1.00088362
fashion_mnist,random_unitary,4096,670,0.80964771,0.00264863,0.99706193
fashion_mnist,random_unitary,4096,671,0.81541417,0.05678544,1.01965499
fashion_mnist,random_unitary,4096,672,0.82528219,0.02658918,0.97293885
fashion_mnist,random_unitary,4096,673,0.80838968,0.03660814,1.01115954
fashion_mnist,random_unitary,4096,674,0.81355615,0.00883267,0.99694665
fashion_mnist,random_unitary,4096,675,0.82574564,0.03408696,0.97922968
fashion_mnist,random_unitary,4096,676,0.82193048,0.0327603,0.97567843
fashion_mnist,random_unitary,4096,677,0.81591008,0.07815956,0.95516367
fashion_mnist,random_unitary,4096,678,0.82070778,0.0382245,0.99564745
fashion_mnist,random_unitary,4096,679,0.82366041,0.00269569,0.99895952
fashion_mnist,random_unitary,4096,680,0.83419246,0.021222,0.99005858
fashion_mnist,random_unitary,4096,681,0.82671974,0.02984634,0.99505479
fashion_mnist,random_unitary,4096,682,0.81645357,0.00272018,1.01482567
fashion_mnist,random_unitary,4096,683,0.81708219,0.06046381,1.00267394
fashion_mnist,random_unitary,4096,684,0.81637413,0.01878164,1.00317532
fashion_mnist,random_unitary,4096,685,0.83325689,0.00424486,1.00675805
fashion_mnist,random_unitary,4096,686,0.82325993,0.09507097,1.01189314
fashion_mnist,random_unitary,4096,687,0.82116747,0.01446755,1.01763113
fashion_mnist,random_unitary,4096,688,0.82726068,0.04291109,0.99284821
fashion_mnist,random_unitary,4096,689,0.83037308,0.03867504,1.00461158
fashion_mnist,random_unitary,4096,690,0.81325791,0.02836309,1.01015945
fashion_mnist,random_unitary,4096,691,0.82785742,0.04940909,1.01684654
fashion_mnist,random_unitary,4096,692,0.83195766,0.02693539,1.00072707
fashion_mnist,random_unitary,4096,693,0.81810777,0.03086293,0.99549313
fashion_mnist,random_unitary,4096,694,0.82730848,0.03280928,1.00388327
fashion_mnist,random_unitary,4096,695,0.82290446,0.02905209,0.99375521
fashion_mnist,random_unitary,4096,696,0.81454326,0.01053344,1.01847499
fashion_mnist,random_unitary,4096,697,0.82127088,0.02070146,1.00124879
fashion_mnist,random_unitary,4096,698,0.82701332,0.07862218,1.01738905
fashion_mnist,random_unitary,4096,699,0.81997155,0.01293511,1.00358833
fashion_mnist,random_unitary,4096,700,0.83272276,0.024627,0.98677334
fashion_mnist,random_unitary,4096,701,0.82052066,0.11005448,1.01360031
fashion_mnist,random_unitary,4096,702,0.81763264,0.05733509,0.98997564
fashion_mnist,random_unitary,4096,703,0.82514407,0.01154435,1.01303034
fashion_mnist,random_unitary,4096,704,0.81749989,0.07387613,1.00793286
fashion_mnist,random_unitary,4096,705,0.82770085,0.01920009,0.99982092
fashion_mnist,random_unitary,4096,706,0.81156067,0.01644469,0.9820634
fashion_mnist,random_unitary,4096,707,0.82004637,0.03094776,0.99485305
fashion_mnist,random_unitary,4096,708,0.82592289,0.00859934,1.02501577
fashion_mnist,random_unitary,4096,709,0.83394713,0.03617107,1.00092751
fashion_mnist,random_unitary,4096,710,0.835864,0.04001956,1.00450227
fashion_mnist,random_unitary,4096,711,0.83626887,0.0871185,1.00141071
fashion_mnist,random_unitary,4096,712,0.82106899,0.02857965,1.00143955
fashion_mnist,random_unitary,4096,713,0.81184961,0.10702616,0.98427252
fashion_mnist,random_unitary,4096,714,0.82416339,0.00913811,1.00536717
fashion_mnist,random_unitary,4096,715,0.82206616,0.05882926,0.98713403
fashion_mnist,random_unitary,4096,716,0.82183953,0.02523109,0.97974892
fashion_mnist,random_unitary,4096,717,0.81998352,0.07298092,0.98517617
fashion_mnist,random_unitary,4096,718,0.83145027,0.00640644,1.01542145
fashion_mnist,random_unitary,4096,719,0.83212801,0.06208206,0.97932665
fashion_mnist,random_unitary,4096,720,0.82586098,0.03823862,0.99850862
fashion_mnist,random_unitary,4096,721,0.82181408,0.06399438,0.98677534
fashion_mnist,random_unitary,4096,722,0.82546396,0.02038083,0.99039057
fashion_mnist,random_unitary,4096,723,0.81953513,0.09061233,0.98325687
fashion_mnist,random_unitary,4096,724,0.81873545,0.09019873,0.99481128
fashion_mnist,random_unitary,4096,725,0.81483942,0.04248834,1.00890058
fashion_mnist,random_unitary,4096,726,0.81690576,0.05115028,1.0329169
fashion_mnist,random_unitary,4096,727,0.82636059,0.03442613,1.01688448
fashion_mnist,random_unitary,4096,728,0.8223722,0.03791837,1.01522558
fashion_mnist,random_unitary,4096,729,0.8201161,0.01649933,0.9987085
fashion_mnist,random_unitary,4096,730,0.81982651,0.06396239,1.00535158
fashion_mnist,random_unitary,4096,731,0.82782928,0.01470067,1.00248471
fashion_mnist,random_unitary,4096,732,0.82034441,0.02881189,1.00641955
fashion_mnist,random_unitary,4096,733,0.81975308,0.03862561,0.97911881
fashion_mnist,random_unitary,4096,734,0.82633583,0.02683223,1.00414479
fashion_mnist,random_unitary,4096,735,0.82613745,0.05236277,0.97451211
fashion_mnist,random_unitary,4096,736,0.83596107,0.026457,0.99188554
fashion_mnist,random_unitary,4096,737,0.82034219,0.02140522,1.00926395
fashion_mnist,random_unitary,4096,738,0.82389545,0.03923288,1.00965586
fashion_mnist,random_unitary,4096,739,0.83308512,0.04631259,0.98331798
fashion_mnist,random_unitary,4096,740,0.82395427,0.11960716,1.00203635
fashion_mnist,random_unitary,4096,741,0.82043145,0.04843061,0.99679893
fashion_mnist,random_unitary,4096,742,0.82700887,0.02468225,0.99293195
fashion_mnist,random_unitary,4096,743,0.81536438,0.00605146,0.99237429
fashion_mnist,random_unitary,4096,744,0.82963099,0.01405315,0.98616621
fashion_mnist,random_unitary,4096,745,0.8240059,0.02771047,0.99666851
fashion_mnist,random_unitary,4096,746,0.8152301,0.06668684,0.99457235
fashion_mnist,random_unitary,4096,747,0.82774931,0.03397945,1.00023812
fashion_mnist,random_unitary,4096,748,0.82589259,0.00589763,1.01349257
fashion_mnist,random_unitary,4096,749,0.8242418,0.03463987,0.99562744
fashion_mnist,random_unitary,4096,750,0.82668379,0.0054625,1.00518382
fashion_mnist,random_unitary,4096,751,0.82366805,0.07233239,1.00318996
fashion_mnist,random_unitary,4096,752,0.83485737,0.02621277,1.00516711
fashion_mnist,random_unitary,4096,753,0.8230412,0.00588269,1.01323967
fashion_mnist,random_unitary,4096,754,0.82665261,0.021073,0.97645999
fashion_mnist,random_unitary,4096,755,0.81817915,0.00787176,1.00606871
fashion_mnist,random_unitary,4096,756,0.82011231,0.03176507,0.97385614
fashion_mnist,random_unitary,4096,757,0.81308098,0.07816091,0.98109763
fashion_mnist,random_unitary,4096,758,0.82848312,0.00836674,1.00289024
fashion_mnist,random_unitary,4096,759,0.82903875,0.00602935,1.02450345
fashion_mnist,random_unitary,4096,760,0.83446093,0.03519486,1.00830423
fashion_mnist,random_unitary,4096,761,0.82451671,0.03140723,0.99451501
fashion_mnist,random_unitary,4096,762,0.82976727,0.04581263,0.99158967
fashion_mnist,random_unitary,4096,763,0.82824517,0.00622371,0.99922909
fashion_mnist,random_unitary,4096,764,0.81466003,0.0168642,0.99166829
fashion_mnist,random_unitary,4096,765,0.82289145,0.12846481,1.00324633
fashion_mnist,random_unitary,4096,766,0.82203723,0.0219208,1.00746715
fashion_mnist,random_unitary,4096,767,0.82092189,0.03278642,1.01537387
fashion_mnist,random_unitary,4096,768,0.81845633,0.03863522,0.98901468
fashion_mnist,random_unitary,4096,769,0.82230237,0.00067574,0.99782421
fashion_mnist,random_unitary,4096,770,0.82697735,0.0294141,1.01224395
fashion_mnist,random_unitary,4096,771,0.81750839,0.01807757,1.01657846
fashion_mnist,random_unitary,4096,772,0.81521579,0.00713047,0.99723517
fashion_mnist,random_unitary,4096,773,0.81854827,0.01009856,1.00520619
fashion_mnist,random_unitary,4096,774,0.81649961,6.63e-06,1.00455551
fashion_mnist,random_unitary,4096,775,0.82281958,0.03745144,0.98059873
fashion_mnist,random_unitary,4096,776,0.83032569,0.05647965,0.98624308
fashion_mnist,random_unitary,4096,777,0.82317224,0.0739458,1.02921751
fashion_mnist,random_unitary,4096,778,0.82458337,0.03587476,0.99618709
fashion_mnist,random_unitary,4096,779,0.81039568,0.05464323,1.02182582
fashion_mnist,random_unitary,4096,780,0.8257449,0.00281806,0.99224024
fashion_mnist,random_unitary,4096,781,0.81809317,0.05519939,0.9772132
fashion_mnist,random_unitary,4096,782,0.81772507,0.02166907,1.01286026
fashion_mnist,random_unitary,4096,783,0.82306454,0.00895487,1.01282021
fashion_mnist,random_unitary,4096,784,0.82233542,0.01240121,1.02125055
fashion_mnist,random_unitary,4096,785,0.81884621,0.05941457,1.01840029
fashion_mnist,random_unitary,4096,786,0.81705923,0.03516012,0.99009219
fashion_mnist,random_unitary,4096,787,0.8194471,0.05804023,1.00717756
fashion_mnist,random_unitary,4096,788,0.82236464,0.03051572,1.01465455
fashion_mnist,random_unitary,4096,789,0.82049355,0.02665602,1.00544645
fashion_mnist,random_unitary,4096,790,0.82944368,0.02942989,0.99322841
fashion_mnist,random_unitary,4096,791,0.81695627,0.01809841,0.97961117
fashion_mnist,random_unitary,4096,792,0.81084397,0.05986059,1.01121597
fashion_mnist,random_unitary,4096,793,0.82473763,0.0122518,1.01569668
fashion_mnist,random_unitary,4096,794,0.8105544,0.03978467,1.02506902
fashion_mnist,random_unitary,4096,795,0.82097734,0.07312854,0.99476925
fashion_mnist,random_unitary,4096,796,0.81912596,0.03765029,0.99729531
fashion_mnist,random_unitary,4096,797,0.81836531,0.00919979,0.9904209
fashion_mnist,random_unitary,4096,798,0.81995522,0.00040707,0.9930512
fashion_mnist,random_unitary,4096,799,0.82539117,0.03416349,0.9990253
fashion_mnist,random_unitary,4096,800,0.83136473,0.0013795,1.00174198
fashion_mnist,random_unitary,4096,801,0.83258068,0.01712963,0.99407998
fashion_mnist,random_unitary,4096,802,0.82368591,0.03940124,0.99764708
fashion_mnist,random_unitary,4096,803,0.82854053,0.0400378,1.01066939
fashion_mnist,random_unitary,4096,804,0.82440316,0.02011635,1.00638005
fashion_mnist,random_unitary,4096,805,0.83081794,0.04620597,0.98881406
fashion_mnist,random_unitary,4096,806,0.81930385,0.00143637,1.01984119
fashion_mnist,random_unitary,4096,807,0.81291112,0.03734116,1.00611138
fashion_mnist,random_unitary,4096,808,0.82181725,0.07705875,1.02940619
fashion_mnist,random_unitary,4096,809,0.82896924,0.12420682,1.00525309
fashion_mnist,random_unitary,4096,810,0.81438246,0.01466507,1.01799234
fashion_mnist,random_unitary,4096,811,0.81220774,0.00841786,0.99517702
fashion_mnist,random_unitary,4096,812,0.82032362,0.02862308,1.00822745
fashion_mnist,random_unitary,4096,813,0.82391169,0.07884314,1.00098033
fashion_mnist,random_unitary,4096,814,0.80670554,0.09112609,1.00835609
fashion_mnist,random_unitary,4096,815,0.82382265,0.02412666,1.01394662
fashion_mnist,random_unitary,4096,816,0.81706096,0.0593353,0.9838078
fashion_mnist,random_unitary,4096,817,0.81621015,0.02150338,1.00951644
fashion_mnist,random_unitary,4096,818,0.81966694,0.02695437,0.9881536
fashion_mnist,random_unitary,4096,819,0.8197156,0.00687102,0.98751832
fashion_mnist,random_unitary,4096,820,0.82998877,0.06534945,0.99884164
fashion_mnist,random_unitary,4096,821,0.82924145,0.04334268,0.98481411
fashion_mnist,random_unitary,4096,822,0.82032083,0.04684746,1.00696505
fashion_mnist,random_unitary,4096,823,0.81792531,0.01035874,1.00047392
fashion_mnist,random_unitary,4096,824,0.82248798,0.01248154,0.98003092
fashion_mnist,random_unitary,4096,825,0.82513533,0.12247804,0.98538362
fashion_mnist,random_unitary,4096,826,0.82086881,0.0368312,0.99425301
fashion_mnist,random_unitary,4096,827,0.82817246,0.19731374,1.00827209
fashion_mnist,random_unitary,4096,828,0.81993358,0.01192183,1.01610585
fashion_mnist,random_unitary,4096,829,0.81721618,0.0170503,0.99255506
fashion_mnist,random_unitary,4096,830,0.82892655,0.06867413,0.98562709
fashion_mnist,random_unitary,4096,831,0.82632795,0.07257066,0.99533453
fashion_mnist,random_unitary,4096,832,0.80482934,0.01151588,0.98812423
fashion_mnist,random_unitary,4096,833,0.8259459,0.04104742,1.02135591
fashion_mnist,random_unitary,4096,834,0.81674025,0.02153243,0.99275965
fashion_mnist,random_unitary,4096,835,0.81526527,0.02112486,0.96563562
fashion_mnist,random_unitary,4096,836,0.82326134,0.06722513,1.01498099
fashion_mnist,random_unitary,4096,837,0.83062253,0.06334105,0.99957812
fashion_mnist,random_unitary,4096,838,0.82332013,0.01696716,0.99620504
fashion_mnist,random_unitary,4096,839,0.82557036,0.08496064,1.00425947
fashion_mnist,random_unitary,4096,840,0.82281825,0.07850029,0.99854523
fashion_mnist,random_unitary,4096,841,0.82418624,0.05173974,1.00736591
fashion_mnist,random_unitary,4096,842,0.82802024,0.00877325,0.98330725
fashion_mnist,random_unitary,4096,843,0.81876315,0.07735198,0.97349621
fashion_mnist,random_unitary,4096,844,0.8128326,0.04027634,1.02783256
fashion_mnist,random_unitary,4096,845,0.82748215,0.00992603,0.98675437
fashion_mnist,random_unitary,4096,846,0.8243757,0.01110001,0.97026737
fashion_mnist,random_unitary,4096,847,0.82122126,0.02908718,0.9950715
fashion_mnist,random_unitary,4096,848,0.81739657,0.01149738,0.98168097
fashion_mnist,random_unitary,4096,849,0.82680774,0.00165811,1.01716654
fashion_mnist,random_unitary,4096,850,0.81447048,0.03793537,0.98753556
fashion_mnist,random_unitary,4096,851,0.82451618,0.00863611,1.00161701
fashion_mnist,random_unitary,4096,852,0.82644742,0.02501317,1.01510954
fashion_mnist,random_unitary,4096,853,0.81827558,0.01963431,1.01892634
fashion_mnist,random_unitary,4096,854,0.8232624,0.09663799,1.01603621
fashion_mnist,random_unitary,4096,855,0.82991889,0.0265344,0.99120143
fashion_mnist,random_unitary,4096,856,0.82804034,0.05670362,0.98082169
fashion_mnist,random_unitary,4096,857,0.8260241,0.04439469,0.98072961
fashion_mnist,random_unitary,4096,858,0.82441231,0.00215021,0.9790146
fashion_mnist,random_unitary,4096,859,0.83071884,0.03615476,1.02134875
fashion_mnist,random_unitary,4096,860,0.81644274,0.09624527,0.99978723
fashion_mnist,random_unitary,4096,861,0.82158476,0.03183916,1.00446145
fashion_mnist,random_unitary,4096,862,0.82529236,0.05814683,0.99899919
fashion_mnist,random_unitary,4096,863,0.82714444,0.02528159,1.0034504
fashion_mnist,random_unitary,4096,864,0.82176272,0.01616791,1.0094015
fashion_mnist,random_unitary,4096,865,0.82771758,0.01119191,0.98544474
fashion_mnist,random_unitary,4096,866,0.8208854,0.03705098,1.00405694
fashion_mnist,random_unitary,4096,867,0.81853825,0.05039724,1.01181368
fashion_mnist,random_unitary,4096,868,0.82595973,0.0918608,0.97828358
fashion_mnist,random_unitary,4096,869,0.82664618,0.00032205,1.01548412
fashion_mnist,random_unitary,4096,870,0.83061002,0.0165189,1.01531359
fashion_mnist,random_unitary,4096,871,0.81977003,0.01692181,0.95656022
fashion_mnist,random_unitary,4096,872,0.82363862,0.04882319,0.98863583
fashion_mnist,random_unitary,4096,873,0.83197841,0.01486463,1.01468891
fashion_mnist,random_unitary,4096,874,0.82052483,0.00324114,1.01787728
fashion_mnist,random_unitary,4096,875,0.82517785,0.01302122,0.98166616
fashion_mnist,random_unitary,4096,876,0.81643642,0.02080236,1.01785783
fashion_mnist,random_unitary,4096,877,0.82495008,0.0351806,0.98309399
fashion_mnist,random_unitary,4096,878,0.8255158,0.0663,0.98258403
fashion_mnist,random_unitary,4096,879,0.81911651,0.00094662,0.99852583
fashion_mnist,random_unitary,4096,880,0.81883558,0.03098673,1.01938224
fashion_mnist,random_unitary,4096,881,0.8108221,0.04534236,0.99812691
fashion_mnist,random_unitary,4096,882,0.82269628,0.02788774,0.99482638
fashion_mnist,random_unitary,4096,883,0.82462084,0.00675802,0.99959794
fashion_mnist,random_unitary,4096,884,0.82242989,0.03383516,1.01210992
fashion_mnist,random_unitary,4096,885,0.82503621,0.07019136,0.98158796
fashion_mnist,random_unitary,4096,886,0.81416152,0.01567466,0.98424408
fashion_mnist,random_unitary,4096,887,0.82134535,0.00992584,0.99227408
fashion_mnist,random_unitary,4096,888,0.8248056,0.06289419,0.98620442
fashion_mnist,random_unitary,4096,889,0.81684169,0.05947446,0.99487434
fashion_mnist,random_unitary,4096,890,0.82652083,0.08598565,1.00685142
fashion_mnist,random_unitary,4096,891,0.82017348,0.0148167,1.003483
fashion_mnist,random_unitary,4096,892,0.82271213,0.07227564,1.00137314
fashion_mnist,random_unitary,4096,893,0.8157074,0.07492896,1.02043306
fashion_mnist,random_unitary,4096,894,0.81023563,0.02118094,1.00683
fashion_mnist,random_unitary,4096,895,0.819331,0.12284449,1.00730933
fashion_mnist,random_unitary,4096,896,0.81934974,0.01424567,1.00441401
fashion_mnist,random_unitary,4096,897,0.82466254,0.00507802,0.98802807
fashion_mnist,random_unitary,4096,898,0.82548472,0.00924038,1.001151
fashion_mnist,random_unitary,4096,899,0.82889552,0.03216453,1.00923553
fashion_mnist,random_unitary,4096,900,0.82755966,0.047075,1.0175861
fashion_mnist,random_unitary,4096,901,0.81638207,0.10440605,1.0004997
fashion_mnist,random_unitary,4096,902,0.8243419,0.04130984,0.99629031
fashion_mnist,random_unitary,4096,903,0.8238999,0.05424237,0.97392728
fashion_mnist,random_unitary,4096,904,0.82396153,0.04313977,1.02482284
fashion_mnist,random_unitary,4096,905,0.8281045,0.08640287,0.98115606
fashion_mnist,random_unitary,4096,906,0.81438237,0.00422805,1.01256408
fashion_mnist,random_unitary,4096,907,0.82909705,0.02742385,1.00099906
fashion_mnist,random_unitary,4096,908,0.82389457,0.10569978,0.97310067
fashion_mnist,random_unitary,4096,909,0.82530504,0.0441808,0.98949125
fashion_mnist,random_unitary,4096,910,0.81866582,0.00790787,1.00608868
fashion_mnist,random_unitary,4096,911,0.82389003,0.02028614,0.99983716
fashion_mnist,random_unitary,4096,912,0.8289745,0.04058433,0.9994444
fashion_mnist,random_unitary,4096,913,0.8243273,0.05895967,1.01672269
fashion_mnist,random_unitary,4096,914,0.8242027,0.06624338,0.98631542
fashion_mnist,random_unitary,4096,915,0.81789406,0.03176117,0.99515406
fashion_mnist,random_unitary,4096,916,0.81068147,0.05511676,0.98659213
fashion_mnist,random_unitary,4096,917,0.83404378,0.14495467,0.98458062
fashion_mnist,random_unitary,4096,918,0.82364697,0.00578451,0.97790109
fashion_mnist,random_unitary,4096,919,0.82738327,0.0873483,0.98884756
fashion_mnist,random_unitary,4096,920,0.83221866,0.0213305,1.01685819
fashion_mnist,random_unitary,4096,921,0.81947969,0.06827737,0.99737487
fashion_mnist,random_unitary,4096,922,0.82160931,0.0564831,1.0027425
fashion_mnist,random_unitary,4096,923,0.8189381,0.07779205,0.97535806
fashion_mnist,random_unitary,4096,924,0.82953597,0.04731805,0.98569821
fashion_mnist,random_unitary,4096,925,0.81763663,0.03024197,1.00319765
fashion_mnist,random_unitary,4096,926,0.82514291,0.01652092,0.99049599
fashion_mnist,random_unitary,4096,927,0.8196008,0.02335114,0.99991848
fashion_mnist,random_unitary,4096,928,0.81079321,0.03203514,1.00991149
fashion_mnist,random_unitary,4096,929,0.82272045,0.03937364,1.02109124
fashion_mnist,random_unitary,4096,930,0.82887973,0.10138481,0.99716389
fashion_mnist,random_unitary,4096,931,0.82060837,0.06956956,1.03247581
fashion_mnist,random_unitary,4096,932,0.82831346,0.01009266,1.01352749
fashion_mnist,random_unitary,4096,933,0.81143419,0.0445514,0.99522999
fashion_mnist,random_unitary,4096,934,0.82973635,0.00305883,1.02531328
fashion_mnist,random_unitary,4096,935,0.81755803,0.11441989,0.98165396
fashion_mnist,random_unitary,4096,936,0.81831753,0.07076433,0.97469141
fashion_mnist,random_unitary,4096,937,0.81477099,0.06444399,0.99931137
fashion_mnist,random_unitary,4096,938,0.82088831,0.024955,0.99829163
fashion_mnist,random_unitary,4096,939,0.82453886,0.08022488,0.98614969
fashion_mnist,random_unitary,4096,940,0.81682276,0.00309619,1.00402781
fashion_mnist,random_unitary,4096,941,0.82574078,0.04064174,0.99731907
fashion_mnist,random_unitary,4096,942,0.81794027,0.04607404,0.99153111
fashion_mnist,random_unitary,4096,943,0.82527695,0.03997358,1.00616502
fashion_mnist,random_unitary,4096,944,0.82108944,0.02867835,1.00989923
fashion_mnist,random_unitary,4096,945,0.82253462,0.00080095,0.98920608
fashion_mnist,random_unitary,4096,946,0.81675687,0.11808067,0.97792006
fashion_mnist,random_unitary,4096,947,0.82734479,0.04186588,0.98089501
fashion_mnist,random_unitary,4096,948,0.82239567,0.06125485,1.00519729
fashion_mnist,random_unitary,4096,949,0.81870895,0.06896979,0.97010106
fashion_mnist,random_unitary,4096,950,0.80986194,0.00809773,0.98609461
fashion_mnist,random_unitary,4096,951,0.82457091,0.04727524,0.99296792
fashion_mnist,random_unitary,4096,952,0.81465878,0.01074454,1.00488524
fashion_mnist,random_unitary,4096,953,0.81606367,0.11394513,0.97215353
fashion_mnist,random_unitary,4096,954,0.81836235,0.08965019,1.00717283
fashion_mnist,random_unitary,4096,955,0.82408942,0.05529434,1.02211044
fashion_mnist,random_unitary,4096,956,0.81689501,0.12589562,0.99760169
fashion_mnist,random_unitary,4096,957,0.820421,0.04997658,0.98298222
fashion_mnist,random_unitary,4096,958,0.82113908,0.02047388,0.98278081
fashion_mnist,random_unitary,4096,959,0.81758296,0.00114893,1.00515892
fashion_mnist,random_unitary,4096,960,0.81966928,0.08605945,1.02658526
fashion_mnist,random_unitary,4096,961,0.82122747,0.04737197,0.99710395
fashion_mnist,random_unitary,4096,962,0.83055997,0.01118991,0.99552654
fashion_mnist,random_unitary,4096,963,0.82306636,0.01931502,1.00001571
fashion_mnist,random_unitary,4096,964,0.82727169,0.00508477,1.01524267
fashion_mnist,random_unitary,4096,965,0.82281476,0.01295442,1.01560363
fashion_mnist,random_unitary,4096,966,0.81691969,0.08310191,1.01177929
fashion_mnist,random_unitary,4096,967,0.8190525,0.07043867,1.020792
fashion_mnist,random_unitary,4096,968,0.82248169,0.02271841,0.9950094
fashion_mnist,random_unitary,4096,969,0.8252624,0.00750725,0.98631463
fashion_mnist,random_unitary,4096,970,0.82352222,0.01376864,1.00578629
fashion_mnist,random_unitary,4096,971,0.81940502,0.07484016,0.99977254
fashion_mnist,random_unitary,4096,972,0.82379726,0.02356474,1.00685475
fashion_mnist,random_unitary,4096,973,0.81077527,0.0281762,1.01237301
fashion_mnist,random_unitary,4096,974,0.82610392,0.0153686,1.00955561
fashion_mnist,random_unitary,4096,975,0.82926438,0.03880206,1.00160781
fashion_mnist,random_unitary,4096,976,0.80261452,0.01546186,0.99696182
fashion_mnist,random_unitary,4096,977,0.82238256,0.08589039,1.01951378
fashion_mnist,random_unitary,4096,978,0.82106076,0.05241214,0.99317997
fashion_mnist,random_unitary,4096,979,0.82413245,0.02246013,1.01132648
fashion_mnist,random_unitary,4096,980,0.82449522,0.00635496,1.00201586
fashion_mnist,random_unitary,4096,981,0.82439307,0.04202597,1.03268648
fashion_mnist,random_unitary,4096,982,0.81472841,0.0381764,1.00885892
fashion_mnist,random_unitary,4096,983,0.83001403,0.0222842,1.00837266
fashion_mnist,random_unitary,4096,984,0.82257155,0.02079595,1.01123489
fashion_mnist,random_unitary,4096,985,0.81473271,0.06718774,1.03077336
fashion_mnist,random_unitary,4096,986,0.82198263,0.01275468,0.98114468
fashion_mnist,random_unitary,4096,987,0.82152348,0.05364667,1.02209433
fashion_mnist,random_unitary,4096,988,0.82569318,0.05351018,1.00221193
fashion_mnist,random_unitary,4096,989,0.8294433,0.00179348,1.0081719
fashion_mnist,random_unitary,4096,990,0.81961521,0.01391545,0.9642911
fashion_mnist,random_unitary,4096,991,0.82768499,0.0466696,1.02786323
fashion_mnist,random_unitary,4096,992,0.82590775,0.02938331,1.01885809
fashion_mnist,random_unitary,4096,993,0.8244714,0.01386609,1.0018394
fashion_mnist,random_unitary,4096,994,0.81959717,0.01349293,0.97532347
fashion_mnist,random_unitary,4096,995,0.82625684,0.02593876,1.00639248
fashion_mnist,random_unitary,4096,996,0.8243601,0.02020966,1.03688258
fashion_mnist,random_unitary,4096,997,0.82058084,0.05396862,1.01473448
fashion_mnist,random_unitary,4096,998,0.82681355,0.02287874,1.01522972
fashion_mnist,random_unitary,4096,999,0.82068433,0.10533716,0.97574894
fashion_mnist,random_unitary,8192,0,0.82606474,0.03394007,1.00488571
fashion_mnist,random_unitary,8192,1,0.82485596,0.02272365,0.96873303
fashion_mnist,random_unitary,8192,2,0.82178717,0.05893808,0.99530346
fashion_mnist,random_unitary,8192,3,0.81857399,0.05310455,0.98778909
fashion_mnist,random_unitary,8192,4,0.83461184,0.03512107,0.98731521
fashion_mnist,random_unitary,8192,5,0.81061556,0.01725303,0.99624127
fashion_mnist,random_unitary,8192,6,0.82636791,0.05100357,0.99395791
fashion_mnist,random_unitary,8192,7,0.80920545,0.03085446,0.98901081
fashion_mnist,random_unitary,8192,8,0.83130669,0.02465559,0.97663074
fashion_mnist,random_unitary,8192,9,0.81589501,0.07145471,0.97014396
fashion_mnist,random_unitary,8192,10,0.81117906,0.01493761,0.98761126
fashion_mnist,random_unitary,8192,11,0.82921789,0.0381313,1.01037978
fashion_mnist,random_unitary,8192,12,0.81863808,0.05881118,0.9955801
fashion_mnist,random_unitary,8192,13,0.82834046,0.02089275,0.97462001
fashion_mnist,random_unitary,8192,14,0.82212017,0.0175237,0.96861409
fashion_mnist,random_unitary,8192,15,0.8195895,0.0964302,1.01382567
fashion_mnist,random_unitary,8192,16,0.83232417,0.10046727,1.01018237
fashion_mnist,random_unitary,8192,17,0.82984564,0.0275256,0.99846504
fashion_mnist,random_unitary,8192,18,0.82401554,0.05534243,0.98170246
fashion_mnist,random_unitary,8192,19,0.81630375,0.05097947,0.99384259
fashion_mnist,random_unitary,8192,20,0.80773654,0.04330352,1.0073049
fashion_mnist,random_unitary,8192,21,0.82421139,0.09763435,0.98588325
fashion_mnist,random_unitary,8192,22,0.83159029,0.06160087,1.00037334
fashion_mnist,random_unitary,8192,23,0.81828206,0.03557345,1.01065586
fashion_mnist,random_unitary,8192,24,0.81782027,0.01558889,0.99457108
fashion_mnist,random_unitary,8192,25,0.82074566,0.05344852,0.96384206
fashion_mnist,random_unitary,8192,26,0.8232642,0.05448329,1.01688163
fashion_mnist,random_unitary,8192,27,0.820843,0.05983077,1.0007601
fashion_mnist,random_unitary,8192,28,0.81467022,0.02260609,1.01555092
fashion_mnist,random_unitary,8192,29,0.83462136,0.05241677,1.00401729
fashion_mnist,random_unitary,8192,30,0.82663733,0.02480213,0.98155578
fashion_mnist,random_unitary,8192,31,0.81293472,0.02053427,1.00272388
fashion_mnist,random_unitary,8192,32,0.81635778,0.0728781,0.99907831
fashion_mnist,random_unitary,8192,33,0.81070046,0.04978068,1.00558673
fashion_mnist,random_unitary,8192,34,0.81369463,0.1257893,1.03278486
fashion_mnist,random_unitary,8192,35,0.81474955,0.12963011,1.00377065
fashion_mnist,random_unitary,8192,36,0.83199697,0.0564243,0.99335479
fashion_mnist,random_unitary,8192,37,0.82047857,0.02121356,1.01927893
fashion_mnist,random_unitary,8192,38,0.81632931,0.00444298,1.00731537
fashion_mnist,random_unitary,8192,39,0.81648988,0.0816623,1.01587115
fashion_mnist,random_unitary,8192,40,0.82132464,0.08107095,0.96041098
fashion_mnist,random_unitary,8192,41,0.82197963,0.03608813,1.0129461
fashion_mnist,random_unitary,8192,42,0.81600146,0.01095484,1.00913826
fashion_mnist,random_unitary,8192,43,0.82665349,0.06401797,1.00616648
fashion_mnist,random_unitary,8192,44,0.82690312,0.0119283,1.00333227
fashion_mnist,random_unitary,8192,45,0.81464351,0.11702177,1.00838697
fashion_mnist,random_unitary,8192,46,0.8204273,0.06639918,0.98691671
fashion_mnist,random_unitary,8192,47,0.80548425,0.04679882,1.00246982
fashion_mnist,random_unitary,8192,48,0.82130132,0.00692914,1.01334727
fashion_mnist,random_unitary,8192,49,0.8196679,0.07057149,0.96948359
fashion_mnist,random_unitary,8192,50,0.82845466,0.01003261,1.00171907
fashion_mnist,random_unitary,8192,51,0.82021752,0.04171776,1.0053422
fashion_mnist,random_unitary,8192,52,0.81735972,0.04767105,0.96595075
fashion_mnist,random_unitary,8192,53,0.81807423,0.09634936,0.99456175
fashion_mnist,random_unitary,8192,54,0.81967657,0.0073604,1.00561289
fashion_mnist,random_unitary,8192,55,0.83637093,0.02605675,1.00194349
fashion_mnist,random_unitary,8192,56,0.8316048,0.04027093,0.98696314
fashion_mnist,random_unitary,8192,57,0.8232412,0.00775457,1.00563423
fashion_mnist,random_unitary,8192,58,0.81084989,0.05861229,0.98540049
fashion_mnist,random_unitary,8192,59,0.82326422,0.0431948,1.02218253
fashion_mnist,random_unitary,8192,60,0.82817298,0.06307581,1.03162557
fashion_mnist,random_unitary,8192,61,0.81560048,0.05205052,0.98565825
fashion_mnist,random_unitary,8192,62,0.81748665,0.08052966,0.99757886
fashion_mnist,random_unitary,8192,63,0.82165829,0.03082277,1.00314576
fashion_mnist,random_unitary,8192,64,0.81663071,0.06101277,0.99822692
fashion_mnist,random_unitary,8192,65,0.82544606,0.0350358,0.97193006
fashion_mnist,random_unitary,8192,66,0.81762002,0.06705219,0.99321391
fashion_mnist,random_unitary,8192,67,0.82416354,0.04487784,1.01411991
fashion_mnist,random_unitary,8192,68,0.81893852,0.02523035,1.02088605
fashion_mnist,random_unitary,8192,69,0.81380239,0.00279567,0.99888175
fashion_mnist,random_unitary,8192,70,0.82758879,0.05996841,1.00444018
fashion_mnist,random_unitary,8192,71,0.82221356,0.0139626,0.98838152
fashion_mnist,random_unitary,8192,72,0.82718503,0.03914096,0.99766818
fashion_mnist,random_unitary,8192,73,0.82168644,0.02258647,1.02689307
fashion_mnist,random_unitary,8192,74,0.81937094,0.07431489,1.00464024
fashion_mnist,random_unitary,8192,75,0.82321055,0.03088632,0.98113753
fashion_mnist,random_unitary,8192,76,0.81542067,0.04835458,1.00156116
fashion_mnist,random_unitary,8192,77,0.81355989,0.00040512,1.0019953
fashion_mnist,random_unitary,8192,78,0.82490559,0.09508969,0.9949677
fashion_mnist,random_unitary,8192,79,0.81241772,0.02765724,1.02689703
fashion_mnist,random_unitary,8192,80,0.81976904,0.00287054,0.98991698
fashion_mnist,random_unitary,8192,81,0.82428152,0.00763127,1.01446942
fashion_mnist,random_unitary,8192,82,0.81680205,0.03010912,1.02159602
fashion_mnist,random_unitary,8192,83,0.8140587,0.04485227,1.00734015
fashion_mnist,random_unitary,8192,84,0.82854411,0.05768279,0.98641272
fashion_mnist,random_unitary,8192,85,0.82481963,0.06153046,0.98368534
fashion_mnist,random_unitary,8192,86,0.82833014,0.08686113,1.01292623
fashion_mnist,random_unitary,8192,87,0.82456169,0.07297392,0.97980802
fashion_mnist,random_unitary,8192,88,0.81545515,0.03727291,0.98520488
fashion_mnist,random_unitary,8192,89,0.82810027,0.02411629,0.97857739
fashion_mnist,random_unitary,8192,90,0.81873167,0.05678705,1.03274123
fashion_mnist,random_unitary,8192,91,0.82911606,0.05329955,0.99900213
fashion_mnist,random_unitary,8192,92,0.83367863,0.01257109,1.01396438
fashion_mnist,random_unitary,8192,93,0.82426239,0.06331787,1.02288468
fashion_mnist,random_unitary,8192,94,0.81807067,0.05129296,0.99420652
fashion_mnist,random_unitary,8192,95,0.82575396,0.07865274,0.98915238
fashion_mnist,random_unitary,8192,96,0.82462752,0.01888856,1.00119449
fashion_mnist,random_unitary,8192,97,0.82227555,0.0097862,0.99479743
fashion_mnist,random_unitary,8192,98,0.82583018,0.00167938,0.99155916
fashion_mnist,random_unitary,8192,99,0.82859868,0.0014169,0.9992353
fashion_mnist,random_unitary,8192,100,0.82912558,0.00185805,1.01028094
fashion_mnist,random_unitary,8192,101,0.82407589,0.01574226,1.01865968
fashion_mnist,random_unitary,8192,102,0.8183065,0.0726731,1.02345563
fashion_mnist,random_unitary,8192,103,0.81643112,0.0306751,1.00789463
fashion_mnist,random_unitary,8192,104,0.82613688,0.06795609,0.96531725
fashion_mnist,random_unitary,8192,105,0.82212288,0.02047246,1.01218579
fashion_mnist,random_unitary,8192,106,0.81343331,0.12967096,0.99753397
fashion_mnist,random_unitary,8192,107,0.80847984,0.01081638,1.00178641
fashion_mnist,random_unitary,8192,108,0.82227472,0.03338976,1.02289239
fashion_mnist,random_unitary,8192,109,0.83045653,0.03518201,1.00253901
fashion_mnist,random_unitary,8192,110,0.80938518,0.00277718,1.01150138
fashion_mnist,random_unitary,8192,111,0.82914846,0.00655707,0.9839358
fashion_mnist,random_unitary,8192,112,0.82824348,0.01053245,0.99588001
fashion_mnist,random_unitary,8192,113,0.82845857,0.03055827,1.00561018
fashion_mnist,random_unitary,8192,114,0.82466975,0.03114017,1.00113861
fashion_mnist,random_unitary,8192,115,0.82807345,0.03110653,0.9877119
fashion_mnist,random_unitary,8192,116,0.82513729,0.0452091,1.010386
fashion_mnist,random_unitary,8192,117,0.82418458,0.03715222,1.00138986
fashion_mnist,random_unitary,8192,118,0.80340137,0.01722616,0.98828493
fashion_mnist,random_unitary,8192,119,0.82803114,0.04565251,0.98042128
fashion_mnist,random_unitary,8192,120,0.81542024,0.01702653,0.98683113
fashion_mnist,random_unitary,8192,121,0.82718652,0.0201628,1.00695551
fashion_mnist,random_unitary,8192,122,0.82659696,0.04455586,1.02763555
fashion_mnist,random_unitary,8192,123,0.83110701,0.02323955,1.00291126
fashion_mnist,random_unitary,8192,124,0.81099914,0.06515579,0.99773762
fashion_mnist,random_unitary,8192,125,0.82480718,0.05093208,1.02184154
fashion_mnist,random_unitary,8192,126,0.82009501,0.02900772,1.00407884
fashion_mnist,random_unitary,8192,127,0.8190578,0.03963733,1.01962819
fashion_mnist,random_unitary,8192,128,0.82064997,0.0173462,0.98994452
fashion_mnist,random_unitary,8192,129,0.81955184,0.06748204,0.99537569
fashion_mnist,random_unitary,8192,130,0.82667547,0.0117869,1.0078704
fashion_mnist,random_unitary,8192,131,0.82293019,0.04055943,1.00557065
fashion_mnist,random_unitary,8192,132,0.82005474,0.02680812,1.00162595
fashion_mnist,random_unitary,8192,133,0.82344997,0.06536925,1.00977852
fashion_mnist,random_unitary,8192,134,0.81475855,0.08252922,0.99480617
fashion_mnist,random_unitary,8192,135,0.8279413,0.07044558,0.98695788
fashion_mnist,random_unitary,8192,136,0.82945615,0.05537612,1.01241485
fashion_mnist,random_unitary,8192,137,0.83155585,0.03476708,0.97788568
fashion_mnist,random_unitary,8192,138,0.81691949,0.0040605,1.01873735
fashion_mnist,random_unitary,8192,139,0.8165318,0.05577651,0.99116699
fashion_mnist,random_unitary,8192,140,0.82042343,0.01219485,1.0128778
fashion_mnist,random_unitary,8192,141,0.82546077,0.02436528,0.99544034
fashion_mnist,random_unitary,8192,142,0.81903585,0.10058633,1.02407814
fashion_mnist,random_unitary,8192,143,0.82647983,0.02624806,1.02051651
fashion_mnist,random_unitary,8192,144,0.81272766,0.04123708,1.01280728
fashion_mnist,random_unitary,8192,145,0.81411321,0.00822569,0.9818098
fashion_mnist,random_unitary,8192,146,0.81821622,0.02652542,1.02537502
fashion_mnist,random_unitary,8192,147,0.82591069,0.00534368,0.9992837
fashion_mnist,random_unitary,8192,148,0.82798779,0.02509768,0.99548613
fashion_mnist,random_unitary,8192,149,0.8235817,0.01397761,1.00964932
fashion_mnist,random_unitary,8192,150,0.82247191,0.03880024,0.98254415
fashion_mnist,random_unitary,8192,151,0.8256747,0.05657749,1.03230404
fashion_mnist,random_unitary,8192,152,0.82408094,0.02195188,1.01201816
fashion_mnist,random_unitary,8192,153,0.82416741,0.00639432,1.01322574
fashion_mnist,random_unitary,8192,154,0.82852974,0.00653569,1.00916834
fashion_mnist,random_unitary,8192,155,0.82289063,0.00568372,1.00098219
fashion_mnist,random_unitary,8192,156,0.8097779,0.01578258,1.00011661
fashion_mnist,random_unitary,8192,157,0.81479782,0.05730891,0.99890306
fashion_mnist,random_unitary,8192,158,0.82333702,0.07201894,0.96274918
fashion_mnist,random_unitary,8192,159,0.82018382,0.0554426,0.99382938
fashion_mnist,random_unitary,8192,160,0.82479539,0.04376246,0.99621088
fashion_mnist,random_unitary,8192,161,0.8266114,0.04734135,1.01262156
fashion_mnist,random_unitary,8192,162,0.82414316,0.02932566,0.98201049
fashion_mnist,random_unitary,8192,163,0.82355279,0.04953005,1.02739049
fashion_mnist,random_unitary,8192,164,0.82559414,0.06219588,0.9668271
fashion_mnist,random_unitary,8192,165,0.8160157,0.02304058,0.98823662
fashion_mnist,random_unitary,8192,166,0.8254916,0.01070578,1.00422692
fashion_mnist,random_unitary,8192,167,0.82580504,0.07271095,0.99464044
fashion_mnist,random_unitary,8192,168,0.82846083,6.132e-05,0.99326251
fashion_mnist,random_unitary,8192,169,0.82391051,0.07327208,1.00776992
fashion_mnist,random_unitary,8192,170,0.81785201,0.00076371,1.01617756
fashion_mnist,random_unitary,8192,171,0.82401092,0.03681514,1.01073656
fashion_mnist,random_unitary,8192,172,0.82181167,0.02188263,1.01796922
fashion_mnist,random_unitary,8192,173,0.82820814,0.03906527,1.01486719
fashion_mnist,random_unitary,8192,174,0.81442639,0.01707174,0.99925071
fashion_mnist,random_unitary,8192,175,0.82513808,0.03047728,1.01962307
fashion_mnist,random_unitary,8192,176,0.82795722,0.00854115,0.98182493
fashion_mnist,random_unitary,8192,177,0.8183691,0.06191403,1.0134441
fashion_mnist,random_unitary,8192,178,0.82748746,0.01124874,0.96458081
fashion_mnist,random_unitary,8192,179,0.83387973,0.03836191,0.99053995
fashion_mnist,random_unitary,8192,180,0.82413179,0.01094719,0.99973641
fashion_mnist,random_unitary,8192,181,0.8172742,0.07056062,1.01011393
fashion_mnist,random_unitary,8192,182,0.82728627,0.00559453,0.99898722
fashion_mnist,random_unitary,8192,183,0.82018746,0.07288804,1.00169844
fashion_mnist,random_unitary,8192,184,0.82432949,0.00725656,0.98956207
fashion_mnist,random_unitary,8192,185,0.82573236,0.10354345,1.023931
fashion_mnist,random_unitary,8192,186,0.83450576,0.04395017,0.98836587
fashion_mnist,random_unitary,8192,187,0.81430346,0.14709544,1.02087989
fashion_mnist,random_unitary,8192,188,0.83311128,0.04340425,1.00573134
fashion_mnist,random_unitary,8192,189,0.82188391,0.12278994,0.9867478
fashion_mnist,random_unitary,8192,190,0.82816467,0.0557071,0.99107823
fashion_mnist,random_unitary,8192,191,0.81535903,0.06202838,0.98741461
fashion_mnist,random_unitary,8192,192,0.82563916,0.05473394,0.99655234
fashion_mnist,random_unitary,8192,193,0.81401486,0.03491708,1.00402711
fashion_mnist,random_unitary,8192,194,0.81462296,0.06429441,1.00189798
fashion_mnist,random_unitary,8192,195,0.83467174,0.03599946,1.01492663
fashion_mnist,random_unitary,8192,196,0.81654271,0.02773288,0.99241761
fashion_mnist,random_unitary,8192,197,0.83462878,0.07136279,0.98340595
fashion_mnist,random_unitary,8192,198,0.81655224,0.09804132,0.9973708
fashion_mnist,random_unitary,8192,199,0.81415411,0.06317385,1.01424633
fashion_mnist,random_unitary,8192,200,0.81277635,0.02304784,1.00936815
fashion_mnist,random_unitary,8192,201,0.82451862,0.01990572,0.96729803
fashion_mnist,random_unitary,8192,202,0.82941082,0.03305422,0.98627351
fashion_mnist,random_unitary,8192,203,0.82383416,0.08492558,0.99697107
fashion_mnist,random_unitary,8192,204,0.81155718,0.00090588,0.99535209
fashion_mnist,random_unitary,8192,205,0.81378131,0.01960016,1.00048116
fashion_mnist,random_unitary,8192,206,0.82697018,0.05135364,0.98920096
fashion_mnist,random_unitary,8192,207,0.81681823,0.02575544,0.99940344
fashion_mnist,random_unitary,8192,208,0.82288414,0.00296096,0.98249175
fashion_mnist,random_unitary,8192,209,0.82385233,0.09400264,1.02030147
fashion_mnist,random_unitary,8192,210,0.82141898,0.02890805,1.02524271
fashion_mnist,random_unitary,8192,211,0.8236999,0.02018153,1.00595868
fashion_mnist,random_unitary,8192,212,0.81999276,0.01016089,0.98925638
fashion_mnist,random_unitary,8192,213,0.82440358,0.03518888,0.98912097
fashion_mnist,random_unitary,8192,214,0.82211527,0.01820723,0.98291277
fashion_mnist,random_unitary,8192,215,0.82814529,0.00962602,0.97485085
fashion_mnist,random_unitary,8192,216,0.82264138,0.09668085,1.00715486
fashion_mnist,random_unitary,8192,217,0.82135379,0.00192758,1.0025333
fashion_mnist,random_unitary,8192,218,0.82454532,0.0746862,1.01685565
fashion_mnist,random_unitary,8192,219,0.83581483,0.02088881,1.00265749
fashion_mnist,random_unitary,8192,220,0.82795159,0.02010257,0.99133801
fashion_mnist,random_unitary,8192,221,0.81088446,0.01109856,1.01760969
fashion_mnist,random_unitary,8192,222,0.81988029,0.01303291,0.99973118
fashion_mnist,random_unitary,8192,223,0.81819811,0.05782111,1.00832584
fashion_mnist,random_unitary,8192,224,0.81669191,0.06038873,0.97848203
fashion_mnist,random_unitary,8192,225,0.8239025,0.02156293,0.97061623
fashion_mnist,random_unitary,8192,226,0.82463162,0.01646797,0.98898941
fashion_mnist,random_unitary,8192,227,0.8149084,0.0392383,0.99384364
fashion_mnist,random_unitary,8192,228,0.82916442,0.03123016,1.00020515
fashion_mnist,random_unitary,8192,229,0.83320163,0.04476312,1.00210926
fashion_mnist,random_unitary,8192,230,0.82613385,0.04057636,0.99694943
fashion_mnist,random_unitary,8192,231,0.82589444,0.05717744,0.99715515
fashion_mnist,random_unitary,8192,232,0.82436357,0.00738981,0.99565509
fashion_mnist,random_unitary,8192,233,0.82447865,0.12100967,1.00784139
fashion_mnist,random_unitary,8192,234,0.82728169,0.01682803,1.00479279
fashion_mnist,random_unitary,8192,235,0.82979649,0.01240854,1.00221749
fashion_mnist,random_unitary,8192,236,0.81498909,0.03541353,1.02638137
fashion_mnist,random_unitary,8192,237,0.82146306,0.023283,1.00041721
fashion_mnist,random_unitary,8192,238,0.82088869,0.02765262,1.00459723
fashion_mnist,random_unitary,8192,239,0.83502208,0.03678833,0.98962261
fashion_mnist,random_unitary,8192,240,0.82093758,0.01832343,1.01985238
fashion_mnist,random_unitary,8192,241,0.82419599,0.02271844,0.97990791
fashion_mnist,random_unitary,8192,242,0.82746351,0.00826786,0.96908801
fashion_mnist,random_unitary,8192,243,0.82650186,0.01990247,1.00802929
fashion_mnist,random_unitary,8192,244,0.83422939,0.04957772,0.99093872
fashion_mnist,random_unitary,8192,245,0.82486828,0.03219022,0.98664571
fashion_mnist,random_unitary,8192,246,0.82149144,0.0188891,1.01654301
fashion_mnist,random_unitary,8192,247,0.82088692,0.06376386,1.00146248
fashion_mnist,random_unitary,8192,248,0.81273992,0.00021394,0.99178257
fashion_mnist,random_unitary,8192,249,0.82109098,0.03522331,0.9750085
fashion_mnist,random_unitary,8192,250,0.82756575,0.00990946,0.99297815
fashion_mnist,random_unitary,8192,251,0.8211944,0.02175797,1.0190681
fashion_mnist,random_unitary,8192,252,0.82453935,0.0487722,0.97887907
fashion_mnist,random_unitary,8192,253,0.82481034,0.02417136,0.99910818
fashion_mnist,random_unitary,8192,254,0.82670316,0.00940733,0.99206895
fashion_mnist,random_unitary,8192,255,0.82750945,0.02684595,1.01435096
fashion_mnist,random_unitary,8192,256,0.81281192,0.00238467,1.00676591
fashion_mnist,random_unitary,8192,257,0.82291443,0.02265936,1.00010771
fashion_mnist,random_unitary,8192,258,0.81345228,0.08263344,1.00958868
fashion_mnist,random_unitary,8192,259,0.82343003,0.02476351,0.97214028
fashion_mnist,random_unitary,8192,260,0.81156001,0.03161329,0.99241794
fashion_mnist,random_unitary,8192,261,0.81309806,0.02448812,0.9858804
fashion_mnist,random_unitary,8192,262,0.81628747,0.08071859,0.98151903
fashion_mnist,random_unitary,8192,263,0.81909262,0.07780007,1.01442041
fashion_mnist,random_unitary,8192,264,0.81751934,0.01106004,0.96946201
fashion_mnist,random_unitary,8192,265,0.82212378,0.01756559,0.99572672
fashion_mnist,random_unitary,8192,266,0.81481179,0.02440939,1.00237854
fashion_mnist,random_unitary,8192,267,0.82439527,0.05324788,0.97274031
fashion_mnist,random_unitary,8192,268,0.82673364,0.05920269,1.00745726
fashion_mnist,random_unitary,8192,269,0.82353203,0.07629325,0.99249753
fashion_mnist,random_unitary,8192,270,0.81310137,0.04257509,1.0138602
fashion_mnist,random_unitary,8192,271,0.81780935,0.11548719,0.99841209
fashion_mnist,random_unitary,8192,272,0.82575437,0.06942502,1.00927447
fashion_mnist,random_unitary,8192,273,0.83129703,0.04451584,0.9961543
fashion_mnist,random_unitary,8192,274,0.8248231,0.05335979,0.98784648
fashion_mnist,random_unitary,8192,275,0.81273893,0.00711873,1.03105383
fashion_mnist,random_unitary,8192,276,0.81696911,0.04789112,1.01897532
fashion_mnist,random_unitary,8192,277,0.82429871,0.06893447,0.98155157
fashion_mnist,random_unitary,8192,278,0.81210969,0.07102716,1.0038331
fashion_mnist,random_unitary,8192,279,0.82411073,0.02384183,0.99876998
fashion_mnist,random_unitary,8192,280,0.81146121,0.019324,0.9966244
fashion_mnist,random_unitary,8192,281,0.81234468,0.0582449,1.00326064
fashion_mnist,random_unitary,8192,282,0.81844944,0.02649304,1.00088248
fashion_mnist,random_unitary,8192,283,0.81544927,0.01018876,0.9825348
fashion_mnist,random_unitary,8192,284,0.82777811,0.05431352,1.0151077
fashion_mnist,random_unitary,8192,285,0.8165564,0.09390769,0.97831688
fashion_mnist,random_unitary,8192,286,0.8173108,0.03157166,0.99765244
fashion_mnist,random_unitary,8192,287,0.82131034,0.01402621,1.00565779
fashion_mnist,random_unitary,8192,288,0.82265066,0.04722609,0.99987959
fashion_mnist,random_unitary,8192,289,0.82054621,0.02174704,0.99260457
fashion_mnist,random_unitary,8192,290,0.81657725,0.03626423,0.99035936
fashion_mnist,random_unitary,8192,291,0.8267745,0.10081745,1.00238614
fashion_mnist,random_unitary,8192,292,0.80756149,0.05613063,0.98417781
fashion_mnist,random_unitary,8192,293,0.83037622,0.04873375,1.04001653
fashion_mnist,random_unitary,8192,294,0.82273001,0.0003703,1.00114358
fashion_mnist,random_unitary,8192,295,0.81434445,0.00657276,1.00174901
fashion_mnist,random_unitary,8192,296,0.82729597,0.11064325,1.01050751
fashion_mnist,random_unitary,8192,297,0.82296482,0.03947646,0.99223627
fashion_mnist,random_unitary,8192,298,0.83243982,0.03474782,1.01485267
fashion_mnist,random_unitary,8192,299,0.82364608,0.02119937,0.97165545
fashion_mnist,random_unitary,8192,300,0.83042454,0.13844926,0.99791027
fashion_mnist,random_unitary,8192,301,0.82343887,0.00784354,0.99634862
fashion_mnist,random_unitary,8192,302,0.82372202,0.00580851,1.02253946
fashion_mnist,random_unitary,8192,303,0.81902675,0.01830862,0.9953138
fashion_mnist,random_unitary,8192,304,0.8208274,0.06757351,1.00756633
fashion_mnist,random_unitary,8192,305,0.83141637,0.01036927,1.02005725
fashion_mnist,random_unitary,8192,306,0.82994118,0.02817886,1.00599066
fashion_mnist,random_unitary,8192,307,0.82538675,0.07151394,0.96521919
fashion_mnist,random_unitary,8192,308,0.82108909,0.06067539,1.0098073
fashion_mnist,random_unitary,8192,309,0.82436865,0.08916783,0.99883567
fashion_mnist,random_unitary,8192,310,0.81693808,0.06729977,1.00286945
fashion_mnist,random_unitary,8192,311,0.81284755,0.01316523,0.98564765
fashion_mnist,random_unitary,8192,312,0.81953194,0.03444648,1.00228557
fashion_mnist,random_unitary,8192,313,0.82510608,0.04846827,1.02606633
fashion_mnist,random_unitary,8192,314,0.83081324,0.01594688,0.98873472
fashion_mnist,random_unitary,8192,315,0.82529698,0.07109336,0.97324284
fashion_mnist,random_unitary,8192,316,0.82364581,0.02708676,0.99896729
fashion_mnist,random_unitary,8192,317,0.82498646,0.05187401,1.00212866
fashion_mnist,random_unitary,8192,318,0.82272758,0.05219024,1.02075867
fashion_mnist,random_unitary,8192,319,0.81601311,0.13375388,0.99671506
fashion_mnist,random_unitary,8192,320,0.82899551,0.08024778,0.99120255
fashion_mnist,random_unitary,8192,321,0.82632884,0.09360287,1.00694589
fashion_mnist,random_unitary,8192,322,0.8259896,0.02890125,1.00820688
fashion_mnist,random_unitary,8192,323,0.81915289,0.02548551,1.00162805
fashion_mnist,random_unitary,8192,324,0.82824072,0.05399273,0.98297264
fashion_mnist,random_unitary,8192,325,0.82498816,0.0340491,1.02466859
fashion_mnist,random_unitary,8192,326,0.82174425,0.01677231,0.98827677
fashion_mnist,random_unitary,8192,327,0.83822986,0.02606705,0.98408328
fashion_mnist,random_unitary,8192,328,0.82964939,0.04282626,0.9943335
fashion_mnist,random_unitary,8192,329,0.81914149,0.018362,1.00456042
fashion_mnist,random_unitary,8192,330,0.81518973,0.00507463,0.99210196
fashion_mnist,random_unitary,8192,331,0.8311522,0.04775823,1.01044179
fashion_mnist,random_unitary,8192,332,0.82010195,0.02694263,1.00345189
fashion_mnist,random_unitary,8192,333,0.82798772,0.0471993,1.01554535
fashion_mnist,random_unitary,8192,334,0.82319925,0.03686817,1.00841596
fashion_mnist,random_unitary,8192,335,0.82911588,0.00174306,1.0304345
fashion_mnist,random_unitary,8192,336,0.83172232,0.0050684,1.02079028
fashion_mnist,random_unitary,8192,337,0.81811532,0.05656497,0.99503871
fashion_mnist,random_unitary,8192,338,0.82548156,0.03121565,1.02063999
fashion_mnist,random_unitary,8192,339,0.82131915,0.02985808,1.00409675
fashion_mnist,random_unitary,8192,340,0.82922507,0.02208237,1.00116499
fashion_mnist,random_unitary,8192,341,0.83405442,0.00089903,1.02018922
fashion_mnist,random_unitary,8192,342,0.82824216,0.00196347,1.00376963
fashion_mnist,random_unitary,8192,343,0.82370491,0.05741638,1.01781204
fashion_mnist,random_unitary,8192,344,0.81776961,0.00972085,1.00178677
fashion_mnist,random_unitary,8192,345,0.82383895,0.004303,0.98913598
fashion_mnist,random_unitary,8192,346,0.82583764,0.00910493,0.99520672
fashion_mnist,random_unitary,8192,347,0.81594217,0.0329255,1.00306431
fashion_mnist,random_unitary,8192,348,0.82539945,0.02923274,1.00581852
fashion_mnist,random_unitary,8192,349,0.82639629,0.08612436,0.99130175
fashion_mnist,random_unitary,8192,350,0.82202738,0.0055403,1.01574079
fashion_mnist,random_unitary,8192,351,0.8247778,0.01746791,1.01089937
fashion_mnist,random_unitary,8192,352,0.82564917,0.05156858,0.99251119
fashion_mnist,random_unitary,8192,353,0.81991823,0.00523468,0.98972067
fashion_mnist,random_unitary,8192,354,0.81887188,0.05068206,1.01202828
fashion_mnist,random_unitary,8192,355,0.83281813,0.0433236,1.00060948
fashion_mnist,random_unitary,8192,356,0.8165661,0.06292341,0.99358281
fashion_mnist,random_unitary,8192,357,0.82373079,0.04577896,1.01598846
fashion_mnist,random_unitary,8192,358,0.83245083,0.07829205,0.99776061
fashion_mnist,random_unitary,8192,359,0.81998759,0.01125983,0.97714846
fashion_mnist,random_unitary,8192,360,0.81981776,0.01438299,1.00395207
fashion_mnist,random_unitary,8192,361,0.82145475,0.043016,1.00238901
fashion_mnist,random_unitary,8192,362,0.81680775,0.09969521,1.02623784
fashion_mnist,random_unitary,8192,363,0.82804433,0.02714285,0.99085682
fashion_mnist,random_unitary,8192,364,0.82711453,0.02855889,1.00452686
fashion_mnist,random_unitary,8192,365,0.81869897,0.00251897,1.00119789
fashion_mnist,random_unitary,8192,366,0.8125458,0.05386095,1.03302538
fashion_mnist,random_unitary,8192,367,0.82488054,0.00775846,1.01232482
fashion_mnist,random_unitary,8192,368,0.82654548,0.02226089,0.97903701
fashion_mnist,random_unitary,8192,369,0.82101078,0.0092575,1.0011083
fashion_mnist,random_unitary,8192,370,0.81640473,6.511e-05,0.98027983
fashion_mnist,random_unitary,8192,371,0.8237477,0.06003645,0.99931933
fashion_mnist,random_unitary,8192,372,0.84423507,0.00794686,1.01458706
fashion_mnist,random_unitary,8192,373,0.82870271,0.06965586,0.98716912
fashion_mnist,random_unitary,8192,374,0.82047794,0.02226919,1.00534725
fashion_mnist,random_unitary,8192,375,0.82510539,0.00706906,0.97577585
fashion_mnist,random_unitary,8192,376,0.81945295,0.04187895,1.01190875
fashion_mnist,random_unitary,8192,377,0.82388064,0.05646352,1.00221839
fashion_mnist,random_unitary,8192,378,0.83056802,0.04335568,0.98281073
fashion_mnist,random_unitary,8192,379,0.80848361,0.07363621,1.00428128
fashion_mnist,random_unitary,8192,380,0.82181557,0.02451566,1.00582734
fashion_mnist,random_unitary,8192,381,0.82070164,0.04037912,0.99437225
fashion_mnist,random_unitary,8192,382,0.8254097,0.00888659,0.9880218
fashion_mnist,random_unitary,8192,383,0.82365782,0.02189567,0.98737222
fashion_mnist,random_unitary,8192,384,0.81810019,0.00040372,0.97813382
fashion_mnist,random_unitary,8192,385,0.82167986,0.02812319,0.97624597
fashion_mnist,random_unitary,8192,386,0.82230338,0.00800775,1.0109849
fashion_mnist,random_unitary,8192,387,0.81518109,0.01184125,0.99520464
fashion_mnist,random_unitary,8192,388,0.81527717,0.02867518,0.98739914
fashion_mnist,random_unitary,8192,389,0.81466583,0.01028055,1.00516669
fashion_mnist,random_unitary,8192,390,0.82817894,0.02713172,0.99112225
fashion_mnist,random_unitary,8192,391,0.82343239,0.02451765,0.99282127
fashion_mnist,random_unitary,8192,392,0.81737336,0.06470567,1.01281772
fashion_mnist,random_unitary,8192,393,0.8196268,0.0555391,0.97841368
fashion_mnist,random_unitary,8192,394,0.82117412,0.0382506,0.97144432
fashion_mnist,random_unitary,8192,395,0.81236931,0.06615744,1.00117129
fashion_mnist,random_unitary,8192,396,0.820604,0.07374595,1.01183829
fashion_mnist,random_unitary,8192,397,0.82481117,0.00323419,1.00568944
fashion_mnist,random_unitary,8192,398,0.82293435,0.01168245,1.01190804
fashion_mnist,random_unitary,8192,399,0.82898963,0.04842629,1.00639554
fashion_mnist,random_unitary,8192,400,0.82814917,0.08505555,1.01592235
fashion_mnist,random_unitary,8192,401,0.82075705,0.04584152,0.99445471
fashion_mnist,random_unitary,8192,402,0.83725036,0.02399541,1.0114892
fashion_mnist,random_unitary,8192,403,0.82031276,0.00933213,1.00408274
fashion_mnist,random_unitary,8192,404,0.81765345,0.02981631,0.98680386
fashion_mnist,random_unitary,8192,405,0.8246489,0.15266225,0.98969781
fashion_mnist,random_unitary,8192,406,0.81202544,0.07174835,1.01958601
fashion_mnist,random_unitary,8192,407,0.83509222,0.0571738,0.98529825
fashion_mnist,random_unitary,8192,408,0.82119139,0.03861527,0.96932119
fashion_mnist,random_unitary,8192,409,0.80932953,0.03973408,0.98567902
fashion_mnist,random_unitary,8192,410,0.82048043,0.06781003,1.00485481
fashion_mnist,random_unitary,8192,411,0.81806938,0.04961249,1.02000816
fashion_mnist,random_unitary,8192,412,0.82035391,0.00142176,0.99477969
fashion_mnist,random_unitary,8192,413,0.83420137,0.01164191,1.00447714
fashion_mnist,random_unitary,8192,414,0.82412161,0.02791551,0.9979997
fashion_mnist,random_unitary,8192,415,0.82941881,0.05084879,0.98457376
fashion_mnist,random_unitary,8192,416,0.82675464,0.00918292,1.00456602
fashion_mnist,random_unitary,8192,417,0.82683513,0.00873471,0.99442813
fashion_mnist,random_unitary,8192,418,0.83011072,0.02142959,1.00259834
fashion_mnist,random_unitary,8192,419,0.81926883,0.01452824,1.00978817
fashion_mnist,random_unitary,8192,420,0.8309936,0.05007889,1.0134125
fashion_mnist,random_unitary,8192,421,0.81692326,0.03772386,0.99102885
fashion_mnist,random_unitary,8192,422,0.82307243,0.02714229,1.01853624
fashion_mnist,random_unitary,8192,423,0.82368432,0.01530088,0.99715377
fashion_mnist,random_unitary,8192,424,0.8229703,0.01388785,0.96565441
fashion_mnist,random_unitary,8192,425,0.82331289,0.04986014,1.00811613
fashion_mnist,random_unitary,8192,426,0.82054228,0.03980201,0.98044568
fashion_mnist,random_unitary,8192,427,0.83187802,0.05350955,0.97614016
fashion_mnist,random_unitary,8192,428,0.82737513,0.01067505,1.00505877
fashion_mnist,random_unitary,8192,429,0.82177867,0.03502617,1.01448881
fashion_mnist,random_unitary,8192,430,0.81593009,0.11613863,0.99937772
fashion_mnist,random_unitary,8192,431,0.82132822,0.0431675,1.00860473
fashion_mnist,random_unitary,8192,432,0.83307796,0.05589581,0.99874299
fashion_mnist,random_unitary,8192,433,0.81804905,0.08053295,0.98404132
fashion_mnist,random_unitary,8192,434,0.8221687,0.02474535,0.99667645
fashion_mnist,random_unitary,8192,435,0.81639306,0.09939835,1.0018827
fashion_mnist,random_unitary,8192,436,0.81584771,0.00951697,0.97484956
fashion_mnist,random_unitary,8192,437,0.82605981,0.04815968,0.99642601
fashion_mnist,random_unitary,8192,438,0.81723056,0.01588433,1.00592022
fashion_mnist,random_unitary,8192,439,0.81995233,0.03201684,1.00536233
fashion_mnist,random_unitary,8192,440,0.81389981,0.0263561,1.01261518
fashion_mnist,random_unitary,8192,441,0.82291319,0.01398309,0.97649262
fashion_mnist,random_unitary,8192,442,0.82994034,0.09150868,1.00404022
fashion_mnist,random_unitary,8192,443,0.83151675,0.00745001,0.9909964
fashion_mnist,random_unitary,8192,444,0.82569683,0.04368012,1.00748908
fashion_mnist,random_unitary,8192,445,0.82143312,0.00283405,1.00462707
fashion_mnist,random_unitary,8192,446,0.81680689,0.01700359,1.0015142
fashion_mnist,random_unitary,8192,447,0.81614936,0.07870849,0.99198659
fashion_mnist,random_unitary,8192,448,0.81557497,0.02672032,0.9606782
fashion_mnist,random_unitary,8192,449,0.81886236,0.01537156,1.01205533
fashion_mnist,random_unitary,8192,450,0.81413692,0.05883378,1.03307832
fashion_mnist,random_unitary,8192,451,0.82294137,0.00386438,1.00791556
fashion_mnist,random_unitary,8192,452,0.82080168,0.03529162,1.00641176
fashion_mnist,random_unitary,8192,453,0.82340656,0.02254687,0.98381818
fashion_mnist,random_unitary,8192,454,0.81412214,0.03523622,1.01146655
fashion_mnist,random_unitary,8192,455,0.8299604,0.05319444,0.99845633
fashion_mnist,random_unitary,8192,456,0.81382703,0.04630872,1.00331338
fashion_mnist,random_unitary,8192,457,0.82641791,0.00630213,0.98217852
fashion_mnist,random_unitary,8192,458,0.80959423,0.00878415,1.00502807
fashion_mnist,random_unitary,8192,459,0.81518,0.04260043,1.01833974
fashion_mnist,random_unitary,8192,460,0.8216362,0.00265553,1.01721021
fashion_mnist,random_unitary,8192,461,0.81157929,0.00947526,0.99583499
fashion_mnist,random_unitary,8192,462,0.82638206,0.03810899,0.99340375
fashion_mnist,random_unitary,8192,463,0.82499761,0.01275734,1.02170816
fashion_mnist,random_unitary,8192,464,0.82474905,0.06166254,1.00089128
fashion_mnist,random_unitary,8192,465,0.81993334,0.01719113,0.96784867
fashion_mnist,random_unitary,8192,466,0.8162884,0.01538445,1.00321162
fashion_mnist,random_unitary,8192,467,0.82198365,0.0162661,0.98373613
fashion_mnist,random_unitary,8192,468,0.82193035,0.04672262,0.99709688
fashion_mnist,random_unitary,8192,469,0.82336829,0.00462916,0.95127883
fashion_mnist,random_unitary,8192,470,0.82086736,0.0315899,1.01696902
fashion_mnist,random_unitary,8192,471,0.82278148,0.01494001,1.00372894
fashion_mnist,random_unitary,8192,472,0.81391803,0.05045875,0.98946985
fashion_mnist,random_unitary,8192,473,0.83432995,0.0586616,0.99940693
fashion_mnist,random_unitary,8192,474,0.82004838,0.02585897,0.99842968
fashion_mnist,random_unitary,8192,475,0.81478611,0.00641309,1.00160579
fashion_mnist,random_unitary,8192,476,0.82760049,0.01658276,1.02834144
fashion_mnist,random_unitary,8192,477,0.82532451,0.07519905,1.00427889
fashion_mnist,random_unitary,8192,478,0.81262928,0.05000937,0.98710791
fashion_mnist,random_unitary,8192,479,0.8298136,0.06263921,0.99085969
fashion_mnist,random_unitary,8192,480,0.81900875,0.01382185,1.0002176
fashion_mnist,random_unitary,8192,481,0.82056405,0.11328536,1.01663165
fashion_mnist,random_unitary,8192,482,0.82095413,0.02443138,1.01270677
fashion_mnist,random_unitary,8192,483,0.81977322,0.02120043,1.01466255
fashion_mnist,random_unitary,8192,484,0.82438355,0.05993577,1.03137843
fashion_mnist,random_unitary,8192,485,0.81768887,0.06350169,0.99688228
fashion_mnist,random_unitary,8192,486,0.82740019,0.08085003,0.99090052
fashion_mnist,random_unitary,8192,487,0.81573408,0.01484586,0.99954218
fashion_mnist,random_unitary,8192,488,0.81557693,0.00752172,0.9873661
fashion_mnist,random_unitary,8192,489,0.82164387,0.05836219,0.99962772
fashion_mnist,random_unitary,8192,490,0.83136384,0.02357602,1.00246582
fashion_mnist,random_unitary,8192,491,0.83016079,0.02514924,1.00992833
fashion_mnist,random_unitary,8192,492,0.8176784,0.01331568,1.02777459
fashion_mnist,random_unitary,8192,493,0.81707977,0.07118305,1.02216826
fashion_mnist,random_unitary,8192,494,0.81816016,0.04641528,1.02510304
fashion_mnist,random_unitary,8192,495,0.81810669,0.06667053,1.01116423
fashion_mnist,random_unitary,8192,496,0.8118848,0.05485244,0.98435617
fashion_mnist,random_unitary,8192,497,0.8323169,0.09286331,1.00695854
fashion_mnist,random_unitary,8192,498,0.81272796,0.11303209,0.99898906
fashion_mnist,random_unitary,8192,499,0.82580776,0.04849407,1.00118951
fashion_mnist,random_unitary,8192,500,0.82634169,0.01450383,0.98432372
fashion_mnist,random_unitary,8192,501,0.82523666,0.01532834,0.98181254
fashion_mnist,random_unitary,8192,502,0.82594222,0.0533734,1.0107394
fashion_mnist,random_unitary,8192,503,0.82129189,0.00463272,1.00972695
fashion_mnist,random_unitary,8192,504,0.82909658,0.04891259,1.00585709
fashion_mnist,random_unitary,8192,505,0.82526069,0.039617,0.98995066
fashion_mnist,random_unitary,8192,506,0.81348972,0.00124116,0.98910304
fashion_mnist,random_unitary,8192,507,0.82348253,0.08249284,1.00562999
fashion_mnist,random_unitary,8192,508,0.82129053,0.06394009,1.00482706
fashion_mnist,random_unitary,8192,509,0.82005484,0.01645581,1.01238602
fashion_mnist,random_unitary,8192,510,0.82691619,0.0421759,1.00334083
fashion_mnist,random_unitary,8192,511,0.82132272,0.05822972,0.99085379
fashion_mnist,random_unitary,8192,512,0.82908323,0.01194818,1.00934737
fashion_mnist,random_unitary,8192,513,0.82183825,0.07770858,0.999403
fashion_mnist,random_unitary,8192,514,0.82127618,0.01215879,0.99779478
fashion_mnist,random_unitary,8192,515,0.82706377,0.02673916,0.99617002
fashion_mnist,random_unitary,8192,516,0.81458303,0.0147853,0.9974026
fashion_mnist,random_unitary,8192,517,0.82324426,0.09899715,1.00334778
fashion_mnist,random_unitary,8192,518,0.82674369,0.01439208,1.02193056
fashion_mnist,random_unitary,8192,519,0.81906823,0.02570161,1.0166628
fashion_mnist,random_unitary,8192,520,0.82290451,0.00857377,0.9856834
fashion_mnist,random_unitary,8192,521,0.82186064,0.06851452,1.02361679
fashion_mnist,random_unitary,8192,522,0.81886248,0.03971616,0.98277316
fashion_mnist,random_unitary,8192,523,0.833028,0.00997389,1.02731768
fashion_mnist,random_unitary,8192,524,0.81189551,0.01707675,0.98782388
fashion_mnist,random_unitary,8192,525,0.83055011,0.00329549,0.96054598
fashion_mnist,random_unitary,8192,526,0.8275051,0.05231362,0.98381737
fashion_mnist,random_unitary,8192,527,0.82627621,0.00915673,0.99730375
fashion_mnist,random_unitary,8192,528,0.82838456,0.05760018,0.98946003
fashion_mnist,random_unitary,8192,529,0.82925902,0.09261497,1.00989719
fashion_mnist,random_unitary,8192,530,0.82362112,0.07095918,0.98353845
fashion_mnist,random_unitary,8192,531,0.82959247,0.08120451,0.97775213
fashion_mnist,random_unitary,8192,532,0.83123858,0.05439085,1.03579627
fashion_mnist,random_unitary,8192,533,0.8139732,0.01575061,0.97680448
fashion_mnist,random_unitary,8192,534,0.81749481,0.00530633,1.01947365
fashion_mnist,random_unitary,8192,535,0.81495386,0.03770353,1.00272271
fashion_mnist,random_unitary,8192,536,0.82328581,0.02991621,1.01565874
fashion_mnist,random_unitary,8192,537,0.80778205,0.0113613,1.03003197
fashion_mnist,random_unitary,8192,538,0.82813997,0.01383012,0.99678358
fashion_mnist,random_unitary,8192,539,0.82120407,0.07413543,0.98894446
fashion_mnist,random_unitary,8192,540,0.8256421,0.07829979,1.00415422
fashion_mnist,random_unitary,8192,541,0.80968511,0.05829911,1.02964717
fashion_mnist,random_unitary,8192,542,0.82166508,0.09677237,0.9980611
fashion_mnist,random_unitary,8192,543,0.81420219,0.00802301,1.03116397
fashion_mnist,random_unitary,8192,544,0.81884503,0.08502221,0.99701978
fashion_mnist,random_unitary,8192,545,0.82003015,0.00468564,0.97940537
fashion_mnist,random_unitary,8192,546,0.82827969,0.06056248,1.00681311
fashion_mnist,random_unitary,8192,547,0.82088391,0.02605183,0.98490561
fashion_mnist,random_unitary,8192,548,0.82048658,0.09274904,1.00279074
fashion_mnist,random_unitary,8192,549,0.83148839,0.0302407,1.00138881
fashion_mnist,random_unitary,8192,550,0.81606659,0.08665856,1.0038258
fashion_mnist,random_unitary,8192,551,0.8207041,0.0201643,1.00055026
fashion_mnist,random_unitary,8192,552,0.81351253,0.01471765,1.01846648
fashion_mnist,random_unitary,8192,553,0.81554416,0.02279433,0.96780903
fashion_mnist,random_unitary,8192,554,0.81791285,0.04535332,0.99695568
fashion_mnist,random_unitary,8192,555,0.81597079,0.06099784,1.01938549
fashion_mnist,random_unitary,8192,556,0.83210634,0.01656782,1.01962715
fashion_mnist,random_unitary,8192,557,0.82841054,0.03522168,0.99087893
fashion_mnist,random_unitary,8192,558,0.83043854,0.03343647,0.98214845
fashion_mnist,random_unitary,8192,559,0.81940829,0.02199155,1.00034565
fashion_mnist,random_unitary,8192,560,0.81885914,0.0409218,1.00310634
fashion_mnist,random_unitary,8192,561,0.82725505,0.08202115,0.98915496
fashion_mnist,random_unitary,8192,562,0.82539456,0.04096992,0.97967225
fashion_mnist,random_unitary,8192,563,0.81919316,0.01609002,0.99176076
fashion_mnist,random_unitary,8192,564,0.82791437,0.05913384,1.0005639
fashion_mnist,random_unitary,8192,565,0.81895192,0.03867961,1.03024278
fashion_mnist,random_unitary,8192,566,0.82654406,0.02247693,1.00940363
fashion_mnist,random_unitary,8192,567,0.81742951,0.10688211,0.98513963
fashion_mnist,random_unitary,8192,568,0.82851978,0.12499877,0.98258059
fashion_mnist,random_unitary,8192,569,0.82624771,0.04874489,0.96171931
fashion_mnist,random_unitary,8192,570,0.8210509,0.04338221,1.01216036
fashion_mnist,random_unitary,8192,571,0.81733678,0.05020847,0.9972266
fashion_mnist,random_unitary,8192,572,0.82345259,0.06778637,1.0043589
fashion_mnist,random_unitary,8192,573,0.82213531,0.0631546,0.98261281
fashion_mnist,random_unitary,8192,574,0.82931985,0.0322829,1.02619185
fashion_mnist,random_unitary,8192,575,0.81946267,0.01455207,1.02843522
fashion_mnist,random_unitary,8192,576,0.82174494,0.01781559,1.00545736
fashion_mnist,random_unitary,8192,577,0.83454183,0.00915594,1.00116569
fashion_mnist,random_unitary,8192,578,0.82337154,0.01114004,1.01527669
fashion_mnist,random_unitary,8192,579,0.81219539,0.02572553,1.02098875
fashion_mnist,random_unitary,8192,580,0.83366923,0.07244525,0.99356263
fashion_mnist,random_unitary,8192,581,0.81896167,0.11524397,0.99474547
fashion_mnist,random_unitary,8192,582,0.8155276,0.00745419,0.98590076
fashion_mnist,random_unitary,8192,583,0.82655814,0.04839169,1.00275852
fashion_mnist,random_unitary,8192,584,0.83539422,0.10180365,1.0049407
fashion_mnist,random_unitary,8192,585,0.82190873,0.02766769,1.01598437
fashion_mnist,random_unitary,8192,586,0.81524152,0.05497417,1.00162352
fashion_mnist,random_unitary,8192,587,0.82034702,0.08955937,0.99988169
fashion_mnist,random_unitary,8192,588,0.81838716,0.03248398,1.01706561
fashion_mnist,random_unitary,8192,589,0.82258832,0.0545166,1.01226912
fashion_mnist,random_unitary,8192,590,0.82269802,0.02158785,1.00052223
fashion_mnist,random_unitary,8192,591,0.83383112,0.02268271,1.00490036
fashion_mnist,random_unitary,8192,592,0.81509527,0.0049151,1.0121075
fashion_mnist,random_unitary,8192,593,0.81757089,0.03756351,0.98710876
fashion_mnist,random_unitary,8192,594,0.82129912,0.01787461,1.01932038
fashion_mnist,random_unitary,8192,595,0.8280503,0.05425972,0.99329445
fashion_mnist,random_unitary,8192,596,0.83038957,0.00334948,0.9731133
fashion_mnist,random_unitary,8192,597,0.82010151,0.03497924,0.98600641
fashion_mnist,random_unitary,8192,598,0.81538615,0.04079167,0.9902002
fashion_mnist,random_unitary,8192,599,0.81735086,0.03573656,1.01141325
fashion_mnist,random_unitary,8192,600,0.83076257,0.13388704,0.99999478
fashion_mnist,random_unitary,8192,601,0.82026307,0.06476679,1.02793272
fashion_mnist,random_unitary,8192,602,0.82441794,0.00724161,1.00409381
fashion_mnist,random_unitary,8192,603,0.81438623,0.07794975,1.00359885
fashion_mnist,random_unitary,8192,604,0.83412903,0.02385464,0.99918874
fashion_mnist,random_unitary,8192,605,0.82187923,0.01039404,0.98729947
fashion_mnist,random_unitary,8192,606,0.82031387,0.00745549,1.00993019
fashion_mnist,random_unitary,8192,607,0.82209668,0.02870243,0.98840111
fashion_mnist,random_unitary,8192,608,0.81482359,0.07327706,1.00858246
fashion_mnist,random_unitary,8192,609,0.81743891,0.07613257,1.01579054
fashion_mnist,random_unitary,8192,610,0.82123729,0.01614639,0.97307106
fashion_mnist,random_unitary,8192,611,0.81983411,0.01874631,0.99368035
fashion_mnist,random_unitary,8192,612,0.81879945,0.01102846,0.98224332
fashion_mnist,random_unitary,8192,613,0.82410729,0.02189401,0.97988144
fashion_mnist,random_unitary,8192,614,0.81768026,0.0170054,0.99599153
fashion_mnist,random_unitary,8192,615,0.81696397,0.00374148,0.98090407
fashion_mnist,random_unitary,8192,616,0.82563644,0.06302043,0.99634592
fashion_mnist,random_unitary,8192,617,0.81713088,0.01552965,1.00913068
fashion_mnist,random_unitary,8192,618,0.8169708,0.11449432,0.98881724
fashion_mnist,random_unitary,8192,619,0.81932743,0.00573868,1.01913894
fashion_mnist,random_unitary,8192,620,0.8196776,0.05873261,1.01005864
fashion_mnist,random_unitary,8192,621,0.81831472,0.01542586,0.98732725
fashion_mnist,random_unitary,8192,622,0.8165573,0.00240265,0.99017121
fashion_mnist,random_unitary,8192,623,0.82074108,0.00698471,1.01318462
fashion_mnist,random_unitary,8192,624,0.83192471,0.07930004,0.98206117
fashion_mnist,random_unitary,8192,625,0.83267919,0.03464826,1.00444615
fashion_mnist,random_unitary,8192,626,0.82219032,0.03921704,1.02098757
fashion_mnist,random_unitary,8192,627,0.82345723,0.07706046,0.97911545
fashion_mnist,random_unitary,8192,628,0.82922765,0.03777549,0.98757194
fashion_mnist,random_unitary,8192,629,0.84089936,0.01715541,1.00907106
fashion_mnist,random_unitary,8192,630,0.80916162,0.11015923,1.00402669
fashion_mnist,random_unitary,8192,631,0.82195071,0.03398988,1.02554633
fashion_mnist,random_unitary,8192,632,0.80807707,0.01139824,1.00502797
fashion_mnist,random_unitary,8192,633,0.82221631,0.01936452,1.01423362
fashion_mnist,random_unitary,8192,634,0.82822338,0.04163521,0.98987067
fashion_mnist,random_unitary,8192,635,0.81219026,0.0786871,0.98082015
fashion_mnist,random_unitary,8192,636,0.83121864,0.09564653,0.96967182
fashion_mnist,random_unitary,8192,637,0.81592179,0.05945648,1.01620748
fashion_mnist,random_unitary,8192,638,0.82611668,0.00017529,0.98005336
fashion_mnist,random_unitary,8192,639,0.82153952,0.03017775,0.97830569
fashion_mnist,random_unitary,8192,640,0.81385059,0.03691894,0.99881038
fashion_mnist,random_unitary,8192,641,0.81389062,0.00939376,0.98719489
fashion_mnist,random_unitary,8192,642,0.8184557,0.08399199,0.97067653
fashion_mnist,random_unitary,8192,643,0.82400062,0.06561975,0.99760682
fashion_mnist,random_unitary,8192,644,0.82172794,0.01709724,1.00425986
fashion_mnist,random_unitary,8192,645,0.8176325,0.02441806,1.00818002
fashion_mnist,random_unitary,8192,646,0.82131503,0.09187,1.00137223
fashion_mnist,random_unitary,8192,647,0.81989472,0.0080605,0.97797135
fashion_mnist,random_unitary,8192,648,0.82672269,0.04133237,0.97641734
fashion_mnist,random_unitary,8192,649,0.82703963,0.01322991,0.9729029
fashion_mnist,random_unitary,8192,650,0.82826353,0.03745319,1.01289732
fashion_mnist,random_unitary,8192,651,0.82984691,0.01359512,0.99301528
fashion_mnist,random_unitary,8192,652,0.81485212,0.02174197,0.99162637
fashion_mnist,random_unitary,8192,653,0.82676716,0.04271166,1.01008381
fashion_mnist,random_unitary,8192,654,0.8257312,0.05371628,1.00099894
fashion_mnist,random_unitary,8192,655,0.83816492,0.08185781,0.99040169
fashion_mnist,random_unitary,8192,656,0.81929236,0.00736078,1.00276847
fashion_mnist,random_unitary,8192,657,0.81614393,0.00971979,1.01209002
fashion_mnist,random_unitary,8192,658,0.83221432,0.00769631,0.9987031
fashion_mnist,random_unitary,8192,659,0.82377752,0.03750157,1.00813336
fashion_mnist,random_unitary,8192,660,0.81815254,0.01140586,0.9946995
fashion_mnist,random_unitary,8192,661,0.81875368,0.00246781,0.9997557
fashion_mnist,random_unitary,8192,662,0.81679426,0.02267902,0.98817215
fashion_mnist,random_unitary,8192,663,0.81756976,0.03869184,1.01823924
fashion_mnist,random_unitary,8192,664,0.82739208,0.02566839,1.00642451
fashion_mnist,random_unitary,8192,665,0.82124378,0.06339533,0.98830861
fashion_mnist,random_unitary,8192,666,0.82407037,0.02134683,1.00987734
fashion_mnist,random_unitary,8192,667,0.82196675,0.08360687,0.99732922
fashion_mnist,random_unitary,8192,668,0.81309374,0.05761836,0.9893407
fashion_mnist,random_unitary,8192,669,0.82768013,0.04930659,1.02537992
fashion_mnist,random_unitary,8192,670,0.81383937,0.05378375,0.98106926
fashion_mnist,random_unitary,8192,671,0.82209139,0.05244997,0.97096669
fashion_mnist,random_unitary,8192,672,0.82518108,0.01465611,1.01552838
fashion_mnist,random_unitary,8192,673,0.82787799,0.00071316,0.99108003
fashion_mnist,random_unitary,8192,674,0.82055096,0.05912942,0.99298229
fashion_mnist,random_unitary,8192,675,0.81479795,0.09866107,1.00125648
fashion_mnist,random_unitary,8192,676,0.82811502,0.04029642,0.99150583
fashion_mnist,random_unitary,8192,677,0.8141781,0.06263696,1.01385375
fashion_mnist,random_unitary,8192,678,0.82165418,0.04750162,0.98961239
fashion_mnist,random_unitary,8192,679,0.81089279,0.02844202,0.99517105
fashion_mnist,random_unitary,8192,680,0.82480544,0.03834423,0.99386231
fashion_mnist,random_unitary,8192,681,0.83437862,0.02209631,1.01767371
fashion_mnist,random_unitary,8192,682,0.82629931,0.00479091,0.99069185
fashion_mnist,random_unitary,8192,683,0.81747742,0.02294927,1.02166704
fashion_mnist,random_unitary,8192,684,0.82715233,0.02977696,1.00596531
fashion_mnist,random_unitary,8192,685,0.81638306,0.00067845,0.97896444
fashion_mnist,random_unitary,8192,686,0.81264999,0.00277858,0.98470037
fashion_mnist,random_unitary,8192,687,0.81826555,0.05284868,1.00812958
fashion_mnist,random_unitary,8192,688,0.82069813,0.03335923,1.00996795
fashion_mnist,random_unitary,8192,689,0.83009728,0.02475289,0.97877961
fashion_mnist,random_unitary,8192,690,0.82254969,0.00271331,0.99372156
fashion_mnist,random_unitary,8192,691,0.82967469,0.05730857,1.01415679
fashion_mnist,random_unitary,8192,692,0.81897563,0.0250666,1.007757
fashion_mnist,random_unitary,8192,693,0.83769141,0.00970386,0.98496657
fashion_mnist,random_unitary,8192,694,0.80610441,0.03069306,1.01083327
fashion_mnist,random_unitary,8192,695,0.8122691,0.09671428,1.00965823
fashion_mnist,random_unitary,8192,696,0.81126954,0.00703423,0.99696238
fashion_mnist,random_unitary,8192,697,0.82753005,0.00950963,0.95969813
fashion_mnist,random_unitary,8192,698,0.82440332,0.08698991,1.01130749
fashion_mnist,random_unitary,8192,699,0.82447771,0.10717427,0.99683702
fashion_mnist,random_unitary,8192,700,0.80968771,0.01173744,0.99481837
fashion_mnist,random_unitary,8192,701,0.82672391,0.0013568,1.00549254
fashion_mnist,random_unitary,8192,702,0.82558312,0.04299773,1.00086624
fashion_mnist,random_unitary,8192,703,0.82976011,0.10298712,1.01761877
fashion_mnist,random_unitary,8192,704,0.82517789,0.05205997,0.99713089
fashion_mnist,random_unitary,8192,705,0.81681829,0.0192033,1.00037095
fashion_mnist,random_unitary,8192,706,0.82490051,0.0101613,0.99154143
fashion_mnist,random_unitary,8192,707,0.83152158,0.07879152,1.01554798
fashion_mnist,random_unitary,8192,708,0.83329181,0.00080199,0.9888092
fashion_mnist,random_unitary,8192,709,0.83008973,0.04274275,0.99342232
fashion_mnist,random_unitary,8192,710,0.82556326,0.01245002,1.0046337
fashion_mnist,random_unitary,8192,711,0.82046436,0.01777677,0.97694051
fashion_mnist,random_unitary,8192,712,0.82834244,0.03771805,1.02117103
fashion_mnist,random_unitary,8192,713,0.82525463,0.05340731,0.99813946
fashion_mnist,random_unitary,8192,714,0.82059937,0.10338106,0.98187223
fashion_mnist,random_unitary,8192,715,0.8148283,0.04200089,0.98049698
fashion_mnist,random_unitary,8192,716,0.81758877,0.00670709,0.97998933
fashion_mnist,random_unitary,8192,717,0.82641572,0.02967865,1.0174914
fashion_mnist,random_unitary,8192,718,0.82060812,0.01562685,1.00193555
fashion_mnist,random_unitary,8192,719,0.81702291,0.08373369,0.98965095
fashion_mnist,random_unitary,8192,720,0.81977194,0.08270213,1.01325037
fashion_mnist,random_unitary,8192,721,0.83579378,0.10080059,1.0020227
fashion_mnist,random_unitary,8192,722,0.82030765,0.02838466,1.01610145
fashion_mnist,random_unitary,8192,723,0.82742482,0.04171444,1.00112322
fashion_mnist,random_unitary,8192,724,0.82757716,0.06052875,0.98537503
fashion_mnist,random_unitary,8192,725,0.82320326,0.13195686,1.00087109
fashion_mnist,random_unitary,8192,726,0.82569307,0.04387384,0.95467811
fashion_mnist,random_unitary,8192,727,0.83413341,0.02489985,0.99086124
fashion_mnist,random_unitary,8192,728,0.81529134,0.04522967,0.98329246
fashion_mnist,random_unitary,8192,729,0.81976874,0.04297797,1.01315962
fashion_mnist,random_unitary,8192,730,0.82228493,0.16160508,0.98365736
fashion_mnist,random_unitary,8192,731,0.83094386,0.00170935,0.96978606
fashion_mnist,random_unitary,8192,732,0.82369811,0.0690407,0.98392859
fashion_mnist,random_unitary,8192,733,0.83842297,0.00319446,0.99211847
fashion_mnist,random_unitary,8192,734,0.8240626,0.05847198,0.97923703
fashion_mnist,random_unitary,8192,735,0.81909461,0.11302578,0.98697633
fashion_mnist,random_unitary,8192,736,0.82293379,0.00288978,1.00912892
fashion_mnist,random_unitary,8192,737,0.8330776,0.06112936,0.99339465
fashion_mnist,random_unitary,8192,738,0.8244917,0.03255628,0.99942518
fashion_mnist,random_unitary,8192,739,0.82466594,0.01786942,0.99852926
fashion_mnist,random_unitary,8192,740,0.82185602,0.00516848,1.01122179
fashion_mnist,random_unitary,8192,741,0.81623966,0.02962419,1.00388133
fashion_mnist,random_unitary,8192,742,0.8207699,0.01338191,0.99819429
fashion_mnist,random_unitary,8192,743,0.83110163,0.06965956,1.00346892
fashion_mnist,random_unitary,8192,744,0.82450974,0.00309133,0.98634903
fashion_mnist,random_unitary,8192,745,0.82585564,0.06247706,1.00969608
fashion_mnist,random_unitary,8192,746,0.82019052,0.04460188,0.97402364
fashion_mnist,random_unitary,8192,747,0.81684349,0.01354176,0.97501532
fashion_mnist,random_unitary,8192,748,0.81937195,0.0099062,0.98880292
fashion_mnist,random_unitary,8192,749,0.81892803,0.08962028,1.00951376
fashion_mnist,random_unitary,8192,750,0.82941054,0.0135035,0.99271945
fashion_mnist,random_unitary,8192,751,0.82260079,0.04101325,0.98657586
fashion_mnist,random_unitary,8192,752,0.82853609,0.03641575,0.98127495
fashion_mnist,random_unitary,8192,753,0.829523,0.02353256,0.9985391
fashion_mnist,random_unitary,8192,754,0.82392308,0.01126577,1.02429232
fashion_mnist,random_unitary,8192,755,0.82482743,0.06057124,1.00275741
fashion_mnist,random_unitary,8192,756,0.82869453,0.0460245,0.98553728
fashion_mnist,random_unitary,8192,757,0.82000962,0.017659,1.01871926
fashion_mnist,random_unitary,8192,758,0.82454399,0.03434097,0.98544254
fashion_mnist,random_unitary,8192,759,0.82980612,0.00476904,0.9824997
fashion_mnist,random_unitary,8192,760,0.82001298,0.07673163,0.99826051
fashion_mnist,random_unitary,8192,761,0.82363435,0.0126958,0.9807072
fashion_mnist,random_unitary,8192,762,0.83420591,0.01824316,0.99510781
fashion_mnist,random_unitary,8192,763,0.8206997,0.00154836,1.02278757
fashion_mnist,random_unitary,8192,764,0.82604639,0.03573582,0.99075463
fashion_mnist,random_unitary,8192,765,0.81962852,0.09589265,0.99605109
fashion_mnist,random_unitary,8192,766,0.82503504,0.07451615,1.00520896
fashion_mnist,random_unitary,8192,767,0.81084597,0.06752204,0.99699931
fashion_mnist,random_unitary,8192,768,0.83272912,0.0074071,1.0077775
fashion_mnist,random_unitary,8192,769,0.81952506,0.01529493,0.98926192
fashion_mnist,random_unitary,8192,770,0.82458614,0.0299534,1.02921088
fashion_mnist,random_unitary,8192,771,0.81877098,0.03485307,1.03771228
fashion_mnist,random_unitary,8192,772,0.82973585,0.06305696,0.99121077
fashion_mnist,random_unitary,8192,773,0.82515176,0.00679609,1.00140552
fashion_mnist,random_unitary,8192,774,0.81726245,0.0519596,1.0008315
fashion_mnist,random_unitary,8192,775,0.82234657,0.02931856,0.9812991
fashion_mnist,random_unitary,8192,776,0.82699082,0.02874489,0.99951582
fashion_mnist,random_unitary,8192,777,0.81781929,0.11646785,1.00634559
fashion_mnist,random_unitary,8192,778,0.81453157,0.00596653,1.00472299
fashion_mnist,random_unitary,8192,779,0.81903911,0.00444074,1.02783663
fashion_mnist,random_unitary,8192,780,0.82841734,0.05481411,0.99889873
fashion_mnist,random_unitary,8192,781,0.83391185,0.10590187,0.9765828
fashion_mnist,random_unitary,8192,782,0.82247778,0.00892031,1.00676866
fashion_mnist,random_unitary,8192,783,0.82226718,0.02158528,1.02634978
fashion_mnist,random_unitary,8192,784,0.82780193,0.07452744,0.96987688
fashion_mnist,random_unitary,8192,785,0.82467177,0.00530026,1.01238318
fashion_mnist,random_unitary,8192,786,0.8198462,0.03666757,1.00637687
fashion_mnist,random_unitary,8192,787,0.81473116,0.08334014,0.99676975
fashion_mnist,random_unitary,8192,788,0.81375049,0.00438236,1.00365548
fashion_mnist,random_unitary,8192,789,0.82760946,0.11706221,1.0243375
fashion_mnist,random_unitary,8192,790,0.81117871,0.01773849,1.00551879
fashion_mnist,random_unitary,8192,791,0.81830816,0.0413554,0.98527099
fashion_mnist,random_unitary,8192,792,0.82146442,0.12750671,0.99724471
fashion_mnist,random_unitary,8192,793,0.83343173,0.04026015,1.00328707
fashion_mnist,random_unitary,8192,794,0.83965785,0.08164246,0.98795674
fashion_mnist,random_unitary,8192,795,0.82559106,0.03547939,0.98284976
fashion_mnist,random_unitary,8192,796,0.82069815,0.01691574,1.02075732
fashion_mnist,random_unitary,8192,797,0.81534772,0.05709528,0.98532715
fashion_mnist,random_unitary,8192,798,0.81738559,0.04782375,0.99046777
fashion_mnist,random_unitary,8192,799,0.8235541,0.01461889,1.0113694
fashion_mnist,random_unitary,8192,800,0.82775884,0.02821589,1.00272409
fashion_mnist,random_unitary,8192,801,0.82952062,0.0750588,1.01426799
fashion_mnist,random_unitary,8192,802,0.81484338,0.06083917,0.98344725
fashion_mnist,random_unitary,8192,803,0.80911543,0.02624075,0.98392221
fashion_mnist,random_unitary,8192,804,0.83372415,0.03528634,1.02228429
fashion_mnist,random_unitary,8192,805,0.8172308,0.08959091,0.97968619
fashion_mnist,random_unitary,8192,806,0.8148077,0.05966753,1.01957261
fashion_mnist,random_unitary,8192,807,0.82173008,0.01386787,1.01165335
fashion_mnist,random_unitary,8192,808,0.80971004,0.01924889,0.99579125
fashion_mnist,random_unitary,8192,809,0.82254816,0.00617871,0.98845671
fashion_mnist,random_unitary,8192,810,0.82095618,0.02396598,1.0201441
fashion_mnist,random_unitary,8192,811,0.82294839,0.03910753,0.98996586
fashion_mnist,random_unitary,8192,812,0.826176,0.01793528,1.01337531
fashion_mnist,random_unitary,8192,813,0.8210538,0.02109855,1.01431921
fashion_mnist,random_unitary,8192,814,0.82264915,0.07634135,0.9817486
fashion_mnist,random_unitary,8192,815,0.83434927,0.02603867,0.99814048
fashion_mnist,random_unitary,8192,816,0.81753601,0.05159868,1.02130028
fashion_mnist,random_unitary,8192,817,0.82632258,0.07505068,1.01667627
fashion_mnist,random_unitary,8192,818,0.83331886,0.05223066,1.00687845
fashion_mnist,random_unitary,8192,819,0.81884973,0.04825371,0.98850492
fashion_mnist,random_unitary,8192,820,0.82440844,0.09871949,0.99582343
fashion_mnist,random_unitary,8192,821,0.81935161,0.0385983,1.0034147
fashion_mnist,random_unitary,8192,822,0.82437183,0.00873439,1.01246644
fashion_mnist,random_unitary,8192,823,0.82319801,0.05655851,1.00740999
fashion_mnist,random_unitary,8192,824,0.82985901,0.00208086,0.99458179
fashion_mnist,random_unitary,8192,825,0.8132425,0.0475542,1.02324059
fashion_mnist,random_unitary,8192,826,0.8281792,0.0893604,1.00847518
fashion_mnist,random_unitary,8192,827,0.82234801,0.03791634,0.97925525
fashion_mnist,random_unitary,8192,828,0.81842346,0.04738506,0.98927582
fashion_mnist,random_unitary,8192,829,0.8283546,0.01993626,0.98900091
fashion_mnist,random_unitary,8192,830,0.82915892,0.01938571,0.99537852
fashion_mnist,random_unitary,8192,831,0.83550553,0.05997403,1.00852992
fashion_mnist,random_unitary,8192,832,0.83178621,0.03082614,0.99442268
fashion_mnist,random_unitary,8192,833,0.82604677,0.02230486,1.00815748
fashion_mnist,random_unitary,8192,834,0.82331274,0.12910328,0.97064701
fashion_mnist,random_unitary,8192,835,0.80855553,0.01598975,1.00392018
fashion_mnist,random_unitary,8192,836,0.82439109,0.02174017,0.99569294
fashion_mnist,random_unitary,8192,837,0.8251696,0.08151699,1.00743204
fashion_mnist,random_unitary,8192,838,0.83445822,0.02443144,0.98358298
fashion_mnist,random_unitary,8192,839,0.83482668,0.04763945,1.00678281
fashion_mnist,random_unitary,8192,840,0.81817172,0.01005528,1.00624108
fashion_mnist,random_unitary,8192,841,0.81518253,0.06060312,1.0005649
fashion_mnist,random_unitary,8192,842,0.82636624,0.12446435,1.02804457
fashion_mnist,random_unitary,8192,843,0.8296855,0.07570578,0.99282383
fashion_mnist,random_unitary,8192,844,0.80847681,0.00969834,1.02100808
fashion_mnist,random_unitary,8192,845,0.82341242,0.08217673,1.02907932
fashion_mnist,random_unitary,8192,846,0.82174206,0.06148875,1.01283697
fashion_mnist,random_unitary,8192,847,0.81691052,0.00956484,0.99333396
fashion_mnist,random_unitary,8192,848,0.81813544,0.00475849,0.98960052
fashion_mnist,random_unitary,8192,849,0.8188452,0.01504252,1.02125817
fashion_mnist,random_unitary,8192,850,0.81178608,0.05145279,0.98410661
fashion_mnist,random_unitary,8192,851,0.82448848,0.03369316,0.98226508
fashion_mnist,random_unitary,8192,852,0.82169238,0.03121665,1.00521984
fashion_mnist,random_unitary,8192,853,0.8323606,0.21001615,0.9828029
fashion_mnist,random_unitary,8192,854,0.82762572,0.03813608,1.01669656
fashion_mnist,random_unitary,8192,855,0.82995585,0.05022997,0.99554933
fashion_mnist,random_unitary,8192,856,0.82870351,0.025918,1.01087599
fashion_mnist,random_unitary,8192,857,0.8216521,0.061947,0.9949678
fashion_mnist,random_unitary,8192,858,0.82732661,0.12860747,1.00221309
fashion_mnist,random_unitary,8192,859,0.82248865,0.00659714,1.00621647
fashion_mnist,random_unitary,8192,860,0.8195022,0.00825578,0.99005632
fashion_mnist,random_unitary,8192,861,0.82312078,0.04341609,1.0144886
fashion_mnist,random_unitary,8192,862,0.81935693,0.09539821,1.01073855
fashion_mnist,random_unitary,8192,863,0.82155901,0.06876344,0.97928676
fashion_mnist,random_unitary,8192,864,0.82600248,0.030573,0.99927363
fashion_mnist,random_unitary,8192,865,0.8157398,0.07334685,0.97471707
fashion_mnist,random_unitary,8192,866,0.82443978,0.0143699,0.98280702
fashion_mnist,random_unitary,8192,867,0.81277904,0.05282326,0.99217231
fashion_mnist,random_unitary,8192,868,0.82351116,0.06689128,0.98872837
fashion_mnist,random_unitary,8192,869,0.82086829,0.02507914,1.03094492
fashion_mnist,random_unitary,8192,870,0.82147293,0.01483754,0.99919743
fashion_mnist,random_unitary,8192,871,0.81942697,0.03637551,0.99391579
fashion_mnist,random_unitary,8192,872,0.82958304,0.00303952,0.99507455
fashion_mnist,random_unitary,8192,873,0.80604299,0.01071084,1.00843185
fashion_mnist,random_unitary,8192,874,0.83329403,0.00305502,1.00797728
fashion_mnist,random_unitary,8192,875,0.82195967,0.03848296,1.00322196
fashion_mnist,random_unitary,8192,876,0.82863315,0.05230047,0.99833521
fashion_mnist,random_unitary,8192,877,0.8162573,0.00755271,1.00006859
fashion_mnist,random_unitary,8192,878,0.82071797,0.03905072,1.03623644
fashion_mnist,random_unitary,8192,879,0.83509689,0.09733146,0.99283115
fashion_mnist,random_unitary,8192,880,0.81943852,0.023082,1.00922369
fashion_mnist,random_unitary,8192,881,0.8262264,0.02905889,1.00543224
fashion_mnist,random_unitary,8192,882,0.82920007,0.02374344,0.98094424
fashion_mnist,random_unitary,8192,883,0.827222,0.01503285,1.00373468
fashion_mnist,random_unitary,8192,884,0.82761002,0.00388597,0.97225572
fashion_mnist,random_unitary,8192,885,0.81785826,0.06942583,1.00220256
fashion_mnist,random_unitary,8192,886,0.81299046,0.09125609,1.01996283
fashion_mnist,random_unitary,8192,887,0.81878865,0.03614594,0.98622036
fashion_mnist,random_unitary,8192,888,0.81697291,0.03799816,0.98951127
fashion_mnist,random_unitary,8192,889,0.82830349,0.00619921,0.97685967
fashion_mnist,random_unitary,8192,890,0.82117527,0.08484447,0.9730331
fashion_mnist,random_unitary,8192,891,0.82324633,0.06926543,0.98807675
fashion_mnist,random_unitary,8192,892,0.8304298,0.06432474,1.01271656
fashion_mnist,random_unitary,8192,893,0.82123082,0.04693756,1.01238521
fashion_mnist,random_unitary,8192,894,0.81663254,0.084025,1.01029315
fashion_mnist,random_unitary,8192,895,0.82605868,0.00760265,1.01098077
fashion_mnist,random_unitary,8192,896,0.82087004,0.05088439,1.0064936
fashion_mnist,random_unitary,8192,897,0.82179632,0.07976676,1.02533055
fashion_mnist,random_unitary,8192,898,0.82394073,0.01244667,1.00149043
fashion_mnist,random_unitary,8192,899,0.82621465,0.02809805,1.02330743
fashion_mnist,random_unitary,8192,900,0.82921824,0.01826502,0.99470657
fashion_mnist,random_unitary,8192,901,0.81546632,0.02960906,1.0073647
fashion_mnist,random_unitary,8192,902,0.82882708,0.03140967,0.99092324
fashion_mnist,random_unitary,8192,903,0.80609481,0.08542816,0.98482687
fashion_mnist,random_unitary,8192,904,0.82210898,0.03439763,1.00119543
fashion_mnist,random_unitary,8192,905,0.8280359,0.02786293,0.97526376
fashion_mnist,random_unitary,8192,906,0.81872578,0.0306175,1.00365776
fashion_mnist,random_unitary,8192,907,0.81848481,0.03964227,0.9829948
fashion_mnist,random_unitary,8192,908,0.81906179,0.07512099,0.98678169
fashion_mnist,random_unitary,8192,909,0.82837951,0.06766084,0.99284146
fashion_mnist,random_unitary,8192,910,0.8197815,0.11316365,0.99541223
fashion_mnist,random_unitary,8192,911,0.81471086,0.01802457,1.01787528
fashion_mnist,random_unitary,8192,912,0.82220934,0.02096969,0.94353634
fashion_mnist,random_unitary,8192,913,0.81386701,0.05370692,0.98290772
fashion_mnist,random_unitary,8192,914,0.82160554,0.00248352,1.01038746
fashion_mnist,random_unitary,8192,915,0.82094704,0.05428729,0.99215593
fashion_mnist,random_unitary,8192,916,0.82386063,0.06093536,1.00187261
fashion_mnist,random_unitary,8192,917,0.82438438,0.05604186,0.99314812
fashion_mnist,random_unitary,8192,918,0.81885266,0.0509575,0.97818233
fashion_mnist,random_unitary,8192,919,0.82085014,0.00361044,1.00270126
fashion_mnist,random_unitary,8192,920,0.8243824,0.00896883,1.00391901
fashion_mnist,random_unitary,8192,921,0.82946421,0.01171163,1.02557403
fashion_mnist,random_unitary,8192,922,0.82434533,0.00851274,1.00344506
fashion_mnist,random_unitary,8192,923,0.82060496,0.0088044,0.99614932
fashion_mnist,random_unitary,8192,924,0.82680844,0.01614882,1.00034489
fashion_mnist,random_unitary,8192,925,0.81946836,0.04135542,0.96447324
fashion_mnist,random_unitary,8192,926,0.81119469,0.02616982,1.01703156
fashion_mnist,random_unitary,8192,927,0.83416519,0.05674922,0.98633561
fashion_mnist,random_unitary,8192,928,0.8293055,0.06928962,0.98188591
fashion_mnist,random_unitary,8192,929,0.81475764,0.00576583,1.00220883
fashion_mnist,random_unitary,8192,930,0.81397665,0.02235118,1.01344434
fashion_mnist,random_unitary,8192,931,0.83886872,0.07679848,0.98327535
fashion_mnist,random_unitary,8192,932,0.81666888,0.04094261,1.02252571
fashion_mnist,random_unitary,8192,933,0.81086832,0.01533807,1.00870356
fashion_mnist,random_unitary,8192,934,0.82647768,0.02912325,0.98972917
fashion_mnist,random_unitary,8192,935,0.81623543,0.07394721,1.00145057
fashion_mnist,random_unitary,8192,936,0.82397504,0.10450872,0.98457108
fashion_mnist,random_unitary,8192,937,0.82494499,0.02409839,0.99793052
fashion_mnist,random_unitary,8192,938,0.81715256,0.04465585,1.02759227
fashion_mnist,random_unitary,8192,939,0.8305277,0.0068961,1.00312734
fashion_mnist,random_unitary,8192,940,0.81568257,0.03617133,1.00435419
fashion_mnist,random_unitary,8192,941,0.81344263,0.04866993,1.01449734
fashion_mnist,random_unitary,8192,942,0.82250627,0.01832825,0.99775991
fashion_mnist,random_unitary,8192,943,0.82601619,0.02443547,1.01098335
fashion_mnist,random_unitary,8192,944,0.81241852,0.02059403,0.97604098
fashion_mnist,random_unitary,8192,945,0.82091756,0.04726643,1.01245413
fashion_mnist,random_unitary,8192,946,0.81700475,0.00248416,1.03622029
fashion_mnist,random_unitary,8192,947,0.82278404,0.08387744,1.00964744
fashion_mnist,random_unitary,8192,948,0.81779304,0.07905291,1.00449542
fashion_mnist,random_unitary,8192,949,0.82265041,0.05455572,0.98494164
fashion_mnist,random_unitary,8192,950,0.81938987,0.01613091,1.01625856
fashion_mnist,random_unitary,8192,951,0.81275698,0.01729751,0.97406468
fashion_mnist,random_unitary,8192,952,0.81579296,0.0162555,0.99664663
fashion_mnist,random_unitary,8192,953,0.82291989,0.02770775,1.01660161
fashion_mnist,random_unitary,8192,954,0.81941784,0.08745392,0.99690534
fashion_mnist,random_unitary,8192,955,0.82766871,0.0584453,1.00429689
fashion_mnist,random_unitary,8192,956,0.81332436,0.04503277,1.00682368
fashion_mnist,random_unitary,8192,957,0.8216677,0.15283747,1.00763307
fashion_mnist,random_unitary,8192,958,0.82764859,0.0865213,0.98508929
fashion_mnist,random_unitary,8192,959,0.82375897,0.00643809,1.00582835
fashion_mnist,random_unitary,8192,960,0.81836183,0.10984857,0.98424064
fashion_mnist,random_unitary,8192,961,0.82014202,0.02556905,1.00851704
fashion_mnist,random_unitary,8192,962,0.8245403,0.05358872,0.99895569
fashion_mnist,random_unitary,8192,963,0.82129387,0.03751899,0.98325242
fashion_mnist,random_unitary,8192,964,0.81439374,0.00891898,1.01115764
fashion_mnist,random_unitary,8192,965,0.81923841,0.09075723,0.99003912
fashion_mnist,random_unitary,8192,966,0.82215237,0.06117868,1.02945976
fashion_mnist,random_unitary,8192,967,0.83926862,0.04756404,1.00173339
fashion_mnist,random_unitary,8192,968,0.81625724,0.11779404,0.99414343
fashion_mnist,random_unitary,8192,969,0.81379603,0.0073644,1.01094385
fashion_mnist,random_unitary,8192,970,0.81863039,0.02674683,0.9997549
fashion_mnist,random_unitary,8192,971,0.82424803,0.00885672,0.97512434
fashion_mnist,random_unitary,8192,972,0.82396998,0.00045196,0.99740302
fashion_mnist,random_unitary,8192,973,0.82383103,0.04514133,0.98335251
fashion_mnist,random_unitary,8192,974,0.81784295,0.00964851,1.03195311
fashion_mnist,random_unitary,8192,975,0.82922471,0.0228335,0.99420522
fashion_mnist,random_unitary,8192,976,0.82081168,0.03279176,1.00266631
fashion_mnist,random_unitary,8192,977,0.82206952,0.04960246,1.00893236
fashion_mnist,random_unitary,8192,978,0.81555409,0.01157741,1.00072289
fashion_mnist,random_unitary,8192,979,0.82779498,0.03282771,0.99033886
fashion_mnist,random_unitary,8192,980,0.82547419,0.00168242,1.02503394
fashion_mnist,random_unitary,8192,981,0.82141451,0.00181902,0.97277487
fashion_mnist,random_unitary,8192,982,0.82261644,0.05269226,0.99492839
fashion_mnist,random_unitary,8192,983,0.82104326,0.04075145,1.01734055
fashion_mnist,random_unitary,8192,984,0.80626359,0.06940318,1.02185705
fashion_mnist,random_unitary,8192,985,0.82589499,0.03449232,1.00393697
fashion_mnist,random_unitary,8192,986,0.83374985,0.01569794,0.99148368
fashion_mnist,random_unitary,8192,987,0.81983738,0.02021077,1.00866826
fashion_mnist,random_unitary,8192,988,0.8171921,0.0604229,0.98088554
fashion_mnist,random_unitary,8192,989,0.81959542,0.01349801,0.99545327
fashion_mnist,random_unitary,8192,990,0.81983781,0.05129357,1.00198182
fashion_mnist,random_unitary,8192,991,0.82482899,0.01842439,1.01862957
fashion_mnist,random_unitary,8192,992,0.82233475,0.05632516,1.05480051
fashion_mnist,random_unitary,8192,993,0.82800601,0.03512436,0.9859915
fashion_mnist,random_unitary,8192,994,0.82725654,0.0009924,0.99534566
fashion_mnist,random_unitary,8192,995,0.82505797,0.06640623,1.01442627
fashion_mnist,random_unitary,8192,996,0.82215417,0.03988936,1.00202192
fashion_mnist,random_unitary,8192,997,0.81116009,0.02387978,0.98023659
fashion_mnist,random_unitary,8192,998,0.81938984,0.03435151,0.99657922
fashion_mnist,random_unitary,8192,999,0.8282885,0.06160239,0.9899136
fashion_mnist,mlp,42,0,0.90562605,0.05647258,1.00925041
fashion_mnist,mlp,42,1,0.89353964,0.0100626,1.02497617
fashion_mnist,mlp,42,2,0.8978026,0.04672636,0.99370321
fashion_mnist,mlp,42,3,0.89965858,0.07347118,1.00972812
fashion_mnist,mlp,42,4,0.90143996,0.01077145,0.97184773
fashion_mnist,mlp,42,5,0.89483393,0.07092975,0.9732626
fashion_mnist,mlp,42,6,0.89751103,0.0326028,0.99249205
fashion_mnist,mlp,42,7,0.90347304,0.0123535,1.02172997
fashion_mnist,mlp,42,8,0.89207069,0.01694482,0.99168402
fashion_mnist,mlp,42,9,0.90954648,0.07461219,0.99760665
fashion_mnist,mlp,42,10,0.90835785,0.03600378,1.02040197
fashion_mnist,mlp,42,11,0.90018925,0.03319945,1.02958137
fashion_mnist,mlp,42,12,0.90682681,0.08584123,0.99496979
fashion_mnist,mlp,42,13,0.9048392,0.00198517,1.00599736
fashion_mnist,mlp,42,14,0.89621782,0.00698079,1.00002951
fashion_mnist,mlp,42,15,0.89519219,0.05555567,1.02591459
fashion_mnist,mlp,42,16,0.88293561,0.0023931,0.99584495
fashion_mnist,mlp,42,17,0.9059604,0.018996,1.00865327
fashion_mnist,mlp,42,18,0.90590008,0.01659702,0.99715755
fashion_mnist,mlp,42,19,0.90084057,0.01175927,0.99709593
fashion_mnist,mlp,42,20,0.90270088,0.02863476,0.9908205
fashion_mnist,mlp,42,21,0.90287514,0.02206429,1.01221682
fashion_mnist,mlp,42,22,0.89466943,0.1043078,1.01162096
fashion_mnist,mlp,42,23,0.91039121,0.01127429,1.02321157
fashion_mnist,mlp,42,24,0.89755919,0.03013824,0.99948816
fashion_mnist,mlp,42,25,0.90287054,0.07515035,1.0261761
fashion_mnist,mlp,42,26,0.89720181,0.00677864,1.02017128
fashion_mnist,mlp,42,27,0.90275582,0.05664172,1.00705165
fashion_mnist,mlp,42,28,0.89339307,0.04558599,0.98316262
fashion_mnist,mlp,42,29,0.90023248,0.02596924,1.00720962
fashion_mnist,mlp,42,30,0.91013429,0.04863317,1.01529147
fashion_mnist,mlp,42,31,0.88748233,0.00447581,1.02008551
fashion_mnist,mlp,42,32,0.90250104,0.04341148,0.9971846
fashion_mnist,mlp,42,33,0.89878715,0.04841182,0.99992341
fashion_mnist,mlp,42,34,0.89668302,0.01981721,0.97845848
fashion_mnist,mlp,42,35,0.9017463,0.0420142,0.98721331
fashion_mnist,mlp,42,36,0.90688916,0.02556016,1.01303423
fashion_mnist,mlp,42,37,0.9022128,0.05031006,0.98953726
fashion_mnist,mlp,42,38,0.89722862,0.01342892,0.97531586
fashion_mnist,mlp,42,39,0.90228454,0.00865464,1.01262664
fashion_mnist,mlp,42,40,0.9074478,0.01757082,1.00127455
fashion_mnist,mlp,42,41,0.91205176,0.13370093,1.02184836
fashion_mnist,mlp,42,42,0.90274638,0.10859804,1.01221038
fashion_mnist,mlp,42,43,0.89964865,0.05862241,1.01313521
fashion_mnist,mlp,42,44,0.90143821,0.03527926,1.00012062
fashion_mnist,mlp,42,45,0.89103675,0.04727826,1.00109069
fashion_mnist,mlp,42,46,0.90611004,0.00871905,1.01179056
fashion_mnist,mlp,42,47,0.89916578,0.05320454,1.01494977
fashion_mnist,mlp,42,48,0.90780097,0.05457171,0.96911595
fashion_mnist,mlp,42,49,0.90071139,0.04947922,0.98764021
fashion_mnist,mlp,42,50,0.89727988,0.04918446,1.01574298
fashion_mnist,mlp,42,51,0.89945502,0.03352799,0.97662285
fashion_mnist,mlp,42,52,0.90398747,0.02734316,1.0096336
fashion_mnist,mlp,42,53,0.90319705,0.05786098,1.00723912
fashion_mnist,mlp,42,54,0.9043055,0.06281861,1.02000702
fashion_mnist,mlp,42,55,0.9020549,0.0717211,1.01042537
fashion_mnist,mlp,42,56,0.89416087,0.02408247,1.00148307
fashion_mnist,mlp,42,57,0.89318713,0.01448631,1.00840178
fashion_mnist,mlp,42,58,0.8974939,0.00348749,1.01659815
fashion_mnist,mlp,42,59,0.90838856,0.06531278,0.98866821
fashion_mnist,mlp,42,60,0.903898,0.02387731,0.97895058
fashion_mnist,mlp,42,61,0.90122742,0.02758393,0.99871284
fashion_mnist,mlp,42,62,0.89529104,0.10221717,1.00591468
fashion_mnist,mlp,42,63,0.90588648,0.03980543,1.00490225
fashion_mnist,mlp,42,64,0.90179312,0.01490389,1.00089101
fashion_mnist,mlp,42,65,0.89153118,0.02111587,0.9968032
fashion_mnist,mlp,42,66,0.9031065,0.14457022,1.02121932
fashion_mnist,mlp,42,67,0.89979082,0.04964106,0.98910957
fashion_mnist,mlp,42,68,0.90355502,0.02690183,1.00591308
fashion_mnist,mlp,42,69,0.89655998,0.07330712,1.01326783
fashion_mnist,mlp,42,70,0.8918875,0.04294733,0.96597347
fashion_mnist,mlp,42,71,0.8955833,0.02860887,1.00825897
fashion_mnist,mlp,42,72,0.90457488,0.0115299,1.01485622
fashion_mnist,mlp,42,73,0.89271738,0.07635975,0.99837866
fashion_mnist,mlp,42,74,0.90505216,0.03813743,0.99095608
fashion_mnist,mlp,42,75,0.90584716,0.09386941,1.01397061
fashion_mnist,mlp,42,76,0.90364088,0.03795365,1.01869221
fashion_mnist,mlp,42,77,0.90805858,0.02730677,0.98727842
fashion_mnist,mlp,42,78,0.89449723,0.0181994,1.01601109
fashion_mnist,mlp,42,79,0.89418644,0.00278761,0.99731283
fashion_mnist,mlp,42,80,0.89687405,0.04596379,1.01164945
fashion_mnist,mlp,42,81,0.90134972,0.02698154,1.02309031
fashion_mnist,mlp,42,82,0.89447201,0.17433769,0.99139118
fashion_mnist,mlp,42,83,0.89080336,0.03637378,0.97932577
fashion_mnist,mlp,42,84,0.90259883,0.10370872,0.97726552
fashion_mnist,mlp,42,85,0.89507849,0.07070537,0.99296098
fashion_mnist,mlp,42,86,0.90374976,0.04108272,0.97583194
fashion_mnist,mlp,42,87,0.90185442,0.00493856,0.99662828
fashion_mnist,mlp,42,88,0.90236081,0.01851881,0.97313911
fashion_mnist,mlp,42,89,0.8963409,0.06500341,1.00113227
fashion_mnist,mlp,42,90,0.89505022,0.0141409,0.9995341
fashion_mnist,mlp,42,91,0.90139199,0.03776602,0.98614243
fashion_mnist,mlp,42,92,0.89621684,0.0645251,1.00419408
fashion_mnist,mlp,42,93,0.89873898,0.00101985,1.00910338
fashion_mnist,mlp,42,94,0.90750016,0.01183123,0.98349297
fashion_mnist,mlp,42,95,0.89822109,0.01030931,0.99864699
fashion_mnist,mlp,42,96,0.90985363,0.02954459,0.96753772
fashion_mnist,mlp,42,97,0.89715344,0.02541906,1.01121515
fashion_mnist,mlp,42,98,0.89663075,0.03501433,1.00475555
fashion_mnist,mlp,42,99,0.88755402,0.02211769,0.98643126
fashion_mnist,mlp,42,100,0.90318604,0.10835784,0.98269107
fashion_mnist,mlp,42,101,0.90450209,0.05408757,0.99093016
fashion_mnist,mlp,42,102,0.89461674,0.02480069,0.99692035
fashion_mnist,mlp,42,103,0.90385336,0.09701128,0.9908074
fashion_mnist,mlp,42,104,0.89400409,0.04452151,1.00056714
fashion_mnist,mlp,42,105,0.90409057,0.04125128,1.00818898
fashion_mnist,mlp,42,106,0.90161157,0.11367136,1.00115473
fashion_mnist,mlp,42,107,0.90195091,0.02992559,1.00176695
fashion_mnist,mlp,42,108,0.89446745,0.03030893,0.98668582
fashion_mnist,mlp,42,109,0.89975147,0.1043906,0.99565434
fashion_mnist,mlp,42,110,0.9135803,0.01634357,1.00088995
fashion_mnist,mlp,42,111,0.89716553,0.06107888,0.99864409
fashion_mnist,mlp,42,112,0.89315779,0.03897494,0.99977038
fashion_mnist,mlp,42,113,0.89944361,0.10148986,0.98508336
fashion_mnist,mlp,42,114,0.9081576,0.01205689,1.01790181
fashion_mnist,mlp,42,115,0.89796786,0.01594099,1.02537702
fashion_mnist,mlp,42,116,0.90530215,0.05548656,1.01512751
fashion_mnist,mlp,42,117,0.89741234,0.10600767,1.01645776
fashion_mnist,mlp,42,118,0.90562439,0.04675547,1.01679202
fashion_mnist,mlp,42,119,0.88999653,0.09588636,0.99267759
fashion_mnist,mlp,42,120,0.91533727,0.09394194,0.98458739
fashion_mnist,mlp,42,121,0.90389859,0.07389436,0.9989876
fashion_mnist,mlp,42,122,0.90529826,0.02800224,0.99947956
fashion_mnist,mlp,42,123,0.91316429,0.04039635,0.98842245
fashion_mnist,mlp,42,124,0.90430662,0.09460413,0.97603934
fashion_mnist,mlp,42,125,0.89693521,0.02707471,1.02056263
fashion_mnist,mlp,42,126,0.894733,0.01024856,0.99739497
fashion_mnist,mlp,42,127,0.89866197,0.01363533,1.01325973
fashion_mnist,mlp,42,128,0.90218725,0.00038276,0.9930242
fashion_mnist,mlp,42,129,0.90035037,0.04466015,1.00230435
fashion_mnist,mlp,42,130,0.90154316,0.09977451,0.99746672
fashion_mnist,mlp,42,131,0.90227727,0.01686656,1.01010231
fashion_mnist,mlp,42,132,0.89902897,0.0429175,1.00213819
fashion_mnist,mlp,42,133,0.89596005,0.04627968,0.98295503
fashion_mnist,mlp,42,134,0.89569094,0.03963018,1.00629233
fashion_mnist,mlp,42,135,0.90421808,0.04735834,1.00668151
fashion_mnist,mlp,42,136,0.91005669,0.03372057,1.01016212
fashion_mnist,mlp,42,137,0.90137746,0.00147457,1.00305321
fashion_mnist,mlp,42,138,0.89500959,0.01689977,1.03022006
fashion_mnist,mlp,42,139,0.8933084,0.02674155,1.00252176
fashion_mnist,mlp,42,140,0.90343528,0.06309253,0.99649719
fashion_mnist,mlp,42,141,0.90358784,0.08257308,0.99473548
fashion_mnist,mlp,42,142,0.89279363,0.04726213,1.00028981
fashion_mnist,mlp,42,143,0.89259905,0.00110159,1.00434316
fashion_mnist,mlp,42,144,0.8990599,0.06065008,1.01762847
fashion_mnist,mlp,42,145,0.89644874,0.02413188,0.99340528
fashion_mnist,mlp,42,146,0.89833818,0.00876268,1.01758349
fashion_mnist,mlp,42,147,0.8980871,0.00548688,1.00165511
fashion_mnist,mlp,42,148,0.89630864,0.04508644,1.00461319
fashion_mnist,mlp,42,149,0.9156537,0.02491686,1.00939289
fashion_mnist,mlp,42,150,0.90056057,0.0657817,0.99042326
fashion_mnist,mlp,42,151,0.91199315,0.04922558,0.9968855
fashion_mnist,mlp,42,152,0.90393329,0.03927357,1.01600477
fashion_mnist,mlp,42,153,0.88032422,0.03855161,1.03384008
fashion_mnist,mlp,42,154,0.89757922,0.01727652,0.98590372
fashion_mnist,mlp,42,155,0.90391018,0.02502159,0.98873875
fashion_mnist,mlp,42,156,0.88989464,0.02475717,1.01759099
fashion_mnist,mlp,42,157,0.90281551,0.07011378,0.981028
fashion_mnist,mlp,42,158,0.90358686,0.05237805,1.00914485
fashion_mnist,mlp,42,159,0.88750213,0.1269859,1.01311716
fashion_mnist,mlp,42,160,0.89999583,0.03923093,0.98477353
fashion_mnist,mlp,42,161,0.8983803,0.05713114,1.0176285
fashion_mnist,mlp,42,162,0.91541452,0.01952833,0.98929842
fashion_mnist,mlp,42,163,0.89882246,0.0049431,1.02638525
fashion_mnist,mlp,42,164,0.89242052,0.05598603,0.99778508
fashion_mnist,mlp,42,165,0.88717374,0.00087298,0.98238601
fashion_mnist,mlp,42,166,0.89231578,0.03023975,1.00643208
fashion_mnist,mlp,42,167,0.89841189,0.05996101,1.01351182
fashion_mnist,mlp,42,168,0.89691894,0.02852619,0.99515071
fashion_mnist,mlp,42,169,0.8972113,0.02643003,1.03999694
fashion_mnist,mlp,42,170,0.89295788,0.00731051,1.00332271
fashion_mnist,mlp,42,171,0.89370118,0.01577837,0.98176735
fashion_mnist,mlp,42,172,0.89066285,0.00623885,0.9831521
fashion_mnist,mlp,42,173,0.89832182,0.04365666,0.98002742
fashion_mnist,mlp,42,174,0.90522255,0.07183269,0.99692081
fashion_mnist,mlp,42,175,0.90456054,0.02312662,0.98668122
fashion_mnist,mlp,42,176,0.89737892,0.01368946,0.97960362
fashion_mnist,mlp,42,177,0.90079269,0.04380373,0.98586307
fashion_mnist,mlp,42,178,0.89760821,0.00114661,0.99506115
fashion_mnist,mlp,42,179,0.89288905,0.04237071,0.99852765
fashion_mnist,mlp,42,180,0.88693884,0.08525936,1.00266128
fashion_mnist,mlp,42,181,0.90115471,0.03733759,1.0026533
fashion_mnist,mlp,42,182,0.8929482,0.01351135,1.01565017
fashion_mnist,mlp,42,183,0.89138138,0.03985427,0.99775611
fashion_mnist,mlp,42,184,0.90777541,0.05428276,1.00220865
fashion_mnist,mlp,42,185,0.90124058,0.01223215,0.96646396
fashion_mnist,mlp,42,186,0.89061561,0.09155867,0.98792102
fashion_mnist,mlp,42,187,0.90675443,0.02810209,1.00099737
fashion_mnist,mlp,42,188,0.89427841,0.03806368,1.00068873
fashion_mnist,mlp,42,189,0.90355856,0.00360098,1.02053108
fashion_mnist,mlp,42,190,0.90202173,0.032644,1.00402896
fashion_mnist,mlp,42,191,0.90310857,0.0999124,1.0102986
fashion_mnist,mlp,42,192,0.90181116,0.1152141,1.00153367
fashion_mnist,mlp,42,193,0.89410259,0.01668361,1.03212312
fashion_mnist,mlp,42,194,0.88836556,0.02894774,0.99952272
fashion_mnist,mlp,42,195,0.89872081,0.08211261,0.99070023
fashion_mnist,mlp,42,196,0.90128748,0.0501695,0.99544567
fashion_mnist,mlp,42,197,0.89734318,0.04414965,1.00786261
fashion_mnist,mlp,42,198,0.89742007,0.012017,1.03007056
fashion_mnist,mlp,42,199,0.896376,0.05583825,0.96279458
fashion_mnist,mlp,42,200,0.8931297,0.03583202,0.98125057
fashion_mnist,mlp,42,201,0.89934951,0.0097467,0.98555303
fashion_mnist,mlp,42,202,0.8937836,0.07994781,1.01282735
fashion_mnist,mlp,42,203,0.8992009,0.05761722,1.00264197
fashion_mnist,mlp,42,204,0.89781787,0.0077604,0.99202124
fashion_mnist,mlp,42,205,0.89669985,0.07596043,1.00953342
fashion_mnist,mlp,42,206,0.89710567,0.03946509,0.98886163
fashion_mnist,mlp,42,207,0.88888643,0.04274345,1.00233519
fashion_mnist,mlp,42,208,0.90036729,0.00500501,0.9967294
fashion_mnist,mlp,42,209,0.90116872,0.05605162,0.99240163
fashion_mnist,mlp,42,210,0.89627286,0.00340389,0.97151035
fashion_mnist,mlp,42,211,0.89673656,0.04690715,1.01829074
fashion_mnist,mlp,42,212,0.90107082,0.07930353,1.00782475
fashion_mnist,mlp,42,213,0.90039367,0.05128164,0.99606982
fashion_mnist,mlp,42,214,0.9055709,0.02097394,0.99250771
fashion_mnist,mlp,42,215,0.89896974,0.03235364,0.99653253
fashion_mnist,mlp,42,216,0.89911367,0.06492159,1.00246209
fashion_mnist,mlp,42,217,0.90970231,0.1134338,0.99203199
fashion_mnist,mlp,42,218,0.90054074,0.05672102,0.99472005
fashion_mnist,mlp,42,219,0.90950241,0.01590104,0.97666969
fashion_mnist,mlp,42,220,0.89338669,0.02220808,0.98614454
fashion_mnist,mlp,42,221,0.90556573,0.01213797,1.00037776
fashion_mnist,mlp,42,222,0.89544941,0.01827443,0.99552222
fashion_mnist,mlp,42,223,0.88814931,0.02467968,0.99468342
fashion_mnist,mlp,42,224,0.90348636,0.11374637,1.03229825
fashion_mnist,mlp,42,225,0.90113608,0.01063179,0.9961749
fashion_mnist,mlp,42,226,0.89940845,0.00527118,0.96762126
fashion_mnist,mlp,42,227,0.90070519,0.08872397,0.9810954
fashion_mnist,mlp,42,228,0.90784696,0.00425899,1.02328852
fashion_mnist,mlp,42,229,0.885784,0.00428475,0.99589482
fashion_mnist,mlp,42,230,0.90151423,0.02371982,1.01739785
fashion_mnist,mlp,42,231,0.89524604,0.09657216,0.99549675
fashion_mnist,mlp,42,232,0.90105606,0.07174361,0.97742888
fashion_mnist,mlp,42,233,0.91796749,0.00311492,1.00205198
fashion_mnist,mlp,42,234,0.90424452,0.02449507,0.9925287
fashion_mnist,mlp,42,235,0.90286048,0.04605465,0.9983828
fashion_mnist,mlp,42,236,0.9059204,0.01990275,0.99655817
fashion_mnist,mlp,42,237,0.8969351,0.01617689,0.9914596
fashion_mnist,mlp,42,238,0.8988935,0.04226597,1.00555613
fashion_mnist,mlp,42,239,0.8973194,0.09263667,1.03026277
fashion_mnist,mlp,42,240,0.89903082,0.03176245,1.00836613
fashion_mnist,mlp,42,241,0.8974534,0.0071754,1.02519378
fashion_mnist,mlp,42,242,0.90185891,0.00320745,1.00204331
fashion_mnist,mlp,42,243,0.9037992,0.01102153,1.00545423
fashion_mnist,mlp,42,244,0.90218264,0.00865794,1.00012098
fashion_mnist,mlp,42,245,0.89728149,0.02137473,1.0019748
fashion_mnist,mlp,42,246,0.89219108,0.08457164,0.98814206
fashion_mnist,mlp,42,247,0.90045124,0.02325539,1.00535413
fashion_mnist,mlp,42,248,0.90140186,0.06443495,0.9808832
fashion_mnist,mlp,42,249,0.89355561,0.04476047,1.0064687
fashion_mnist,mlp,42,250,0.88887196,0.05100998,0.97635285
fashion_mnist,mlp,42,251,0.90821763,0.00353084,0.97861884
fashion_mnist,mlp,42,252,0.90759935,0.03804574,0.99645669
fashion_mnist,mlp,42,253,0.911712,0.02515429,1.00826125
fashion_mnist,mlp,42,254,0.89268885,0.03032555,0.99069984
fashion_mnist,mlp,42,255,0.90542908,0.01189515,0.9956955
fashion_mnist,mlp,42,256,0.90275176,0.00350773,0.99254924
fashion_mnist,mlp,42,257,0.91122428,0.03473418,1.00623591
fashion_mnist,mlp,42,258,0.90392418,0.02771723,0.97646364
fashion_mnist,mlp,42,259,0.90175525,0.02801433,0.99768926
fashion_mnist,mlp,42,260,0.9020681,0.05496878,1.00554702
fashion_mnist,mlp,42,261,0.8945795,0.03923526,0.97924523
fashion_mnist,mlp,42,262,0.90578239,0.04628048,0.98535564
fashion_mnist,mlp,42,263,0.89849781,0.05032729,0.9641588
fashion_mnist,mlp,42,264,0.91299147,0.01795918,0.9664104
fashion_mnist,mlp,42,265,0.90039248,0.06368946,0.99324833
fashion_mnist,mlp,42,266,0.89049952,0.0127683,1.00427936
fashion_mnist,mlp,42,267,0.90080929,0.04312075,1.01807817
fashion_mnist,mlp,42,268,0.89586022,0.01680583,0.985811
fashion_mnist,mlp,42,269,0.89858487,0.06006013,1.00799543
fashion_mnist,mlp,42,270,0.90824841,0.04654807,1.00496372
fashion_mnist,mlp,42,271,0.90627119,0.07314321,1.01671455
fashion_mnist,mlp,42,272,0.89092813,0.06223843,1.01751413
fashion_mnist,mlp,42,273,0.89311375,0.0368648,0.99739707
fashion_mnist,mlp,42,274,0.89989684,0.0126349,1.01335174
fashion_mnist,mlp,42,275,0.90658296,0.00777532,1.0014896
fashion_mnist,mlp,42,276,0.89922144,0.06835382,0.99615627
fashion_mnist,mlp,42,277,0.89616249,0.01326238,1.00142361
fashion_mnist,mlp,42,278,0.90082297,0.02843848,1.03820894
fashion_mnist,mlp,42,279,0.89543458,0.02331852,0.98653637
fashion_mnist,mlp,42,280,0.89854636,0.01983859,0.97048346
fashion_mnist,mlp,42,281,0.8989531,0.05597973,1.0146471
fashion_mnist,mlp,42,282,0.89759422,0.06005514,0.98401099
fashion_mnist,mlp,42,283,0.89423941,0.00068588,1.00553408
fashion_mnist,mlp,42,284,0.88848133,0.08447907,0.98934069
fashion_mnist,mlp,42,285,0.90798911,0.05092725,1.02547726
fashion_mnist,mlp,42,286,0.891173,0.01565687,1.00564384
fashion_mnist,mlp,42,287,0.89406319,0.05536475,0.9927589
fashion_mnist,mlp,42,288,0.89026104,0.02147915,0.99555299
fashion_mnist,mlp,42,289,0.90573154,0.03649321,1.01369044
fashion_mnist,mlp,42,290,0.89063672,0.0010514,0.99813212
fashion_mnist,mlp,42,291,0.90580672,0.03856078,1.00787138
fashion_mnist,mlp,42,292,0.90068553,0.00601041,1.01952484
fashion_mnist,mlp,42,293,0.88936625,0.01619019,0.97151552
fashion_mnist,mlp,42,294,0.90264188,0.02365672,1.00819036
fashion_mnist,mlp,42,295,0.90898138,0.03893047,1.00391877
fashion_mnist,mlp,42,296,0.89591523,0.09575654,0.98202961
fashion_mnist,mlp,42,297,0.89014268,0.03135815,1.00707802
fashion_mnist,mlp,42,298,0.89018169,0.06308339,0.97862982
fashion_mnist,mlp,42,299,0.90861878,0.03079766,0.98411619
fashion_mnist,mlp,42,300,0.90576652,0.02933976,1.01124986
fashion_mnist,mlp,42,301,0.90114133,0.07012911,1.0145452
fashion_mnist,mlp,42,302,0.89210583,0.05067651,0.99590203
fashion_mnist,mlp,42,303,0.89420572,0.0166828,1.01736647
fashion_mnist,mlp,42,304,0.88310727,0.07098668,0.9794725
fashion_mnist,mlp,42,305,0.89389984,0.06516031,0.98468203
fashion_mnist,mlp,42,306,0.90599293,0.07295435,1.01932656
fashion_mnist,mlp,42,307,0.90318905,0.01006232,0.99419489
fashion_mnist,mlp,42,308,0.89675917,0.03274632,1.00202463
fashion_mnist,mlp,42,309,0.89940386,0.05287441,0.98353059
fashion_mnist,mlp,42,310,0.89901648,0.08804261,0.99071521
fashion_mnist,mlp,42,311,0.89372611,0.05417541,0.9955337
fashion_mnist,mlp,42,312,0.9076331,0.04023722,0.99929494
fashion_mnist,mlp,42,313,0.89912743,0.01754026,1.00287935
fashion_mnist,mlp,42,314,0.90001865,0.06104616,0.99540977
fashion_mnist,mlp,42,315,0.89442868,0.00741571,1.00222298
fashion_mnist,mlp,42,316,0.89441287,0.04872727,0.99309013
fashion_mnist,mlp,42,317,0.90118741,0.0587125,0.98549041
fashion_mnist,mlp,42,318,0.89767913,0.03104958,0.98715722
fashion_mnist,mlp,42,319,0.91022817,0.02130408,0.98031808
fashion_mnist,mlp,42,320,0.90318807,0.0463283,1.01007755
fashion_mnist,mlp,42,321,0.89904526,0.12346914,1.03178795
fashion_mnist,mlp,42,322,0.89985031,0.03093004,1.01494126
fashion_mnist,mlp,42,323,0.91339511,0.01213195,1.01528756
fashion_mnist,mlp,42,324,0.90302187,0.00453415,0.97748951
fashion_mnist,mlp,42,325,0.90240965,0.018022,1.01832786
fashion_mnist,mlp,42,326,0.89264793,0.03872676,1.02412479
fashion_mnist,mlp,42,327,0.89713009,0.00496859,1.00001216
fashion_mnist,mlp,42,328,0.89354934,0.0068871,1.00361314
fashion_mnist,mlp,42,329,0.90668509,0.08068915,1.02248493
fashion_mnist,mlp,42,330,0.90810555,0.0062131,0.97910501
fashion_mnist,mlp,42,331,0.88887205,0.01461851,1.0203832
fashion_mnist,mlp,42,332,0.91102665,0.03581534,0.98776859
fashion_mnist,mlp,42,333,0.90714057,0.02195987,0.96546369
fashion_mnist,mlp,42,334,0.90273223,0.06139562,1.01863174
fashion_mnist,mlp,42,335,0.90513752,0.00888093,0.98758946
fashion_mnist,mlp,42,336,0.89890063,0.03112688,1.00457457
fashion_mnist,mlp,42,337,0.89300135,0.03769822,1.00587391
fashion_mnist,mlp,42,338,0.90085571,0.01511308,0.98966215
fashion_mnist,mlp,42,339,0.90246407,0.02347383,0.97740362
fashion_mnist,mlp,42,340,0.90277158,0.03555029,0.98556662
fashion_mnist,mlp,42,341,0.89796147,0.0390297,0.98918934
fashion_mnist,mlp,42,342,0.89748121,0.01143016,0.98769554
fashion_mnist,mlp,42,343,0.90460642,0.00154701,0.99081565
fashion_mnist,mlp,42,344,0.90594264,0.00591385,0.97571243
fashion_mnist,mlp,42,345,0.89897966,0.00781057,0.99342688
fashion_mnist,mlp,42,346,0.90141764,0.09744128,0.98830299
fashion_mnist,mlp,42,347,0.90355789,0.0103903,1.00473831
fashion_mnist,mlp,42,348,0.89528799,0.08597939,1.0010905
fashion_mnist,mlp,42,349,0.90065759,0.0106177,1.00520477
fashion_mnist,mlp,42,350,0.8964832,0.01694975,0.98115269
fashion_mnist,mlp,42,351,0.90413694,0.03574566,0.97929849
fashion_mnist,mlp,42,352,0.89669261,0.02578983,1.00877536
fashion_mnist,mlp,42,353,0.89163953,0.01013711,0.99682177
fashion_mnist,mlp,42,354,0.90120937,0.06037225,0.98901469
fashion_mnist,mlp,42,355,0.8994384,0.04415651,0.9988149
fashion_mnist,mlp,42,356,0.90193747,0.03992731,0.96991059
fashion_mnist,mlp,42,357,0.90140246,0.06487831,1.00257365
fashion_mnist,mlp,42,358,0.89173182,0.04087746,1.00491462
fashion_mnist,mlp,42,359,0.90248292,0.00335073,0.99454339
fashion_mnist,mlp,42,360,0.90074661,0.00778526,1.00821221
fashion_mnist,mlp,42,361,0.89937585,0.08967874,1.00127121
fashion_mnist,mlp,42,362,0.90902737,0.00901648,0.98428793
fashion_mnist,mlp,42,363,0.89680602,0.00973534,0.98665504
fashion_mnist,mlp,42,364,0.90408151,0.05037382,1.00910656
fashion_mnist,mlp,42,365,0.89369743,0.08444697,0.99569891
fashion_mnist,mlp,42,366,0.90900031,0.06502273,0.98837396
fashion_mnist,mlp,42,367,0.89679006,0.0558047,1.01510229
fashion_mnist,mlp,42,368,0.90051955,0.06403025,1.00708194
fashion_mnist,mlp,42,369,0.89940652,0.05689151,0.98504029
fashion_mnist,mlp,42,370,0.90240384,0.05941051,1.01051112
fashion_mnist,mlp,42,371,0.8868112,0.05968958,1.00600889
fashion_mnist,mlp,42,372,0.890013,0.00789899,0.9777873
fashion_mnist,mlp,42,373,0.90575267,0.06597754,0.96796844
fashion_mnist,mlp,42,374,0.89986778,0.04200577,0.9916653
fashion_mnist,mlp,42,375,0.9003152,0.00725895,1.00022371
fashion_mnist,mlp,42,376,0.90339803,0.00785757,0.99112314
fashion_mnist,mlp,42,377,0.90266417,0.03144224,1.0008014
fashion_mnist,mlp,42,378,0.90771682,0.03674609,1.00001039
fashion_mnist,mlp,42,379,0.90082228,0.02883678,0.99619388
fashion_mnist,mlp,42,380,0.89890492,0.08405207,1.02657691
fashion_mnist,mlp,42,381,0.90418052,0.02748347,1.00948834
fashion_mnist,mlp,42,382,0.89939405,0.01290289,1.00234912
fashion_mnist,mlp,42,383,0.90012679,0.01861946,0.98977356
fashion_mnist,mlp,42,384,0.89857069,0.02156265,0.96439403
fashion_mnist,mlp,42,385,0.89283122,0.01874904,1.00768144
fashion_mnist,mlp,42,386,0.9076714,0.03456393,1.00843737
fashion_mnist,mlp,42,387,0.89407086,0.02705306,1.0260573
fashion_mnist,mlp,42,388,0.90070687,0.05990131,1.01675235
fashion_mnist,mlp,42,389,0.89851075,0.0624087,0.96911319
fashion_mnist,mlp,42,390,0.89830373,0.05185668,1.00230849
fashion_mnist,mlp,42,391,0.8945618,0.03133518,1.008476
fashion_mnist,mlp,42,392,0.90720572,0.09647927,1.00493584
fashion_mnist,mlp,42,393,0.90882641,0.0115253,0.97772051
fashion_mnist,mlp,42,394,0.90056771,0.07718931,0.98136674
fashion_mnist,mlp,42,395,0.89783977,0.05024298,1.00100584
fashion_mnist,mlp,42,396,0.89271526,0.00347785,1.00277118
fashion_mnist,mlp,42,397,0.89819419,0.0033637,0.98282689
fashion_mnist,mlp,42,398,0.90579151,0.01713304,0.99937555
fashion_mnist,mlp,42,399,0.88877368,0.02466013,1.01716318
fashion_mnist,mlp,42,400,0.90128989,0.07347899,0.97483157
fashion_mnist,mlp,42,401,0.91351649,0.0239294,0.99511021
fashion_mnist,mlp,42,402,0.91143296,0.0610764,0.98850088
fashion_mnist,mlp,42,403,0.89651357,0.04679761,0.99720955
fashion_mnist,mlp,42,404,0.90489255,0.02396734,1.00481847
fashion_mnist,mlp,42,405,0.90375365,0.01235727,0.98458887
fashion_mnist,mlp,42,406,0.8964317,0.01909487,1.00033868
fashion_mnist,mlp,42,407,0.89512219,0.03257574,0.99602124
fashion_mnist,mlp,42,408,0.89792717,0.0055578,1.02804417
fashion_mnist,mlp,42,409,0.90159142,0.05044337,1.0049455
fashion_mnist,mlp,42,410,0.89299798,0.01603318,0.99689005
fashion_mnist,mlp,42,411,0.90361971,0.02390958,0.9815232
fashion_mnist,mlp,42,412,0.88597242,0.005569,1.0000276
fashion_mnist,mlp,42,413,0.9063926,0.02050603,0.98684144
fashion_mnist,mlp,42,414,0.9133414,0.02472064,1.00646759
fashion_mnist,mlp,42,415,0.90583516,0.03512621,1.02913244
fashion_mnist,mlp,42,416,0.90038054,0.04365839,0.98486901
fashion_mnist,mlp,42,417,0.90819851,9.968e-05,0.99740402
fashion_mnist,mlp,42,418,0.90443689,0.01367028,1.00527715
fashion_mnist,mlp,42,419,0.89806606,0.03077559,1.00411048
fashion_mnist,mlp,42,420,0.89240388,0.04895943,1.02294763
fashion_mnist,mlp,42,421,0.91348042,0.08117063,0.98857206
fashion_mnist,mlp,42,422,0.90000054,0.0526083,1.00295377
fashion_mnist,mlp,42,423,0.89955759,0.00299736,0.99258905
fashion_mnist,mlp,42,424,0.90181264,0.04084563,1.0056416
fashion_mnist,mlp,42,425,0.90956965,0.00436791,0.99087967
fashion_mnist,mlp,42,426,0.88897335,0.00918277,0.99157431
fashion_mnist,mlp,42,427,0.90650611,0.04642897,0.99987272
fashion_mnist,mlp,42,428,0.89477683,0.01806692,1.01842021
fashion_mnist,mlp,42,429,0.8940487,0.11157683,0.98418116
fashion_mnist,mlp,42,430,0.90580335,0.01393686,0.98051857
fashion_mnist,mlp,42,431,0.90451928,0.01601973,0.99482416
fashion_mnist,mlp,42,432,0.88812459,0.01836496,0.99696441
fashion_mnist,mlp,42,433,0.89492347,0.01229597,0.9848755
fashion_mnist,mlp,42,434,0.90291741,0.1076449,1.00205393
fashion_mnist,mlp,42,435,0.90433675,0.02620354,0.99782634
fashion_mnist,mlp,42,436,0.90373798,0.01986258,1.02259399
fashion_mnist,mlp,42,437,0.89379711,0.03186875,0.97612887
fashion_mnist,mlp,42,438,0.90052915,0.03046417,0.97331983
fashion_mnist,mlp,42,439,0.89345865,0.04601717,1.01208404
fashion_mnist,mlp,42,440,0.8942781,0.01480046,0.99034503
fashion_mnist,mlp,42,441,0.89590678,0.04679845,0.97640598
fashion_mnist,mlp,42,442,0.89714671,0.04740944,0.98445041
fashion_mnist,mlp,42,443,0.89261206,0.02129735,1.00790261
fashion_mnist,mlp,42,444,0.90242493,0.04840541,0.988584
fashion_mnist,mlp,42,445,0.90113409,0.02845177,0.98143843
fashion_mnist,mlp,42,446,0.90032449,0.03323966,1.01436449
fashion_mnist,mlp,42,447,0.90520928,0.03903542,1.00838932
fashion_mnist,mlp,42,448,0.91243457,0.0799719,1.00470899
fashion_mnist,mlp,42,449,0.90305714,0.08134319,0.99600619
fashion_mnist,mlp,42,450,0.90909708,0.00153105,1.00084049
fashion_mnist,mlp,42,451,0.89806303,0.03145077,1.01003669
fashion_mnist,mlp,42,452,0.90224588,0.02376339,1.00184091
fashion_mnist,mlp,42,453,0.8998085,0.04976892,1.00084455
fashion_mnist,mlp,42,454,0.90113734,0.0622255,1.01693212
fashion_mnist,mlp,42,455,0.89826672,0.05258297,1.01386131
fashion_mnist,mlp,42,456,0.89787452,0.02087212,0.99914264
fashion_mnist,mlp,42,457,0.9084747,0.01830836,1.04164986
fashion_mnist,mlp,42,458,0.90120949,0.03415189,0.99460158
fashion_mnist,mlp,42,459,0.89468042,0.00824792,0.9960359
fashion_mnist,mlp,42,460,0.90539262,0.00664157,0.99911616
fashion_mnist,mlp,42,461,0.89344969,0.04421317,1.01805023
fashion_mnist,mlp,42,462,0.88919266,0.01846776,0.99412727
fashion_mnist,mlp,42,463,0.89981933,0.04045858,1.02341712
fashion_mnist,mlp,42,464,0.89828707,0.03913338,1.0109164
fashion_mnist,mlp,42,465,0.90343655,0.09550937,1.01417046
fashion_mnist,mlp,42,466,0.90813627,0.03273193,0.97382636
fashion_mnist,mlp,42,467,0.90048254,0.03621934,1.00187111
fashion_mnist,mlp,42,468,0.89233606,0.06367066,0.99546985
fashion_mnist,mlp,42,469,0.90485461,0.06863374,0.99131691
fashion_mnist,mlp,42,470,0.90292551,0.02637078,0.99229878
fashion_mnist,mlp,42,471,0.91083367,0.02379956,1.00014605
fashion_mnist,mlp,42,472,0.88369511,0.04411676,0.97929807
fashion_mnist,mlp,42,473,0.90389498,0.04403464,0.99151498
fashion_mnist,mlp,42,474,0.90461306,0.03179266,0.98417462
fashion_mnist,mlp,42,475,0.90027956,0.04734488,0.99517984
fashion_mnist,mlp,42,476,0.90676376,0.08752901,1.03059215
fashion_mnist,mlp,42,477,0.90341522,0.05786349,1.02601774
fashion_mnist,mlp,42,478,0.91022907,0.08203333,0.99616283
fashion_mnist,mlp,42,479,0.88961259,0.01147558,0.99855016
fashion_mnist,mlp,42,480,0.90133761,0.05066928,0.97938965
fashion_mnist,mlp,42,481,0.89623927,0.03546281,0.99476552
fashion_mnist,mlp,42,482,0.90697109,0.07716337,1.00675891
fashion_mnist,mlp,42,483,0.90176792,0.00639267,0.99124529
fashion_mnist,mlp,42,484,0.89652372,0.06138227,1.01962042
fashion_mnist,mlp,42,485,0.91086288,0.06291569,0.99042422
fashion_mnist,mlp,42,486,0.91178125,0.03311557,0.98542837
fashion_mnist,mlp,42,487,0.89331455,0.03414768,0.98504831
fashion_mnist,mlp,42,488,0.90506404,0.01324701,0.9883112
fashion_mnist,mlp,42,489,0.89205081,0.11909506,1.02515659
fashion_mnist,mlp,42,490,0.90883429,0.0104809,1.01347519
fashion_mnist,mlp,42,491,0.89864406,0.08924805,1.00842113
fashion_mnist,mlp,42,492,0.90347538,6.698e-05,1.00335833
fashion_mnist,mlp,42,493,0.89184139,0.00729808,0.98742283
fashion_mnist,mlp,42,494,0.8867962,0.06469828,1.00052414
fashion_mnist,mlp,42,495,0.89485421,0.04081746,1.00417989
fashion_mnist,mlp,42,496,0.88933097,0.04204212,0.9998717
fashion_mnist,mlp,42,497,0.91605859,0.00096104,1.00083658
fashion_mnist,mlp,42,498,0.89935116,0.0446057,1.01202543
fashion_mnist,mlp,42,499,0.90657667,0.03556749,0.99262878
fashion_mnist,mlp,42,500,0.89609239,0.13652775,1.00853777
fashion_mnist,mlp,42,501,0.90181992,0.02748115,1.00409399
fashion_mnist,mlp,42,502,0.89889505,0.049131,1.00853582
fashion_mnist,mlp,42,503,0.8949198,0.06979328,1.01736225
fashion_mnist,mlp,42,504,0.91028101,0.0094718,1.04583836
fashion_mnist,mlp,42,505,0.89889862,0.04685715,1.00956854
fashion_mnist,mlp,42,506,0.89827294,0.0768305,1.00434035
fashion_mnist,mlp,42,507,0.89764929,0.04662855,0.97990273
fashion_mnist,mlp,42,508,0.89314336,0.04932493,0.9987343
fashion_mnist,mlp,42,509,0.90215326,0.01143324,0.99370926
fashion_mnist,mlp,42,510,0.90149723,0.01821019,1.00758742
fashion_mnist,mlp,42,511,0.91082907,0.02235318,0.97277469
fashion_mnist,mlp,42,512,0.90841726,0.0046265,0.97513106
fashion_mnist,mlp,42,513,0.90145186,0.01873198,1.00491965
fashion_mnist,mlp,42,514,0.90848787,0.0389614,0.98832826
fashion_mnist,mlp,42,515,0.90232068,0.02751828,1.02040848
fashion_mnist,mlp,42,516,0.90924399,0.01108537,1.00699688
fashion_mnist,mlp,42,517,0.89614449,0.01625518,1.00294815
fashion_mnist,mlp,42,518,0.88499733,0.09372028,1.01216063
fashion_mnist,mlp,42,519,0.89466597,0.06945029,1.01112392
fashion_mnist,mlp,42,520,0.89715565,0.05158597,1.00296778
fashion_mnist,mlp,42,521,0.90164064,0.03059197,1.01361422
fashion_mnist,mlp,42,522,0.90536883,0.05634856,1.00021316
fashion_mnist,mlp,42,523,0.90059527,0.02006549,0.99851127
fashion_mnist,mlp,42,524,0.89890549,0.01489062,0.97410241
fashion_mnist,mlp,42,525,0.90109333,0.07443342,1.00762917
fashion_mnist,mlp,42,526,0.8906783,0.02237851,1.01443957
fashion_mnist,mlp,42,527,0.89777057,0.02553029,1.00020818
fashion_mnist,mlp,42,528,0.89250349,0.08709434,1.01373738
fashion_mnist,mlp,42,529,0.90498961,0.03363082,1.02255126
fashion_mnist,mlp,42,530,0.90728533,0.03236937,0.99213689
fashion_mnist,mlp,42,531,0.9005269,0.08072926,0.99730163
fashion_mnist,mlp,42,532,0.90571263,0.02904251,1.02235546
fashion_mnist,mlp,42,533,0.89406364,0.02521981,0.97571573
fashion_mnist,mlp,42,534,0.91030556,0.0641323,1.00121875
fashion_mnist,mlp,42,535,0.89893318,0.05266933,0.98149574
fashion_mnist,mlp,42,536,0.90583892,0.02692074,1.01934683
fashion_mnist,mlp,42,537,0.90617736,0.05541921,1.01643692
fashion_mnist,mlp,42,538,0.89511714,0.01379944,0.99877103
fashion_mnist,mlp,42,539,0.90490987,0.02657564,0.99504711
fashion_mnist,mlp,42,540,0.90588803,0.01078225,1.02150229
fashion_mnist,mlp,42,541,0.89820291,0.02805037,0.99669645
fashion_mnist,mlp,42,542,0.89238233,0.0723288,1.00237396
fashion_mnist,mlp,42,543,0.8905183,0.08787022,0.994601
fashion_mnist,mlp,42,544,0.90436074,0.01392964,1.02587787
fashion_mnist,mlp,42,545,0.90855209,0.00899963,0.9670283
fashion_mnist,mlp,42,546,0.90383588,0.02876994,0.98923456
fashion_mnist,mlp,42,547,0.90173114,0.02824998,1.01023177
fashion_mnist,mlp,42,548,0.90042631,0.05697724,0.97678449
fashion_mnist,mlp,42,549,0.90327824,0.06483694,1.0079545
fashion_mnist,mlp,42,550,0.90166549,0.07794483,0.9865945
fashion_mnist,mlp,42,551,0.91023036,0.00134868,1.02328568
fashion_mnist,mlp,42,552,0.89471066,0.02206957,0.99253851
fashion_mnist,mlp,42,553,0.89904782,0.0622762,1.00042022
fashion_mnist,mlp,42,554,0.89713607,0.03594543,1.0090483
fashion_mnist,mlp,42,555,0.90359781,0.00722991,1.01448462
fashion_mnist,mlp,42,556,0.89246988,0.04336609,0.98979809
fashion_mnist,mlp,42,557,0.90910743,0.03640676,0.98909434
fashion_mnist,mlp,42,558,0.90117635,0.02590734,1.0069682
fashion_mnist,mlp,42,559,0.90530147,0.07679739,1.00108668
fashion_mnist,mlp,42,560,0.89432651,0.04735023,1.01022619
fashion_mnist,mlp,42,561,0.8995132,0.03599948,0.99851771
fashion_mnist,mlp,42,562,0.90825243,0.01502155,0.98587085
fashion_mnist,mlp,42,563,0.90635027,0.0101978,0.98675359
fashion_mnist,mlp,42,564,0.89561986,0.05136995,1.02700963
fashion_mnist,mlp,42,565,0.90357832,0.04040962,1.02335446
fashion_mnist,mlp,42,566,0.89984278,0.01513774,1.00187088
fashion_mnist,mlp,42,567,0.90281057,0.00526584,1.00460243
fashion_mnist,mlp,42,568,0.90703516,0.03210159,1.02130779
fashion_mnist,mlp,42,569,0.89179973,0.12480206,1.01069284
fashion_mnist,mlp,42,570,0.90780856,0.04429747,0.99926926
fashion_mnist,mlp,42,571,0.9087941,0.0906389,0.98621775
fashion_mnist,mlp,42,572,0.89960991,0.11175594,0.99600234
fashion_mnist,mlp,42,573,0.9020573,0.05417891,1.00983151
fashion_mnist,mlp,42,574,0.91053676,0.02918299,0.99664277
fashion_mnist,mlp,42,575,0.89386846,0.03588492,0.97938293
fashion_mnist,mlp,42,576,0.90083689,0.02735763,1.02287366
fashion_mnist,mlp,42,577,0.8938012,0.02821083,0.97321241
fashion_mnist,mlp,42,578,0.89604915,0.00961028,1.00098808
fashion_mnist,mlp,42,579,0.89190304,7.546e-05,0.97754244
fashion_mnist,mlp,42,580,0.89944926,0.03110429,1.00198741
fashion_mnist,mlp,42,581,0.89103891,0.02187797,1.00181807
fashion_mnist,mlp,42,582,0.90957048,0.03378546,0.99566095
fashion_mnist,mlp,42,583,0.90202131,0.017655,1.00839281
fashion_mnist,mlp,42,584,0.9018803,0.00188339,1.00317508
fashion_mnist,mlp,42,585,0.89739734,0.04087509,0.97351565
fashion_mnist,mlp,42,586,0.89763529,0.00640901,0.98747886
fashion_mnist,mlp,42,587,0.89834084,0.00018359,0.99780828
fashion_mnist,mlp,42,588,0.89219652,0.05418227,0.96867189
fashion_mnist,mlp,42,589,0.89678181,0.05379918,1.02212605
fashion_mnist,mlp,42,590,0.90907271,0.03234836,1.0345293
fashion_mnist,mlp,42,591,0.892547,0.02840433,1.00180605
fashion_mnist,mlp,42,592,0.88983838,0.01380259,0.97695322
fashion_mnist,mlp,42,593,0.89349339,0.02164651,0.99369553
fashion_mnist,mlp,42,594,0.90667004,0.03569896,0.9712033
fashion_mnist,mlp,42,595,0.90603672,0.00103348,1.00111052
fashion_mnist,mlp,42,596,0.9018386,0.05344756,0.97860851
fashion_mnist,mlp,42,597,0.89965187,0.03361681,1.0062529
fashion_mnist,mlp,42,598,0.90821219,0.05478541,1.01440049
fashion_mnist,mlp,42,599,0.90111843,0.02585893,1.01406853
fashion_mnist,mlp,42,600,0.90575849,0.03034353,1.04447643
fashion_mnist,mlp,42,601,0.89698509,0.03534695,1.01418609
fashion_mnist,mlp,42,602,0.90737416,0.05295106,0.98400693
fashion_mnist,mlp,42,603,0.89062508,0.06517875,1.01718972
fashion_mnist,mlp,42,604,0.89711673,0.0237202,1.00860882
fashion_mnist,mlp,42,605,0.90118927,0.05984957,0.98324963
fashion_mnist,mlp,42,606,0.90271536,0.01520848,0.98869204
fashion_mnist,mlp,42,607,0.89872401,0.00257139,0.99838308
fashion_mnist,mlp,42,608,0.88842963,0.01688126,0.98842751
fashion_mnist,mlp,42,609,0.90896433,0.0334621,1.00544066
fashion_mnist,mlp,42,610,0.89625161,0.03469856,0.99914274
fashion_mnist,mlp,42,611,0.89965688,0.01160231,1.02711825
fashion_mnist,mlp,42,612,0.89832717,0.01095901,1.00109324
fashion_mnist,mlp,42,613,0.90417848,0.01224082,1.00546188
fashion_mnist,mlp,42,614,0.89835247,0.03117972,1.02513194
fashion_mnist,mlp,42,615,0.91197061,0.03098106,0.99547148
fashion_mnist,mlp,42,616,0.90519208,0.02280993,1.00212327
fashion_mnist,mlp,42,617,0.90333948,0.02827622,1.0030108
fashion_mnist,mlp,42,618,0.90255553,0.03765342,0.99281186
fashion_mnist,mlp,42,619,0.9041405,0.0440383,0.96096053
fashion_mnist,mlp,42,620,0.90470755,0.02938017,0.99705579
fashion_mnist,mlp,42,621,0.90009811,0.08372617,1.01217304
fashion_mnist,mlp,42,622,0.89596743,0.0789311,0.99744438
fashion_mnist,mlp,42,623,0.89536758,0.0011219,0.9879231
fashion_mnist,mlp,42,624,0.8891487,0.03574431,0.99805713
fashion_mnist,mlp,42,625,0.90551312,0.06161556,0.98050847
fashion_mnist,mlp,42,626,0.89456262,0.03586046,0.99055872
fashion_mnist,mlp,42,627,0.90768361,0.08744212,1.00537994
fashion_mnist,mlp,42,628,0.89175375,0.00226085,1.00182552
fashion_mnist,mlp,42,629,0.89630658,0.01978134,1.00811192
fashion_mnist,mlp,42,630,0.90671809,0.00759757,0.98513713
fashion_mnist,mlp,42,631,0.89748781,0.00186726,0.99524164
fashion_mnist,mlp,42,632,0.89276321,0.01656499,1.00142199
fashion_mnist,mlp,42,633,0.90456488,0.06719531,0.99834103
fashion_mnist,mlp,42,634,0.90517013,0.00149997,1.00072598
fashion_mnist,mlp,42,635,0.89728594,0.06220353,0.98394238
fashion_mnist,mlp,42,636,0.89619787,0.01713669,0.99916673
fashion_mnist,mlp,42,637,0.90143239,0.05991843,0.99309447
fashion_mnist,mlp,42,638,0.89466188,0.05701692,1.00133769
fashion_mnist,mlp,42,639,0.89538646,0.11496298,0.97286585
fashion_mnist,mlp,42,640,0.90503123,0.11342863,1.00664357
fashion_mnist,mlp,42,641,0.90545129,0.04651298,0.9739747
fashion_mnist,mlp,42,642,0.89604929,0.05724662,1.00617115
fashion_mnist,mlp,42,643,0.90653216,0.04710627,0.98868286
fashion_mnist,mlp,42,644,0.90055373,0.02423803,0.99978337
fashion_mnist,mlp,42,645,0.90024978,0.04579261,0.97567757
fashion_mnist,mlp,42,646,0.90065886,0.03384377,0.99625959
fashion_mnist,mlp,42,647,0.8886729,0.04010005,1.0031678
fashion_mnist,mlp,42,648,0.9077744,0.00744047,0.99153107
fashion_mnist,mlp,42,649,0.90031186,0.01655878,0.98890421
fashion_mnist,mlp,42,650,0.89877894,0.01899624,1.02529974
fashion_mnist,mlp,42,651,0.90840021,0.05179612,0.98606642
fashion_mnist,mlp,42,652,0.90840272,0.03987789,1.01867014
fashion_mnist,mlp,42,653,0.8963521,0.0332708,0.98335884
fashion_mnist,mlp,42,654,0.89079841,0.03280422,0.99162473
fashion_mnist,mlp,42,655,0.90364979,0.05673856,1.00745715
fashion_mnist,mlp,42,656,0.9009384,0.00916154,0.98660624
fashion_mnist,mlp,42,657,0.89972914,0.08096045,0.98961294
fashion_mnist,mlp,42,658,0.89853939,0.07225938,1.00345676
fashion_mnist,mlp,42,659,0.89640217,0.03949246,0.99773956
fashion_mnist,mlp,42,660,0.893147,0.02698363,1.01016561
fashion_mnist,mlp,42,661,0.89945822,0.00482179,0.99914533
fashion_mnist,mlp,42,662,0.90371737,0.03872376,0.98717257
fashion_mnist,mlp,42,663,0.89114749,0.04183336,1.00804939
fashion_mnist,mlp,42,664,0.89940275,0.09341188,1.02228628
fashion_mnist,mlp,42,665,0.90177677,0.05000456,0.97136006
fashion_mnist,mlp,42,666,0.8998141,0.09268241,1.00193848
fashion_mnist,mlp,42,667,0.90150746,0.06731335,0.98257845
fashion_mnist,mlp,42,668,0.89567296,0.05004493,0.99782857
fashion_mnist,mlp,42,669,0.89043001,0.0089827,0.99117965
fashion_mnist,mlp,42,670,0.89375269,0.00401921,1.00922985
fashion_mnist,mlp,42,671,0.89457365,0.04288597,1.02041474
fashion_mnist,mlp,42,672,0.91326886,0.03579747,0.97890695
fashion_mnist,mlp,42,673,0.90483285,0.04406352,0.98429798
fashion_mnist,mlp,42,674,0.90413173,0.06289767,1.00003385
fashion_mnist,mlp,42,675,0.90622793,0.01712865,0.98851806
fashion_mnist,mlp,42,676,0.90437368,0.05155909,1.0075964
fashion_mnist,mlp,42,677,0.89158493,0.00201237,1.01105645
fashion_mnist,mlp,42,678,0.90415954,0.08748047,1.00931929
fashion_mnist,mlp,42,679,0.90088974,0.02552212,0.99896765
fashion_mnist,mlp,42,680,0.89841514,0.0022464,0.99863059
fashion_mnist,mlp,42,681,0.90051317,0.04490351,0.99791264
fashion_mnist,mlp,42,682,0.89234438,0.0555868,1.02354105
fashion_mnist,mlp,42,683,0.90502692,0.15089913,0.99473433
fashion_mnist,mlp,42,684,0.90056492,0.02348661,0.99860813
fashion_mnist,mlp,42,685,0.90750117,0.10841606,0.99054048
fashion_mnist,mlp,42,686,0.90455181,0.00350069,0.98365615
fashion_mnist,mlp,42,687,0.90179579,0.01698507,0.9965891
fashion_mnist,mlp,42,688,0.90154998,0.05135064,0.99700535
fashion_mnist,mlp,42,689,0.89467793,0.04497558,0.97874817
fashion_mnist,mlp,42,690,0.88715142,0.06171224,0.99005699
fashion_mnist,mlp,42,691,0.89672035,0.00710381,1.02013552
fashion_mnist,mlp,42,692,0.90963569,0.00753312,1.00829379
fashion_mnist,mlp,42,693,0.88757224,0.02402135,1.01324923
fashion_mnist,mlp,42,694,0.89792598,0.06530547,1.00492683
fashion_mnist,mlp,42,695,0.90220678,0.03543643,1.01130891
fashion_mnist,mlp,42,696,0.9051593,0.04792053,0.97943227
fashion_mnist,mlp,42,697,0.90009094,0.01102322,1.00685319
fashion_mnist,mlp,42,698,0.90597005,0.01808955,0.98758642
fashion_mnist,mlp,42,699,0.89905859,0.06284536,0.98107408
fashion_mnist,mlp,42,700,0.8926033,0.02643361,0.985676
fashion_mnist,mlp,42,701,0.9004369,0.04798894,0.98134575
fashion_mnist,mlp,42,702,0.90169894,0.05313783,1.00412896
fashion_mnist,mlp,42,703,0.9023492,0.01481121,0.98979763
fashion_mnist,mlp,42,704,0.90275956,0.04362765,0.98054637
fashion_mnist,mlp,42,705,0.90481527,0.01958898,1.01124694
fashion_mnist,mlp,42,706,0.89720138,0.0233251,0.99673615
fashion_mnist,mlp,42,707,0.899817,0.04911648,0.98301866
fashion_mnist,mlp,42,708,0.89683627,0.0236027,0.97345095
fashion_mnist,mlp,42,709,0.89766413,0.06130369,1.00185968
fashion_mnist,mlp,42,710,0.89819648,0.05710824,1.01938765
fashion_mnist,mlp,42,711,0.90729579,0.0031603,1.00287035
fashion_mnist,mlp,42,712,0.89876517,0.02134261,1.00077272
fashion_mnist,mlp,42,713,0.90104885,0.03179266,0.99002241
fashion_mnist,mlp,42,714,0.90595225,0.01838509,1.01519859
fashion_mnist,mlp,42,715,0.89744547,0.01779783,1.01095674
fashion_mnist,mlp,42,716,0.90305753,0.0003166,0.99467922
fashion_mnist,mlp,42,717,0.90795646,0.01333768,0.98830656
fashion_mnist,mlp,42,718,0.88668593,0.00789781,0.97639988
fashion_mnist,mlp,42,719,0.9136946,0.0359301,0.98572078
fashion_mnist,mlp,42,720,0.9019169,0.05527711,0.99568474
fashion_mnist,mlp,42,721,0.9017875,0.02601627,0.99919972
fashion_mnist,mlp,42,722,0.89394665,0.02014795,0.97068719
fashion_mnist,mlp,42,723,0.89391178,0.00429204,0.98514494
fashion_mnist,mlp,42,724,0.89963615,0.02785462,1.01180603
fashion_mnist,mlp,42,725,0.88972545,0.04000101,0.99714518
fashion_mnist,mlp,42,726,0.90691933,0.02895788,0.99407962
fashion_mnist,mlp,42,727,0.90452477,0.03595325,0.98953648
fashion_mnist,mlp,42,728,0.90775095,0.05253804,0.97749233
fashion_mnist,mlp,42,729,0.90250398,0.0763922,0.99035445
fashion_mnist,mlp,42,730,0.89563715,0.00754159,0.98942616
fashion_mnist,mlp,42,731,0.90124876,0.06663623,0.99198877
fashion_mnist,mlp,42,732,0.89029182,0.0230563,0.99391457
fashion_mnist,mlp,42,733,0.90411761,0.02986195,0.98667406
fashion_mnist,mlp,42,734,0.90122239,0.00575607,0.98824937
fashion_mnist,mlp,42,735,0.89787238,0.00384649,0.97608845
fashion_mnist,mlp,42,736,0.89963742,0.01741981,0.99147851
fashion_mnist,mlp,42,737,0.90646032,0.03586181,0.99151031
fashion_mnist,mlp,42,738,0.89084802,0.01145033,0.99517812
fashion_mnist,mlp,42,739,0.89634426,0.00089982,1.01705558
fashion_mnist,mlp,42,740,0.89649281,0.00558292,0.99489269
fashion_mnist,mlp,42,741,0.90659608,0.0164145,0.9896693
fashion_mnist,mlp,42,742,0.90572155,0.02725757,0.98900086
fashion_mnist,mlp,42,743,0.89076639,0.01178951,1.00825415
fashion_mnist,mlp,42,744,0.90540228,0.0105125,1.00809738
fashion_mnist,mlp,42,745,0.89574884,0.02385851,1.00755489
fashion_mnist,mlp,42,746,0.90006792,0.05543315,1.00937917
fashion_mnist,mlp,42,747,0.89866291,0.00021818,1.00239488
fashion_mnist,mlp,42,748,0.90115594,0.05211749,0.99247861
fashion_mnist,mlp,42,749,0.89617828,0.06138238,1.01808275
fashion_mnist,mlp,42,750,0.89970121,0.06594406,1.00266365
fashion_mnist,mlp,42,751,0.90626139,0.01824985,0.98902101
fashion_mnist,mlp,42,752,0.90353379,0.04592188,1.01810597
fashion_mnist,mlp,42,753,0.89081509,0.00392824,0.99402041
fashion_mnist,mlp,42,754,0.89844763,0.03043827,0.98002035
fashion_mnist,mlp,42,755,0.89035865,0.04790424,0.98349739
fashion_mnist,mlp,42,756,0.90434613,0.0034931,0.98405846
fashion_mnist,mlp,42,757,0.89423791,0.09938577,1.0076149
fashion_mnist,mlp,42,758,0.88747688,0.0006738,1.01651449
fashion_mnist,mlp,42,759,0.91084026,0.06180054,0.95038937
fashion_mnist,mlp,42,760,0.89966834,0.0252944,1.02052058
fashion_mnist,mlp,42,761,0.90369581,0.05635225,1.00568406
fashion_mnist,mlp,42,762,0.89735032,0.01401248,1.00273402
fashion_mnist,mlp,42,763,0.89685002,0.00105667,0.98261041
fashion_mnist,mlp,42,764,0.89948121,0.0031692,0.99783855
fashion_mnist,mlp,42,765,0.90148463,0.09946906,1.00547213
fashion_mnist,mlp,42,766,0.90103338,0.0301964,0.97793383
fashion_mnist,mlp,42,767,0.91343016,0.01425639,0.99344885
fashion_mnist,mlp,42,768,0.90658746,0.04344544,1.00976969
fashion_mnist,mlp,42,769,0.9065779,0.01583637,1.00495038
fashion_mnist,mlp,42,770,0.89352328,0.03927559,0.99203019
fashion_mnist,mlp,42,771,0.89983603,0.01562244,1.01913659
fashion_mnist,mlp,42,772,0.90249235,0.01101546,0.99000996
fashion_mnist,mlp,42,773,0.89707353,0.03626871,0.98941447
fashion_mnist,mlp,42,774,0.89542718,0.03179948,0.97483913
fashion_mnist,mlp,42,775,0.8970054,0.05865989,1.0209573
fashion_mnist,mlp,42,776,0.89657904,0.02575885,0.99620372
fashion_mnist,mlp,42,777,0.89754954,0.0654506,1.02150021
fashion_mnist,mlp,42,778,0.89863469,6.651e-05,1.00184887
fashion_mnist,mlp,42,779,0.89675101,0.08713096,0.97301858
fashion_mnist,mlp,42,780,0.90348756,0.01423315,1.00511769
fashion_mnist,mlp,42,781,0.90831958,0.01478357,0.98626987
fashion_mnist,mlp,42,782,0.89993031,0.0004337,0.99091587
fashion_mnist,mlp,42,783,0.901664,0.01663945,1.00269961
fashion_mnist,mlp,42,784,0.89946961,0.0942556,0.98523967
fashion_mnist,mlp,42,785,0.88807114,0.05572713,0.99967325
fashion_mnist,mlp,42,786,0.89463466,0.09036917,0.97641561
fashion_mnist,mlp,42,787,0.88652581,0.07155269,0.9827356
fashion_mnist,mlp,42,788,0.89960062,0.08507508,1.0188794
fashion_mnist,mlp,42,789,0.90541725,0.00299718,1.0093803
fashion_mnist,mlp,42,790,0.89491782,0.01483204,0.9972702
fashion_mnist,mlp,42,791,0.90584985,0.01271848,1.00218186
fashion_mnist,mlp,42,792,0.90308627,0.10131391,0.9952503
fashion_mnist,mlp,42,793,0.89498126,0.00105551,0.96612485
fashion_mnist,mlp,42,794,0.88200632,0.10271809,1.01724105
fashion_mnist,mlp,42,795,0.89772836,0.07615431,1.02439384
fashion_mnist,mlp,42,796,0.89434136,0.03764829,0.95710192
fashion_mnist,mlp,42,797,0.89843193,0.02329064,0.98818903
fashion_mnist,mlp,42,798,0.90872594,0.00342259,0.99751995
fashion_mnist,mlp,42,799,0.90987893,0.01237846,0.98110943
fashion_mnist,mlp,42,800,0.90185806,0.06526881,0.97941071
fashion_mnist,mlp,42,801,0.90265542,0.0186903,0.97951974
fashion_mnist,mlp,42,802,0.89286772,0.12325324,1.01463735
fashion_mnist,mlp,42,803,0.89321828,0.02732833,0.98992328
fashion_mnist,mlp,42,804,0.90191059,0.00430777,1.01500623
fashion_mnist,mlp,42,805,0.89143736,0.05031367,0.99997392
fashion_mnist,mlp,42,806,0.89495579,0.03564187,0.99038235
fashion_mnist,mlp,42,807,0.9073311,0.01219085,1.01941442
fashion_mnist,mlp,42,808,0.89505689,0.0572318,0.97927567
fashion_mnist,mlp,42,809,0.8952339,0.04220871,1.01499486
fashion_mnist,mlp,42,810,0.89080146,0.05257919,1.00861626
fashion_mnist,mlp,42,811,0.9037765,0.00969508,1.00439226
fashion_mnist,mlp,42,812,0.89274977,0.06315256,0.99873365
fashion_mnist,mlp,42,813,0.89629416,0.0122469,0.99377612
fashion_mnist,mlp,42,814,0.90475598,0.05408774,1.00130814
fashion_mnist,mlp,42,815,0.90457358,0.00054915,0.98683296
fashion_mnist,mlp,42,816,0.90655904,0.01313034,0.99255622
fashion_mnist,mlp,42,817,0.90380136,0.0396461,0.99006386
fashion_mnist,mlp,42,818,0.90321091,0.04555232,1.01346296
fashion_mnist,mlp,42,819,0.89881686,0.00768753,1.01923222
fashion_mnist,mlp,42,820,0.90506186,0.01398947,0.99202531
fashion_mnist,mlp,42,821,0.89525787,0.05069245,0.99949884
fashion_mnist,mlp,42,822,0.89898226,0.03085345,1.02286143
fashion_mnist,mlp,42,823,0.9087359,0.01753739,1.00741971
fashion_mnist,mlp,42,824,0.89928924,0.09455236,1.00841481
fashion_mnist,mlp,42,825,0.90109047,0.07026091,1.00245527
fashion_mnist,mlp,42,826,0.89307701,0.00870618,0.98497225
fashion_mnist,mlp,42,827,0.89794887,0.0350564,1.00729413
fashion_mnist,mlp,42,828,0.89243322,0.01014229,1.01470486
fashion_mnist,mlp,42,829,0.89870571,0.02491746,1.03184495
fashion_mnist,mlp,42,830,0.91941659,0.00206823,0.98311104
fashion_mnist,mlp,42,831,0.89269868,0.04716256,1.00312871
fashion_mnist,mlp,42,832,0.89473375,0.04025971,1.02484824
fashion_mnist,mlp,42,833,0.90562257,0.00862028,1.02087105
fashion_mnist,mlp,42,834,0.89906807,0.02524086,0.98760916
fashion_mnist,mlp,42,835,0.8836357,0.06719867,0.99165267
fashion_mnist,mlp,42,836,0.89175666,0.02032025,1.0288392
fashion_mnist,mlp,42,837,0.90541059,0.05688192,0.99413858
fashion_mnist,mlp,42,838,0.89370764,0.10584691,0.98697487
fashion_mnist,mlp,42,839,0.90126495,0.05098113,1.0168065
fashion_mnist,mlp,42,840,0.89716632,0.08517262,1.01559113
fashion_mnist,mlp,42,841,0.88306913,0.02053947,0.99312814
fashion_mnist,mlp,42,842,0.9049192,0.05256605,0.98275842
fashion_mnist,mlp,42,843,0.90722822,0.00756307,1.02199231
fashion_mnist,mlp,42,844,0.91402929,0.07426804,1.02242963
fashion_mnist,mlp,42,845,0.89982679,0.11331887,1.00060265
fashion_mnist,mlp,42,846,0.90433012,0.02464857,1.00819351
fashion_mnist,mlp,42,847,0.89983508,0.02452949,1.01346384
fashion_mnist,mlp,42,848,0.89893234,0.05024886,1.00680232
fashion_mnist,mlp,42,849,0.90273334,0.06981343,1.01130392
fashion_mnist,mlp,42,850,0.90197,0.03241103,1.02581073
fashion_mnist,mlp,42,851,0.89653804,0.04536004,1.02057877
fashion_mnist,mlp,42,852,0.89645042,0.07973142,0.98856158
fashion_mnist,mlp,42,853,0.90783045,0.00725105,1.009808
fashion_mnist,mlp,42,854,0.90240329,0.02202694,1.00807043
fashion_mnist,mlp,42,855,0.9006154,0.02219299,0.99495315
fashion_mnist,mlp,42,856,0.89491988,0.09910737,1.0198081
fashion_mnist,mlp,42,857,0.90539076,0.06593871,0.99371681
fashion_mnist,mlp,42,858,0.90590803,0.01731138,0.99170435
fashion_mnist,mlp,42,859,0.89737585,0.03967062,0.98036008
fashion_mnist,mlp,42,860,0.898844,0.06568859,0.99357225
fashion_mnist,mlp,42,861,0.90418075,0.02259143,0.96642014
fashion_mnist,mlp,42,862,0.90657171,0.04758736,1.02391812
fashion_mnist,mlp,42,863,0.89306915,0.03803146,1.01946155
fashion_mnist,mlp,42,864,0.90884374,0.04359533,1.00896513
fashion_mnist,mlp,42,865,0.90074978,0.01390357,0.99564724
fashion_mnist,mlp,42,866,0.91215555,0.0763771,1.00132849
fashion_mnist,mlp,42,867,0.89843407,0.01660977,1.01060848
fashion_mnist,mlp,42,868,0.90047808,0.03285601,1.01189511
fashion_mnist,mlp,42,869,0.88884893,0.00339729,1.00093826
fashion_mnist,mlp,42,870,0.89975731,0.09334021,0.99179502
fashion_mnist,mlp,42,871,0.89773292,0.12085714,1.04144822
fashion_mnist,mlp,42,872,0.89524428,0.01478838,0.98739647
fashion_mnist,mlp,42,873,0.90148108,0.02779741,0.98779599
fashion_mnist,mlp,42,874,0.90895443,0.03436643,1.01637027
fashion_mnist,mlp,42,875,0.89319484,0.03925403,0.99783858
fashion_mnist,mlp,42,876,0.90740563,0.05623413,0.98734849
fashion_mnist,mlp,42,877,0.90000034,0.0157322,1.0238755
fashion_mnist,mlp,42,878,0.90833549,0.09983214,0.99140224
fashion_mnist,mlp,42,879,0.89258326,0.00123506,1.01943481
fashion_mnist,mlp,42,880,0.90152283,0.01502303,1.02170721
fashion_mnist,mlp,42,881,0.90308624,0.08820924,1.00221538
fashion_mnist,mlp,42,882,0.8954978,0.059931,1.02400264
fashion_mnist,mlp,42,883,0.89739855,0.02586717,0.99264873
fashion_mnist,mlp,42,884,0.90002084,0.01601628,1.00261496
fashion_mnist,mlp,42,885,0.89800534,0.04004847,1.01070919
fashion_mnist,mlp,42,886,0.89952335,0.03080051,0.98927567
fashion_mnist,mlp,42,887,0.8982622,0.08034859,0.99267818
fashion_mnist,mlp,42,888,0.9063361,0.10502864,0.99020234
fashion_mnist,mlp,42,889,0.89973392,0.01701634,1.01732338
fashion_mnist,mlp,42,890,0.90644612,0.03466585,0.99080738
fashion_mnist,mlp,42,891,0.90047549,0.0517852,1.02244885
fashion_mnist,mlp,42,892,0.90081171,0.04244683,0.99257922
fashion_mnist,mlp,42,893,0.89567507,0.0379906,1.01856991
fashion_mnist,mlp,42,894,0.90342572,0.05286734,0.99734508
fashion_mnist,mlp,42,895,0.89821237,0.1050757,1.00517335
fashion_mnist,mlp,42,896,0.89330591,0.04476401,0.9822888
fashion_mnist,mlp,42,897,0.89241911,0.07851402,0.99035577
fashion_mnist,mlp,42,898,0.89669809,0.00360294,0.99538915
fashion_mnist,mlp,42,899,0.89827503,0.01292894,0.97922427
fashion_mnist,mlp,42,900,0.90318177,0.09910813,1.01106361
fashion_mnist,mlp,42,901,0.90161627,0.01757235,1.00431339
fashion_mnist,mlp,42,902,0.90044966,0.02861979,0.99860139
fashion_mnist,mlp,42,903,0.90210583,0.07463595,1.00810254
fashion_mnist,mlp,42,904,0.89748815,0.0133495,0.97536098
fashion_mnist,mlp,42,905,0.893515,0.06436914,1.00038176
fashion_mnist,mlp,42,906,0.9017213,0.04101576,1.01480775
fashion_mnist,mlp,42,907,0.911162,0.03485786,0.98727569
fashion_mnist,mlp,42,908,0.90426922,0.05031199,0.98766648
fashion_mnist,mlp,42,909,0.90784561,0.00404715,1.00716901
fashion_mnist,mlp,42,910,0.90299141,0.02435071,0.98855465
fashion_mnist,mlp,42,911,0.90830487,0.04288205,0.99668821
fashion_mnist,mlp,42,912,0.90478063,0.08710888,0.9812367
fashion_mnist,mlp,42,913,0.89199962,0.07398699,0.98174367
fashion_mnist,mlp,42,914,0.89874642,0.01452345,0.9899689
fashion_mnist,mlp,42,915,0.90812241,0.02781101,0.99765346
fashion_mnist,mlp,42,916,0.90052324,0.01852802,0.98206298
fashion_mnist,mlp,42,917,0.89659353,0.01521895,1.02473048
fashion_mnist,mlp,42,918,0.89857879,0.00726138,0.97248062
fashion_mnist,mlp,42,919,0.91101585,0.0624304,0.99573289
fashion_mnist,mlp,42,920,0.89169103,0.00080313,1.01413961
fashion_mnist,mlp,42,921,0.90911281,0.0324548,1.01421748
fashion_mnist,mlp,42,922,0.89993953,0.01473969,0.9712398
fashion_mnist,mlp,42,923,0.90248946,0.0072448,0.97435086
fashion_mnist,mlp,42,924,0.90584004,0.04273924,1.00643919
fashion_mnist,mlp,42,925,0.90594907,0.02529231,0.98458469
fashion_mnist,mlp,42,926,0.89445915,0.05799232,0.98587109
fashion_mnist,mlp,42,927,0.90168495,0.03053495,1.03002245
fashion_mnist,mlp,42,928,0.9061618,0.07379206,1.00802808
fashion_mnist,mlp,42,929,0.89856986,0.06417136,1.00536637
fashion_mnist,mlp,42,930,0.89921156,0.04445301,1.00904339
fashion_mnist,mlp,42,931,0.90297047,0.01738093,1.0016343
fashion_mnist,mlp,42,932,0.9043322,0.05379458,1.01079154
fashion_mnist,mlp,42,933,0.89948208,0.0731917,0.99166438
fashion_mnist,mlp,42,934,0.90176192,0.02202615,0.97896924
fashion_mnist,mlp,42,935,0.90077605,0.02593638,1.01640426
fashion_mnist,mlp,42,936,0.90067679,0.12054503,1.00589669
fashion_mnist,mlp,42,937,0.90269321,0.02669074,1.00837599
fashion_mnist,mlp,42,938,0.90667219,0.02180026,1.01898258
fashion_mnist,mlp,42,939,0.88853789,0.02240912,1.0104154
fashion_mnist,mlp,42,940,0.90751283,0.01628549,1.01587779
fashion_mnist,mlp,42,941,0.88458018,0.090014,0.98642294
fashion_mnist,mlp,42,942,0.9016171,0.0955487,1.03557956
fashion_mnist,mlp,42,943,0.90662728,0.08298051,1.00823572
fashion_mnist,mlp,42,944,0.89494544,0.09825895,0.99479535
fashion_mnist,mlp,42,945,0.9060762,0.04174826,1.00501193
fashion_mnist,mlp,42,946,0.9076849,0.05724427,0.97533341
fashion_mnist,mlp,42,947,0.89428948,0.01536649,1.00064433
fashion_mnist,mlp,42,948,0.90308845,0.10596234,0.99344011
fashion_mnist,mlp,42,949,0.89096909,0.10310131,0.99494591
fashion_mnist,mlp,42,950,0.91151351,0.06109827,1.00399125
fashion_mnist,mlp,42,951,0.9078875,0.02208664,0.97744796
fashion_mnist,mlp,42,952,0.90325176,0.05119154,0.98464984
fashion_mnist,mlp,42,953,0.90624475,0.01222614,1.00884212
fashion_mnist,mlp,42,954,0.91122845,0.05414688,1.00788137
fashion_mnist,mlp,42,955,0.9063025,0.02910688,0.99745941
fashion_mnist,mlp,42,956,0.89387906,0.05255627,1.01313368
fashion_mnist,mlp,42,957,0.89660865,0.02201183,1.00967313
fashion_mnist,mlp,42,958,0.88869378,0.02574907,0.98135406
fashion_mnist,mlp,42,959,0.90206633,0.11948152,0.99605707
fashion_mnist,mlp,42,960,0.88892854,0.04455803,0.99965647
fashion_mnist,mlp,42,961,0.89100318,0.04096142,1.00171889
fashion_mnist,mlp,42,962,0.89097957,0.062455,1.00899198
fashion_mnist,mlp,42,963,0.90192383,0.02025267,1.00408511
fashion_mnist,mlp,42,964,0.88999053,0.10413976,1.01378495
fashion_mnist,mlp,42,965,0.88613808,0.01880779,0.97123991
fashion_mnist,mlp,42,966,0.90722079,0.10523062,1.00997946
fashion_mnist,mlp,42,967,0.9007282,0.02257161,0.9774437
fashion_mnist,mlp,42,968,0.90410061,0.09894225,1.00226762
fashion_mnist,mlp,42,969,0.89523846,0.04877747,1.02780637
fashion_mnist,mlp,42,970,0.90027343,0.05657242,1.01138305
fashion_mnist,mlp,42,971,0.89609651,0.06098915,0.99912345
fashion_mnist,mlp,42,972,0.90877224,0.04081375,0.97447688
fashion_mnist,mlp,42,973,0.89387475,0.05132072,1.03256935
fashion_mnist,mlp,42,974,0.89787681,0.03657155,0.99470567
fashion_mnist,mlp,42,975,0.89257916,0.03566336,1.01977869
fashion_mnist,mlp,42,976,0.89637842,0.04941919,1.03194743
fashion_mnist,mlp,42,977,0.90312254,0.01869083,0.98602885
fashion_mnist,mlp,42,978,0.89564814,0.00411097,1.00333001
fashion_mnist,mlp,42,979,0.89517481,0.04537343,0.99941091
fashion_mnist,mlp,42,980,0.8950417,0.09362692,1.02152674
fashion_mnist,mlp,42,981,0.90229981,0.00315267,0.98846678
fashion_mnist,mlp,42,982,0.90776107,0.02517099,0.99354444
fashion_mnist,mlp,42,983,0.90482761,0.02415074,1.01762006
fashion_mnist,mlp,42,984,0.89991042,0.00511534,0.99711706
fashion_mnist,mlp,42,985,0.90178452,0.0066091,0.99026097
fashion_mnist,mlp,42,986,0.89694872,0.00058506,1.00594425
fashion_mnist,mlp,42,987,0.90698389,0.10288967,1.00663996
fashion_mnist,mlp,42,988,0.89808808,0.00797366,1.00452242
fashion_mnist,mlp,42,989,0.89929009,0.03549579,0.99246211
fashion_mnist,mlp,42,990,0.89484848,0.03851611,0.97657243
fashion_mnist,mlp,42,991,0.90050071,0.02527005,1.02323854
fashion_mnist,mlp,42,992,0.90385542,0.12784628,0.99465875
fashion_mnist,mlp,42,993,0.88763269,0.03048988,0.99539182
fashion_mnist,mlp,42,994,0.90318026,0.11828994,1.01240937
fashion_mnist,mlp,42,995,0.89228549,0.07813703,1.02458448
fashion_mnist,mlp,42,996,0.90374771,0.04271976,1.00411674
fashion_mnist,mlp,42,997,0.89371326,0.07359612,1.0196514
fashion_mnist,mlp,42,998,0.90419644,0.03236198,1.02523595
fashion_mnist,mlp,42,999,0.90631222,0.07315275,0.99517797
fashion_mnist,mlp,123,0,0.89364314,0.09163521,1.00939815
fashion_mnist,mlp,123,1,0.89835338,0.01952981,1.02237707
fashion_mnist,mlp,123,2,0.90374456,0.00746974,0.99491924
fashion_mnist,mlp,123,3,0.90143576,0.03209464,1.00438184
fashion_mnist,mlp,123,4,0.90444233,0.01715441,0.99958894
fashion_mnist,mlp,123,5,0.89622038,0.07849082,1.00801461
fashion_mnist,mlp,123,6,0.89481517,0.01931086,0.98832479
fashion_mnist,mlp,123,7,0.89258865,0.00834944,0.99784742
fashion_mnist,mlp,123,8,0.90239815,0.00616061,1.00251288
fashion_mnist,mlp,123,9,0.88606273,0.02056011,1.0432126
fashion_mnist,mlp,123,10,0.89364267,0.03585736,1.00400637
fashion_mnist,mlp,123,11,0.9000317,0.03632046,1.02459688
fashion_mnist,mlp,123,12,0.90190778,0.01567217,1.01147889
fashion_mnist,mlp,123,13,0.90114481,0.00360338,0.99097445
fashion_mnist,mlp,123,14,0.90787061,0.02332897,0.98122825
fashion_mnist,mlp,123,15,0.89928459,0.0121545,0.97817973
fashion_mnist,mlp,123,16,0.89593137,0.07843162,0.98332448
fashion_mnist,mlp,123,17,0.90061702,0.06951159,1.01472293
fashion_mnist,mlp,123,18,0.89989252,0.03378223,0.98457622
fashion_mnist,mlp,123,19,0.89426676,0.05213105,0.99798326
fashion_mnist,mlp,123,20,0.90608123,0.06606844,1.01047489
fashion_mnist,mlp,123,21,0.89925049,0.0095209,0.98830414
fashion_mnist,mlp,123,22,0.90511164,0.01852131,0.99938068
fashion_mnist,mlp,123,23,0.90490186,0.01264503,1.01457062
fashion_mnist,mlp,123,24,0.88812071,0.09317545,0.97956475
fashion_mnist,mlp,123,25,0.9000038,0.05487646,0.99860977
fashion_mnist,mlp,123,26,0.9059351,0.01825513,0.98750258
fashion_mnist,mlp,123,27,0.89282336,0.02264673,0.99820646
fashion_mnist,mlp,123,28,0.90280323,0.01474644,1.02538862
fashion_mnist,mlp,123,29,0.89926647,0.00246481,0.98693018
fashion_mnist,mlp,123,30,0.89704358,0.02641263,1.00800997
fashion_mnist,mlp,123,31,0.9111201,0.00941251,0.99947434
fashion_mnist,mlp,123,32,0.89740996,0.03614881,0.98669348
fashion_mnist,mlp,123,33,0.89993731,0.00170799,1.00515841
fashion_mnist,mlp,123,34,0.9021725,0.04906951,1.005002
fashion_mnist,mlp,123,35,0.90279976,0.02578894,1.00737927
fashion_mnist,mlp,123,36,0.89671327,0.04168925,0.98151693
fashion_mnist,mlp,123,37,0.89543206,0.03039243,0.971524
fashion_mnist,mlp,123,38,0.90752896,0.04340346,0.97794726
fashion_mnist,mlp,123,39,0.89500572,0.06844704,0.9957506
fashion_mnist,mlp,123,40,0.89810827,0.08329484,0.99659741
fashion_mnist,mlp,123,41,0.90201374,0.0093582,0.99042819
fashion_mnist,mlp,123,42,0.89237412,0.09146621,1.00271913
fashion_mnist,mlp,123,43,0.89765924,0.0351584,0.97821783
fashion_mnist,mlp,123,44,0.90022232,0.05066412,0.99738451
fashion_mnist,mlp,123,45,0.90529802,0.00321735,0.97813802
fashion_mnist,mlp,123,46,0.89057217,0.05583407,0.98960415
fashion_mnist,mlp,123,47,0.90930668,0.04156322,0.98907847
fashion_mnist,mlp,123,48,0.8970416,0.08028403,1.02933032
fashion_mnist,mlp,123,49,0.89854597,0.0278934,1.01226606
fashion_mnist,mlp,123,50,0.90124266,0.04243748,1.00309813
fashion_mnist,mlp,123,51,0.904497,0.04776401,0.99472335
fashion_mnist,mlp,123,52,0.90571002,0.07825603,0.98854211
fashion_mnist,mlp,123,53,0.91176082,0.02149286,0.99437018
fashion_mnist,mlp,123,54,0.90239745,0.00815355,0.99604306
fashion_mnist,mlp,123,55,0.89415243,0.08044477,1.00301365
fashion_mnist,mlp,123,56,0.90082636,0.07258045,0.97743098
fashion_mnist,mlp,123,57,0.90888893,0.04576248,0.99775117
fashion_mnist,mlp,123,58,0.89791307,0.00925876,0.98309473
fashion_mnist,mlp,123,59,0.90707189,0.00138472,0.98839087
fashion_mnist,mlp,123,60,0.91051091,0.0171261,0.99341172
fashion_mnist,mlp,123,61,0.90148609,0.06648517,0.99966116
fashion_mnist,mlp,123,62,0.89399137,0.05160369,1.01378832
fashion_mnist,mlp,123,63,0.90069962,0.02797965,0.99070628
fashion_mnist,mlp,123,64,0.90090783,0.10005319,1.01484254
fashion_mnist,mlp,123,65,0.89812336,0.04130862,0.9802241
fashion_mnist,mlp,123,66,0.88625966,0.04812039,0.98955934
fashion_mnist,mlp,123,67,0.90126964,0.028369,0.98856515
fashion_mnist,mlp,123,68,0.89508747,0.01407772,0.99716663
fashion_mnist,mlp,123,69,0.89435864,0.00450261,0.99720887
fashion_mnist,mlp,123,70,0.90005928,0.01202925,1.02784502
fashion_mnist,mlp,123,71,0.9015666,0.0273894,0.97829756
fashion_mnist,mlp,123,72,0.90654949,0.00266655,0.97340175
fashion_mnist,mlp,123,73,0.89651724,0.01444999,1.01539767
fashion_mnist,mlp,123,74,0.89980471,0.03610954,1.01603583
fashion_mnist,mlp,123,75,0.8966769,0.00527814,1.02042706
fashion_mnist,mlp,123,76,0.89002284,0.02230708,1.02395712
fashion_mnist,mlp,123,77,0.89266094,0.08954254,0.98038294
fashion_mnist,mlp,123,78,0.90946231,0.04689005,0.98290234
fashion_mnist,mlp,123,79,0.90048954,0.08795111,0.98651997
fashion_mnist,mlp,123,80,0.89712914,0.03735713,1.00225901
fashion_mnist,mlp,123,81,0.90279581,0.12687757,0.99217878
fashion_mnist,mlp,123,82,0.88921518,0.06670352,1.00582704
fashion_mnist,mlp,123,83,0.90186656,0.03592638,0.99158496
fashion_mnist,mlp,123,84,0.89365291,0.01624177,1.00537452
fashion_mnist,mlp,123,85,0.89767602,0.02053439,1.01013948
fashion_mnist,mlp,123,86,0.91013765,0.06701418,0.97719479
fashion_mnist,mlp,123,87,0.90546371,0.0055858,0.97285394
fashion_mnist,mlp,123,88,0.89197405,0.0192167,1.02414067
fashion_mnist,mlp,123,89,0.90704635,0.0797878,0.97199179
fashion_mnist,mlp,123,90,0.90402016,0.043701,1.01836997
fashion_mnist,mlp,123,91,0.89774374,0.01632305,1.00961406
fashion_mnist,mlp,123,92,0.89258507,0.02397876,1.01197974
fashion_mnist,mlp,123,93,0.88902689,0.01308241,0.99874425
fashion_mnist,mlp,123,94,0.90572766,0.11654985,1.01083641
fashion_mnist,mlp,123,95,0.90283876,0.08958939,1.02341991
fashion_mnist,mlp,123,96,0.90351314,0.01899333,0.99149748
fashion_mnist,mlp,123,97,0.89900489,0.08349903,0.99655137
fashion_mnist,mlp,123,98,0.91005388,0.00720749,1.01328982
fashion_mnist,mlp,123,99,0.89348481,0.01641235,0.98531385
fashion_mnist,mlp,123,100,0.90584908,0.03318199,0.98724181
fashion_mnist,mlp,123,101,0.88608747,0.03423791,0.97849586
fashion_mnist,mlp,123,102,0.88806602,0.01491976,0.98725774
fashion_mnist,mlp,123,103,0.89785412,0.01622529,1.00807143
fashion_mnist,mlp,123,104,0.89571838,0.05469485,0.98364166
fashion_mnist,mlp,123,105,0.89401463,0.08848715,1.01104219
fashion_mnist,mlp,123,106,0.90014053,0.03872442,1.00985883
fashion_mnist,mlp,123,107,0.8933528,0.02052424,0.96921336
fashion_mnist,mlp,123,108,0.91143532,0.0136839,0.98481872
fashion_mnist,mlp,123,109,0.90139045,0.04997271,0.99166362
fashion_mnist,mlp,123,110,0.90659372,0.06076036,0.99091573
fashion_mnist,mlp,123,111,0.90183398,0.01864834,0.98374855
fashion_mnist,mlp,123,112,0.90836875,0.02889406,1.0129044
fashion_mnist,mlp,123,113,0.90392544,0.02648047,1.02465976
fashion_mnist,mlp,123,114,0.90862499,0.12191756,1.01958995
fashion_mnist,mlp,123,115,0.89244893,0.11045749,1.00019036
fashion_mnist,mlp,123,116,0.89464295,0.0661136,0.98577344
fashion_mnist,mlp,123,117,0.89548683,0.01707426,1.01589991
fashion_mnist,mlp,123,118,0.90655071,0.10085633,1.02802342
fashion_mnist,mlp,123,119,0.89874866,0.04811647,0.99658125
fashion_mnist,mlp,123,120,0.90111697,0.02808111,0.98827875
fashion_mnist,mlp,123,121,0.90383974,0.00726851,1.02774441
fashion_mnist,mlp,123,122,0.8998671,0.05980651,1.01114724
fashion_mnist,mlp,123,123,0.90574989,0.01980302,1.00670981
fashion_mnist,mlp,123,124,0.89756905,0.09034183,1.00727978
fashion_mnist,mlp,123,125,0.89886616,0.13289789,1.01279749
fashion_mnist,mlp,123,126,0.89525178,0.02143679,0.990699
fashion_mnist,mlp,123,127,0.89642854,0.05644554,1.00112486
fashion_mnist,mlp,123,128,0.89358306,0.02269617,0.99332375
fashion_mnist,mlp,123,129,0.90535173,0.0322733,0.99654252
fashion_mnist,mlp,123,130,0.8895724,0.05880432,1.02661478
fashion_mnist,mlp,123,131,0.90294094,0.0329894,0.99395699
fashion_mnist,mlp,123,132,0.90413182,0.01475346,1.03195851
fashion_mnist,mlp,123,133,0.89266545,0.10180754,1.01090033
fashion_mnist,mlp,123,134,0.90492568,0.00039425,0.99557601
fashion_mnist,mlp,123,135,0.89879576,0.05410906,0.98638192
fashion_mnist,mlp,123,136,0.89664,0.01433599,1.0319248
fashion_mnist,mlp,123,137,0.89766852,0.04502819,0.99359118
fashion_mnist,mlp,123,138,0.89250214,0.03841141,0.99689293
fashion_mnist,mlp,123,139,0.89471242,0.03426398,0.98248509
fashion_mnist,mlp,123,140,0.89553858,0.07168372,0.99516399
fashion_mnist,mlp,123,141,0.90048872,0.00060845,0.99014616
fashion_mnist,mlp,123,142,0.8981256,0.08721154,0.97534228
fashion_mnist,mlp,123,143,0.8975184,0.0415884,0.99545669
fashion_mnist,mlp,123,144,0.90791498,0.013352,1.02187789
fashion_mnist,mlp,123,145,0.90988803,0.02203908,1.01802301
fashion_mnist,mlp,123,146,0.9043629,0.06269658,0.99857646
fashion_mnist,mlp,123,147,0.90930429,0.01458598,0.98368331
fashion_mnist,mlp,123,148,0.89014074,0.05006769,0.99398164
fashion_mnist,mlp,123,149,0.9100067,0.07752638,1.0074132
fashion_mnist,mlp,123,150,0.89624787,0.00062275,0.98559325
fashion_mnist,mlp,123,151,0.9065425,0.05103524,1.00300405
fashion_mnist,mlp,123,152,0.90876565,0.00654279,1.01020235
fashion_mnist,mlp,123,153,0.88887466,0.00422148,0.99499472
fashion_mnist,mlp,123,154,0.89003705,0.00932592,0.99633497
fashion_mnist,mlp,123,155,0.89687033,0.02349252,1.02681017
fashion_mnist,mlp,123,156,0.90323376,0.08631819,0.99608388
fashion_mnist,mlp,123,157,0.89868478,0.05706387,1.01101627
fashion_mnist,mlp,123,158,0.90177696,0.07989316,0.99587024
fashion_mnist,mlp,123,159,0.90551499,0.05065538,1.00474191
fashion_mnist,mlp,123,160,0.90177413,0.00840675,0.97400724
fashion_mnist,mlp,123,161,0.90043592,0.02722245,1.02950829
fashion_mnist,mlp,123,162,0.895364,0.05925467,1.01111805
fashion_mnist,mlp,123,163,0.89609802,0.09718094,1.0114402
fashion_mnist,mlp,123,164,0.89818781,0.15647741,1.02310429
fashion_mnist,mlp,123,165,0.89832376,0.09684184,0.99504262
fashion_mnist,mlp,123,166,0.89355163,0.03972679,0.97913045
fashion_mnist,mlp,123,167,0.89537616,0.04382762,1.01742835
fashion_mnist,mlp,123,168,0.89851194,0.0198402,1.01849888
fashion_mnist,mlp,123,169,0.89168684,0.04669109,0.97510698
fashion_mnist,mlp,123,170,0.91256396,0.08884849,1.00082053
fashion_mnist,mlp,123,171,0.89582358,0.06212133,1.00701803
fashion_mnist,mlp,123,172,0.91024574,0.05324494,1.0080888
fashion_mnist,mlp,123,173,0.90271816,0.02876361,0.98906305
fashion_mnist,mlp,123,174,0.90303849,0.03728989,0.99174442
fashion_mnist,mlp,123,175,0.8975079,0.04820938,0.98549012
fashion_mnist,mlp,123,176,0.88918204,0.05738095,1.02647091
fashion_mnist,mlp,123,177,0.89251656,0.02155779,1.00808146
fashion_mnist,mlp,123,178,0.89136159,0.06694775,0.99182621
fashion_mnist,mlp,123,179,0.91095891,0.04031587,0.99886029
fashion_mnist,mlp,123,180,0.90063344,0.01247925,1.00255652
fashion_mnist,mlp,123,181,0.90190873,0.08213334,0.9853566
fashion_mnist,mlp,123,182,0.90757553,0.00792179,0.98626889
fashion_mnist,mlp,123,183,0.90108543,0.02703499,0.99473169
fashion_mnist,mlp,123,184,0.90747611,0.06524761,1.00467552
fashion_mnist,mlp,123,185,0.90463994,0.02724523,1.01389743
fashion_mnist,mlp,123,186,0.893408,0.02244224,1.0137864
fashion_mnist,mlp,123,187,0.90340275,0.09579083,1.0209901
fashion_mnist,mlp,123,188,0.90188748,0.08103259,0.99212026
fashion_mnist,mlp,123,189,0.89725107,0.04198048,0.97532202
fashion_mnist,mlp,123,190,0.90575818,0.03909941,0.99493446
fashion_mnist,mlp,123,191,0.88957669,0.00529686,0.9891032
fashion_mnist,mlp,123,192,0.91095952,0.04502254,1.00762342
fashion_mnist,mlp,123,193,0.88690003,0.11626291,1.01074188
fashion_mnist,mlp,123,194,0.90306735,0.129879,1.00913544
fashion_mnist,mlp,123,195,0.90785695,0.03757196,1.00783319
fashion_mnist,mlp,123,196,0.90421865,0.00898133,1.02470101
fashion_mnist,mlp,123,197,0.89110578,0.07752777,0.99604136
fashion_mnist,mlp,123,198,0.89690517,0.0871943,1.01144444
fashion_mnist,mlp,123,199,0.90039029,0.00581207,1.00648629
fashion_mnist,mlp,123,200,0.89513877,0.02992462,0.9808464
fashion_mnist,mlp,123,201,0.89569215,0.03993155,1.00008875
fashion_mnist,mlp,123,202,0.90348343,0.07577796,1.00643784
fashion_mnist,mlp,123,203,0.89944732,0.0045687,1.00674117
fashion_mnist,mlp,123,204,0.89818606,0.00587678,0.9675761
fashion_mnist,mlp,123,205,0.90361386,0.00297851,0.99171604
fashion_mnist,mlp,123,206,0.90132132,0.04508248,1.00994849
fashion_mnist,mlp,123,207,0.90308817,0.02560078,0.99918292
fashion_mnist,mlp,123,208,0.89885056,0.05026634,0.99079271
fashion_mnist,mlp,123,209,0.89888764,0.02980831,1.00709105
fashion_mnist,mlp,123,210,0.89218989,0.05610869,1.01009483
fashion_mnist,mlp,123,211,0.90174163,0.05170731,0.983236
fashion_mnist,mlp,123,212,0.89916289,0.06710852,1.01384793
fashion_mnist,mlp,123,213,0.90407849,0.06734492,1.00111283
fashion_mnist,mlp,123,214,0.89519084,0.05970809,0.99413009
fashion_mnist,mlp,123,215,0.89070157,0.01870668,0.99199069
fashion_mnist,mlp,123,216,0.89911327,0.00880187,0.99572801
fashion_mnist,mlp,123,217,0.90293257,0.02540148,0.98843448
fashion_mnist,mlp,123,218,0.90586254,0.01972061,1.02939856
fashion_mnist,mlp,123,219,0.90363625,0.07249681,1.00868824
fashion_mnist,mlp,123,220,0.90034739,0.04621159,1.01195924
fashion_mnist,mlp,123,221,0.91010899,0.02225318,1.00869354
fashion_mnist,mlp,123,222,0.9147822,0.03976109,1.02262974
fashion_mnist,mlp,123,223,0.89504975,0.04152641,1.03160268
fashion_mnist,mlp,123,224,0.90661212,0.02897614,1.01754565
fashion_mnist,mlp,123,225,0.89619374,0.03039986,1.0046019
fashion_mnist,mlp,123,226,0.89335948,0.03317607,0.99502682
fashion_mnist,mlp,123,227,0.90367819,0.03217724,0.98090955
fashion_mnist,mlp,123,228,0.91574293,0.03859821,0.98539079
fashion_mnist,mlp,123,229,0.90740293,0.01358549,1.00796646
fashion_mnist,mlp,123,230,0.8998257,0.04448207,1.0108815
fashion_mnist,mlp,123,231,0.89478556,0.00157595,0.97347243
fashion_mnist,mlp,123,232,0.89830528,0.04658831,1.0024737
fashion_mnist,mlp,123,233,0.90457445,0.03626812,1.02558703
fashion_mnist,mlp,123,234,0.89285507,0.02107518,0.96930403
fashion_mnist,mlp,123,235,0.90207228,0.07815298,0.98343272
fashion_mnist,mlp,123,236,0.90317454,0.01946326,1.01771051
fashion_mnist,mlp,123,237,0.90406603,0.03659019,1.00062849
fashion_mnist,mlp,123,238,0.90330567,0.11649923,1.01515656
fashion_mnist,mlp,123,239,0.89016528,0.01744648,1.01759835
fashion_mnist,mlp,123,240,0.89908451,0.02888789,1.04234331
fashion_mnist,mlp,123,241,0.89683601,0.02103769,1.00310775
fashion_mnist,mlp,123,242,0.90133455,0.01410719,0.99458066
fashion_mnist,mlp,123,243,0.89634623,0.05473518,1.00676924
fashion_mnist,mlp,123,244,0.90024685,0.11881558,1.00680824
fashion_mnist,mlp,123,245,0.90332552,0.00881527,0.99476662
fashion_mnist,mlp,123,246,0.90094191,0.04830129,0.99950777
fashion_mnist,mlp,123,247,0.89765417,0.05844449,0.99595016
fashion_mnist,mlp,123,248,0.89168143,0.00717933,1.01617663
fashion_mnist,mlp,123,249,0.9017958,0.03014714,0.99468996
fashion_mnist,mlp,123,250,0.90986895,0.00521114,0.99016703
fashion_mnist,mlp,123,251,0.88388236,0.02784621,1.00074487
fashion_mnist,mlp,123,252,0.89431745,0.02873572,1.01272267
fashion_mnist,mlp,123,253,0.9048867,0.08971953,1.00606147
fashion_mnist,mlp,123,254,0.89596498,0.02505855,1.03510179
fashion_mnist,mlp,123,255,0.89898517,0.03715204,1.01313689
fashion_mnist,mlp,123,256,0.89387337,0.024194,0.98285599
fashion_mnist,mlp,123,257,0.9011409,0.08277094,1.00069187
fashion_mnist,mlp,123,258,0.90217618,0.02559191,1.01071388
fashion_mnist,mlp,123,259,0.88703774,0.0126794,0.99346642
fashion_mnist,mlp,123,260,0.89693854,0.01962138,1.01532967
fashion_mnist,mlp,123,261,0.9030937,0.03845247,0.99605675
fashion_mnist,mlp,123,262,0.88838944,0.00298324,1.01262733
fashion_mnist,mlp,123,263,0.88662608,0.02189117,0.97367775
fashion_mnist,mlp,123,264,0.89954788,0.0534961,0.98966921
fashion_mnist,mlp,123,265,0.90635479,0.00522187,1.00984557
fashion_mnist,mlp,123,266,0.90409374,0.00892376,0.98666603
fashion_mnist,mlp,123,267,0.91748925,0.02587294,0.98852937
fashion_mnist,mlp,123,268,0.90286938,0.06310771,0.99062326
fashion_mnist,mlp,123,269,0.90427934,0.10535926,1.01147486
fashion_mnist,mlp,123,270,0.89297438,0.00347387,1.00060272
fashion_mnist,mlp,123,271,0.89188347,0.04727055,0.98488032
fashion_mnist,mlp,123,272,0.90614432,0.00572505,1.01431675
fashion_mnist,mlp,123,273,0.89946683,0.06653995,1.01373992
fashion_mnist,mlp,123,274,0.89709503,0.0281295,1.00427791
fashion_mnist,mlp,123,275,0.89082343,0.07376117,0.98613732
fashion_mnist,mlp,123,276,0.90292521,0.10501267,1.01723417
fashion_mnist,mlp,123,277,0.90528371,0.05084294,0.97576237
fashion_mnist,mlp,123,278,0.89446265,0.07005917,1.02715886
fashion_mnist,mlp,123,279,0.91292712,0.00830524,0.99247905
fashion_mnist,mlp,123,280,0.90789713,0.03196286,1.02565279
fashion_mnist,mlp,123,281,0.90527165,0.06001866,0.97831073
fashion_mnist,mlp,123,282,0.90537316,0.00782587,1.01207447
fashion_mnist,mlp,123,283,0.89987041,0.00323658,0.98048377
fashion_mnist,mlp,123,284,0.90285852,0.05738067,0.99821349
fashion_mnist,mlp,123,285,0.90162484,0.08513311,1.01272297
fashion_mnist,mlp,123,286,0.89849885,0.02594839,1.01479128
fashion_mnist,mlp,123,287,0.8992695,0.01762721,1.03032071
fashion_mnist,mlp,123,288,0.90761512,0.03627041,1.02457393
fashion_mnist,mlp,123,289,0.89724977,0.03877418,0.98504611
fashion_mnist,mlp,123,290,0.8968536,0.00945937,1.01739206
fashion_mnist,mlp,123,291,0.89828002,0.03063282,0.99920257
fashion_mnist,mlp,123,292,0.89587971,0.02911577,1.00915881
fashion_mnist,mlp,123,293,0.88925229,0.00855699,1.01241654
fashion_mnist,mlp,123,294,0.90663522,0.02995338,1.00306041
fashion_mnist,mlp,123,295,0.89820341,0.03749333,1.01800016
fashion_mnist,mlp,123,296,0.89956525,0.00096244,0.98341324
fashion_mnist,mlp,123,297,0.89762079,0.04741462,0.96563533
fashion_mnist,mlp,123,298,0.88853841,0.04433701,0.99918018
fashion_mnist,mlp,123,299,0.89919692,0.05766166,0.99733839
fashion_mnist,mlp,123,300,0.90286013,0.00518209,1.007016
fashion_mnist,mlp,123,301,0.90297249,0.05719076,1.01019623
fashion_mnist,mlp,123,302,0.89273065,0.01177286,0.98405341
fashion_mnist,mlp,123,303,0.89423192,0.00993196,0.99106282
fashion_mnist,mlp,123,304,0.89786334,0.03463349,0.97951108
fashion_mnist,mlp,123,305,0.90547148,0.03576765,0.97980943
fashion_mnist,mlp,123,306,0.91030737,0.03176102,0.99225551
fashion_mnist,mlp,123,307,0.90170918,0.01296303,1.0078614
fashion_mnist,mlp,123,308,0.89373793,0.03378161,1.00217776
fashion_mnist,mlp,123,309,0.90352294,0.04268927,1.00798321
fashion_mnist,mlp,123,310,0.89854711,0.00547656,1.00597603
fashion_mnist,mlp,123,311,0.9055061,0.03587977,0.98010287
fashion_mnist,mlp,123,312,0.89698526,0.01090848,0.99349361
fashion_mnist,mlp,123,313,0.89660051,0.06161704,0.96230771
fashion_mnist,mlp,123,314,0.90647554,0.0121145,0.99147333
fashion_mnist,mlp,123,315,0.89958832,0.03803605,1.01648113
fashion_mnist,mlp,123,316,0.89527948,0.0634115,0.9881465
fashion_mnist,mlp,123,317,0.90079506,0.07633378,0.99778309
fashion_mnist,mlp,123,318,0.91237123,0.10337516,0.96940531
fashion_mnist,mlp,123,319,0.90251437,0.00932869,1.00919923
fashion_mnist,mlp,123,320,0.9142951,0.02731017,1.0270598
fashion_mnist,mlp,123,321,0.90667316,0.0502368,1.00248468
fashion_mnist,mlp,123,322,0.90415169,0.05400923,0.99823454
fashion_mnist,mlp,123,323,0.90013444,0.05788696,1.00104271
fashion_mnist,mlp,123,324,0.89213345,0.00456721,0.99081
fashion_mnist,mlp,123,325,0.90825422,0.07484723,0.99547827
fashion_mnist,mlp,123,326,0.89838241,0.00400989,0.99278712
fashion_mnist,mlp,123,327,0.91110939,0.05543089,1.01989963
fashion_mnist,mlp,123,328,0.88602803,0.00049006,1.0006805
fashion_mnist,mlp,123,329,0.89785831,0.03276505,0.99788359
fashion_mnist,mlp,123,330,0.89543452,0.10144235,0.95603225
fashion_mnist,mlp,123,331,0.89634888,0.01482586,1.0161186
fashion_mnist,mlp,123,332,0.90938828,0.09349589,1.00697091
fashion_mnist,mlp,123,333,0.90551823,0.00114249,0.9921798
fashion_mnist,mlp,123,334,0.8910208,0.02888971,0.9977681
fashion_mnist,mlp,123,335,0.89247937,0.030888,1.0028253
fashion_mnist,mlp,123,336,0.89558363,0.04538543,0.99732906
fashion_mnist,mlp,123,337,0.90710753,0.04490654,0.98884936
fashion_mnist,mlp,123,338,0.89317552,0.05952118,0.99551772
fashion_mnist,mlp,123,339,0.89173812,0.05199113,0.99278439
fashion_mnist,mlp,123,340,0.89447596,0.01890534,1.00825653
fashion_mnist,mlp,123,341,0.89501174,0.00390108,1.00018176
fashion_mnist,mlp,123,342,0.90030863,0.10306566,1.00046323
fashion_mnist,mlp,123,343,0.89352195,0.11090022,0.98177067
fashion_mnist,mlp,123,344,0.89583399,0.06801015,0.99777926
fashion_mnist,mlp,123,345,0.90593231,0.03538402,1.00337572
fashion_mnist,mlp,123,346,0.89495756,0.05674852,1.00210713
fashion_mnist,mlp,123,347,0.89176266,0.04495144,1.00448918
fashion_mnist,mlp,123,348,0.90304445,0.11915084,0.99742993
fashion_mnist,mlp,123,349,0.89987405,0.00203341,1.01574896
fashion_mnist,mlp,123,350,0.90775577,0.0405033,1.01225073
fashion_mnist,mlp,123,351,0.91017442,0.05819001,1.0064294
fashion_mnist,mlp,123,352,0.89645334,0.04064499,1.003685
fashion_mnist,mlp,123,353,0.90704747,0.055721,0.99666099
fashion_mnist,mlp,123,354,0.90225558,0.01914938,0.96327185
fashion_mnist,mlp,123,355,0.90097885,0.04637548,1.01749782
fashion_mnist,mlp,123,356,0.89672045,0.00243852,0.99303508
fashion_mnist,mlp,123,357,0.89847538,0.04377138,1.00357271
fashion_mnist,mlp,123,358,0.90404915,0.06398353,0.98565361
fashion_mnist,mlp,123,359,0.90651084,0.03388123,1.02611159
fashion_mnist,mlp,123,360,0.89715291,0.02959514,0.98550664
fashion_mnist,mlp,123,361,0.89488051,0.07603854,1.0003868
fashion_mnist,mlp,123,362,0.90167165,0.06464464,1.00016574
fashion_mnist,mlp,123,363,0.89529699,0.01222337,1.00845854
fashion_mnist,mlp,123,364,0.90562325,0.04552134,0.98738625
fashion_mnist,mlp,123,365,0.89086362,0.08410937,0.99204461
fashion_mnist,mlp,123,366,0.90002956,0.04802827,0.99172395
fashion_mnist,mlp,123,367,0.90043412,0.02837131,1.00723012
fashion_mnist,mlp,123,368,0.88981853,0.08197593,1.00145585
fashion_mnist,mlp,123,369,0.90010043,0.05532832,1.01572241
fashion_mnist,mlp,123,370,0.89779716,0.07679577,0.994614
fashion_mnist,mlp,123,371,0.89688258,0.05243171,0.98695964
fashion_mnist,mlp,123,372,0.90920867,0.0468984,1.01121333
fashion_mnist,mlp,123,373,0.89957566,0.04394214,0.98027077
fashion_mnist,mlp,123,374,0.90061059,0.09089163,1.01082957
fashion_mnist,mlp,123,375,0.90356423,0.10422305,1.01889725
fashion_mnist,mlp,123,376,0.90547531,0.01933906,0.98122785
fashion_mnist,mlp,123,377,0.90575296,0.05114884,0.99932197
fashion_mnist,mlp,123,378,0.90504575,0.00522985,1.02922626
fashion_mnist,mlp,123,379,0.90480372,0.0077773,1.01533774
fashion_mnist,mlp,123,380,0.89199703,0.0305651,1.02166851
fashion_mnist,mlp,123,381,0.90462793,0.02212504,1.02287221
fashion_mnist,mlp,123,382,0.89581501,0.01149448,1.01083362
fashion_mnist,mlp,123,383,0.89294645,0.00542942,0.97704766
fashion_mnist,mlp,123,384,0.89155969,0.04263514,1.0225851
fashion_mnist,mlp,123,385,0.89542397,0.09611597,0.98744285
fashion_mnist,mlp,123,386,0.909517,0.01744061,1.0047003
fashion_mnist,mlp,123,387,0.89364112,0.02282747,1.00802962
fashion_mnist,mlp,123,388,0.90533301,0.07034861,0.9747581
fashion_mnist,mlp,123,389,0.90386146,0.01042795,0.98391209
fashion_mnist,mlp,123,390,0.89616056,0.062507,0.99202676
fashion_mnist,mlp,123,391,0.90583603,0.01746855,1.01160544
fashion_mnist,mlp,123,392,0.90117589,0.09984456,0.98538132
fashion_mnist,mlp,123,393,0.90629869,0.0318128,1.01314331
fashion_mnist,mlp,123,394,0.90054183,0.05310829,1.00235773
fashion_mnist,mlp,123,395,0.90620452,0.07293578,0.97775718
fashion_mnist,mlp,123,396,0.90688875,0.0892837,1.0315229
fashion_mnist,mlp,123,397,0.8956303,0.02040453,0.99413324
fashion_mnist,mlp,123,398,0.89462752,0.09472402,1.01466208
fashion_mnist,mlp,123,399,0.90089823,0.00360276,0.99876227
fashion_mnist,mlp,123,400,0.90628872,0.08771603,1.01116676
fashion_mnist,mlp,123,401,0.9034928,0.01089801,0.9929237
fashion_mnist,mlp,123,402,0.89440198,0.04641871,0.99239947
fashion_mnist,mlp,123,403,0.90468745,0.0337706,1.00390916
fashion_mnist,mlp,123,404,0.88679667,0.0377357,0.98147354
fashion_mnist,mlp,123,405,0.90634761,0.03750239,1.01363314
fashion_mnist,mlp,123,406,0.89630696,0.01280809,1.01084286
fashion_mnist,mlp,123,407,0.90305201,0.00213953,0.99495216
fashion_mnist,mlp,123,408,0.90506154,0.01548733,1.01365018
fashion_mnist,mlp,123,409,0.89461894,0.00332289,1.00881372
fashion_mnist,mlp,123,410,0.91258997,0.05038375,0.98720422
fashion_mnist,mlp,123,411,0.89988143,0.07226638,1.00240376
fashion_mnist,mlp,123,412,0.90227945,0.06217122,0.99223346
fashion_mnist,mlp,123,413,0.9112049,0.03021055,1.00113657
fashion_mnist,mlp,123,414,0.89809258,0.05266657,1.00857984
fashion_mnist,mlp,123,415,0.89443849,0.03522817,1.01541088
fashion_mnist,mlp,123,416,0.88856595,0.08404278,1.003286
fashion_mnist,mlp,123,417,0.89473614,0.03806196,1.0104779
fashion_mnist,mlp,123,418,0.90410834,0.01317019,0.98355218
fashion_mnist,mlp,123,419,0.90283942,0.00240872,1.01512074
fashion_mnist,mlp,123,420,0.90088883,0.039949,1.00106761
fashion_mnist,mlp,123,421,0.89927821,0.05810991,0.97838389
fashion_mnist,mlp,123,422,0.89436647,0.00296652,1.02910977
fashion_mnist,mlp,123,423,0.90119958,0.00502896,0.98488853
fashion_mnist,mlp,123,424,0.90231999,0.0149487,0.99678422
fashion_mnist,mlp,123,425,0.90929437,0.0554894,1.02168745
fashion_mnist,mlp,123,426,0.90155235,0.12804534,0.9977089
fashion_mnist,mlp,123,427,0.90053186,0.03631979,1.02466764
fashion_mnist,mlp,123,428,0.89994798,0.089404,1.01667757
fashion_mnist,mlp,123,429,0.89466668,0.02869916,1.01720852
fashion_mnist,mlp,123,430,0.89294017,0.06408668,1.02615966
fashion_mnist,mlp,123,431,0.90012706,0.10654267,1.01664349
fashion_mnist,mlp,123,432,0.90407554,0.02388541,0.98574819
fashion_mnist,mlp,123,433,0.89614059,0.06337754,0.98290186
fashion_mnist,mlp,123,434,0.89734796,0.06392949,1.0034073
fashion_mnist,mlp,123,435,0.89334011,0.00461751,0.98961249
fashion_mnist,mlp,123,436,0.90053236,0.06828857,1.03231774
fashion_mnist,mlp,123,437,0.90187912,0.03041512,1.00073611
fashion_mnist,mlp,123,438,0.90102997,0.07875232,0.98183708
fashion_mnist,mlp,123,439,0.90340479,0.01140403,0.99768055
fashion_mnist,mlp,123,440,0.89694168,0.04647871,0.98564413
fashion_mnist,mlp,123,441,0.90362252,0.05764149,1.00535806
fashion_mnist,mlp,123,442,0.89506748,0.10836717,0.99517095
fashion_mnist,mlp,123,443,0.88650193,0.06608997,0.98058441
fashion_mnist,mlp,123,444,0.90454669,0.03475248,0.99872312
fashion_mnist,mlp,123,445,0.89136316,0.00544988,0.99533973
fashion_mnist,mlp,123,446,0.90358086,0.09315368,1.01039334
fashion_mnist,mlp,123,447,0.9030899,0.02919024,1.01555689
fashion_mnist,mlp,123,448,0.89534353,0.02440915,0.99284562
fashion_mnist,mlp,123,449,0.90469005,0.01737657,0.99888401
fashion_mnist,mlp,123,450,0.8988246,0.08463075,1.03134856
fashion_mnist,mlp,123,451,0.90083719,0.05727912,0.98288273
fashion_mnist,mlp,123,452,0.90063712,0.13157735,1.02919981
fashion_mnist,mlp,123,453,0.90786754,0.08756579,1.00431
fashion_mnist,mlp,123,454,0.89952686,0.0200787,0.99862601
fashion_mnist,mlp,123,455,0.89857299,0.0397087,1.03260553
fashion_mnist,mlp,123,456,0.90481347,0.0358695,1.00993952
fashion_mnist,mlp,123,457,0.89543374,0.01830545,0.98987279
fashion_mnist,mlp,123,458,0.89777094,0.05881672,0.99295117
fashion_mnist,mlp,123,459,0.90715685,0.02430472,1.02571483
fashion_mnist,mlp,123,460,0.89710109,0.02828277,0.98830995
fashion_mnist,mlp,123,461,0.89289141,0.0632373,0.99716581
fashion_mnist,mlp,123,462,0.90422827,0.01635994,1.00727204
fashion_mnist,mlp,123,463,0.89056971,0.00769388,1.02600145
fashion_mnist,mlp,123,464,0.89609998,0.05315695,0.98920495
fashion_mnist,mlp,123,465,0.89981585,0.00726174,0.99590912
fashion_mnist,mlp,123,466,0.90987061,0.03271386,0.99962156
fashion_mnist,mlp,123,467,0.89532373,0.05484206,1.02177062
fashion_mnist,mlp,123,468,0.90474759,0.03330473,0.99038907
fashion_mnist,mlp,123,469,0.89844824,0.01925198,0.97560756
fashion_mnist,mlp,123,470,0.90814806,0.00186551,0.97777383
fashion_mnist,mlp,123,471,0.8985686,0.02257348,0.99649265
fashion_mnist,mlp,123,472,0.89596615,0.02849559,1.00148376
fashion_mnist,mlp,123,473,0.90907007,0.00232588,0.99884171
fashion_mnist,mlp,123,474,0.90168594,0.04206382,1.00210277
fashion_mnist,mlp,123,475,0.90061859,0.01214424,0.97910314
fashion_mnist,mlp,123,476,0.89911374,0.0395942,1.00372142
fashion_mnist,mlp,123,477,0.90918937,0.05722157,0.99794789
fashion_mnist,mlp,123,478,0.91142766,0.01090484,0.99698287
fashion_mnist,mlp,123,479,0.89765143,0.00108442,1.00345059
fashion_mnist,mlp,123,480,0.89632228,0.00514735,0.98997554
fashion_mnist,mlp,123,481,0.8914186,0.03927791,1.01204694
fashion_mnist,mlp,123,482,0.88875935,0.03957197,0.96665967
fashion_mnist,mlp,123,483,0.88446145,0.09439464,1.00983953
fashion_mnist,mlp,123,484,0.90618343,0.0851126,1.00385628
fashion_mnist,mlp,123,485,0.89517845,0.06481292,1.00533239
fashion_mnist,mlp,123,486,0.9075191,0.05334884,1.00674378
fashion_mnist,mlp,123,487,0.90082311,0.02151591,1.0042964
fashion_mnist,mlp,123,488,0.89737298,0.04751153,0.98334971
fashion_mnist,mlp,123,489,0.89777225,0.05566211,0.99515327
fashion_mnist,mlp,123,490,0.89928208,0.01973065,1.00809492
fashion_mnist,mlp,123,491,0.90394899,0.09852159,0.99393624
fashion_mnist,mlp,123,492,0.89776123,0.03717461,0.98803924
fashion_mnist,mlp,123,493,0.91208499,0.00891019,0.98561116
fashion_mnist,mlp,123,494,0.89623495,0.06209122,0.99923899
fashion_mnist,mlp,123,495,0.89460869,0.02415352,1.01982906
fashion_mnist,mlp,123,496,0.88460994,0.03005662,0.97913683
fashion_mnist,mlp,123,497,0.90346722,0.06708117,1.01427034
fashion_mnist,mlp,123,498,0.89616131,0.02837688,0.98050525
fashion_mnist,mlp,123,499,0.89090093,0.00230012,1.02362318
fashion_mnist,mlp,123,500,0.89745871,0.04807915,1.02511511
fashion_mnist,mlp,123,501,0.90174714,0.05305876,1.02188501
fashion_mnist,mlp,123,502,0.88673125,0.04071708,0.99722363
fashion_mnist,mlp,123,503,0.89602811,0.09669855,0.99685894
fashion_mnist,mlp,123,504,0.89854975,0.03544501,1.02651374
fashion_mnist,mlp,123,505,0.91276955,0.01010197,1.00031843
fashion_mnist,mlp,123,506,0.89130594,0.04676786,0.99104539
fashion_mnist,mlp,123,507,0.90875328,0.00387832,1.0220661
fashion_mnist,mlp,123,508,0.89736453,0.0685505,1.00054177
fashion_mnist,mlp,123,509,0.89179254,0.03351494,0.97473659
fashion_mnist,mlp,123,510,0.9015608,0.08416682,0.9878884
fashion_mnist,mlp,123,511,0.89769735,0.02649266,0.98846412
fashion_mnist,mlp,123,512,0.90918616,0.03205029,1.01071357
fashion_mnist,mlp,123,513,0.89977617,0.09027353,1.00347057
fashion_mnist,mlp,123,514,0.89753429,0.06704007,0.99173165
fashion_mnist,mlp,123,515,0.90155505,0.03459892,0.99093123
fashion_mnist,mlp,123,516,0.90914365,0.04317249,1.00720376
fashion_mnist,mlp,123,517,0.90173851,0.00437929,0.99993542
fashion_mnist,mlp,123,518,0.90417973,0.00932938,0.98014874
fashion_mnist,mlp,123,519,0.89233106,0.12124129,0.99825044
fashion_mnist,mlp,123,520,0.90303198,0.02480107,1.01755277
fashion_mnist,mlp,123,521,0.90365057,0.00056749,1.02259217
fashion_mnist,mlp,123,522,0.90198495,0.01149303,1.0173884
fashion_mnist,mlp,123,523,0.90220706,0.02979431,1.01984186
fashion_mnist,mlp,123,524,0.90275878,0.07712386,0.99768838
fashion_mnist,mlp,123,525,0.88918033,0.01400619,1.00501893
fashion_mnist,mlp,123,526,0.88668487,0.12664265,0.9862762
fashion_mnist,mlp,123,527,0.9086214,0.01357355,1.00015097
fashion_mnist,mlp,123,528,0.89971407,0.12309846,1.00800822
fashion_mnist,mlp,123,529,0.90232608,0.03058009,1.00031701
fashion_mnist,mlp,123,530,0.89894662,0.02689146,0.98087007
fashion_mnist,mlp,123,531,0.89899317,0.0170726,1.00004209
fashion_mnist,mlp,123,532,0.90133753,0.00517794,0.98600836
fashion_mnist,mlp,123,533,0.89419291,0.02711149,1.00222892
fashion_mnist,mlp,123,534,0.89978513,0.0344481,0.96710721
fashion_mnist,mlp,123,535,0.89256196,0.05499749,1.01574762
fashion_mnist,mlp,123,536,0.90642298,0.01711217,1.0083939
fashion_mnist,mlp,123,537,0.90246301,0.04738895,0.98787509
fashion_mnist,mlp,123,538,0.8888895,0.01203686,0.99467182
fashion_mnist,mlp,123,539,0.89756596,0.00233297,1.00773051
fashion_mnist,mlp,123,540,0.90349132,0.0161146,0.99676639
fashion_mnist,mlp,123,541,0.90369597,0.02668852,1.01413577
fashion_mnist,mlp,123,542,0.90464696,0.01887865,1.00139806
fashion_mnist,mlp,123,543,0.9103927,0.05900593,0.99945991
fashion_mnist,mlp,123,544,0.89125702,0.04056439,0.97520191
fashion_mnist,mlp,123,545,0.89311599,0.01993889,1.01911361
fashion_mnist,mlp,123,546,0.90340945,0.03371632,0.98344445
fashion_mnist,mlp,123,547,0.89381285,0.04651701,1.011069
fashion_mnist,mlp,123,548,0.89819706,0.00615294,0.97495786
fashion_mnist,mlp,123,549,0.90058416,0.00726227,0.98449677
fashion_mnist,mlp,123,550,0.89458697,0.06318659,0.99989929
fashion_mnist,mlp,123,551,0.90088917,0.02032928,1.01083651
fashion_mnist,mlp,123,552,0.89077842,0.03806893,1.0086725
fashion_mnist,mlp,123,553,0.90735092,0.14028691,0.98813129
fashion_mnist,mlp,123,554,0.90255686,0.03661435,0.98429386
fashion_mnist,mlp,123,555,0.90750952,0.01989345,1.00820943
fashion_mnist,mlp,123,556,0.89586043,0.00353914,1.00448772
fashion_mnist,mlp,123,557,0.89503619,0.00707458,1.03042356
fashion_mnist,mlp,123,558,0.90278358,0.10436764,1.00738283
fashion_mnist,mlp,123,559,0.9021785,0.03506096,0.99838714
fashion_mnist,mlp,123,560,0.89715264,0.0154786,1.01421211
fashion_mnist,mlp,123,561,0.89200399,0.0672915,1.01290158
fashion_mnist,mlp,123,562,0.8971412,0.11680881,1.00099137
fashion_mnist,mlp,123,563,0.8936482,0.05648736,1.01897256
fashion_mnist,mlp,123,564,0.89740304,0.00396155,1.00246481
fashion_mnist,mlp,123,565,0.90340467,0.03852904,1.00996486
fashion_mnist,mlp,123,566,0.8959351,0.0391014,1.00266401
fashion_mnist,mlp,123,567,0.9023413,0.08928793,1.00078461
fashion_mnist,mlp,123,568,0.89769452,0.05883173,0.99673424
fashion_mnist,mlp,123,569,0.90362272,0.02737051,1.00864043
fashion_mnist,mlp,123,570,0.89947056,0.00526801,0.98525536
fashion_mnist,mlp,123,571,0.89544987,0.04839721,1.01663758
fashion_mnist,mlp,123,572,0.90172882,0.04562297,1.01243455
fashion_mnist,mlp,123,573,0.89848133,0.04680143,1.00121314
fashion_mnist,mlp,123,574,0.89139658,0.01462047,0.9771344
fashion_mnist,mlp,123,575,0.90728048,0.01823917,1.03765368
fashion_mnist,mlp,123,576,0.90875178,0.02333202,1.01987556
fashion_mnist,mlp,123,577,0.8992929,0.0032351,1.01955802
fashion_mnist,mlp,123,578,0.89832478,0.03667029,0.98586005
fashion_mnist,mlp,123,579,0.90061751,0.02341093,0.99341026
fashion_mnist,mlp,123,580,0.89962175,0.00783013,0.99517591
fashion_mnist,mlp,123,581,0.90286109,0.05534932,1.01523827
fashion_mnist,mlp,123,582,0.91161012,0.07789578,1.0047116
fashion_mnist,mlp,123,583,0.90709333,0.1838112,0.98125982
fashion_mnist,mlp,123,584,0.88663282,0.03643963,1.00272627
fashion_mnist,mlp,123,585,0.89437795,0.02946734,1.00542016
fashion_mnist,mlp,123,586,0.8928876,0.03777628,1.00941827
fashion_mnist,mlp,123,587,0.89267708,0.01589313,0.9828705
fashion_mnist,mlp,123,588,0.90332302,0.02515137,0.99867581
fashion_mnist,mlp,123,589,0.91613551,0.02969662,1.00902215
fashion_mnist,mlp,123,590,0.90064616,0.02780897,1.00418431
fashion_mnist,mlp,123,591,0.90476458,0.02635925,1.00716373
fashion_mnist,mlp,123,592,0.89744179,0.03495049,0.98020739
fashion_mnist,mlp,123,593,0.90220959,0.00503642,1.00291104
fashion_mnist,mlp,123,594,0.90617631,0.0330273,0.98457738
fashion_mnist,mlp,123,595,0.89994702,0.04978802,1.01976857
fashion_mnist,mlp,123,596,0.90716215,0.0270618,0.98878749
fashion_mnist,mlp,123,597,0.8903877,0.02689189,1.01437527
fashion_mnist,mlp,123,598,0.89832932,0.06566827,1.00260372
fashion_mnist,mlp,123,599,0.90214512,0.0534254,1.01285316
fashion_mnist,mlp,123,600,0.91656201,0.00719889,0.98581272
fashion_mnist,mlp,123,601,0.90566711,0.12249085,1.00988195
fashion_mnist,mlp,123,602,0.90716968,0.0094203,0.99937353
fashion_mnist,mlp,123,603,0.91084267,0.02527117,0.99078962
fashion_mnist,mlp,123,604,0.91300805,0.09060714,0.9708762
fashion_mnist,mlp,123,605,0.90089356,0.01074575,1.01926117
fashion_mnist,mlp,123,606,0.89976464,0.0050392,0.99951854
fashion_mnist,mlp,123,607,0.89898551,0.06270926,0.9821182
fashion_mnist,mlp,123,608,0.89424225,0.08368704,1.01128444
fashion_mnist,mlp,123,609,0.90254589,0.07415925,0.9826803
fashion_mnist,mlp,123,610,0.89299362,0.17151767,0.97899633
fashion_mnist,mlp,123,611,0.89797784,0.02905483,0.99628129
fashion_mnist,mlp,123,612,0.89492264,0.00208089,0.98173614
fashion_mnist,mlp,123,613,0.89937081,0.00065295,0.98767834
fashion_mnist,mlp,123,614,0.89747472,0.0663497,0.9752312
fashion_mnist,mlp,123,615,0.90318817,0.01631576,0.99195532
fashion_mnist,mlp,123,616,0.90256349,0.03334968,0.98838832
fashion_mnist,mlp,123,617,0.90029156,0.01844362,1.00174475
fashion_mnist,mlp,123,618,0.89629505,0.01346103,0.99790828
fashion_mnist,mlp,123,619,0.89308965,0.02860795,0.99028178
fashion_mnist,mlp,123,620,0.9040395,0.00541148,1.01202975
fashion_mnist,mlp,123,621,0.9031646,0.01896474,0.96862808
fashion_mnist,mlp,123,622,0.89553412,0.05449566,1.01888602
fashion_mnist,mlp,123,623,0.89697497,0.06251557,0.98160273
fashion_mnist,mlp,123,624,0.90744552,0.01640091,1.03273618
fashion_mnist,mlp,123,625,0.90755472,0.05075891,1.01931556
fashion_mnist,mlp,123,626,0.89946638,0.02130105,1.03305532
fashion_mnist,mlp,123,627,0.90113159,0.01913931,0.98998585
fashion_mnist,mlp,123,628,0.90099381,0.01442197,1.00714692
fashion_mnist,mlp,123,629,0.90500014,0.01479371,0.98548137
fashion_mnist,mlp,123,630,0.90893928,0.03255846,1.00000929
fashion_mnist,mlp,123,631,0.90731126,0.00110326,1.0065957
fashion_mnist,mlp,123,632,0.89640454,0.08441551,1.00955266
fashion_mnist,mlp,123,633,0.89959552,0.01028291,1.02122622
fashion_mnist,mlp,123,634,0.89813375,0.01737075,1.00875565
fashion_mnist,mlp,123,635,0.88842789,0.07538553,0.99787304
fashion_mnist,mlp,123,636,0.89465441,0.03830259,0.99284441
fashion_mnist,mlp,123,637,0.90680426,0.08530812,0.98733307
fashion_mnist,mlp,123,638,0.89800593,0.07222551,0.99973574
fashion_mnist,mlp,123,639,0.89863054,0.07353868,1.01376914
fashion_mnist,mlp,123,640,0.8894363,0.05526444,0.98553754
fashion_mnist,mlp,123,641,0.90379458,0.08706863,0.99153334
fashion_mnist,mlp,123,642,0.9032986,0.01407989,1.00659506
fashion_mnist,mlp,123,643,0.90738077,0.06602846,0.98096811
fashion_mnist,mlp,123,644,0.90565619,0.04289401,0.97478324
fashion_mnist,mlp,123,645,0.8919749,0.01837332,0.99800669
fashion_mnist,mlp,123,646,0.89560376,0.05945135,1.00235527
fashion_mnist,mlp,123,647,0.90178081,0.02826476,0.99176489
fashion_mnist,mlp,123,648,0.89862932,0.03500954,1.01334921
fashion_mnist,mlp,123,649,0.89613137,0.01704172,1.01131284
fashion_mnist,mlp,123,650,0.89934848,0.06930604,0.98613544
fashion_mnist,mlp,123,651,0.88499218,0.00400987,1.01078363
fashion_mnist,mlp,123,652,0.90490675,0.05217128,0.98651498
fashion_mnist,mlp,123,653,0.90058908,0.02674517,1.02110926
fashion_mnist,mlp,123,654,0.89447507,0.09174483,1.00203472
fashion_mnist,mlp,123,655,0.89686135,0.08326341,0.98784483
fashion_mnist,mlp,123,656,0.9040735,0.083032,1.00117153
fashion_mnist,mlp,123,657,0.90758201,0.04124589,0.98510177
fashion_mnist,mlp,123,658,0.90039159,0.10456443,0.970403
fashion_mnist,mlp,123,659,0.89508171,0.03655582,1.019946
fashion_mnist,mlp,123,660,0.89793614,0.0328351,1.05612836
fashion_mnist,mlp,123,661,0.89272536,0.00593396,1.00728255
fashion_mnist,mlp,123,662,0.90633601,0.08095486,0.99289473
fashion_mnist,mlp,123,663,0.90589669,0.09861879,0.98379862
fashion_mnist,mlp,123,664,0.89682237,0.01576107,0.99896508
fashion_mnist,mlp,123,665,0.89926715,0.04870568,0.99977101
fashion_mnist,mlp,123,666,0.90305423,0.02638078,1.020902
fashion_mnist,mlp,123,667,0.89961072,0.0277797,0.97697577
fashion_mnist,mlp,123,668,0.90900409,0.04322498,0.99671164
fashion_mnist,mlp,123,669,0.90060855,0.0430231,0.98378968
fashion_mnist,mlp,123,670,0.89741327,0.10510996,0.99867754
fashion_mnist,mlp,123,671,0.90685075,0.01393788,0.9647864
fashion_mnist,mlp,123,672,0.90068566,0.05356381,0.99108677
fashion_mnist,mlp,123,673,0.90788786,0.03681857,1.00792809
fashion_mnist,mlp,123,674,0.90886306,0.11009414,1.01072262
fashion_mnist,mlp,123,675,0.90622,0.04094412,0.98905128
fashion_mnist,mlp,123,676,0.912068,0.03001129,1.00426648
fashion_mnist,mlp,123,677,0.90191393,0.01449317,0.99995178
fashion_mnist,mlp,123,678,0.89480492,0.0213418,1.00660987
fashion_mnist,mlp,123,679,0.89305761,0.00567374,1.01720273
fashion_mnist,mlp,123,680,0.89723445,0.02522704,1.01069337
fashion_mnist,mlp,123,681,0.89770497,0.01831737,0.99158007
fashion_mnist,mlp,123,682,0.90496634,0.05423392,1.01415746
fashion_mnist,mlp,123,683,0.90348471,0.09606899,0.99489433
fashion_mnist,mlp,123,684,0.89972577,0.02447326,1.01089158
fashion_mnist,mlp,123,685,0.891125,0.02760504,0.97971258
fashion_mnist,mlp,123,686,0.90865192,0.03673967,0.99858496
fashion_mnist,mlp,123,687,0.90286946,0.09287331,1.00524634
fashion_mnist,mlp,123,688,0.90468497,0.01195775,1.0130097
fashion_mnist,mlp,123,689,0.89649098,0.01967472,0.9872703
fashion_mnist,mlp,123,690,0.90020385,0.00657866,0.99328571
fashion_mnist,mlp,123,691,0.90426107,0.08287678,1.00489116
fashion_mnist,mlp,123,692,0.89767727,0.04682286,1.01247687
fashion_mnist,mlp,123,693,0.90568629,0.03831282,0.99192049
fashion_mnist,mlp,123,694,0.89968485,0.03863012,0.99916636
fashion_mnist,mlp,123,695,0.8984183,0.03919089,1.0360164
fashion_mnist,mlp,123,696,0.90864104,0.08635548,0.99986168
fashion_mnist,mlp,123,697,0.89788761,0.05331277,0.99724215
fashion_mnist,mlp,123,698,0.89645504,0.01556886,0.99224637
fashion_mnist,mlp,123,699,0.90016653,0.06885286,1.01259684
fashion_mnist,mlp,123,700,0.90249183,0.05282885,0.9921835
fashion_mnist,mlp,123,701,0.89103993,0.02575152,1.00790454
fashion_mnist,mlp,123,702,0.90340252,0.01447119,0.98501218
fashion_mnist,mlp,123,703,0.88008717,0.00108574,0.96568911
fashion_mnist,mlp,123,704,0.90545304,0.06469611,1.04564829
fashion_mnist,mlp,123,705,0.90074005,0.05334091,1.02421735
fashion_mnist,mlp,123,706,0.89712207,0.07339345,0.99570143
fashion_mnist,mlp,123,707,0.91096499,0.01220393,0.9994741
fashion_mnist,mlp,123,708,0.91065064,0.03097159,0.9997141
fashion_mnist,mlp,123,709,0.90579588,0.07543208,0.97769375
fashion_mnist,mlp,123,710,0.90262471,0.10557586,1.01095771
fashion_mnist,mlp,123,711,0.89882935,0.02041532,0.99512301
fashion_mnist,mlp,123,712,0.88249865,0.13876401,0.99362786
fashion_mnist,mlp,123,713,0.91535718,0.02782665,1.02083983
fashion_mnist,mlp,123,714,0.89864314,0.0796834,1.01720335
fashion_mnist,mlp,123,715,0.90325401,0.06203195,0.98611215
fashion_mnist,mlp,123,716,0.90562741,0.06851003,0.99426806
fashion_mnist,mlp,123,717,0.90205261,0.04973829,0.98804619
fashion_mnist,mlp,123,718,0.90732774,0.01380015,0.99029791
fashion_mnist,mlp,123,719,0.8985762,0.06473212,1.0283903
fashion_mnist,mlp,123,720,0.90255659,0.00273706,0.99772463
fashion_mnist,mlp,123,721,0.90466212,0.06454278,1.00721407
fashion_mnist,mlp,123,722,0.90185471,0.00094266,0.98392071
fashion_mnist,mlp,123,723,0.90017888,0.05089753,0.98473522
fashion_mnist,mlp,123,724,0.8970866,0.09712546,0.9627095
fashion_mnist,mlp,123,725,0.90488323,0.01723314,1.00934269
fashion_mnist,mlp,123,726,0.89473418,0.05693874,1.02552343
fashion_mnist,mlp,123,727,0.89433878,0.04006548,0.96020394
fashion_mnist,mlp,123,728,0.89034457,0.0237857,1.00981665
fashion_mnist,mlp,123,729,0.89711695,0.05569839,1.01312315
fashion_mnist,mlp,123,730,0.89316592,0.01303229,0.99466014
fashion_mnist,mlp,123,731,0.90792531,0.0358006,0.99985094
fashion_mnist,mlp,123,732,0.9056563,0.0389153,0.97784809
fashion_mnist,mlp,123,733,0.88976092,0.00591122,1.02823952
fashion_mnist,mlp,123,734,0.90685486,0.0044502,1.02641991
fashion_mnist,mlp,123,735,0.9081069,0.01609986,0.99949951
fashion_mnist,mlp,123,736,0.89220026,0.0234644,0.99354201
fashion_mnist,mlp,123,737,0.89777935,0.04138801,1.00362955
fashion_mnist,mlp,123,738,0.90197749,0.04045462,0.98882321
fashion_mnist,mlp,123,739,0.90581133,0.01967026,1.02485301
fashion_mnist,mlp,123,740,0.89852131,0.11653895,1.01004694
fashion_mnist,mlp,123,741,0.90390104,0.01459894,1.00414927
fashion_mnist,mlp,123,742,0.89939938,0.02822017,1.00756104
fashion_mnist,mlp,123,743,0.89545354,0.05739742,1.02903398
fashion_mnist,mlp,123,744,0.8987771,0.03322595,0.9848774
fashion_mnist,mlp,123,745,0.89092952,0.02070974,1.00432732
fashion_mnist,mlp,123,746,0.89388433,0.03575967,1.00219492
fashion_mnist,mlp,123,747,0.89785205,0.03838531,1.0153612
fashion_mnist,mlp,123,748,0.90012929,0.05185996,0.9862781
fashion_mnist,mlp,123,749,0.90046604,0.01611558,0.97365347
fashion_mnist,mlp,123,750,0.89357163,0.05668025,1.0035367
fashion_mnist,mlp,123,751,0.90603611,0.02944142,1.02378973
fashion_mnist,mlp,123,752,0.91161743,0.03289099,1.00911001
fashion_mnist,mlp,123,753,0.90812585,0.02410745,1.02099172
fashion_mnist,mlp,123,754,0.89998292,0.15092716,1.03173073
fashion_mnist,mlp,123,755,0.89684945,0.01832733,1.01370818
fashion_mnist,mlp,123,756,0.89811065,0.04614427,0.97985966
fashion_mnist,mlp,123,757,0.90218397,0.00342846,1.03722435
fashion_mnist,mlp,123,758,0.91009093,0.04900928,0.99116173
fashion_mnist,mlp,123,759,0.90498072,0.0293967,1.01522089
fashion_mnist,mlp,123,760,0.89061417,0.07010234,1.01513354
fashion_mnist,mlp,123,761,0.89518092,0.07258328,1.00672188
fashion_mnist,mlp,123,762,0.89584163,0.01694253,1.0075952
fashion_mnist,mlp,123,763,0.89595096,0.09660979,1.00262333
fashion_mnist,mlp,123,764,0.90028456,0.10316642,1.0072592
fashion_mnist,mlp,123,765,0.9006167,0.07458383,0.9979721
fashion_mnist,mlp,123,766,0.91336125,0.05523487,1.00793533
fashion_mnist,mlp,123,767,0.89118714,0.02216084,0.98805758
fashion_mnist,mlp,123,768,0.91107765,0.02989464,0.9760193
fashion_mnist,mlp,123,769,0.90400597,0.10293043,1.01613943
fashion_mnist,mlp,123,770,0.91004508,0.06368433,0.98375486
fashion_mnist,mlp,123,771,0.90211952,0.03040988,0.99719826
fashion_mnist,mlp,123,772,0.90048007,0.05741179,0.99932812
fashion_mnist,mlp,123,773,0.89780468,0.00248278,1.00704519
fashion_mnist,mlp,123,774,0.90751981,0.03876608,1.00562314
fashion_mnist,mlp,123,775,0.89305628,0.02747408,1.0008779
fashion_mnist,mlp,123,776,0.89965201,0.00466386,0.99144093
fashion_mnist,mlp,123,777,0.89842213,0.01676443,0.97458011
fashion_mnist,mlp,123,778,0.89972065,0.01475519,1.00462007
fashion_mnist,mlp,123,779,0.89737335,0.04960429,1.01185778
fashion_mnist,mlp,123,780,0.89695885,0.01418781,0.99945009
fashion_mnist,mlp,123,781,0.89980768,0.0097309,1.00110434
fashion_mnist,mlp,123,782,0.89164799,0.06178165,0.9950293
fashion_mnist,mlp,123,783,0.89894079,0.000141,0.99659917
fashion_mnist,mlp,123,784,0.89480242,0.02089847,0.99391161
fashion_mnist,mlp,123,785,0.90702977,0.03662091,1.01044634
fashion_mnist,mlp,123,786,0.90379173,0.02091776,1.01751559
fashion_mnist,mlp,123,787,0.9032107,0.04233354,0.99172692
fashion_mnist,mlp,123,788,0.89918213,0.03101145,0.97941511
fashion_mnist,mlp,123,789,0.90206829,0.07240268,1.00800996
fashion_mnist,mlp,123,790,0.90159885,0.06570343,0.99203207
fashion_mnist,mlp,123,791,0.90500416,0.06254696,0.9991727
fashion_mnist,mlp,123,792,0.90026359,0.04178963,0.99852291
fashion_mnist,mlp,123,793,0.89560461,0.0408086,1.02093887
fashion_mnist,mlp,123,794,0.90045779,0.08796425,1.01634251
fashion_mnist,mlp,123,795,0.90654431,0.08175486,0.98449482
fashion_mnist,mlp,123,796,0.90769406,0.02939818,0.99561267
fashion_mnist,mlp,123,797,0.9070692,0.0029459,0.99152528
fashion_mnist,mlp,123,798,0.90470292,0.03962765,1.00152491
fashion_mnist,mlp,123,799,0.91370916,0.07069251,1.00688638
fashion_mnist,mlp,123,800,0.89820497,0.04444485,1.00208592
fashion_mnist,mlp,123,801,0.89343891,0.07480997,0.97165744
fashion_mnist,mlp,123,802,0.8976695,0.0026802,0.99279257
fashion_mnist,mlp,123,803,0.90927902,0.0603484,0.98446614
fashion_mnist,mlp,123,804,0.90235055,0.0188766,1.0145105
fashion_mnist,mlp,123,805,0.90031438,0.02219637,0.9801614
fashion_mnist,mlp,123,806,0.89710176,0.07882599,1.00456041
fashion_mnist,mlp,123,807,0.90323102,0.0494422,1.00167047
fashion_mnist,mlp,123,808,0.90392453,0.03343475,0.98178966
fashion_mnist,mlp,123,809,0.88935782,0.06031715,1.03580471
fashion_mnist,mlp,123,810,0.89339655,0.04865129,0.99877693
fashion_mnist,mlp,123,811,0.91007873,0.00032498,1.00548974
fashion_mnist,mlp,123,812,0.8935786,0.0096208,0.99089894
fashion_mnist,mlp,123,813,0.89742073,0.0285343,0.98609147
fashion_mnist,mlp,123,814,0.90160741,0.05971414,1.00854373
fashion_mnist,mlp,123,815,0.90328068,0.01170632,0.9845508
fashion_mnist,mlp,123,816,0.89166841,0.03192432,0.99368753
fashion_mnist,mlp,123,817,0.90432492,0.03051333,1.00672993
fashion_mnist,mlp,123,818,0.89907759,0.03816223,0.98967777
fashion_mnist,mlp,123,819,0.9117835,0.00510728,1.01477108
fashion_mnist,mlp,123,820,0.89526025,0.0067253,1.009193
fashion_mnist,mlp,123,821,0.8963468,0.01254935,1.02819963
fashion_mnist,mlp,123,822,0.90214005,0.00523708,0.9907534
fashion_mnist,mlp,123,823,0.90233545,0.00447335,1.0106517
fashion_mnist,mlp,123,824,0.90983592,0.01506387,0.99849006
fashion_mnist,mlp,123,825,0.90709557,0.02488908,0.9845944
fashion_mnist,mlp,123,826,0.90198666,0.03091637,0.98903976
fashion_mnist,mlp,123,827,0.89076791,0.01975699,0.99757809
fashion_mnist,mlp,123,828,0.89010545,0.00949334,0.98147847
fashion_mnist,mlp,123,829,0.90281681,0.08560981,1.00265401
fashion_mnist,mlp,123,830,0.89386318,0.00394799,0.99162132
fashion_mnist,mlp,123,831,0.89274924,0.00455348,0.97117925
fashion_mnist,mlp,123,832,0.89516838,0.01724893,1.00926257
fashion_mnist,mlp,123,833,0.89900946,0.04039569,0.99018656
fashion_mnist,mlp,123,834,0.90143781,0.08930437,1.00655651
fashion_mnist,mlp,123,835,0.90168657,0.05653436,0.99203288
fashion_mnist,mlp,123,836,0.90125393,0.02300176,1.01213374
fashion_mnist,mlp,123,837,0.90337843,0.01409972,1.01658309
fashion_mnist,mlp,123,838,0.90550972,0.01001035,0.99551223
fashion_mnist,mlp,123,839,0.89625843,0.02010414,1.04551708
fashion_mnist,mlp,123,840,0.89728827,0.00675782,0.99803384
fashion_mnist,mlp,123,841,0.90711228,0.04292006,0.99357946
fashion_mnist,mlp,123,842,0.90141443,0.03974465,1.01728958
fashion_mnist,mlp,123,843,0.89679481,0.0159004,0.97687798
fashion_mnist,mlp,123,844,0.89561148,0.03354759,1.00508042
fashion_mnist,mlp,123,845,0.895744,0.01621891,0.99070254
fashion_mnist,mlp,123,846,0.90093537,0.00709918,1.02003748
fashion_mnist,mlp,123,847,0.89577428,0.00256665,1.00546026
fashion_mnist,mlp,123,848,0.90720926,0.04549486,0.99793991
fashion_mnist,mlp,123,849,0.89994762,0.12496306,0.96052461
fashion_mnist,mlp,123,850,0.90273606,0.00746858,1.00331964
fashion_mnist,mlp,123,851,0.88838925,0.01326708,0.99574022
fashion_mnist,mlp,123,852,0.9023504,0.06286776,0.98263671
fashion_mnist,mlp,123,853,0.91135589,0.02565722,0.96755502
fashion_mnist,mlp,123,854,0.9027922,0.02567361,0.99593024
fashion_mnist,mlp,123,855,0.89522019,0.03580548,1.00515202
fashion_mnist,mlp,123,856,0.90644572,0.00236744,0.99421707
fashion_mnist,mlp,123,857,0.89774914,0.03202755,1.00928267
fashion_mnist,mlp,123,858,0.90995653,0.07263627,0.98930686
fashion_mnist,mlp,123,859,0.89742519,0.07203098,0.98241726
fashion_mnist,mlp,123,860,0.89856106,0.02190563,1.00148634
fashion_mnist,mlp,123,861,0.88677959,0.02475088,1.01228189
fashion_mnist,mlp,123,862,0.90532442,0.00380609,0.98807381
fashion_mnist,mlp,123,863,0.89731094,0.00446461,1.00306056
fashion_mnist,mlp,123,864,0.89346101,0.03222224,1.01070174
fashion_mnist,mlp,123,865,0.89738403,0.0502257,1.00030768
fashion_mnist,mlp,123,866,0.90413964,0.02679491,1.01732483
fashion_mnist,mlp,123,867,0.90044914,0.0479189,0.96992613
fashion_mnist,mlp,123,868,0.89956696,0.04602483,0.96287375
fashion_mnist,mlp,123,869,0.89310015,0.01037141,0.99132375
fashion_mnist,mlp,123,870,0.90258143,0.03368856,1.0011839
fashion_mnist,mlp,123,871,0.89389699,0.00542833,1.00398177
fashion_mnist,mlp,123,872,0.89903182,0.08699518,0.98482857
fashion_mnist,mlp,123,873,0.90031066,0.0319379,1.02049624
fashion_mnist,mlp,123,874,0.89393716,0.1414136,1.00290542
fashion_mnist,mlp,123,875,0.90218411,0.08485119,0.98395008
fashion_mnist,mlp,123,876,0.89783011,0.08190468,1.00839855
fashion_mnist,mlp,123,877,0.90496901,0.00028325,0.97216102
fashion_mnist,mlp,123,878,0.9055169,0.04373109,0.98462683
fashion_mnist,mlp,123,879,0.90425084,0.08035155,1.04225963
fashion_mnist,mlp,123,880,0.90285942,0.03298017,0.9948385
fashion_mnist,mlp,123,881,0.90835677,0.03925125,0.99089672
fashion_mnist,mlp,123,882,0.90943068,0.05312646,0.98586202
fashion_mnist,mlp,123,883,0.90285277,0.04061162,1.01892053
fashion_mnist,mlp,123,884,0.89710121,0.00394134,1.00539118
fashion_mnist,mlp,123,885,0.90069966,0.07654651,0.98979591
fashion_mnist,mlp,123,886,0.89790865,0.03008052,1.01058642
fashion_mnist,mlp,123,887,0.89965294,0.0392062,1.01940283
fashion_mnist,mlp,123,888,0.89756061,0.06882222,0.98800671
fashion_mnist,mlp,123,889,0.90445707,0.02302853,0.98017273
fashion_mnist,mlp,123,890,0.88866708,0.02776086,0.97334326
fashion_mnist,mlp,123,891,0.90160425,0.07156958,0.95285922
fashion_mnist,mlp,123,892,0.89700191,0.06877074,1.01083196
fashion_mnist,mlp,123,893,0.8959676,0.05261756,1.04067325
fashion_mnist,mlp,123,894,0.9010454,0.0228319,1.00392076
fashion_mnist,mlp,123,895,0.89084181,0.01221198,0.96739672
fashion_mnist,mlp,123,896,0.89643047,0.03372923,1.00254316
fashion_mnist,mlp,123,897,0.90032753,0.01053781,1.0216436
fashion_mnist,mlp,123,898,0.89532841,0.05272567,1.03227471
fashion_mnist,mlp,123,899,0.9134486,0.014009,0.99077402
fashion_mnist,mlp,123,900,0.9011299,0.03728988,1.00260242
fashion_mnist,mlp,123,901,0.903408,0.05506492,0.98814873
fashion_mnist,mlp,123,902,0.91117059,0.01674085,1.02329108
fashion_mnist,mlp,123,903,0.9037792,0.0697958,0.98794816
fashion_mnist,mlp,123,904,0.90070778,0.02704415,0.98971059
fashion_mnist,mlp,123,905,0.89512744,0.0587683,1.01557852
fashion_mnist,mlp,123,906,0.90587674,0.01836113,0.99574025
fashion_mnist,mlp,123,907,0.90562513,0.09221501,0.98391555
fashion_mnist,mlp,123,908,0.90247386,0.03353331,1.01598597
fashion_mnist,mlp,123,909,0.90857958,0.04736789,0.99416798
fashion_mnist,mlp,123,910,0.90147384,0.04952794,0.98033795
fashion_mnist,mlp,123,911,0.90913752,0.00286405,1.00593311
fashion_mnist,mlp,123,912,0.89543792,0.08478664,0.98104267
fashion_mnist,mlp,123,913,0.90527036,0.00771473,0.99431669
fashion_mnist,mlp,123,914,0.89500588,0.04887071,0.99372475
fashion_mnist,mlp,123,915,0.89165867,0.0168931,0.99375749
fashion_mnist,mlp,123,916,0.89474819,0.0833618,1.01261778
fashion_mnist,mlp,123,917,0.89804764,0.01980741,0.98669109
fashion_mnist,mlp,123,918,0.89274199,0.0763118,0.99319939
fashion_mnist,mlp,123,919,0.89947035,0.02822831,1.01474559
fashion_mnist,mlp,123,920,0.89632796,0.02642197,0.9903281
fashion_mnist,mlp,123,921,0.89114117,0.04179275,0.98892837
fashion_mnist,mlp,123,922,0.89885889,0.03400674,1.01026585
fashion_mnist,mlp,123,923,0.89753484,0.04882098,0.99075108
fashion_mnist,mlp,123,924,0.8964852,0.03591136,1.00011524
fashion_mnist,mlp,123,925,0.90968457,0.01256414,1.00850247
fashion_mnist,mlp,123,926,0.90299801,0.05477089,0.99431744
fashion_mnist,mlp,123,927,0.90814103,0.06859718,1.01125641
fashion_mnist,mlp,123,928,0.90193332,0.01809938,1.00434879
fashion_mnist,mlp,123,929,0.89122841,0.02239113,0.99409399
fashion_mnist,mlp,123,930,0.89967163,0.00969239,0.98501811
fashion_mnist,mlp,123,931,0.89666884,0.02876362,0.96227373
fashion_mnist,mlp,123,932,0.8967635,0.03187118,1.01129851
fashion_mnist,mlp,123,933,0.90307188,0.0587899,0.99900455
fashion_mnist,mlp,123,934,0.90036309,0.14115307,0.99706305
fashion_mnist,mlp,123,935,0.90171975,0.10033514,0.98950082
fashion_mnist,mlp,123,936,0.9100923,0.0274468,0.99312757
fashion_mnist,mlp,123,937,0.89873046,0.1063902,1.01925557
fashion_mnist,mlp,123,938,0.88715769,0.04857967,0.97953511
fashion_mnist,mlp,123,939,0.90367239,0.00268507,1.02453235
fashion_mnist,mlp,123,940,0.90265568,0.05701128,0.98458259
fashion_mnist,mlp,123,941,0.90413436,0.02831745,1.01530495
fashion_mnist,mlp,123,942,0.89809151,0.07759378,1.02629191
fashion_mnist,mlp,123,943,0.90143693,0.04792795,1.00811532
fashion_mnist,mlp,123,944,0.90533867,0.02443262,1.00070713
fashion_mnist,mlp,123,945,0.90277984,0.03611908,0.98875017
fashion_mnist,mlp,123,946,0.89950811,0.04014357,0.98737041
fashion_mnist,mlp,123,947,0.89212588,0.04034736,0.99789272
fashion_mnist,mlp,123,948,0.9067292,0.05498091,0.96694921
fashion_mnist,mlp,123,949,0.90208349,0.00895147,1.01031145
fashion_mnist,mlp,123,950,0.90478071,0.05519051,1.03250407
fashion_mnist,mlp,123,951,0.89355828,0.01454532,1.00489257
fashion_mnist,mlp,123,952,0.90029908,0.00731896,0.98619897
fashion_mnist,mlp,123,953,0.89324466,0.01356962,0.99450069
fashion_mnist,mlp,123,954,0.89064314,0.00575587,1.01461859
fashion_mnist,mlp,123,955,0.90077511,0.04676257,1.022945
fashion_mnist,mlp,123,956,0.89030495,0.06572418,1.00381768
fashion_mnist,mlp,123,957,0.90421706,0.04515944,1.00258009
fashion_mnist,mlp,123,958,0.89757045,0.03065656,0.98070125
fashion_mnist,mlp,123,959,0.90665075,0.05476802,1.00919633
fashion_mnist,mlp,123,960,0.89530188,0.06467112,0.98373206
fashion_mnist,mlp,123,961,0.90628914,0.03652197,0.97625127
fashion_mnist,mlp,123,962,0.91104347,0.00605332,0.98313436
fashion_mnist,mlp,123,963,0.89209384,0.01681932,1.00247299
fashion_mnist,mlp,123,964,0.9019601,0.0516691,1.00907198
fashion_mnist,mlp,123,965,0.89859967,0.05861045,1.02314579
fashion_mnist,mlp,123,966,0.89899537,4.679e-05,0.98822646
fashion_mnist,mlp,123,967,0.89923413,0.03722727,1.0107609
fashion_mnist,mlp,123,968,0.90241196,0.02726072,1.00362124
fashion_mnist,mlp,123,969,0.89290734,0.06822409,0.9958571
fashion_mnist,mlp,123,970,0.91530171,0.04992373,1.00299046
fashion_mnist,mlp,123,971,0.90933216,0.02306327,1.02045299
fashion_mnist,mlp,123,972,0.90023866,0.06737,0.99395771
fashion_mnist,mlp,123,973,0.89716525,0.0065981,1.00850259
fashion_mnist,mlp,123,974,0.89906005,0.06048997,0.980447
fashion_mnist,mlp,123,975,0.90943215,0.03519095,0.99517645
fashion_mnist,mlp,123,976,0.90138558,0.01259001,1.00006524
fashion_mnist,mlp,123,977,0.90649393,0.02290418,1.0091517
fashion_mnist,mlp,123,978,0.90403332,0.06388049,1.00381311
fashion_mnist,mlp,123,979,0.89754773,0.07344775,0.99258463
fashion_mnist,mlp,123,980,0.89051316,0.02086597,1.00894321
fashion_mnist,mlp,123,981,0.90249372,0.0509507,1.03131481
fashion_mnist,mlp,123,982,0.89148626,0.00951752,1.00022245
fashion_mnist,mlp,123,983,0.89587001,0.01731271,0.98227188
fashion_mnist,mlp,123,984,0.90642943,0.04332784,0.99175858
fashion_mnist,mlp,123,985,0.90086297,0.07033889,1.01225894
fashion_mnist,mlp,123,986,0.90052664,0.01971684,1.00027466
fashion_mnist,mlp,123,987,0.88945935,0.00582863,0.99862933
fashion_mnist,mlp,123,988,0.89770002,0.07210361,0.99792675
fashion_mnist,mlp,123,989,0.90998143,0.02035773,1.01421651
fashion_mnist,mlp,123,990,0.89323382,0.0195745,0.99287093
fashion_mnist,mlp,123,991,0.89925144,0.03190869,1.01543849
fashion_mnist,mlp,123,992,0.89773022,0.03224787,1.02739618
fashion_mnist,mlp,123,993,0.9060298,0.05573058,0.99384796
fashion_mnist,mlp,123,994,0.89206229,0.03703057,1.01841892
fashion_mnist,mlp,123,995,0.91118088,0.07174631,1.02390518
fashion_mnist,mlp,123,996,0.90221316,0.00565704,1.008327
fashion_mnist,mlp,123,997,0.90199799,0.01137512,0.9659475
fashion_mnist,mlp,123,998,0.88200697,0.0285167,1.00652916
fashion_mnist,mlp,123,999,0.90460502,0.02380634,1.02041397
