dataset,model,seed,sample_index,measurement_probability,phase_noise_rad,optical_power
circles,fixed_phase,256,0,0.92721866,0.00988594,0.99202435
circles,fixed_phase,256,1,0.92751795,0.00585216,1.01474929
circles,fixed_phase,256,2,0.915164,0.02985995,1.00793986
circles,fixed_phase,256,3,0.91483553,0.07438961,1.00828916
circles,fixed_phase,256,4,0.92188647,0.05761917,0.99938734
circles,fixed_phase,256,5,0.92165892,0.04400463,0.97988807
circles,fixed_phase,256,6,0.92038074,0.00622434,1.01518913
circles,fixed_phase,256,7,0.91445811,0.04593139,1.0101175
circles,fixed_phase,256,8,0.91939909,0.01143866,1.0140595
circles,fixed_phase,256,9,0.92882815,0.03126881,1.00950748
circles,fixed_phase,256,10,0.92135871,0.01669865,1.00698416
circles,fixed_phase,256,11,0.9235548,0.03969359,1.01667155
circles,fixed_phase,256,12,0.93348468,0.00468697,1.01361211
circles,fixed_phase,256,13,0.91682526,0.00049923,0.99534977
circles,fixed_phase,256,14,0.92328133,0.00834474,1.00395916
circles,fixed_phase,256,15,0.91957395,0.06507368,1.01286686
circles,fixed_phase,256,16,0.92633269,0.01864498,0.98970285
circles,fixed_phase,256,17,0.91979209,0.00730169,1.00087253
circles,fixed_phase,256,18,0.92976057,0.01954796,0.99126537
circles,fixed_phase,256,19,0.92284806,0.09715478,1.00941806
circles,fixed_phase,256,20,0.92037856,0.05589403,0.98027629
circles,fixed_phase,256,21,0.91342305,0.02197911,0.99246688
circles,fixed_phase,256,22,0.93234342,0.04454895,0.98628316
circles,fixed_phase,256,23,0.93081006,0.02222258,1.02977121
circles,fixed_phase,256,24,0.92472215,0.04508712,1.02622458
circles,fixed_phase,256,25,0.91414987,0.03105516,0.99422861
circles,fixed_phase,256,26,0.91417942,0.05107645,0.99779186
circles,fixed_phase,256,27,0.91716319,0.01377566,0.99882352
circles,fixed_phase,256,28,0.92604126,0.02920526,0.99323364
circles,fixed_phase,256,29,0.91947723,0.06198709,1.0008564
circles,fixed_phase,256,30,0.91273421,0.00121578,1.00666083
circles,fixed_phase,256,31,0.92036006,0.04375869,1.01731305
circles,fixed_phase,256,32,0.91709883,0.02896567,0.97131618
circles,fixed_phase,256,33,0.92144557,0.01586619,1.00145177
circles,fixed_phase,256,34,0.91548096,0.00828696,1.0041368
circles,fixed_phase,256,35,0.93045018,0.01784143,1.01997093
circles,fixed_phase,256,36,0.92894634,0.0555945,1.01766704
circles,fixed_phase,256,37,0.92834213,0.05896597,0.9847747
circles,fixed_phase,256,38,0.90877224,0.00045166,1.02238546
circles,fixed_phase,256,39,0.91137577,0.05659626,1.00635203
circles,fixed_phase,256,40,0.90886054,0.04378595,0.98886015
circles,fixed_phase,256,41,0.90747024,0.03915237,1.01520374
circles,fixed_phase,256,42,0.9204986,0.05468685,1.02841765
circles,fixed_phase,256,43,0.92082966,0.01399514,0.99953879
circles,fixed_phase,256,44,0.91524051,0.07056903,0.97410612
circles,fixed_phase,256,45,0.92449665,0.04289375,0.99067966
circles,fixed_phase,256,46,0.91272404,0.02489149,0.9834701
circles,fixed_phase,256,47,0.92983968,0.06489695,0.99160153
circles,fixed_phase,256,48,0.91501524,0.01537074,0.99592043
circles,fixed_phase,256,49,0.91083782,0.05203778,0.97710855
circles,fixed_phase,256,50,0.9203132,0.00858725,0.97836907
circles,fixed_phase,256,51,0.91832134,0.00540352,0.99330942
circles,fixed_phase,256,52,0.92101338,0.00820361,0.99844504
circles,fixed_phase,256,53,0.91450532,0.01716859,0.99307372
circles,fixed_phase,256,54,0.91984978,0.0150089,0.97060108
circles,fixed_phase,256,55,0.9198927,0.05469831,0.99974804
circles,fixed_phase,256,56,0.92022671,0.01906204,0.97291847
circles,fixed_phase,256,57,0.92897859,0.00971839,1.03658606
circles,fixed_phase,256,58,0.91973249,0.05449724,0.99641599
circles,fixed_phase,256,59,0.92293586,0.05576578,1.00489167
circles,fixed_phase,256,60,0.91355931,0.0258376,1.02466939
circles,fixed_phase,256,61,0.92265663,0.00591586,1.03037642
circles,fixed_phase,256,62,0.91808552,0.02443632,0.99984302
circles,fixed_phase,256,63,0.92011395,0.06284068,0.99120781
circles,fixed_phase,256,64,0.91723782,0.05169776,0.99342405
circles,fixed_phase,256,65,0.92875959,0.00828598,1.00132543
circles,fixed_phase,256,66,0.92665024,0.05782465,0.98760121
circles,fixed_phase,256,67,0.91786295,0.06078151,0.98352686
circles,fixed_phase,256,68,0.9222046,0.01528582,1.00361899
circles,fixed_phase,256,69,0.91175408,0.10264233,1.01265208
circles,fixed_phase,256,70,0.92831514,0.09177393,0.9967062
circles,fixed_phase,256,71,0.92003494,0.0217499,0.98713419
circles,fixed_phase,256,72,0.91859971,0.02955887,0.9879559
circles,fixed_phase,256,73,0.93466341,0.03458488,1.00063479
circles,fixed_phase,256,74,0.91836332,0.02211046,1.0087173
circles,fixed_phase,256,75,0.92235956,0.04159147,1.01693633
circles,fixed_phase,256,76,0.91544181,0.01881986,0.98191142
circles,fixed_phase,256,77,0.92954504,0.03293312,0.99492155
circles,fixed_phase,256,78,0.92917179,0.02861201,0.98019051
circles,fixed_phase,256,79,0.92569197,0.0476836,0.99172215
circles,fixed_phase,256,80,0.9226936,0.0154181,0.97990702
circles,fixed_phase,256,81,0.91854145,0.04320167,0.99766609
circles,fixed_phase,256,82,0.91991372,0.05466155,1.01998746
circles,fixed_phase,256,83,0.92205877,0.06446765,0.97813496
circles,fixed_phase,256,84,0.9114217,0.03860542,1.0066422
circles,fixed_phase,256,85,0.92386669,0.05706834,1.00983154
circles,fixed_phase,256,86,0.9186172,0.01617163,1.0304661
circles,fixed_phase,256,87,0.92355221,0.05207501,0.99057924
circles,fixed_phase,256,88,0.92164046,0.07904544,1.00109493
circles,fixed_phase,256,89,0.91912207,0.02362793,0.98422153
circles,fixed_phase,256,90,0.9160046,0.00739238,1.01213083
circles,fixed_phase,256,91,0.92789205,0.15187482,1.01313046
circles,fixed_phase,256,92,0.9236951,0.0242983,0.98896822
circles,fixed_phase,256,93,0.91382914,0.01668164,0.97971887
circles,fixed_phase,256,94,0.92269486,0.03630682,0.97007989
circles,fixed_phase,256,95,0.92390377,0.09492733,0.98439471
circles,fixed_phase,256,96,0.92011976,0.11368319,1.0026787
circles,fixed_phase,256,97,0.91443337,0.00453712,1.00546209
circles,fixed_phase,256,98,0.92638471,0.05182184,1.00881911
circles,fixed_phase,256,99,0.91846753,0.07365755,0.99363488
circles,fixed_phase,256,100,0.92607499,0.0362242,0.98769556
circles,fixed_phase,256,101,0.91463074,0.00615249,1.01443489
circles,fixed_phase,256,102,0.9198709,0.01604084,0.99313437
circles,fixed_phase,256,103,0.9224005,0.07710515,1.01379688
circles,fixed_phase,256,104,0.91537,0.02974127,1.01057845
circles,fixed_phase,256,105,0.92574857,0.01685415,1.00854204
circles,fixed_phase,256,106,0.91298479,0.02143346,0.96921262
circles,fixed_phase,256,107,0.91711109,0.02189735,0.98346738
circles,fixed_phase,256,108,0.9173753,0.05455505,1.00827701
circles,fixed_phase,256,109,0.92054921,0.08115979,0.98939758
circles,fixed_phase,256,110,0.92298602,0.11101587,0.99811619
circles,fixed_phase,256,111,0.9181367,0.03996169,1.00167399
circles,fixed_phase,256,112,0.92104698,0.01649535,0.9982197
circles,fixed_phase,256,113,0.93030212,0.02719543,1.00830334
circles,fixed_phase,256,114,0.91697901,0.00130423,1.00262731
circles,fixed_phase,256,115,0.92723273,0.05873745,0.99465424
circles,fixed_phase,256,116,0.91803964,0.03158059,0.98293521
circles,fixed_phase,256,117,0.9319605,0.06662839,0.98213523
circles,fixed_phase,256,118,0.92372315,0.05005202,0.97839552
circles,fixed_phase,256,119,0.9126675,0.00127652,0.98091199
circles,fixed_phase,256,120,0.91616038,0.12472288,0.99928408
circles,fixed_phase,256,121,0.91451925,0.03191633,0.98962672
circles,fixed_phase,256,122,0.93112206,0.00606962,0.99400398
circles,fixed_phase,256,123,0.91564938,0.01247912,0.99826797
circles,fixed_phase,256,124,0.92700843,0.01512341,0.9676514
circles,fixed_phase,256,125,0.9160841,0.01115202,1.01261471
circles,fixed_phase,256,126,0.91242821,0.09302049,1.02007203
circles,fixed_phase,256,127,0.922937,0.15816685,1.00009379
circles,fixed_phase,256,128,0.921279,0.03274804,1.00194919
circles,fixed_phase,256,129,0.92063495,0.04060728,0.9790972
circles,fixed_phase,256,130,0.91328829,0.03448782,0.99146691
circles,fixed_phase,256,131,0.91873319,0.03036982,1.01648218
circles,fixed_phase,256,132,0.92680751,0.01994948,0.99267562
circles,fixed_phase,256,133,0.9106887,0.03854938,0.9730093
circles,fixed_phase,256,134,0.92489918,0.04559654,1.01100897
circles,fixed_phase,256,135,0.92188354,0.04404688,0.98573417
circles,fixed_phase,256,136,0.92181562,0.07692143,0.99752184
circles,fixed_phase,256,137,0.92245105,0.00521381,0.99976533
circles,fixed_phase,256,138,0.92529786,0.0156706,0.98324314
circles,fixed_phase,256,139,0.92510911,0.00745519,0.98871928
circles,fixed_phase,256,140,0.92858052,0.01910115,0.99819986
circles,fixed_phase,256,141,0.91823893,0.08231612,0.98500303
circles,fixed_phase,256,142,0.91838422,0.01335227,0.99220088
circles,fixed_phase,256,143,0.91187717,0.02264349,0.99200979
circles,fixed_phase,256,144,0.93299369,0.05397207,0.99822855
circles,fixed_phase,256,145,0.9120144,0.05340646,0.99293503
circles,fixed_phase,256,146,0.91697883,0.01386978,0.99110851
circles,fixed_phase,256,147,0.92203034,0.00948704,1.00745131
circles,fixed_phase,256,148,0.91375124,0.01058422,0.9961624
circles,fixed_phase,256,149,0.91662684,0.00865604,1.00151434
circles,fixed_phase,256,150,0.90787471,0.07147297,1.0019994
circles,fixed_phase,256,151,0.91635956,0.02202805,1.00572526
circles,fixed_phase,256,152,0.9227385,0.02360927,1.00874236
circles,fixed_phase,256,153,0.92455837,0.03620202,1.01994408
circles,fixed_phase,256,154,0.91711398,0.05405227,0.99436481
circles,fixed_phase,256,155,0.94393443,0.02897449,0.97340095
circles,fixed_phase,256,156,0.91839568,0.05683436,1.00150837
circles,fixed_phase,256,157,0.91320721,0.00545352,0.98463684
circles,fixed_phase,256,158,0.91832472,0.05508014,1.01188333
circles,fixed_phase,256,159,0.92977447,0.01326796,0.99941958
circles,fixed_phase,256,160,0.92468497,0.01800113,1.00371821
circles,fixed_phase,256,161,0.93048424,0.00436487,1.0015742
circles,fixed_phase,256,162,0.92114785,0.02621553,0.99242741
circles,fixed_phase,256,163,0.92434443,0.03653468,1.01072543
circles,fixed_phase,256,164,0.914227,0.00748241,0.97518903
circles,fixed_phase,256,165,0.91181376,0.02896376,1.00002196
circles,fixed_phase,256,166,0.92796223,0.02015683,0.99880499
circles,fixed_phase,256,167,0.93317948,0.13028112,1.01891029
circles,fixed_phase,256,168,0.93002335,0.05317906,0.98037709
circles,fixed_phase,256,169,0.92432403,0.07322901,0.96596173
circles,fixed_phase,256,170,0.91438179,0.04478211,1.00229658
circles,fixed_phase,256,171,0.92712543,0.04586466,0.98700553
circles,fixed_phase,256,172,0.92785711,0.06556461,1.02021813
circles,fixed_phase,256,173,0.92519598,0.05713902,0.98797951
circles,fixed_phase,256,174,0.92559239,0.01563389,1.00287145
circles,fixed_phase,256,175,0.92622292,0.03250446,0.9794592
circles,fixed_phase,256,176,0.91955676,0.03823937,0.98854885
circles,fixed_phase,256,177,0.92575457,0.01679399,0.99581253
circles,fixed_phase,256,178,0.92088553,0.02986211,0.99578624
circles,fixed_phase,256,179,0.919854,0.04581512,1.00156443
circles,fixed_phase,256,180,0.9319282,0.12109609,1.02904062
circles,fixed_phase,256,181,0.92181214,0.07143473,1.02324054
circles,fixed_phase,256,182,0.92466176,0.05620686,1.00283015
circles,fixed_phase,256,183,0.92350599,0.06609605,0.99477523
circles,fixed_phase,256,184,0.91473661,0.01372987,1.01527908
circles,fixed_phase,256,185,0.92230106,0.02127429,1.02429857
circles,fixed_phase,256,186,0.93099958,0.01291195,1.00505014
circles,fixed_phase,256,187,0.9182364,0.02339471,1.01395505
circles,fixed_phase,256,188,0.93251322,0.02267731,0.97588523
circles,fixed_phase,256,189,0.92844081,0.0256873,1.01163378
circles,fixed_phase,256,190,0.93476266,0.07233418,0.99827961
circles,fixed_phase,256,191,0.92652213,0.01642041,0.9712444
circles,fixed_phase,256,192,0.91991153,0.01013399,1.00835727
circles,fixed_phase,256,193,0.92715588,0.07761085,0.96872376
circles,fixed_phase,256,194,0.92368843,0.01074559,0.99605168
circles,fixed_phase,256,195,0.91422447,0.02439843,0.99993773
circles,fixed_phase,256,196,0.91736767,0.07764005,0.99640228
circles,fixed_phase,256,197,0.92372012,0.01215321,1.01316053
circles,fixed_phase,256,198,0.92368578,0.00949189,0.98907243
circles,fixed_phase,256,199,0.92408816,0.00409743,0.99724447
circles,fixed_phase,256,200,0.93329226,0.05543928,0.98471435
circles,fixed_phase,256,201,0.92186738,0.05167039,0.96575051
circles,fixed_phase,256,202,0.92842275,0.01274107,1.00829027
circles,fixed_phase,256,203,0.92757573,0.04657632,1.01038776
circles,fixed_phase,256,204,0.9261979,0.00067624,0.99807494
circles,fixed_phase,256,205,0.92377509,0.01697033,1.01442252
circles,fixed_phase,256,206,0.92234076,0.01680192,1.02140573
circles,fixed_phase,256,207,0.93070027,0.08113302,0.99828384
circles,fixed_phase,256,208,0.9237812,0.03696763,1.00543757
circles,fixed_phase,256,209,0.92166281,0.05657862,0.97309265
circles,fixed_phase,256,210,0.92230321,0.04536259,0.9970916
circles,fixed_phase,256,211,0.91141073,0.03922929,1.00849708
circles,fixed_phase,256,212,0.92635837,0.01905085,1.01051855
circles,fixed_phase,256,213,0.91409696,0.05861562,1.01172165
circles,fixed_phase,256,214,0.92614428,0.03074324,1.00632478
circles,fixed_phase,256,215,0.90971271,0.10050722,1.01455734
circles,fixed_phase,256,216,0.92504458,0.05828824,0.9942791
circles,fixed_phase,256,217,0.92176557,0.0089122,0.98905859
circles,fixed_phase,256,218,0.91813203,0.01156017,1.012304
circles,fixed_phase,256,219,0.92885565,0.01662967,1.01097404
circles,fixed_phase,256,220,0.92473815,0.02767232,0.99056023
circles,fixed_phase,256,221,0.91645276,0.02990016,1.01021932
circles,fixed_phase,256,222,0.91652009,0.08209261,1.00812332
circles,fixed_phase,256,223,0.92490164,0.00954419,0.97324574
circles,fixed_phase,256,224,0.93597249,0.00252552,0.99848498
circles,fixed_phase,256,225,0.92405892,0.04354812,0.99874984
circles,fixed_phase,256,226,0.9223026,0.05913496,1.00467572
circles,fixed_phase,256,227,0.92957923,0.04333526,0.96274385
circles,fixed_phase,256,228,0.92175779,0.08594601,1.01340572
circles,fixed_phase,256,229,0.91522805,0.02052452,0.97991232
circles,fixed_phase,256,230,0.92089672,0.02119915,0.98619157
circles,fixed_phase,256,231,0.92862872,0.02309681,0.97070791
circles,fixed_phase,256,232,0.91254194,0.0549467,1.02755503
circles,fixed_phase,256,233,0.91394066,0.00896932,0.98864514
circles,fixed_phase,256,234,0.91976928,0.03698979,1.0342757
circles,fixed_phase,256,235,0.92435124,0.04674639,0.9956421
circles,fixed_phase,256,236,0.91634721,0.03122611,1.00258006
circles,fixed_phase,256,237,0.93016462,0.05525581,0.99632502
circles,fixed_phase,256,238,0.92314042,0.07045308,1.00966898
circles,fixed_phase,256,239,0.91158447,0.05707491,0.98977528
circles,fixed_phase,256,240,0.91962963,0.01977809,1.02669981
circles,fixed_phase,256,241,0.91612845,0.03448493,1.01050396
circles,fixed_phase,256,242,0.91445697,0.04838165,1.02857445
circles,fixed_phase,256,243,0.92984504,0.05361924,1.01408132
circles,fixed_phase,256,244,0.9280533,0.0443197,1.00771028
circles,fixed_phase,256,245,0.91832973,0.05874645,0.99260226
circles,fixed_phase,256,246,0.92141159,0.04127568,0.99427761
circles,fixed_phase,256,247,0.92129752,0.01964564,1.02036654
circles,fixed_phase,256,248,0.93235359,0.03544471,0.99453566
circles,fixed_phase,256,249,0.93001856,0.02911471,0.98976014
circles,fixed_phase,256,250,0.92905864,0.02782572,1.00461619
circles,fixed_phase,256,251,0.92038207,0.00428099,1.02388437
circles,fixed_phase,256,252,0.9129153,0.08618471,1.00435504
circles,fixed_phase,256,253,0.91822344,0.00347086,0.99986243
circles,fixed_phase,256,254,0.92617451,0.04756105,1.00105139
circles,fixed_phase,256,255,0.92210369,0.06024219,0.97404693
circles,fixed_phase,256,256,0.91520271,0.01290691,0.99490113
circles,fixed_phase,256,257,0.91001644,0.00066305,1.00590303
circles,fixed_phase,256,258,0.92506078,0.03325909,1.01457684
circles,fixed_phase,256,259,0.92220445,0.05163121,1.0093134
circles,fixed_phase,256,260,0.91613477,0.00831281,1.00970395
circles,fixed_phase,256,261,0.90583651,0.09336859,1.00642451
circles,fixed_phase,256,262,0.9285863,0.03056273,1.02250602
circles,fixed_phase,256,263,0.90937176,0.00885433,0.99854252
circles,fixed_phase,256,264,0.91461113,0.00783564,1.01379731
circles,fixed_phase,256,265,0.9170775,0.09381119,1.00046033
circles,fixed_phase,256,266,0.92725535,0.0396169,1.01334022
circles,fixed_phase,256,267,0.92014575,0.01352951,0.96927233
circles,fixed_phase,256,268,0.93182188,0.01445944,1.01809694
circles,fixed_phase,256,269,0.92451332,0.02996909,0.98028365
circles,fixed_phase,256,270,0.9235491,0.09210469,0.99907518
circles,fixed_phase,256,271,0.91623048,0.08691558,1.00634004
circles,fixed_phase,256,272,0.9225225,0.00865723,0.99484346
circles,fixed_phase,256,273,0.91449872,0.09483877,1.00477868
circles,fixed_phase,256,274,0.92627166,0.04048428,1.01274379
circles,fixed_phase,256,275,0.91148524,0.00073751,1.00760116
circles,fixed_phase,256,276,0.92828653,0.08110459,1.00092021
circles,fixed_phase,256,277,0.91951014,0.00137602,0.9705783
circles,fixed_phase,256,278,0.92007999,0.00984148,0.9910683
circles,fixed_phase,256,279,0.91650807,0.05483609,1.00277061
circles,fixed_phase,256,280,0.91864483,0.08897438,1.00659037
circles,fixed_phase,256,281,0.91176143,0.03530371,1.00801947
circles,fixed_phase,256,282,0.91747376,0.08672183,0.99444543
circles,fixed_phase,256,283,0.91619433,0.01339332,1.00149174
circles,fixed_phase,256,284,0.91637715,0.01434326,1.01085124
circles,fixed_phase,256,285,0.9186573,0.1077849,1.00811701
circles,fixed_phase,256,286,0.92937601,0.01712136,1.0129365
circles,fixed_phase,256,287,0.92534002,0.03554034,1.01028881
circles,fixed_phase,256,288,0.91653419,0.02446481,0.98442183
circles,fixed_phase,256,289,0.9245196,0.09153453,1.00842044
circles,fixed_phase,256,290,0.91149581,0.00613203,1.01977996
circles,fixed_phase,256,291,0.9189887,0.00311303,0.99993496
circles,fixed_phase,256,292,0.91865161,0.01842922,1.00799882
circles,fixed_phase,256,293,0.91927327,0.0465023,0.98372297
circles,fixed_phase,256,294,0.92544011,0.12067354,0.99264846
circles,fixed_phase,256,295,0.91833281,0.06654498,0.96966492
circles,fixed_phase,256,296,0.92621998,0.00808915,0.99014692
circles,fixed_phase,256,297,0.92126809,0.03402023,0.99183917
circles,fixed_phase,256,298,0.92560928,0.07248259,1.02195034
circles,fixed_phase,256,299,0.91707503,0.06602251,0.995143
circles,fixed_phase,256,300,0.91850843,0.01095133,1.01717009
circles,fixed_phase,256,301,0.92015531,0.04198595,0.99452381
circles,fixed_phase,256,302,0.91653349,0.08945586,0.98267935
circles,fixed_phase,256,303,0.91827495,0.01599363,1.02385838
circles,fixed_phase,256,304,0.93732929,0.0151011,1.0002082
circles,fixed_phase,256,305,0.92511505,0.01781291,0.98275577
circles,fixed_phase,256,306,0.92063269,0.08148158,1.0063032
circles,fixed_phase,256,307,0.90904336,0.03274134,1.02071299
circles,fixed_phase,256,308,0.91781381,0.0013847,0.99018894
circles,fixed_phase,256,309,0.92467279,0.06830577,1.00890961
circles,fixed_phase,256,310,0.91994952,0.01043345,0.98836496
circles,fixed_phase,256,311,0.92356112,0.02921852,0.99607318
circles,fixed_phase,256,312,0.923418,0.0061318,0.9943789
circles,fixed_phase,256,313,0.91764946,0.0384837,1.00099963
circles,fixed_phase,256,314,0.92580911,0.02117591,1.0131259
circles,fixed_phase,256,315,0.91521452,0.06192439,1.01062864
circles,fixed_phase,256,316,0.90742922,0.00957018,1.00108209
circles,fixed_phase,256,317,0.9294827,0.09192067,0.98476397
circles,fixed_phase,256,318,0.92375822,0.03064914,1.01118704
circles,fixed_phase,256,319,0.9156976,0.0313461,0.99418217
circles,fixed_phase,256,320,0.92527995,0.08364088,1.00429555
circles,fixed_phase,256,321,0.9153114,0.06211499,1.02966458
circles,fixed_phase,256,322,0.91662199,0.08244859,0.99730464
circles,fixed_phase,256,323,0.91879845,0.00584462,1.01214695
circles,fixed_phase,256,324,0.91692918,0.03912339,0.99323388
circles,fixed_phase,256,325,0.91888757,0.03128174,1.00666413
circles,fixed_phase,256,326,0.91095127,0.04859506,1.02160113
circles,fixed_phase,256,327,0.91960964,0.01661891,1.00308058
circles,fixed_phase,256,328,0.91974473,0.08581789,1.03675937
circles,fixed_phase,256,329,0.91681111,0.02435963,1.00430943
circles,fixed_phase,256,330,0.92111592,0.01756458,1.00783583
circles,fixed_phase,256,331,0.91445613,0.03403865,1.02011555
circles,fixed_phase,256,332,0.9294995,0.04387861,0.97971353
circles,fixed_phase,256,333,0.92605586,0.06291044,1.02537986
circles,fixed_phase,256,334,0.92001659,0.00438503,1.01148592
circles,fixed_phase,256,335,0.91900589,0.05434584,1.00735512
circles,fixed_phase,256,336,0.9156786,0.01685441,0.99241798
circles,fixed_phase,256,337,0.92248375,0.05909406,1.00343562
circles,fixed_phase,256,338,0.92463526,0.04188936,1.01508902
circles,fixed_phase,256,339,0.91864948,0.00205083,0.99174523
circles,fixed_phase,256,340,0.91634384,0.02386294,1.01655626
circles,fixed_phase,256,341,0.92454739,0.07959731,0.99938316
circles,fixed_phase,256,342,0.91999661,0.03662013,0.98706757
circles,fixed_phase,256,343,0.91668492,0.01225673,1.01942343
circles,fixed_phase,256,344,0.92237028,0.03294304,0.99543215
circles,fixed_phase,256,345,0.92067843,0.04302539,1.01062779
circles,fixed_phase,256,346,0.90873284,0.02951078,0.99529927
circles,fixed_phase,256,347,0.91673702,0.00807016,1.00832629
circles,fixed_phase,256,348,0.91435457,0.02273342,0.99445848
circles,fixed_phase,256,349,0.91533011,0.08124166,1.01843911
circles,fixed_phase,256,350,0.92846152,0.01822168,1.01282865
circles,fixed_phase,256,351,0.93862821,0.1037634,1.00511141
circles,fixed_phase,256,352,0.91436017,0.01077644,1.00464883
circles,fixed_phase,256,353,0.92878358,0.05384996,1.00023647
circles,fixed_phase,256,354,0.92203519,0.05245493,1.01399074
circles,fixed_phase,256,355,0.92193555,0.05419399,1.00141286
circles,fixed_phase,256,356,0.92188043,0.02194002,0.99297032
circles,fixed_phase,256,357,0.92716097,0.03299313,0.98654772
circles,fixed_phase,256,358,0.91155261,0.07298787,1.01589965
circles,fixed_phase,256,359,0.92848388,0.05011506,0.9954933
circles,fixed_phase,256,360,0.91710225,0.01156697,1.00306267
circles,fixed_phase,256,361,0.90985291,0.06408898,0.98546633
circles,fixed_phase,256,362,0.92196103,0.01685599,1.01238893
circles,fixed_phase,256,363,0.92384381,0.06542792,0.99006515
circles,fixed_phase,256,364,0.9329716,0.00573754,0.98761226
circles,fixed_phase,256,365,0.9210566,0.03314419,0.99097344
circles,fixed_phase,256,366,0.92204211,0.01666488,1.02843223
circles,fixed_phase,256,367,0.92320158,0.03105909,0.99457474
circles,fixed_phase,256,368,0.92358744,0.04635075,0.9906367
circles,fixed_phase,256,369,0.92684288,0.02185369,0.97677496
circles,fixed_phase,256,370,0.92401752,0.04699227,0.99177845
circles,fixed_phase,256,371,0.93165693,0.02244445,0.97770498
circles,fixed_phase,256,372,0.92331036,0.03597318,1.00728627
circles,fixed_phase,256,373,0.91946226,0.01053833,1.01674447
circles,fixed_phase,256,374,0.9242027,0.00871439,1.01637677
circles,fixed_phase,256,375,0.90861737,0.02168904,0.98131228
circles,fixed_phase,256,376,0.92328702,0.07319806,1.0034692
circles,fixed_phase,256,377,0.9290429,0.07943674,0.98644157
circles,fixed_phase,256,378,0.91774638,0.05667328,1.00984649
circles,fixed_phase,256,379,0.91864838,0.01796616,1.00216261
circles,fixed_phase,256,380,0.91264437,0.05243627,0.97863481
circles,fixed_phase,256,381,0.91474325,0.07546217,0.97790919
circles,fixed_phase,256,382,0.908412,0.06482036,0.98317933
circles,fixed_phase,256,383,0.92088892,0.03393335,1.01142343
circles,fixed_phase,256,384,0.91680837,0.01957105,0.9837376
circles,fixed_phase,256,385,0.92118769,0.01369898,0.9767055
circles,fixed_phase,256,386,0.915463,0.05298478,0.99472933
circles,fixed_phase,256,387,0.92491761,0.06035996,0.98685748
circles,fixed_phase,256,388,0.92321119,0.0413326,0.99163763
circles,fixed_phase,256,389,0.9290106,0.01422436,0.97457786
circles,fixed_phase,256,390,0.90626121,0.00385517,0.99878143
circles,fixed_phase,256,391,0.92541396,0.00456645,0.99073405
circles,fixed_phase,256,392,0.91712837,0.06612746,1.0041292
circles,fixed_phase,256,393,0.9214812,0.03158478,1.01814889
circles,fixed_phase,256,394,0.91923935,0.10681944,1.00787744
circles,fixed_phase,256,395,0.94548661,0.04032975,1.00938554
circles,fixed_phase,256,396,0.92739262,0.06455214,0.99166432
circles,fixed_phase,256,397,0.91767505,0.0476741,1.01879613
circles,fixed_phase,256,398,0.92476098,0.04824018,1.01598967
circles,fixed_phase,256,399,0.91490878,0.0621438,0.9958255
circles,fixed_phase,256,400,0.92187982,0.05417048,0.9880871
circles,fixed_phase,256,401,0.93846137,0.03152012,1.00401618
circles,fixed_phase,256,402,0.91733339,0.08119402,0.98018429
circles,fixed_phase,256,403,0.91738341,0.01274142,0.99152132
circles,fixed_phase,256,404,0.91399041,0.12124438,1.00327738
circles,fixed_phase,256,405,0.92117745,0.14676105,0.9721983
circles,fixed_phase,256,406,0.91092317,0.03724681,1.01570352
circles,fixed_phase,256,407,0.92642764,0.02174963,1.00528823
circles,fixed_phase,256,408,0.91543039,0.08596467,0.97979257
circles,fixed_phase,256,409,0.92260517,0.01325793,1.01779715
circles,fixed_phase,256,410,0.93106427,0.02264592,1.00532561
circles,fixed_phase,256,411,0.92538429,0.10259846,1.00810677
circles,fixed_phase,256,412,0.92070913,0.01699471,0.99624361
circles,fixed_phase,256,413,0.92419298,0.04044615,0.98769561
circles,fixed_phase,256,414,0.92964222,0.02001581,0.98840202
circles,fixed_phase,256,415,0.91878535,0.05516671,0.99722087
circles,fixed_phase,256,416,0.92209213,0.07706239,0.9882121
circles,fixed_phase,256,417,0.90640475,0.00898454,1.02425923
circles,fixed_phase,256,418,0.92014509,0.02844758,0.98354866
circles,fixed_phase,256,419,0.9208329,0.03122608,0.99796511
circles,fixed_phase,256,420,0.92514457,0.07294942,0.98639466
circles,fixed_phase,256,421,0.92157825,0.00741796,1.03473333
circles,fixed_phase,256,422,0.92732302,0.0026598,0.98156357
circles,fixed_phase,256,423,0.92541896,0.02841524,1.0223815
circles,fixed_phase,256,424,0.92140315,0.12845192,0.99587375
circles,fixed_phase,256,425,0.92652895,0.08184688,0.98593474
circles,fixed_phase,256,426,0.91973141,0.04239658,1.00803942
circles,fixed_phase,256,427,0.92560071,0.01142538,0.98902762
circles,fixed_phase,256,428,0.93065472,0.00692822,1.00197936
circles,fixed_phase,256,429,0.91966994,0.02862418,1.01086466
circles,fixed_phase,256,430,0.91358339,0.05823925,1.00915431
circles,fixed_phase,256,431,0.93225655,0.02516092,0.98094497
circles,fixed_phase,256,432,0.91607832,0.01608392,1.0102162
circles,fixed_phase,256,433,0.91616339,0.07892823,0.98983346
circles,fixed_phase,256,434,0.92852637,0.1520514,1.01678789
circles,fixed_phase,256,435,0.92537441,0.04253219,1.0062152
circles,fixed_phase,256,436,0.93176084,0.02896342,0.99494297
circles,fixed_phase,256,437,0.91980203,0.05678548,0.98972014
circles,fixed_phase,256,438,0.92590337,0.04332677,0.99243342
circles,fixed_phase,256,439,0.918266,0.0415152,1.02122557
circles,fixed_phase,256,440,0.91947469,0.0460956,0.99983154
circles,fixed_phase,256,441,0.92607357,0.02172061,1.02616685
circles,fixed_phase,256,442,0.91247102,0.04655377,1.0056527
circles,fixed_phase,256,443,0.92598306,0.01188505,0.99277331
circles,fixed_phase,256,444,0.92486646,0.01660533,1.01250603
circles,fixed_phase,256,445,0.91390146,0.00583935,0.9888121
circles,fixed_phase,256,446,0.92576311,0.02855541,1.01379878
circles,fixed_phase,256,447,0.91975915,0.00941881,0.98589152
circles,fixed_phase,256,448,0.93198174,0.07342039,0.99267328
circles,fixed_phase,256,449,0.9250584,0.04421368,1.0427995
circles,fixed_phase,256,450,0.93154486,0.06270409,0.99136567
circles,fixed_phase,256,451,0.92231996,0.04070932,0.96620494
circles,fixed_phase,256,452,0.93033217,0.02737299,0.98592025
circles,fixed_phase,256,453,0.92612165,0.05218656,1.01150803
circles,fixed_phase,256,454,0.91743338,0.0333016,1.0170382
circles,fixed_phase,256,455,0.91656051,0.07765201,1.02310573
circles,fixed_phase,256,456,0.92716094,0.0139899,1.02244763
circles,fixed_phase,256,457,0.91589941,0.01687623,1.00934052
circles,fixed_phase,256,458,0.92024715,0.01836073,0.98789418
circles,fixed_phase,256,459,0.93199207,0.01106534,0.99172815
circles,fixed_phase,256,460,0.92228481,0.03122169,0.99327767
circles,fixed_phase,256,461,0.92750722,0.01617859,0.98496522
circles,fixed_phase,256,462,0.92401817,0.02749421,0.99776838
circles,fixed_phase,256,463,0.92437148,0.1058546,1.0020049
circles,fixed_phase,256,464,0.92569453,0.0739218,0.99960165
circles,fixed_phase,256,465,0.92853527,0.03889745,1.00308322
circles,fixed_phase,256,466,0.91993376,0.07065582,1.00124377
circles,fixed_phase,256,467,0.93723378,0.01735616,1.02654303
circles,fixed_phase,256,468,0.92324851,0.06315992,0.99806126
circles,fixed_phase,256,469,0.91986996,0.06172857,0.98469929
circles,fixed_phase,256,470,0.93445743,0.02221811,1.01147773
circles,fixed_phase,256,471,0.91859961,0.02935449,1.01189571
circles,fixed_phase,256,472,0.92930242,0.03390893,0.98853197
circles,fixed_phase,256,473,0.91915226,0.03828958,1.00111334
circles,fixed_phase,256,474,0.9173793,0.04727316,1.01035836
circles,fixed_phase,256,475,0.9120905,0.00676074,1.01627692
circles,fixed_phase,256,476,0.92742464,0.07768085,0.99480643
circles,fixed_phase,256,477,0.91760349,0.01539235,1.00776306
circles,fixed_phase,256,478,0.92301481,0.06093453,1.00402687
circles,fixed_phase,256,479,0.93703973,0.01806101,0.9975566
circles,fixed_phase,256,480,0.92017158,0.01654186,1.00442661
circles,fixed_phase,256,481,0.91405216,0.04774509,0.99726829
circles,fixed_phase,256,482,0.91996039,0.03484726,1.00381411
circles,fixed_phase,256,483,0.92443219,0.02599482,0.99790141
circles,fixed_phase,256,484,0.92526015,0.00988598,0.99528369
circles,fixed_phase,256,485,0.91850787,0.03378803,1.02867402
circles,fixed_phase,256,486,0.92302567,0.03944274,1.00410874
circles,fixed_phase,256,487,0.92406897,0.04352204,0.98982438
circles,fixed_phase,256,488,0.92914972,0.13487851,1.00405157
circles,fixed_phase,256,489,0.91912732,0.04597149,1.02075722
circles,fixed_phase,256,490,0.92146386,0.03571708,1.03048899
circles,fixed_phase,256,491,0.92084635,0.04787769,1.00169536
circles,fixed_phase,256,492,0.92030391,0.00424511,1.01641399
circles,fixed_phase,256,493,0.91631875,0.01156498,1.00353241
circles,fixed_phase,256,494,0.92785442,0.05280849,1.00577122
circles,fixed_phase,256,495,0.92637678,0.02513567,0.98429197
circles,fixed_phase,256,496,0.91629964,0.05580344,1.01237907
circles,fixed_phase,256,497,0.91973244,0.0668262,1.0140641
circles,fixed_phase,256,498,0.93717039,0.08898322,0.98218127
circles,fixed_phase,256,499,0.92097059,0.03605956,0.99348193
circles,fixed_phase,256,500,0.91333358,0.07889712,1.00774876
circles,fixed_phase,256,501,0.93026152,0.05129994,1.0109048
circles,fixed_phase,256,502,0.92957061,0.06087844,1.03151109
circles,fixed_phase,256,503,0.92281756,0.03622658,1.01320251
circles,fixed_phase,256,504,0.91677823,0.01480415,1.01772062
circles,fixed_phase,256,505,0.91477605,0.07014194,0.98403145
circles,fixed_phase,256,506,0.92612488,0.02900483,1.01262598
circles,fixed_phase,256,507,0.91802731,0.06394317,1.0080414
circles,fixed_phase,256,508,0.91396156,0.01384893,1.01585843
circles,fixed_phase,256,509,0.91129439,0.06418597,0.97302486
circles,fixed_phase,256,510,0.92540467,0.01771109,0.99375147
circles,fixed_phase,256,511,0.91848212,0.00586468,1.01838377
circles,fixed_phase,256,512,0.91832831,0.03679419,0.98067184
circles,fixed_phase,256,513,0.93093002,0.0483673,1.00990886
circles,fixed_phase,256,514,0.9198838,0.0652586,1.0032699
circles,fixed_phase,256,515,0.92894249,0.01209962,1.01637075
circles,fixed_phase,256,516,0.91576358,0.03662255,1.01760838
circles,fixed_phase,256,517,0.91966179,0.03148012,0.9743893
circles,fixed_phase,256,518,0.91782011,0.0056682,0.96850635
circles,fixed_phase,256,519,0.9221574,0.03434037,0.98933368
circles,fixed_phase,256,520,0.91750585,0.11459339,1.0007733
circles,fixed_phase,256,521,0.90982486,0.01706838,0.99583016
circles,fixed_phase,256,522,0.92174458,0.00485545,0.98896398
circles,fixed_phase,256,523,0.91892043,0.02689032,1.03447608
circles,fixed_phase,256,524,0.92422521,0.01087447,1.03212185
circles,fixed_phase,256,525,0.91950396,0.06508339,0.99628847
circles,fixed_phase,256,526,0.91858873,0.03364613,1.01466378
circles,fixed_phase,256,527,0.92351462,0.04849775,0.99076846
circles,fixed_phase,256,528,0.92335608,0.00013884,1.00518065
circles,fixed_phase,256,529,0.91597661,0.01286709,1.00839213
circles,fixed_phase,256,530,0.93027173,0.01317642,0.96910337
circles,fixed_phase,256,531,0.92583765,0.03829484,1.03661345
circles,fixed_phase,256,532,0.92602792,0.05215123,1.00798032
circles,fixed_phase,256,533,0.9158524,0.005728,0.99242892
circles,fixed_phase,256,534,0.92306075,0.01741671,1.00555832
circles,fixed_phase,256,535,0.92588418,0.08443293,0.99702966
circles,fixed_phase,256,536,0.92176296,0.08717051,0.9825368
circles,fixed_phase,256,537,0.92130426,0.02418714,0.98834239
circles,fixed_phase,256,538,0.92271385,0.13078853,0.99138484
circles,fixed_phase,256,539,0.91965679,0.01507356,0.9924212
circles,fixed_phase,256,540,0.92049253,0.04457361,0.9920136
circles,fixed_phase,256,541,0.93343922,0.06056985,1.00596763
circles,fixed_phase,256,542,0.92647897,0.03575511,0.9855753
circles,fixed_phase,256,543,0.92404161,0.07770684,0.990502
circles,fixed_phase,256,544,0.92908982,0.02103395,1.00626498
circles,fixed_phase,256,545,0.92840686,0.05977063,0.9985605
circles,fixed_phase,256,546,0.92219126,0.08724712,1.01211221
circles,fixed_phase,256,547,0.92571208,0.01365516,1.00883417
circles,fixed_phase,256,548,0.91298429,0.06544022,1.01129441
circles,fixed_phase,256,549,0.92773996,0.04105734,1.04579013
circles,fixed_phase,256,550,0.92098346,0.05952909,0.99377556
circles,fixed_phase,256,551,0.92673731,0.02835439,1.03975484
circles,fixed_phase,256,552,0.91929395,0.04968534,1.01184596
circles,fixed_phase,256,553,0.92230584,0.0555424,1.02008925
circles,fixed_phase,256,554,0.92328544,0.01603268,1.00457596
circles,fixed_phase,256,555,0.92415724,0.03698464,0.99334611
circles,fixed_phase,256,556,0.91668786,0.0368317,1.00361522
circles,fixed_phase,256,557,0.91943943,0.03216115,0.99393804
circles,fixed_phase,256,558,0.90819557,0.07862656,1.00478313
circles,fixed_phase,256,559,0.92296257,0.0743809,0.99985966
circles,fixed_phase,256,560,0.93117769,0.06189762,1.01016036
circles,fixed_phase,256,561,0.92589697,0.02655757,0.99438911
circles,fixed_phase,256,562,0.92833721,0.06887818,0.9594555
circles,fixed_phase,256,563,0.93122199,0.03926451,0.99469775
circles,fixed_phase,256,564,0.92414501,0.06711433,0.98339758
circles,fixed_phase,256,565,0.93439292,0.02238345,0.99148052
circles,fixed_phase,256,566,0.91754737,0.04373503,0.9988539
circles,fixed_phase,256,567,0.9145812,0.07268949,0.99670044
circles,fixed_phase,256,568,0.91427822,0.07168071,1.0179031
circles,fixed_phase,256,569,0.92869966,0.02547398,1.00640346
circles,fixed_phase,256,570,0.91736098,0.05040702,0.99753014
circles,fixed_phase,256,571,0.91732359,0.04880344,1.01833453
circles,fixed_phase,256,572,0.91991492,0.0436,0.99555057
circles,fixed_phase,256,573,0.9186947,0.04922828,1.00243174
circles,fixed_phase,256,574,0.91840956,0.01329612,0.99989256
circles,fixed_phase,256,575,0.92326892,0.03755051,1.01631077
circles,fixed_phase,256,576,0.91790284,0.01166435,1.00579761
circles,fixed_phase,256,577,0.91956717,0.11070307,1.01147996
circles,fixed_phase,256,578,0.93200701,0.03434327,0.96679165
circles,fixed_phase,256,579,0.92683359,0.02675518,0.98494792
circles,fixed_phase,256,580,0.91685338,0.04022613,0.96807394
circles,fixed_phase,256,581,0.9215452,0.00239025,0.989738
circles,fixed_phase,256,582,0.91332691,0.01569586,0.98814352
circles,fixed_phase,256,583,0.91874988,0.09005687,1.01111436
circles,fixed_phase,256,584,0.91538827,0.03842536,0.97439016
circles,fixed_phase,256,585,0.9217856,0.07023215,0.96523102
circles,fixed_phase,256,586,0.91731208,0.06308895,1.00949402
circles,fixed_phase,256,587,0.92415368,0.01465249,1.01646896
circles,fixed_phase,256,588,0.91974843,0.01084519,0.99280906
circles,fixed_phase,256,589,0.92733769,0.07173585,0.97115053
circles,fixed_phase,256,590,0.91852616,0.00351841,1.01231194
circles,fixed_phase,256,591,0.9114226,0.03213328,0.98405483
circles,fixed_phase,256,592,0.91518662,0.07897182,0.97780201
circles,fixed_phase,256,593,0.92632325,0.05208836,0.99457172
circles,fixed_phase,256,594,0.92390922,0.02197961,0.99167
circles,fixed_phase,256,595,0.9318108,0.04498485,1.01859794
circles,fixed_phase,256,596,0.92640159,0.04315147,0.98497367
circles,fixed_phase,256,597,0.92265859,0.00096732,0.98937577
circles,fixed_phase,256,598,0.92022968,0.01773646,0.99136217
circles,fixed_phase,256,599,0.92178603,0.05110499,0.98813761
circles,fixed_phase,256,600,0.92919774,0.08814183,0.99411244
circles,fixed_phase,256,601,0.90719375,0.01199881,0.97645524
circles,fixed_phase,256,602,0.91918015,0.01716798,1.00645249
circles,fixed_phase,256,603,0.92316852,0.03473832,0.99849765
circles,fixed_phase,256,604,0.92011612,0.0779637,1.00695681
circles,fixed_phase,256,605,0.92078031,0.10917825,1.02409972
circles,fixed_phase,256,606,0.90523011,0.00317775,0.9988996
circles,fixed_phase,256,607,0.925249,0.0290378,0.97729001
circles,fixed_phase,256,608,0.92068671,0.00780051,1.01134895
circles,fixed_phase,256,609,0.92043019,0.00988973,1.0090219
circles,fixed_phase,256,610,0.92946288,0.02787325,0.9838579
circles,fixed_phase,256,611,0.9309264,0.07140891,0.99443419
circles,fixed_phase,256,612,0.92668803,0.14013025,1.00517292
circles,fixed_phase,256,613,0.93075305,0.01333842,1.01539856
circles,fixed_phase,256,614,0.91734274,0.00599118,1.02873441
circles,fixed_phase,256,615,0.91085277,0.00673495,0.98495131
circles,fixed_phase,256,616,0.9206411,0.06704401,1.00492436
circles,fixed_phase,256,617,0.91382152,0.07767415,0.97296926
circles,fixed_phase,256,618,0.9182452,0.00948364,0.97144912
circles,fixed_phase,256,619,0.91540326,0.03917106,1.00643826
circles,fixed_phase,256,620,0.92390855,0.03054692,1.01448782
circles,fixed_phase,256,621,0.91731049,0.03593398,1.03349395
circles,fixed_phase,256,622,0.92782609,0.00430404,0.99504772
circles,fixed_phase,256,623,0.91232797,0.07263413,0.97745135
circles,fixed_phase,256,624,0.91803896,0.01256893,1.01207623
circles,fixed_phase,256,625,0.90971749,0.02896097,1.01362784
circles,fixed_phase,256,626,0.91735882,0.07070986,0.99437887
circles,fixed_phase,256,627,0.92428755,0.01655644,0.98809836
circles,fixed_phase,256,628,0.93083774,0.06686121,1.02392441
circles,fixed_phase,256,629,0.92661787,0.04546911,0.9813863
circles,fixed_phase,256,630,0.92781682,0.0006098,0.97435452
circles,fixed_phase,256,631,0.9221919,0.06779804,1.021855
circles,fixed_phase,256,632,0.92587369,0.00204324,1.0022201
circles,fixed_phase,256,633,0.92313908,0.03554726,0.99384355
circles,fixed_phase,256,634,0.92367535,0.0291418,0.9837564
circles,fixed_phase,256,635,0.91479234,0.00405143,1.00218718
circles,fixed_phase,256,636,0.93072828,0.03928428,0.99179783
circles,fixed_phase,256,637,0.91864338,0.03610007,1.00615589
circles,fixed_phase,256,638,0.91999488,0.01227972,0.99197933
circles,fixed_phase,256,639,0.92114199,0.08277855,0.97074072
circles,fixed_phase,256,640,0.91965513,0.00521997,1.00663722
circles,fixed_phase,256,641,0.92669499,0.04717393,1.00824736
circles,fixed_phase,256,642,0.92018443,0.04262039,0.99433837
circles,fixed_phase,256,643,0.92766077,0.0369862,1.00444919
circles,fixed_phase,256,644,0.92521728,0.02372364,1.01251338
circles,fixed_phase,256,645,0.91647015,0.02178707,1.01914531
circles,fixed_phase,256,646,0.92044696,0.08318237,0.99237579
circles,fixed_phase,256,647,0.91886374,0.09842112,1.03777591
circles,fixed_phase,256,648,0.92056432,0.04604932,1.01115089
circles,fixed_phase,256,649,0.92991484,0.02487499,0.98487078
circles,fixed_phase,256,650,0.92158079,0.02881625,0.9883491
circles,fixed_phase,256,651,0.92703295,0.0621256,1.00081282
circles,fixed_phase,256,652,0.91316447,0.0028633,1.00542218
circles,fixed_phase,256,653,0.92650763,0.05701037,0.99839626
circles,fixed_phase,256,654,0.92445111,0.02194482,1.00482221
circles,fixed_phase,256,655,0.91690295,0.05183063,1.01663524
circles,fixed_phase,256,656,0.92192604,0.08100755,0.98960274
circles,fixed_phase,256,657,0.92089031,0.05469214,0.97223553
circles,fixed_phase,256,658,0.91485543,0.00260373,1.05593724
circles,fixed_phase,256,659,0.92417104,0.0001955,0.97025842
circles,fixed_phase,256,660,0.91998825,0.02932272,0.98447864
circles,fixed_phase,256,661,0.91299641,0.02352867,1.010771
circles,fixed_phase,256,662,0.92658592,0.05264881,0.98681803
circles,fixed_phase,256,663,0.92575735,0.00108805,0.98091363
circles,fixed_phase,256,664,0.92149375,0.0597427,1.02918691
circles,fixed_phase,256,665,0.91801747,0.03476741,0.99604079
circles,fixed_phase,256,666,0.92623046,0.02191047,0.97720308
circles,fixed_phase,256,667,0.92859561,0.04366902,1.00346052
circles,fixed_phase,256,668,0.91486596,0.04321267,0.98331335
circles,fixed_phase,256,669,0.90400111,0.0668687,0.98895517
circles,fixed_phase,256,670,0.92558699,0.01470903,1.01854483
circles,fixed_phase,256,671,0.91979722,0.0105582,1.00806499
circles,fixed_phase,256,672,0.92051615,0.04517402,1.00377955
circles,fixed_phase,256,673,0.91036546,0.04895685,0.98270952
circles,fixed_phase,256,674,0.91297646,0.02561704,0.97658335
circles,fixed_phase,256,675,0.91439346,0.00728131,1.02446842
circles,fixed_phase,256,676,0.91991948,0.07428024,0.98038795
circles,fixed_phase,256,677,0.92410685,0.01742262,0.99587489
circles,fixed_phase,256,678,0.91422245,0.01584721,1.0190217
circles,fixed_phase,256,679,0.92582124,0.00949225,1.01565244
circles,fixed_phase,256,680,0.92774639,0.11788799,1.01065554
circles,fixed_phase,256,681,0.92057114,0.05641485,1.02679908
circles,fixed_phase,256,682,0.92935951,0.03360983,1.0134152
circles,fixed_phase,256,683,0.92537951,0.08628847,1.01982047
circles,fixed_phase,256,684,0.9090321,0.04364388,1.02245647
circles,fixed_phase,256,685,0.91227241,0.04252414,1.01228666
circles,fixed_phase,256,686,0.91387662,0.03125078,0.99232856
circles,fixed_phase,256,687,0.92595376,0.00851755,1.01679038
circles,fixed_phase,256,688,0.92241435,0.0297298,0.98858463
circles,fixed_phase,256,689,0.92739458,0.00037677,0.9978867
circles,fixed_phase,256,690,0.92598007,0.05957362,1.01707866
circles,fixed_phase,256,691,0.90957065,0.04244717,0.98740679
circles,fixed_phase,256,692,0.93016987,0.05001607,1.00679986
circles,fixed_phase,256,693,0.91901073,0.00668381,0.99536619
circles,fixed_phase,256,694,0.92611409,0.02738834,1.0314695
circles,fixed_phase,256,695,0.92964594,0.0790723,1.00983126
circles,fixed_phase,256,696,0.91989596,0.09958391,1.00398104
circles,fixed_phase,256,697,0.93540906,0.0204321,1.02078947
circles,fixed_phase,256,698,0.93359557,0.03791819,0.98988742
circles,fixed_phase,256,699,0.90888431,0.04109025,0.99576342
circles,fixed_phase,256,700,0.91833542,0.06566051,0.98455093
circles,fixed_phase,256,701,0.91287952,0.0245642,1.0157313
circles,fixed_phase,256,702,0.91815876,0.05150158,0.97851089
circles,fixed_phase,256,703,0.91112837,0.03434298,0.9845115
circles,fixed_phase,256,704,0.92206511,0.03982953,1.01152222
circles,fixed_phase,256,705,0.92269144,0.00417605,0.98170606
circles,fixed_phase,256,706,0.91459532,0.00703832,1.0121322
circles,fixed_phase,256,707,0.92195587,0.03140883,0.97523164
circles,fixed_phase,256,708,0.91775333,0.05359609,0.96373994
circles,fixed_phase,256,709,0.90773478,0.06044698,1.00398527
circles,fixed_phase,256,710,0.93461837,0.03865447,1.01042165
circles,fixed_phase,256,711,0.91968129,0.02496232,0.99977771
circles,fixed_phase,256,712,0.91594366,0.05064626,0.99427247
circles,fixed_phase,256,713,0.9128314,0.02384784,0.99869411
circles,fixed_phase,256,714,0.91412042,0.01209864,0.99114568
circles,fixed_phase,256,715,0.92487447,0.04747025,1.00067247
circles,fixed_phase,256,716,0.92107834,0.01209788,1.00615747
circles,fixed_phase,256,717,0.92868799,0.09706395,0.98897171
circles,fixed_phase,256,718,0.92513857,0.01255075,0.9970584
circles,fixed_phase,256,719,0.92357243,0.02169174,0.9960354
circles,fixed_phase,256,720,0.9248153,0.00437479,0.97916352
circles,fixed_phase,256,721,0.92941716,0.02397214,1.01139872
circles,fixed_phase,256,722,0.91616222,0.05076235,1.01656179
circles,fixed_phase,256,723,0.92779178,0.05689125,1.00011493
circles,fixed_phase,256,724,0.91328557,0.0361717,1.0090512
circles,fixed_phase,256,725,0.9208985,0.04119069,0.98151028
circles,fixed_phase,256,726,0.92610571,0.06236516,1.00272232
circles,fixed_phase,256,727,0.91051705,0.1131754,1.01863407
circles,fixed_phase,256,728,0.91912978,0.08009965,1.00504266
circles,fixed_phase,256,729,0.92683464,0.04201941,0.97739359
circles,fixed_phase,256,730,0.91043623,0.02155672,1.01650576
circles,fixed_phase,256,731,0.91577248,0.01897727,1.02501712
circles,fixed_phase,256,732,0.92562496,0.03700086,0.99875656
circles,fixed_phase,256,733,0.92138996,0.0037811,0.97448448
circles,fixed_phase,256,734,0.91634235,0.02351468,0.97830648
circles,fixed_phase,256,735,0.92147369,0.12872558,0.99150179
circles,fixed_phase,256,736,0.91791069,0.02180374,1.00918647
circles,fixed_phase,256,737,0.92274484,0.00922151,1.00708765
circles,fixed_phase,256,738,0.92577227,0.01243035,0.97567743
circles,fixed_phase,256,739,0.9258864,0.01168984,1.01797818
circles,fixed_phase,256,740,0.92911111,0.02378075,1.01123559
circles,fixed_phase,256,741,0.91957672,0.04345259,0.96617724
circles,fixed_phase,256,742,0.91239444,0.04731891,0.99842775
circles,fixed_phase,256,743,0.92653593,0.02186727,1.03567367
circles,fixed_phase,256,744,0.92372046,0.05135824,0.98917799
circles,fixed_phase,256,745,0.92325395,0.00511741,0.98771581
circles,fixed_phase,256,746,0.91238276,0.00964006,0.98995856
circles,fixed_phase,256,747,0.92867878,0.10232879,0.99114359
circles,fixed_phase,256,748,0.92091985,0.03477013,1.00970661
circles,fixed_phase,256,749,0.92584325,0.00825267,0.98859662
circles,fixed_phase,256,750,0.92708103,0.02672273,1.00157267
circles,fixed_phase,256,751,0.91726039,0.12711838,1.02423228
circles,fixed_phase,256,752,0.92231661,0.03440179,0.98531355
circles,fixed_phase,256,753,0.92188907,0.00550886,0.97885841
circles,fixed_phase,256,754,0.9389193,0.0244572,1.01068856
circles,fixed_phase,256,755,0.92281943,0.01125047,0.98011844
circles,fixed_phase,256,756,0.92248317,0.02589462,0.9891839
circles,fixed_phase,256,757,0.93035389,0.02941884,1.00972789
circles,fixed_phase,256,758,0.92716445,0.01111235,0.99306676
circles,fixed_phase,256,759,0.92417027,0.09686142,0.99668819
circles,fixed_phase,256,760,0.91983896,0.06070733,0.99563299
circles,fixed_phase,256,761,0.93363436,0.02836382,1.0149012
circles,fixed_phase,256,762,0.92230442,0.05055719,0.98433596
circles,fixed_phase,256,763,0.92241618,0.04910822,0.98336417
circles,fixed_phase,256,764,0.92124873,0.01340824,0.98142415
circles,fixed_phase,256,765,0.91442818,0.06053858,0.9958841
circles,fixed_phase,256,766,0.91672872,0.02384494,0.99578451
circles,fixed_phase,256,767,0.92354136,0.04571668,1.01643033
circles,fixed_phase,256,768,0.93085791,0.06039776,0.99789262
circles,fixed_phase,256,769,0.92382411,0.03372215,0.98667981
circles,fixed_phase,256,770,0.92759574,0.03144691,1.01590832
circles,fixed_phase,256,771,0.91296753,0.01234146,1.01452182
circles,fixed_phase,256,772,0.91693283,0.01617591,0.99507871
circles,fixed_phase,256,773,0.91955419,0.0107294,1.02207138
circles,fixed_phase,256,774,0.92395623,0.05552251,0.9927055
circles,fixed_phase,256,775,0.9249145,0.06347615,1.01351944
circles,fixed_phase,256,776,0.91458788,0.02002252,1.00018594
circles,fixed_phase,256,777,0.91749099,0.02534536,0.99940421
circles,fixed_phase,256,778,0.93195565,0.03672318,1.00422883
circles,fixed_phase,256,779,0.927708,0.00636699,1.03677927
circles,fixed_phase,256,780,0.92264089,0.03285439,0.98174975
circles,fixed_phase,256,781,0.91887733,0.02359648,0.98420125
circles,fixed_phase,256,782,0.92528742,0.11214914,0.96765029
circles,fixed_phase,256,783,0.92858332,0.01028361,0.99627192
circles,fixed_phase,256,784,0.92299088,0.07419954,1.00095972
circles,fixed_phase,256,785,0.93106654,0.03279367,0.9912403
circles,fixed_phase,256,786,0.91661281,0.09974172,0.98737033
circles,fixed_phase,256,787,0.91343762,0.04780782,0.98351374
circles,fixed_phase,256,788,0.92106673,0.0203732,0.99258411
circles,fixed_phase,256,789,0.92992333,0.01808737,1.00982186
circles,fixed_phase,256,790,0.92251142,0.07870926,0.98120379
circles,fixed_phase,256,791,0.91884868,0.07001188,1.00406591
circles,fixed_phase,256,792,0.91866456,0.0109123,0.99104426
circles,fixed_phase,256,793,0.92440087,0.04749203,0.98254179
circles,fixed_phase,256,794,0.91511362,0.02802839,0.98440195
circles,fixed_phase,256,795,0.9186541,0.03843977,0.9838049
circles,fixed_phase,256,796,0.9148967,0.03891584,0.99031633
circles,fixed_phase,256,797,0.93587512,0.0737114,1.01019104
circles,fixed_phase,256,798,0.91508916,0.05572263,1.02776972
circles,fixed_phase,256,799,0.92481094,0.00176742,1.01623698
circles,fixed_phase,256,800,0.91619199,0.0323905,1.01137556
circles,fixed_phase,256,801,0.91692409,0.06886659,0.98768729
circles,fixed_phase,256,802,0.91452804,0.03363294,1.00078317
circles,fixed_phase,256,803,0.92577032,0.00231886,0.97977166
circles,fixed_phase,256,804,0.92284812,0.07498603,0.99544853
circles,fixed_phase,256,805,0.91190108,0.01838096,0.99337866
circles,fixed_phase,256,806,0.91565358,0.02773615,0.99006075
circles,fixed_phase,256,807,0.93094263,0.0691742,0.99824849
circles,fixed_phase,256,808,0.91898263,0.00034354,0.99663461
circles,fixed_phase,256,809,0.9225755,0.02788932,0.98094682
circles,fixed_phase,256,810,0.91750589,0.04800614,0.97931179
circles,fixed_phase,256,811,0.91961169,0.01881591,0.98304696
circles,fixed_phase,256,812,0.9238481,0.0507168,0.99683884
circles,fixed_phase,256,813,0.91950914,0.00366207,0.99020039
circles,fixed_phase,256,814,0.91788589,0.01171453,1.01354665
circles,fixed_phase,256,815,0.92813898,0.0096825,1.01607842
circles,fixed_phase,256,816,0.92913335,0.03483407,0.97989504
circles,fixed_phase,256,817,0.91461549,0.05953384,0.98162889
circles,fixed_phase,256,818,0.92231211,0.07898343,1.00569899
circles,fixed_phase,256,819,0.91591361,0.07251158,0.99125811
circles,fixed_phase,256,820,0.91753924,0.02483325,1.00985516
circles,fixed_phase,256,821,0.92732442,0.04365481,1.05166609
circles,fixed_phase,256,822,0.91942705,0.06932881,1.00401994
circles,fixed_phase,256,823,0.9219926,0.09546667,0.9747577
circles,fixed_phase,256,824,0.92668577,0.08411444,1.00736771
circles,fixed_phase,256,825,0.91640772,0.04208689,1.00536219
circles,fixed_phase,256,826,0.9187617,0.03402646,0.98238407
circles,fixed_phase,256,827,0.90809081,0.01143657,1.01407369
circles,fixed_phase,256,828,0.92288821,0.09149164,1.01866038
circles,fixed_phase,256,829,0.91172621,0.1119361,0.99857922
circles,fixed_phase,256,830,0.91989364,0.0850887,1.00267268
circles,fixed_phase,256,831,0.92150139,0.01264333,0.9932246
circles,fixed_phase,256,832,0.9191879,0.01272362,0.99690474
circles,fixed_phase,256,833,0.92653609,0.0284312,0.9829709
circles,fixed_phase,256,834,0.92883862,0.01948069,0.97838839
circles,fixed_phase,256,835,0.92521707,0.03281321,0.99539571
circles,fixed_phase,256,836,0.9195085,0.04053394,0.98316375
circles,fixed_phase,256,837,0.93064908,0.01356994,1.00680489
circles,fixed_phase,256,838,0.91735916,0.02474946,1.021975
circles,fixed_phase,256,839,0.91839956,0.04374988,0.99408055
circles,fixed_phase,256,840,0.91289862,0.0055656,0.98599961
circles,fixed_phase,256,841,0.92146654,0.07076648,1.01392907
circles,fixed_phase,256,842,0.92353531,0.08171841,1.00303429
circles,fixed_phase,256,843,0.92471195,0.0903394,1.02653445
circles,fixed_phase,256,844,0.90884954,0.00271003,0.99497058
circles,fixed_phase,256,845,0.92913252,0.03570145,0.99085872
circles,fixed_phase,256,846,0.9238161,0.04706943,1.03093665
circles,fixed_phase,256,847,0.91066761,0.02351674,1.00365971
circles,fixed_phase,256,848,0.91769764,0.03566246,0.99306192
circles,fixed_phase,256,849,0.90502764,0.03987927,1.01162027
circles,fixed_phase,256,850,0.92040532,0.00402843,1.01649031
circles,fixed_phase,256,851,0.92641901,0.08577813,0.96714115
circles,fixed_phase,256,852,0.92243093,0.05144831,0.97467855
circles,fixed_phase,256,853,0.92072496,0.09646657,0.99964503
circles,fixed_phase,256,854,0.93136072,0.02296859,0.99410557
circles,fixed_phase,256,855,0.92538451,0.06689224,0.99143414
circles,fixed_phase,256,856,0.91761423,0.05707592,0.98828251
circles,fixed_phase,256,857,0.92368331,0.05349989,1.00793868
circles,fixed_phase,256,858,0.9125534,0.04346258,1.01392738
circles,fixed_phase,256,859,0.91729507,0.06147183,1.00625032
circles,fixed_phase,256,860,0.92477022,0.0262339,1.0084754
circles,fixed_phase,256,861,0.9184533,0.00386812,0.98710808
circles,fixed_phase,256,862,0.92198268,0.03066411,0.98385201
circles,fixed_phase,256,863,0.91619224,0.04582308,0.98053618
circles,fixed_phase,256,864,0.92457258,0.03073687,1.03030203
circles,fixed_phase,256,865,0.93043137,0.0082681,0.99598063
circles,fixed_phase,256,866,0.9241236,0.01742442,0.99853311
circles,fixed_phase,256,867,0.91762049,0.02628622,0.9889158
circles,fixed_phase,256,868,0.91244995,0.01988779,0.99983052
circles,fixed_phase,256,869,0.92261225,0.02526859,1.01626541
circles,fixed_phase,256,870,0.91922254,0.00482764,1.02077034
circles,fixed_phase,256,871,0.9153111,0.01362351,1.00534519
circles,fixed_phase,256,872,0.92045983,0.00689371,1.00745885
circles,fixed_phase,256,873,0.9177599,0.0241362,1.0114694
circles,fixed_phase,256,874,0.92203245,0.01163442,0.97254494
circles,fixed_phase,256,875,0.90737209,0.05735328,0.99802055
circles,fixed_phase,256,876,0.91502679,0.03361127,0.9999686
circles,fixed_phase,256,877,0.91926808,0.02549964,1.03690053
circles,fixed_phase,256,878,0.9162456,0.02947746,0.98627175
circles,fixed_phase,256,879,0.91975621,0.09057104,0.99568238
circles,fixed_phase,256,880,0.92245723,0.03729839,1.01857921
circles,fixed_phase,256,881,0.9243499,0.01470981,0.98027996
circles,fixed_phase,256,882,0.92457009,0.02816084,1.00891606
circles,fixed_phase,256,883,0.91357309,0.01197186,0.99419058
circles,fixed_phase,256,884,0.92237415,0.03631265,1.00489042
circles,fixed_phase,256,885,0.91611207,0.05270743,0.95068079
circles,fixed_phase,256,886,0.91814718,0.00177458,1.02597518
circles,fixed_phase,256,887,0.92060427,0.02267876,1.00703626
circles,fixed_phase,256,888,0.911204,0.01495045,1.00635512
circles,fixed_phase,256,889,0.93334963,0.05395714,0.99165244
circles,fixed_phase,256,890,0.9195079,0.05983127,1.00719648
circles,fixed_phase,256,891,0.91377077,0.01731583,1.00943327
circles,fixed_phase,256,892,0.91728146,0.05778065,1.02686209
circles,fixed_phase,256,893,0.91253256,0.06416146,0.99795991
circles,fixed_phase,256,894,0.91525248,0.03403733,0.97171656
circles,fixed_phase,256,895,0.91843322,0.00845507,0.97218004
circles,fixed_phase,256,896,0.92648777,0.00756109,1.01505636
circles,fixed_phase,256,897,0.918281,0.09903189,1.01043865
circles,fixed_phase,256,898,0.92134034,0.04684527,1.0081031
circles,fixed_phase,256,899,0.91598706,0.02627333,0.96036114
circles,fixed_phase,256,900,0.91818067,0.09301524,0.97110689
circles,fixed_phase,256,901,0.9200399,0.03409187,1.01501122
circles,fixed_phase,256,902,0.91872878,0.04584976,0.99516311
circles,fixed_phase,256,903,0.91758076,0.04618197,1.03577055
circles,fixed_phase,256,904,0.91977938,0.02652398,0.97625322
circles,fixed_phase,256,905,0.91705669,0.0351311,0.98527884
circles,fixed_phase,256,906,0.91347476,0.00338136,1.00065051
circles,fixed_phase,256,907,0.91579605,0.00543156,1.00604943
circles,fixed_phase,256,908,0.92489302,0.06668902,1.02343971
circles,fixed_phase,256,909,0.92881263,0.01086382,1.00980179
circles,fixed_phase,256,910,0.91887277,0.00571911,0.98324308
circles,fixed_phase,256,911,0.91239468,0.07773695,0.99325669
circles,fixed_phase,256,912,0.93022006,0.00703078,0.9623366
circles,fixed_phase,256,913,0.92670059,0.05918492,1.00351162
circles,fixed_phase,256,914,0.93012187,0.02377079,1.01382516
circles,fixed_phase,256,915,0.91795686,0.02307697,0.99485656
circles,fixed_phase,256,916,0.91726012,0.0069124,1.00913353
circles,fixed_phase,256,917,0.91957331,0.03901324,1.00227136
circles,fixed_phase,256,918,0.92295414,0.04207639,1.00463409
circles,fixed_phase,256,919,0.91607821,0.00195135,0.98102556
circles,fixed_phase,256,920,0.9118258,0.04893351,0.9682731
circles,fixed_phase,256,921,0.91892859,0.04323714,0.99659103
circles,fixed_phase,256,922,0.92152831,0.03492599,0.99486861
circles,fixed_phase,256,923,0.92413081,0.00542579,0.99998891
circles,fixed_phase,256,924,0.92159728,0.0355637,1.01759893
circles,fixed_phase,256,925,0.91790554,0.06813719,1.02053852
circles,fixed_phase,256,926,0.92508405,0.01361313,0.99324129
circles,fixed_phase,256,927,0.9215743,0.04150335,1.01641373
circles,fixed_phase,256,928,0.9305473,0.01606853,0.9978226
circles,fixed_phase,256,929,0.91264919,0.00941938,0.99907946
circles,fixed_phase,256,930,0.92200731,0.07699035,0.99446425
circles,fixed_phase,256,931,0.91931113,0.06401336,1.01164418
circles,fixed_phase,256,932,0.91970014,0.05794205,0.9936646
circles,fixed_phase,256,933,0.92188789,0.01935741,1.00260295
circles,fixed_phase,256,934,0.92651628,0.05006941,0.97614631
circles,fixed_phase,256,935,0.91975711,0.02510201,0.96057513
circles,fixed_phase,256,936,0.92412222,0.07629334,1.00096191
circles,fixed_phase,256,937,0.9321359,0.01140348,0.99219407
circles,fixed_phase,256,938,0.93179153,0.07514795,1.02460654
circles,fixed_phase,256,939,0.91505804,0.0243385,1.00001152
circles,fixed_phase,256,940,0.917537,0.03032095,1.01284902
circles,fixed_phase,256,941,0.91868171,0.01134734,0.99554054
circles,fixed_phase,256,942,0.91786883,0.02017652,1.0007878
circles,fixed_phase,256,943,0.92051465,0.02750338,0.99985463
circles,fixed_phase,256,944,0.91966702,0.01890825,1.01748471
circles,fixed_phase,256,945,0.92304079,0.04101645,1.00797081
circles,fixed_phase,256,946,0.92953324,0.06650467,1.00462615
circles,fixed_phase,256,947,0.91959921,0.08195137,0.9898579
circles,fixed_phase,256,948,0.92806976,0.00960404,1.01693369
circles,fixed_phase,256,949,0.91663462,0.01709117,0.99406789
circles,fixed_phase,256,950,0.91521753,0.00616184,1.001357
circles,fixed_phase,256,951,0.92503602,0.00323583,0.97972293
circles,fixed_phase,256,952,0.92474598,0.02822971,0.99730317
circles,fixed_phase,256,953,0.91590102,0.09507121,0.99786766
circles,fixed_phase,256,954,0.92132505,0.03524271,1.01878214
circles,fixed_phase,256,955,0.92544923,0.02838823,1.01252827
circles,fixed_phase,256,956,0.91544269,0.03956103,0.99966038
circles,fixed_phase,256,957,0.91382856,0.07234539,0.98885527
circles,fixed_phase,256,958,0.92437861,0.03147646,1.02432043
circles,fixed_phase,256,959,0.92691314,0.00143331,0.96291672
circles,fixed_phase,256,960,0.92615408,0.03020549,1.01380397
circles,fixed_phase,256,961,0.91301663,0.03974238,0.98923231
circles,fixed_phase,256,962,0.92464401,0.03969673,1.00026229
circles,fixed_phase,256,963,0.9213728,0.00844121,1.01289303
circles,fixed_phase,256,964,0.92160479,0.09704938,1.00872512
circles,fixed_phase,256,965,0.92729302,0.03579182,0.9999188
circles,fixed_phase,256,966,0.92627928,0.04183877,0.97424997
circles,fixed_phase,256,967,0.92180316,0.00145453,0.96952517
circles,fixed_phase,256,968,0.91674725,0.01952596,1.0010768
circles,fixed_phase,256,969,0.921749,0.03930438,1.00818568
circles,fixed_phase,256,970,0.92414487,0.02918851,0.97929645
circles,fixed_phase,256,971,0.91378529,0.01406922,0.99275053
circles,fixed_phase,256,972,0.92111945,0.02777644,1.02534281
circles,fixed_phase,256,973,0.9183625,0.08106596,0.99509438
circles,fixed_phase,256,974,0.92458627,0.01603413,0.99671988
circles,fixed_phase,256,975,0.9198646,0.14222557,0.98777654
circles,fixed_phase,256,976,0.91784715,0.03107158,1.00400826
circles,fixed_phase,256,977,0.93401178,0.01880542,1.00675852
circles,fixed_phase,256,978,0.91438271,0.07326615,1.00617408
circles,fixed_phase,256,979,0.91822892,0.0548097,1.01897064
circles,fixed_phase,256,980,0.91036968,0.02690264,0.99245148
circles,fixed_phase,256,981,0.92514239,0.07335705,1.02014272
circles,fixed_phase,256,982,0.91802242,0.02507444,1.01134473
circles,fixed_phase,256,983,0.92750486,0.0322391,1.01648824
circles,fixed_phase,256,984,0.92001574,0.09114872,1.00145594
circles,fixed_phase,256,985,0.93092843,0.00354358,0.9996563
circles,fixed_phase,256,986,0.92488605,0.05763012,0.99955048
circles,fixed_phase,256,987,0.92137413,0.05789928,0.99842278
circles,fixed_phase,256,988,0.92843035,0.05505179,1.012796
circles,fixed_phase,256,989,0.91722574,0.04643643,0.99783684
circles,fixed_phase,256,990,0.92372317,0.01567961,1.00563535
circles,fixed_phase,256,991,0.92214579,0.03629769,0.98483739
circles,fixed_phase,256,992,0.91834662,0.04563757,0.98755647
circles,fixed_phase,256,993,0.91101961,0.02173906,1.00045816
circles,fixed_phase,256,994,0.91851851,0.01806883,1.02003067
circles,fixed_phase,256,995,0.92309231,0.00950113,1.00080775
circles,fixed_phase,256,996,0.92680695,0.11021482,0.99953689
circles,fixed_phase,256,997,0.92013724,0.00065212,0.99401929
circles,fixed_phase,256,998,0.92682864,0.03984243,0.99807379
circles,fixed_phase,256,999,0.91827073,0.01172523,1.01879451
circles,fixed_phase,512,0,0.91533764,0.01591556,1.0229574
circles,fixed_phase,512,1,0.92686288,0.05174545,0.98270334
circles,fixed_phase,512,2,0.92290883,0.12136553,1.00941554
circles,fixed_phase,512,3,0.92709046,0.01074526,1.00804023
circles,fixed_phase,512,4,0.91794859,0.00255217,0.98399497
circles,fixed_phase,512,5,0.91886028,0.05759645,0.99196942
circles,fixed_phase,512,6,0.92790855,0.03594679,1.00625406
circles,fixed_phase,512,7,0.91562753,0.07191507,0.99214025
circles,fixed_phase,512,8,0.92309394,0.02015517,1.02107818
circles,fixed_phase,512,9,0.9246681,0.00266554,0.99831943
circles,fixed_phase,512,10,0.92020062,0.03387344,1.00517553
circles,fixed_phase,512,11,0.92668001,0.00345482,0.99064775
circles,fixed_phase,512,12,0.92559364,0.02094857,0.98098513
circles,fixed_phase,512,13,0.91733538,0.018654,0.99889965
circles,fixed_phase,512,14,0.91804998,0.07496179,0.9803573
circles,fixed_phase,512,15,0.91464835,0.01834353,1.00761043
circles,fixed_phase,512,16,0.92534648,0.1444648,0.99975868
circles,fixed_phase,512,17,0.91357275,0.03791212,1.03037311
circles,fixed_phase,512,18,0.92312902,0.07157596,0.99652926
circles,fixed_phase,512,19,0.92817133,0.01670633,1.00837891
circles,fixed_phase,512,20,0.92106405,0.06185933,0.99588412
circles,fixed_phase,512,21,0.92563339,0.00441694,0.98151055
circles,fixed_phase,512,22,0.93297197,0.06875163,1.01850884
circles,fixed_phase,512,23,0.91743364,0.03130438,0.99434894
circles,fixed_phase,512,24,0.93157965,0.04214964,1.00644581
circles,fixed_phase,512,25,0.91548045,0.04765458,1.01950236
circles,fixed_phase,512,26,0.92875034,0.04095603,1.00007584
circles,fixed_phase,512,27,0.91681848,0.07117225,1.00333838
circles,fixed_phase,512,28,0.92232761,0.09798771,1.03114824
circles,fixed_phase,512,29,0.91481659,0.16532517,1.01321982
circles,fixed_phase,512,30,0.92567735,0.04872812,0.99162584
circles,fixed_phase,512,31,0.91980059,0.01911536,0.998385
circles,fixed_phase,512,32,0.91981926,0.08340226,1.0021607
circles,fixed_phase,512,33,0.92275448,0.03438414,1.00570362
circles,fixed_phase,512,34,0.93309234,0.02407079,1.00823744
circles,fixed_phase,512,35,0.93605659,0.0277661,0.99273115
circles,fixed_phase,512,36,0.92560056,0.14840592,1.01256925
circles,fixed_phase,512,37,0.91882487,0.04768666,1.00790855
circles,fixed_phase,512,38,0.92135575,0.00884207,0.99975009
circles,fixed_phase,512,39,0.9186177,0.02952365,1.00235914
circles,fixed_phase,512,40,0.90777283,0.02714108,1.00200022
circles,fixed_phase,512,41,0.92682484,0.05367808,1.01846431
circles,fixed_phase,512,42,0.90685319,0.01912839,1.01150763
circles,fixed_phase,512,43,0.91498246,0.01333998,1.008503
circles,fixed_phase,512,44,0.91698194,0.05143997,1.01587442
circles,fixed_phase,512,45,0.91301582,0.00160888,0.9902912
circles,fixed_phase,512,46,0.91586555,0.00661676,1.01244062
circles,fixed_phase,512,47,0.92522412,0.04495351,0.99512585
circles,fixed_phase,512,48,0.92593617,0.03630455,0.99849231
circles,fixed_phase,512,49,0.91471428,0.00282355,1.01738411
circles,fixed_phase,512,50,0.92224833,0.02228415,0.99916877
circles,fixed_phase,512,51,0.92845415,0.01952304,1.00692263
circles,fixed_phase,512,52,0.9172454,0.0289986,1.01656236
circles,fixed_phase,512,53,0.91628144,0.09181692,0.98491416
circles,fixed_phase,512,54,0.92913089,0.03806867,0.98061396
circles,fixed_phase,512,55,0.92139413,0.00717637,1.01191561
circles,fixed_phase,512,56,0.91976242,0.05744209,1.03460824
circles,fixed_phase,512,57,0.92511175,0.0290112,0.97835712
circles,fixed_phase,512,58,0.92501008,0.01790261,1.00047142
circles,fixed_phase,512,59,0.91538014,0.05504611,1.0030154
circles,fixed_phase,512,60,0.92028857,0.05607469,1.00866744
circles,fixed_phase,512,61,0.92149342,0.0402686,1.01963097
circles,fixed_phase,512,62,0.92463893,0.06080452,0.98844644
circles,fixed_phase,512,63,0.91516234,0.09265475,1.01710337
circles,fixed_phase,512,64,0.92910031,0.04398442,1.0015383
circles,fixed_phase,512,65,0.91915635,0.06440285,1.00622762
circles,fixed_phase,512,66,0.92035595,0.0370548,0.99380418
circles,fixed_phase,512,67,0.9292068,0.04480636,0.99827192
circles,fixed_phase,512,68,0.92007482,0.01861688,1.0490026
circles,fixed_phase,512,69,0.91248243,0.03090186,0.99690971
circles,fixed_phase,512,70,0.93072345,0.03012477,0.99555875
circles,fixed_phase,512,71,0.92460371,0.01019366,0.97958864
circles,fixed_phase,512,72,0.92766857,0.04609282,0.98398057
circles,fixed_phase,512,73,0.9215999,0.00696486,1.03889437
circles,fixed_phase,512,74,0.91525909,0.00878973,1.02673147
circles,fixed_phase,512,75,0.92019627,0.0595002,0.99888859
circles,fixed_phase,512,76,0.91715816,0.03066203,0.99718722
circles,fixed_phase,512,77,0.9233349,0.02838582,0.98885672
circles,fixed_phase,512,78,0.93156405,0.04929573,0.9996503
circles,fixed_phase,512,79,0.91717858,0.06422589,1.00332867
circles,fixed_phase,512,80,0.91873079,0.08984092,1.01254158
circles,fixed_phase,512,81,0.91803913,0.0104028,1.03212506
circles,fixed_phase,512,82,0.91574432,0.06997141,0.98847659
circles,fixed_phase,512,83,0.93182166,0.02685883,0.99903971
circles,fixed_phase,512,84,0.91154618,0.05894351,0.98940504
circles,fixed_phase,512,85,0.91880039,0.01217616,1.00124524
circles,fixed_phase,512,86,0.92380375,0.0267386,1.00787284
circles,fixed_phase,512,87,0.92469458,0.02330779,0.99864523
circles,fixed_phase,512,88,0.92691129,0.00423137,1.00326594
circles,fixed_phase,512,89,0.92782975,0.00852924,1.00505355
circles,fixed_phase,512,90,0.923456,0.11665196,0.99642536
circles,fixed_phase,512,91,0.92088322,0.08073408,0.97917378
circles,fixed_phase,512,92,0.92128451,0.06747475,1.02231292
circles,fixed_phase,512,93,0.92454798,0.04499074,0.97927284
circles,fixed_phase,512,94,0.92466797,0.0888419,1.00457741
circles,fixed_phase,512,95,0.92645016,0.03050065,1.03287732
circles,fixed_phase,512,96,0.93397347,0.0290435,0.99067021
circles,fixed_phase,512,97,0.91917289,0.03623474,0.98529159
circles,fixed_phase,512,98,0.92057655,0.04403805,1.00290571
circles,fixed_phase,512,99,0.91439975,0.10709968,1.00847894
circles,fixed_phase,512,100,0.92157342,0.04589398,1.00412799
circles,fixed_phase,512,101,0.92779314,0.02748122,0.99598466
circles,fixed_phase,512,102,0.91766812,0.07673584,1.03381717
circles,fixed_phase,512,103,0.91703366,0.03671679,1.01516237
circles,fixed_phase,512,104,0.92606109,0.06841539,1.00648282
circles,fixed_phase,512,105,0.92797972,0.00889364,0.98714438
circles,fixed_phase,512,106,0.92977517,0.03937822,0.99425206
circles,fixed_phase,512,107,0.93181301,0.02760669,1.0023693
circles,fixed_phase,512,108,0.91899834,0.07391487,1.00228828
circles,fixed_phase,512,109,0.92025476,0.10038496,1.00601561
circles,fixed_phase,512,110,0.91020578,0.07861791,0.99238932
circles,fixed_phase,512,111,0.91439582,0.03570863,0.97830922
circles,fixed_phase,512,112,0.92145414,0.0679336,1.00726195
circles,fixed_phase,512,113,0.92113866,0.06115705,0.99631263
circles,fixed_phase,512,114,0.92786889,0.0023187,1.02286628
circles,fixed_phase,512,115,0.91523102,0.01454507,1.01073571
circles,fixed_phase,512,116,0.92872574,0.029247,1.0110707
circles,fixed_phase,512,117,0.9262972,0.03740643,0.99728532
circles,fixed_phase,512,118,0.92170227,0.03453725,1.00119889
circles,fixed_phase,512,119,0.91116015,0.0068957,1.00188215
circles,fixed_phase,512,120,0.92937048,0.0261664,0.98938688
circles,fixed_phase,512,121,0.917127,0.03020116,0.9933021
circles,fixed_phase,512,122,0.91916009,0.03020338,1.03998766
circles,fixed_phase,512,123,0.92133011,0.0228109,0.99500282
circles,fixed_phase,512,124,0.92025342,0.07124745,1.00510584
circles,fixed_phase,512,125,0.91733875,0.01825516,1.00018065
circles,fixed_phase,512,126,0.91847308,0.08638043,0.99248209
circles,fixed_phase,512,127,0.92133049,0.08484661,1.00957934
circles,fixed_phase,512,128,0.9308741,0.0392286,1.00804195
circles,fixed_phase,512,129,0.92709178,0.01816829,1.0179069
circles,fixed_phase,512,130,0.91819306,0.047063,1.00861608
circles,fixed_phase,512,131,0.92707028,0.03184546,1.00547381
circles,fixed_phase,512,132,0.91691469,0.09895558,1.00220681
circles,fixed_phase,512,133,0.92489631,0.00092799,1.01143364
circles,fixed_phase,512,134,0.92572605,0.01380465,0.98727948
circles,fixed_phase,512,135,0.91911146,0.02889418,0.98593427
circles,fixed_phase,512,136,0.92168992,0.04251983,1.01010952
circles,fixed_phase,512,137,0.92613886,0.09597185,1.01881859
circles,fixed_phase,512,138,0.91495459,0.05122062,1.02879664
circles,fixed_phase,512,139,0.92187311,0.07412591,1.01980974
circles,fixed_phase,512,140,0.9212679,0.05346612,1.01301989
circles,fixed_phase,512,141,0.92792198,0.04173829,0.98414078
circles,fixed_phase,512,142,0.91319715,0.0087242,0.99207547
circles,fixed_phase,512,143,0.91599605,0.00233576,1.0237303
circles,fixed_phase,512,144,0.93143839,0.06929129,1.00775313
circles,fixed_phase,512,145,0.91203818,0.05891535,1.0293579
circles,fixed_phase,512,146,0.92264522,0.01242209,1.01539835
circles,fixed_phase,512,147,0.92213284,0.03320366,1.03074358
circles,fixed_phase,512,148,0.92288238,0.0044345,0.99435283
circles,fixed_phase,512,149,0.92003732,0.08893518,1.01408367
circles,fixed_phase,512,150,0.92764826,0.05306164,1.00639083
circles,fixed_phase,512,151,0.91902934,0.03055168,0.98895553
circles,fixed_phase,512,152,0.92108045,0.03377333,0.98985767
circles,fixed_phase,512,153,0.92096764,0.05451696,1.00414401
circles,fixed_phase,512,154,0.90957077,0.0209448,1.01185931
circles,fixed_phase,512,155,0.91334533,0.07287866,0.96599349
circles,fixed_phase,512,156,0.92633485,0.04857773,1.00426245
circles,fixed_phase,512,157,0.92913738,0.02677419,0.97541675
circles,fixed_phase,512,158,0.92282963,0.05067107,0.9697814
circles,fixed_phase,512,159,0.91397463,0.01164822,0.9945494
circles,fixed_phase,512,160,0.90814744,0.03441467,0.98064713
circles,fixed_phase,512,161,0.92925965,0.05945806,1.00591245
circles,fixed_phase,512,162,0.92209878,0.11806494,1.00716439
circles,fixed_phase,512,163,0.93461305,0.03805979,1.01097208
circles,fixed_phase,512,164,0.92529191,0.0143103,0.9972736
circles,fixed_phase,512,165,0.92799007,0.06993143,0.97967894
circles,fixed_phase,512,166,0.91933431,0.03255619,1.00401911
circles,fixed_phase,512,167,0.93239128,0.06365734,1.02315957
circles,fixed_phase,512,168,0.92813585,0.00779284,1.01426096
circles,fixed_phase,512,169,0.93198081,0.00956311,0.98750313
circles,fixed_phase,512,170,0.92752856,0.03893067,1.01024221
circles,fixed_phase,512,171,0.91611385,0.08165238,1.00225771
circles,fixed_phase,512,172,0.91980594,0.05621948,0.99845166
circles,fixed_phase,512,173,0.92258853,0.03668886,0.99447876
circles,fixed_phase,512,174,0.9277305,0.05606054,0.96530988
circles,fixed_phase,512,175,0.91840972,0.06955597,1.01318167
circles,fixed_phase,512,176,0.92555422,0.01443973,1.004323
circles,fixed_phase,512,177,0.92332067,0.11875067,0.97266823
circles,fixed_phase,512,178,0.91817272,0.04931652,0.99672177
circles,fixed_phase,512,179,0.9209508,0.05420534,1.0010393
circles,fixed_phase,512,180,0.91941504,0.00967716,1.00002561
circles,fixed_phase,512,181,0.90953962,0.03730303,0.99285287
circles,fixed_phase,512,182,0.93125585,0.05204026,1.00615485
circles,fixed_phase,512,183,0.91027092,0.01654489,1.00735683
circles,fixed_phase,512,184,0.91555716,0.08134866,0.99882328
circles,fixed_phase,512,185,0.91433457,0.02233995,0.9959707
circles,fixed_phase,512,186,0.92260588,0.03475931,1.00536473
circles,fixed_phase,512,187,0.92705089,0.00664841,1.00513478
circles,fixed_phase,512,188,0.91526669,0.02624468,1.02185697
circles,fixed_phase,512,189,0.90970918,0.01404051,0.98216565
circles,fixed_phase,512,190,0.92400797,0.07856071,0.9861431
circles,fixed_phase,512,191,0.92106219,0.00891524,0.98829985
circles,fixed_phase,512,192,0.92770625,0.09596022,0.98421852
circles,fixed_phase,512,193,0.9295551,0.02395639,1.01566374
circles,fixed_phase,512,194,0.93023238,0.05173473,0.98221009
circles,fixed_phase,512,195,0.92640352,0.01811803,0.97737863
circles,fixed_phase,512,196,0.9224527,0.02202046,0.98090832
circles,fixed_phase,512,197,0.92072955,0.05223926,1.00195478
circles,fixed_phase,512,198,0.9063612,0.05805493,0.99775098
circles,fixed_phase,512,199,0.91280661,0.00906062,1.0075731
circles,fixed_phase,512,200,0.90431452,0.06411172,0.97878365
circles,fixed_phase,512,201,0.91684335,0.0886923,1.00430063
circles,fixed_phase,512,202,0.91584752,0.05688583,0.97375389
circles,fixed_phase,512,203,0.91903372,0.05583857,1.01832577
circles,fixed_phase,512,204,0.9181238,0.06873517,1.01571212
circles,fixed_phase,512,205,0.92370461,0.10254438,0.98614717
circles,fixed_phase,512,206,0.91392265,0.01893424,0.99402559
circles,fixed_phase,512,207,0.92973854,0.01554848,1.0124875
circles,fixed_phase,512,208,0.92458221,0.04528385,0.98939203
circles,fixed_phase,512,209,0.92673628,0.02700457,1.00019488
circles,fixed_phase,512,210,0.92823142,0.01289839,1.01673584
circles,fixed_phase,512,211,0.91739342,0.07833706,1.00508641
circles,fixed_phase,512,212,0.91494265,0.02914683,0.99164308
circles,fixed_phase,512,213,0.91071853,0.03689311,0.98933848
circles,fixed_phase,512,214,0.91586715,0.03893332,1.03132342
circles,fixed_phase,512,215,0.913646,0.02887897,0.98019223
circles,fixed_phase,512,216,0.92552543,0.0614476,1.00452308
circles,fixed_phase,512,217,0.92145761,0.03601908,1.01911438
circles,fixed_phase,512,218,0.91634807,0.1004892,1.04940136
circles,fixed_phase,512,219,0.92208561,0.05859201,0.97442451
circles,fixed_phase,512,220,0.93199194,0.01185613,1.02114605
circles,fixed_phase,512,221,0.91856744,0.02221303,1.01121041
circles,fixed_phase,512,222,0.92952945,0.02501918,1.01886522
circles,fixed_phase,512,223,0.91888847,0.06471507,1.01605105
circles,fixed_phase,512,224,0.93101363,0.03341271,0.98446293
circles,fixed_phase,512,225,0.91554011,0.01353099,1.02252937
circles,fixed_phase,512,226,0.92782596,0.09467048,0.99084329
circles,fixed_phase,512,227,0.92242299,0.05129643,1.00262704
circles,fixed_phase,512,228,0.91024461,0.01618158,1.0162562
circles,fixed_phase,512,229,0.92627873,0.0436208,0.99974677
circles,fixed_phase,512,230,0.91901924,0.0179875,0.97979382
circles,fixed_phase,512,231,0.93473874,0.00230468,0.9968537
circles,fixed_phase,512,232,0.92284569,0.01071509,0.99225979
circles,fixed_phase,512,233,0.91435811,0.04849896,0.9830152
circles,fixed_phase,512,234,0.91730941,0.01399898,1.01025386
circles,fixed_phase,512,235,0.92644864,0.06803684,1.01233145
circles,fixed_phase,512,236,0.9189723,0.0868364,1.00095745
circles,fixed_phase,512,237,0.90943966,0.01544496,1.0263434
circles,fixed_phase,512,238,0.91623973,0.03874446,1.0006375
circles,fixed_phase,512,239,0.9171315,0.02311255,0.99275278
circles,fixed_phase,512,240,0.92762412,0.0868925,0.98374958
circles,fixed_phase,512,241,0.91668971,0.01621309,0.98500942
circles,fixed_phase,512,242,0.91590808,0.01411001,0.99516809
circles,fixed_phase,512,243,0.92362728,0.04539781,1.00267887
circles,fixed_phase,512,244,0.92143365,0.07558471,1.00720662
circles,fixed_phase,512,245,0.91654354,0.00489349,1.01011081
circles,fixed_phase,512,246,0.92790835,0.0511522,1.00592039
circles,fixed_phase,512,247,0.90925677,0.02934634,0.97426686
circles,fixed_phase,512,248,0.92010099,0.02561303,1.020597
circles,fixed_phase,512,249,0.92722644,0.00529949,0.99856735
circles,fixed_phase,512,250,0.92413885,0.06064763,0.99694551
circles,fixed_phase,512,251,0.92827782,0.05291874,0.98893003
circles,fixed_phase,512,252,0.92120242,0.00587934,0.98742739
circles,fixed_phase,512,253,0.91027958,0.06065837,1.02100163
circles,fixed_phase,512,254,0.91309718,0.01765873,0.98504006
circles,fixed_phase,512,255,0.92312246,0.05722536,0.98211634
circles,fixed_phase,512,256,0.92838675,0.06519058,1.00765826
circles,fixed_phase,512,257,0.91683849,0.07031549,0.99845117
circles,fixed_phase,512,258,0.93943171,0.0356524,1.01033444
circles,fixed_phase,512,259,0.91708271,0.015887,1.00441036
circles,fixed_phase,512,260,0.9264136,0.02432317,1.02105171
circles,fixed_phase,512,261,0.92473608,0.04243557,0.98219127
circles,fixed_phase,512,262,0.92726773,0.00343475,1.00232462
circles,fixed_phase,512,263,0.91998435,0.09275384,1.00382819
circles,fixed_phase,512,264,0.92247375,0.03927805,1.02158274
circles,fixed_phase,512,265,0.92129104,0.00820201,1.03360674
circles,fixed_phase,512,266,0.91526147,0.02090265,0.99789209
circles,fixed_phase,512,267,0.92138289,0.09888014,0.99642554
circles,fixed_phase,512,268,0.92231887,0.00648496,0.98140545
circles,fixed_phase,512,269,0.92443746,0.01344327,1.00121703
circles,fixed_phase,512,270,0.91134168,0.00606694,1.00768224
circles,fixed_phase,512,271,0.91917137,0.05749386,1.01030683
circles,fixed_phase,512,272,0.93054144,0.08361823,1.00142453
circles,fixed_phase,512,273,0.91609495,0.06626512,0.982816
circles,fixed_phase,512,274,0.91959931,0.0166114,1.02983156
circles,fixed_phase,512,275,0.91820953,0.0371405,0.97815256
circles,fixed_phase,512,276,0.92189121,0.11655077,1.00945199
circles,fixed_phase,512,277,0.92546736,0.07186549,1.01510732
circles,fixed_phase,512,278,0.91730742,0.00428099,0.98536875
circles,fixed_phase,512,279,0.93078251,0.02733339,0.9850144
circles,fixed_phase,512,280,0.92820438,0.03141077,1.02951321
circles,fixed_phase,512,281,0.91883343,0.09816365,1.0162525
circles,fixed_phase,512,282,0.93218105,0.0610594,1.01218787
circles,fixed_phase,512,283,0.91350774,0.02722567,0.99237657
circles,fixed_phase,512,284,0.9181452,0.01147549,1.00717179
circles,fixed_phase,512,285,0.92150087,0.04062139,1.00189074
circles,fixed_phase,512,286,0.92414964,0.01791619,1.00582966
circles,fixed_phase,512,287,0.91349574,0.02035356,0.99380693
circles,fixed_phase,512,288,0.91635384,0.01965949,0.99607398
circles,fixed_phase,512,289,0.91621467,0.04920804,1.02521916
circles,fixed_phase,512,290,0.91807666,0.07583029,1.01453116
circles,fixed_phase,512,291,0.92211705,0.03641624,1.00251296
circles,fixed_phase,512,292,0.92000973,0.05232659,0.96829903
circles,fixed_phase,512,293,0.92925636,0.02164302,0.99226728
circles,fixed_phase,512,294,0.91584378,0.08677773,0.99963527
circles,fixed_phase,512,295,0.92474664,0.02598487,0.97948988
circles,fixed_phase,512,296,0.92475486,0.01181675,1.0100519
circles,fixed_phase,512,297,0.92856052,0.13346093,1.01134375
circles,fixed_phase,512,298,0.92007785,0.01145994,0.98854172
circles,fixed_phase,512,299,0.91582602,0.01360518,1.01023332
circles,fixed_phase,512,300,0.92002937,0.09850417,1.00427996
circles,fixed_phase,512,301,0.91714745,0.07655134,0.99773814
circles,fixed_phase,512,302,0.93379673,0.01569202,1.00187507
circles,fixed_phase,512,303,0.92510741,0.09424154,1.03078334
circles,fixed_phase,512,304,0.91229679,0.03824669,1.00970609
circles,fixed_phase,512,305,0.92497202,0.01792793,1.00693986
circles,fixed_phase,512,306,0.92244275,0.01007978,1.01422111
circles,fixed_phase,512,307,0.92180879,0.0065357,1.00127659
circles,fixed_phase,512,308,0.91961323,0.01308372,1.01665653
circles,fixed_phase,512,309,0.92273537,0.02653388,0.98086628
circles,fixed_phase,512,310,0.92033328,0.05476869,0.99801757
circles,fixed_phase,512,311,0.91588552,0.03185788,1.00841235
circles,fixed_phase,512,312,0.92138679,0.05401918,1.03058765
circles,fixed_phase,512,313,0.93230357,0.05208361,1.00155829
circles,fixed_phase,512,314,0.92161672,0.01503183,1.00645997
circles,fixed_phase,512,315,0.91248459,0.0828226,1.01648146
circles,fixed_phase,512,316,0.91688987,0.05026077,0.98972523
circles,fixed_phase,512,317,0.92262274,0.04331556,1.03425997
circles,fixed_phase,512,318,0.90671992,0.06337381,0.98344348
circles,fixed_phase,512,319,0.91828113,0.12295586,1.01510238
circles,fixed_phase,512,320,0.93351113,0.05292487,0.99394242
circles,fixed_phase,512,321,0.92382776,0.03219054,0.99902995
circles,fixed_phase,512,322,0.92021889,0.02042336,1.00805633
circles,fixed_phase,512,323,0.91663446,0.01107341,0.97817411
circles,fixed_phase,512,324,0.9236553,0.00978524,1.00613192
circles,fixed_phase,512,325,0.92214998,0.06464618,1.00279397
circles,fixed_phase,512,326,0.91746895,0.01036796,1.02187321
circles,fixed_phase,512,327,0.92121856,0.00826335,0.97357311
circles,fixed_phase,512,328,0.91785017,0.00154049,0.99236167
circles,fixed_phase,512,329,0.91687234,0.03224323,0.99558121
circles,fixed_phase,512,330,0.93307772,0.00418553,0.98794154
circles,fixed_phase,512,331,0.92860942,0.00136233,1.01517923
circles,fixed_phase,512,332,0.91737712,0.06318807,0.98036431
circles,fixed_phase,512,333,0.91540698,0.06433349,0.9810242
circles,fixed_phase,512,334,0.92279155,0.01568765,1.02685616
circles,fixed_phase,512,335,0.92146252,0.03928597,1.00725347
circles,fixed_phase,512,336,0.91665087,0.02159385,1.01723837
circles,fixed_phase,512,337,0.92305531,0.01076592,0.97718039
circles,fixed_phase,512,338,0.93220723,0.01823634,0.97390763
circles,fixed_phase,512,339,0.91587545,0.01538553,0.99238329
circles,fixed_phase,512,340,0.92880416,0.03716902,1.00836221
circles,fixed_phase,512,341,0.92379137,0.01956056,1.007285
circles,fixed_phase,512,342,0.92009927,0.06900498,0.99800943
circles,fixed_phase,512,343,0.9202457,0.06000971,0.9911086
circles,fixed_phase,512,344,0.92337011,0.04785605,0.99291264
circles,fixed_phase,512,345,0.9203818,0.02597441,0.98313598
circles,fixed_phase,512,346,0.91514181,0.00056468,0.98323503
circles,fixed_phase,512,347,0.92802864,0.00753104,1.00110735
circles,fixed_phase,512,348,0.91423322,0.07274574,1.00630925
circles,fixed_phase,512,349,0.91536857,0.02002437,0.98724555
circles,fixed_phase,512,350,0.91982378,0.0012825,1.00258795
circles,fixed_phase,512,351,0.92252244,0.02145817,0.98999276
circles,fixed_phase,512,352,0.92598648,0.0690504,1.0179434
circles,fixed_phase,512,353,0.92602716,0.00468423,0.99151272
circles,fixed_phase,512,354,0.92840538,0.02847447,0.99405679
circles,fixed_phase,512,355,0.92222353,0.04690631,0.98529621
circles,fixed_phase,512,356,0.92193602,0.01182849,0.98034814
circles,fixed_phase,512,357,0.91925441,0.02474552,0.99581651
circles,fixed_phase,512,358,0.93005011,0.01193051,1.00866594
circles,fixed_phase,512,359,0.91928166,0.01698622,1.00702099
circles,fixed_phase,512,360,0.93120676,0.04604745,1.00459076
circles,fixed_phase,512,361,0.9220068,0.04269056,0.98149532
circles,fixed_phase,512,362,0.92195155,0.0299567,0.98981565
circles,fixed_phase,512,363,0.92563933,0.06992633,0.99526943
circles,fixed_phase,512,364,0.91644954,0.05640058,0.99638985
circles,fixed_phase,512,365,0.92325324,0.02477557,1.0035611
circles,fixed_phase,512,366,0.93220407,0.02053907,0.99896657
circles,fixed_phase,512,367,0.91611724,0.03172092,1.01428121
circles,fixed_phase,512,368,0.93545666,0.05890164,1.02072982
circles,fixed_phase,512,369,0.92424063,0.01538802,1.00490302
circles,fixed_phase,512,370,0.90881641,0.07577225,1.01616079
circles,fixed_phase,512,371,0.91931976,0.06455251,0.99116217
circles,fixed_phase,512,372,0.92648772,0.00833865,1.01067103
circles,fixed_phase,512,373,0.91718429,0.00317845,1.0074926
circles,fixed_phase,512,374,0.92277246,0.02318137,0.9876989
circles,fixed_phase,512,375,0.91752914,0.02212047,1.01796899
circles,fixed_phase,512,376,0.92078359,0.00707683,0.99950643
circles,fixed_phase,512,377,0.91992446,0.16771802,0.99403566
circles,fixed_phase,512,378,0.92275055,0.00884063,1.01103634
circles,fixed_phase,512,379,0.92349532,0.03526138,1.03023368
circles,fixed_phase,512,380,0.91528126,0.03570111,1.00423428
circles,fixed_phase,512,381,0.91948115,0.05183929,1.0271902
circles,fixed_phase,512,382,0.92835802,0.04611348,1.03158191
circles,fixed_phase,512,383,0.92358513,0.03825894,1.00614793
circles,fixed_phase,512,384,0.92187312,0.02213158,0.99232274
circles,fixed_phase,512,385,0.92429829,0.01644199,1.01185338
circles,fixed_phase,512,386,0.90926017,0.07945833,1.0186103
circles,fixed_phase,512,387,0.92450509,0.04525129,1.01118555
circles,fixed_phase,512,388,0.92142676,0.04701382,1.0288745
circles,fixed_phase,512,389,0.91989416,0.09136354,0.99101251
circles,fixed_phase,512,390,0.91576022,0.04849363,0.97674836
circles,fixed_phase,512,391,0.91964097,0.01418092,0.98327368
circles,fixed_phase,512,392,0.91536388,0.02617266,0.98341319
circles,fixed_phase,512,393,0.91615494,0.01377834,1.01029995
circles,fixed_phase,512,394,0.92071887,0.0033196,1.01204985
circles,fixed_phase,512,395,0.91380798,0.05466165,0.98822377
circles,fixed_phase,512,396,0.93231564,0.0448347,1.01335804
circles,fixed_phase,512,397,0.91915453,0.02892613,0.99789154
circles,fixed_phase,512,398,0.92291566,0.06498689,1.01846227
circles,fixed_phase,512,399,0.91802609,0.0123651,1.00669529
circles,fixed_phase,512,400,0.9226077,0.04625897,0.99857651
circles,fixed_phase,512,401,0.92204773,0.06642178,1.00616389
circles,fixed_phase,512,402,0.91678876,0.0571333,0.99538334
circles,fixed_phase,512,403,0.92202989,0.05443801,0.97622774
circles,fixed_phase,512,404,0.91909866,0.01765371,1.02862877
circles,fixed_phase,512,405,0.91342169,0.02509263,1.01779145
circles,fixed_phase,512,406,0.92588075,0.03056476,1.01373273
circles,fixed_phase,512,407,0.92823096,0.02093897,0.98741238
circles,fixed_phase,512,408,0.93009928,0.07790071,1.00322333
circles,fixed_phase,512,409,0.91466944,0.06641981,1.00162401
circles,fixed_phase,512,410,0.91785117,0.01013361,1.00334364
circles,fixed_phase,512,411,0.92084899,0.08132523,0.98133107
circles,fixed_phase,512,412,0.91879903,0.05511723,1.0161821
circles,fixed_phase,512,413,0.92350139,0.01651303,1.00620198
circles,fixed_phase,512,414,0.91529906,0.02615515,0.98272939
circles,fixed_phase,512,415,0.92549439,0.08227607,0.99688827
circles,fixed_phase,512,416,0.92066742,0.11966683,0.98452334
circles,fixed_phase,512,417,0.91856725,0.00929448,0.99614455
circles,fixed_phase,512,418,0.91449452,0.12487923,1.00754706
circles,fixed_phase,512,419,0.93159703,0.02232099,0.99023401
circles,fixed_phase,512,420,0.92036801,0.01109459,0.98273289
circles,fixed_phase,512,421,0.92538472,0.06119939,1.02260124
circles,fixed_phase,512,422,0.91906016,0.09404985,0.99070089
circles,fixed_phase,512,423,0.92928976,0.04245933,0.99748458
circles,fixed_phase,512,424,0.91930676,0.03840989,0.98406965
circles,fixed_phase,512,425,0.92771889,0.06620768,0.97806508
circles,fixed_phase,512,426,0.91317062,0.05903475,1.01836166
circles,fixed_phase,512,427,0.9243892,0.02881714,0.98667861
circles,fixed_phase,512,428,0.91904404,0.02937575,1.00364711
circles,fixed_phase,512,429,0.92364634,0.10756687,0.99127867
circles,fixed_phase,512,430,0.92027844,0.06128746,0.96756315
circles,fixed_phase,512,431,0.90760536,0.01504205,0.99898804
circles,fixed_phase,512,432,0.92410373,0.03774207,0.9989316
circles,fixed_phase,512,433,0.92611329,0.0163135,1.01738994
circles,fixed_phase,512,434,0.92682073,0.01462184,1.02226675
circles,fixed_phase,512,435,0.93069539,0.04927244,0.99512649
circles,fixed_phase,512,436,0.91606995,0.10341675,1.01530173
circles,fixed_phase,512,437,0.91971957,0.05026693,1.00124909
circles,fixed_phase,512,438,0.92898839,0.06206597,1.00427069
circles,fixed_phase,512,439,0.92183361,0.09433326,1.01489029
circles,fixed_phase,512,440,0.93450606,0.00658841,0.99200922
circles,fixed_phase,512,441,0.90749789,0.00096505,1.02458422
circles,fixed_phase,512,442,0.92324412,0.0946501,1.01308564
circles,fixed_phase,512,443,0.92006438,0.02445049,0.99430864
circles,fixed_phase,512,444,0.92155454,0.05946932,0.98057135
circles,fixed_phase,512,445,0.92033014,0.02149096,0.96016994
circles,fixed_phase,512,446,0.9262656,0.00984992,0.99605012
circles,fixed_phase,512,447,0.92038105,0.02989297,1.01400941
circles,fixed_phase,512,448,0.93042758,0.0588407,0.98475929
circles,fixed_phase,512,449,0.9255613,0.03613601,0.99639696
circles,fixed_phase,512,450,0.9307565,0.05026748,1.00211153
circles,fixed_phase,512,451,0.91390365,0.02823274,0.99905427
circles,fixed_phase,512,452,0.92638353,0.09356617,1.0161622
circles,fixed_phase,512,453,0.92290552,0.01122926,0.9994121
circles,fixed_phase,512,454,0.92013518,0.0167646,0.99721557
circles,fixed_phase,512,455,0.9248558,0.06185373,0.98334884
circles,fixed_phase,512,456,0.92216602,0.06128035,1.00026268
circles,fixed_phase,512,457,0.92263979,0.06457056,0.9875381
circles,fixed_phase,512,458,0.92154999,0.05841327,0.99432428
circles,fixed_phase,512,459,0.93048855,0.08245009,0.98695901
circles,fixed_phase,512,460,0.92645221,0.01339472,0.99107626
circles,fixed_phase,512,461,0.9124072,0.04473372,0.98084708
circles,fixed_phase,512,462,0.91910449,0.05066182,0.99599417
circles,fixed_phase,512,463,0.92509361,0.05121598,0.99307644
circles,fixed_phase,512,464,0.92364059,0.02612236,0.98384089
circles,fixed_phase,512,465,0.92519812,0.093498,1.00282474
circles,fixed_phase,512,466,0.93268866,0.11836039,0.99791446
circles,fixed_phase,512,467,0.92130452,0.02449375,0.98650449
circles,fixed_phase,512,468,0.92968655,0.02173551,1.02052449
circles,fixed_phase,512,469,0.93325084,0.05641644,0.9849603
circles,fixed_phase,512,470,0.92587101,0.01071555,1.00826237
circles,fixed_phase,512,471,0.91499193,0.08524981,0.98796816
circles,fixed_phase,512,472,0.92017761,0.0768762,0.97338204
circles,fixed_phase,512,473,0.9316636,0.0380263,0.98216087
circles,fixed_phase,512,474,0.931898,0.01720395,1.01031313
circles,fixed_phase,512,475,0.91716162,0.04893735,1.00690314
circles,fixed_phase,512,476,0.92512928,0.06247931,0.99053097
circles,fixed_phase,512,477,0.92936235,0.05449476,0.99138455
circles,fixed_phase,512,478,0.92591299,0.0347736,1.00111537
circles,fixed_phase,512,479,0.92551778,0.020681,0.99388145
circles,fixed_phase,512,480,0.92369559,0.01986744,0.99953359
circles,fixed_phase,512,481,0.93082941,0.00341421,0.97127762
circles,fixed_phase,512,482,0.92702474,0.03348512,1.01471392
circles,fixed_phase,512,483,0.91946253,0.08483938,1.00198026
circles,fixed_phase,512,484,0.92139734,0.04633112,1.00324589
circles,fixed_phase,512,485,0.9251604,0.04449697,0.99247632
circles,fixed_phase,512,486,0.91940758,0.07957542,1.03310851
circles,fixed_phase,512,487,0.91747375,0.03687903,1.01547189
circles,fixed_phase,512,488,0.91580407,0.03033549,1.00354158
circles,fixed_phase,512,489,0.91676272,0.12646289,1.00275068
circles,fixed_phase,512,490,0.91667586,0.05581011,1.01947067
circles,fixed_phase,512,491,0.91770777,0.07557304,0.98957994
circles,fixed_phase,512,492,0.92111773,0.00845446,1.02538135
circles,fixed_phase,512,493,0.91419628,0.00470732,0.98519619
circles,fixed_phase,512,494,0.93148244,0.02071931,1.0064406
circles,fixed_phase,512,495,0.93255355,0.09991285,1.01103714
circles,fixed_phase,512,496,0.92908261,0.0015932,0.98975309
circles,fixed_phase,512,497,0.92095548,0.0519023,1.00790624
circles,fixed_phase,512,498,0.9161308,0.00886871,0.99705071
circles,fixed_phase,512,499,0.91243205,0.0365507,1.01467269
circles,fixed_phase,512,500,0.91511557,0.03258735,1.02253327
circles,fixed_phase,512,501,0.91208213,0.09352974,1.01952023
circles,fixed_phase,512,502,0.91931127,0.17328031,1.0030534
circles,fixed_phase,512,503,0.92973135,0.00792692,1.00193682
circles,fixed_phase,512,504,0.92326775,0.07430782,0.98979074
circles,fixed_phase,512,505,0.93018778,0.09992509,1.00188829
circles,fixed_phase,512,506,0.92056923,0.02070474,1.00611693
circles,fixed_phase,512,507,0.92008558,0.04253215,1.02746076
circles,fixed_phase,512,508,0.92734416,0.00126991,1.00175827
circles,fixed_phase,512,509,0.91762153,0.02600274,1.00478182
circles,fixed_phase,512,510,0.92589254,0.00191246,1.01318826
circles,fixed_phase,512,511,0.92450423,0.0211145,1.00778313
circles,fixed_phase,512,512,0.92274391,0.09188632,0.99665946
circles,fixed_phase,512,513,0.91617453,0.03822409,1.02531131
circles,fixed_phase,512,514,0.92300203,0.0278339,1.01616539
circles,fixed_phase,512,515,0.91696013,0.00921911,0.98604571
circles,fixed_phase,512,516,0.92246828,0.09014562,0.97683528
circles,fixed_phase,512,517,0.92398178,0.05804395,1.00624306
circles,fixed_phase,512,518,0.92849004,0.04743557,1.01913079
circles,fixed_phase,512,519,0.91743175,0.02767508,0.99255782
circles,fixed_phase,512,520,0.92105959,0.10939161,1.01284944
circles,fixed_phase,512,521,0.92045128,0.05522456,1.02333043
circles,fixed_phase,512,522,0.91450478,0.0281519,0.98283831
circles,fixed_phase,512,523,0.92116867,0.05257256,0.99607033
circles,fixed_phase,512,524,0.92243898,0.00265992,0.98544003
circles,fixed_phase,512,525,0.92168101,0.02937928,1.00797318
circles,fixed_phase,512,526,0.92288302,0.05687792,0.99459491
circles,fixed_phase,512,527,0.92521016,0.01929771,0.99474103
circles,fixed_phase,512,528,0.91813482,0.02808812,1.00457122
circles,fixed_phase,512,529,0.93419607,0.09705075,1.01970957
circles,fixed_phase,512,530,0.91579115,0.04116952,1.02640378
circles,fixed_phase,512,531,0.9184917,0.10520105,0.99890982
circles,fixed_phase,512,532,0.90963396,0.07952519,0.9802867
circles,fixed_phase,512,533,0.91420933,0.0651981,0.99188885
circles,fixed_phase,512,534,0.92445445,0.03069963,0.9766961
circles,fixed_phase,512,535,0.92149224,0.09313872,0.9849247
circles,fixed_phase,512,536,0.92469439,0.01137575,0.9987989
circles,fixed_phase,512,537,0.92444207,0.0052686,0.99199029
circles,fixed_phase,512,538,0.9241704,0.00294253,1.03066459
circles,fixed_phase,512,539,0.91804768,0.010475,0.99693124
circles,fixed_phase,512,540,0.9181476,0.00389738,0.9887958
circles,fixed_phase,512,541,0.91421372,0.04255799,1.0286938
circles,fixed_phase,512,542,0.93153475,0.01036799,0.99791695
circles,fixed_phase,512,543,0.91713809,0.00380768,0.99529858
circles,fixed_phase,512,544,0.91265271,0.03708411,0.99691653
circles,fixed_phase,512,545,0.92314402,0.03133129,0.99743925
circles,fixed_phase,512,546,0.92398002,0.08033363,1.00602901
circles,fixed_phase,512,547,0.92273021,0.12920338,0.97862457
circles,fixed_phase,512,548,0.91563124,0.04307749,1.01476898
circles,fixed_phase,512,549,0.91744212,0.07892263,1.02939039
circles,fixed_phase,512,550,0.91871223,0.02420832,0.98569474
circles,fixed_phase,512,551,0.91943607,0.06139374,1.00404578
circles,fixed_phase,512,552,0.9181781,0.08449987,0.99324886
circles,fixed_phase,512,553,0.92073654,0.04677382,0.99876431
circles,fixed_phase,512,554,0.92496778,0.01793234,0.98484081
circles,fixed_phase,512,555,0.92599466,0.05950516,1.00350541
circles,fixed_phase,512,556,0.92736392,0.03984885,0.99612395
circles,fixed_phase,512,557,0.93013592,0.07407341,0.98055443
circles,fixed_phase,512,558,0.91924511,0.08151478,0.99944868
circles,fixed_phase,512,559,0.92560117,0.04869204,1.01899233
circles,fixed_phase,512,560,0.91668198,0.01069483,0.99805922
circles,fixed_phase,512,561,0.91583312,0.07909409,1.0328403
circles,fixed_phase,512,562,0.92528148,0.01772204,1.01637582
circles,fixed_phase,512,563,0.91840957,0.07496668,0.97194245
circles,fixed_phase,512,564,0.925372,0.00893583,0.981696
circles,fixed_phase,512,565,0.92917943,0.023046,1.0339343
circles,fixed_phase,512,566,0.91889417,0.00383792,0.97605145
circles,fixed_phase,512,567,0.92048421,0.01944132,1.00376339
circles,fixed_phase,512,568,0.93683955,0.02895591,1.01127013
circles,fixed_phase,512,569,0.91735674,0.02584075,1.01318935
circles,fixed_phase,512,570,0.9259575,0.04998214,1.00434188
circles,fixed_phase,512,571,0.91132824,0.07067633,1.01565494
circles,fixed_phase,512,572,0.91857082,0.00059771,0.99368621
circles,fixed_phase,512,573,0.91757892,0.01447615,1.00581204
circles,fixed_phase,512,574,0.92437362,0.01432491,0.99127905
circles,fixed_phase,512,575,0.91034369,0.00919605,0.98533031
circles,fixed_phase,512,576,0.91390394,0.00736291,1.0165238
circles,fixed_phase,512,577,0.92193695,0.07633636,0.99555651
circles,fixed_phase,512,578,0.92424553,0.06518705,0.99862824
circles,fixed_phase,512,579,0.92810239,0.04913915,0.9836219
circles,fixed_phase,512,580,0.91550968,0.03331141,0.99982357
circles,fixed_phase,512,581,0.92173679,0.00583177,0.9892029
circles,fixed_phase,512,582,0.92660209,0.01817783,0.99068191
circles,fixed_phase,512,583,0.92829101,0.03725392,0.97194187
circles,fixed_phase,512,584,0.90928557,0.07601526,0.97743595
circles,fixed_phase,512,585,0.911941,0.04759834,1.01016665
circles,fixed_phase,512,586,0.90988096,0.08359986,1.03675747
circles,fixed_phase,512,587,0.9209481,0.04033007,0.99305739
circles,fixed_phase,512,588,0.91868038,0.0291888,1.0219689
circles,fixed_phase,512,589,0.92491895,0.01262702,0.99682587
circles,fixed_phase,512,590,0.92037249,0.06808398,1.01023064
circles,fixed_phase,512,591,0.91866673,0.00116933,1.01556105
circles,fixed_phase,512,592,0.92454644,0.10356834,0.98287065
circles,fixed_phase,512,593,0.92286943,0.05639071,1.0001703
circles,fixed_phase,512,594,0.92459242,0.01935638,1.00325245
circles,fixed_phase,512,595,0.92453525,0.03516694,0.99782479
circles,fixed_phase,512,596,0.91248842,0.01732151,1.02834555
circles,fixed_phase,512,597,0.92122674,0.02529251,0.96579724
circles,fixed_phase,512,598,0.91803319,0.00271829,1.00007193
circles,fixed_phase,512,599,0.91821542,0.10339185,1.01723077
circles,fixed_phase,512,600,0.92652118,0.11498349,0.96117818
circles,fixed_phase,512,601,0.91860661,0.06634935,1.01511837
circles,fixed_phase,512,602,0.91510949,0.05391488,1.00316567
circles,fixed_phase,512,603,0.91381619,0.11783555,1.01446628
circles,fixed_phase,512,604,0.91856764,0.05381804,0.98157726
circles,fixed_phase,512,605,0.92179136,0.04955684,0.99052494
circles,fixed_phase,512,606,0.9193752,0.02394312,0.99244855
circles,fixed_phase,512,607,0.92453818,0.03190346,1.00157598
circles,fixed_phase,512,608,0.92510842,0.06231081,1.01104627
circles,fixed_phase,512,609,0.91879905,0.00605201,1.0035667
circles,fixed_phase,512,610,0.9205524,0.04243979,0.99795326
circles,fixed_phase,512,611,0.92730817,0.00201814,0.99566904
circles,fixed_phase,512,612,0.92196282,0.03940727,1.02206366
circles,fixed_phase,512,613,0.92818447,0.08456453,0.9849246
circles,fixed_phase,512,614,0.91696047,0.14416768,0.99665409
circles,fixed_phase,512,615,0.93120968,0.01705046,0.9982273
circles,fixed_phase,512,616,0.91974462,0.0307733,1.0123747
circles,fixed_phase,512,617,0.91680323,0.05806487,0.9832802
circles,fixed_phase,512,618,0.92474277,0.01407425,1.01120042
circles,fixed_phase,512,619,0.92064131,0.0855424,1.00596543
circles,fixed_phase,512,620,0.91781114,0.04233699,1.00043011
circles,fixed_phase,512,621,0.91144721,0.08685598,0.98754785
circles,fixed_phase,512,622,0.919564,0.07024193,1.00846865
circles,fixed_phase,512,623,0.92325226,0.02677342,1.00215165
circles,fixed_phase,512,624,0.91377712,0.02555357,1.01861974
circles,fixed_phase,512,625,0.91679991,0.03497981,0.96872603
circles,fixed_phase,512,626,0.91338204,0.07002229,0.99088955
circles,fixed_phase,512,627,0.93010851,0.07306855,0.99237827
circles,fixed_phase,512,628,0.91802947,0.03744693,1.00309761
circles,fixed_phase,512,629,0.93187277,0.04976341,1.0232677
circles,fixed_phase,512,630,0.91664091,0.07951009,1.01951701
circles,fixed_phase,512,631,0.91549769,0.04217322,1.009008
circles,fixed_phase,512,632,0.91987689,0.0390758,0.99500005
circles,fixed_phase,512,633,0.93040181,0.02575792,1.03774851
circles,fixed_phase,512,634,0.93221038,0.08433287,0.99593462
circles,fixed_phase,512,635,0.92009506,0.08648576,0.99815342
circles,fixed_phase,512,636,0.91632909,0.07932077,0.98536231
circles,fixed_phase,512,637,0.9175359,0.0056694,1.02147138
circles,fixed_phase,512,638,0.91011923,0.11320279,0.99954315
circles,fixed_phase,512,639,0.92267589,0.02085941,1.00449047
circles,fixed_phase,512,640,0.91383204,0.05627124,0.99436573
circles,fixed_phase,512,641,0.91832629,0.07339504,0.98572751
circles,fixed_phase,512,642,0.92649334,0.00269899,0.98509398
circles,fixed_phase,512,643,0.92568018,0.03119808,1.00982574
circles,fixed_phase,512,644,0.93305044,0.06669882,0.98981574
circles,fixed_phase,512,645,0.92429742,0.06709826,0.9883969
circles,fixed_phase,512,646,0.92503989,0.00366013,0.99648007
circles,fixed_phase,512,647,0.92565567,0.06962905,1.01236594
circles,fixed_phase,512,648,0.91530777,0.02588197,0.99312655
circles,fixed_phase,512,649,0.91845796,0.00476185,0.9989228
circles,fixed_phase,512,650,0.91187984,0.10008193,1.0029673
circles,fixed_phase,512,651,0.92934804,0.0256303,0.97970167
circles,fixed_phase,512,652,0.91933522,0.02295976,1.02976951
circles,fixed_phase,512,653,0.9155076,0.02825956,0.99269755
circles,fixed_phase,512,654,0.91873229,0.09983147,0.99850126
circles,fixed_phase,512,655,0.91242377,0.00466296,1.00763766
circles,fixed_phase,512,656,0.92099798,0.04861121,1.00549669
circles,fixed_phase,512,657,0.93023794,0.0443544,0.97848694
circles,fixed_phase,512,658,0.91954949,0.01611146,0.98863942
circles,fixed_phase,512,659,0.91912206,0.06602085,1.00396679
circles,fixed_phase,512,660,0.90849386,0.1094217,0.97549674
circles,fixed_phase,512,661,0.91924745,0.03703858,1.01162741
circles,fixed_phase,512,662,0.92717735,0.03023073,1.01291872
circles,fixed_phase,512,663,0.92982259,0.04103584,0.99256643
circles,fixed_phase,512,664,0.93359508,0.05397201,1.00380986
circles,fixed_phase,512,665,0.93255048,0.01681121,0.99114644
circles,fixed_phase,512,666,0.93321983,0.00812365,0.98425865
circles,fixed_phase,512,667,0.91417546,0.07014103,1.00449767
circles,fixed_phase,512,668,0.92537388,0.04592539,0.99047622
circles,fixed_phase,512,669,0.92365096,0.13205049,1.02925014
circles,fixed_phase,512,670,0.92021081,0.01032347,1.00821319
circles,fixed_phase,512,671,0.91993727,0.02436088,0.99610514
circles,fixed_phase,512,672,0.91985227,0.08467582,0.9933992
circles,fixed_phase,512,673,0.92275863,0.02492097,0.98503875
circles,fixed_phase,512,674,0.92117234,0.0223761,1.00481523
circles,fixed_phase,512,675,0.93154606,0.02063179,1.00757137
circles,fixed_phase,512,676,0.91944196,0.03678291,0.98576523
circles,fixed_phase,512,677,0.92008917,0.0409066,1.0098135
circles,fixed_phase,512,678,0.9232355,0.14436022,1.00902637
circles,fixed_phase,512,679,0.92351083,0.06967681,0.98757912
circles,fixed_phase,512,680,0.91864808,0.05174,1.00075183
circles,fixed_phase,512,681,0.92623058,0.00790723,1.00082735
circles,fixed_phase,512,682,0.92294708,0.03532122,1.0033979
circles,fixed_phase,512,683,0.91984414,0.01779764,0.99280453
circles,fixed_phase,512,684,0.91854984,0.07031464,0.99749104
circles,fixed_phase,512,685,0.91933187,0.00767465,1.00986265
circles,fixed_phase,512,686,0.92328971,0.03455269,1.00141172
circles,fixed_phase,512,687,0.91317783,0.10811968,0.98544324
circles,fixed_phase,512,688,0.91742872,0.02267659,0.98205226
circles,fixed_phase,512,689,0.91069831,0.03555525,0.99373032
circles,fixed_phase,512,690,0.9198225,0.03016783,1.02346002
circles,fixed_phase,512,691,0.92840307,0.01245012,1.02450848
circles,fixed_phase,512,692,0.9139872,0.05030841,0.99329699
circles,fixed_phase,512,693,0.916316,0.07777071,1.0373445
circles,fixed_phase,512,694,0.91249796,1.944e-05,1.01076072
circles,fixed_phase,512,695,0.91600549,0.00357753,1.0190477
circles,fixed_phase,512,696,0.93417855,0.02419241,0.99320197
circles,fixed_phase,512,697,0.92604178,0.08924644,1.00510149
circles,fixed_phase,512,698,0.91093732,0.06438975,0.9977832
circles,fixed_phase,512,699,0.92713105,0.00012518,1.02070979
circles,fixed_phase,512,700,0.92546664,0.11352945,1.00241855
circles,fixed_phase,512,701,0.9238737,0.00583666,1.04326052
circles,fixed_phase,512,702,0.9079773,0.00152326,1.01206094
circles,fixed_phase,512,703,0.91268885,0.02690599,0.98883221
circles,fixed_phase,512,704,0.91550151,0.09243577,1.02810786
circles,fixed_phase,512,705,0.92279375,0.03734092,0.98526084
circles,fixed_phase,512,706,0.92888364,0.01029969,0.99309963
circles,fixed_phase,512,707,0.92461207,0.01987131,0.99358708
circles,fixed_phase,512,708,0.91793155,0.00790921,1.00292444
circles,fixed_phase,512,709,0.91787634,0.06889289,0.99376986
circles,fixed_phase,512,710,0.91837987,0.00351733,0.9923502
circles,fixed_phase,512,711,0.92221579,0.08635771,1.00678896
circles,fixed_phase,512,712,0.90445981,0.02166125,0.98512821
circles,fixed_phase,512,713,0.9173316,0.00250304,0.97461656
circles,fixed_phase,512,714,0.92275497,0.02150044,1.00283464
circles,fixed_phase,512,715,0.91378644,0.00550106,1.00921899
circles,fixed_phase,512,716,0.91432912,0.01342175,0.97843996
circles,fixed_phase,512,717,0.92574991,0.04941675,0.99502217
circles,fixed_phase,512,718,0.91681182,0.04141124,0.98346447
circles,fixed_phase,512,719,0.9199398,0.0554175,1.00699606
circles,fixed_phase,512,720,0.90762877,0.0020007,1.00319139
circles,fixed_phase,512,721,0.92616295,0.02994211,1.00072311
circles,fixed_phase,512,722,0.92593019,0.00898132,0.99881851
circles,fixed_phase,512,723,0.92350204,0.02411686,0.99433969
circles,fixed_phase,512,724,0.92354788,0.01228758,0.98102828
circles,fixed_phase,512,725,0.92558182,0.07909522,0.99652986
circles,fixed_phase,512,726,0.923717,0.04212647,1.01112411
circles,fixed_phase,512,727,0.92482402,0.00194401,1.02017959
circles,fixed_phase,512,728,0.91805839,0.08157753,0.98966526
circles,fixed_phase,512,729,0.90959965,0.01925202,1.01309253
circles,fixed_phase,512,730,0.9156033,0.01196599,0.97446147
circles,fixed_phase,512,731,0.9229705,0.02037044,0.98137901
circles,fixed_phase,512,732,0.91452709,0.04036442,1.02054557
circles,fixed_phase,512,733,0.93295982,0.02595173,1.00082322
circles,fixed_phase,512,734,0.93074817,0.02661709,0.98941865
circles,fixed_phase,512,735,0.92276945,0.16281762,1.00854003
circles,fixed_phase,512,736,0.9210003,0.06558102,1.01055431
circles,fixed_phase,512,737,0.91680011,0.0403969,1.0043304
circles,fixed_phase,512,738,0.9237424,0.0237814,1.01000342
circles,fixed_phase,512,739,0.91628879,0.03072342,1.01667014
circles,fixed_phase,512,740,0.91478206,0.06016544,0.98619091
circles,fixed_phase,512,741,0.91125343,0.0726199,0.98976443
circles,fixed_phase,512,742,0.92893668,0.01977164,1.02024333
circles,fixed_phase,512,743,0.92032012,0.05837147,1.02226894
circles,fixed_phase,512,744,0.91763459,0.04581282,1.00699542
circles,fixed_phase,512,745,0.92243252,0.07213896,1.00512456
circles,fixed_phase,512,746,0.92129877,0.00550773,0.99126509
circles,fixed_phase,512,747,0.91365351,0.03353322,1.01473383
circles,fixed_phase,512,748,0.92303768,0.0847276,1.00595918
circles,fixed_phase,512,749,0.91852664,0.02362075,1.01131454
circles,fixed_phase,512,750,0.91195341,0.07187724,1.00828003
circles,fixed_phase,512,751,0.9302018,0.01660135,0.99590033
circles,fixed_phase,512,752,0.91394178,0.01607695,0.99329747
circles,fixed_phase,512,753,0.93109663,0.10180579,1.00308747
circles,fixed_phase,512,754,0.93167952,0.02061627,0.99740481
circles,fixed_phase,512,755,0.92246901,0.00482733,1.00426981
circles,fixed_phase,512,756,0.92779791,0.04029399,0.97850175
circles,fixed_phase,512,757,0.91827195,0.0116614,1.00760834
circles,fixed_phase,512,758,0.90789676,0.0594977,1.01464256
circles,fixed_phase,512,759,0.91986139,0.09682168,1.01638725
circles,fixed_phase,512,760,0.91919482,0.00889312,1.02256608
circles,fixed_phase,512,761,0.92647853,0.01306096,1.00244271
circles,fixed_phase,512,762,0.9179174,0.05981171,1.01386204
circles,fixed_phase,512,763,0.92622169,0.04896302,1.02699242
circles,fixed_phase,512,764,0.91199941,0.01029412,0.99969572
circles,fixed_phase,512,765,0.92491515,0.00480666,1.02847958
circles,fixed_phase,512,766,0.93037362,0.02560789,1.01207372
circles,fixed_phase,512,767,0.92062023,0.04716092,1.00771615
circles,fixed_phase,512,768,0.92513107,0.04848354,0.98211419
circles,fixed_phase,512,769,0.91207284,0.09643793,1.00171609
circles,fixed_phase,512,770,0.91792359,0.02857325,1.02342928
circles,fixed_phase,512,771,0.91641321,0.02734335,1.00777751
circles,fixed_phase,512,772,0.93485855,0.0509063,1.00680814
circles,fixed_phase,512,773,0.91606251,0.01098866,1.02238312
circles,fixed_phase,512,774,0.92215883,0.01214713,1.00167181
circles,fixed_phase,512,775,0.92057919,0.00055012,1.00372136
circles,fixed_phase,512,776,0.91059354,0.05355304,0.99795967
circles,fixed_phase,512,777,0.92164914,0.00405038,1.01462897
circles,fixed_phase,512,778,0.91955022,0.08284353,1.0061763
circles,fixed_phase,512,779,0.93094374,0.04005082,1.0298696
circles,fixed_phase,512,780,0.92766817,0.01705554,0.99670191
circles,fixed_phase,512,781,0.92556381,0.06278691,1.01357093
circles,fixed_phase,512,782,0.91971604,0.04998085,1.00985552
circles,fixed_phase,512,783,0.93284155,0.05052897,1.01297085
circles,fixed_phase,512,784,0.9279752,0.01597811,1.00801694
circles,fixed_phase,512,785,0.91625401,0.0440682,0.98266128
circles,fixed_phase,512,786,0.92954502,0.09402624,0.97715623
circles,fixed_phase,512,787,0.92514774,0.05827292,0.99956476
circles,fixed_phase,512,788,0.92312609,0.03085021,0.99623497
circles,fixed_phase,512,789,0.93106586,0.03656585,0.96409912
circles,fixed_phase,512,790,0.92266008,0.00612629,1.01198675
circles,fixed_phase,512,791,0.91740851,0.02748719,1.01992405
circles,fixed_phase,512,792,0.92453951,0.02423976,1.00756922
circles,fixed_phase,512,793,0.91861789,0.02049272,1.00353298
circles,fixed_phase,512,794,0.92496013,0.10065263,0.99444694
circles,fixed_phase,512,795,0.91380875,0.01724325,1.00139088
circles,fixed_phase,512,796,0.92070653,0.00039302,1.01038592
circles,fixed_phase,512,797,0.92292227,0.09988249,1.0025939
circles,fixed_phase,512,798,0.92358653,0.03416063,1.01076843
circles,fixed_phase,512,799,0.91321206,0.06469523,1.01096032
circles,fixed_phase,512,800,0.92375004,0.0434292,1.00324065
circles,fixed_phase,512,801,0.92820979,0.00515723,0.98422655
circles,fixed_phase,512,802,0.91649482,0.00826848,1.01438328
circles,fixed_phase,512,803,0.9230079,0.07267106,1.02256314
circles,fixed_phase,512,804,0.9254732,0.03454979,0.98459477
circles,fixed_phase,512,805,0.92048463,0.00349484,0.99587477
circles,fixed_phase,512,806,0.92340156,0.01061731,1.01486146
circles,fixed_phase,512,807,0.91522342,0.06522602,1.01401027
circles,fixed_phase,512,808,0.91957325,0.04219162,0.99789895
circles,fixed_phase,512,809,0.93455478,0.05476266,1.01477885
circles,fixed_phase,512,810,0.91985797,0.02366526,1.01823914
circles,fixed_phase,512,811,0.92400002,0.02480122,1.00907976
circles,fixed_phase,512,812,0.91784114,0.02308428,0.97530295
circles,fixed_phase,512,813,0.91169319,0.03574232,1.00467135
circles,fixed_phase,512,814,0.92350797,0.07413598,0.99368636
circles,fixed_phase,512,815,0.91757252,0.00166872,0.97887485
circles,fixed_phase,512,816,0.9255995,0.06077598,1.01683161
circles,fixed_phase,512,817,0.92084154,0.00705033,0.99223906
circles,fixed_phase,512,818,0.90933952,0.03793516,1.01937757
circles,fixed_phase,512,819,0.92070558,0.06697187,1.02920071
circles,fixed_phase,512,820,0.92319595,0.04094505,1.01588262
circles,fixed_phase,512,821,0.91495635,0.04418454,1.01324656
circles,fixed_phase,512,822,0.92343794,0.08618463,1.00733287
circles,fixed_phase,512,823,0.9194528,0.05480191,1.00499365
circles,fixed_phase,512,824,0.91603023,0.00594884,0.99263588
circles,fixed_phase,512,825,0.92913499,0.02458844,0.99621021
circles,fixed_phase,512,826,0.92811329,0.02809856,0.98725923
circles,fixed_phase,512,827,0.91808256,0.00894528,0.98451637
circles,fixed_phase,512,828,0.9148109,0.03805109,1.01852593
circles,fixed_phase,512,829,0.93502556,0.04972985,0.97536458
circles,fixed_phase,512,830,0.92549095,0.0824681,1.00840182
circles,fixed_phase,512,831,0.9266137,0.03733121,0.96073002
circles,fixed_phase,512,832,0.91655261,0.01959013,0.98463952
circles,fixed_phase,512,833,0.93571643,0.03802983,0.97335459
circles,fixed_phase,512,834,0.91835588,0.0560879,1.02727232
circles,fixed_phase,512,835,0.93038389,0.03024018,0.99338776
circles,fixed_phase,512,836,0.92574715,0.03856888,1.00654918
circles,fixed_phase,512,837,0.9215135,0.00848206,0.96551317
circles,fixed_phase,512,838,0.90935642,0.04367967,0.99622648
circles,fixed_phase,512,839,0.92765102,0.02579466,0.99941903
circles,fixed_phase,512,840,0.91796242,0.01292042,1.02598769
circles,fixed_phase,512,841,0.92420085,0.01352771,0.99794833
circles,fixed_phase,512,842,0.92618901,0.0025202,1.00238431
circles,fixed_phase,512,843,0.92254003,0.02317542,1.00811814
circles,fixed_phase,512,844,0.91776903,0.01309341,0.97997246
circles,fixed_phase,512,845,0.91660395,0.02230187,1.0011229
circles,fixed_phase,512,846,0.90850983,0.12862343,0.97308978
circles,fixed_phase,512,847,0.92353861,0.09713889,1.00196005
circles,fixed_phase,512,848,0.91038278,0.08958849,1.008687
circles,fixed_phase,512,849,0.9211354,0.04542797,0.99531256
circles,fixed_phase,512,850,0.93421261,0.00711907,0.98723654
circles,fixed_phase,512,851,0.90711771,0.00945606,1.00035917
circles,fixed_phase,512,852,0.93354217,0.00108863,1.0006578
circles,fixed_phase,512,853,0.90355716,0.02089637,0.99731148
circles,fixed_phase,512,854,0.91239791,0.00152574,0.99976667
circles,fixed_phase,512,855,0.93007355,0.04338377,1.01613385
circles,fixed_phase,512,856,0.92060961,0.02817785,1.02740143
circles,fixed_phase,512,857,0.92210406,0.05709551,1.0034872
circles,fixed_phase,512,858,0.92915262,0.02981254,1.00123226
circles,fixed_phase,512,859,0.92712158,0.00577071,1.0178497
circles,fixed_phase,512,860,0.93213933,0.02146941,1.00083824
circles,fixed_phase,512,861,0.92953403,0.00613066,0.98305774
circles,fixed_phase,512,862,0.91964657,0.01253512,1.00576662
circles,fixed_phase,512,863,0.92537017,0.00669409,0.99214392
circles,fixed_phase,512,864,0.93048557,0.1187205,0.99835803
circles,fixed_phase,512,865,0.92542257,0.0498528,1.01032903
circles,fixed_phase,512,866,0.9301379,0.02601607,0.99582115
circles,fixed_phase,512,867,0.92659731,0.00834695,0.98764054
circles,fixed_phase,512,868,0.92521585,0.04604914,1.01520938
circles,fixed_phase,512,869,0.93086658,0.00695928,1.0025789
circles,fixed_phase,512,870,0.91985255,0.00206495,0.98765865
circles,fixed_phase,512,871,0.92680814,0.05707306,0.98716376
circles,fixed_phase,512,872,0.920752,0.00642412,0.99091099
circles,fixed_phase,512,873,0.92430419,0.01578523,1.00817429
circles,fixed_phase,512,874,0.92686876,0.00358913,1.00412761
circles,fixed_phase,512,875,0.91424309,0.03846809,1.00970933
circles,fixed_phase,512,876,0.93618169,0.02274151,1.01145715
circles,fixed_phase,512,877,0.93045045,0.02857984,1.01784874
circles,fixed_phase,512,878,0.92376417,0.00871183,0.98421414
circles,fixed_phase,512,879,0.93684297,0.06398959,1.0179076
circles,fixed_phase,512,880,0.92285553,0.04086786,1.02289733
circles,fixed_phase,512,881,0.92736394,0.01160251,0.98521992
circles,fixed_phase,512,882,0.92646129,0.00957064,0.99455973
circles,fixed_phase,512,883,0.9179271,0.03410733,1.00962881
circles,fixed_phase,512,884,0.91867947,0.03106531,1.03045745
circles,fixed_phase,512,885,0.92413123,0.07596783,1.00168018
circles,fixed_phase,512,886,0.92169031,0.02615371,0.9792521
circles,fixed_phase,512,887,0.92161282,0.08183543,1.00194595
circles,fixed_phase,512,888,0.92211117,0.00610265,0.99627778
circles,fixed_phase,512,889,0.93522842,0.03021525,0.98102393
circles,fixed_phase,512,890,0.9204857,0.05458508,0.99914525
circles,fixed_phase,512,891,0.9225466,0.01624976,1.0075468
circles,fixed_phase,512,892,0.93015192,0.02812654,0.98971088
circles,fixed_phase,512,893,0.917225,0.07892154,1.00324217
circles,fixed_phase,512,894,0.92369865,0.04329955,1.0008178
circles,fixed_phase,512,895,0.92859815,0.04514991,0.98479558
circles,fixed_phase,512,896,0.92297741,0.05505578,0.98847911
circles,fixed_phase,512,897,0.93096575,0.01473711,0.96904221
circles,fixed_phase,512,898,0.91321223,0.03292093,1.01692936
circles,fixed_phase,512,899,0.92961212,0.05760235,1.00980764
circles,fixed_phase,512,900,0.92548493,0.03662417,0.99188624
circles,fixed_phase,512,901,0.934411,0.04112098,0.9926549
circles,fixed_phase,512,902,0.93096117,0.02774614,0.98851477
circles,fixed_phase,512,903,0.92557828,0.05285344,0.985232
circles,fixed_phase,512,904,0.92748192,0.05542789,1.03033363
circles,fixed_phase,512,905,0.92480928,0.06762683,0.98413663
circles,fixed_phase,512,906,0.92193884,0.01015876,1.00032557
circles,fixed_phase,512,907,0.92176946,0.01566115,1.00218564
circles,fixed_phase,512,908,0.93365935,0.10336702,1.02729203
circles,fixed_phase,512,909,0.9188836,0.00471679,1.00838787
circles,fixed_phase,512,910,0.9323963,0.01648654,1.01641382
circles,fixed_phase,512,911,0.92066794,0.04146979,0.99791418
circles,fixed_phase,512,912,0.92200177,0.02157281,1.01271455
circles,fixed_phase,512,913,0.91891328,0.01634258,1.00082991
circles,fixed_phase,512,914,0.93010214,0.0466005,1.01510418
circles,fixed_phase,512,915,0.91847032,0.05422121,0.98144309
circles,fixed_phase,512,916,0.92545046,0.04785539,1.02992459
circles,fixed_phase,512,917,0.92733693,0.00735939,1.00115043
circles,fixed_phase,512,918,0.92495434,0.00501726,0.99374951
circles,fixed_phase,512,919,0.91038428,0.09132388,0.99613918
circles,fixed_phase,512,920,0.92123201,0.06205991,0.99463634
circles,fixed_phase,512,921,0.92572153,0.00109188,0.99736702
circles,fixed_phase,512,922,0.93599354,0.07439692,0.98764827
circles,fixed_phase,512,923,0.91626077,0.03906912,0.99021051
circles,fixed_phase,512,924,0.92633133,0.06126879,1.00033135
circles,fixed_phase,512,925,0.92504878,0.05462818,0.97823254
circles,fixed_phase,512,926,0.92385659,0.06241674,0.98546465
circles,fixed_phase,512,927,0.91665287,0.0026452,0.98884859
circles,fixed_phase,512,928,0.93521212,0.02608477,0.99625139
circles,fixed_phase,512,929,0.92485803,0.03054103,1.02359903
circles,fixed_phase,512,930,0.92017618,0.08318869,1.00035483
circles,fixed_phase,512,931,0.93214987,0.03479354,0.99406347
circles,fixed_phase,512,932,0.91529237,0.01371341,0.98649786
circles,fixed_phase,512,933,0.91754116,0.01602071,1.00013755
circles,fixed_phase,512,934,0.92373979,0.10971078,1.01031995
circles,fixed_phase,512,935,0.91231094,0.07053258,0.99134447
circles,fixed_phase,512,936,0.92570618,0.04740075,0.99476642
circles,fixed_phase,512,937,0.92686944,0.00160493,0.97574078
circles,fixed_phase,512,938,0.92601582,0.01918602,0.97056803
circles,fixed_phase,512,939,0.92458615,0.05967504,0.97276036
circles,fixed_phase,512,940,0.92716469,0.02960547,1.02758892
circles,fixed_phase,512,941,0.91557752,0.06492659,1.01356297
circles,fixed_phase,512,942,0.92097116,0.0196007,1.02050152
circles,fixed_phase,512,943,0.93035153,0.015934,1.01879398
circles,fixed_phase,512,944,0.92749143,0.02301919,1.00645505
circles,fixed_phase,512,945,0.91606037,0.01753652,1.0090223
circles,fixed_phase,512,946,0.92417086,0.0197603,0.99709584
circles,fixed_phase,512,947,0.9218847,0.00757439,1.00961291
circles,fixed_phase,512,948,0.92893091,0.00753734,1.00414414
circles,fixed_phase,512,949,0.91822879,0.01162819,0.97254256
circles,fixed_phase,512,950,0.9203785,0.08029301,1.01724481
circles,fixed_phase,512,951,0.90802696,0.04879747,1.00092207
circles,fixed_phase,512,952,0.92978905,0.02347187,0.9902191
circles,fixed_phase,512,953,0.90895844,0.02753316,1.00166343
circles,fixed_phase,512,954,0.92585386,0.06198233,0.9860689
circles,fixed_phase,512,955,0.91564564,0.0222029,1.00702452
circles,fixed_phase,512,956,0.92656561,0.03135035,1.01414391
circles,fixed_phase,512,957,0.92566336,0.09929639,1.0101593
circles,fixed_phase,512,958,0.92213706,0.02810592,0.99930322
circles,fixed_phase,512,959,0.9214196,0.00590212,1.00742469
circles,fixed_phase,512,960,0.93091209,0.01727832,1.00539386
circles,fixed_phase,512,961,0.91192737,0.03182162,1.03982883
circles,fixed_phase,512,962,0.93591173,0.02676863,0.97852642
circles,fixed_phase,512,963,0.91791198,0.05484442,1.02898025
circles,fixed_phase,512,964,0.922992,0.0422011,1.01398133
circles,fixed_phase,512,965,0.92380571,0.04539958,0.98224387
circles,fixed_phase,512,966,0.91974662,0.01100368,0.99551512
circles,fixed_phase,512,967,0.92013694,0.04242726,1.00175168
circles,fixed_phase,512,968,0.92535518,0.04876645,0.97195294
circles,fixed_phase,512,969,0.92860779,0.04393155,0.9979259
circles,fixed_phase,512,970,0.92821287,0.11487739,0.99749193
circles,fixed_phase,512,971,0.92682213,0.00431905,1.02134594
circles,fixed_phase,512,972,0.93283869,0.00444108,1.00266677
circles,fixed_phase,512,973,0.91396862,0.01877644,0.99269119
circles,fixed_phase,512,974,0.92347603,0.04178657,1.01799131
circles,fixed_phase,512,975,0.92883026,0.08258492,1.00550076
circles,fixed_phase,512,976,0.92688822,0.04485447,0.98993716
circles,fixed_phase,512,977,0.91798126,0.03721264,1.00386788
circles,fixed_phase,512,978,0.91324232,0.11674698,0.99473975
circles,fixed_phase,512,979,0.92064734,0.00181343,0.99624717
circles,fixed_phase,512,980,0.9241489,0.13585037,0.98754966
circles,fixed_phase,512,981,0.91933035,0.05894221,0.99312752
circles,fixed_phase,512,982,0.93406865,0.02614447,0.98423992
circles,fixed_phase,512,983,0.91882275,0.01050212,0.98047608
circles,fixed_phase,512,984,0.91437654,0.11710526,1.01930916
circles,fixed_phase,512,985,0.9221181,0.02716608,1.00988005
circles,fixed_phase,512,986,0.92479229,0.03524052,0.99596415
circles,fixed_phase,512,987,0.91851547,0.00268728,0.99623183
circles,fixed_phase,512,988,0.91487705,0.00618906,0.99185327
circles,fixed_phase,512,989,0.91779551,0.02147223,0.96353446
circles,fixed_phase,512,990,0.93448439,0.08463797,0.99873452
circles,fixed_phase,512,991,0.92638398,0.03145781,1.00020667
circles,fixed_phase,512,992,0.91971466,0.06398504,1.01086737
circles,fixed_phase,512,993,0.92298884,0.06553213,0.97844058
circles,fixed_phase,512,994,0.91636852,0.02143568,0.98801245
circles,fixed_phase,512,995,0.92109261,0.07399902,0.99430553
circles,fixed_phase,512,996,0.92913481,0.0184994,0.96191356
circles,fixed_phase,512,997,0.93225016,0.00026624,0.97325133
circles,fixed_phase,512,998,0.91454848,0.07733806,0.99892487
circles,fixed_phase,512,999,0.91790401,0.00103987,0.99572821
circles,fixed_phase,1024,0,0.91871639,0.06780017,1.0311764
circles,fixed_phase,1024,1,0.92529278,0.01713079,1.00337318
circles,fixed_phase,1024,2,0.92079361,0.0448457,0.99916055
circles,fixed_phase,1024,3,0.91362245,0.01536928,0.99323559
circles,fixed_phase,1024,4,0.92816226,0.0289145,1.01775292
circles,fixed_phase,1024,5,0.92434675,0.00629015,0.98444547
circles,fixed_phase,1024,6,0.91870123,0.04307954,0.99399082
circles,fixed_phase,1024,7,0.91937484,0.07979288,1.00319064
circles,fixed_phase,1024,8,0.93081747,0.02085409,0.98179407
circles,fixed_phase,1024,9,0.92595155,0.00969129,0.95901965
circles,fixed_phase,1024,10,0.91813253,0.01922768,1.01997602
circles,fixed_phase,1024,11,0.91522383,0.01117906,1.01281916
circles,fixed_phase,1024,12,0.92637325,0.02095344,0.99801251
circles,fixed_phase,1024,13,0.92705181,0.09379,1.00272398
circles,fixed_phase,1024,14,0.9197571,0.01970247,0.99633653
circles,fixed_phase,1024,15,0.93189117,0.02596264,1.00985813
circles,fixed_phase,1024,16,0.90740734,0.05478672,1.00415738
circles,fixed_phase,1024,17,0.92128625,0.02773494,1.00325051
circles,fixed_phase,1024,18,0.91879321,0.04593596,1.01729384
circles,fixed_phase,1024,19,0.93684292,0.03235083,1.02536039
circles,fixed_phase,1024,20,0.92546932,0.01874775,0.99023659
circles,fixed_phase,1024,21,0.91692298,0.09518022,1.00694503
circles,fixed_phase,1024,22,0.92208874,0.03214731,1.01119328
circles,fixed_phase,1024,23,0.91466861,0.00705533,1.00328485
circles,fixed_phase,1024,24,0.93078076,0.05096402,1.01570852
circles,fixed_phase,1024,25,0.92482525,0.05776464,1.01084701
circles,fixed_phase,1024,26,0.9190712,0.0249514,0.99230976
circles,fixed_phase,1024,27,0.91458609,0.00120969,0.97267685
circles,fixed_phase,1024,28,0.92457415,0.07774885,1.00922318
circles,fixed_phase,1024,29,0.91529906,0.00871285,0.98200202
circles,fixed_phase,1024,30,0.91367348,0.00969582,0.96640223
circles,fixed_phase,1024,31,0.91269324,0.0475618,1.00494736
circles,fixed_phase,1024,32,0.91028982,0.02817045,0.99438264
circles,fixed_phase,1024,33,0.92258841,0.03247153,1.01235807
circles,fixed_phase,1024,34,0.92854939,0.02233645,0.99898136
circles,fixed_phase,1024,35,0.92124603,0.12223205,0.99195295
circles,fixed_phase,1024,36,0.92299471,0.04496091,0.99177173
circles,fixed_phase,1024,37,0.91467217,0.0299436,0.98420611
circles,fixed_phase,1024,38,0.92063442,0.0188089,0.99748291
circles,fixed_phase,1024,39,0.92468227,0.03669034,0.99120884
circles,fixed_phase,1024,40,0.93063788,0.03581186,1.00781699
circles,fixed_phase,1024,41,0.91878971,0.04323281,0.98276701
circles,fixed_phase,1024,42,0.91628331,0.03377672,1.00111627
circles,fixed_phase,1024,43,0.91543664,0.02377679,1.03164193
circles,fixed_phase,1024,44,0.92190499,0.0360695,0.99254997
circles,fixed_phase,1024,45,0.92452858,0.04539694,0.98996851
circles,fixed_phase,1024,46,0.9130308,0.02725584,1.02113057
circles,fixed_phase,1024,47,0.92808421,0.04067043,1.00530011
circles,fixed_phase,1024,48,0.91616733,0.00070754,0.98972691
circles,fixed_phase,1024,49,0.91994972,0.04760485,0.998185
circles,fixed_phase,1024,50,0.92902772,0.04176577,0.98847888
circles,fixed_phase,1024,51,0.9134228,0.02168882,1.00887616
circles,fixed_phase,1024,52,0.92530476,0.01633441,1.0073962
circles,fixed_phase,1024,53,0.91673054,0.04206191,1.00155337
circles,fixed_phase,1024,54,0.9247616,0.02855519,0.99957921
circles,fixed_phase,1024,55,0.92515909,0.03307978,0.97302671
circles,fixed_phase,1024,56,0.92824045,0.0548817,1.00837232
circles,fixed_phase,1024,57,0.92546161,0.10604839,0.99399538
circles,fixed_phase,1024,58,0.92186995,0.01983019,1.0022202
circles,fixed_phase,1024,59,0.92569992,0.04443418,0.99550619
circles,fixed_phase,1024,60,0.9273118,0.04162459,1.00709133
circles,fixed_phase,1024,61,0.91634817,0.01947102,0.99435964
circles,fixed_phase,1024,62,0.91359255,0.04305771,0.99075842
circles,fixed_phase,1024,63,0.92767391,0.1212716,1.00416066
circles,fixed_phase,1024,64,0.93416696,0.04061433,1.02999176
circles,fixed_phase,1024,65,0.92112094,0.00394626,1.00887874
circles,fixed_phase,1024,66,0.91877039,0.03778271,0.99041655
circles,fixed_phase,1024,67,0.92433405,0.00491952,1.00096369
circles,fixed_phase,1024,68,0.92530417,0.06952306,1.00329316
circles,fixed_phase,1024,69,0.92536514,0.00215732,0.98571784
circles,fixed_phase,1024,70,0.92153879,0.01655072,0.97475567
circles,fixed_phase,1024,71,0.93591261,0.01985854,0.99095713
circles,fixed_phase,1024,72,0.92308173,0.07702667,0.95424136
circles,fixed_phase,1024,73,0.91553411,0.02151287,1.00921032
circles,fixed_phase,1024,74,0.92106484,0.062111,0.98443117
circles,fixed_phase,1024,75,0.92690236,0.02327092,0.99734077
circles,fixed_phase,1024,76,0.91662055,0.04572944,1.00888241
circles,fixed_phase,1024,77,0.92092307,0.04335151,0.98403453
circles,fixed_phase,1024,78,0.91751367,0.02826695,0.99578034
circles,fixed_phase,1024,79,0.93436939,0.04411014,0.97796514
circles,fixed_phase,1024,80,0.93415422,0.00719943,1.01276302
circles,fixed_phase,1024,81,0.91578391,0.04245124,0.99061828
circles,fixed_phase,1024,82,0.92171663,0.00831196,1.00404919
circles,fixed_phase,1024,83,0.92307799,0.00229583,1.01268962
circles,fixed_phase,1024,84,0.92467865,0.05985374,1.0015303
circles,fixed_phase,1024,85,0.92245145,0.06120551,0.99048406
circles,fixed_phase,1024,86,0.91757054,0.01028154,1.00497712
circles,fixed_phase,1024,87,0.91767626,0.01151039,1.01717767
circles,fixed_phase,1024,88,0.92113343,0.08721883,0.99506705
circles,fixed_phase,1024,89,0.91872793,0.03235431,1.01328703
circles,fixed_phase,1024,90,0.91984393,0.06002016,0.97623683
circles,fixed_phase,1024,91,0.92708027,0.02766628,1.00923084
circles,fixed_phase,1024,92,0.91995321,0.07936131,0.99657342
circles,fixed_phase,1024,93,0.91465564,0.00092556,1.02263843
circles,fixed_phase,1024,94,0.92461139,0.02157431,0.99946065
circles,fixed_phase,1024,95,0.92524096,0.01811492,1.02725183
circles,fixed_phase,1024,96,0.92815973,0.09053571,1.00176608
circles,fixed_phase,1024,97,0.92639569,0.01714337,0.97695645
circles,fixed_phase,1024,98,0.9226953,0.02018547,1.00835943
circles,fixed_phase,1024,99,0.92565104,0.05481346,0.98078008
circles,fixed_phase,1024,100,0.92814183,0.01735991,1.00486102
circles,fixed_phase,1024,101,0.93356958,0.08194325,1.00683443
circles,fixed_phase,1024,102,0.92896531,0.0772019,0.98866449
circles,fixed_phase,1024,103,0.92017077,0.00672785,1.02503737
circles,fixed_phase,1024,104,0.91180229,0.02524479,0.99999066
circles,fixed_phase,1024,105,0.91862629,0.05241974,0.98486262
circles,fixed_phase,1024,106,0.93178942,0.07608958,0.98890859
circles,fixed_phase,1024,107,0.92296718,0.00716571,0.97631959
circles,fixed_phase,1024,108,0.92948751,0.01237963,1.00610405
circles,fixed_phase,1024,109,0.91897253,0.0098181,0.97700974
circles,fixed_phase,1024,110,0.92528181,0.08846867,1.0114968
circles,fixed_phase,1024,111,0.92076211,0.01296023,0.99990463
circles,fixed_phase,1024,112,0.92188024,0.00344666,0.9929857
circles,fixed_phase,1024,113,0.91984523,0.00718648,1.04123876
circles,fixed_phase,1024,114,0.91848829,0.0725632,0.98661891
circles,fixed_phase,1024,115,0.92138941,0.04888837,0.99802135
circles,fixed_phase,1024,116,0.90424067,0.00055422,0.99751578
circles,fixed_phase,1024,117,0.91630124,0.00808926,1.02001105
circles,fixed_phase,1024,118,0.93113777,0.03139331,0.97415629
circles,fixed_phase,1024,119,0.92156951,0.04454637,0.99921798
circles,fixed_phase,1024,120,0.92538677,0.15814215,0.99527011
circles,fixed_phase,1024,121,0.92904692,0.01183146,0.99641461
circles,fixed_phase,1024,122,0.9230269,0.03752036,0.98488194
circles,fixed_phase,1024,123,0.91901245,0.05952337,0.97486975
circles,fixed_phase,1024,124,0.92908166,0.10583544,1.02781087
circles,fixed_phase,1024,125,0.92261555,0.01063715,1.00205296
circles,fixed_phase,1024,126,0.92765954,0.04433984,0.99106655
circles,fixed_phase,1024,127,0.92289756,0.00865747,0.97518412
circles,fixed_phase,1024,128,0.92754531,0.01748652,1.00186578
circles,fixed_phase,1024,129,0.9278538,0.01947238,0.98981992
circles,fixed_phase,1024,130,0.92255354,0.03189056,0.97828186
circles,fixed_phase,1024,131,0.92512834,0.01808694,1.00394895
circles,fixed_phase,1024,132,0.9190719,0.05495093,1.0130206
circles,fixed_phase,1024,133,0.91468406,0.00351332,1.00566987
circles,fixed_phase,1024,134,0.92320304,0.07938194,0.98512283
circles,fixed_phase,1024,135,0.91612865,0.04728387,0.98217844
circles,fixed_phase,1024,136,0.92087419,0.01221916,1.00102304
circles,fixed_phase,1024,137,0.92517357,0.04358872,1.0131071
circles,fixed_phase,1024,138,0.92142259,0.02883629,1.00955072
circles,fixed_phase,1024,139,0.91473585,0.00503463,0.99959338
circles,fixed_phase,1024,140,0.92662083,0.0402414,1.00400958
circles,fixed_phase,1024,141,0.91577934,0.03308798,0.98835997
circles,fixed_phase,1024,142,0.92032995,0.01086913,1.00434393
circles,fixed_phase,1024,143,0.91397998,0.04135982,1.02425317
circles,fixed_phase,1024,144,0.92953226,0.03398557,1.01978497
circles,fixed_phase,1024,145,0.91827538,0.03371328,1.02512099
circles,fixed_phase,1024,146,0.916135,0.05012242,0.99316482
circles,fixed_phase,1024,147,0.91696455,0.06574918,0.98887487
circles,fixed_phase,1024,148,0.91170208,0.01686509,0.99031519
circles,fixed_phase,1024,149,0.93377483,0.00698521,0.99742289
circles,fixed_phase,1024,150,0.92197908,0.01051272,1.0062681
circles,fixed_phase,1024,151,0.92244633,0.03969351,0.99924711
circles,fixed_phase,1024,152,0.92025714,0.05219756,0.98811675
circles,fixed_phase,1024,153,0.90419935,0.00814366,0.99229422
circles,fixed_phase,1024,154,0.91782356,0.01065042,0.99264189
circles,fixed_phase,1024,155,0.92545034,0.02616662,1.01083614
circles,fixed_phase,1024,156,0.92685431,0.01492982,0.97452064
circles,fixed_phase,1024,157,0.92896468,0.03779008,1.01105293
circles,fixed_phase,1024,158,0.9229286,0.04125454,1.01379132
circles,fixed_phase,1024,159,0.91816586,0.02716773,0.99284125
circles,fixed_phase,1024,160,0.9229864,0.00386828,0.99704183
circles,fixed_phase,1024,161,0.93276245,0.04937054,1.01554806
circles,fixed_phase,1024,162,0.92407527,0.08493716,0.9974477
circles,fixed_phase,1024,163,0.92406704,0.01996918,0.99955568
circles,fixed_phase,1024,164,0.92698325,0.08037236,0.97761031
circles,fixed_phase,1024,165,0.91575449,0.05281729,0.99889076
circles,fixed_phase,1024,166,0.92526355,0.09400127,1.00054009
circles,fixed_phase,1024,167,0.91574668,0.04821861,0.99900845
circles,fixed_phase,1024,168,0.91189642,0.02841668,1.03593249
circles,fixed_phase,1024,169,0.92623941,0.01989261,1.00978607
circles,fixed_phase,1024,170,0.9202044,0.00279251,0.97828854
circles,fixed_phase,1024,171,0.91177707,0.03603852,0.99045085
circles,fixed_phase,1024,172,0.92160404,0.00076485,0.98636273
circles,fixed_phase,1024,173,0.92366973,0.05840936,1.00540125
circles,fixed_phase,1024,174,0.91209667,0.0140005,1.00086585
circles,fixed_phase,1024,175,0.92527069,0.17621591,1.00126014
circles,fixed_phase,1024,176,0.92174074,0.04825317,1.02581839
circles,fixed_phase,1024,177,0.91611047,0.04653442,1.00722533
circles,fixed_phase,1024,178,0.9205025,0.0569661,1.01965042
circles,fixed_phase,1024,179,0.92345487,0.02184427,1.01852312
circles,fixed_phase,1024,180,0.91839665,0.05656187,0.99740443
circles,fixed_phase,1024,181,0.92673956,0.08800794,1.01226876
circles,fixed_phase,1024,182,0.90940231,0.04163453,1.00935934
circles,fixed_phase,1024,183,0.91661665,0.00959137,0.97129521
circles,fixed_phase,1024,184,0.92344204,0.00858959,0.99024664
circles,fixed_phase,1024,185,0.91909118,0.03583345,0.99560675
circles,fixed_phase,1024,186,0.92346037,0.00768755,1.01497137
circles,fixed_phase,1024,187,0.91625517,0.10505517,1.01566022
circles,fixed_phase,1024,188,0.92338746,0.12309163,0.99902918
circles,fixed_phase,1024,189,0.92280326,0.05660586,0.99060038
circles,fixed_phase,1024,190,0.9189718,0.07024327,0.99331425
circles,fixed_phase,1024,191,0.90997657,0.05743702,0.99002038
circles,fixed_phase,1024,192,0.92363404,0.11124836,0.99272085
circles,fixed_phase,1024,193,0.92172732,0.0523389,0.99980818
circles,fixed_phase,1024,194,0.92208862,0.0739713,1.00914229
circles,fixed_phase,1024,195,0.9180285,0.0053109,0.99127542
circles,fixed_phase,1024,196,0.92065801,0.06487768,0.98173398
circles,fixed_phase,1024,197,0.92335247,0.12601717,0.98905555
circles,fixed_phase,1024,198,0.93075122,0.10163447,1.03216679
circles,fixed_phase,1024,199,0.92164908,0.05284552,0.99456681
circles,fixed_phase,1024,200,0.92171019,0.0327699,1.02198429
circles,fixed_phase,1024,201,0.91638101,0.02124742,1.01750638
circles,fixed_phase,1024,202,0.92192292,0.01237688,0.97315737
circles,fixed_phase,1024,203,0.92170544,0.0603043,1.01564888
circles,fixed_phase,1024,204,0.9124152,0.01703422,1.03591712
circles,fixed_phase,1024,205,0.92287815,0.01575593,0.99403786
circles,fixed_phase,1024,206,0.93298988,0.05277282,1.00895169
circles,fixed_phase,1024,207,0.91882082,0.10332336,0.99249121
circles,fixed_phase,1024,208,0.91393022,0.00441896,1.01041298
circles,fixed_phase,1024,209,0.92032188,0.00170837,1.02229193
circles,fixed_phase,1024,210,0.91546709,0.02386054,1.01889049
circles,fixed_phase,1024,211,0.92971537,0.04928483,0.9765438
circles,fixed_phase,1024,212,0.91998818,0.04397193,0.98737125
circles,fixed_phase,1024,213,0.92794378,0.03901166,1.02524879
circles,fixed_phase,1024,214,0.92508569,0.0568225,0.99924307
circles,fixed_phase,1024,215,0.92750072,0.03603183,0.97523166
circles,fixed_phase,1024,216,0.91698979,0.0025423,1.01588212
circles,fixed_phase,1024,217,0.91746778,0.01438128,1.00560018
circles,fixed_phase,1024,218,0.92185537,0.09252179,0.99446789
circles,fixed_phase,1024,219,0.91130123,0.04097747,0.98931365
circles,fixed_phase,1024,220,0.91817539,0.01875194,1.00936017
circles,fixed_phase,1024,221,0.92412377,0.04307249,1.01322592
circles,fixed_phase,1024,222,0.91783344,0.0263643,1.00084079
circles,fixed_phase,1024,223,0.93144724,0.01369956,0.98635767
circles,fixed_phase,1024,224,0.92727494,0.08115521,0.97833746
circles,fixed_phase,1024,225,0.92780401,0.04261649,1.01127275
circles,fixed_phase,1024,226,0.92020672,0.00058421,1.00588432
circles,fixed_phase,1024,227,0.9250989,0.02504665,0.98841402
circles,fixed_phase,1024,228,0.91034846,0.02752298,1.01691396
circles,fixed_phase,1024,229,0.91935307,0.02596989,0.98641902
circles,fixed_phase,1024,230,0.91599635,0.00018522,0.99235073
circles,fixed_phase,1024,231,0.91458001,0.02500813,1.02238258
circles,fixed_phase,1024,232,0.92077277,0.07204692,1.00095112
circles,fixed_phase,1024,233,0.9243886,0.0113774,1.00988475
circles,fixed_phase,1024,234,0.92630757,0.08247553,1.02168497
circles,fixed_phase,1024,235,0.92551639,0.01554638,0.99125621
circles,fixed_phase,1024,236,0.91559865,0.03730768,0.98166514
circles,fixed_phase,1024,237,0.9227073,0.02152599,0.95003616
circles,fixed_phase,1024,238,0.92388235,0.16687264,1.00593639
circles,fixed_phase,1024,239,0.92305281,0.00248895,0.9904703
circles,fixed_phase,1024,240,0.92321486,0.03837591,1.01243335
circles,fixed_phase,1024,241,0.9111969,0.03715017,1.02431084
circles,fixed_phase,1024,242,0.91974636,0.04707457,1.0071274
circles,fixed_phase,1024,243,0.91651168,0.00182905,1.00845777
circles,fixed_phase,1024,244,0.93416365,0.05545022,0.99156007
circles,fixed_phase,1024,245,0.92425665,0.04565715,0.97121352
circles,fixed_phase,1024,246,0.93117939,0.06740414,1.01799187
circles,fixed_phase,1024,247,0.92690888,0.0135272,1.00761098
circles,fixed_phase,1024,248,0.91732339,0.05696321,0.9826335
circles,fixed_phase,1024,249,0.91286969,0.01691726,0.99016579
circles,fixed_phase,1024,250,0.9156848,0.03146584,0.99711829
circles,fixed_phase,1024,251,0.91769211,0.04055717,0.99214222
circles,fixed_phase,1024,252,0.92840884,0.08526347,0.97939308
circles,fixed_phase,1024,253,0.93103382,0.00927776,0.98954796
circles,fixed_phase,1024,254,0.91336562,0.0104146,1.00455197
circles,fixed_phase,1024,255,0.92645501,0.01012333,0.99979984
circles,fixed_phase,1024,256,0.91631954,0.0291424,0.97783701
circles,fixed_phase,1024,257,0.91262414,0.02412058,0.98432178
circles,fixed_phase,1024,258,0.92732909,0.0349223,0.99509478
circles,fixed_phase,1024,259,0.91907509,0.1533847,0.99406959
circles,fixed_phase,1024,260,0.91706141,0.03283996,0.98068653
circles,fixed_phase,1024,261,0.93491686,0.00862567,1.00969114
circles,fixed_phase,1024,262,0.91601738,0.0002853,1.01813272
circles,fixed_phase,1024,263,0.92990471,0.0800322,1.00342677
circles,fixed_phase,1024,264,0.91898591,0.01564138,1.02473891
circles,fixed_phase,1024,265,0.93040497,0.02689595,0.99225963
circles,fixed_phase,1024,266,0.91790448,0.04057628,1.00366401
circles,fixed_phase,1024,267,0.91431252,0.07151368,1.01151496
circles,fixed_phase,1024,268,0.90943754,0.06807155,0.9898981
circles,fixed_phase,1024,269,0.91495652,0.04864572,0.97777653
circles,fixed_phase,1024,270,0.92333052,0.12487826,1.0060792
circles,fixed_phase,1024,271,0.92689464,0.04695541,0.98332165
circles,fixed_phase,1024,272,0.92332261,0.07935487,0.99798681
circles,fixed_phase,1024,273,0.91527861,0.01517683,0.9933427
circles,fixed_phase,1024,274,0.9315742,0.05505027,0.99959733
circles,fixed_phase,1024,275,0.91177296,0.00861432,0.99526927
circles,fixed_phase,1024,276,0.93307683,0.03961588,0.98560242
circles,fixed_phase,1024,277,0.93067169,0.01878651,1.01320211
circles,fixed_phase,1024,278,0.92149038,0.07800883,1.00825763
circles,fixed_phase,1024,279,0.9304011,0.03316562,1.01395701
circles,fixed_phase,1024,280,0.92783959,0.05148045,0.99567494
circles,fixed_phase,1024,281,0.91977328,0.0161671,1.01794612
circles,fixed_phase,1024,282,0.92601822,0.01718412,1.02811113
circles,fixed_phase,1024,283,0.92493872,0.03272519,0.97682803
circles,fixed_phase,1024,284,0.92253541,0.02991787,0.99058019
circles,fixed_phase,1024,285,0.92508323,0.07745689,1.02388158
circles,fixed_phase,1024,286,0.91272232,0.00575335,1.01318675
circles,fixed_phase,1024,287,0.9147441,0.02823886,1.0051194
circles,fixed_phase,1024,288,0.92066141,0.02067455,0.99790676
circles,fixed_phase,1024,289,0.92160365,0.01069616,1.01978933
circles,fixed_phase,1024,290,0.92578887,0.01577611,1.01873939
circles,fixed_phase,1024,291,0.9176714,0.06733207,0.99958156
circles,fixed_phase,1024,292,0.9153287,0.05015488,0.99846534
circles,fixed_phase,1024,293,0.93359167,0.02456164,1.01025211
circles,fixed_phase,1024,294,0.9219085,0.00954294,1.00535492
circles,fixed_phase,1024,295,0.92100563,0.04419519,0.99613676
circles,fixed_phase,1024,296,0.92387099,0.07966601,1.03358648
circles,fixed_phase,1024,297,0.91123761,0.02644958,1.0068487
circles,fixed_phase,1024,298,0.93032241,0.10392964,0.98882122
circles,fixed_phase,1024,299,0.90937702,0.02162176,0.99906296
circles,fixed_phase,1024,300,0.92247028,0.05918181,0.99065589
circles,fixed_phase,1024,301,0.92755616,0.04970602,1.02545307
circles,fixed_phase,1024,302,0.92758402,0.00269981,1.00914657
circles,fixed_phase,1024,303,0.92156208,0.01778883,0.99843888
circles,fixed_phase,1024,304,0.90686581,0.05946931,1.00747511
circles,fixed_phase,1024,305,0.92139581,0.02227065,0.98767819
circles,fixed_phase,1024,306,0.93071497,0.00555315,0.97563031
circles,fixed_phase,1024,307,0.92023451,0.02270323,1.00208814
circles,fixed_phase,1024,308,0.92473598,0.02832898,1.00041208
circles,fixed_phase,1024,309,0.91702888,0.00165091,0.99481104
circles,fixed_phase,1024,310,0.92550248,0.03486577,0.9785462
circles,fixed_phase,1024,311,0.92827405,0.00530793,1.02368117
circles,fixed_phase,1024,312,0.92764111,0.01368982,0.96162581
circles,fixed_phase,1024,313,0.9134597,0.01723107,1.00475229
circles,fixed_phase,1024,314,0.91812516,0.01246324,0.99290573
circles,fixed_phase,1024,315,0.92461593,0.01649633,1.01046475
circles,fixed_phase,1024,316,0.92400801,0.05264097,1.0108509
circles,fixed_phase,1024,317,0.92583315,0.06243953,1.00700122
circles,fixed_phase,1024,318,0.92295889,0.07383648,0.97371621
circles,fixed_phase,1024,319,0.93124796,0.07924029,0.99727842
circles,fixed_phase,1024,320,0.92033761,0.04938655,0.96390071
circles,fixed_phase,1024,321,0.92306939,0.02603856,0.99052629
circles,fixed_phase,1024,322,0.9238335,0.02927478,0.98354877
circles,fixed_phase,1024,323,0.92094225,0.02834075,1.01205567
circles,fixed_phase,1024,324,0.91911698,0.0181751,1.01226751
circles,fixed_phase,1024,325,0.92455183,0.05392715,0.99576456
circles,fixed_phase,1024,326,0.91658166,0.02341233,1.0229116
circles,fixed_phase,1024,327,0.91189975,0.02078479,0.99508989
circles,fixed_phase,1024,328,0.92489495,0.02281263,1.00455661
circles,fixed_phase,1024,329,0.92131118,0.07608446,0.9903323
circles,fixed_phase,1024,330,0.9278144,0.0643255,1.03545752
circles,fixed_phase,1024,331,0.92229553,0.01684239,1.0082193
circles,fixed_phase,1024,332,0.92693816,0.03620154,1.00218568
circles,fixed_phase,1024,333,0.92719295,0.06566962,1.02120958
circles,fixed_phase,1024,334,0.91761538,0.06371293,0.9797951
circles,fixed_phase,1024,335,0.92256991,0.0072367,0.99397604
circles,fixed_phase,1024,336,0.93091902,0.01880199,0.9855432
circles,fixed_phase,1024,337,0.92297029,0.02646111,1.01945119
circles,fixed_phase,1024,338,0.91920536,0.04590263,1.01240636
circles,fixed_phase,1024,339,0.92712789,0.03888752,1.00050062
circles,fixed_phase,1024,340,0.92907554,0.01161488,0.98619338
circles,fixed_phase,1024,341,0.92301149,0.00846557,1.02201776
circles,fixed_phase,1024,342,0.92169947,0.01105039,0.98728761
circles,fixed_phase,1024,343,0.91239189,0.04187285,0.99344208
circles,fixed_phase,1024,344,0.92363115,5.422e-05,0.9886871
circles,fixed_phase,1024,345,0.9200768,0.08315469,1.01481418
circles,fixed_phase,1024,346,0.92195434,0.03804404,0.96891973
circles,fixed_phase,1024,347,0.92293326,0.03410895,0.98281469
circles,fixed_phase,1024,348,0.90915969,0.00915145,0.99835852
circles,fixed_phase,1024,349,0.92510499,0.01892953,0.99789776
circles,fixed_phase,1024,350,0.93159143,0.02397919,0.98700145
circles,fixed_phase,1024,351,0.92095922,0.05829996,0.98454585
circles,fixed_phase,1024,352,0.91986066,0.03299749,0.98878721
circles,fixed_phase,1024,353,0.91957016,0.08513375,1.00660468
circles,fixed_phase,1024,354,0.91578015,0.01910102,1.01930838
circles,fixed_phase,1024,355,0.92597433,0.01197113,1.02372176
circles,fixed_phase,1024,356,0.92982526,0.08702027,1.00296668
circles,fixed_phase,1024,357,0.91834586,0.01473138,1.01612199
circles,fixed_phase,1024,358,0.9085535,0.05089371,1.00922182
circles,fixed_phase,1024,359,0.91753878,0.18345743,0.98013371
circles,fixed_phase,1024,360,0.91705026,0.07214301,0.98881175
circles,fixed_phase,1024,361,0.90770654,0.0068569,1.01591554
circles,fixed_phase,1024,362,0.92983279,0.00577444,0.99393463
circles,fixed_phase,1024,363,0.91891563,0.03540439,1.0046494
circles,fixed_phase,1024,364,0.92081691,0.01793009,0.98484523
circles,fixed_phase,1024,365,0.92495346,0.02209755,0.99709487
circles,fixed_phase,1024,366,0.91932926,0.03284498,1.01737971
circles,fixed_phase,1024,367,0.92345142,0.00059811,1.04472137
circles,fixed_phase,1024,368,0.91194724,0.04728749,0.9935041
circles,fixed_phase,1024,369,0.90999157,0.06795123,0.98275509
circles,fixed_phase,1024,370,0.93102439,0.02770034,1.00177217
circles,fixed_phase,1024,371,0.9287485,0.04699784,1.0202713
circles,fixed_phase,1024,372,0.93061791,0.08376506,1.00417843
circles,fixed_phase,1024,373,0.92215368,0.04344539,1.01530119
circles,fixed_phase,1024,374,0.91869824,0.06261799,1.01155765
circles,fixed_phase,1024,375,0.91587493,0.08116359,0.98445147
circles,fixed_phase,1024,376,0.92030384,0.07225438,0.99527778
circles,fixed_phase,1024,377,0.91513555,0.12633207,1.00145651
circles,fixed_phase,1024,378,0.92654041,0.0331543,1.01863759
circles,fixed_phase,1024,379,0.91410957,0.04802104,0.98267793
circles,fixed_phase,1024,380,0.92223327,0.08929696,0.99109621
circles,fixed_phase,1024,381,0.92731188,0.07695999,0.98832225
circles,fixed_phase,1024,382,0.92916713,0.00139959,1.00125317
circles,fixed_phase,1024,383,0.92339137,0.01475141,1.01222305
circles,fixed_phase,1024,384,0.926427,0.02215812,1.00064712
circles,fixed_phase,1024,385,0.9198936,0.00853418,0.99487364
circles,fixed_phase,1024,386,0.91645858,0.02008299,0.99903416
circles,fixed_phase,1024,387,0.91419085,0.02802377,1.01158827
circles,fixed_phase,1024,388,0.91063031,0.0359004,1.0068427
circles,fixed_phase,1024,389,0.919968,0.03222672,1.00797467
circles,fixed_phase,1024,390,0.9289222,0.0613715,1.02623539
circles,fixed_phase,1024,391,0.91666232,0.0274115,0.988478
circles,fixed_phase,1024,392,0.91940297,0.02814193,1.00914357
circles,fixed_phase,1024,393,0.92376442,0.03042796,1.02470919
circles,fixed_phase,1024,394,0.91606858,0.07345201,1.01133265
circles,fixed_phase,1024,395,0.92693491,0.00261821,0.99932376
circles,fixed_phase,1024,396,0.92134575,0.01519207,1.00237477
circles,fixed_phase,1024,397,0.91212612,0.06153152,1.03254692
circles,fixed_phase,1024,398,0.92019122,0.00061227,0.9942842
circles,fixed_phase,1024,399,0.92658789,0.07213065,1.03516009
circles,fixed_phase,1024,400,0.91853779,0.0414585,0.97400549
circles,fixed_phase,1024,401,0.91666459,0.0205169,0.99528757
circles,fixed_phase,1024,402,0.91750685,0.07526139,1.00507374
circles,fixed_phase,1024,403,0.93436802,0.00319468,1.00397491
circles,fixed_phase,1024,404,0.91996447,0.02703023,1.01810303
circles,fixed_phase,1024,405,0.91853873,0.01812306,1.01073371
circles,fixed_phase,1024,406,0.92050703,0.10503523,1.00053246
circles,fixed_phase,1024,407,0.92063593,0.03990135,0.99033913
circles,fixed_phase,1024,408,0.91807764,0.13885912,1.03142762
circles,fixed_phase,1024,409,0.92119836,0.10297293,1.00303715
circles,fixed_phase,1024,410,0.92499149,0.07590577,0.98020914
circles,fixed_phase,1024,411,0.92655496,0.03150004,0.98548555
circles,fixed_phase,1024,412,0.92084338,0.04268169,1.01728485
circles,fixed_phase,1024,413,0.92790655,0.03824573,0.99011097
circles,fixed_phase,1024,414,0.9323941,0.07583544,1.00286436
circles,fixed_phase,1024,415,0.9206866,0.03604364,0.98981915
circles,fixed_phase,1024,416,0.92888434,0.04632523,0.99988792
circles,fixed_phase,1024,417,0.92271435,0.00879164,0.98870961
circles,fixed_phase,1024,418,0.92116456,0.0309838,0.99526554
circles,fixed_phase,1024,419,0.916692,0.03271188,0.98394164
circles,fixed_phase,1024,420,0.91702002,0.02163029,0.98380806
circles,fixed_phase,1024,421,0.91622528,0.0337499,1.0231931
circles,fixed_phase,1024,422,0.91028724,0.08231144,1.00588453
circles,fixed_phase,1024,423,0.91785107,0.08049604,0.99139531
circles,fixed_phase,1024,424,0.92306581,0.09296286,1.0157567
circles,fixed_phase,1024,425,0.92061878,0.05098836,1.01395475
circles,fixed_phase,1024,426,0.92396187,0.07275727,1.02045387
circles,fixed_phase,1024,427,0.91926185,0.03685665,1.00415701
circles,fixed_phase,1024,428,0.91669462,0.03095883,0.97474306
circles,fixed_phase,1024,429,0.92071717,0.06066133,1.01515647
circles,fixed_phase,1024,430,0.92419146,0.0258588,1.02045302
circles,fixed_phase,1024,431,0.92858466,0.01799264,0.99934998
circles,fixed_phase,1024,432,0.92625309,0.033622,0.98769218
circles,fixed_phase,1024,433,0.92210815,0.07871557,1.01232836
circles,fixed_phase,1024,434,0.92421826,0.04511697,0.98413317
circles,fixed_phase,1024,435,0.91896682,0.05670387,1.00180236
circles,fixed_phase,1024,436,0.92225575,0.0864858,1.0016842
circles,fixed_phase,1024,437,0.93109873,0.02765068,0.9867814
circles,fixed_phase,1024,438,0.91900428,0.05835396,0.98367749
circles,fixed_phase,1024,439,0.92288583,0.00832971,0.9793511
circles,fixed_phase,1024,440,0.91376943,0.00189668,0.98317146
circles,fixed_phase,1024,441,0.91890623,0.0369841,0.9977541
circles,fixed_phase,1024,442,0.9278682,0.0207787,0.96647178
circles,fixed_phase,1024,443,0.92424408,0.01211963,1.00915778
circles,fixed_phase,1024,444,0.93652825,0.01196904,1.01455465
circles,fixed_phase,1024,445,0.92601807,0.02550995,1.00093578
circles,fixed_phase,1024,446,0.92354583,0.00888589,1.01464162
circles,fixed_phase,1024,447,0.92556746,0.0580225,0.98899769
circles,fixed_phase,1024,448,0.91945423,0.0812576,0.98386602
circles,fixed_phase,1024,449,0.92471406,0.08632367,0.98736625
circles,fixed_phase,1024,450,0.91888577,0.04412597,0.98403591
circles,fixed_phase,1024,451,0.9138167,0.0011048,0.99431435
circles,fixed_phase,1024,452,0.9231711,0.00608899,1.01788409
circles,fixed_phase,1024,453,0.9282544,0.06763133,0.98128406
circles,fixed_phase,1024,454,0.92140334,0.00131988,1.00226076
circles,fixed_phase,1024,455,0.91879871,0.05421956,0.976193
circles,fixed_phase,1024,456,0.91993343,0.00848557,1.02120956
circles,fixed_phase,1024,457,0.92404477,0.01726512,1.01428859
circles,fixed_phase,1024,458,0.91898288,0.06102525,1.00138501
circles,fixed_phase,1024,459,0.92478722,0.02673555,1.0089554
circles,fixed_phase,1024,460,0.91933129,0.07722642,1.01656883
circles,fixed_phase,1024,461,0.91708671,0.02682612,0.98358763
circles,fixed_phase,1024,462,0.92511586,0.02214298,1.00130811
circles,fixed_phase,1024,463,0.91960217,0.00135932,0.98976065
circles,fixed_phase,1024,464,0.93231897,0.05737313,1.02279462
circles,fixed_phase,1024,465,0.92674659,0.04622582,0.99705883
circles,fixed_phase,1024,466,0.92583404,0.03426556,1.00995154
circles,fixed_phase,1024,467,0.93472351,0.00859762,0.98901544
circles,fixed_phase,1024,468,0.92587778,0.03408938,1.00479811
circles,fixed_phase,1024,469,0.92122946,0.03976315,0.98945185
circles,fixed_phase,1024,470,0.91873745,0.12401022,0.99878591
circles,fixed_phase,1024,471,0.9132211,0.00881633,1.01164318
circles,fixed_phase,1024,472,0.92211047,0.01682699,0.99382554
circles,fixed_phase,1024,473,0.91370624,0.03503884,1.00640711
circles,fixed_phase,1024,474,0.92517931,0.00405739,1.00549781
circles,fixed_phase,1024,475,0.92600567,0.04364731,0.9935456
circles,fixed_phase,1024,476,0.92536009,0.05900735,0.98899424
circles,fixed_phase,1024,477,0.92031009,0.05299088,0.97653232
circles,fixed_phase,1024,478,0.92741212,0.06352318,0.98186235
circles,fixed_phase,1024,479,0.92603885,0.00080634,1.00099923
circles,fixed_phase,1024,480,0.91487333,0.02627869,1.00537187
circles,fixed_phase,1024,481,0.92418509,0.03543253,1.02723888
circles,fixed_phase,1024,482,0.91598328,0.03555832,1.02342078
circles,fixed_phase,1024,483,0.92461014,0.12397586,0.99755636
circles,fixed_phase,1024,484,0.92188565,0.00206112,0.97216651
circles,fixed_phase,1024,485,0.9249582,0.00990871,1.01094883
circles,fixed_phase,1024,486,0.9247419,0.06023017,1.0012845
circles,fixed_phase,1024,487,0.92428887,0.01070638,0.99367984
circles,fixed_phase,1024,488,0.92557369,0.03643268,0.98044047
circles,fixed_phase,1024,489,0.92406359,0.02987164,1.00439249
circles,fixed_phase,1024,490,0.92211697,0.05492062,0.99269834
circles,fixed_phase,1024,491,0.9275929,0.0511472,1.00647796
circles,fixed_phase,1024,492,0.91436046,0.06542357,0.99355536
circles,fixed_phase,1024,493,0.92997888,0.02158003,0.99206433
circles,fixed_phase,1024,494,0.91677598,0.14976574,1.00865397
circles,fixed_phase,1024,495,0.93173675,0.01662928,1.01753163
circles,fixed_phase,1024,496,0.93337727,0.02751261,0.98541025
circles,fixed_phase,1024,497,0.9289962,0.00418218,0.98592383
circles,fixed_phase,1024,498,0.92396813,0.02450945,0.97134355
circles,fixed_phase,1024,499,0.91828471,0.02043051,1.02136567
circles,fixed_phase,1024,500,0.91644734,0.03954184,1.02358589
circles,fixed_phase,1024,501,0.93040744,0.07209722,1.01028268
circles,fixed_phase,1024,502,0.91734357,0.02661861,1.00593038
circles,fixed_phase,1024,503,0.9215202,0.05605275,0.98915752
circles,fixed_phase,1024,504,0.93347751,0.07594023,0.99057087
circles,fixed_phase,1024,505,0.92190623,0.00325212,1.01106073
circles,fixed_phase,1024,506,0.90208496,0.09800334,1.0038649
circles,fixed_phase,1024,507,0.92781485,0.02023945,0.97955826
circles,fixed_phase,1024,508,0.9192596,0.01774219,1.02208807
circles,fixed_phase,1024,509,0.92256742,0.04927533,0.99712984
circles,fixed_phase,1024,510,0.92295753,0.01481816,1.02560697
circles,fixed_phase,1024,511,0.91624122,0.0116187,0.99858206
circles,fixed_phase,1024,512,0.92356945,0.01479292,1.01110884
circles,fixed_phase,1024,513,0.92230976,0.08953211,1.01046598
circles,fixed_phase,1024,514,0.91933337,0.05512206,0.99441368
circles,fixed_phase,1024,515,0.92408542,0.04621451,1.0099746
circles,fixed_phase,1024,516,0.92363967,0.00131963,1.00230446
circles,fixed_phase,1024,517,0.92196637,0.02327777,0.95436411
circles,fixed_phase,1024,518,0.91958021,0.00434409,1.01702185
circles,fixed_phase,1024,519,0.92804994,0.02001799,1.00210873
circles,fixed_phase,1024,520,0.92161538,0.04213459,0.98279714
circles,fixed_phase,1024,521,0.92049725,0.0498282,1.02777316
circles,fixed_phase,1024,522,0.91658594,0.08202602,0.97685158
circles,fixed_phase,1024,523,0.92826533,0.0287704,1.00663814
circles,fixed_phase,1024,524,0.91962721,0.05599456,0.98295859
circles,fixed_phase,1024,525,0.92638393,0.02876677,0.97981933
circles,fixed_phase,1024,526,0.90912399,0.00222758,0.98062967
circles,fixed_phase,1024,527,0.9300635,0.05421483,0.96742088
circles,fixed_phase,1024,528,0.92740546,0.0109618,0.99533621
circles,fixed_phase,1024,529,0.92950333,0.03636907,1.00426743
circles,fixed_phase,1024,530,0.91904726,0.01496708,0.99223444
circles,fixed_phase,1024,531,0.92204531,0.01368219,1.00827245
circles,fixed_phase,1024,532,0.92320185,0.0210076,1.01048693
circles,fixed_phase,1024,533,0.92177065,0.04307412,0.99631487
circles,fixed_phase,1024,534,0.9223521,0.0514134,1.02990478
circles,fixed_phase,1024,535,0.93111052,0.0684167,1.00479154
circles,fixed_phase,1024,536,0.91540996,0.01127567,0.99717686
circles,fixed_phase,1024,537,0.92448254,0.053032,1.00377888
circles,fixed_phase,1024,538,0.92307906,0.00843117,1.00360035
circles,fixed_phase,1024,539,0.90711623,0.02908196,0.99655949
circles,fixed_phase,1024,540,0.9262823,0.0498822,1.01014253
circles,fixed_phase,1024,541,0.91902753,0.03694534,0.97875361
circles,fixed_phase,1024,542,0.91874387,0.00084167,0.9968837
circles,fixed_phase,1024,543,0.90889777,0.13772073,1.01161454
circles,fixed_phase,1024,544,0.93134033,0.01304397,0.99404692
circles,fixed_phase,1024,545,0.92694726,0.04048978,0.98383635
circles,fixed_phase,1024,546,0.92575897,0.04210793,0.99225147
circles,fixed_phase,1024,547,0.91369956,0.01499786,1.0194951
circles,fixed_phase,1024,548,0.91463622,0.00474129,1.00249073
circles,fixed_phase,1024,549,0.92923835,0.00943528,1.00184766
circles,fixed_phase,1024,550,0.92453213,0.04718242,1.02480068
circles,fixed_phase,1024,551,0.92099089,0.07193443,1.01901839
circles,fixed_phase,1024,552,0.92224464,0.0143986,0.98700334
circles,fixed_phase,1024,553,0.91914956,0.05900421,1.00244798
circles,fixed_phase,1024,554,0.9182017,0.02314478,0.97457634
circles,fixed_phase,1024,555,0.92767786,0.07278641,1.01295374
circles,fixed_phase,1024,556,0.92437882,0.02441647,0.99065292
circles,fixed_phase,1024,557,0.92142992,0.04688362,1.00804086
circles,fixed_phase,1024,558,0.91901728,0.02144964,0.98752193
circles,fixed_phase,1024,559,0.92639165,0.05811979,0.98870219
circles,fixed_phase,1024,560,0.91967943,0.05129472,1.0019824
circles,fixed_phase,1024,561,0.91636874,0.00489149,0.99776871
circles,fixed_phase,1024,562,0.91112801,0.04366209,0.99452001
circles,fixed_phase,1024,563,0.91637497,0.01383737,0.97071043
circles,fixed_phase,1024,564,0.91572853,0.0239856,0.99182216
circles,fixed_phase,1024,565,0.91905196,0.02551473,1.01779422
circles,fixed_phase,1024,566,0.92659119,0.0437746,0.99316683
circles,fixed_phase,1024,567,0.92401472,0.02709868,0.99536678
circles,fixed_phase,1024,568,0.92425644,0.08007126,0.99461464
circles,fixed_phase,1024,569,0.9181937,0.00151102,0.9914793
circles,fixed_phase,1024,570,0.91942191,0.01545375,1.01057646
circles,fixed_phase,1024,571,0.92368334,0.03128212,0.99888769
circles,fixed_phase,1024,572,0.91241496,0.02427402,0.98646861
circles,fixed_phase,1024,573,0.93683312,0.05254678,0.98783077
circles,fixed_phase,1024,574,0.91187332,0.01167523,1.02189317
circles,fixed_phase,1024,575,0.92365206,0.10304203,0.99704754
circles,fixed_phase,1024,576,0.9294058,0.06698052,0.97386956
circles,fixed_phase,1024,577,0.91918299,0.08812982,0.99685755
circles,fixed_phase,1024,578,0.92729545,0.07506868,0.98913908
circles,fixed_phase,1024,579,0.92365892,0.00627741,0.9800116
circles,fixed_phase,1024,580,0.9182999,0.07172145,0.98826075
circles,fixed_phase,1024,581,0.92878617,0.01671584,1.01996334
circles,fixed_phase,1024,582,0.92505104,0.01387329,1.0098207
circles,fixed_phase,1024,583,0.9249145,0.05153896,1.00570326
circles,fixed_phase,1024,584,0.92409437,0.00528934,1.02063967
circles,fixed_phase,1024,585,0.92392344,0.0157773,1.0012319
circles,fixed_phase,1024,586,0.9139335,0.03783664,1.00256924
circles,fixed_phase,1024,587,0.91810429,0.02854941,1.00473365
circles,fixed_phase,1024,588,0.91627716,0.07453594,1.01639929
circles,fixed_phase,1024,589,0.92525312,0.02652507,1.00874299
circles,fixed_phase,1024,590,0.91821422,0.10314697,0.98524064
circles,fixed_phase,1024,591,0.91520257,0.01050286,0.99357503
circles,fixed_phase,1024,592,0.91618714,0.00168275,0.99923088
circles,fixed_phase,1024,593,0.92229461,0.02278453,0.99981073
circles,fixed_phase,1024,594,0.92449424,0.01674369,0.98325921
circles,fixed_phase,1024,595,0.91621062,0.06407337,1.02562913
circles,fixed_phase,1024,596,0.91842889,0.02210544,0.98583811
circles,fixed_phase,1024,597,0.92993833,0.03246938,1.00247533
circles,fixed_phase,1024,598,0.92377083,0.1190626,1.00705824
circles,fixed_phase,1024,599,0.9210475,0.07727335,1.00695944
circles,fixed_phase,1024,600,0.93415953,0.031747,1.01306038
circles,fixed_phase,1024,601,0.92318783,0.06153143,1.00312209
circles,fixed_phase,1024,602,0.93576061,0.08845686,1.02448327
circles,fixed_phase,1024,603,0.91131592,0.03756481,0.99943389
circles,fixed_phase,1024,604,0.91958151,0.01098314,0.99507795
circles,fixed_phase,1024,605,0.92186263,0.00421816,0.97973744
circles,fixed_phase,1024,606,0.91998558,0.00839042,1.01235065
circles,fixed_phase,1024,607,0.92051494,0.01579724,1.00017789
circles,fixed_phase,1024,608,0.90646407,0.03911946,0.9826676
circles,fixed_phase,1024,609,0.91789863,0.05699652,0.97731754
circles,fixed_phase,1024,610,0.92873009,0.00306672,1.00789241
circles,fixed_phase,1024,611,0.92741884,0.00407003,0.98528746
circles,fixed_phase,1024,612,0.92065526,0.03664926,0.99839446
circles,fixed_phase,1024,613,0.91984104,0.06177896,0.98777965
circles,fixed_phase,1024,614,0.91805514,0.00154044,1.0077377
circles,fixed_phase,1024,615,0.92343276,0.01327488,0.98720717
circles,fixed_phase,1024,616,0.93628831,0.00236715,1.00149436
circles,fixed_phase,1024,617,0.93584129,0.03635312,0.98562475
circles,fixed_phase,1024,618,0.91972676,0.00567936,0.99995565
circles,fixed_phase,1024,619,0.91852394,0.00377678,1.00071742
circles,fixed_phase,1024,620,0.92238814,0.00066215,1.01009473
circles,fixed_phase,1024,621,0.91416891,0.00179579,1.01949173
circles,fixed_phase,1024,622,0.92670925,0.01079972,0.99237514
circles,fixed_phase,1024,623,0.92654443,0.03672818,1.00521504
circles,fixed_phase,1024,624,0.92834766,0.03607705,0.9981802
circles,fixed_phase,1024,625,0.91879444,0.07420679,1.00787584
circles,fixed_phase,1024,626,0.9252906,0.05585695,0.98898058
circles,fixed_phase,1024,627,0.92427211,0.06671588,0.98971331
circles,fixed_phase,1024,628,0.9252724,0.06102305,1.01018372
circles,fixed_phase,1024,629,0.91433558,0.03682958,0.98524592
circles,fixed_phase,1024,630,0.9177223,0.03358232,0.99526475
circles,fixed_phase,1024,631,0.92782186,0.14725254,1.02651734
circles,fixed_phase,1024,632,0.91985452,0.06229681,0.98975059
circles,fixed_phase,1024,633,0.90925581,0.04980899,1.00846814
circles,fixed_phase,1024,634,0.92055296,0.05044887,0.99049822
circles,fixed_phase,1024,635,0.93033418,0.04747157,1.00602053
circles,fixed_phase,1024,636,0.92677887,0.01889267,0.99382466
circles,fixed_phase,1024,637,0.91593528,0.03599417,1.01319815
circles,fixed_phase,1024,638,0.92731274,0.02394912,1.00537958
circles,fixed_phase,1024,639,0.91919337,0.00825053,0.97248972
circles,fixed_phase,1024,640,0.92416816,0.05894355,0.99176871
circles,fixed_phase,1024,641,0.9250021,0.01554401,0.98146281
circles,fixed_phase,1024,642,0.92693176,0.09472725,0.96485518
circles,fixed_phase,1024,643,0.91697881,0.04952133,1.02112154
circles,fixed_phase,1024,644,0.91268392,0.07659889,0.99022621
circles,fixed_phase,1024,645,0.91974423,0.00640458,0.97771068
circles,fixed_phase,1024,646,0.9221492,0.05016011,0.99698873
circles,fixed_phase,1024,647,0.90485051,0.13880967,1.01003466
circles,fixed_phase,1024,648,0.9111421,0.05319268,1.004305
circles,fixed_phase,1024,649,0.9330214,0.04284022,1.00389258
circles,fixed_phase,1024,650,0.92152616,0.03670663,1.02716151
circles,fixed_phase,1024,651,0.9283101,0.01728482,0.9855441
circles,fixed_phase,1024,652,0.91175522,0.03697784,1.00690345
circles,fixed_phase,1024,653,0.91266257,0.05443599,0.97321198
circles,fixed_phase,1024,654,0.91934641,0.05329661,1.01040695
circles,fixed_phase,1024,655,0.92502293,0.01216013,0.99639897
circles,fixed_phase,1024,656,0.92663778,0.00420934,1.02163844
circles,fixed_phase,1024,657,0.91097289,0.04465352,0.99885681
circles,fixed_phase,1024,658,0.92809017,0.02669993,1.00661454
circles,fixed_phase,1024,659,0.927971,0.02252408,1.0286359
circles,fixed_phase,1024,660,0.92071635,0.01674808,0.99109542
circles,fixed_phase,1024,661,0.91119736,0.03392115,1.00130914
circles,fixed_phase,1024,662,0.92220469,0.03186377,1.00378264
circles,fixed_phase,1024,663,0.92249224,0.03902665,1.00063433
circles,fixed_phase,1024,664,0.91711692,0.03136399,1.00126047
circles,fixed_phase,1024,665,0.92231229,0.09900189,0.9934108
circles,fixed_phase,1024,666,0.91500351,0.01878713,1.00222848
circles,fixed_phase,1024,667,0.91706454,0.01905368,1.00054349
circles,fixed_phase,1024,668,0.93021299,0.05068392,1.00879395
circles,fixed_phase,1024,669,0.92651131,0.00430642,0.99336814
circles,fixed_phase,1024,670,0.9324768,0.03430359,1.02950929
circles,fixed_phase,1024,671,0.90960075,0.0577999,0.99225124
circles,fixed_phase,1024,672,0.91706016,0.04277737,0.9913607
circles,fixed_phase,1024,673,0.91967233,0.03528236,0.99274847
circles,fixed_phase,1024,674,0.9206022,0.00286972,1.00067116
circles,fixed_phase,1024,675,0.92872753,0.01749299,1.01064627
circles,fixed_phase,1024,676,0.93406156,0.04025609,1.00239894
circles,fixed_phase,1024,677,0.92414855,0.00755974,1.01472613
circles,fixed_phase,1024,678,0.92089509,0.00452451,1.03095919
circles,fixed_phase,1024,679,0.92886038,0.04673704,0.98834641
circles,fixed_phase,1024,680,0.92357659,0.00873145,0.97553329
circles,fixed_phase,1024,681,0.92527588,0.06603622,0.99794348
circles,fixed_phase,1024,682,0.91899101,0.02547436,1.00316929
circles,fixed_phase,1024,683,0.92169855,0.05167235,1.01400158
circles,fixed_phase,1024,684,0.92240182,0.01713587,1.01045175
circles,fixed_phase,1024,685,0.92152651,0.09081345,1.00757279
circles,fixed_phase,1024,686,0.9272407,0.00167034,1.02141536
circles,fixed_phase,1024,687,0.92240452,0.06893583,0.99260842
circles,fixed_phase,1024,688,0.915094,0.00615123,0.99849611
circles,fixed_phase,1024,689,0.91767833,0.08902451,0.9999178
circles,fixed_phase,1024,690,0.91619718,0.02627704,1.01766505
circles,fixed_phase,1024,691,0.92371056,0.05662234,0.98713804
circles,fixed_phase,1024,692,0.92935353,0.05883247,0.99673913
circles,fixed_phase,1024,693,0.92616217,0.06595917,1.00438259
circles,fixed_phase,1024,694,0.9188341,0.01243434,1.00331629
circles,fixed_phase,1024,695,0.9163253,0.09516698,0.99509463
circles,fixed_phase,1024,696,0.9194136,0.04502549,0.9907243
circles,fixed_phase,1024,697,0.92941727,0.03198699,0.99705482
circles,fixed_phase,1024,698,0.91554877,0.01543414,0.99257523
circles,fixed_phase,1024,699,0.91236568,0.04366104,1.00963742
circles,fixed_phase,1024,700,0.92004076,0.00470811,0.99092154
circles,fixed_phase,1024,701,0.92913791,0.0356592,0.99219752
circles,fixed_phase,1024,702,0.92507266,0.01864697,1.01303215
circles,fixed_phase,1024,703,0.92277319,0.00353643,1.02997041
circles,fixed_phase,1024,704,0.91498,0.00505844,0.98353265
circles,fixed_phase,1024,705,0.91423237,0.01039233,1.0170381
circles,fixed_phase,1024,706,0.916065,0.06839021,0.989177
circles,fixed_phase,1024,707,0.92424445,0.00741041,1.01019656
circles,fixed_phase,1024,708,0.92952071,0.06196616,0.98519025
circles,fixed_phase,1024,709,0.91618446,0.00472721,1.0113628
circles,fixed_phase,1024,710,0.92131375,0.06641853,1.02065911
circles,fixed_phase,1024,711,0.9191933,0.02604591,0.98756546
circles,fixed_phase,1024,712,0.90638389,0.01032497,1.03273966
circles,fixed_phase,1024,713,0.91550328,0.00415518,1.01660809
circles,fixed_phase,1024,714,0.91574047,0.03103603,0.99032938
circles,fixed_phase,1024,715,0.91874067,0.00635374,1.00054094
circles,fixed_phase,1024,716,0.92085224,0.03050681,0.99807512
circles,fixed_phase,1024,717,0.91779246,0.03831613,0.98775981
circles,fixed_phase,1024,718,0.90966098,0.05399958,1.00956214
circles,fixed_phase,1024,719,0.91933528,0.05313259,1.00258526
circles,fixed_phase,1024,720,0.92044803,0.0239148,1.00123196
circles,fixed_phase,1024,721,0.91393836,0.03899465,0.99800138
circles,fixed_phase,1024,722,0.92212399,0.00251594,0.99028426
circles,fixed_phase,1024,723,0.91354779,0.00180288,0.96586459
circles,fixed_phase,1024,724,0.91467814,0.0050735,0.99328018
circles,fixed_phase,1024,725,0.91702049,0.07502422,0.99898069
circles,fixed_phase,1024,726,0.92329131,0.02667084,0.99716721
circles,fixed_phase,1024,727,0.90703858,0.00400019,1.00709567
circles,fixed_phase,1024,728,0.91460179,0.03565365,0.98912957
circles,fixed_phase,1024,729,0.92414701,0.01001585,0.98545655
circles,fixed_phase,1024,730,0.93070997,0.06841563,0.99106878
circles,fixed_phase,1024,731,0.93019462,0.03283744,1.00463979
circles,fixed_phase,1024,732,0.91502992,0.04414889,1.01507649
circles,fixed_phase,1024,733,0.92826053,0.04695648,1.01184512
circles,fixed_phase,1024,734,0.92355631,0.09464111,0.98198511
circles,fixed_phase,1024,735,0.92688473,0.06634419,0.97629714
circles,fixed_phase,1024,736,0.92109591,0.02803214,0.98133023
circles,fixed_phase,1024,737,0.93465883,0.01367589,1.00792545
circles,fixed_phase,1024,738,0.93375977,0.01763958,1.01351255
circles,fixed_phase,1024,739,0.91500674,0.02305322,0.98851156
circles,fixed_phase,1024,740,0.92352182,0.05959985,0.98472998
circles,fixed_phase,1024,741,0.92210996,0.04189414,0.9962246
circles,fixed_phase,1024,742,0.92545467,0.01472701,0.97666765
circles,fixed_phase,1024,743,0.92668997,0.10387479,1.01327547
circles,fixed_phase,1024,744,0.91875034,0.02790775,0.98838655
circles,fixed_phase,1024,745,0.91945764,0.04129239,0.98629118
circles,fixed_phase,1024,746,0.91300796,0.05805483,1.02803434
circles,fixed_phase,1024,747,0.92456519,0.0618083,1.00377447
circles,fixed_phase,1024,748,0.92928744,0.0244576,0.9813749
circles,fixed_phase,1024,749,0.92416569,0.08848655,0.97975524
circles,fixed_phase,1024,750,0.92026002,0.00447074,0.97655707
circles,fixed_phase,1024,751,0.92343833,0.00253211,1.0120491
circles,fixed_phase,1024,752,0.93557225,0.05271342,1.0069139
circles,fixed_phase,1024,753,0.92381845,0.0277012,0.99489342
circles,fixed_phase,1024,754,0.91828777,0.05707605,1.01146441
circles,fixed_phase,1024,755,0.9145853,0.01923509,1.01554357
circles,fixed_phase,1024,756,0.89915489,0.0171388,0.99820492
circles,fixed_phase,1024,757,0.91769885,0.02166172,1.00022852
circles,fixed_phase,1024,758,0.91832565,0.02355453,1.01015834
circles,fixed_phase,1024,759,0.91841011,0.07983398,0.99116721
circles,fixed_phase,1024,760,0.93414714,0.06986164,1.01456641
circles,fixed_phase,1024,761,0.92555364,0.01939995,1.00231405
circles,fixed_phase,1024,762,0.91681674,0.01948129,1.00572266
circles,fixed_phase,1024,763,0.92977663,0.02065223,0.99774537
circles,fixed_phase,1024,764,0.92705188,0.01452226,0.98152872
circles,fixed_phase,1024,765,0.91379662,0.03811979,1.01007402
circles,fixed_phase,1024,766,0.91875382,0.00127605,0.98063451
circles,fixed_phase,1024,767,0.91462067,0.02232457,0.99577287
circles,fixed_phase,1024,768,0.92964765,0.02818184,1.02625235
circles,fixed_phase,1024,769,0.92597779,0.07392893,1.00346921
circles,fixed_phase,1024,770,0.91632344,0.00491211,1.0005555
circles,fixed_phase,1024,771,0.90645415,0.05553965,1.00175255
circles,fixed_phase,1024,772,0.92712154,0.07382192,0.99097561
circles,fixed_phase,1024,773,0.91790494,0.00518733,1.01454075
circles,fixed_phase,1024,774,0.91614573,0.0136756,0.99626848
circles,fixed_phase,1024,775,0.93267837,0.05133629,1.0105426
circles,fixed_phase,1024,776,0.92251705,0.02220052,0.97807289
circles,fixed_phase,1024,777,0.92124278,0.00448471,0.98403755
circles,fixed_phase,1024,778,0.92358171,0.06141429,1.02200925
circles,fixed_phase,1024,779,0.92456138,0.06250749,0.99816553
circles,fixed_phase,1024,780,0.92120524,0.01995342,0.9997154
circles,fixed_phase,1024,781,0.92787042,0.05515379,1.00179376
circles,fixed_phase,1024,782,0.92563113,0.06801241,0.99941185
circles,fixed_phase,1024,783,0.92482296,0.01315899,0.97874148
circles,fixed_phase,1024,784,0.9205681,0.03781404,1.02407482
circles,fixed_phase,1024,785,0.91704889,0.03091495,0.99749884
circles,fixed_phase,1024,786,0.91127983,0.08907162,1.0091381
circles,fixed_phase,1024,787,0.91788276,0.0246712,1.00389779
circles,fixed_phase,1024,788,0.92989699,0.06577248,0.99619633
circles,fixed_phase,1024,789,0.92639221,0.01902492,1.01501251
circles,fixed_phase,1024,790,0.92868445,0.01799238,1.00003505
circles,fixed_phase,1024,791,0.91932964,0.02828519,0.99022121
circles,fixed_phase,1024,792,0.91987869,0.04619165,0.99667635
circles,fixed_phase,1024,793,0.92115366,0.0512421,1.01402653
circles,fixed_phase,1024,794,0.91573206,0.0574933,0.98119835
circles,fixed_phase,1024,795,0.9282169,0.02372494,0.99893625
circles,fixed_phase,1024,796,0.91182886,0.05902367,1.02638018
circles,fixed_phase,1024,797,0.9212905,0.03437768,1.00196255
circles,fixed_phase,1024,798,0.92237136,0.00778207,0.98106309
circles,fixed_phase,1024,799,0.92200323,0.03219878,1.01926487
circles,fixed_phase,1024,800,0.91704083,0.02590362,1.01364884
circles,fixed_phase,1024,801,0.92522489,0.02509626,0.99991355
circles,fixed_phase,1024,802,0.9239006,0.02643698,0.98852592
circles,fixed_phase,1024,803,0.91921754,0.03731054,0.97924578
circles,fixed_phase,1024,804,0.92597792,0.04947861,1.00328188
circles,fixed_phase,1024,805,0.92670392,0.02450023,0.97729693
circles,fixed_phase,1024,806,0.91192684,0.03640459,1.00141799
circles,fixed_phase,1024,807,0.92646858,0.10112593,0.98412981
circles,fixed_phase,1024,808,0.91495221,0.01702298,0.99134026
circles,fixed_phase,1024,809,0.92633373,0.01725135,1.00453359
circles,fixed_phase,1024,810,0.92407727,0.00407372,1.0037556
circles,fixed_phase,1024,811,0.91938767,0.01463474,1.0058167
circles,fixed_phase,1024,812,0.92432031,0.07534538,0.98805667
circles,fixed_phase,1024,813,0.91527839,0.06940019,0.99382581
circles,fixed_phase,1024,814,0.92738572,0.02722433,1.01392683
circles,fixed_phase,1024,815,0.9200626,0.08909821,1.0012087
circles,fixed_phase,1024,816,0.91032316,0.076458,1.00850901
circles,fixed_phase,1024,817,0.92317562,0.03445717,0.99767135
circles,fixed_phase,1024,818,0.91807156,0.03939527,1.0148049
circles,fixed_phase,1024,819,0.91984744,0.05525364,1.01023168
circles,fixed_phase,1024,820,0.90969228,0.02898337,1.03060712
circles,fixed_phase,1024,821,0.92950349,0.04669226,0.98469482
circles,fixed_phase,1024,822,0.92286744,0.0492828,0.9968317
circles,fixed_phase,1024,823,0.92856551,0.016187,1.0087646
circles,fixed_phase,1024,824,0.92317029,0.04523536,1.00979204
circles,fixed_phase,1024,825,0.9261652,0.16419379,1.0101238
circles,fixed_phase,1024,826,0.93276603,0.03311601,0.98134436
circles,fixed_phase,1024,827,0.91717606,0.06884883,0.99073801
circles,fixed_phase,1024,828,0.92399809,0.07615858,1.01679385
circles,fixed_phase,1024,829,0.91330058,0.02318844,0.97246934
circles,fixed_phase,1024,830,0.92326407,0.00405365,0.9967648
circles,fixed_phase,1024,831,0.92028279,0.0023908,1.0104429
circles,fixed_phase,1024,832,0.93847984,0.0321833,1.00311464
circles,fixed_phase,1024,833,0.93119493,0.05043492,0.99942688
circles,fixed_phase,1024,834,0.92183937,0.08354862,0.99480138
circles,fixed_phase,1024,835,0.91392883,0.04100852,0.98539584
circles,fixed_phase,1024,836,0.92231526,0.02115483,0.98050195
circles,fixed_phase,1024,837,0.90789521,0.00588489,1.01804592
circles,fixed_phase,1024,838,0.92619022,0.00953196,0.99484855
circles,fixed_phase,1024,839,0.90845742,0.07226514,0.98971307
circles,fixed_phase,1024,840,0.93227853,0.01751808,1.00862301
circles,fixed_phase,1024,841,0.92573948,0.01303634,1.01492315
circles,fixed_phase,1024,842,0.92387556,0.00785101,0.98261272
circles,fixed_phase,1024,843,0.92121937,0.0357413,0.99991592
circles,fixed_phase,1024,844,0.91688295,0.04934711,0.9923572
circles,fixed_phase,1024,845,0.91906584,0.04518447,1.02739337
circles,fixed_phase,1024,846,0.92210253,0.03025108,0.99601492
circles,fixed_phase,1024,847,0.92343502,0.01913578,1.00722602
circles,fixed_phase,1024,848,0.92750747,0.07195727,1.018474
circles,fixed_phase,1024,849,0.92796928,0.01058584,0.99556529
circles,fixed_phase,1024,850,0.92002962,0.00832956,1.00205688
circles,fixed_phase,1024,851,0.91498736,0.03108836,1.02383928
circles,fixed_phase,1024,852,0.91767738,0.02109591,0.98742704
circles,fixed_phase,1024,853,0.93258634,0.05209729,1.0077259
circles,fixed_phase,1024,854,0.92105563,0.04627137,1.02113579
circles,fixed_phase,1024,855,0.93153678,0.03057113,0.99200539
circles,fixed_phase,1024,856,0.9324808,0.07023406,0.98291236
circles,fixed_phase,1024,857,0.91314852,0.07465904,1.00033797
circles,fixed_phase,1024,858,0.92850478,0.01241375,0.99728981
circles,fixed_phase,1024,859,0.91864019,0.008899,0.97458971
circles,fixed_phase,1024,860,0.92298357,0.01683835,1.01095826
circles,fixed_phase,1024,861,0.92384254,0.01496142,1.01345462
circles,fixed_phase,1024,862,0.91642927,0.05046987,0.97647177
circles,fixed_phase,1024,863,0.92628692,0.03345934,0.97834193
circles,fixed_phase,1024,864,0.93051298,0.01034447,0.99306527
circles,fixed_phase,1024,865,0.91876722,0.04061536,1.0043651
circles,fixed_phase,1024,866,0.90323797,0.05681124,1.0116113
circles,fixed_phase,1024,867,0.93442019,0.01943252,0.97864505
circles,fixed_phase,1024,868,0.91572281,0.0512159,1.00895495
circles,fixed_phase,1024,869,0.92385168,0.0098239,0.99731057
circles,fixed_phase,1024,870,0.92716,0.01833935,1.00586988
circles,fixed_phase,1024,871,0.92255082,0.00439556,0.98913454
circles,fixed_phase,1024,872,0.92137316,0.04611902,1.01398424
circles,fixed_phase,1024,873,0.92148529,0.03135446,1.00619528
circles,fixed_phase,1024,874,0.91684853,0.04547781,0.997723
circles,fixed_phase,1024,875,0.9224711,0.01104518,0.99045374
circles,fixed_phase,1024,876,0.91448929,0.00445818,0.97927262
circles,fixed_phase,1024,877,0.93731948,0.04937068,1.01194985
circles,fixed_phase,1024,878,0.92277252,0.02089169,0.99248909
circles,fixed_phase,1024,879,0.92302053,0.03734894,0.99227564
circles,fixed_phase,1024,880,0.9306458,0.02559362,1.00011017
circles,fixed_phase,1024,881,0.92434413,0.01780896,0.99616633
circles,fixed_phase,1024,882,0.92040363,0.03446395,1.01230773
circles,fixed_phase,1024,883,0.91876049,0.07958485,0.99589602
circles,fixed_phase,1024,884,0.91542916,0.06546115,0.97856719
circles,fixed_phase,1024,885,0.91808941,0.07165268,1.0032186
circles,fixed_phase,1024,886,0.92233824,0.05823106,0.99894806
circles,fixed_phase,1024,887,0.92554745,0.03386706,1.00819204
circles,fixed_phase,1024,888,0.91555481,0.02845413,0.98622831
circles,fixed_phase,1024,889,0.92112864,0.02514361,1.02531083
circles,fixed_phase,1024,890,0.9191642,0.077507,1.03253193
circles,fixed_phase,1024,891,0.93177358,0.01003198,1.02879293
circles,fixed_phase,1024,892,0.91757659,0.04635478,1.000938
circles,fixed_phase,1024,893,0.91094005,0.06259665,1.00190299
circles,fixed_phase,1024,894,0.92053998,0.00409182,1.00679211
circles,fixed_phase,1024,895,0.92490217,0.00209684,0.98497758
circles,fixed_phase,1024,896,0.92845296,0.03802436,1.00601846
circles,fixed_phase,1024,897,0.92730605,0.05297486,0.98217132
circles,fixed_phase,1024,898,0.92557674,0.06429358,1.00525861
circles,fixed_phase,1024,899,0.91502823,0.05300396,1.00262394
circles,fixed_phase,1024,900,0.91546966,0.06650747,1.00859882
circles,fixed_phase,1024,901,0.922283,0.05770823,1.04230417
circles,fixed_phase,1024,902,0.92400306,0.04223483,0.99377749
circles,fixed_phase,1024,903,0.91937542,0.026566,1.01045689
circles,fixed_phase,1024,904,0.92193049,0.03966504,0.99208664
circles,fixed_phase,1024,905,0.92659401,0.03301078,1.0012126
circles,fixed_phase,1024,906,0.9161622,0.04409771,0.99631954
circles,fixed_phase,1024,907,0.92902838,0.02771099,1.00416614
circles,fixed_phase,1024,908,0.91022423,0.04660315,0.99592694
circles,fixed_phase,1024,909,0.91863781,0.02258375,1.00580572
circles,fixed_phase,1024,910,0.92368416,0.05735242,0.98938968
circles,fixed_phase,1024,911,0.92109534,0.09019116,1.00073513
circles,fixed_phase,1024,912,0.9189163,0.04838785,0.98867484
circles,fixed_phase,1024,913,0.91389997,0.01775305,0.98698377
circles,fixed_phase,1024,914,0.92663933,0.05643148,1.00119068
circles,fixed_phase,1024,915,0.92625476,0.02401915,1.01837828
circles,fixed_phase,1024,916,0.91819427,0.05336667,0.9837306
circles,fixed_phase,1024,917,0.91907384,0.04734974,0.98333645
circles,fixed_phase,1024,918,0.92359289,0.09312771,0.99939177
circles,fixed_phase,1024,919,0.92955276,0.06435152,0.99495437
circles,fixed_phase,1024,920,0.93240233,0.01221056,0.98942743
circles,fixed_phase,1024,921,0.92548042,0.02700321,0.98502374
circles,fixed_phase,1024,922,0.92479894,0.11334783,1.01275229
circles,fixed_phase,1024,923,0.93184774,0.0034406,0.97641843
circles,fixed_phase,1024,924,0.9234057,0.08228878,1.01580286
circles,fixed_phase,1024,925,0.92262155,0.06737261,0.98513099
circles,fixed_phase,1024,926,0.91616993,0.02189352,1.01530306
circles,fixed_phase,1024,927,0.92788725,0.1235183,0.98310166
circles,fixed_phase,1024,928,0.91889839,0.00517264,0.99315327
circles,fixed_phase,1024,929,0.92007986,0.01715193,1.00336732
circles,fixed_phase,1024,930,0.9220513,0.01488251,1.00086159
circles,fixed_phase,1024,931,0.91089414,0.01593885,1.0020819
circles,fixed_phase,1024,932,0.92354081,0.04579119,1.01214795
circles,fixed_phase,1024,933,0.91323334,0.01848182,1.00646803
circles,fixed_phase,1024,934,0.92830995,0.04447335,1.00811961
circles,fixed_phase,1024,935,0.91851511,0.06315886,1.00416925
circles,fixed_phase,1024,936,0.90380767,0.01074343,0.99974956
circles,fixed_phase,1024,937,0.92695535,0.05882675,0.97487537
circles,fixed_phase,1024,938,0.91676702,0.01600212,1.00564369
circles,fixed_phase,1024,939,0.92332409,0.03997246,0.97310452
circles,fixed_phase,1024,940,0.9213164,0.05217282,1.00209046
circles,fixed_phase,1024,941,0.93199874,0.08802967,0.99930308
circles,fixed_phase,1024,942,0.91761142,0.02938856,0.99312176
circles,fixed_phase,1024,943,0.91630958,0.03176586,1.00990078
circles,fixed_phase,1024,944,0.92890046,0.06289011,0.99021425
circles,fixed_phase,1024,945,0.90946958,0.04563299,0.98852651
circles,fixed_phase,1024,946,0.92048166,0.02461761,1.01641714
circles,fixed_phase,1024,947,0.91919447,0.100396,1.01462926
circles,fixed_phase,1024,948,0.91863748,0.09700634,1.00602395
circles,fixed_phase,1024,949,0.9201223,0.01528247,0.96310147
circles,fixed_phase,1024,950,0.91257902,0.00927158,0.98604412
circles,fixed_phase,1024,951,0.92987015,0.05767478,0.99238073
circles,fixed_phase,1024,952,0.91214157,0.06545353,0.99245782
circles,fixed_phase,1024,953,0.92261014,0.0785542,1.00378577
circles,fixed_phase,1024,954,0.91535969,0.04491521,0.99029021
circles,fixed_phase,1024,955,0.92210213,0.00206642,1.03620489
circles,fixed_phase,1024,956,0.91696888,0.01847365,0.99922047
circles,fixed_phase,1024,957,0.91975594,0.04100921,0.99230297
circles,fixed_phase,1024,958,0.92395135,0.01425831,1.00521021
circles,fixed_phase,1024,959,0.93036018,0.09471167,0.98574153
circles,fixed_phase,1024,960,0.92864756,0.06289166,1.00721767
circles,fixed_phase,1024,961,0.91928219,0.07676869,0.98695375
circles,fixed_phase,1024,962,0.9251022,0.06601996,0.98146396
circles,fixed_phase,1024,963,0.92516695,0.00706369,0.98795164
circles,fixed_phase,1024,964,0.91808225,0.02800858,0.99500254
circles,fixed_phase,1024,965,0.92774643,0.00276501,0.99170016
circles,fixed_phase,1024,966,0.92083879,0.01770848,1.02000321
circles,fixed_phase,1024,967,0.92971942,0.03742241,1.01773077
circles,fixed_phase,1024,968,0.92751126,0.01526683,1.01062913
circles,fixed_phase,1024,969,0.92267528,0.00617339,0.99192593
circles,fixed_phase,1024,970,0.92303343,0.01165925,1.00785953
circles,fixed_phase,1024,971,0.93203238,0.00405809,1.00378296
circles,fixed_phase,1024,972,0.92480953,0.01074973,1.01137948
circles,fixed_phase,1024,973,0.91844267,0.03204218,1.00731438
circles,fixed_phase,1024,974,0.9238961,0.01979329,0.99911082
circles,fixed_phase,1024,975,0.91724766,0.09648221,1.0019848
circles,fixed_phase,1024,976,0.92335866,0.00152045,0.99784896
circles,fixed_phase,1024,977,0.92474282,0.01080579,1.02953016
circles,fixed_phase,1024,978,0.93050507,0.0037414,0.98299152
circles,fixed_phase,1024,979,0.9156689,0.08815325,1.00873864
circles,fixed_phase,1024,980,0.92341965,0.04355308,1.00855338
circles,fixed_phase,1024,981,0.92023527,0.02138304,0.97851825
circles,fixed_phase,1024,982,0.91890634,0.02068007,0.99067856
circles,fixed_phase,1024,983,0.91721868,0.03429862,0.97817832
circles,fixed_phase,1024,984,0.92811942,0.04847268,1.022807
circles,fixed_phase,1024,985,0.92394967,0.08018387,1.00967601
circles,fixed_phase,1024,986,0.91910216,0.07035313,1.00318097
circles,fixed_phase,1024,987,0.92807603,0.00787556,0.99602182
circles,fixed_phase,1024,988,0.93031461,0.01435547,1.03555623
circles,fixed_phase,1024,989,0.90588021,0.01500502,0.97830555
circles,fixed_phase,1024,990,0.91411461,0.06381863,0.99514264
circles,fixed_phase,1024,991,0.91862116,0.00075076,1.01325739
circles,fixed_phase,1024,992,0.92687377,0.04465909,0.98357863
circles,fixed_phase,1024,993,0.92750143,0.03038698,0.9940466
circles,fixed_phase,1024,994,0.92348107,0.06312141,0.97812314
circles,fixed_phase,1024,995,0.92491886,0.00868792,1.01626207
circles,fixed_phase,1024,996,0.9231393,0.00364658,0.99891879
circles,fixed_phase,1024,997,0.9182981,0.05594953,0.98070547
circles,fixed_phase,1024,998,0.92109454,0.01779997,1.00662767
circles,fixed_phase,1024,999,0.92498214,0.03688351,1.01020927
circles,fixed_phase,2024,0,0.91953601,0.00164626,0.99992206
circles,fixed_phase,2024,1,0.92712632,0.0251289,0.99123005
circles,fixed_phase,2024,2,0.91460072,0.01159224,1.00042529
circles,fixed_phase,2024,3,0.91938248,0.0107972,1.01916223
circles,fixed_phase,2024,4,0.92604582,0.00212856,0.98622787
circles,fixed_phase,2024,5,0.92273307,0.07150367,1.01768777
circles,fixed_phase,2024,6,0.92461634,0.04300043,1.00883856
circles,fixed_phase,2024,7,0.93245128,0.13378547,0.97317036
circles,fixed_phase,2024,8,0.93190432,0.00442552,0.98862773
circles,fixed_phase,2024,9,0.92482095,0.03003643,0.984865
circles,fixed_phase,2024,10,0.93026573,0.08830837,0.99856405
circles,fixed_phase,2024,11,0.92385865,0.03465048,1.02814612
circles,fixed_phase,2024,12,0.92082539,0.02725462,1.0074954
circles,fixed_phase,2024,13,0.93043199,0.01954992,1.04556689
circles,fixed_phase,2024,14,0.90050742,0.01669349,0.99205494
circles,fixed_phase,2024,15,0.91624071,0.01801178,1.02437417
circles,fixed_phase,2024,16,0.9275994,0.06289307,1.02191034
circles,fixed_phase,2024,17,0.91987787,0.02238976,0.96388057
circles,fixed_phase,2024,18,0.92771567,0.04451255,1.00485181
circles,fixed_phase,2024,19,0.93028776,0.00862509,0.99433513
circles,fixed_phase,2024,20,0.92703154,0.09295358,1.00050871
circles,fixed_phase,2024,21,0.92599672,0.05086145,0.99328789
circles,fixed_phase,2024,22,0.9157936,0.0861918,1.0118682
circles,fixed_phase,2024,23,0.92414201,0.05010272,1.02193325
circles,fixed_phase,2024,24,0.91860917,0.00111503,0.98692272
circles,fixed_phase,2024,25,0.91928947,0.00525354,0.98347679
circles,fixed_phase,2024,26,0.92251159,0.00477842,1.01677945
circles,fixed_phase,2024,27,0.92447548,0.04563812,0.99273795
circles,fixed_phase,2024,28,0.91592011,0.05592456,0.99393559
circles,fixed_phase,2024,29,0.92167974,0.02640842,0.99782227
circles,fixed_phase,2024,30,0.92613601,0.04606607,0.96747688
circles,fixed_phase,2024,31,0.92075807,0.06188448,1.02274866
circles,fixed_phase,2024,32,0.91628158,0.00707685,1.00212693
circles,fixed_phase,2024,33,0.91356109,0.10891083,0.99578671
circles,fixed_phase,2024,34,0.91508926,0.01411737,0.99411937
circles,fixed_phase,2024,35,0.92353221,0.08188164,1.00512336
circles,fixed_phase,2024,36,0.92676715,0.027962,1.00409093
circles,fixed_phase,2024,37,0.92229957,0.01598242,1.00440457
circles,fixed_phase,2024,38,0.91248333,0.01216786,1.01508496
circles,fixed_phase,2024,39,0.92163046,0.0025063,0.99226364
circles,fixed_phase,2024,40,0.91807192,0.04546007,0.9868789
circles,fixed_phase,2024,41,0.92804024,0.02151782,1.00704004
circles,fixed_phase,2024,42,0.91921422,0.00959646,0.97649402
circles,fixed_phase,2024,43,0.92296506,0.0296679,0.98494873
circles,fixed_phase,2024,44,0.91634913,0.03836247,1.02732484
circles,fixed_phase,2024,45,0.91729488,0.00527271,0.97934404
circles,fixed_phase,2024,46,0.9177531,0.06066633,1.00339093
circles,fixed_phase,2024,47,0.91835462,0.02443617,1.01763876
circles,fixed_phase,2024,48,0.90210148,0.00858439,1.00324235
circles,fixed_phase,2024,49,0.9236119,0.07324223,1.01278917
circles,fixed_phase,2024,50,0.91227193,0.02234879,1.01978033
circles,fixed_phase,2024,51,0.92724655,0.02880678,0.99875281
circles,fixed_phase,2024,52,0.92103392,0.05389789,0.98162762
circles,fixed_phase,2024,53,0.9195244,0.02351785,0.99571441
circles,fixed_phase,2024,54,0.92324143,0.05443098,1.01718758
circles,fixed_phase,2024,55,0.91041672,0.02277426,1.01258804
circles,fixed_phase,2024,56,0.91560135,0.01381602,1.00132525
circles,fixed_phase,2024,57,0.91496598,0.00428668,1.01428309
circles,fixed_phase,2024,58,0.91375765,0.01895673,0.98272631
circles,fixed_phase,2024,59,0.90815446,0.06069007,0.98918832
circles,fixed_phase,2024,60,0.92675387,0.02478005,1.00665295
circles,fixed_phase,2024,61,0.91602641,0.00312012,0.97948516
circles,fixed_phase,2024,62,0.91203295,0.08017027,1.00383804
circles,fixed_phase,2024,63,0.92423894,0.06118695,1.00322527
circles,fixed_phase,2024,64,0.93147071,0.03666798,1.0050642
circles,fixed_phase,2024,65,0.90471517,0.0565536,1.02994362
circles,fixed_phase,2024,66,0.91066617,0.00646481,0.99486586
circles,fixed_phase,2024,67,0.91968334,0.07469461,0.99080211
circles,fixed_phase,2024,68,0.92405594,0.05483616,1.01200529
circles,fixed_phase,2024,69,0.91683551,0.07586881,1.01277916
circles,fixed_phase,2024,70,0.91876871,0.04689267,0.99006226
circles,fixed_phase,2024,71,0.92011035,0.06464561,0.99491964
circles,fixed_phase,2024,72,0.92840575,0.00615868,1.00819444
circles,fixed_phase,2024,73,0.91914586,0.03473248,1.02419216
circles,fixed_phase,2024,74,0.92577651,0.00916016,1.0092177
circles,fixed_phase,2024,75,0.91929355,0.08715181,0.99328344
circles,fixed_phase,2024,76,0.91830526,0.01891846,1.01048367
circles,fixed_phase,2024,77,0.91619079,0.01168436,0.99327042
circles,fixed_phase,2024,78,0.91653119,0.04054576,1.01012982
circles,fixed_phase,2024,79,0.9120758,0.02768981,1.01988415
circles,fixed_phase,2024,80,0.92300688,0.05683586,1.01715905
circles,fixed_phase,2024,81,0.9246759,0.08442465,1.00229313
circles,fixed_phase,2024,82,0.91879298,0.01470341,0.98728934
circles,fixed_phase,2024,83,0.92697028,0.07691251,1.01456417
circles,fixed_phase,2024,84,0.92405665,0.01601912,0.97262679
circles,fixed_phase,2024,85,0.91865885,0.01444681,0.9931121
circles,fixed_phase,2024,86,0.92108163,0.01239093,1.00196453
circles,fixed_phase,2024,87,0.92553336,0.0281177,0.99199601
circles,fixed_phase,2024,88,0.93156922,0.08791765,1.01208504
circles,fixed_phase,2024,89,0.92781248,0.05710651,0.99535567
circles,fixed_phase,2024,90,0.91515141,0.00907012,0.99776343
circles,fixed_phase,2024,91,0.92348647,0.04331253,1.01340523
circles,fixed_phase,2024,92,0.92531021,0.07065469,1.01430531
circles,fixed_phase,2024,93,0.91610527,0.01306342,1.00398001
circles,fixed_phase,2024,94,0.91335023,0.06995742,1.03214076
circles,fixed_phase,2024,95,0.92327655,0.01541877,1.00991897
circles,fixed_phase,2024,96,0.91776737,0.03598568,0.98013925
circles,fixed_phase,2024,97,0.92334819,0.03749806,0.99345342
circles,fixed_phase,2024,98,0.9274169,0.08100347,0.9980381
circles,fixed_phase,2024,99,0.91759293,0.09173763,1.00401197
circles,fixed_phase,2024,100,0.91695762,0.00050656,1.00325471
circles,fixed_phase,2024,101,0.91959759,0.03837844,0.99351919
circles,fixed_phase,2024,102,0.93168801,0.07609241,1.00047505
circles,fixed_phase,2024,103,0.92132521,0.00087991,1.00780738
circles,fixed_phase,2024,104,0.92321913,0.03451162,1.01782538
circles,fixed_phase,2024,105,0.92803061,0.02627962,0.99666638
circles,fixed_phase,2024,106,0.93647928,0.00836527,1.00460481
circles,fixed_phase,2024,107,0.91825476,0.11129959,1.0080871
circles,fixed_phase,2024,108,0.92057666,0.01742879,0.99464923
circles,fixed_phase,2024,109,0.91842806,0.0082243,1.00740738
circles,fixed_phase,2024,110,0.90937232,0.02527988,0.98080509
circles,fixed_phase,2024,111,0.90384403,0.05490767,0.97465175
circles,fixed_phase,2024,112,0.92705446,0.01944416,1.00710302
circles,fixed_phase,2024,113,0.92131623,0.02760651,0.97860818
circles,fixed_phase,2024,114,0.91978527,0.03199947,0.98813832
circles,fixed_phase,2024,115,0.92423526,0.00072712,1.0097963
circles,fixed_phase,2024,116,0.92473886,0.0237782,1.02630248
circles,fixed_phase,2024,117,0.91677963,0.04448289,1.02554585
circles,fixed_phase,2024,118,0.91289088,0.03818544,1.00817467
circles,fixed_phase,2024,119,0.92070872,0.02197559,1.0069271
circles,fixed_phase,2024,120,0.91519973,0.06124141,0.99112992
circles,fixed_phase,2024,121,0.92531738,0.02947261,0.97638589
circles,fixed_phase,2024,122,0.91843369,0.05681345,1.00404451
circles,fixed_phase,2024,123,0.92293689,0.0743632,0.98973435
circles,fixed_phase,2024,124,0.9277051,0.00913594,1.03389824
circles,fixed_phase,2024,125,0.91335358,0.0056848,0.98527336
circles,fixed_phase,2024,126,0.92429,0.1166308,0.99376634
circles,fixed_phase,2024,127,0.91417445,0.02653375,1.01551634
circles,fixed_phase,2024,128,0.92708033,0.01517967,1.01417505
circles,fixed_phase,2024,129,0.91628479,0.00018438,1.02185344
circles,fixed_phase,2024,130,0.91934653,0.03880867,0.99184275
circles,fixed_phase,2024,131,0.91410054,0.00698612,1.00749661
circles,fixed_phase,2024,132,0.92062752,0.06852146,1.00388014
circles,fixed_phase,2024,133,0.92611364,0.00398213,0.98480807
circles,fixed_phase,2024,134,0.91462177,0.08971353,1.02160684
circles,fixed_phase,2024,135,0.92955181,0.03248541,0.97794377
circles,fixed_phase,2024,136,0.91835925,0.03363666,1.00921011
circles,fixed_phase,2024,137,0.91278084,0.00153502,0.99763476
circles,fixed_phase,2024,138,0.9162355,0.04016944,1.00340284
circles,fixed_phase,2024,139,0.92963128,0.03354815,0.988431
circles,fixed_phase,2024,140,0.9203293,0.00899525,1.00628409
circles,fixed_phase,2024,141,0.9170614,0.03437544,1.01253224
circles,fixed_phase,2024,142,0.93377318,0.00283516,1.00804641
circles,fixed_phase,2024,143,0.92771106,0.06932767,1.01129157
circles,fixed_phase,2024,144,0.92814846,0.04572656,1.00738208
circles,fixed_phase,2024,145,0.92429125,0.00580018,1.00268965
circles,fixed_phase,2024,146,0.92440986,0.04883256,1.02303486
circles,fixed_phase,2024,147,0.92842784,0.07025219,1.02110904
circles,fixed_phase,2024,148,0.92536628,0.08502299,1.00642912
circles,fixed_phase,2024,149,0.92456522,0.05404325,0.99756923
circles,fixed_phase,2024,150,0.91368443,0.03408739,0.99789742
circles,fixed_phase,2024,151,0.92271465,0.04915237,0.9900583
circles,fixed_phase,2024,152,0.9188298,0.00373003,0.99268102
circles,fixed_phase,2024,153,0.91514587,0.04417916,1.01257263
circles,fixed_phase,2024,154,0.92340946,0.02947159,1.01781082
circles,fixed_phase,2024,155,0.92547882,0.03477383,1.0102589
circles,fixed_phase,2024,156,0.92112463,0.03670084,1.0087614
circles,fixed_phase,2024,157,0.91951357,0.00218004,0.97861913
circles,fixed_phase,2024,158,0.91221306,0.00833539,1.01147169
circles,fixed_phase,2024,159,0.9185469,0.0091394,1.00618964
circles,fixed_phase,2024,160,0.92724855,0.06844596,0.98841509
circles,fixed_phase,2024,161,0.91532171,0.03715786,1.02286787
circles,fixed_phase,2024,162,0.91333416,0.02802083,1.01529556
circles,fixed_phase,2024,163,0.91468708,0.00589927,0.99217046
circles,fixed_phase,2024,164,0.93296329,0.02084035,0.98839946
circles,fixed_phase,2024,165,0.92107547,0.00633472,1.04030048
circles,fixed_phase,2024,166,0.92968565,0.04532159,1.00894129
circles,fixed_phase,2024,167,0.92150303,0.08349529,0.9920257
circles,fixed_phase,2024,168,0.92001502,0.04479729,0.99075236
circles,fixed_phase,2024,169,0.91806836,0.01616356,1.01127417
circles,fixed_phase,2024,170,0.92587864,0.00673389,0.99064181
circles,fixed_phase,2024,171,0.92352165,0.02836298,1.02145905
circles,fixed_phase,2024,172,0.92563129,0.04894534,0.99023277
circles,fixed_phase,2024,173,0.92590576,0.06650262,0.99621149
circles,fixed_phase,2024,174,0.91940201,0.01472914,0.99355102
circles,fixed_phase,2024,175,0.92260817,0.04754685,0.99018122
circles,fixed_phase,2024,176,0.91583625,0.06356475,0.99759376
circles,fixed_phase,2024,177,0.92908719,0.05373836,1.01731241
circles,fixed_phase,2024,178,0.91998078,0.03736908,0.99321929
circles,fixed_phase,2024,179,0.92288731,0.05420928,1.02504324
circles,fixed_phase,2024,180,0.9256529,0.03281434,1.00540902
circles,fixed_phase,2024,181,0.91897235,0.06338775,0.99047317
circles,fixed_phase,2024,182,0.92123052,0.02966083,0.98655425
circles,fixed_phase,2024,183,0.92806943,0.07758711,1.00343689
circles,fixed_phase,2024,184,0.90590945,0.15794366,1.01081592
circles,fixed_phase,2024,185,0.9328924,0.03549312,1.01732499
circles,fixed_phase,2024,186,0.91698079,0.07876611,0.99909192
circles,fixed_phase,2024,187,0.91833345,0.03030699,1.00476405
circles,fixed_phase,2024,188,0.91250203,0.01751955,0.99466829
circles,fixed_phase,2024,189,0.91160114,0.05693944,1.01017456
circles,fixed_phase,2024,190,0.93009044,0.06504979,0.99379152
circles,fixed_phase,2024,191,0.92321263,0.01868146,1.01103395
circles,fixed_phase,2024,192,0.92096922,0.04028446,1.01288324
circles,fixed_phase,2024,193,0.91860822,0.00164978,0.97938911
circles,fixed_phase,2024,194,0.92067821,0.07845465,0.99226525
circles,fixed_phase,2024,195,0.9267379,0.04395833,1.00248055
circles,fixed_phase,2024,196,0.91073495,0.04387157,0.97748204
circles,fixed_phase,2024,197,0.92964967,0.00427887,1.01497602
circles,fixed_phase,2024,198,0.92800466,0.00678589,1.00435316
circles,fixed_phase,2024,199,0.92729577,0.02587934,0.97771303
circles,fixed_phase,2024,200,0.92576568,0.03001123,1.02456015
circles,fixed_phase,2024,201,0.91667156,0.01954139,1.02504632
circles,fixed_phase,2024,202,0.92363428,0.02507205,1.0260233
circles,fixed_phase,2024,203,0.90764522,0.01865737,1.00345436
circles,fixed_phase,2024,204,0.91094786,0.0018434,1.00746322
circles,fixed_phase,2024,205,0.922732,0.03541776,1.01313474
circles,fixed_phase,2024,206,0.92825288,0.09006926,1.01346502
circles,fixed_phase,2024,207,0.9206445,0.06867385,0.9962788
circles,fixed_phase,2024,208,0.92457706,0.03859004,0.97743667
circles,fixed_phase,2024,209,0.92310006,0.09321639,1.00671272
circles,fixed_phase,2024,210,0.91429591,0.03658384,0.9886716
circles,fixed_phase,2024,211,0.91570354,0.04320213,0.98726144
circles,fixed_phase,2024,212,0.91799783,0.09301799,1.00460798
circles,fixed_phase,2024,213,0.91702357,0.00392809,1.0152955
circles,fixed_phase,2024,214,0.92187194,0.06291043,1.0003514
circles,fixed_phase,2024,215,0.91204365,0.00550103,1.0167636
circles,fixed_phase,2024,216,0.92265053,0.01423817,1.01136322
circles,fixed_phase,2024,217,0.91359602,0.0101849,0.99903259
circles,fixed_phase,2024,218,0.92383422,0.00288023,0.97853212
circles,fixed_phase,2024,219,0.91347355,0.08252112,1.02006993
circles,fixed_phase,2024,220,0.91899196,0.01270711,0.99819566
circles,fixed_phase,2024,221,0.92362133,0.01437538,1.00221707
circles,fixed_phase,2024,222,0.93251176,0.0406206,1.02076149
circles,fixed_phase,2024,223,0.92135893,0.01585679,0.9938393
circles,fixed_phase,2024,224,0.91805383,0.06627529,0.97541182
circles,fixed_phase,2024,225,0.93135549,0.0621232,1.0004137
circles,fixed_phase,2024,226,0.92205401,0.00227193,1.02005998
circles,fixed_phase,2024,227,0.91579996,0.05107506,0.97871779
circles,fixed_phase,2024,228,0.92832421,0.02515963,1.00363791
circles,fixed_phase,2024,229,0.91953562,0.03478836,1.00098077
circles,fixed_phase,2024,230,0.91735347,0.03330594,1.01022115
circles,fixed_phase,2024,231,0.92599923,0.02588292,1.01888544
circles,fixed_phase,2024,232,0.93022742,0.02897159,0.99666693
circles,fixed_phase,2024,233,0.92588348,0.02902692,1.00713309
circles,fixed_phase,2024,234,0.91804657,0.07838274,1.00045188
circles,fixed_phase,2024,235,0.92688683,0.0205962,0.99294737
circles,fixed_phase,2024,236,0.92153189,0.05584164,0.99428261
circles,fixed_phase,2024,237,0.92334974,0.10267723,1.01948901
circles,fixed_phase,2024,238,0.92162561,0.00324652,0.99695224
circles,fixed_phase,2024,239,0.91636728,0.01233901,1.02776629
circles,fixed_phase,2024,240,0.91112826,0.07003459,1.00785724
circles,fixed_phase,2024,241,0.90965534,0.094229,1.0034796
circles,fixed_phase,2024,242,0.91920587,0.02781199,0.97263988
circles,fixed_phase,2024,243,0.91916858,0.01029418,1.02847409
circles,fixed_phase,2024,244,0.92238068,0.00432082,1.00568561
circles,fixed_phase,2024,245,0.91600292,0.05101202,0.99067317
circles,fixed_phase,2024,246,0.92638784,0.04828056,0.98630902
circles,fixed_phase,2024,247,0.92110743,0.00921874,1.0008074
circles,fixed_phase,2024,248,0.92289796,0.01753369,0.99818713
circles,fixed_phase,2024,249,0.91808814,0.07576884,0.98824477
circles,fixed_phase,2024,250,0.9161161,0.05172636,0.97509215
circles,fixed_phase,2024,251,0.9135256,0.01471254,1.01150862
circles,fixed_phase,2024,252,0.91801647,0.00173703,0.98872933
circles,fixed_phase,2024,253,0.91705532,0.03233575,0.97062045
circles,fixed_phase,2024,254,0.91752852,0.08821647,1.01760604
circles,fixed_phase,2024,255,0.92450132,0.05022841,1.00479719
circles,fixed_phase,2024,256,0.91441694,0.00554813,0.98901039
circles,fixed_phase,2024,257,0.92096158,0.04952348,1.02827949
circles,fixed_phase,2024,258,0.92436123,0.00693059,0.98437807
circles,fixed_phase,2024,259,0.91335191,0.04699083,0.96641454
circles,fixed_phase,2024,260,0.92577646,0.00254064,1.00754764
circles,fixed_phase,2024,261,0.93905372,0.02013879,0.99844383
circles,fixed_phase,2024,262,0.91750395,0.04892304,0.99378248
circles,fixed_phase,2024,263,0.92635461,0.04236035,0.99067364
circles,fixed_phase,2024,264,0.91195931,0.01524063,1.00101074
circles,fixed_phase,2024,265,0.92719088,0.00666518,0.99751585
circles,fixed_phase,2024,266,0.92297332,0.03676798,0.97800626
circles,fixed_phase,2024,267,0.93534272,0.06535761,0.98221825
circles,fixed_phase,2024,268,0.92123957,0.0377406,1.02335488
circles,fixed_phase,2024,269,0.92478724,0.00288794,1.00908568
circles,fixed_phase,2024,270,0.91777124,0.00756254,0.99926092
circles,fixed_phase,2024,271,0.92007662,0.01997284,0.99964087
circles,fixed_phase,2024,272,0.9265715,0.07906,1.00554144
circles,fixed_phase,2024,273,0.91811214,0.01240862,0.99357263
circles,fixed_phase,2024,274,0.91409962,0.02485699,0.98753892
circles,fixed_phase,2024,275,0.92218577,0.04697961,1.02262248
circles,fixed_phase,2024,276,0.91025933,0.00253092,1.02449752
circles,fixed_phase,2024,277,0.93359161,0.02368747,1.00538684
circles,fixed_phase,2024,278,0.92022854,0.08894003,0.99885105
circles,fixed_phase,2024,279,0.92327464,0.00771154,0.96727717
circles,fixed_phase,2024,280,0.92979379,0.02861177,1.00636282
circles,fixed_phase,2024,281,0.93527375,0.00167863,0.98542062
circles,fixed_phase,2024,282,0.91462523,0.04280959,0.96736781
circles,fixed_phase,2024,283,0.92358604,0.00703047,1.01526688
circles,fixed_phase,2024,284,0.92468371,0.04625025,0.98200896
circles,fixed_phase,2024,285,0.91404527,0.06916195,1.02450948
circles,fixed_phase,2024,286,0.92174064,0.0592875,1.02148126
circles,fixed_phase,2024,287,0.91304588,0.02348127,0.97867621
circles,fixed_phase,2024,288,0.91418543,0.0626863,1.0121883
circles,fixed_phase,2024,289,0.92627286,0.01882234,0.98233922
circles,fixed_phase,2024,290,0.92212162,0.04097116,1.0076146
circles,fixed_phase,2024,291,0.92299695,0.08359708,0.99049254
circles,fixed_phase,2024,292,0.91938186,0.06172433,1.00844555
circles,fixed_phase,2024,293,0.92400054,0.05642697,1.01704587
circles,fixed_phase,2024,294,0.9238534,0.04590967,1.00259861
circles,fixed_phase,2024,295,0.93337647,0.07649883,0.99632337
circles,fixed_phase,2024,296,0.92748524,0.02133671,1.00087832
circles,fixed_phase,2024,297,0.92110469,0.04744048,0.99655184
circles,fixed_phase,2024,298,0.92226821,0.01350126,1.02151773
circles,fixed_phase,2024,299,0.91981759,0.02708724,1.01242182
circles,fixed_phase,2024,300,0.92707605,0.08568268,1.01369619
circles,fixed_phase,2024,301,0.93617309,0.02384358,1.00054787
circles,fixed_phase,2024,302,0.9195729,0.06476701,0.99152464
circles,fixed_phase,2024,303,0.92422596,0.03708735,1.01262826
circles,fixed_phase,2024,304,0.93330541,0.02750816,1.00074407
circles,fixed_phase,2024,305,0.92689266,0.02772917,0.99158844
circles,fixed_phase,2024,306,0.92551062,0.05153207,0.98763889
circles,fixed_phase,2024,307,0.91668495,0.01613369,1.02335468
circles,fixed_phase,2024,308,0.91183109,0.00733646,0.99965792
circles,fixed_phase,2024,309,0.92092532,0.00816389,0.98379289
circles,fixed_phase,2024,310,0.91110423,0.02820455,0.98498355
circles,fixed_phase,2024,311,0.92554744,0.0528698,0.99750692
circles,fixed_phase,2024,312,0.92764688,0.03116875,1.01248275
circles,fixed_phase,2024,313,0.92648661,0.00764006,0.99846868
circles,fixed_phase,2024,314,0.90840944,0.03768348,1.0225578
circles,fixed_phase,2024,315,0.91866498,0.00984221,1.02116656
circles,fixed_phase,2024,316,0.91493925,0.01208816,1.0048558
circles,fixed_phase,2024,317,0.92450828,0.03422478,0.98923774
circles,fixed_phase,2024,318,0.90693869,0.0433308,1.02684395
circles,fixed_phase,2024,319,0.92826583,0.01144628,1.00385319
circles,fixed_phase,2024,320,0.92638266,0.03274981,1.00061792
circles,fixed_phase,2024,321,0.9329722,0.06285366,1.00219619
circles,fixed_phase,2024,322,0.92778958,0.00653216,0.99531286
circles,fixed_phase,2024,323,0.91978984,0.0193956,0.9996229
circles,fixed_phase,2024,324,0.9235829,0.10354634,1.01043464
circles,fixed_phase,2024,325,0.92160105,0.02382101,1.01585126
circles,fixed_phase,2024,326,0.9349258,0.04642818,1.00422497
circles,fixed_phase,2024,327,0.92692578,0.02935921,0.99181693
circles,fixed_phase,2024,328,0.92565084,0.04472071,1.01810071
circles,fixed_phase,2024,329,0.93283093,0.02753126,0.99372691
circles,fixed_phase,2024,330,0.92916495,0.00023674,0.9871592
circles,fixed_phase,2024,331,0.91576812,0.01933037,1.02179732
circles,fixed_phase,2024,332,0.92155114,0.13711875,0.97944857
circles,fixed_phase,2024,333,0.93108338,0.01455316,1.01571665
circles,fixed_phase,2024,334,0.94081383,0.02537674,0.97924259
circles,fixed_phase,2024,335,0.92341254,0.00721266,1.0230569
circles,fixed_phase,2024,336,0.923939,0.07582286,1.00365729
circles,fixed_phase,2024,337,0.92222717,0.03136699,1.01104496
circles,fixed_phase,2024,338,0.92186004,0.07235085,1.02200108
circles,fixed_phase,2024,339,0.91439198,0.03348624,0.98841409
circles,fixed_phase,2024,340,0.92228093,0.07200876,1.01119069
circles,fixed_phase,2024,341,0.91974465,0.02123907,0.98968724
circles,fixed_phase,2024,342,0.92433541,0.08234891,0.99059435
circles,fixed_phase,2024,343,0.92081782,0.02480012,1.01886016
circles,fixed_phase,2024,344,0.92148732,0.15001918,0.99376295
circles,fixed_phase,2024,345,0.92859989,0.02174189,0.98515597
circles,fixed_phase,2024,346,0.92071517,0.03071006,0.98271264
circles,fixed_phase,2024,347,0.9283259,0.06938594,1.00506314
circles,fixed_phase,2024,348,0.92472867,0.14959985,1.01255425
circles,fixed_phase,2024,349,0.92332626,0.0206083,1.02593394
circles,fixed_phase,2024,350,0.92707709,0.03949224,0.99259716
circles,fixed_phase,2024,351,0.91116985,0.01902576,0.97631341
circles,fixed_phase,2024,352,0.92806073,0.01180418,1.02641861
circles,fixed_phase,2024,353,0.92821067,0.01720754,0.99440667
circles,fixed_phase,2024,354,0.92716152,0.02299655,1.01848052
circles,fixed_phase,2024,355,0.9236374,0.00492468,0.99979519
circles,fixed_phase,2024,356,0.91389644,0.06488875,0.99651986
circles,fixed_phase,2024,357,0.91906674,0.12940322,0.99115919
circles,fixed_phase,2024,358,0.92695838,0.01396491,1.00271485
circles,fixed_phase,2024,359,0.92621598,0.03294791,1.00441777
circles,fixed_phase,2024,360,0.93127443,0.01024948,1.02087375
circles,fixed_phase,2024,361,0.92096698,0.03067683,1.00825541
circles,fixed_phase,2024,362,0.92353556,0.01496035,1.01002718
circles,fixed_phase,2024,363,0.91711376,0.11847968,0.97380251
circles,fixed_phase,2024,364,0.90360163,0.02658358,0.98623215
circles,fixed_phase,2024,365,0.92098591,0.0689706,0.98803014
circles,fixed_phase,2024,366,0.93574722,0.11612674,1.01815271
circles,fixed_phase,2024,367,0.92190016,0.02609859,1.01402515
circles,fixed_phase,2024,368,0.91358206,0.03192832,0.99701151
circles,fixed_phase,2024,369,0.92749714,0.07000258,0.99294583
circles,fixed_phase,2024,370,0.92018472,0.07550681,1.0184201
circles,fixed_phase,2024,371,0.91794872,0.04326493,0.99494992
circles,fixed_phase,2024,372,0.91832484,0.01419161,0.9973726
circles,fixed_phase,2024,373,0.92365832,0.05884722,1.02674169
circles,fixed_phase,2024,374,0.9161862,0.07559247,0.99920541
circles,fixed_phase,2024,375,0.9185691,0.03373874,1.01037822
circles,fixed_phase,2024,376,0.92734137,0.07212031,0.99269881
circles,fixed_phase,2024,377,0.92659872,0.03203357,1.02525205
circles,fixed_phase,2024,378,0.91582014,0.00672453,1.01244706
circles,fixed_phase,2024,379,0.9127854,0.03161284,0.97051429
circles,fixed_phase,2024,380,0.92078895,0.11795122,1.00431263
circles,fixed_phase,2024,381,0.91060924,0.05175865,1.00798959
circles,fixed_phase,2024,382,0.93167685,0.0086774,0.97852841
circles,fixed_phase,2024,383,0.92574366,0.05014205,0.9683095
circles,fixed_phase,2024,384,0.91378151,0.03553792,0.9926044
circles,fixed_phase,2024,385,0.92373427,0.05484504,0.9901951
circles,fixed_phase,2024,386,0.91475094,0.08135091,0.98212466
circles,fixed_phase,2024,387,0.91440709,0.01668948,0.97024825
circles,fixed_phase,2024,388,0.9262342,0.03534693,1.01136472
circles,fixed_phase,2024,389,0.92411011,0.03305234,1.01823314
circles,fixed_phase,2024,390,0.92115706,0.02765558,1.00058713
circles,fixed_phase,2024,391,0.92084501,0.03240812,1.00666399
circles,fixed_phase,2024,392,0.92795615,0.00388724,1.00078464
circles,fixed_phase,2024,393,0.92178795,0.0089169,1.00103089
circles,fixed_phase,2024,394,0.92360024,0.03088582,0.97668534
circles,fixed_phase,2024,395,0.91526947,0.01266113,1.00045412
circles,fixed_phase,2024,396,0.91777158,0.02439248,0.99467119
circles,fixed_phase,2024,397,0.92221302,0.00557092,1.01284853
circles,fixed_phase,2024,398,0.92094108,0.0369279,0.95247982
circles,fixed_phase,2024,399,0.92922627,0.07396048,1.0100142
circles,fixed_phase,2024,400,0.91889128,0.03624243,0.98588168
circles,fixed_phase,2024,401,0.92013895,0.03810453,1.00886182
circles,fixed_phase,2024,402,0.92489613,0.01491885,0.97644385
circles,fixed_phase,2024,403,0.92338736,0.00380267,0.98655911
circles,fixed_phase,2024,404,0.91792067,0.04377615,0.98592071
circles,fixed_phase,2024,405,0.92236987,0.00947377,1.00101071
circles,fixed_phase,2024,406,0.92534845,0.11722621,0.99677515
circles,fixed_phase,2024,407,0.91525693,0.02791539,0.98838804
circles,fixed_phase,2024,408,0.91882848,0.10402868,0.99989797
circles,fixed_phase,2024,409,0.92696148,0.00723157,0.97426214
circles,fixed_phase,2024,410,0.92264459,0.01556183,0.98642921
circles,fixed_phase,2024,411,0.92293385,0.06401915,1.00631771
circles,fixed_phase,2024,412,0.91715431,0.01353148,1.01329758
circles,fixed_phase,2024,413,0.91267296,0.01843314,1.01173195
circles,fixed_phase,2024,414,0.91641305,0.06281732,1.00053256
circles,fixed_phase,2024,415,0.92469815,0.06647533,0.99381126
circles,fixed_phase,2024,416,0.92578365,0.08707465,1.01114353
circles,fixed_phase,2024,417,0.92164403,0.07631371,0.99551587
circles,fixed_phase,2024,418,0.92210971,0.04744195,1.00541654
circles,fixed_phase,2024,419,0.92912694,0.05212348,1.00414071
circles,fixed_phase,2024,420,0.91054612,0.05027948,0.99372621
circles,fixed_phase,2024,421,0.92598838,0.00859148,1.02017065
circles,fixed_phase,2024,422,0.92289203,0.0784198,1.03879307
circles,fixed_phase,2024,423,0.92588151,0.00535492,1.02018347
circles,fixed_phase,2024,424,0.91970869,0.0028111,1.0268733
circles,fixed_phase,2024,425,0.91900759,0.06337962,1.00553389
circles,fixed_phase,2024,426,0.93361999,0.01463096,0.97224374
circles,fixed_phase,2024,427,0.92678628,0.05910205,0.97741526
circles,fixed_phase,2024,428,0.93040762,0.08343703,0.99664708
circles,fixed_phase,2024,429,0.91567811,0.00168015,0.99410997
circles,fixed_phase,2024,430,0.92108199,0.0500407,1.00699356
circles,fixed_phase,2024,431,0.90946185,0.02129963,0.9720246
circles,fixed_phase,2024,432,0.92330202,0.03707027,1.00112502
circles,fixed_phase,2024,433,0.92467706,0.0290342,1.02156567
circles,fixed_phase,2024,434,0.91704774,0.06527953,0.99984309
circles,fixed_phase,2024,435,0.91981698,0.09808523,0.98966214
circles,fixed_phase,2024,436,0.92890987,0.05824197,1.00396987
circles,fixed_phase,2024,437,0.92536947,0.02861554,1.00296419
circles,fixed_phase,2024,438,0.92942867,0.02632692,0.98870748
circles,fixed_phase,2024,439,0.93017747,0.01536581,1.00100408
circles,fixed_phase,2024,440,0.92392075,0.03102987,0.97683971
circles,fixed_phase,2024,441,0.92813269,0.07061514,0.99310617
circles,fixed_phase,2024,442,0.92283072,0.00406325,1.00025432
circles,fixed_phase,2024,443,0.92124627,0.04236038,0.98615619
circles,fixed_phase,2024,444,0.9180523,0.05568908,1.00860489
circles,fixed_phase,2024,445,0.92653966,0.04258655,0.9930971
circles,fixed_phase,2024,446,0.92462297,0.02066047,0.98550043
circles,fixed_phase,2024,447,0.91936399,0.0168173,0.99704804
circles,fixed_phase,2024,448,0.91687315,0.07245344,1.01466667
circles,fixed_phase,2024,449,0.91815861,0.06782225,1.02516785
circles,fixed_phase,2024,450,0.91387135,0.00397604,0.97405294
circles,fixed_phase,2024,451,0.9277669,0.01679886,0.98347626
circles,fixed_phase,2024,452,0.92509924,0.04779324,0.98770549
circles,fixed_phase,2024,453,0.91726295,0.01629556,1.00786888
circles,fixed_phase,2024,454,0.91347123,0.01097128,0.99355725
circles,fixed_phase,2024,455,0.92550776,0.06560249,1.01071916
circles,fixed_phase,2024,456,0.92169626,0.00218281,1.02998822
circles,fixed_phase,2024,457,0.92320541,0.03593176,1.02148402
circles,fixed_phase,2024,458,0.92789108,0.06082867,0.97070006
circles,fixed_phase,2024,459,0.91711779,0.04258041,1.00474312
circles,fixed_phase,2024,460,0.90479616,0.01428566,0.99806858
circles,fixed_phase,2024,461,0.92743038,0.00035521,1.00951606
circles,fixed_phase,2024,462,0.92698968,0.07671536,0.9972733
circles,fixed_phase,2024,463,0.92147276,0.04122428,0.99022256
circles,fixed_phase,2024,464,0.92375425,0.08219711,1.01043718
circles,fixed_phase,2024,465,0.91994939,0.03046626,1.0136746
circles,fixed_phase,2024,466,0.90956791,0.00437938,1.03060814
circles,fixed_phase,2024,467,0.92944069,0.03789877,1.009456
circles,fixed_phase,2024,468,0.92178592,0.02976069,0.98033545
circles,fixed_phase,2024,469,0.91888004,0.02900735,0.99100779
circles,fixed_phase,2024,470,0.91960743,0.03683759,1.03305924
circles,fixed_phase,2024,471,0.91914404,0.01312399,1.02550348
circles,fixed_phase,2024,472,0.93533071,0.09553678,1.01723536
circles,fixed_phase,2024,473,0.93611424,0.03055769,1.03145507
circles,fixed_phase,2024,474,0.92986477,0.04047725,0.99958641
circles,fixed_phase,2024,475,0.92864333,0.04108302,0.99790917
circles,fixed_phase,2024,476,0.91915005,0.06753261,1.00740042
circles,fixed_phase,2024,477,0.93225941,0.00997906,0.99830971
circles,fixed_phase,2024,478,0.92525262,0.02219761,1.00247517
circles,fixed_phase,2024,479,0.91709891,0.01778282,1.00884327
circles,fixed_phase,2024,480,0.90942643,0.00129386,0.99942678
circles,fixed_phase,2024,481,0.92930936,0.02251375,0.98763978
circles,fixed_phase,2024,482,0.91998198,0.0399973,0.99428684
circles,fixed_phase,2024,483,0.91590955,0.03011915,1.00923925
circles,fixed_phase,2024,484,0.92609594,0.00554051,0.9933889
circles,fixed_phase,2024,485,0.91516457,0.01616816,0.99900021
circles,fixed_phase,2024,486,0.91712402,0.06021927,1.01632338
circles,fixed_phase,2024,487,0.92355477,0.00243329,1.0149588
circles,fixed_phase,2024,488,0.91527943,0.0056355,0.98923716
circles,fixed_phase,2024,489,0.91723413,0.06065164,0.98458378
circles,fixed_phase,2024,490,0.9273319,0.02153395,0.98307996
circles,fixed_phase,2024,491,0.92552924,0.01661271,0.99022017
circles,fixed_phase,2024,492,0.91718835,0.01560408,0.99144629
circles,fixed_phase,2024,493,0.90883495,0.01443225,1.00232458
circles,fixed_phase,2024,494,0.90943396,0.02369453,1.01196566
circles,fixed_phase,2024,495,0.91690914,0.04342074,0.99338246
circles,fixed_phase,2024,496,0.92751887,0.01234224,1.00119388
circles,fixed_phase,2024,497,0.91956745,0.0053195,1.02718045
circles,fixed_phase,2024,498,0.92422888,0.0420007,1.0070635
circles,fixed_phase,2024,499,0.92699365,0.10133108,0.98832652
circles,fixed_phase,2024,500,0.92226803,0.04309552,0.99977092
circles,fixed_phase,2024,501,0.92329217,0.02028838,1.01116152
circles,fixed_phase,2024,502,0.92824707,0.06629795,0.99711757
circles,fixed_phase,2024,503,0.92464332,0.03049353,0.99549915
circles,fixed_phase,2024,504,0.92711685,0.01591075,1.00063736
circles,fixed_phase,2024,505,0.92082791,0.00169133,1.0087666
circles,fixed_phase,2024,506,0.92274282,0.05157239,0.99124229
circles,fixed_phase,2024,507,0.91799576,0.02209531,0.99905029
circles,fixed_phase,2024,508,0.92385898,0.0071503,1.01630609
circles,fixed_phase,2024,509,0.91608012,0.02937452,0.98732066
circles,fixed_phase,2024,510,0.92078103,0.0630896,1.03030072
circles,fixed_phase,2024,511,0.9215196,0.0366706,1.00260041
circles,fixed_phase,2024,512,0.93737649,0.05438615,0.96751583
circles,fixed_phase,2024,513,0.92937933,0.04221209,1.01160047
circles,fixed_phase,2024,514,0.91623103,0.07877747,0.99048317
circles,fixed_phase,2024,515,0.92097011,0.07363295,0.99423617
circles,fixed_phase,2024,516,0.92287161,0.043402,0.99493843
circles,fixed_phase,2024,517,0.92654491,0.00710047,0.98735995
circles,fixed_phase,2024,518,0.92098637,0.00527202,1.0132403
circles,fixed_phase,2024,519,0.91134197,4.32e-06,0.98376709
circles,fixed_phase,2024,520,0.93220446,0.01832043,1.02814433
circles,fixed_phase,2024,521,0.90934653,0.03236449,1.00425835
circles,fixed_phase,2024,522,0.91724941,0.04930704,0.99653682
circles,fixed_phase,2024,523,0.93102354,0.03647125,0.99386937
circles,fixed_phase,2024,524,0.91939256,0.03940379,0.98881952
circles,fixed_phase,2024,525,0.91666654,0.05103134,0.98863664
circles,fixed_phase,2024,526,0.92332531,0.01067401,0.99867153
circles,fixed_phase,2024,527,0.93359233,0.01264614,1.00241696
circles,fixed_phase,2024,528,0.91857365,0.01476671,1.00584486
circles,fixed_phase,2024,529,0.92783735,0.01192204,0.99581924
circles,fixed_phase,2024,530,0.92961133,0.06462746,1.00505839
circles,fixed_phase,2024,531,0.9152993,0.02746551,0.98847852
circles,fixed_phase,2024,532,0.92790261,0.02892152,0.99253067
circles,fixed_phase,2024,533,0.92602311,0.06942145,1.01712699
circles,fixed_phase,2024,534,0.92057905,0.05490407,0.99784565
circles,fixed_phase,2024,535,0.91399908,0.01448261,1.00378436
circles,fixed_phase,2024,536,0.92015251,0.03623707,0.99038364
circles,fixed_phase,2024,537,0.92330358,0.02046552,1.00815621
circles,fixed_phase,2024,538,0.94035926,0.01528441,1.01340644
circles,fixed_phase,2024,539,0.91612712,0.06215153,1.01185168
circles,fixed_phase,2024,540,0.92160205,0.02446946,0.98480596
circles,fixed_phase,2024,541,0.9258588,0.0302117,0.99717572
circles,fixed_phase,2024,542,0.92078343,0.03985402,1.00649667
circles,fixed_phase,2024,543,0.92988275,0.053186,0.95365094
circles,fixed_phase,2024,544,0.92291751,0.1064498,0.98345288
circles,fixed_phase,2024,545,0.94114273,0.04837119,1.00004962
circles,fixed_phase,2024,546,0.92363651,0.02539681,0.988036
circles,fixed_phase,2024,547,0.91348283,0.02162878,1.00495694
circles,fixed_phase,2024,548,0.93015127,0.0103187,1.0037858
circles,fixed_phase,2024,549,0.92334158,0.00880817,1.0238285
circles,fixed_phase,2024,550,0.92252928,0.01219967,1.01225444
circles,fixed_phase,2024,551,0.92532579,0.0422566,0.99981168
circles,fixed_phase,2024,552,0.91441547,0.00530745,1.01883234
circles,fixed_phase,2024,553,0.92087451,0.03642378,0.99764554
circles,fixed_phase,2024,554,0.9257071,0.08283975,0.99051998
circles,fixed_phase,2024,555,0.928046,0.04553897,0.99294809
circles,fixed_phase,2024,556,0.91231315,0.0047237,0.99296048
circles,fixed_phase,2024,557,0.92366571,0.03020439,0.99787113
circles,fixed_phase,2024,558,0.92174103,0.06943648,1.00915647
circles,fixed_phase,2024,559,0.92055409,0.01241491,0.99992316
circles,fixed_phase,2024,560,0.91650171,0.11415238,0.98577389
circles,fixed_phase,2024,561,0.92507337,0.06763685,1.00342928
circles,fixed_phase,2024,562,0.91677835,0.02949183,1.0079577
circles,fixed_phase,2024,563,0.92838385,0.05801528,0.98847381
circles,fixed_phase,2024,564,0.91618572,0.00414758,1.01357942
circles,fixed_phase,2024,565,0.91968689,0.08167809,1.00730268
circles,fixed_phase,2024,566,0.92009364,0.04390973,1.00704261
circles,fixed_phase,2024,567,0.9190651,0.07232722,0.98341106
circles,fixed_phase,2024,568,0.92274964,0.01414155,1.01682744
circles,fixed_phase,2024,569,0.91903276,0.00855941,0.98981388
circles,fixed_phase,2024,570,0.92606662,0.10957666,0.99924754
circles,fixed_phase,2024,571,0.92428389,0.01660229,0.99688294
circles,fixed_phase,2024,572,0.91215807,0.04875558,1.00427011
circles,fixed_phase,2024,573,0.90699724,0.01787157,1.02408312
circles,fixed_phase,2024,574,0.91649011,0.00125238,1.00284846
circles,fixed_phase,2024,575,0.91864507,0.01287134,1.01311677
circles,fixed_phase,2024,576,0.92742715,0.04656442,0.98001609
circles,fixed_phase,2024,577,0.9286647,0.05859456,0.99987642
circles,fixed_phase,2024,578,0.91391358,0.01706156,1.01549445
circles,fixed_phase,2024,579,0.92557556,0.00841427,0.98227333
circles,fixed_phase,2024,580,0.91645067,0.000921,0.9914796
circles,fixed_phase,2024,581,0.9342806,0.10874919,0.99015638
circles,fixed_phase,2024,582,0.92255434,0.04559357,0.9980713
circles,fixed_phase,2024,583,0.92773434,0.07863245,0.9933355
circles,fixed_phase,2024,584,0.91229651,0.05242127,0.99827207
circles,fixed_phase,2024,585,0.92314238,0.0840849,1.00904314
circles,fixed_phase,2024,586,0.91917155,0.02684522,1.02633161
circles,fixed_phase,2024,587,0.91997606,0.01658336,0.98440872
circles,fixed_phase,2024,588,0.92586486,0.09192682,1.00780642
circles,fixed_phase,2024,589,0.91347928,0.01326767,0.98720209
circles,fixed_phase,2024,590,0.92477026,0.09095688,0.98538184
circles,fixed_phase,2024,591,0.92413134,0.00500111,1.0033298
circles,fixed_phase,2024,592,0.91214415,0.01469913,1.00595425
circles,fixed_phase,2024,593,0.91872548,0.07706816,0.99297516
circles,fixed_phase,2024,594,0.92206488,0.08666755,0.99414686
circles,fixed_phase,2024,595,0.9254819,0.01553916,0.96884696
circles,fixed_phase,2024,596,0.93511224,0.08275292,0.98066762
circles,fixed_phase,2024,597,0.91030325,0.00225072,1.00937612
circles,fixed_phase,2024,598,0.91960294,0.01382321,0.99402619
circles,fixed_phase,2024,599,0.91788433,0.01319159,1.00588565
circles,fixed_phase,2024,600,0.91287762,0.09103046,0.9911943
circles,fixed_phase,2024,601,0.9245846,0.01585666,1.01441734
circles,fixed_phase,2024,602,0.91827311,0.06126003,1.0051924
circles,fixed_phase,2024,603,0.90854204,0.09004117,0.98610283
circles,fixed_phase,2024,604,0.91362222,0.05121153,0.99728976
circles,fixed_phase,2024,605,0.9257931,0.04059392,0.99878407
circles,fixed_phase,2024,606,0.92674149,0.02780548,1.02008907
circles,fixed_phase,2024,607,0.90896957,0.02064078,1.00133249
circles,fixed_phase,2024,608,0.91621721,0.01249183,0.98795007
circles,fixed_phase,2024,609,0.91858992,0.0037478,0.99399924
circles,fixed_phase,2024,610,0.91595959,0.03468338,0.99656104
circles,fixed_phase,2024,611,0.92344676,0.10713046,0.99217163
circles,fixed_phase,2024,612,0.92321784,0.00966497,1.00622028
circles,fixed_phase,2024,613,0.9291785,0.07924553,1.00124467
circles,fixed_phase,2024,614,0.91405761,0.07366503,0.99606929
circles,fixed_phase,2024,615,0.92221927,0.07610167,1.00015769
circles,fixed_phase,2024,616,0.92399428,0.02407786,1.01892312
circles,fixed_phase,2024,617,0.92774426,0.01916226,1.01295959
circles,fixed_phase,2024,618,0.92188835,0.04503648,1.01094905
circles,fixed_phase,2024,619,0.92600101,0.04143888,1.00400371
circles,fixed_phase,2024,620,0.93026985,0.0115136,1.00775335
circles,fixed_phase,2024,621,0.91957396,0.03595102,1.00145171
circles,fixed_phase,2024,622,0.91939555,0.04354306,1.01126457
circles,fixed_phase,2024,623,0.93000354,0.07643406,1.01201885
circles,fixed_phase,2024,624,0.92305133,0.04444695,0.9997759
circles,fixed_phase,2024,625,0.92666934,0.06853724,0.97178294
circles,fixed_phase,2024,626,0.91644261,0.03226971,0.97501648
circles,fixed_phase,2024,627,0.91721417,0.02304246,0.9926658
circles,fixed_phase,2024,628,0.91235345,0.02919004,0.97008075
circles,fixed_phase,2024,629,0.92402433,0.04325831,1.01292303
circles,fixed_phase,2024,630,0.91673144,0.04351634,0.98308751
circles,fixed_phase,2024,631,0.92014813,0.08025308,0.99549717
circles,fixed_phase,2024,632,0.91767055,0.0002832,0.98988763
circles,fixed_phase,2024,633,0.92150318,0.00054633,1.00490005
circles,fixed_phase,2024,634,0.92578433,0.02593223,1.00939226
circles,fixed_phase,2024,635,0.91659735,0.03462214,0.99676349
circles,fixed_phase,2024,636,0.92063068,0.0303419,0.98119302
circles,fixed_phase,2024,637,0.92526342,0.06147319,1.00531797
circles,fixed_phase,2024,638,0.91791225,0.02868318,0.9795851
circles,fixed_phase,2024,639,0.9211325,0.04168001,0.97469268
circles,fixed_phase,2024,640,0.92442485,0.02656554,0.99793477
circles,fixed_phase,2024,641,0.92401129,0.02775763,1.00288528
circles,fixed_phase,2024,642,0.92025118,0.06230462,0.98527224
circles,fixed_phase,2024,643,0.92132315,0.01075434,0.99885094
circles,fixed_phase,2024,644,0.91509315,0.0343977,0.99755769
circles,fixed_phase,2024,645,0.91817264,0.02780632,0.97701376
circles,fixed_phase,2024,646,0.92422163,0.08882832,0.98612419
circles,fixed_phase,2024,647,0.9201983,0.03844817,1.02142313
circles,fixed_phase,2024,648,0.91443265,0.00787009,0.99980494
circles,fixed_phase,2024,649,0.92240047,0.08273626,1.0162127
circles,fixed_phase,2024,650,0.92196249,0.03687496,1.00149083
circles,fixed_phase,2024,651,0.92474932,0.06228003,0.99847481
circles,fixed_phase,2024,652,0.91051848,0.00436764,0.99440651
circles,fixed_phase,2024,653,0.91371438,0.15913049,1.00115799
circles,fixed_phase,2024,654,0.92016174,0.00866737,1.0349208
circles,fixed_phase,2024,655,0.91600082,0.07530641,1.01116776
circles,fixed_phase,2024,656,0.93368685,0.02909561,0.99867539
circles,fixed_phase,2024,657,0.92822155,0.01967286,1.00253963
circles,fixed_phase,2024,658,0.91655938,0.03584743,1.01965181
circles,fixed_phase,2024,659,0.91446814,0.02303152,0.97277409
circles,fixed_phase,2024,660,0.92315504,0.00893459,0.98600926
circles,fixed_phase,2024,661,0.92111522,0.04443578,0.98607909
circles,fixed_phase,2024,662,0.92065872,0.01565221,0.97275707
circles,fixed_phase,2024,663,0.91831163,0.07557693,0.99945149
circles,fixed_phase,2024,664,0.92053098,0.03593291,1.01284551
circles,fixed_phase,2024,665,0.92200488,0.07553963,0.99024994
circles,fixed_phase,2024,666,0.91020641,0.02829312,0.98331541
circles,fixed_phase,2024,667,0.91461492,0.0114108,1.00859556
circles,fixed_phase,2024,668,0.91902989,0.03583445,1.00216297
circles,fixed_phase,2024,669,0.92918633,0.06561408,0.99672367
circles,fixed_phase,2024,670,0.93165576,0.03848496,1.02226008
circles,fixed_phase,2024,671,0.9233995,0.01182882,0.98719518
circles,fixed_phase,2024,672,0.92114731,0.05921947,1.00779674
circles,fixed_phase,2024,673,0.92602169,0.00509517,0.98997057
circles,fixed_phase,2024,674,0.93074723,0.00126413,0.997813
circles,fixed_phase,2024,675,0.92638752,0.00576862,0.98849219
circles,fixed_phase,2024,676,0.92369327,0.08046271,0.9901085
circles,fixed_phase,2024,677,0.92060648,0.06122193,0.99815678
circles,fixed_phase,2024,678,0.92150596,0.04118301,1.01325832
circles,fixed_phase,2024,679,0.91651601,0.06621404,1.00558168
circles,fixed_phase,2024,680,0.92896805,0.01469981,1.0103739
circles,fixed_phase,2024,681,0.91983158,0.00436131,0.99543623
circles,fixed_phase,2024,682,0.92625448,0.09883318,0.98732952
circles,fixed_phase,2024,683,0.93053969,0.02864936,1.00392877
circles,fixed_phase,2024,684,0.9248096,0.03114163,0.996131
circles,fixed_phase,2024,685,0.91739525,0.03406454,0.99161943
circles,fixed_phase,2024,686,0.91730245,0.08710861,0.9780224
circles,fixed_phase,2024,687,0.91875047,0.11433214,1.01208507
circles,fixed_phase,2024,688,0.92478204,0.01712433,0.99843365
circles,fixed_phase,2024,689,0.92235036,0.06414461,0.99732445
circles,fixed_phase,2024,690,0.91784634,0.0123942,1.01024531
circles,fixed_phase,2024,691,0.9239863,0.0497969,1.01542614
circles,fixed_phase,2024,692,0.90960987,0.01520774,0.98539816
circles,fixed_phase,2024,693,0.93810351,0.00527771,1.00385106
circles,fixed_phase,2024,694,0.91274987,0.0669516,0.98864739
circles,fixed_phase,2024,695,0.91686354,0.01975598,0.99996389
circles,fixed_phase,2024,696,0.91799673,0.01326577,0.98927028
circles,fixed_phase,2024,697,0.91977865,0.01938828,0.98442939
circles,fixed_phase,2024,698,0.91993876,0.03301703,1.02854136
circles,fixed_phase,2024,699,0.92231375,0.01694288,0.9907087
circles,fixed_phase,2024,700,0.9178217,0.0583192,0.98914148
circles,fixed_phase,2024,701,0.92849503,0.08472199,1.01278956
circles,fixed_phase,2024,702,0.92128502,0.04025753,1.00979052
circles,fixed_phase,2024,703,0.91242248,0.04726372,1.00022064
circles,fixed_phase,2024,704,0.92558663,0.02744435,1.00159812
circles,fixed_phase,2024,705,0.92270291,0.03838753,0.99888647
circles,fixed_phase,2024,706,0.90725821,0.01373707,0.99584688
circles,fixed_phase,2024,707,0.92084753,0.02236622,0.97339158
circles,fixed_phase,2024,708,0.92614265,0.04277028,1.02220914
circles,fixed_phase,2024,709,0.92066086,0.03269237,1.01232622
circles,fixed_phase,2024,710,0.92239398,0.02672108,0.99253488
circles,fixed_phase,2024,711,0.93054431,0.03296845,0.97898321
circles,fixed_phase,2024,712,0.90707512,0.05766608,0.99549487
circles,fixed_phase,2024,713,0.91636335,0.01212339,1.01382573
circles,fixed_phase,2024,714,0.92811641,0.02528044,0.97245572
circles,fixed_phase,2024,715,0.93154207,0.04557659,1.0051974
circles,fixed_phase,2024,716,0.91962968,0.0214296,1.02631104
circles,fixed_phase,2024,717,0.92473979,0.07744228,0.98316478
circles,fixed_phase,2024,718,0.91744021,0.04148852,1.00079962
circles,fixed_phase,2024,719,0.91485889,0.02615802,1.0004433
circles,fixed_phase,2024,720,0.91904433,0.06579371,1.00040841
circles,fixed_phase,2024,721,0.93158658,0.02652637,0.98825317
circles,fixed_phase,2024,722,0.92469657,0.05520029,0.97650942
circles,fixed_phase,2024,723,0.9172878,0.04730542,1.01272335
circles,fixed_phase,2024,724,0.92269742,0.0291603,0.97038477
circles,fixed_phase,2024,725,0.92211793,0.01956726,1.01889202
circles,fixed_phase,2024,726,0.92768606,0.04008413,0.98506705
circles,fixed_phase,2024,727,0.92635446,0.01739926,0.97878399
circles,fixed_phase,2024,728,0.92500354,0.00312953,0.99195655
circles,fixed_phase,2024,729,0.90530834,0.05488774,1.01131212
circles,fixed_phase,2024,730,0.91621101,0.00416734,1.00662969
circles,fixed_phase,2024,731,0.91936003,0.01232314,1.01108288
circles,fixed_phase,2024,732,0.91299063,0.0629036,1.0090583
circles,fixed_phase,2024,733,0.93232718,0.06159076,0.99545298
circles,fixed_phase,2024,734,0.92445944,0.01217111,0.97071896
circles,fixed_phase,2024,735,0.91480151,0.06581385,0.99732614
circles,fixed_phase,2024,736,0.9185924,0.02958585,1.01331041
circles,fixed_phase,2024,737,0.93154069,0.07688489,1.01101913
circles,fixed_phase,2024,738,0.91622076,0.00754907,0.98272397
circles,fixed_phase,2024,739,0.92712316,0.10577663,0.98834284
circles,fixed_phase,2024,740,0.91460281,0.03413288,0.99836256
circles,fixed_phase,2024,741,0.91906173,0.00055173,0.98818258
circles,fixed_phase,2024,742,0.92255926,0.05091588,1.01636564
circles,fixed_phase,2024,743,0.93131438,0.06582928,0.99239606
circles,fixed_phase,2024,744,0.92094444,0.01356758,1.00705719
circles,fixed_phase,2024,745,0.91083108,0.01130058,0.98748273
circles,fixed_phase,2024,746,0.92840628,0.06146302,0.99820909
circles,fixed_phase,2024,747,0.91888941,0.07509961,1.0138867
circles,fixed_phase,2024,748,0.92535002,0.01490807,1.01673782
circles,fixed_phase,2024,749,0.92379935,0.02502745,1.00970487
circles,fixed_phase,2024,750,0.91357206,0.00254062,0.99166358
circles,fixed_phase,2024,751,0.93427043,0.03974881,1.00071151
circles,fixed_phase,2024,752,0.91806441,0.02393507,0.98299772
circles,fixed_phase,2024,753,0.93140945,0.05503583,0.98030456
circles,fixed_phase,2024,754,0.91902312,0.11768815,0.99304129
circles,fixed_phase,2024,755,0.90457331,0.00916534,0.9811661
circles,fixed_phase,2024,756,0.91682912,0.05889323,0.98844389
circles,fixed_phase,2024,757,0.92660239,0.08457173,1.01353457
circles,fixed_phase,2024,758,0.92388176,0.08054774,1.01010551
circles,fixed_phase,2024,759,0.9245018,0.01460125,1.00224617
circles,fixed_phase,2024,760,0.91872039,0.01539875,1.01890636
circles,fixed_phase,2024,761,0.92612539,0.03890807,1.00934387
circles,fixed_phase,2024,762,0.92041468,0.04485815,0.98226751
circles,fixed_phase,2024,763,0.92029032,0.01702724,0.9930837
circles,fixed_phase,2024,764,0.92591523,0.05491903,0.99781986
circles,fixed_phase,2024,765,0.9171268,0.04934776,1.02196737
circles,fixed_phase,2024,766,0.93003634,0.01043843,1.02540415
circles,fixed_phase,2024,767,0.91840385,0.02970868,0.99270773
circles,fixed_phase,2024,768,0.921088,0.07694487,1.00159446
circles,fixed_phase,2024,769,0.92417265,0.00997826,1.0008721
circles,fixed_phase,2024,770,0.91764714,0.01417344,1.01515929
circles,fixed_phase,2024,771,0.92117235,0.01365264,1.0134227
circles,fixed_phase,2024,772,0.9283049,0.03374988,0.98499739
circles,fixed_phase,2024,773,0.92843332,0.03045442,1.02719915
circles,fixed_phase,2024,774,0.9208309,0.02547196,1.00232636
circles,fixed_phase,2024,775,0.91713657,0.02976485,1.00852457
circles,fixed_phase,2024,776,0.91639832,0.07186048,1.01823011
circles,fixed_phase,2024,777,0.9211748,0.01410642,0.97852647
circles,fixed_phase,2024,778,0.91390903,0.02382255,0.9820233
circles,fixed_phase,2024,779,0.91410135,0.06458716,0.96359656
circles,fixed_phase,2024,780,0.9173241,0.03649523,0.9985822
circles,fixed_phase,2024,781,0.91829549,0.01462627,1.00511354
circles,fixed_phase,2024,782,0.92658092,0.01310591,0.97889595
circles,fixed_phase,2024,783,0.9194464,0.00824978,1.01263051
circles,fixed_phase,2024,784,0.91270436,0.07708257,0.99992975
circles,fixed_phase,2024,785,0.92676475,0.01603152,0.99940966
circles,fixed_phase,2024,786,0.92476075,0.03133638,1.004741
circles,fixed_phase,2024,787,0.92558812,0.06152498,0.99340607
circles,fixed_phase,2024,788,0.9177886,0.06413667,1.00754739
circles,fixed_phase,2024,789,0.91915514,0.02903101,0.99753178
circles,fixed_phase,2024,790,0.91495474,0.00802926,1.03362156
circles,fixed_phase,2024,791,0.92369509,0.05311927,1.01303816
circles,fixed_phase,2024,792,0.92748126,0.03529331,0.98609121
circles,fixed_phase,2024,793,0.91786162,0.02212478,0.98784933
circles,fixed_phase,2024,794,0.92080537,0.07985051,0.98986582
circles,fixed_phase,2024,795,0.9292533,0.02021319,1.01848816
circles,fixed_phase,2024,796,0.91425635,0.0712109,0.96877674
circles,fixed_phase,2024,797,0.91224088,0.0655279,0.99949773
circles,fixed_phase,2024,798,0.92443359,0.01173814,1.00270381
circles,fixed_phase,2024,799,0.91027421,0.0008306,0.98287044
circles,fixed_phase,2024,800,0.92413626,0.03632031,1.0002278
circles,fixed_phase,2024,801,0.92718425,0.01405426,0.99652836
circles,fixed_phase,2024,802,0.92569698,0.04128482,0.99561737
circles,fixed_phase,2024,803,0.91830299,0.01075808,1.00512566
circles,fixed_phase,2024,804,0.93107233,0.00343258,0.98530561
circles,fixed_phase,2024,805,0.92402233,0.05539109,1.00589315
circles,fixed_phase,2024,806,0.92417146,0.05386226,1.0165523
circles,fixed_phase,2024,807,0.91599825,0.09968448,1.00678159
circles,fixed_phase,2024,808,0.92513998,0.02786536,1.01461036
circles,fixed_phase,2024,809,0.91580408,0.0093185,0.97852011
circles,fixed_phase,2024,810,0.91818979,0.03378475,1.00816671
circles,fixed_phase,2024,811,0.91618933,0.03383665,1.01058292
circles,fixed_phase,2024,812,0.92298517,0.02740695,0.99317706
circles,fixed_phase,2024,813,0.91929665,0.015181,1.0367919
circles,fixed_phase,2024,814,0.92590461,0.02296925,1.00522748
circles,fixed_phase,2024,815,0.91422464,0.03579725,0.99868376
circles,fixed_phase,2024,816,0.92080159,0.07061335,1.00784086
circles,fixed_phase,2024,817,0.91388407,0.01504404,0.99829927
circles,fixed_phase,2024,818,0.92472773,0.04218591,1.00885123
circles,fixed_phase,2024,819,0.92188074,0.04012473,1.00845791
circles,fixed_phase,2024,820,0.91167314,0.01772574,0.99651688
circles,fixed_phase,2024,821,0.91738179,0.08955669,1.00697708
circles,fixed_phase,2024,822,0.92382396,0.01948674,1.00464545
circles,fixed_phase,2024,823,0.91243032,0.02389838,1.00898456
circles,fixed_phase,2024,824,0.91314343,0.00528264,1.01362703
circles,fixed_phase,2024,825,0.92571306,0.00040913,0.99799555
circles,fixed_phase,2024,826,0.92571249,0.07889408,0.96263446
circles,fixed_phase,2024,827,0.91913848,0.00015948,0.98225337
circles,fixed_phase,2024,828,0.92330667,0.03106261,0.9941118
circles,fixed_phase,2024,829,0.93005376,0.09510645,1.0080711
circles,fixed_phase,2024,830,0.91817363,0.03226287,0.98756394
circles,fixed_phase,2024,831,0.91184077,0.0659485,1.00541379
circles,fixed_phase,2024,832,0.91625769,0.00577283,1.01085701
circles,fixed_phase,2024,833,0.91479451,0.11641224,0.99316317
circles,fixed_phase,2024,834,0.91857453,0.10003625,1.0072545
circles,fixed_phase,2024,835,0.9107522,0.06005071,0.99337322
circles,fixed_phase,2024,836,0.92650123,0.06316371,0.98352728
circles,fixed_phase,2024,837,0.91769346,0.09868926,0.9932099
circles,fixed_phase,2024,838,0.92170773,0.04734526,1.00765843
circles,fixed_phase,2024,839,0.92673358,0.0202349,0.9961861
circles,fixed_phase,2024,840,0.9161696,0.03901349,0.99399808
circles,fixed_phase,2024,841,0.92262538,0.00452073,0.99377628
circles,fixed_phase,2024,842,0.91993495,0.03772592,1.0129798
circles,fixed_phase,2024,843,0.90506886,0.10395093,0.9808598
circles,fixed_phase,2024,844,0.92072444,0.04724547,0.99396446
circles,fixed_phase,2024,845,0.91688197,0.0045332,1.00027763
circles,fixed_phase,2024,846,0.92383239,0.03120582,1.0203641
circles,fixed_phase,2024,847,0.91837904,0.01018377,1.00394251
circles,fixed_phase,2024,848,0.91614645,0.03489742,0.96880113
circles,fixed_phase,2024,849,0.92069897,0.07898343,0.97338727
circles,fixed_phase,2024,850,0.92313217,0.01217663,1.00738501
circles,fixed_phase,2024,851,0.92703827,0.02593864,1.01117011
circles,fixed_phase,2024,852,0.92453279,0.00806852,0.98134474
circles,fixed_phase,2024,853,0.92187463,0.02575759,1.03104788
circles,fixed_phase,2024,854,0.9249325,0.04516826,1.00341704
circles,fixed_phase,2024,855,0.92469643,0.03064236,1.00664029
circles,fixed_phase,2024,856,0.92208784,0.01366792,0.99655286
circles,fixed_phase,2024,857,0.9288083,0.07843077,1.00306523
circles,fixed_phase,2024,858,0.92176536,0.09594406,0.99835144
circles,fixed_phase,2024,859,0.90733424,0.02060069,1.007225
circles,fixed_phase,2024,860,0.92996026,0.02425447,1.02350182
circles,fixed_phase,2024,861,0.91736863,0.00447839,0.99007073
circles,fixed_phase,2024,862,0.91769865,0.0527735,1.00344116
circles,fixed_phase,2024,863,0.92525644,0.04049668,0.98048873
circles,fixed_phase,2024,864,0.92549107,0.11539661,0.98098553
circles,fixed_phase,2024,865,0.92382444,0.05104226,1.00540249
circles,fixed_phase,2024,866,0.92547175,0.00429698,1.00260116
circles,fixed_phase,2024,867,0.92264518,0.01231477,0.99866874
circles,fixed_phase,2024,868,0.91678535,0.06149227,1.0069499
circles,fixed_phase,2024,869,0.92946075,0.00512613,0.9962719
circles,fixed_phase,2024,870,0.91939395,0.02094794,1.00933232
circles,fixed_phase,2024,871,0.91797658,0.07332738,1.01932643
circles,fixed_phase,2024,872,0.91364274,0.1609514,1.00329505
circles,fixed_phase,2024,873,0.92875745,0.07948609,0.9827188
circles,fixed_phase,2024,874,0.92180321,0.01456628,1.00970984
circles,fixed_phase,2024,875,0.91641249,0.03821014,1.01446439
circles,fixed_phase,2024,876,0.9207978,0.02334378,1.00420165
circles,fixed_phase,2024,877,0.91937289,0.01760013,1.00847702
circles,fixed_phase,2024,878,0.91866178,0.1197985,1.02000515
circles,fixed_phase,2024,879,0.91813892,0.0498876,0.99803616
circles,fixed_phase,2024,880,0.91844066,0.04320978,0.99372934
circles,fixed_phase,2024,881,0.92521204,0.09834833,1.00552752
circles,fixed_phase,2024,882,0.92720035,0.13750648,1.01157193
circles,fixed_phase,2024,883,0.92942304,0.00999304,1.02760856
circles,fixed_phase,2024,884,0.92150127,0.04132289,1.00991461
circles,fixed_phase,2024,885,0.90356433,0.00203547,0.98516722
circles,fixed_phase,2024,886,0.91586964,0.0599795,1.00137411
circles,fixed_phase,2024,887,0.91452875,0.09527474,0.98162035
circles,fixed_phase,2024,888,0.93167193,0.06523945,1.00352448
circles,fixed_phase,2024,889,0.91316846,0.13775912,0.98761695
circles,fixed_phase,2024,890,0.91952899,0.04476091,1.01029402
circles,fixed_phase,2024,891,0.91956614,0.02606264,1.01687591
circles,fixed_phase,2024,892,0.92715768,0.07382802,1.01355223
circles,fixed_phase,2024,893,0.92406773,0.01505314,1.00239692
circles,fixed_phase,2024,894,0.91825264,0.06401307,0.98224684
circles,fixed_phase,2024,895,0.93027431,0.03180786,0.97746092
circles,fixed_phase,2024,896,0.90999077,0.01885497,0.98115513
circles,fixed_phase,2024,897,0.92050867,0.01753065,1.02537335
circles,fixed_phase,2024,898,0.91754733,0.01714388,0.98635794
circles,fixed_phase,2024,899,0.90862119,0.07656702,0.99505027
circles,fixed_phase,2024,900,0.9202146,0.0194483,0.9748981
circles,fixed_phase,2024,901,0.91759213,0.01862027,1.00544661
circles,fixed_phase,2024,902,0.91927123,0.03780398,1.01494588
circles,fixed_phase,2024,903,0.91323488,0.00372437,1.02363201
circles,fixed_phase,2024,904,0.92386241,0.03960659,0.98293226
circles,fixed_phase,2024,905,0.91807561,0.03041558,1.03322606
circles,fixed_phase,2024,906,0.91153161,0.01617799,0.99304675
circles,fixed_phase,2024,907,0.91715243,0.06795419,1.00088204
circles,fixed_phase,2024,908,0.91728518,0.01172874,0.99384862
circles,fixed_phase,2024,909,0.92994788,0.04405027,0.98743479
circles,fixed_phase,2024,910,0.91391608,0.0568301,1.00916179
circles,fixed_phase,2024,911,0.92690158,0.04376109,0.99971372
circles,fixed_phase,2024,912,0.91613324,0.04619963,0.99419782
circles,fixed_phase,2024,913,0.91943751,0.05919267,1.00464485
circles,fixed_phase,2024,914,0.91364497,0.04039991,0.99353107
circles,fixed_phase,2024,915,0.92236568,0.02658496,0.98676941
circles,fixed_phase,2024,916,0.92477179,0.02478177,1.00147531
circles,fixed_phase,2024,917,0.91423368,0.05263795,0.99676722
circles,fixed_phase,2024,918,0.91851522,0.08369765,1.02279459
circles,fixed_phase,2024,919,0.92175553,0.0026312,0.9901044
circles,fixed_phase,2024,920,0.92297452,0.01016103,1.00867886
circles,fixed_phase,2024,921,0.91839822,0.0216774,0.97727256
circles,fixed_phase,2024,922,0.92216731,0.03666051,0.99296208
circles,fixed_phase,2024,923,0.9182416,0.03664927,0.99380068
circles,fixed_phase,2024,924,0.92095166,0.027606,0.99116404
circles,fixed_phase,2024,925,0.92910979,0.07382773,0.98466874
circles,fixed_phase,2024,926,0.92482412,0.03952668,1.00180035
circles,fixed_phase,2024,927,0.92260435,0.07599655,1.01912959
circles,fixed_phase,2024,928,0.92861238,0.05581315,1.03090354
circles,fixed_phase,2024,929,0.92431471,0.01819608,1.00521422
circles,fixed_phase,2024,930,0.93284665,0.05109107,1.03088094
circles,fixed_phase,2024,931,0.92000841,0.01459691,0.97739252
circles,fixed_phase,2024,932,0.92197371,0.0459865,0.99887292
circles,fixed_phase,2024,933,0.9207514,0.1088935,1.00147385
circles,fixed_phase,2024,934,0.91408,0.08932572,0.98709434
circles,fixed_phase,2024,935,0.92931692,0.0021024,0.98881791
circles,fixed_phase,2024,936,0.92442666,0.0353585,0.99415039
circles,fixed_phase,2024,937,0.92125605,0.07352996,0.97738975
circles,fixed_phase,2024,938,0.9196267,0.00364534,1.00933998
circles,fixed_phase,2024,939,0.92266823,0.00460839,1.01104468
circles,fixed_phase,2024,940,0.91782302,0.04822829,0.98641
circles,fixed_phase,2024,941,0.93246036,0.0677025,1.02398666
circles,fixed_phase,2024,942,0.91803015,0.03114544,1.0168352
circles,fixed_phase,2024,943,0.9181892,0.07226903,1.0124403
circles,fixed_phase,2024,944,0.92480556,0.00069875,1.00701636
circles,fixed_phase,2024,945,0.91335992,0.03487683,0.97842666
circles,fixed_phase,2024,946,0.91788654,0.01899677,1.00076474
circles,fixed_phase,2024,947,0.92218919,0.01781026,0.99224071
circles,fixed_phase,2024,948,0.92327863,0.02918088,0.98729889
circles,fixed_phase,2024,949,0.93463952,0.11891904,0.99373505
circles,fixed_phase,2024,950,0.92370223,0.04297424,1.02800253
circles,fixed_phase,2024,951,0.91304384,0.03901004,0.99520552
circles,fixed_phase,2024,952,0.91610234,0.0075968,0.98738175
circles,fixed_phase,2024,953,0.9232551,0.05718412,0.99016872
circles,fixed_phase,2024,954,0.92169149,0.06485227,1.00748717
circles,fixed_phase,2024,955,0.93065046,0.00214785,1.00767038
circles,fixed_phase,2024,956,0.92130146,0.02810392,1.01191386
circles,fixed_phase,2024,957,0.92564956,0.03893405,0.98193626
circles,fixed_phase,2024,958,0.91650439,0.00288612,1.02767777
circles,fixed_phase,2024,959,0.92313666,0.0419053,0.96781682
circles,fixed_phase,2024,960,0.91757919,0.00871651,0.99139747
circles,fixed_phase,2024,961,0.93019194,0.03270389,0.99926071
circles,fixed_phase,2024,962,0.92849114,0.07642457,1.01038442
circles,fixed_phase,2024,963,0.91672282,0.04702234,1.00354818
circles,fixed_phase,2024,964,0.9189639,0.08262957,0.99931157
circles,fixed_phase,2024,965,0.91970668,0.01387143,1.02311647
circles,fixed_phase,2024,966,0.93158115,0.0020106,1.0033947
circles,fixed_phase,2024,967,0.92483241,0.05080825,1.01042077
circles,fixed_phase,2024,968,0.91240567,0.01642515,1.02262834
circles,fixed_phase,2024,969,0.91829463,0.01624716,0.99276336
circles,fixed_phase,2024,970,0.92692686,0.05195686,0.99097707
circles,fixed_phase,2024,971,0.92027107,0.04662326,0.99410086
circles,fixed_phase,2024,972,0.91060231,0.01942475,0.99201408
circles,fixed_phase,2024,973,0.92464087,0.04098316,1.01686376
circles,fixed_phase,2024,974,0.93222846,0.06816819,0.99773183
circles,fixed_phase,2024,975,0.92110603,0.09517738,1.01884211
circles,fixed_phase,2024,976,0.91746255,0.0023935,0.97744296
circles,fixed_phase,2024,977,0.92922046,0.03838883,1.00249196
circles,fixed_phase,2024,978,0.91922905,0.03077234,0.9874362
circles,fixed_phase,2024,979,0.91607743,0.02343691,0.99566158
circles,fixed_phase,2024,980,0.93123113,0.01344819,0.99597773
circles,fixed_phase,2024,981,0.92522583,0.02254972,1.0087834
circles,fixed_phase,2024,982,0.91165655,0.07185936,0.99478776
circles,fixed_phase,2024,983,0.93043233,0.02081887,1.01324901
circles,fixed_phase,2024,984,0.91836026,0.01796386,1.02120886
circles,fixed_phase,2024,985,0.92079239,0.00541892,1.02701618
circles,fixed_phase,2024,986,0.91341259,0.0596051,0.99414473
circles,fixed_phase,2024,987,0.91962502,0.01812373,0.98043193
circles,fixed_phase,2024,988,0.91793621,0.06466428,1.01293846
circles,fixed_phase,2024,989,0.92347767,0.04852849,1.00491937
circles,fixed_phase,2024,990,0.92535395,0.02269971,1.00985824
circles,fixed_phase,2024,991,0.92109799,0.08948843,0.99450261
circles,fixed_phase,2024,992,0.92701824,0.07895845,1.00636279
circles,fixed_phase,2024,993,0.92443616,0.01014159,1.02722294
circles,fixed_phase,2024,994,0.91813288,0.07286277,1.01298492
circles,fixed_phase,2024,995,0.9274436,0.01398092,1.02168338
circles,fixed_phase,2024,996,0.91486598,0.00746078,0.9745678
circles,fixed_phase,2024,997,0.91432543,0.04854117,0.98956836
circles,fixed_phase,2024,998,0.92323527,0.02387479,1.00558474
circles,fixed_phase,2024,999,0.91207234,0.01329776,0.9839024
circles,fixed_phase,4096,0,0.92123445,0.0205625,1.02152532
circles,fixed_phase,4096,1,0.92055077,0.02956321,0.99713697
circles,fixed_phase,4096,2,0.91516636,0.00773434,1.00598589
circles,fixed_phase,4096,3,0.91825371,0.01063286,1.0013473
circles,fixed_phase,4096,4,0.91668235,0.07045913,0.99780259
circles,fixed_phase,4096,5,0.92444509,0.01236471,1.01873796
circles,fixed_phase,4096,6,0.92073824,0.03810959,1.00239764
circles,fixed_phase,4096,7,0.93462704,0.03450164,1.00399912
circles,fixed_phase,4096,8,0.91290812,0.00477198,0.98974025
circles,fixed_phase,4096,9,0.92549257,0.03562125,0.98293945
circles,fixed_phase,4096,10,0.91872628,0.02758392,1.01229602
circles,fixed_phase,4096,11,0.91540671,0.06551873,1.00525306
circles,fixed_phase,4096,12,0.92445831,0.00137351,0.98431961
circles,fixed_phase,4096,13,0.92784495,0.04735567,1.00836723
circles,fixed_phase,4096,14,0.92839389,0.01986363,0.97676722
circles,fixed_phase,4096,15,0.91980392,0.0214144,1.02237354
circles,fixed_phase,4096,16,0.92203505,0.05060787,0.96157705
circles,fixed_phase,4096,17,0.9185107,0.01694679,1.00075063
circles,fixed_phase,4096,18,0.9166429,0.01787339,0.99138069
circles,fixed_phase,4096,19,0.92171082,0.05772994,1.00582396
circles,fixed_phase,4096,20,0.92133516,0.01885231,0.99867511
circles,fixed_phase,4096,21,0.92216641,0.0749692,1.00395568
circles,fixed_phase,4096,22,0.92770077,0.05470241,0.99245726
circles,fixed_phase,4096,23,0.92168328,0.00714355,0.99798456
circles,fixed_phase,4096,24,0.92101301,0.047612,0.96349665
circles,fixed_phase,4096,25,0.92001987,0.05336561,1.00388443
circles,fixed_phase,4096,26,0.93037556,0.0835838,0.99236525
circles,fixed_phase,4096,27,0.91960003,0.05973415,1.00881826
circles,fixed_phase,4096,28,0.92003234,0.07156886,1.01647874
circles,fixed_phase,4096,29,0.92570492,0.03402129,0.9894551
circles,fixed_phase,4096,30,0.91647805,0.09740135,1.02346358
circles,fixed_phase,4096,31,0.92593971,0.03405059,1.00076786
circles,fixed_phase,4096,32,0.92243149,0.00530119,1.01316802
circles,fixed_phase,4096,33,0.92597607,0.03400651,0.99931298
circles,fixed_phase,4096,34,0.9250482,0.07960569,0.99754907
circles,fixed_phase,4096,35,0.92339204,0.01681181,0.97229049
circles,fixed_phase,4096,36,0.92174721,0.00381979,0.97750935
circles,fixed_phase,4096,37,0.91465827,0.00758876,1.00125236
circles,fixed_phase,4096,38,0.92152249,0.03362747,1.00050406
circles,fixed_phase,4096,39,0.92247372,0.06223523,1.00339193
circles,fixed_phase,4096,40,0.91692324,0.0369268,1.00894255
circles,fixed_phase,4096,41,0.91668859,0.04387615,1.00724956
circles,fixed_phase,4096,42,0.92002708,0.00842663,1.01879707
circles,fixed_phase,4096,43,0.92106713,0.0198718,1.00223479
circles,fixed_phase,4096,44,0.92638452,0.01250056,0.98125825
circles,fixed_phase,4096,45,0.92995764,0.03145838,0.98207547
circles,fixed_phase,4096,46,0.91686452,0.08895825,1.01736604
circles,fixed_phase,4096,47,0.9252368,0.02963488,1.01309036
circles,fixed_phase,4096,48,0.9222457,0.04882504,0.95954102
circles,fixed_phase,4096,49,0.92240931,0.09888341,0.97998052
circles,fixed_phase,4096,50,0.93459075,0.03809306,1.0186737
circles,fixed_phase,4096,51,0.92954964,0.04025744,0.99272622
circles,fixed_phase,4096,52,0.91562984,0.02289868,1.00433891
circles,fixed_phase,4096,53,0.92524221,0.03973986,1.00257555
circles,fixed_phase,4096,54,0.92185764,0.06298352,0.99079002
circles,fixed_phase,4096,55,0.9136524,0.02121772,0.99470513
circles,fixed_phase,4096,56,0.92242598,0.08874063,0.98602082
circles,fixed_phase,4096,57,0.93250473,0.01736783,0.99855635
circles,fixed_phase,4096,58,0.9170002,0.09625467,0.98967928
circles,fixed_phase,4096,59,0.92123607,0.03719245,1.00790032
circles,fixed_phase,4096,60,0.92368739,0.04250269,1.01103241
circles,fixed_phase,4096,61,0.9300314,0.04126589,1.01964267
circles,fixed_phase,4096,62,0.9148043,0.10054318,0.9874836
circles,fixed_phase,4096,63,0.92907473,0.05897031,1.0119092
circles,fixed_phase,4096,64,0.9165072,0.04699318,0.98193739
circles,fixed_phase,4096,65,0.9200346,0.03886938,0.99022318
circles,fixed_phase,4096,66,0.91813953,0.11109534,1.0152265
circles,fixed_phase,4096,67,0.92226095,0.01481074,1.00184844
circles,fixed_phase,4096,68,0.9184431,0.02310135,0.99146729
circles,fixed_phase,4096,69,0.9224939,0.0274405,1.0081822
circles,fixed_phase,4096,70,0.91519251,0.09361837,1.00227506
circles,fixed_phase,4096,71,0.91816435,0.06803618,0.97170419
circles,fixed_phase,4096,72,0.92777737,0.02420211,0.96449991
circles,fixed_phase,4096,73,0.92491698,0.09433217,1.00554119
circles,fixed_phase,4096,74,0.92138971,0.01389954,0.97601008
circles,fixed_phase,4096,75,0.91684566,0.01494472,1.01377386
circles,fixed_phase,4096,76,0.92384322,0.03002541,0.98291969
circles,fixed_phase,4096,77,0.91018672,0.03126331,0.99744818
circles,fixed_phase,4096,78,0.92218919,0.06547079,1.00370581
circles,fixed_phase,4096,79,0.92472716,0.01210395,1.00677938
circles,fixed_phase,4096,80,0.92024317,0.02586677,1.01168103
circles,fixed_phase,4096,81,0.91589577,0.03239499,0.97563075
circles,fixed_phase,4096,82,0.9259178,0.08855096,0.97867872
circles,fixed_phase,4096,83,0.92941959,0.10277374,1.01168804
circles,fixed_phase,4096,84,0.92333739,0.03979134,0.98138683
circles,fixed_phase,4096,85,0.91297313,0.00994148,0.97803209
circles,fixed_phase,4096,86,0.92099701,0.04852683,0.99706194
circles,fixed_phase,4096,87,0.92797803,0.16150757,0.99931812
circles,fixed_phase,4096,88,0.91831097,0.01268383,0.98425116
circles,fixed_phase,4096,89,0.92083597,0.03987124,0.99473127
circles,fixed_phase,4096,90,0.92027416,0.11021737,1.00569926
circles,fixed_phase,4096,91,0.92449619,0.12248646,0.99225255
circles,fixed_phase,4096,92,0.91904133,0.11785351,1.00634152
circles,fixed_phase,4096,93,0.91887201,0.07147127,0.98992026
circles,fixed_phase,4096,94,0.92010785,0.05799725,0.98161876
circles,fixed_phase,4096,95,0.91961326,0.02799813,1.00571372
circles,fixed_phase,4096,96,0.91565877,0.00292412,1.00046942
circles,fixed_phase,4096,97,0.91475364,0.01488715,1.00147887
circles,fixed_phase,4096,98,0.92571234,0.04370406,0.99412811
circles,fixed_phase,4096,99,0.92735516,0.05600454,1.0130705
circles,fixed_phase,4096,100,0.92684532,0.10852905,0.98366956
circles,fixed_phase,4096,101,0.92617879,0.03059395,0.98535011
circles,fixed_phase,4096,102,0.91553648,0.02480672,1.01659127
circles,fixed_phase,4096,103,0.92999693,0.02305676,0.98700506
circles,fixed_phase,4096,104,0.92396856,0.04066854,0.97835269
circles,fixed_phase,4096,105,0.91794065,0.05323644,0.99699205
circles,fixed_phase,4096,106,0.91356092,0.06734814,0.99254956
circles,fixed_phase,4096,107,0.91102317,0.02963897,0.97718971
circles,fixed_phase,4096,108,0.91605896,0.03771455,1.00221247
circles,fixed_phase,4096,109,0.9120458,0.02759103,1.00801556
circles,fixed_phase,4096,110,0.92171377,0.04845323,1.01014502
circles,fixed_phase,4096,111,0.92279746,0.05165047,0.99110935
circles,fixed_phase,4096,112,0.92324127,0.09546521,0.98844458
circles,fixed_phase,4096,113,0.91987647,0.05167266,0.99906552
circles,fixed_phase,4096,114,0.91592114,0.02482146,0.99813568
circles,fixed_phase,4096,115,0.92038735,0.076748,0.98251566
circles,fixed_phase,4096,116,0.92620695,0.05945216,0.98241713
circles,fixed_phase,4096,117,0.91832203,0.01949531,0.97869276
circles,fixed_phase,4096,118,0.92945944,0.03130056,0.97589451
circles,fixed_phase,4096,119,0.91998814,0.01394066,0.99796303
circles,fixed_phase,4096,120,0.9267483,0.07700298,1.02226799
circles,fixed_phase,4096,121,0.92562104,0.03565163,1.0037573
circles,fixed_phase,4096,122,0.90777875,0.04140854,1.01396362
circles,fixed_phase,4096,123,0.92041443,0.05554358,0.99550244
circles,fixed_phase,4096,124,0.91875384,0.00412403,1.02409821
circles,fixed_phase,4096,125,0.92755054,0.00537604,1.00829996
circles,fixed_phase,4096,126,0.91486956,0.01167443,1.00664593
circles,fixed_phase,4096,127,0.91440102,0.01420576,1.03178657
circles,fixed_phase,4096,128,0.9175492,0.0179145,1.00644907
circles,fixed_phase,4096,129,0.91817513,0.03428439,1.00416674
circles,fixed_phase,4096,130,0.92157709,0.08945561,1.00861597
circles,fixed_phase,4096,131,0.91769768,0.0851634,1.01415301
circles,fixed_phase,4096,132,0.9170556,0.13914732,0.99998765
circles,fixed_phase,4096,133,0.92645461,0.06253219,1.00923662
circles,fixed_phase,4096,134,0.92245082,0.04521946,0.99653216
circles,fixed_phase,4096,135,0.93167089,0.01454931,1.00403279
circles,fixed_phase,4096,136,0.92530956,0.0603858,1.01930533
circles,fixed_phase,4096,137,0.91931197,0.03555024,0.98518972
circles,fixed_phase,4096,138,0.92261218,0.0370656,0.97798978
circles,fixed_phase,4096,139,0.92471254,0.00634453,1.00106966
circles,fixed_phase,4096,140,0.92408129,0.07335199,1.01089353
circles,fixed_phase,4096,141,0.92036692,0.0750689,0.995656
circles,fixed_phase,4096,142,0.92343008,0.03947966,1.01540997
circles,fixed_phase,4096,143,0.90968603,0.04080828,1.0044882
circles,fixed_phase,4096,144,0.92242176,0.06317294,0.9752207
circles,fixed_phase,4096,145,0.92914073,0.00470672,0.99530778
circles,fixed_phase,4096,146,0.91932502,0.02002269,0.98145399
circles,fixed_phase,4096,147,0.91221748,0.03651477,0.9891079
circles,fixed_phase,4096,148,0.92214899,0.03861017,0.99533428
circles,fixed_phase,4096,149,0.92540729,0.0310841,1.01748951
circles,fixed_phase,4096,150,0.92389965,0.05840587,0.9934565
circles,fixed_phase,4096,151,0.92379873,0.05085539,0.98059957
circles,fixed_phase,4096,152,0.92030532,0.08457051,0.99197369
circles,fixed_phase,4096,153,0.91845252,0.03062434,1.00821258
circles,fixed_phase,4096,154,0.92602032,0.04609842,0.99419195
circles,fixed_phase,4096,155,0.918309,0.13226422,0.99638586
circles,fixed_phase,4096,156,0.92649281,0.08679836,1.02404891
circles,fixed_phase,4096,157,0.92190937,0.02097555,1.00000051
circles,fixed_phase,4096,158,0.92133047,0.04176381,0.99532664
circles,fixed_phase,4096,159,0.92314608,0.01066632,0.99167942
circles,fixed_phase,4096,160,0.92095028,0.03161485,1.00365196
circles,fixed_phase,4096,161,0.91889662,0.06329197,1.01662222
circles,fixed_phase,4096,162,0.90678077,0.06563665,0.98000374
circles,fixed_phase,4096,163,0.91529067,0.01927073,1.02460214
circles,fixed_phase,4096,164,0.92113544,0.00015944,1.01338416
circles,fixed_phase,4096,165,0.91809683,0.02526528,0.99768492
circles,fixed_phase,4096,166,0.91829496,0.02578192,1.01127939
circles,fixed_phase,4096,167,0.92025589,0.04122274,0.99255914
circles,fixed_phase,4096,168,0.91491242,0.01700898,1.02311016
circles,fixed_phase,4096,169,0.92141241,0.11620704,1.01384776
circles,fixed_phase,4096,170,0.92102663,0.03321629,0.99005752
circles,fixed_phase,4096,171,0.92482051,0.04441857,1.01451112
circles,fixed_phase,4096,172,0.92838414,0.01719738,0.98885165
circles,fixed_phase,4096,173,0.92513459,0.06140056,1.00962473
circles,fixed_phase,4096,174,0.91909652,0.01000367,0.99844801
circles,fixed_phase,4096,175,0.92187041,0.06217499,0.98743891
circles,fixed_phase,4096,176,0.92314178,0.05696109,0.98882093
circles,fixed_phase,4096,177,0.91706827,0.06168425,1.0076232
circles,fixed_phase,4096,178,0.92405533,0.00616349,0.99336412
circles,fixed_phase,4096,179,0.89962393,0.01233373,0.98443983
circles,fixed_phase,4096,180,0.92262252,0.06997292,0.99356149
circles,fixed_phase,4096,181,0.93007936,0.02693122,0.99803606
circles,fixed_phase,4096,182,0.9254311,0.01998367,1.02360222
circles,fixed_phase,4096,183,0.93445335,0.00801815,1.00356161
circles,fixed_phase,4096,184,0.91849198,0.01385684,0.98486652
circles,fixed_phase,4096,185,0.91701134,0.07016829,0.98953172
circles,fixed_phase,4096,186,0.92716696,0.01010747,1.01241285
circles,fixed_phase,4096,187,0.92943902,0.01660053,0.98423018
circles,fixed_phase,4096,188,0.92586418,0.02057416,1.00613433
circles,fixed_phase,4096,189,0.92483287,0.0717741,1.00081249
circles,fixed_phase,4096,190,0.91671591,0.02536329,1.01915383
circles,fixed_phase,4096,191,0.92529012,0.01726173,0.97307696
circles,fixed_phase,4096,192,0.91783251,0.03857913,0.99674523
circles,fixed_phase,4096,193,0.91726607,0.00653119,0.97156709
circles,fixed_phase,4096,194,0.92432268,0.06199729,1.00748245
circles,fixed_phase,4096,195,0.91450369,0.05415598,0.98389025
circles,fixed_phase,4096,196,0.93300392,0.00756343,0.99054616
circles,fixed_phase,4096,197,0.91574558,0.0193782,0.99925487
circles,fixed_phase,4096,198,0.92607305,0.03026998,1.01860542
circles,fixed_phase,4096,199,0.92065951,0.04834568,1.00094851
circles,fixed_phase,4096,200,0.90939697,0.12734831,0.99795482
circles,fixed_phase,4096,201,0.91230879,0.00540257,1.00726018
circles,fixed_phase,4096,202,0.92526402,0.04204007,1.02071406
circles,fixed_phase,4096,203,0.91969879,0.00808768,1.02955116
circles,fixed_phase,4096,204,0.91385232,0.06795788,1.03203535
circles,fixed_phase,4096,205,0.9177905,0.01898013,1.03646477
circles,fixed_phase,4096,206,0.91410427,0.06745447,1.00970094
circles,fixed_phase,4096,207,0.92326423,0.02039889,0.97274283
circles,fixed_phase,4096,208,0.91734158,0.10210248,0.99308488
circles,fixed_phase,4096,209,0.92035535,0.04242835,0.97804529
circles,fixed_phase,4096,210,0.91838461,0.04712385,0.99059354
circles,fixed_phase,4096,211,0.92470695,0.05325304,0.99147319
circles,fixed_phase,4096,212,0.91466627,0.00814418,1.00523627
circles,fixed_phase,4096,213,0.91892706,0.02190139,1.01247811
circles,fixed_phase,4096,214,0.92185593,0.00267152,0.9872694
circles,fixed_phase,4096,215,0.9243206,0.09014481,1.01764416
circles,fixed_phase,4096,216,0.91230079,0.02742215,0.9937664
circles,fixed_phase,4096,217,0.91985432,0.06361256,1.02480569
circles,fixed_phase,4096,218,0.92146044,0.02939035,0.96640098
circles,fixed_phase,4096,219,0.92213172,0.06017987,0.98205865
circles,fixed_phase,4096,220,0.92361523,0.0411466,0.99088064
circles,fixed_phase,4096,221,0.92695111,0.07305587,0.97170507
circles,fixed_phase,4096,222,0.92958907,0.0203901,1.00432962
circles,fixed_phase,4096,223,0.92645128,0.0259044,0.99191289
circles,fixed_phase,4096,224,0.92057618,0.0642518,1.01185102
circles,fixed_phase,4096,225,0.91768737,0.05274224,0.98634323
circles,fixed_phase,4096,226,0.92353339,0.09060953,0.98088198
circles,fixed_phase,4096,227,0.91517666,0.15042676,1.01113267
circles,fixed_phase,4096,228,0.92071615,0.10734999,0.98965249
circles,fixed_phase,4096,229,0.93236569,0.00290924,0.9824004
circles,fixed_phase,4096,230,0.92210144,0.00180442,1.00369141
circles,fixed_phase,4096,231,0.92084344,0.00041927,0.97659212
circles,fixed_phase,4096,232,0.92853127,0.04022096,1.02064359
circles,fixed_phase,4096,233,0.9196041,0.02088565,1.00471194
circles,fixed_phase,4096,234,0.9167925,0.01402849,1.01133958
circles,fixed_phase,4096,235,0.92194567,0.01014307,0.99266608
circles,fixed_phase,4096,236,0.92183859,0.06012231,1.01688558
circles,fixed_phase,4096,237,0.92817626,0.00406737,0.97283845
circles,fixed_phase,4096,238,0.91979428,0.01906796,1.00775588
circles,fixed_phase,4096,239,0.92528042,0.00863188,0.98949239
circles,fixed_phase,4096,240,0.92401253,0.11175385,1.00408994
circles,fixed_phase,4096,241,0.93396814,0.01191889,0.97898125
circles,fixed_phase,4096,242,0.92854514,0.01935525,1.02725446
circles,fixed_phase,4096,243,0.91705574,0.00155096,0.9875615
circles,fixed_phase,4096,244,0.92311265,0.00843862,0.99947404
circles,fixed_phase,4096,245,0.91827171,0.00016103,0.9698545
circles,fixed_phase,4096,246,0.92784108,0.01726759,0.99061174
circles,fixed_phase,4096,247,0.93389421,0.05246022,1.0274044
circles,fixed_phase,4096,248,0.92169875,0.05049228,0.99971876
circles,fixed_phase,4096,249,0.9110733,0.07092612,1.00576235
circles,fixed_phase,4096,250,0.92150855,0.06719137,1.00836164
circles,fixed_phase,4096,251,0.93250246,0.05446845,0.99742136
circles,fixed_phase,4096,252,0.92158611,0.04369898,1.00037512
circles,fixed_phase,4096,253,0.92356933,0.02267101,1.01096468
circles,fixed_phase,4096,254,0.9186263,0.09837276,0.97809788
circles,fixed_phase,4096,255,0.91601021,0.0159057,0.99279704
circles,fixed_phase,4096,256,0.92331938,0.08571137,0.98632604
circles,fixed_phase,4096,257,0.93144587,0.09972115,1.00800593
circles,fixed_phase,4096,258,0.93113407,0.05242287,1.00067221
circles,fixed_phase,4096,259,0.92859138,0.01258229,1.01068854
circles,fixed_phase,4096,260,0.90891224,0.14238737,1.02593565
circles,fixed_phase,4096,261,0.92083796,0.00897654,0.98413402
circles,fixed_phase,4096,262,0.91534372,0.0416479,0.99352163
circles,fixed_phase,4096,263,0.92261782,0.05766772,1.01511842
circles,fixed_phase,4096,264,0.93376541,0.03105872,0.97288354
circles,fixed_phase,4096,265,0.91840036,0.04340949,1.00817822
circles,fixed_phase,4096,266,0.93021486,0.03910896,0.98266267
circles,fixed_phase,4096,267,0.92400253,0.00919772,0.99924992
circles,fixed_phase,4096,268,0.9264321,0.01314903,0.99560228
circles,fixed_phase,4096,269,0.91538252,0.03150103,0.97606708
circles,fixed_phase,4096,270,0.92158973,0.00317002,1.0070914
circles,fixed_phase,4096,271,0.92044878,0.04988442,1.00276568
circles,fixed_phase,4096,272,0.9307915,0.03977047,1.00935174
circles,fixed_phase,4096,273,0.93036871,0.07013278,0.9996542
circles,fixed_phase,4096,274,0.91883747,0.03223305,0.97286038
circles,fixed_phase,4096,275,0.93033088,0.00163703,0.98274156
circles,fixed_phase,4096,276,0.91171833,0.01659316,1.01741996
circles,fixed_phase,4096,277,0.93265134,0.03343965,1.00506859
circles,fixed_phase,4096,278,0.92527785,0.04128203,0.98839564
circles,fixed_phase,4096,279,0.91544086,0.02003681,0.97523565
circles,fixed_phase,4096,280,0.91603586,0.05268032,0.99940491
circles,fixed_phase,4096,281,0.93126807,0.0621578,1.02151641
circles,fixed_phase,4096,282,0.92900933,0.07985728,1.00238827
circles,fixed_phase,4096,283,0.91725107,0.05600369,1.0101255
circles,fixed_phase,4096,284,0.92406073,0.06147272,0.9841429
circles,fixed_phase,4096,285,0.91251271,0.00311669,0.97937316
circles,fixed_phase,4096,286,0.92543978,0.03883373,0.98724332
circles,fixed_phase,4096,287,0.92364449,0.00199705,1.00282143
circles,fixed_phase,4096,288,0.91655756,0.02749677,1.00122871
circles,fixed_phase,4096,289,0.92153585,0.05430222,1.00436622
circles,fixed_phase,4096,290,0.93422609,0.01035686,0.99137972
circles,fixed_phase,4096,291,0.91764062,0.01018575,0.98098112
circles,fixed_phase,4096,292,0.92629048,0.00120847,0.99328594
circles,fixed_phase,4096,293,0.92909695,0.01584039,0.97916786
circles,fixed_phase,4096,294,0.93424199,0.03234289,1.00347413
circles,fixed_phase,4096,295,0.92673721,0.00039105,0.97219683
circles,fixed_phase,4096,296,0.90994701,0.03879813,1.0068996
circles,fixed_phase,4096,297,0.9332206,0.04614287,1.0197255
circles,fixed_phase,4096,298,0.91877957,0.02313034,0.99066553
circles,fixed_phase,4096,299,0.90953537,0.04675398,0.99629624
circles,fixed_phase,4096,300,0.91456018,0.01090644,1.00873331
circles,fixed_phase,4096,301,0.91587268,0.03608327,0.99691643
circles,fixed_phase,4096,302,0.92062485,0.05593892,1.02686309
circles,fixed_phase,4096,303,0.92125486,0.03528409,1.00654208
circles,fixed_phase,4096,304,0.91618467,0.02996579,1.00380372
circles,fixed_phase,4096,305,0.92066333,0.04436476,0.98472023
circles,fixed_phase,4096,306,0.92001517,0.06139355,0.98011563
circles,fixed_phase,4096,307,0.91842453,0.01627108,0.98520684
circles,fixed_phase,4096,308,0.92593376,0.13311125,1.01799363
circles,fixed_phase,4096,309,0.92535662,0.05814907,0.99897662
circles,fixed_phase,4096,310,0.92352335,0.01508009,1.00058327
circles,fixed_phase,4096,311,0.91724996,0.03473067,1.01146548
circles,fixed_phase,4096,312,0.93250122,0.00537732,1.01469898
circles,fixed_phase,4096,313,0.9222238,0.04456849,1.01215334
circles,fixed_phase,4096,314,0.92219318,0.00132774,0.98973282
circles,fixed_phase,4096,315,0.92019134,0.01683751,1.02072219
circles,fixed_phase,4096,316,0.92950235,0.04582035,1.00051922
circles,fixed_phase,4096,317,0.92123234,0.00295099,1.02457696
circles,fixed_phase,4096,318,0.91999533,0.00346579,0.99769154
circles,fixed_phase,4096,319,0.92838088,0.00575806,0.99343565
circles,fixed_phase,4096,320,0.92425732,0.05257995,0.99427925
circles,fixed_phase,4096,321,0.92739501,0.02633934,0.99753434
circles,fixed_phase,4096,322,0.92035786,0.01098215,1.00214818
circles,fixed_phase,4096,323,0.93211148,0.06941541,0.9818782
circles,fixed_phase,4096,324,0.9383615,0.03890464,1.01760411
circles,fixed_phase,4096,325,0.91874008,0.00128329,1.00215648
circles,fixed_phase,4096,326,0.92037876,0.06051,0.99664054
circles,fixed_phase,4096,327,0.91847251,0.00927197,1.00810439
circles,fixed_phase,4096,328,0.92492485,0.02600092,0.98254226
circles,fixed_phase,4096,329,0.92544786,0.01496906,0.98102675
circles,fixed_phase,4096,330,0.91475586,0.0101546,1.00475135
circles,fixed_phase,4096,331,0.91444003,0.05644275,1.02089751
circles,fixed_phase,4096,332,0.91795752,0.03971448,1.00251917
circles,fixed_phase,4096,333,0.9201177,0.01001259,1.01569344
circles,fixed_phase,4096,334,0.9303736,0.09248822,1.00294605
circles,fixed_phase,4096,335,0.92494818,0.04327975,1.00371091
circles,fixed_phase,4096,336,0.92850436,0.00719395,0.986762
circles,fixed_phase,4096,337,0.91907754,0.0525409,1.03536653
circles,fixed_phase,4096,338,0.92506459,0.06938312,0.99275557
circles,fixed_phase,4096,339,0.92335136,0.0120422,1.01071603
circles,fixed_phase,4096,340,0.9210127,0.02704461,0.97840927
circles,fixed_phase,4096,341,0.9312985,0.07870815,0.98326585
circles,fixed_phase,4096,342,0.91507328,0.05662821,0.97582489
circles,fixed_phase,4096,343,0.91688022,0.04411737,1.01861896
circles,fixed_phase,4096,344,0.9188307,0.04002332,1.02064722
circles,fixed_phase,4096,345,0.9183281,0.06833474,1.00454801
circles,fixed_phase,4096,346,0.92365523,0.0108986,0.99409125
circles,fixed_phase,4096,347,0.92534585,0.05614651,1.00564475
circles,fixed_phase,4096,348,0.92543877,0.03264132,1.01463662
circles,fixed_phase,4096,349,0.91773773,0.02594845,0.98720722
circles,fixed_phase,4096,350,0.92338777,0.01872262,0.97856223
circles,fixed_phase,4096,351,0.92422994,0.00361391,0.98701164
circles,fixed_phase,4096,352,0.92154582,0.00784328,1.00595272
circles,fixed_phase,4096,353,0.92426365,0.03256272,1.01399358
circles,fixed_phase,4096,354,0.91988989,0.01320675,1.00589239
circles,fixed_phase,4096,355,0.92104842,0.07532222,1.01038856
circles,fixed_phase,4096,356,0.9148671,0.02749742,1.01714961
circles,fixed_phase,4096,357,0.91479644,0.01890898,1.00158863
circles,fixed_phase,4096,358,0.9213225,0.05971711,0.98741926
circles,fixed_phase,4096,359,0.91784714,0.05558029,0.98821912
circles,fixed_phase,4096,360,0.91986574,0.05293555,1.02691647
circles,fixed_phase,4096,361,0.91737315,0.02067423,1.02406776
circles,fixed_phase,4096,362,0.93691535,0.06765775,0.99328268
circles,fixed_phase,4096,363,0.92816097,0.0332917,1.00122553
circles,fixed_phase,4096,364,0.9235842,0.0315503,0.99391281
circles,fixed_phase,4096,365,0.92974157,0.04424957,0.98277086
circles,fixed_phase,4096,366,0.91770595,0.1079022,0.99597249
circles,fixed_phase,4096,367,0.92642286,0.03136585,1.00052932
circles,fixed_phase,4096,368,0.9227973,0.01903148,1.03631446
circles,fixed_phase,4096,369,0.92889527,0.01726534,1.01152258
circles,fixed_phase,4096,370,0.91858458,0.02155215,1.01365066
circles,fixed_phase,4096,371,0.91611885,0.101563,0.98962497
circles,fixed_phase,4096,372,0.91819375,0.03712129,1.0072317
circles,fixed_phase,4096,373,0.91891773,0.05764341,0.99393935
circles,fixed_phase,4096,374,0.92784623,0.00928237,1.00385429
circles,fixed_phase,4096,375,0.92473664,0.00802541,0.99910823
circles,fixed_phase,4096,376,0.91900155,0.01592628,1.0260424
circles,fixed_phase,4096,377,0.92931892,0.08224253,1.00525603
circles,fixed_phase,4096,378,0.91911742,0.00044233,1.01363641
circles,fixed_phase,4096,379,0.92471366,0.03887374,0.99010627
circles,fixed_phase,4096,380,0.91941203,0.02656846,1.01614342
circles,fixed_phase,4096,381,0.91049371,0.0140685,1.00768834
circles,fixed_phase,4096,382,0.91759552,0.09912415,0.98815513
circles,fixed_phase,4096,383,0.91771689,0.0544739,0.97559576
circles,fixed_phase,4096,384,0.92202828,0.05492913,1.00794602
circles,fixed_phase,4096,385,0.92482797,0.02351772,1.02163338
circles,fixed_phase,4096,386,0.91640519,0.0690922,1.0104813
circles,fixed_phase,4096,387,0.92863582,0.04877347,1.01297567
circles,fixed_phase,4096,388,0.92172356,0.0237473,1.00243329
circles,fixed_phase,4096,389,0.92536471,0.02603357,1.00292325
circles,fixed_phase,4096,390,0.9167711,0.0476398,1.00036563
circles,fixed_phase,4096,391,0.92120599,0.00547918,1.01936466
circles,fixed_phase,4096,392,0.91857486,0.04011908,1.00556942
circles,fixed_phase,4096,393,0.92674272,0.15452033,0.98516169
circles,fixed_phase,4096,394,0.92123939,0.0423723,0.98916859
circles,fixed_phase,4096,395,0.93370431,0.07831967,1.00930668
circles,fixed_phase,4096,396,0.92238589,0.00916255,0.97677444
circles,fixed_phase,4096,397,0.91905252,0.01822474,1.00891267
circles,fixed_phase,4096,398,0.92623044,0.06041503,0.98315608
circles,fixed_phase,4096,399,0.92212102,0.02737913,1.02549024
circles,fixed_phase,4096,400,0.91706643,0.00653403,0.97491697
circles,fixed_phase,4096,401,0.92117949,0.01916557,0.99868816
circles,fixed_phase,4096,402,0.91577608,0.06025925,0.99030041
circles,fixed_phase,4096,403,0.9215588,0.02866508,1.00338425
circles,fixed_phase,4096,404,0.92624465,0.02771814,1.00139232
circles,fixed_phase,4096,405,0.91310954,0.03441512,0.99529982
circles,fixed_phase,4096,406,0.92220589,0.0238295,1.01993096
circles,fixed_phase,4096,407,0.92231777,0.00461505,1.00795509
circles,fixed_phase,4096,408,0.92185665,0.07731121,0.99900126
circles,fixed_phase,4096,409,0.91681511,0.01438492,0.99372172
circles,fixed_phase,4096,410,0.92148866,0.07944921,1.01331281
circles,fixed_phase,4096,411,0.9303015,0.04159328,1.0083632
circles,fixed_phase,4096,412,0.91919501,0.10597602,1.00593578
circles,fixed_phase,4096,413,0.9393755,0.04524133,0.99159943
circles,fixed_phase,4096,414,0.92362373,0.02387869,1.00028666
circles,fixed_phase,4096,415,0.92763797,0.08083088,0.98719141
circles,fixed_phase,4096,416,0.91055285,0.00864828,0.99469433
circles,fixed_phase,4096,417,0.92076098,0.06284604,0.98352536
circles,fixed_phase,4096,418,0.91763359,0.01723395,0.99547239
circles,fixed_phase,4096,419,0.91946293,0.01336853,0.98853976
circles,fixed_phase,4096,420,0.92206734,0.12938055,0.98947654
circles,fixed_phase,4096,421,0.91045076,0.09327775,1.04138728
circles,fixed_phase,4096,422,0.92255824,0.05368912,1.01780657
circles,fixed_phase,4096,423,0.91855247,0.05017851,1.01144743
circles,fixed_phase,4096,424,0.91963068,0.05056776,0.97659352
circles,fixed_phase,4096,425,0.92617775,0.01300244,0.98849854
circles,fixed_phase,4096,426,0.91044335,0.00776396,0.99057125
circles,fixed_phase,4096,427,0.92444539,0.06047341,0.99524851
circles,fixed_phase,4096,428,0.92788346,0.02889178,1.00772966
circles,fixed_phase,4096,429,0.92787462,0.01080233,0.98823608
circles,fixed_phase,4096,430,0.91229925,0.00410285,0.99966875
circles,fixed_phase,4096,431,0.91211724,0.06060007,0.9886345
circles,fixed_phase,4096,432,0.9154894,0.09658767,0.99549088
circles,fixed_phase,4096,433,0.91891211,0.04946024,1.00447995
circles,fixed_phase,4096,434,0.92328787,0.04992382,0.98829269
circles,fixed_phase,4096,435,0.92837849,0.03699242,1.01827676
circles,fixed_phase,4096,436,0.91946753,0.02632895,1.02363721
circles,fixed_phase,4096,437,0.92276758,0.05454173,1.0163522
circles,fixed_phase,4096,438,0.92733328,0.0773447,1.00180487
circles,fixed_phase,4096,439,0.91382303,0.0413408,0.99129077
circles,fixed_phase,4096,440,0.92197405,0.0213139,0.99903921
circles,fixed_phase,4096,441,0.91371593,0.00194513,0.98879322
circles,fixed_phase,4096,442,0.91978458,0.00710708,1.03612224
circles,fixed_phase,4096,443,0.92331373,0.04427657,0.99276944
circles,fixed_phase,4096,444,0.92147766,0.08554831,1.00973315
circles,fixed_phase,4096,445,0.91304675,0.03398873,1.01362746
circles,fixed_phase,4096,446,0.92375441,0.06751552,1.00063675
circles,fixed_phase,4096,447,0.91666183,0.02567673,0.97971569
circles,fixed_phase,4096,448,0.92134919,0.09025022,1.02803682
circles,fixed_phase,4096,449,0.9295228,0.05402331,0.99504974
circles,fixed_phase,4096,450,0.91204977,0.03149874,1.0048484
circles,fixed_phase,4096,451,0.92245856,0.02979639,0.9794663
circles,fixed_phase,4096,452,0.91675772,0.05308805,1.00638145
circles,fixed_phase,4096,453,0.92549697,0.04159398,0.9859186
circles,fixed_phase,4096,454,0.91641353,0.00190788,0.99898243
circles,fixed_phase,4096,455,0.91493816,0.01219527,0.98994431
circles,fixed_phase,4096,456,0.92837924,0.03562636,0.98526064
circles,fixed_phase,4096,457,0.9276031,0.00872818,0.9900958
circles,fixed_phase,4096,458,0.92557111,0.03157024,0.9988839
circles,fixed_phase,4096,459,0.92579459,0.00692113,0.98345632
circles,fixed_phase,4096,460,0.92169232,0.04745559,1.00356338
circles,fixed_phase,4096,461,0.92207981,0.01699009,1.00981774
circles,fixed_phase,4096,462,0.92184782,0.04770091,1.00273937
circles,fixed_phase,4096,463,0.91858088,0.03034888,0.99203934
circles,fixed_phase,4096,464,0.92939442,0.05589951,1.00169957
circles,fixed_phase,4096,465,0.92058884,0.02388988,1.02798913
circles,fixed_phase,4096,466,0.92307113,0.00423082,0.96892368
circles,fixed_phase,4096,467,0.92768944,0.03450924,1.00439898
circles,fixed_phase,4096,468,0.92652892,0.01572257,0.97982725
circles,fixed_phase,4096,469,0.91968401,0.00408398,0.98741206
circles,fixed_phase,4096,470,0.91691428,0.00655314,0.98197395
circles,fixed_phase,4096,471,0.91249166,0.03216084,1.00067807
circles,fixed_phase,4096,472,0.92299044,0.04547544,0.99541692
circles,fixed_phase,4096,473,0.90782112,0.0128619,0.98709223
circles,fixed_phase,4096,474,0.91948839,0.02931997,0.99080227
circles,fixed_phase,4096,475,0.92037418,0.03475356,1.00596741
circles,fixed_phase,4096,476,0.91065777,0.04527078,1.02800373
circles,fixed_phase,4096,477,0.93194647,0.03361456,0.99925505
circles,fixed_phase,4096,478,0.91912029,0.01495237,0.99585864
circles,fixed_phase,4096,479,0.91849145,0.06440744,0.9722736
circles,fixed_phase,4096,480,0.91998544,0.06158846,0.98068885
circles,fixed_phase,4096,481,0.91760903,0.07942285,0.9909577
circles,fixed_phase,4096,482,0.9193132,0.0171363,0.99884339
circles,fixed_phase,4096,483,0.91790321,0.01167289,0.9943367
circles,fixed_phase,4096,484,0.93202285,0.05427271,1.00533398
circles,fixed_phase,4096,485,0.91532831,0.04996679,0.99554978
circles,fixed_phase,4096,486,0.91468203,0.03027993,1.00135997
circles,fixed_phase,4096,487,0.92207454,0.14826251,1.02393442
circles,fixed_phase,4096,488,0.93212252,0.00463421,0.99861506
circles,fixed_phase,4096,489,0.9258481,0.00594592,0.97622953
circles,fixed_phase,4096,490,0.92227603,0.02526392,1.00486675
circles,fixed_phase,4096,491,0.91620081,0.02200189,1.03239152
circles,fixed_phase,4096,492,0.92709487,0.01436034,1.00830987
circles,fixed_phase,4096,493,0.91126547,0.05612629,1.01358585
circles,fixed_phase,4096,494,0.92032329,0.06957523,0.98553456
circles,fixed_phase,4096,495,0.91868993,0.18469562,1.00609623
circles,fixed_phase,4096,496,0.91915987,0.00285671,0.99720149
circles,fixed_phase,4096,497,0.94259559,0.04397947,0.99308472
circles,fixed_phase,4096,498,0.92401626,0.01242767,0.997308
circles,fixed_phase,4096,499,0.92612198,0.02464149,1.0117212
circles,fixed_phase,4096,500,0.92389304,0.03649362,0.96800547
circles,fixed_phase,4096,501,0.92133385,0.03503738,1.03410126
circles,fixed_phase,4096,502,0.91783445,0.03500506,1.0206737
circles,fixed_phase,4096,503,0.9286581,0.01952087,0.98564036
circles,fixed_phase,4096,504,0.92418086,0.04074905,0.98491556
circles,fixed_phase,4096,505,0.9221352,0.06385123,1.0125435
circles,fixed_phase,4096,506,0.92151459,0.03128103,0.98464973
circles,fixed_phase,4096,507,0.91835678,0.03854314,0.99423036
circles,fixed_phase,4096,508,0.92722709,0.02026154,1.01505124
circles,fixed_phase,4096,509,0.92214992,0.02623355,1.02465991
circles,fixed_phase,4096,510,0.92002764,0.02461501,0.97401425
circles,fixed_phase,4096,511,0.92436274,0.02704982,1.00437871
circles,fixed_phase,4096,512,0.93384231,0.04107321,0.9731959
circles,fixed_phase,4096,513,0.92748901,0.00922045,1.00381545
circles,fixed_phase,4096,514,0.92183896,0.01546238,1.01039912
circles,fixed_phase,4096,515,0.91943234,0.05457181,0.99204851
circles,fixed_phase,4096,516,0.92237481,0.06572327,1.00939489
circles,fixed_phase,4096,517,0.91808799,0.00238578,0.98793482
circles,fixed_phase,4096,518,0.9186557,0.00700964,1.00609945
circles,fixed_phase,4096,519,0.93291161,0.12110497,0.99374869
circles,fixed_phase,4096,520,0.92322944,0.01256928,1.00966789
circles,fixed_phase,4096,521,0.93122112,0.00319889,1.0233012
circles,fixed_phase,4096,522,0.92215516,1.585e-05,1.00058982
circles,fixed_phase,4096,523,0.92712239,0.05520507,1.01067748
circles,fixed_phase,4096,524,0.92783776,0.06744476,0.98304272
circles,fixed_phase,4096,525,0.91864484,0.06369515,1.03173448
circles,fixed_phase,4096,526,0.91694929,0.0676839,0.99693727
circles,fixed_phase,4096,527,0.91832628,0.0774459,0.98432371
circles,fixed_phase,4096,528,0.91847444,0.01490801,1.00685386
circles,fixed_phase,4096,529,0.92973478,0.08244539,0.97924245
circles,fixed_phase,4096,530,0.92359513,0.05803723,1.00655173
circles,fixed_phase,4096,531,0.92064723,0.06495743,0.99059323
circles,fixed_phase,4096,532,0.9282134,0.04873353,0.99861569
circles,fixed_phase,4096,533,0.92233923,0.00739909,1.01188339
circles,fixed_phase,4096,534,0.92433112,0.01861225,0.98828531
circles,fixed_phase,4096,535,0.91691914,0.02419747,0.9760996
circles,fixed_phase,4096,536,0.91418232,0.00358917,0.97571942
circles,fixed_phase,4096,537,0.91310089,0.00478137,0.99572323
circles,fixed_phase,4096,538,0.92214673,0.06270539,1.02400958
circles,fixed_phase,4096,539,0.92039702,0.02483923,1.02220159
circles,fixed_phase,4096,540,0.92244563,0.00111179,0.99576879
circles,fixed_phase,4096,541,0.91297019,0.00676328,1.00462057
circles,fixed_phase,4096,542,0.92213983,0.02850343,1.00664053
circles,fixed_phase,4096,543,0.92276098,0.02685333,1.00490471
circles,fixed_phase,4096,544,0.9310311,0.00840456,1.01222477
circles,fixed_phase,4096,545,0.92444035,0.05961236,1.01165453
circles,fixed_phase,4096,546,0.91198458,0.03334007,1.01784642
circles,fixed_phase,4096,547,0.92948677,0.01314114,1.01793598
circles,fixed_phase,4096,548,0.93206908,0.05026197,1.00947438
circles,fixed_phase,4096,549,0.91555801,0.03056197,1.0145291
circles,fixed_phase,4096,550,0.92357799,0.08610219,1.0026685
circles,fixed_phase,4096,551,0.91690427,0.04330735,1.01323223
circles,fixed_phase,4096,552,0.91135014,0.07182639,0.99618067
circles,fixed_phase,4096,553,0.92863469,0.04473282,1.01646814
circles,fixed_phase,4096,554,0.92644358,0.04355267,0.97784303
circles,fixed_phase,4096,555,0.92871598,0.16992741,0.98382198
circles,fixed_phase,4096,556,0.92660265,0.09268573,0.98429356
circles,fixed_phase,4096,557,0.91699912,0.02661148,1.00153792
circles,fixed_phase,4096,558,0.92239344,0.01641575,1.01424041
circles,fixed_phase,4096,559,0.93143178,0.02098174,0.997404
circles,fixed_phase,4096,560,0.92463266,0.04182734,1.01004279
circles,fixed_phase,4096,561,0.91522684,0.06379946,1.01047038
circles,fixed_phase,4096,562,0.92131262,0.05454267,1.02752723
circles,fixed_phase,4096,563,0.92403557,0.04390687,1.01541705
circles,fixed_phase,4096,564,0.91824466,0.00074934,0.99750659
circles,fixed_phase,4096,565,0.92647545,0.01265409,1.02190611
circles,fixed_phase,4096,566,0.92212734,0.06216442,1.01698423
circles,fixed_phase,4096,567,0.93098982,0.06349899,0.99968375
circles,fixed_phase,4096,568,0.91957174,0.00605385,1.03985674
circles,fixed_phase,4096,569,0.92246759,0.05236852,0.97266695
circles,fixed_phase,4096,570,0.93118606,0.04655427,1.02345904
circles,fixed_phase,4096,571,0.92347385,0.05609344,0.99413783
circles,fixed_phase,4096,572,0.92064067,0.02529914,1.00860675
circles,fixed_phase,4096,573,0.9192147,0.07174177,0.9863186
circles,fixed_phase,4096,574,0.93039484,0.02490481,0.98118418
circles,fixed_phase,4096,575,0.92285828,0.03331166,0.97383193
circles,fixed_phase,4096,576,0.92489559,0.04139529,0.98998842
circles,fixed_phase,4096,577,0.92845727,0.00458786,1.00716881
circles,fixed_phase,4096,578,0.92513137,0.01692155,0.99318365
circles,fixed_phase,4096,579,0.92588714,0.01359511,0.98942321
circles,fixed_phase,4096,580,0.92826862,0.0902536,1.0158785
circles,fixed_phase,4096,581,0.91295908,0.0241359,0.98345004
circles,fixed_phase,4096,582,0.92461373,0.02408032,1.03513229
circles,fixed_phase,4096,583,0.91499593,0.02175783,0.96392873
circles,fixed_phase,4096,584,0.9213597,0.0303763,1.00758836
circles,fixed_phase,4096,585,0.92207548,0.0164315,0.98469151
circles,fixed_phase,4096,586,0.92340561,0.01417229,1.01730328
circles,fixed_phase,4096,587,0.92015036,0.00587844,1.00198202
circles,fixed_phase,4096,588,0.91876003,0.05280299,0.98956454
circles,fixed_phase,4096,589,0.91582689,0.01101033,0.99991232
circles,fixed_phase,4096,590,0.91955948,0.00991922,1.03800776
circles,fixed_phase,4096,591,0.93148467,0.12497818,0.98762525
circles,fixed_phase,4096,592,0.92136615,0.01674323,1.02533477
circles,fixed_phase,4096,593,0.91824147,0.01533701,0.9806971
circles,fixed_phase,4096,594,0.92011956,0.02913063,1.01371209
circles,fixed_phase,4096,595,0.92750522,0.05726375,1.01720402
circles,fixed_phase,4096,596,0.92227725,0.01815094,1.02228996
circles,fixed_phase,4096,597,0.92269251,0.00964512,1.00781287
circles,fixed_phase,4096,598,0.92993002,0.07183722,0.98253854
circles,fixed_phase,4096,599,0.92963366,0.03644865,1.00044257
circles,fixed_phase,4096,600,0.91164262,0.04133989,1.00179868
circles,fixed_phase,4096,601,0.93159691,0.02340778,1.00082723
circles,fixed_phase,4096,602,0.91925681,0.03580548,0.99132831
circles,fixed_phase,4096,603,0.92248967,0.03848209,1.02793534
circles,fixed_phase,4096,604,0.92603773,0.00320574,1.01071387
circles,fixed_phase,4096,605,0.92079632,0.12156072,1.02538039
circles,fixed_phase,4096,606,0.90991042,0.01841024,0.99363804
circles,fixed_phase,4096,607,0.92311916,0.02931517,1.00223663
circles,fixed_phase,4096,608,0.92095004,0.0108787,0.97409274
circles,fixed_phase,4096,609,0.91610015,0.04450002,0.98868501
circles,fixed_phase,4096,610,0.92419849,0.02820933,0.98226444
circles,fixed_phase,4096,611,0.92315256,0.04880358,0.99269371
circles,fixed_phase,4096,612,0.91527253,0.13408606,1.01697319
circles,fixed_phase,4096,613,0.93017643,0.05134307,1.02333738
circles,fixed_phase,4096,614,0.91897528,0.0907747,0.97651917
circles,fixed_phase,4096,615,0.92886172,0.09603764,0.97384848
circles,fixed_phase,4096,616,0.91247324,0.00930128,0.9958046
circles,fixed_phase,4096,617,0.91786812,0.00446279,1.03003469
circles,fixed_phase,4096,618,0.92187648,0.00741614,1.0044401
circles,fixed_phase,4096,619,0.92783188,0.05585272,1.0005194
circles,fixed_phase,4096,620,0.90938499,0.02741093,0.98308889
circles,fixed_phase,4096,621,0.92281216,0.07003871,1.03115735
circles,fixed_phase,4096,622,0.92648608,0.03434111,0.99341914
circles,fixed_phase,4096,623,0.92636817,0.04623692,1.04040765
circles,fixed_phase,4096,624,0.92646194,0.0669154,1.00096577
circles,fixed_phase,4096,625,0.91897969,0.05424583,1.01251342
circles,fixed_phase,4096,626,0.93062331,0.03507664,1.00791642
circles,fixed_phase,4096,627,0.90973152,0.01309865,1.00067854
circles,fixed_phase,4096,628,0.91836778,0.05084739,0.99383494
circles,fixed_phase,4096,629,0.91655876,0.073663,1.00777977
circles,fixed_phase,4096,630,0.91667347,0.0213157,1.04074061
circles,fixed_phase,4096,631,0.91894757,0.02259825,0.99955179
circles,fixed_phase,4096,632,0.92023836,0.0225372,0.99555747
circles,fixed_phase,4096,633,0.92149894,0.02599205,0.97251926
circles,fixed_phase,4096,634,0.912177,0.01827679,1.01424427
circles,fixed_phase,4096,635,0.91887311,0.09793248,0.97855508
circles,fixed_phase,4096,636,0.91756656,0.03379254,0.9901525
circles,fixed_phase,4096,637,0.91687838,0.03582918,1.01153579
circles,fixed_phase,4096,638,0.91418388,0.06036441,0.99989538
circles,fixed_phase,4096,639,0.91133214,0.04835348,0.99458476
circles,fixed_phase,4096,640,0.91860041,0.06903475,1.01518053
circles,fixed_phase,4096,641,0.92199716,0.02900424,1.00413677
circles,fixed_phase,4096,642,0.92394149,0.06691713,0.97736849
circles,fixed_phase,4096,643,0.92583829,0.01839203,0.99824971
circles,fixed_phase,4096,644,0.92353927,0.03602014,1.01952277
circles,fixed_phase,4096,645,0.93046698,0.03332646,1.01694767
circles,fixed_phase,4096,646,0.92303561,0.12048214,0.99698282
circles,fixed_phase,4096,647,0.92930092,0.01771597,1.01767104
circles,fixed_phase,4096,648,0.91281853,0.05137198,1.01217511
circles,fixed_phase,4096,649,0.91657237,0.02189241,0.99040674
circles,fixed_phase,4096,650,0.91715734,0.04471706,0.98641323
circles,fixed_phase,4096,651,0.92871865,0.00786523,0.99400162
circles,fixed_phase,4096,652,0.9214397,0.04371359,0.98973563
circles,fixed_phase,4096,653,0.9261813,0.07129853,0.98513699
circles,fixed_phase,4096,654,0.91535318,0.0002482,0.99703699
circles,fixed_phase,4096,655,0.91684115,0.07183095,1.0000887
circles,fixed_phase,4096,656,0.92744319,0.04284112,0.98697717
circles,fixed_phase,4096,657,0.92090561,0.07075183,0.98915604
circles,fixed_phase,4096,658,0.93210995,0.00569287,1.00552491
circles,fixed_phase,4096,659,0.91794024,0.01314068,0.99010252
circles,fixed_phase,4096,660,0.92177141,0.09032419,1.00608008
circles,fixed_phase,4096,661,0.93590294,0.01576935,0.99498215
circles,fixed_phase,4096,662,0.91340867,0.02404904,1.00771202
circles,fixed_phase,4096,663,0.91404293,0.0119431,0.97075618
circles,fixed_phase,4096,664,0.91618456,0.03382448,0.9941937
circles,fixed_phase,4096,665,0.91142269,0.02634439,1.00173377
circles,fixed_phase,4096,666,0.92284796,0.01256146,0.98021474
circles,fixed_phase,4096,667,0.9180747,0.04183661,1.03083631
circles,fixed_phase,4096,668,0.92709101,0.02154486,1.02046988
circles,fixed_phase,4096,669,0.92007533,0.04479143,0.98604692
circles,fixed_phase,4096,670,0.9242281,0.02101663,0.97961932
circles,fixed_phase,4096,671,0.920818,0.03264583,1.02386202
circles,fixed_phase,4096,672,0.91052291,0.04554634,1.01727343
circles,fixed_phase,4096,673,0.92767806,0.03773888,0.9784152
circles,fixed_phase,4096,674,0.91828129,0.08704068,0.98372466
circles,fixed_phase,4096,675,0.92772055,0.04442593,1.01154949
circles,fixed_phase,4096,676,0.91797425,0.0671247,1.00927382
circles,fixed_phase,4096,677,0.91227922,0.09122102,0.97550864
circles,fixed_phase,4096,678,0.91335296,0.03101314,1.01953182
circles,fixed_phase,4096,679,0.9141124,0.04852351,1.01293165
circles,fixed_phase,4096,680,0.92228072,0.07146907,0.99633543
circles,fixed_phase,4096,681,0.92939682,0.00933209,0.98304329
circles,fixed_phase,4096,682,0.92352066,0.07589527,1.0073101
circles,fixed_phase,4096,683,0.92636071,0.03130264,0.99335681
circles,fixed_phase,4096,684,0.92682647,0.02229216,1.00455295
circles,fixed_phase,4096,685,0.92722155,0.01428672,1.0017247
circles,fixed_phase,4096,686,0.92725569,0.02809498,0.9962524
circles,fixed_phase,4096,687,0.91268647,0.07687845,1.00363385
circles,fixed_phase,4096,688,0.91193726,0.07404141,0.99566399
circles,fixed_phase,4096,689,0.91357565,0.07610304,1.00444444
circles,fixed_phase,4096,690,0.92161415,0.10300174,0.98947128
circles,fixed_phase,4096,691,0.91751857,0.01803713,1.00578736
circles,fixed_phase,4096,692,0.92445951,0.06165864,0.96999544
circles,fixed_phase,4096,693,0.92882627,0.00331511,1.02955177
circles,fixed_phase,4096,694,0.92097701,0.04059304,0.99222373
circles,fixed_phase,4096,695,0.93123917,0.05195409,1.02162979
circles,fixed_phase,4096,696,0.9277834,0.01197045,0.99593784
circles,fixed_phase,4096,697,0.91929335,0.05609102,0.99447084
circles,fixed_phase,4096,698,0.91193072,0.03059332,0.97470349
circles,fixed_phase,4096,699,0.92113115,0.07658238,1.00626228
circles,fixed_phase,4096,700,0.91735437,0.00789823,1.00011883
circles,fixed_phase,4096,701,0.90986043,0.00307053,1.00495704
circles,fixed_phase,4096,702,0.91818254,0.04411277,0.99071024
circles,fixed_phase,4096,703,0.9178901,0.00628714,1.01795434
circles,fixed_phase,4096,704,0.93366109,0.04744037,0.97520445
circles,fixed_phase,4096,705,0.91567945,0.08644239,1.00071092
circles,fixed_phase,4096,706,0.92748498,0.03230813,1.0100832
circles,fixed_phase,4096,707,0.91790155,0.05187863,1.04925049
circles,fixed_phase,4096,708,0.92289947,0.01238307,0.99831446
circles,fixed_phase,4096,709,0.92269056,0.00837558,1.00408561
circles,fixed_phase,4096,710,0.91439952,0.04638439,0.97414122
circles,fixed_phase,4096,711,0.93538225,0.06516428,1.00291153
circles,fixed_phase,4096,712,0.91972424,0.03744692,0.99965781
circles,fixed_phase,4096,713,0.91970259,0.02506568,0.99051885
circles,fixed_phase,4096,714,0.93015434,0.02379553,1.0009845
circles,fixed_phase,4096,715,0.92203057,0.11950003,1.00581968
circles,fixed_phase,4096,716,0.9257935,0.01924305,1.00999465
circles,fixed_phase,4096,717,0.91384295,0.0152533,0.98686304
circles,fixed_phase,4096,718,0.91688376,0.04525295,0.96025816
circles,fixed_phase,4096,719,0.92012856,0.0211412,0.97941313
circles,fixed_phase,4096,720,0.92260741,0.03926484,1.00382423
circles,fixed_phase,4096,721,0.91520955,0.02916122,0.99719675
circles,fixed_phase,4096,722,0.91213032,0.03601387,0.97797965
circles,fixed_phase,4096,723,0.92141857,0.07490068,0.99936766
circles,fixed_phase,4096,724,0.91397914,0.03475016,1.00801917
circles,fixed_phase,4096,725,0.92176261,0.02374921,0.99707654
circles,fixed_phase,4096,726,0.92056361,0.04990986,1.00772694
circles,fixed_phase,4096,727,0.92190171,0.00388711,1.01125762
circles,fixed_phase,4096,728,0.92461721,0.06588955,0.98834943
circles,fixed_phase,4096,729,0.92231696,0.04575693,1.00823895
circles,fixed_phase,4096,730,0.91809626,0.00838647,0.99897051
circles,fixed_phase,4096,731,0.92089766,0.0147678,0.97456756
circles,fixed_phase,4096,732,0.92379334,0.04781734,1.01875617
circles,fixed_phase,4096,733,0.9268059,0.00291468,0.99197002
circles,fixed_phase,4096,734,0.91609916,0.01647204,0.99856482
circles,fixed_phase,4096,735,0.92828534,0.05363219,1.00097436
circles,fixed_phase,4096,736,0.9059865,0.053884,1.00924573
circles,fixed_phase,4096,737,0.92658928,0.0290616,0.99487108
circles,fixed_phase,4096,738,0.91680053,0.08330073,0.99682917
circles,fixed_phase,4096,739,0.92099881,0.05969936,1.03536329
circles,fixed_phase,4096,740,0.92153991,0.08773638,0.96781767
circles,fixed_phase,4096,741,0.92217324,0.02217,1.02237175
circles,fixed_phase,4096,742,0.91967159,0.04258712,1.0195864
circles,fixed_phase,4096,743,0.92016434,0.00786208,0.9982792
circles,fixed_phase,4096,744,0.92547041,0.01642153,1.01435975
circles,fixed_phase,4096,745,0.91806645,0.03913188,1.01423791
circles,fixed_phase,4096,746,0.92040633,0.0648801,1.01021692
circles,fixed_phase,4096,747,0.91995101,0.09231079,0.98042485
circles,fixed_phase,4096,748,0.93196138,0.03834092,1.01004227
circles,fixed_phase,4096,749,0.9273814,0.08411388,0.98922628
circles,fixed_phase,4096,750,0.92229479,0.0019525,0.98930831
circles,fixed_phase,4096,751,0.91909547,0.0413466,1.00780776
circles,fixed_phase,4096,752,0.92062893,0.05714264,1.00717565
circles,fixed_phase,4096,753,0.92360529,0.05382479,0.97949351
circles,fixed_phase,4096,754,0.92213675,0.00495875,1.00870762
circles,fixed_phase,4096,755,0.9244253,0.03795114,0.98013454
circles,fixed_phase,4096,756,0.92539038,0.02453514,1.00253855
circles,fixed_phase,4096,757,0.91357573,0.01027259,1.02379078
circles,fixed_phase,4096,758,0.91121574,0.02724925,1.00670189
circles,fixed_phase,4096,759,0.91787719,0.02264627,1.01477112
circles,fixed_phase,4096,760,0.92670367,0.04444701,1.00952076
circles,fixed_phase,4096,761,0.91554029,0.02712997,1.00186411
circles,fixed_phase,4096,762,0.91956571,0.048923,0.99069496
circles,fixed_phase,4096,763,0.92696676,0.03601325,1.00373704
circles,fixed_phase,4096,764,0.91474177,0.06699527,0.99620836
circles,fixed_phase,4096,765,0.91148177,0.06777718,1.02487747
circles,fixed_phase,4096,766,0.92069485,0.07712586,1.00810744
circles,fixed_phase,4096,767,0.92135579,0.08589231,0.99001258
circles,fixed_phase,4096,768,0.92695286,0.00356198,0.99607543
circles,fixed_phase,4096,769,0.91685167,0.00942497,0.99851534
circles,fixed_phase,4096,770,0.91659348,0.01216348,1.02753188
circles,fixed_phase,4096,771,0.92212858,0.07036477,1.0178873
circles,fixed_phase,4096,772,0.91226746,0.05469569,0.99339082
circles,fixed_phase,4096,773,0.91384719,0.04070839,0.9939843
circles,fixed_phase,4096,774,0.92376037,0.02264084,1.00324559
circles,fixed_phase,4096,775,0.9257433,0.01842484,1.0041162
circles,fixed_phase,4096,776,0.91346416,0.01467097,1.01877925
circles,fixed_phase,4096,777,0.92095033,0.02356984,1.00831757
circles,fixed_phase,4096,778,0.92308753,0.05497759,0.98447044
circles,fixed_phase,4096,779,0.9161367,0.03430656,1.00616733
circles,fixed_phase,4096,780,0.90904087,0.01490076,0.99297429
circles,fixed_phase,4096,781,0.91802701,0.07056542,0.99875543
circles,fixed_phase,4096,782,0.92221116,0.00094518,1.02169433
circles,fixed_phase,4096,783,0.92098039,0.0058584,1.00196215
circles,fixed_phase,4096,784,0.9236409,0.01311398,1.00625769
circles,fixed_phase,4096,785,0.9137534,0.00698753,1.01616721
circles,fixed_phase,4096,786,0.91861873,0.01556336,1.00409543
circles,fixed_phase,4096,787,0.92571802,0.05832578,0.99231724
circles,fixed_phase,4096,788,0.91304379,0.00645608,0.98121626
circles,fixed_phase,4096,789,0.92324024,0.0331586,1.01667814
circles,fixed_phase,4096,790,0.92069593,0.02381579,0.97878463
circles,fixed_phase,4096,791,0.91944398,0.01476413,0.98013556
circles,fixed_phase,4096,792,0.92757827,0.09637694,0.98686915
circles,fixed_phase,4096,793,0.9124962,0.10122577,1.01320144
circles,fixed_phase,4096,794,0.93043846,0.00376463,1.01215498
circles,fixed_phase,4096,795,0.91553774,0.05067049,0.99637312
circles,fixed_phase,4096,796,0.92156059,0.00010253,0.98994051
circles,fixed_phase,4096,797,0.9197343,0.00053914,0.98977424
circles,fixed_phase,4096,798,0.92289029,0.03225699,1.00891498
circles,fixed_phase,4096,799,0.92335375,0.0594267,1.004746
circles,fixed_phase,4096,800,0.92818246,0.00995586,0.98426771
circles,fixed_phase,4096,801,0.92744944,0.07150904,1.0073356
circles,fixed_phase,4096,802,0.91872836,0.08835498,1.00627272
circles,fixed_phase,4096,803,0.92575275,0.05679349,1.00422007
circles,fixed_phase,4096,804,0.92189915,0.03507834,1.03178826
circles,fixed_phase,4096,805,0.91177361,0.00028624,0.97270767
circles,fixed_phase,4096,806,0.92964735,0.05130385,1.00103603
circles,fixed_phase,4096,807,0.92124982,0.03932406,0.98168612
circles,fixed_phase,4096,808,0.92893467,0.059659,0.98345824
circles,fixed_phase,4096,809,0.91075829,0.0924102,0.99545719
circles,fixed_phase,4096,810,0.91512483,0.01157167,0.97236627
circles,fixed_phase,4096,811,0.91996766,0.03214467,0.99609233
circles,fixed_phase,4096,812,0.93428449,0.02507029,0.98783556
circles,fixed_phase,4096,813,0.91002571,0.06738562,1.01880632
circles,fixed_phase,4096,814,0.91789756,0.00366749,0.99988858
circles,fixed_phase,4096,815,0.92746927,0.04626124,1.01260757
circles,fixed_phase,4096,816,0.92307217,0.03290342,1.00066958
circles,fixed_phase,4096,817,0.92069023,0.03379875,1.00175974
circles,fixed_phase,4096,818,0.91969688,0.04740814,1.03079797
circles,fixed_phase,4096,819,0.92984409,0.03180476,1.02192252
circles,fixed_phase,4096,820,0.93155097,0.0187163,1.02334588
circles,fixed_phase,4096,821,0.91510496,0.02530762,1.01454022
circles,fixed_phase,4096,822,0.92755085,0.02901754,0.97524897
circles,fixed_phase,4096,823,0.91416118,0.03288152,1.02071469
circles,fixed_phase,4096,824,0.93218044,0.04866157,0.99212862
circles,fixed_phase,4096,825,0.92223703,0.03912821,0.99048572
circles,fixed_phase,4096,826,0.91942203,0.03660499,0.96686154
circles,fixed_phase,4096,827,0.92461239,0.01114655,1.00770166
circles,fixed_phase,4096,828,0.92787277,0.02591319,1.0043009
circles,fixed_phase,4096,829,0.9130003,0.04625847,0.97487347
circles,fixed_phase,4096,830,0.91758683,0.03793774,0.9917135
circles,fixed_phase,4096,831,0.91272505,0.0225234,1.01221478
circles,fixed_phase,4096,832,0.92253396,0.04435204,0.99126017
circles,fixed_phase,4096,833,0.91992516,0.03542469,1.01210089
circles,fixed_phase,4096,834,0.9242247,0.00287962,0.98833713
circles,fixed_phase,4096,835,0.91874987,0.02496398,0.99738999
circles,fixed_phase,4096,836,0.91458256,0.01378689,1.03204496
circles,fixed_phase,4096,837,0.91589022,0.07201154,1.02793386
circles,fixed_phase,4096,838,0.92408001,0.04191621,1.02745242
circles,fixed_phase,4096,839,0.93107991,0.04747183,1.01228344
circles,fixed_phase,4096,840,0.92873358,0.03708507,0.99808659
circles,fixed_phase,4096,841,0.92623898,0.03243711,1.02446214
circles,fixed_phase,4096,842,0.91649283,0.00320477,1.05162272
circles,fixed_phase,4096,843,0.917632,0.02607081,1.00360541
circles,fixed_phase,4096,844,0.91234657,0.06616242,1.01054103
circles,fixed_phase,4096,845,0.91956171,0.0326812,1.02018653
circles,fixed_phase,4096,846,0.92109834,0.02751513,1.00162129
circles,fixed_phase,4096,847,0.91316573,0.01083334,0.99666313
circles,fixed_phase,4096,848,0.92180305,0.07257001,1.01156037
circles,fixed_phase,4096,849,0.92362914,0.08529693,0.99550144
circles,fixed_phase,4096,850,0.91998864,0.01954884,1.01087012
circles,fixed_phase,4096,851,0.92295387,0.00952084,0.99951218
circles,fixed_phase,4096,852,0.92564361,0.02263934,0.98870955
circles,fixed_phase,4096,853,0.9324969,0.02000351,1.00563567
circles,fixed_phase,4096,854,0.9194533,0.0376734,1.00451959
circles,fixed_phase,4096,855,0.92168507,0.0066943,0.99435169
circles,fixed_phase,4096,856,0.91831231,0.03159027,0.97883394
circles,fixed_phase,4096,857,0.91811272,0.02259082,1.00269014
circles,fixed_phase,4096,858,0.9213414,0.01922792,1.01260769
circles,fixed_phase,4096,859,0.91262707,0.06768143,1.00700193
circles,fixed_phase,4096,860,0.93528816,0.01742997,0.97368174
circles,fixed_phase,4096,861,0.92712928,0.07671003,0.98894933
circles,fixed_phase,4096,862,0.92007093,0.0758968,0.98871132
circles,fixed_phase,4096,863,0.92958756,0.02166847,1.00036686
circles,fixed_phase,4096,864,0.91049268,0.01449733,1.01183296
circles,fixed_phase,4096,865,0.92473249,0.03765361,0.99510291
circles,fixed_phase,4096,866,0.91403835,0.01504572,1.00969613
circles,fixed_phase,4096,867,0.91687494,0.00190366,1.00994739
circles,fixed_phase,4096,868,0.91103198,0.08810928,0.99887044
circles,fixed_phase,4096,869,0.91940325,0.02627113,1.02056689
circles,fixed_phase,4096,870,0.92488566,0.14744475,1.0048527
circles,fixed_phase,4096,871,0.91376624,0.00424451,0.96943102
circles,fixed_phase,4096,872,0.92577292,0.05842813,0.99807417
circles,fixed_phase,4096,873,0.91751102,0.00123925,1.00594127
circles,fixed_phase,4096,874,0.92796588,0.03945827,1.00446526
circles,fixed_phase,4096,875,0.93004103,0.03099747,0.99250235
circles,fixed_phase,4096,876,0.92832525,0.002443,0.99091737
circles,fixed_phase,4096,877,0.91524761,0.03557439,0.97747532
circles,fixed_phase,4096,878,0.92480888,0.03041927,0.99397261
circles,fixed_phase,4096,879,0.92248143,0.05758535,1.0371832
circles,fixed_phase,4096,880,0.92094347,0.03458477,0.9975661
circles,fixed_phase,4096,881,0.91946235,0.06864204,0.98657205
circles,fixed_phase,4096,882,0.90952075,0.02379041,0.99934362
circles,fixed_phase,4096,883,0.92942706,0.01822002,0.99234267
circles,fixed_phase,4096,884,0.92572149,0.02779286,0.97838941
circles,fixed_phase,4096,885,0.90887814,0.0003066,1.00787724
circles,fixed_phase,4096,886,0.91975933,0.01374825,0.99683271
circles,fixed_phase,4096,887,0.91822761,0.05501018,1.00742931
circles,fixed_phase,4096,888,0.91812257,0.01398053,1.00575663
circles,fixed_phase,4096,889,0.92011566,0.02240484,0.99461051
circles,fixed_phase,4096,890,0.91444063,0.03430293,0.98919673
circles,fixed_phase,4096,891,0.92732187,0.01626095,1.01094545
circles,fixed_phase,4096,892,0.92643017,0.07780416,1.00717302
circles,fixed_phase,4096,893,0.92907341,0.00944391,0.99652439
circles,fixed_phase,4096,894,0.92756509,0.00624782,0.97300677
circles,fixed_phase,4096,895,0.91696753,0.06034875,1.00711866
circles,fixed_phase,4096,896,0.92877948,0.00376812,1.0000481
circles,fixed_phase,4096,897,0.91520027,0.00820121,0.98642626
circles,fixed_phase,4096,898,0.91321003,0.01869358,0.99892858
circles,fixed_phase,4096,899,0.9229054,0.03185584,1.00678957
circles,fixed_phase,4096,900,0.91793318,0.0103046,0.99539646
circles,fixed_phase,4096,901,0.91023179,0.01918054,1.00077382
circles,fixed_phase,4096,902,0.91638977,0.01459391,0.99029223
circles,fixed_phase,4096,903,0.92736394,0.07654993,0.99409264
circles,fixed_phase,4096,904,0.92661239,0.02314416,0.98775637
circles,fixed_phase,4096,905,0.92191523,0.08955393,0.99381436
circles,fixed_phase,4096,906,0.92321027,0.02662435,1.00232179
circles,fixed_phase,4096,907,0.92104102,0.05217652,0.98460587
circles,fixed_phase,4096,908,0.91338179,0.05266671,1.00828958
circles,fixed_phase,4096,909,0.92429925,0.12751714,0.98611702
circles,fixed_phase,4096,910,0.93187604,0.033424,1.02481822
circles,fixed_phase,4096,911,0.92627164,0.06314355,0.9959224
circles,fixed_phase,4096,912,0.93065343,0.01046235,1.02331405
circles,fixed_phase,4096,913,0.9256363,0.01758528,1.01935419
circles,fixed_phase,4096,914,0.91930962,0.07860299,0.99403577
circles,fixed_phase,4096,915,0.91401325,0.03207409,1.01517805
circles,fixed_phase,4096,916,0.91970008,0.00719741,1.02543038
circles,fixed_phase,4096,917,0.91988689,0.00666849,0.99027327
circles,fixed_phase,4096,918,0.93517762,0.02485081,0.97640498
circles,fixed_phase,4096,919,0.91354298,0.01549197,0.99354343
circles,fixed_phase,4096,920,0.91845688,0.01495951,1.02214972
circles,fixed_phase,4096,921,0.9323869,0.07289965,1.00051606
circles,fixed_phase,4096,922,0.9206557,0.02665701,0.99975506
circles,fixed_phase,4096,923,0.93061578,0.0744631,1.03409326
circles,fixed_phase,4096,924,0.92325224,0.0343096,1.01657549
circles,fixed_phase,4096,925,0.92283324,0.02346292,0.96665662
circles,fixed_phase,4096,926,0.91774193,0.01661462,0.96757441
circles,fixed_phase,4096,927,0.92597119,0.00822053,1.00979724
circles,fixed_phase,4096,928,0.91183212,0.05592212,1.02875032
circles,fixed_phase,4096,929,0.92148505,0.08549266,1.01457356
circles,fixed_phase,4096,930,0.91991382,0.0728013,0.99126965
circles,fixed_phase,4096,931,0.91927046,0.05023458,0.99314104
circles,fixed_phase,4096,932,0.93273598,0.09170967,0.99970635
circles,fixed_phase,4096,933,0.91397943,0.06843517,1.00329484
circles,fixed_phase,4096,934,0.92385134,0.0575616,0.98909893
circles,fixed_phase,4096,935,0.93109157,0.00401037,1.01474317
circles,fixed_phase,4096,936,0.91884208,0.03307144,0.97998524
circles,fixed_phase,4096,937,0.92025864,0.0620192,1.01069354
circles,fixed_phase,4096,938,0.92691317,0.02107799,0.99354943
circles,fixed_phase,4096,939,0.92143822,0.07259683,0.99018651
circles,fixed_phase,4096,940,0.93041649,0.05695583,1.01168313
circles,fixed_phase,4096,941,0.91650956,0.0116144,1.0153303
circles,fixed_phase,4096,942,0.92473995,0.05844487,0.99488043
circles,fixed_phase,4096,943,0.92150795,0.04895199,1.03320047
circles,fixed_phase,4096,944,0.91422537,0.04470335,0.98771699
circles,fixed_phase,4096,945,0.92475052,0.02267502,1.00748751
circles,fixed_phase,4096,946,0.9298946,0.03065671,0.99099831
circles,fixed_phase,4096,947,0.92736321,0.02037026,0.9898069
circles,fixed_phase,4096,948,0.91922044,0.02528422,0.99149356
circles,fixed_phase,4096,949,0.92627113,0.02318969,1.0182627
circles,fixed_phase,4096,950,0.92649787,0.02482409,0.98808326
circles,fixed_phase,4096,951,0.92086693,0.09152352,0.99534202
circles,fixed_phase,4096,952,0.90868611,0.03853821,1.00096711
circles,fixed_phase,4096,953,0.92493689,0.07434823,1.00637987
circles,fixed_phase,4096,954,0.91877672,0.02895879,1.01498394
circles,fixed_phase,4096,955,0.92406681,0.05172255,0.98158176
circles,fixed_phase,4096,956,0.93343775,0.03325992,0.99104482
circles,fixed_phase,4096,957,0.91882604,0.05071072,1.00385781
circles,fixed_phase,4096,958,0.93090662,0.02674827,1.00829867
circles,fixed_phase,4096,959,0.91017768,0.00853906,1.00615656
circles,fixed_phase,4096,960,0.92390986,0.03475733,1.00697913
circles,fixed_phase,4096,961,0.93253977,0.04087997,0.98247311
circles,fixed_phase,4096,962,0.92710735,0.07932674,1.00822181
circles,fixed_phase,4096,963,0.91592025,0.01788854,0.99005502
circles,fixed_phase,4096,964,0.91971276,0.01355773,1.01334701
circles,fixed_phase,4096,965,0.92833764,0.06126511,0.97223576
circles,fixed_phase,4096,966,0.93298422,0.08822815,1.00229767
circles,fixed_phase,4096,967,0.92867916,0.06713144,0.99937011
circles,fixed_phase,4096,968,0.92736062,0.01269673,0.98810395
circles,fixed_phase,4096,969,0.92949918,0.03445674,1.00100649
circles,fixed_phase,4096,970,0.9206406,0.06982276,0.99708948
circles,fixed_phase,4096,971,0.9151409,0.01202898,0.99161275
circles,fixed_phase,4096,972,0.9208235,0.04994499,0.9932687
circles,fixed_phase,4096,973,0.9206939,0.01684773,1.00866179
circles,fixed_phase,4096,974,0.91810223,0.04604099,0.98562271
circles,fixed_phase,4096,975,0.92947585,0.08724326,0.99944619
circles,fixed_phase,4096,976,0.91545586,0.07965707,1.00505363
circles,fixed_phase,4096,977,0.92102674,0.03746461,1.04175115
circles,fixed_phase,4096,978,0.91533015,0.00360267,1.03823706
circles,fixed_phase,4096,979,0.92686232,0.03108281,0.99222583
circles,fixed_phase,4096,980,0.93337093,0.00751791,0.98802467
circles,fixed_phase,4096,981,0.92222376,0.07766294,0.9960167
circles,fixed_phase,4096,982,0.92328073,0.06245723,0.9828368
circles,fixed_phase,4096,983,0.92624708,0.0365017,0.98617042
circles,fixed_phase,4096,984,0.92410192,0.07205502,1.00414224
circles,fixed_phase,4096,985,0.92087183,0.00696338,0.99966283
circles,fixed_phase,4096,986,0.91996711,0.00967691,0.98883843
circles,fixed_phase,4096,987,0.92078025,0.08611632,0.99667984
circles,fixed_phase,4096,988,0.93050732,0.04543532,0.99752743
circles,fixed_phase,4096,989,0.92717381,0.04712959,1.01652261
circles,fixed_phase,4096,990,0.915163,0.01309529,1.00034722
circles,fixed_phase,4096,991,0.90792319,0.04307092,0.98783802
circles,fixed_phase,4096,992,0.92552938,0.04512318,1.03561716
circles,fixed_phase,4096,993,0.91345081,0.07801866,1.02693173
circles,fixed_phase,4096,994,0.91754875,0.05055583,0.96215403
circles,fixed_phase,4096,995,0.9202704,0.01819196,1.01510775
circles,fixed_phase,4096,996,0.91482921,0.04551743,0.99758122
circles,fixed_phase,4096,997,0.91996485,0.05929181,0.99523428
circles,fixed_phase,4096,998,0.92297428,0.01612924,1.01722276
circles,fixed_phase,4096,999,0.92767614,0.06297032,1.01524692
circles,fixed_phase,8192,0,0.92254197,0.02848056,1.01291306
circles,fixed_phase,8192,1,0.90596258,0.06936725,1.00130683
circles,fixed_phase,8192,2,0.92969114,0.07692731,0.99487458
circles,fixed_phase,8192,3,0.92695222,0.01122704,1.02364504
circles,fixed_phase,8192,4,0.92795685,0.03720315,0.99681103
circles,fixed_phase,8192,5,0.92515708,0.01994075,0.99655801
circles,fixed_phase,8192,6,0.93527077,0.0525278,0.99258916
circles,fixed_phase,8192,7,0.92516884,0.02422871,1.00403106
circles,fixed_phase,8192,8,0.92071766,0.00568899,1.02085053
circles,fixed_phase,8192,9,0.92127768,0.00951184,1.02081099
circles,fixed_phase,8192,10,0.91758043,0.0467145,0.99856444
circles,fixed_phase,8192,11,0.91709977,0.03532051,1.01216513
circles,fixed_phase,8192,12,0.91845423,0.0251251,0.99577394
circles,fixed_phase,8192,13,0.93177356,0.02558437,0.98916701
circles,fixed_phase,8192,14,0.92540261,0.03605973,1.00250857
circles,fixed_phase,8192,15,0.92017728,0.0115399,1.00013273
circles,fixed_phase,8192,16,0.92056253,0.06493386,1.01594715
circles,fixed_phase,8192,17,0.93061965,0.0893073,1.00027928
circles,fixed_phase,8192,18,0.92495173,0.10920347,0.99561809
circles,fixed_phase,8192,19,0.91385007,0.01515504,0.98657058
circles,fixed_phase,8192,20,0.92181584,0.04737362,1.00238847
circles,fixed_phase,8192,21,0.92512855,0.00087389,0.97781283
circles,fixed_phase,8192,22,0.92548849,0.03779229,0.98062844
circles,fixed_phase,8192,23,0.92554623,0.08425852,1.00551515
circles,fixed_phase,8192,24,0.91923339,0.00728906,1.0036038
circles,fixed_phase,8192,25,0.92348413,0.02041053,1.01004153
circles,fixed_phase,8192,26,0.92595973,0.01457111,1.01321103
circles,fixed_phase,8192,27,0.91948858,0.07584519,1.00313538
circles,fixed_phase,8192,28,0.9178116,0.04656828,0.98291195
circles,fixed_phase,8192,29,0.93102249,0.03176896,0.99475245
circles,fixed_phase,8192,30,0.91580162,0.02662216,1.00611583
circles,fixed_phase,8192,31,0.92084287,0.05248495,0.99841696
circles,fixed_phase,8192,32,0.91898259,0.03924598,0.9925715
circles,fixed_phase,8192,33,0.92428197,0.03854721,1.01757339
circles,fixed_phase,8192,34,0.92269009,0.05238223,0.97940122
circles,fixed_phase,8192,35,0.90355308,0.01364789,0.99873098
circles,fixed_phase,8192,36,0.92206018,0.03345193,1.00588253
circles,fixed_phase,8192,37,0.90630501,0.0065903,1.00779051
circles,fixed_phase,8192,38,0.92627455,0.04651671,0.99650356
circles,fixed_phase,8192,39,0.9309668,0.04923613,0.98308669
circles,fixed_phase,8192,40,0.91593672,0.02263998,1.00045427
circles,fixed_phase,8192,41,0.92251133,0.05502308,0.99480633
circles,fixed_phase,8192,42,0.9169831,0.05585055,1.00557685
circles,fixed_phase,8192,43,0.91265148,0.03024403,0.9729312
circles,fixed_phase,8192,44,0.91782128,0.02424534,0.99610851
circles,fixed_phase,8192,45,0.90483828,0.01165241,0.99712409
circles,fixed_phase,8192,46,0.92589778,0.0279853,1.00117439
circles,fixed_phase,8192,47,0.92660092,0.01349734,0.99478282
circles,fixed_phase,8192,48,0.92179952,0.00370469,1.02904619
circles,fixed_phase,8192,49,0.93147307,0.07541906,1.00813468
circles,fixed_phase,8192,50,0.91245012,0.02045102,1.00335293
circles,fixed_phase,8192,51,0.92177362,0.04379605,1.01127373
circles,fixed_phase,8192,52,0.91932621,0.05863699,0.97377835
circles,fixed_phase,8192,53,0.91763838,0.02066651,1.0142045
circles,fixed_phase,8192,54,0.91859108,0.00903582,1.03127804
circles,fixed_phase,8192,55,0.93122295,0.01399862,0.99728302
circles,fixed_phase,8192,56,0.90518561,0.0036721,1.00282439
circles,fixed_phase,8192,57,0.93094945,0.01857377,1.00078083
circles,fixed_phase,8192,58,0.92295352,0.04175545,0.97500352
circles,fixed_phase,8192,59,0.92512127,0.05158221,1.00960743
circles,fixed_phase,8192,60,0.92472906,0.0039161,1.01786917
circles,fixed_phase,8192,61,0.91760009,0.01424114,1.00237832
circles,fixed_phase,8192,62,0.93880672,0.01033706,0.99979623
circles,fixed_phase,8192,63,0.92322151,0.06791505,0.99403315
circles,fixed_phase,8192,64,0.91676371,0.11324679,0.97968968
circles,fixed_phase,8192,65,0.91897204,0.01753276,0.99479313
circles,fixed_phase,8192,66,0.93038346,0.05689853,0.997824
circles,fixed_phase,8192,67,0.91728734,0.04207218,1.00685688
circles,fixed_phase,8192,68,0.9192356,0.10758106,1.01083688
circles,fixed_phase,8192,69,0.92072908,0.03049299,1.01760704
circles,fixed_phase,8192,70,0.91687687,0.02066013,1.02281888
circles,fixed_phase,8192,71,0.92969276,0.09545999,1.00963856
circles,fixed_phase,8192,72,0.92049989,0.04720416,0.98004768
circles,fixed_phase,8192,73,0.92349296,0.03361867,1.01555466
circles,fixed_phase,8192,74,0.92375747,0.01208054,0.99953094
circles,fixed_phase,8192,75,0.92115534,0.00198554,1.00052224
circles,fixed_phase,8192,76,0.92201553,0.03113326,0.99791493
circles,fixed_phase,8192,77,0.92520097,0.09868414,1.000661
circles,fixed_phase,8192,78,0.92338559,0.02174788,0.9779263
circles,fixed_phase,8192,79,0.91881177,0.0664695,0.99116331
circles,fixed_phase,8192,80,0.91962838,0.05301569,0.99175872
circles,fixed_phase,8192,81,0.91634754,0.0140592,1.00918527
circles,fixed_phase,8192,82,0.92104443,0.10836121,1.01259492
circles,fixed_phase,8192,83,0.91805384,0.03049123,0.99874637
circles,fixed_phase,8192,84,0.91943846,0.07984192,1.00348104
circles,fixed_phase,8192,85,0.92544501,0.05472492,0.9941921
circles,fixed_phase,8192,86,0.9194918,0.04964415,0.997757
circles,fixed_phase,8192,87,0.92338532,0.03105953,0.99108813
circles,fixed_phase,8192,88,0.92619673,0.01141782,1.01174642
circles,fixed_phase,8192,89,0.92315251,0.00048431,0.96319183
circles,fixed_phase,8192,90,0.92179837,0.04502862,1.02007232
circles,fixed_phase,8192,91,0.92102984,0.07674,0.98943379
circles,fixed_phase,8192,92,0.92516632,0.03259084,1.00578389
circles,fixed_phase,8192,93,0.92916286,0.00603515,0.98256754
circles,fixed_phase,8192,94,0.92259336,0.03658966,1.00651758
circles,fixed_phase,8192,95,0.9244756,0.02989836,0.99176815
circles,fixed_phase,8192,96,0.92959378,0.04112659,1.00082803
circles,fixed_phase,8192,97,0.92497376,0.03352475,0.98601813
circles,fixed_phase,8192,98,0.92112121,0.00943674,0.98759303
circles,fixed_phase,8192,99,0.92642229,0.00630585,1.02787729
circles,fixed_phase,8192,100,0.91372649,0.02622817,1.00857903
circles,fixed_phase,8192,101,0.91721848,0.03694508,0.99611504
circles,fixed_phase,8192,102,0.92446184,0.03205697,1.02898111
circles,fixed_phase,8192,103,0.92863243,0.02624916,0.99296487
circles,fixed_phase,8192,104,0.91856146,0.00701401,0.98765305
circles,fixed_phase,8192,105,0.93351421,0.01268392,0.9984064
circles,fixed_phase,8192,106,0.91870469,0.00938292,1.0141896
circles,fixed_phase,8192,107,0.92275307,0.01674467,0.97552819
circles,fixed_phase,8192,108,0.91301036,0.02396199,1.01398857
circles,fixed_phase,8192,109,0.92006989,0.02773362,0.98752628
circles,fixed_phase,8192,110,0.92480712,0.04706545,1.02557509
circles,fixed_phase,8192,111,0.92705868,0.00272105,0.9871748
circles,fixed_phase,8192,112,0.92904811,0.03257482,0.98736362
circles,fixed_phase,8192,113,0.91599494,0.01381039,1.02472855
circles,fixed_phase,8192,114,0.91208956,0.07300904,1.00841419
circles,fixed_phase,8192,115,0.9291436,0.00502541,1.02603723
circles,fixed_phase,8192,116,0.92091512,0.04798069,0.98394926
circles,fixed_phase,8192,117,0.92654024,0.02232367,1.00069649
circles,fixed_phase,8192,118,0.91727432,0.05349205,1.02230713
circles,fixed_phase,8192,119,0.92077873,0.01175649,1.01089038
circles,fixed_phase,8192,120,0.92449033,0.04647944,0.99901245
circles,fixed_phase,8192,121,0.92658289,0.01694953,0.99008792
circles,fixed_phase,8192,122,0.9189417,0.03875786,0.98870922
circles,fixed_phase,8192,123,0.91741785,0.0100237,0.98611886
circles,fixed_phase,8192,124,0.91582194,0.01972966,0.9851577
circles,fixed_phase,8192,125,0.91097688,0.04049038,1.00886738
circles,fixed_phase,8192,126,0.91656914,0.03165457,0.99849827
circles,fixed_phase,8192,127,0.92140885,0.04861991,0.99775531
circles,fixed_phase,8192,128,0.92081087,0.02010215,1.01739754
circles,fixed_phase,8192,129,0.92060915,0.00928715,1.00072418
circles,fixed_phase,8192,130,0.90943666,0.01656069,0.99681541
circles,fixed_phase,8192,131,0.91999999,0.03596481,0.98088736
circles,fixed_phase,8192,132,0.92496085,0.00401816,0.99794754
circles,fixed_phase,8192,133,0.92076216,0.05539301,0.9947725
circles,fixed_phase,8192,134,0.92080381,0.07191585,0.99939477
circles,fixed_phase,8192,135,0.91909316,0.04666492,0.99786606
circles,fixed_phase,8192,136,0.91688535,0.03755631,0.99498731
circles,fixed_phase,8192,137,0.91970296,0.01955314,1.02497564
circles,fixed_phase,8192,138,0.92709376,0.03706314,0.97966196
circles,fixed_phase,8192,139,0.92822909,0.01415415,0.98988652
circles,fixed_phase,8192,140,0.92601336,0.00320511,0.99830848
circles,fixed_phase,8192,141,0.92132834,0.07564947,1.0019154
circles,fixed_phase,8192,142,0.92690903,0.12220193,1.01165771
circles,fixed_phase,8192,143,0.92230656,0.05448164,0.99137083
circles,fixed_phase,8192,144,0.93179881,0.01741232,1.00117648
circles,fixed_phase,8192,145,0.92251905,0.01564911,1.00150523
circles,fixed_phase,8192,146,0.91746387,0.05482217,0.99114595
circles,fixed_phase,8192,147,0.92767467,0.04138223,1.00581474
circles,fixed_phase,8192,148,0.92647504,0.02073712,0.99797317
circles,fixed_phase,8192,149,0.9206816,0.08373659,1.00071643
circles,fixed_phase,8192,150,0.92399129,0.0957408,0.98939852
circles,fixed_phase,8192,151,0.92835911,0.01745537,1.01060052
circles,fixed_phase,8192,152,0.91791776,0.07652327,0.97310761
circles,fixed_phase,8192,153,0.91829417,0.04244372,1.02899859
circles,fixed_phase,8192,154,0.9285454,0.03177757,1.00561884
circles,fixed_phase,8192,155,0.91438253,0.02126843,1.00701371
circles,fixed_phase,8192,156,0.92030651,0.01544651,0.99440611
circles,fixed_phase,8192,157,0.92897415,0.10525543,1.01935034
circles,fixed_phase,8192,158,0.93243803,0.0010349,1.00705424
circles,fixed_phase,8192,159,0.93181297,0.02815653,1.02109802
circles,fixed_phase,8192,160,0.92885448,0.01399046,1.01130399
circles,fixed_phase,8192,161,0.92859328,0.02648665,0.98709203
circles,fixed_phase,8192,162,0.91115407,0.00339183,0.98888946
circles,fixed_phase,8192,163,0.92173524,0.05565903,1.00547776
circles,fixed_phase,8192,164,0.9180105,0.01721024,0.98764756
circles,fixed_phase,8192,165,0.92463089,0.0023183,0.96929534
circles,fixed_phase,8192,166,0.92375423,0.02859353,1.02064273
circles,fixed_phase,8192,167,0.91625984,0.01344174,0.96641005
circles,fixed_phase,8192,168,0.92359006,0.06046307,1.00453088
circles,fixed_phase,8192,169,0.91922786,0.02551821,1.03223882
circles,fixed_phase,8192,170,0.91914129,0.08944753,1.0050539
circles,fixed_phase,8192,171,0.91500466,0.02871763,1.00103398
circles,fixed_phase,8192,172,0.91774849,0.00972348,1.01118153
circles,fixed_phase,8192,173,0.922802,0.03827779,1.02009807
circles,fixed_phase,8192,174,0.91838649,0.16596201,1.00891094
circles,fixed_phase,8192,175,0.92685608,0.0600298,0.97857169
circles,fixed_phase,8192,176,0.92274056,0.00144377,1.00716653
circles,fixed_phase,8192,177,0.9195986,0.01464098,1.00823738
circles,fixed_phase,8192,178,0.92076255,0.05575447,0.98697708
circles,fixed_phase,8192,179,0.91549227,0.03448687,0.96643661
circles,fixed_phase,8192,180,0.92928146,0.02977288,1.02583347
circles,fixed_phase,8192,181,0.91770058,0.01798008,0.99385327
circles,fixed_phase,8192,182,0.91869686,0.00755285,1.00438896
circles,fixed_phase,8192,183,0.92148114,0.02784907,1.00308407
circles,fixed_phase,8192,184,0.9245753,0.05574535,0.99438533
circles,fixed_phase,8192,185,0.91429748,0.00412674,1.0157005
circles,fixed_phase,8192,186,0.92058252,0.0093144,1.00636151
circles,fixed_phase,8192,187,0.92424769,0.05818501,1.01185871
circles,fixed_phase,8192,188,0.92486564,0.01337333,1.0024417
circles,fixed_phase,8192,189,0.92134923,0.04633694,0.97067073
circles,fixed_phase,8192,190,0.92658968,0.02009631,1.01452632
circles,fixed_phase,8192,191,0.92008989,0.0305439,1.00283419
circles,fixed_phase,8192,192,0.92414947,0.056877,0.97852159
circles,fixed_phase,8192,193,0.92379967,0.05391173,0.99497766
circles,fixed_phase,8192,194,0.92287705,0.00040463,0.99716403
circles,fixed_phase,8192,195,0.91213029,0.05297781,0.96442558
circles,fixed_phase,8192,196,0.92464013,0.01895013,1.00731608
circles,fixed_phase,8192,197,0.91489535,0.00221948,0.99820825
circles,fixed_phase,8192,198,0.92737366,0.03115911,1.00517688
circles,fixed_phase,8192,199,0.9194601,0.00911279,0.98875391
circles,fixed_phase,8192,200,0.9207035,0.00995873,0.98399514
circles,fixed_phase,8192,201,0.91325365,0.00618039,1.0138725
circles,fixed_phase,8192,202,0.91359826,0.03942855,0.9898179
circles,fixed_phase,8192,203,0.92180026,0.033927,0.99282449
circles,fixed_phase,8192,204,0.92202691,0.05440129,0.99764846
circles,fixed_phase,8192,205,0.92868489,0.00246998,1.01296967
circles,fixed_phase,8192,206,0.92072316,0.02537991,1.01174195
circles,fixed_phase,8192,207,0.92209619,0.08597119,0.9864039
circles,fixed_phase,8192,208,0.91927832,0.04153752,1.00637948
circles,fixed_phase,8192,209,0.92279969,0.06882913,0.99272096
circles,fixed_phase,8192,210,0.92674505,0.00609024,1.0135021
circles,fixed_phase,8192,211,0.91487545,0.07803072,0.98193093
circles,fixed_phase,8192,212,0.92193999,0.02064376,1.00164481
circles,fixed_phase,8192,213,0.92388776,0.04076899,1.01306285
circles,fixed_phase,8192,214,0.92464701,0.01262668,1.00108219
circles,fixed_phase,8192,215,0.92403265,0.03377596,0.98621446
circles,fixed_phase,8192,216,0.92786101,0.04239501,1.00990624
circles,fixed_phase,8192,217,0.92150389,0.00247386,0.98726246
circles,fixed_phase,8192,218,0.92076968,0.06149819,0.99377179
circles,fixed_phase,8192,219,0.91727031,0.03222938,0.98712908
circles,fixed_phase,8192,220,0.92497932,0.03657427,0.98540551
circles,fixed_phase,8192,221,0.91601057,0.00707291,1.00150756
circles,fixed_phase,8192,222,0.91630898,0.01877685,0.99375091
circles,fixed_phase,8192,223,0.92813412,0.06178983,0.98739251
circles,fixed_phase,8192,224,0.91625613,0.00583437,1.00323874
circles,fixed_phase,8192,225,0.92125755,0.01367487,0.95992133
circles,fixed_phase,8192,226,0.92329177,0.03619243,1.00671822
circles,fixed_phase,8192,227,0.91747672,0.09126233,0.99172853
circles,fixed_phase,8192,228,0.92877951,0.0126107,0.99769512
circles,fixed_phase,8192,229,0.92462521,0.07548456,0.99026146
circles,fixed_phase,8192,230,0.92395879,0.00856052,1.00904373
circles,fixed_phase,8192,231,0.92886341,0.00383043,0.98241752
circles,fixed_phase,8192,232,0.92386048,0.04730638,0.98865136
circles,fixed_phase,8192,233,0.92380669,0.01550838,0.98697245
circles,fixed_phase,8192,234,0.91776136,0.07021503,0.98513101
circles,fixed_phase,8192,235,0.92530971,0.00734589,0.97991346
circles,fixed_phase,8192,236,0.91374863,0.00465354,0.98828672
circles,fixed_phase,8192,237,0.92493362,0.02475484,0.97002903
circles,fixed_phase,8192,238,0.92624436,0.01024808,1.01165587
circles,fixed_phase,8192,239,0.93338231,0.00178755,0.98719182
circles,fixed_phase,8192,240,0.92385331,0.0043125,0.99239495
circles,fixed_phase,8192,241,0.91613397,0.0194195,0.9757747
circles,fixed_phase,8192,242,0.91310615,0.07569589,1.0273347
circles,fixed_phase,8192,243,0.92766269,0.02062249,1.01481755
circles,fixed_phase,8192,244,0.92234739,0.01879916,1.00287764
circles,fixed_phase,8192,245,0.90960488,0.00933129,1.00049343
circles,fixed_phase,8192,246,0.92151545,0.0371763,1.00911997
circles,fixed_phase,8192,247,0.92255866,0.08172681,1.00150469
circles,fixed_phase,8192,248,0.92022575,0.0288726,1.00533294
circles,fixed_phase,8192,249,0.91870079,0.03547022,1.01427091
circles,fixed_phase,8192,250,0.91257343,0.08154301,0.98650343
circles,fixed_phase,8192,251,0.91393834,0.02171607,0.99810465
circles,fixed_phase,8192,252,0.91870613,0.04294808,0.97225773
circles,fixed_phase,8192,253,0.92720783,0.00124979,1.00119342
circles,fixed_phase,8192,254,0.92189657,0.0024345,0.97528945
circles,fixed_phase,8192,255,0.92602756,0.01920088,0.9843624
circles,fixed_phase,8192,256,0.9254548,0.08638093,1.02677925
circles,fixed_phase,8192,257,0.92555739,0.03422926,0.98738449
circles,fixed_phase,8192,258,0.91128785,0.00817816,0.9684068
circles,fixed_phase,8192,259,0.91940367,0.01587156,1.00318388
circles,fixed_phase,8192,260,0.92616893,0.03327371,0.98281382
circles,fixed_phase,8192,261,0.92352214,0.04290626,0.96687994
circles,fixed_phase,8192,262,0.92662755,0.01882054,0.98481782
circles,fixed_phase,8192,263,0.92276674,0.01433823,0.95458865
circles,fixed_phase,8192,264,0.9229277,0.00754885,1.01558188
circles,fixed_phase,8192,265,0.92193018,0.02794995,0.99764627
circles,fixed_phase,8192,266,0.92552475,0.03999572,0.9978827
circles,fixed_phase,8192,267,0.92402682,0.03212209,1.00660782
circles,fixed_phase,8192,268,0.91111456,0.01066585,1.0085623
circles,fixed_phase,8192,269,0.91535942,0.00530076,1.00321834
circles,fixed_phase,8192,270,0.91172468,0.10287868,0.99801085
circles,fixed_phase,8192,271,0.92353164,0.03958715,0.99807394
circles,fixed_phase,8192,272,0.91921716,0.03977204,0.98729582
circles,fixed_phase,8192,273,0.9200962,0.07308029,1.01114036
circles,fixed_phase,8192,274,0.92888541,0.0263251,1.0090882
circles,fixed_phase,8192,275,0.91563826,0.0417215,1.00149109
circles,fixed_phase,8192,276,0.92252395,0.02318585,1.01325167
circles,fixed_phase,8192,277,0.92198179,0.00249408,0.9860832
circles,fixed_phase,8192,278,0.92232849,0.03724889,1.00547502
circles,fixed_phase,8192,279,0.92392412,0.05365594,1.01013936
circles,fixed_phase,8192,280,0.9193855,0.01117644,1.00681576
circles,fixed_phase,8192,281,0.93187115,0.08254877,1.01707395
circles,fixed_phase,8192,282,0.91904748,0.00999074,0.98380874
circles,fixed_phase,8192,283,0.91489494,0.01372907,0.99310355
circles,fixed_phase,8192,284,0.91322761,0.05729463,0.99374645
circles,fixed_phase,8192,285,0.92875238,0.0527323,1.00924922
circles,fixed_phase,8192,286,0.92640211,0.08495521,1.00584606
circles,fixed_phase,8192,287,0.92029196,0.03696104,1.00144005
circles,fixed_phase,8192,288,0.9097589,0.049458,0.99496167
circles,fixed_phase,8192,289,0.92331721,0.07884655,1.00074279
circles,fixed_phase,8192,290,0.92804202,0.02222097,1.0230841
circles,fixed_phase,8192,291,0.92068785,0.04464502,0.99955956
circles,fixed_phase,8192,292,0.92453201,0.02014929,0.98247117
circles,fixed_phase,8192,293,0.91800698,0.01508826,1.01111746
circles,fixed_phase,8192,294,0.91260527,0.01913936,0.99765789
circles,fixed_phase,8192,295,0.91514563,0.03912874,0.98634331
circles,fixed_phase,8192,296,0.92570773,0.05850665,1.01636804
circles,fixed_phase,8192,297,0.91622407,0.02775161,0.99370179
circles,fixed_phase,8192,298,0.92633445,0.05457533,0.98451227
circles,fixed_phase,8192,299,0.92248147,0.00879241,0.99010509
circles,fixed_phase,8192,300,0.92779768,0.02050913,0.98119443
circles,fixed_phase,8192,301,0.92574803,0.01751831,0.99193788
circles,fixed_phase,8192,302,0.91170359,0.05216196,0.98369601
circles,fixed_phase,8192,303,0.92572217,0.01987068,1.00788872
circles,fixed_phase,8192,304,0.92572913,0.12228665,0.99896899
circles,fixed_phase,8192,305,0.91742958,0.00497873,0.98897347
circles,fixed_phase,8192,306,0.92158421,0.01299552,1.00335172
circles,fixed_phase,8192,307,0.92353614,0.02627718,1.03300113
circles,fixed_phase,8192,308,0.91638433,0.05802865,1.00853696
circles,fixed_phase,8192,309,0.92177277,0.02280582,0.98696532
circles,fixed_phase,8192,310,0.9183963,0.06290864,1.00190068
circles,fixed_phase,8192,311,0.92492202,0.09217692,1.01277161
circles,fixed_phase,8192,312,0.92720658,0.05702649,1.00421122
circles,fixed_phase,8192,313,0.91737256,0.00421864,0.97185269
circles,fixed_phase,8192,314,0.92714264,0.04827172,0.99333922
circles,fixed_phase,8192,315,0.91762846,0.06692644,1.0269452
circles,fixed_phase,8192,316,0.92179857,0.00597497,0.97129271
circles,fixed_phase,8192,317,0.91496417,0.0098978,0.98636516
circles,fixed_phase,8192,318,0.92285232,0.01285919,0.97511393
circles,fixed_phase,8192,319,0.91767279,0.08760105,0.97845261
circles,fixed_phase,8192,320,0.92030854,0.10146117,0.99878883
circles,fixed_phase,8192,321,0.92508226,0.0435701,1.01763121
circles,fixed_phase,8192,322,0.92058908,0.03805687,1.01332394
circles,fixed_phase,8192,323,0.91912867,0.0344152,1.0078431
circles,fixed_phase,8192,324,0.91907944,0.09101359,0.99302773
circles,fixed_phase,8192,325,0.91567436,0.03811878,1.02493239
circles,fixed_phase,8192,326,0.91801086,0.10605923,0.99837822
circles,fixed_phase,8192,327,0.93122517,0.01171495,0.98911466
circles,fixed_phase,8192,328,0.93624383,0.03098952,0.98065851
circles,fixed_phase,8192,329,0.92831836,0.01080071,1.01857307
circles,fixed_phase,8192,330,0.9235135,0.036816,1.02061462
circles,fixed_phase,8192,331,0.9295294,0.01612066,0.98557294
circles,fixed_phase,8192,332,0.91828242,0.00237917,0.98063479
circles,fixed_phase,8192,333,0.92373336,0.03302676,0.99738825
circles,fixed_phase,8192,334,0.92688874,0.04856129,0.9881849
circles,fixed_phase,8192,335,0.91790627,0.03595902,1.02648472
circles,fixed_phase,8192,336,0.92872735,0.00562693,0.99381043
circles,fixed_phase,8192,337,0.92335661,0.10009519,1.00958221
circles,fixed_phase,8192,338,0.92275245,0.05247907,0.99865164
circles,fixed_phase,8192,339,0.91451115,0.09898523,0.99579157
circles,fixed_phase,8192,340,0.92598415,0.04690437,1.02707728
circles,fixed_phase,8192,341,0.92741654,0.02606527,1.00049721
circles,fixed_phase,8192,342,0.91229586,0.08105462,1.00053828
circles,fixed_phase,8192,343,0.92900296,0.01372832,1.02221272
circles,fixed_phase,8192,344,0.93206115,0.04840631,0.9775798
circles,fixed_phase,8192,345,0.92342822,0.02266607,1.01600359
circles,fixed_phase,8192,346,0.92243528,0.03914409,0.99705727
circles,fixed_phase,8192,347,0.92454677,0.01520923,0.97782699
circles,fixed_phase,8192,348,0.9229777,0.00262294,0.99231614
circles,fixed_phase,8192,349,0.92490059,0.01680659,1.010704
circles,fixed_phase,8192,350,0.92750111,0.05662277,0.98088098
circles,fixed_phase,8192,351,0.91812382,0.05845732,1.00736457
circles,fixed_phase,8192,352,0.91006528,0.00322028,0.99574083
circles,fixed_phase,8192,353,0.91719639,0.06164468,1.01742896
circles,fixed_phase,8192,354,0.92499499,0.03295454,0.98792413
circles,fixed_phase,8192,355,0.93312894,0.09097447,1.02399029
circles,fixed_phase,8192,356,0.92528836,0.0248371,1.03358417
circles,fixed_phase,8192,357,0.92184945,0.07817684,1.04197781
circles,fixed_phase,8192,358,0.91768793,0.0003568,1.01910679
circles,fixed_phase,8192,359,0.92228137,0.05038115,1.00000529
circles,fixed_phase,8192,360,0.93110953,0.01266307,1.00763589
circles,fixed_phase,8192,361,0.92841659,0.00139643,0.9869486
circles,fixed_phase,8192,362,0.92483379,0.06179614,1.0223205
circles,fixed_phase,8192,363,0.91953524,0.07834804,0.97293526
circles,fixed_phase,8192,364,0.92068917,0.03998456,0.98254147
circles,fixed_phase,8192,365,0.9327957,0.04893738,0.98642444
circles,fixed_phase,8192,366,0.92535162,0.08230227,0.99952767
circles,fixed_phase,8192,367,0.92753047,0.03722086,0.98061711
circles,fixed_phase,8192,368,0.93282634,0.04311414,1.01058143
circles,fixed_phase,8192,369,0.93543012,0.07819704,1.00866876
circles,fixed_phase,8192,370,0.92434911,0.08859932,1.01210947
circles,fixed_phase,8192,371,0.91675114,0.0593667,0.97907765
circles,fixed_phase,8192,372,0.91560379,0.01996403,0.9888512
circles,fixed_phase,8192,373,0.92673191,0.05860488,1.00935822
circles,fixed_phase,8192,374,0.91458069,0.05077009,1.00001821
circles,fixed_phase,8192,375,0.91740653,0.04158884,0.9992055
circles,fixed_phase,8192,376,0.92341125,0.05033388,1.02536779
circles,fixed_phase,8192,377,0.91416699,0.09139944,1.00498272
circles,fixed_phase,8192,378,0.91992984,0.01352315,0.99880439
circles,fixed_phase,8192,379,0.92030313,0.0409711,0.99064913
circles,fixed_phase,8192,380,0.92090308,0.07874925,0.98759345
circles,fixed_phase,8192,381,0.92039141,0.05301358,0.98962747
circles,fixed_phase,8192,382,0.93261048,0.06842713,0.98029571
circles,fixed_phase,8192,383,0.91676785,0.04623683,1.00461193
circles,fixed_phase,8192,384,0.92605163,0.00493082,0.98027425
circles,fixed_phase,8192,385,0.91876296,0.01040013,1.02901556
circles,fixed_phase,8192,386,0.92096553,0.08296586,0.99145724
circles,fixed_phase,8192,387,0.92389623,0.03467121,1.01559184
circles,fixed_phase,8192,388,0.91562404,0.0637184,0.9841143
circles,fixed_phase,8192,389,0.90998751,0.04447985,1.00801921
circles,fixed_phase,8192,390,0.93078958,0.0153839,0.99514846
circles,fixed_phase,8192,391,0.91538997,0.05368703,1.00274682
circles,fixed_phase,8192,392,0.92000003,0.04328628,0.97091425
circles,fixed_phase,8192,393,0.92666763,0.05119088,0.99244682
circles,fixed_phase,8192,394,0.91510608,0.15275933,1.0140358
circles,fixed_phase,8192,395,0.91456369,0.0552048,0.98696359
circles,fixed_phase,8192,396,0.92795443,0.05777486,1.01959691
circles,fixed_phase,8192,397,0.92203797,0.02876378,1.01994814
circles,fixed_phase,8192,398,0.92862377,0.02007058,0.98182908
circles,fixed_phase,8192,399,0.91868146,0.03083241,1.00473279
circles,fixed_phase,8192,400,0.91988877,0.05690468,0.98160047
circles,fixed_phase,8192,401,0.91407702,0.08510614,0.99812483
circles,fixed_phase,8192,402,0.91369799,0.01089687,0.97046023
circles,fixed_phase,8192,403,0.92584718,0.00341538,1.01767466
circles,fixed_phase,8192,404,0.92004136,0.02329513,0.99952771
circles,fixed_phase,8192,405,0.91799256,0.06068862,0.99109831
circles,fixed_phase,8192,406,0.9114255,0.00488356,1.00074523
circles,fixed_phase,8192,407,0.93305991,0.00020221,1.02315205
circles,fixed_phase,8192,408,0.916406,0.01314861,0.98590663
circles,fixed_phase,8192,409,0.92300518,0.09214994,0.96337886
circles,fixed_phase,8192,410,0.92322728,0.08167222,1.001833
circles,fixed_phase,8192,411,0.91769339,0.01449858,0.98711838
circles,fixed_phase,8192,412,0.92273817,0.06543482,0.99874459
circles,fixed_phase,8192,413,0.91717349,0.02086034,1.01784355
circles,fixed_phase,8192,414,0.91386765,0.01718188,1.00957641
circles,fixed_phase,8192,415,0.92426002,0.03356073,1.0206816
circles,fixed_phase,8192,416,0.92106604,0.08517961,0.99906162
circles,fixed_phase,8192,417,0.92405618,0.00753869,0.99333502
circles,fixed_phase,8192,418,0.91749821,0.08634801,0.99134397
circles,fixed_phase,8192,419,0.91512804,0.01149069,1.0052418
circles,fixed_phase,8192,420,0.92428969,0.04940412,1.02542022
circles,fixed_phase,8192,421,0.92550895,0.01821356,0.98277059
circles,fixed_phase,8192,422,0.90957228,0.03711602,0.99389315
circles,fixed_phase,8192,423,0.92023006,0.01069577,1.01038603
circles,fixed_phase,8192,424,0.91642433,0.05121714,0.98680295
circles,fixed_phase,8192,425,0.92326909,0.02266353,0.97504153
circles,fixed_phase,8192,426,0.91831415,0.06872018,1.01754868
circles,fixed_phase,8192,427,0.92045517,0.0334032,0.99943362
circles,fixed_phase,8192,428,0.91881098,0.00409105,1.02138109
circles,fixed_phase,8192,429,0.91473878,0.05872263,1.01115511
circles,fixed_phase,8192,430,0.92632659,0.02599651,0.99305699
circles,fixed_phase,8192,431,0.9119344,0.02049151,1.00023765
circles,fixed_phase,8192,432,0.91190298,0.05316936,1.0167225
circles,fixed_phase,8192,433,0.91674043,0.03836779,0.99264456
circles,fixed_phase,8192,434,0.91820887,0.06111029,0.9835055
circles,fixed_phase,8192,435,0.92846577,0.01781754,1.00028604
circles,fixed_phase,8192,436,0.93226856,0.0122544,0.98872622
circles,fixed_phase,8192,437,0.90362354,0.05685754,0.99245512
circles,fixed_phase,8192,438,0.92121127,0.00065874,1.00853688
circles,fixed_phase,8192,439,0.91985007,0.02351302,1.0062939
circles,fixed_phase,8192,440,0.92478323,0.06854441,0.98357505
circles,fixed_phase,8192,441,0.92216904,0.114872,1.00287768
circles,fixed_phase,8192,442,0.9168133,0.02606671,1.00280298
circles,fixed_phase,8192,443,0.92537207,0.06932918,0.96016648
circles,fixed_phase,8192,444,0.91550794,0.00318573,0.99851692
circles,fixed_phase,8192,445,0.92926571,0.06858093,0.98510573
circles,fixed_phase,8192,446,0.91560748,0.04845645,1.0286021
circles,fixed_phase,8192,447,0.91692077,0.07321327,1.01423528
circles,fixed_phase,8192,448,0.92398734,0.01435159,0.99962451
circles,fixed_phase,8192,449,0.91955665,0.15999639,1.01301813
circles,fixed_phase,8192,450,0.92167895,0.03348718,0.98749072
circles,fixed_phase,8192,451,0.93056697,0.0412762,0.98367618
circles,fixed_phase,8192,452,0.91978729,0.10205911,0.99234298
circles,fixed_phase,8192,453,0.91945685,0.00382581,0.97070204
circles,fixed_phase,8192,454,0.92399198,0.07291879,0.99171396
circles,fixed_phase,8192,455,0.92187477,0.00031268,1.02651563
circles,fixed_phase,8192,456,0.93061752,0.05409213,0.99117022
circles,fixed_phase,8192,457,0.92210449,0.06999571,0.9803849
circles,fixed_phase,8192,458,0.92578003,0.04406186,1.01316171
circles,fixed_phase,8192,459,0.91930824,0.0178326,1.00130663
circles,fixed_phase,8192,460,0.91537211,0.03167408,0.99190338
circles,fixed_phase,8192,461,0.9162162,0.01552552,0.97463113
circles,fixed_phase,8192,462,0.93436831,0.00419935,0.97797282
circles,fixed_phase,8192,463,0.91444109,0.05648922,1.02634405
circles,fixed_phase,8192,464,0.92404586,0.01302428,0.98105271
circles,fixed_phase,8192,465,0.92026429,0.04184394,0.99307623
circles,fixed_phase,8192,466,0.91871423,0.0192167,0.96462336
circles,fixed_phase,8192,467,0.91467367,0.02848864,1.00341232
circles,fixed_phase,8192,468,0.92457925,0.03969235,1.0015787
circles,fixed_phase,8192,469,0.92289872,0.06372996,1.00038972
circles,fixed_phase,8192,470,0.92366592,0.00163294,1.01993681
circles,fixed_phase,8192,471,0.92300711,0.00964057,1.02659808
circles,fixed_phase,8192,472,0.92194908,0.05766324,0.98060217
circles,fixed_phase,8192,473,0.9283436,0.02188839,1.01795261
circles,fixed_phase,8192,474,0.91486102,0.00603883,0.99367275
circles,fixed_phase,8192,475,0.92189255,0.02922604,0.9840864
circles,fixed_phase,8192,476,0.92920809,0.04280764,1.01230664
circles,fixed_phase,8192,477,0.91737773,0.08289763,0.98922749
circles,fixed_phase,8192,478,0.91070756,0.05574442,0.98348205
circles,fixed_phase,8192,479,0.92183854,0.01179198,0.98928101
circles,fixed_phase,8192,480,0.91980369,0.00468476,0.99264278
circles,fixed_phase,8192,481,0.9140048,0.02608812,1.02059476
circles,fixed_phase,8192,482,0.93329515,0.01991464,0.99620342
circles,fixed_phase,8192,483,0.91894138,0.06446593,1.02247859
circles,fixed_phase,8192,484,0.91887774,0.042045,0.98755456
circles,fixed_phase,8192,485,0.9210652,0.00451429,1.00543504
circles,fixed_phase,8192,486,0.91534583,0.10182849,1.01171194
circles,fixed_phase,8192,487,0.9189226,0.03481613,1.01263002
circles,fixed_phase,8192,488,0.9295062,0.02922881,0.99867554
circles,fixed_phase,8192,489,0.91358591,0.11498158,0.99822032
circles,fixed_phase,8192,490,0.92489506,0.03276981,1.01942759
circles,fixed_phase,8192,491,0.91678227,0.02858453,1.01652932
circles,fixed_phase,8192,492,0.91157703,0.01956073,1.00986855
circles,fixed_phase,8192,493,0.92612321,0.01543511,1.00475946
circles,fixed_phase,8192,494,0.91630964,0.00217708,0.96814668
circles,fixed_phase,8192,495,0.91218698,0.04275319,1.00278562
circles,fixed_phase,8192,496,0.92710598,0.00855136,0.98953742
circles,fixed_phase,8192,497,0.91984374,0.02823725,1.00095241
circles,fixed_phase,8192,498,0.918126,0.03916093,0.98900757
circles,fixed_phase,8192,499,0.9312662,0.04591629,0.98682952
circles,fixed_phase,8192,500,0.92886653,0.00663675,1.01107918
circles,fixed_phase,8192,501,0.92872369,0.07934668,1.00914508
circles,fixed_phase,8192,502,0.92666618,0.0303361,1.03794412
circles,fixed_phase,8192,503,0.91305391,0.05280216,1.00116608
circles,fixed_phase,8192,504,0.92257874,0.0280938,1.00554615
circles,fixed_phase,8192,505,0.92504761,0.00598245,0.97635903
circles,fixed_phase,8192,506,0.90635371,0.01676227,0.98456145
circles,fixed_phase,8192,507,0.91907831,0.0117152,1.03375899
circles,fixed_phase,8192,508,0.92351603,0.03578345,0.9978683
circles,fixed_phase,8192,509,0.92062861,0.0003566,0.99999741
circles,fixed_phase,8192,510,0.91822602,0.02264826,1.00675953
circles,fixed_phase,8192,511,0.92162714,0.12050496,1.00560885
circles,fixed_phase,8192,512,0.92430746,0.05995121,1.00512722
circles,fixed_phase,8192,513,0.92889713,0.00184518,0.99331857
circles,fixed_phase,8192,514,0.91394897,0.0052033,0.98642295
circles,fixed_phase,8192,515,0.91699842,0.00935705,1.00803471
circles,fixed_phase,8192,516,0.92356674,0.03010959,1.01157493
circles,fixed_phase,8192,517,0.91898533,0.00885207,1.00283862
circles,fixed_phase,8192,518,0.92540031,0.05237221,1.02049946
circles,fixed_phase,8192,519,0.90860928,0.01339102,1.00215595
circles,fixed_phase,8192,520,0.91411403,0.02268852,0.97983125
circles,fixed_phase,8192,521,0.92363841,0.05014981,0.99882798
circles,fixed_phase,8192,522,0.92487092,0.00736537,0.99594268
circles,fixed_phase,8192,523,0.92471168,0.00808196,0.98621428
circles,fixed_phase,8192,524,0.91938097,0.02555192,1.00394841
circles,fixed_phase,8192,525,0.93381928,0.02044538,0.98626358
circles,fixed_phase,8192,526,0.91435405,0.04696368,0.99080394
circles,fixed_phase,8192,527,0.92239932,0.02388298,0.99688507
circles,fixed_phase,8192,528,0.91615896,0.07921642,1.00719126
circles,fixed_phase,8192,529,0.92475614,0.00831396,1.01980372
circles,fixed_phase,8192,530,0.92294807,0.02099534,1.00431978
circles,fixed_phase,8192,531,0.92975707,0.00301881,1.01314615
circles,fixed_phase,8192,532,0.91760339,0.00417446,0.99415848
circles,fixed_phase,8192,533,0.93070753,0.06072892,1.0086671
circles,fixed_phase,8192,534,0.92448103,0.01173613,0.99632641
circles,fixed_phase,8192,535,0.92878998,0.04027457,0.98498105
circles,fixed_phase,8192,536,0.91531303,0.07500399,1.0280854
circles,fixed_phase,8192,537,0.92458024,0.03525196,1.00998889
circles,fixed_phase,8192,538,0.91356869,0.07380115,1.0293323
circles,fixed_phase,8192,539,0.9227793,0.00274099,0.99891774
circles,fixed_phase,8192,540,0.92528314,0.00564779,0.97589908
circles,fixed_phase,8192,541,0.90807843,0.08280994,1.00903233
circles,fixed_phase,8192,542,0.92654634,0.00761363,0.98160256
circles,fixed_phase,8192,543,0.92448771,0.03243559,1.01781084
circles,fixed_phase,8192,544,0.92125555,0.00743978,1.00294957
circles,fixed_phase,8192,545,0.91421544,0.00758816,0.98305111
circles,fixed_phase,8192,546,0.90899112,0.08309412,0.99735557
circles,fixed_phase,8192,547,0.92363182,0.02165073,0.98961355
circles,fixed_phase,8192,548,0.93341254,0.00348506,1.00145082
circles,fixed_phase,8192,549,0.92217209,0.07623867,1.00548548
circles,fixed_phase,8192,550,0.91035308,0.04451307,1.00169664
circles,fixed_phase,8192,551,0.92997769,0.08804785,0.98999578
circles,fixed_phase,8192,552,0.92071275,0.01494953,1.01725018
circles,fixed_phase,8192,553,0.91988483,0.04656996,1.00089507
circles,fixed_phase,8192,554,0.92846585,0.00825949,1.0082148
circles,fixed_phase,8192,555,0.92694098,0.00395554,1.00446934
circles,fixed_phase,8192,556,0.91804889,0.02531875,1.01320957
circles,fixed_phase,8192,557,0.9338443,0.03223924,1.04584306
circles,fixed_phase,8192,558,0.92674421,0.04247665,0.98042409
circles,fixed_phase,8192,559,0.92402898,0.04994852,0.98373317
circles,fixed_phase,8192,560,0.91777375,0.0247666,0.99748503
circles,fixed_phase,8192,561,0.92920508,0.01313282,0.98022912
circles,fixed_phase,8192,562,0.91437333,0.11861474,0.98980449
circles,fixed_phase,8192,563,0.92094532,0.02581577,0.9868257
circles,fixed_phase,8192,564,0.92067168,0.04573227,0.99072633
circles,fixed_phase,8192,565,0.9226011,0.01295756,0.96536424
circles,fixed_phase,8192,566,0.92647854,0.02574755,1.01439969
circles,fixed_phase,8192,567,0.91996328,0.0226331,0.99832293
circles,fixed_phase,8192,568,0.92241868,0.02736713,0.99936001
circles,fixed_phase,8192,569,0.91225378,0.02981708,0.98931159
circles,fixed_phase,8192,570,0.91447949,0.01912361,1.02454671
circles,fixed_phase,8192,571,0.9259802,0.06128948,0.98943674
circles,fixed_phase,8192,572,0.91927902,0.02758992,0.97856213
circles,fixed_phase,8192,573,0.91427907,0.04784604,0.99063423
circles,fixed_phase,8192,574,0.91705307,0.06452248,1.00407866
circles,fixed_phase,8192,575,0.92395489,0.02946722,1.02574588
circles,fixed_phase,8192,576,0.92267318,0.072296,0.99203646
circles,fixed_phase,8192,577,0.9161223,0.01198997,1.00021362
circles,fixed_phase,8192,578,0.92354394,0.03230987,0.99311549
circles,fixed_phase,8192,579,0.92234945,0.03377078,1.02021256
circles,fixed_phase,8192,580,0.92507247,0.00630554,0.98101484
circles,fixed_phase,8192,581,0.92608259,0.03500257,1.00551207
circles,fixed_phase,8192,582,0.91530229,0.01210062,0.99073385
circles,fixed_phase,8192,583,0.91827109,0.13010646,0.99560249
circles,fixed_phase,8192,584,0.91754973,0.00046164,0.97487702
circles,fixed_phase,8192,585,0.92200198,0.0195202,1.0125129
circles,fixed_phase,8192,586,0.93776847,0.09811005,0.98993364
circles,fixed_phase,8192,587,0.93368636,0.02812408,0.99195914
circles,fixed_phase,8192,588,0.91391976,0.06165479,1.00760527
circles,fixed_phase,8192,589,0.91255019,0.04172357,1.00078242
circles,fixed_phase,8192,590,0.91734053,0.01104169,1.00567887
circles,fixed_phase,8192,591,0.91321355,0.01441659,0.98481377
circles,fixed_phase,8192,592,0.91708484,0.02350056,0.97230441
circles,fixed_phase,8192,593,0.91894914,0.03693238,1.01263634
circles,fixed_phase,8192,594,0.90956121,0.02666885,1.0095323
circles,fixed_phase,8192,595,0.93230833,0.02618441,0.98422163
circles,fixed_phase,8192,596,0.91666291,0.02718188,1.01103969
circles,fixed_phase,8192,597,0.91849993,0.00361594,0.98447689
circles,fixed_phase,8192,598,0.9130608,0.01583622,1.00261427
circles,fixed_phase,8192,599,0.92783969,0.02862879,0.97780486
circles,fixed_phase,8192,600,0.90617456,0.02253186,0.9960586
circles,fixed_phase,8192,601,0.92802676,0.01366582,1.01985047
circles,fixed_phase,8192,602,0.921168,0.09063788,0.99994045
circles,fixed_phase,8192,603,0.9157095,0.02101779,1.01592657
circles,fixed_phase,8192,604,0.93423972,0.03474634,1.02596148
circles,fixed_phase,8192,605,0.92880082,0.03346655,1.0078589
circles,fixed_phase,8192,606,0.92383938,0.01178535,1.02984593
circles,fixed_phase,8192,607,0.92395173,0.01201881,1.00928709
circles,fixed_phase,8192,608,0.92132366,0.03130684,1.00597282
circles,fixed_phase,8192,609,0.92620379,0.01512579,0.98667367
circles,fixed_phase,8192,610,0.93987384,0.08359999,0.99626787
circles,fixed_phase,8192,611,0.92347761,0.05332926,1.01119059
circles,fixed_phase,8192,612,0.92531984,0.04950933,1.00184868
circles,fixed_phase,8192,613,0.93511662,0.00174487,0.98464926
circles,fixed_phase,8192,614,0.91781275,0.05955622,0.97827198
circles,fixed_phase,8192,615,0.91558363,0.02918624,0.96883189
circles,fixed_phase,8192,616,0.93701449,0.03244284,0.98458748
circles,fixed_phase,8192,617,0.91887007,0.02146189,0.9813893
circles,fixed_phase,8192,618,0.91751348,0.10439322,0.98523464
circles,fixed_phase,8192,619,0.91194669,0.05610713,1.01622576
circles,fixed_phase,8192,620,0.92038705,0.0308965,1.00925331
circles,fixed_phase,8192,621,0.92248884,0.04001069,0.99494106
circles,fixed_phase,8192,622,0.91433163,0.07408593,0.98759166
circles,fixed_phase,8192,623,0.93437173,0.09104642,1.02002382
circles,fixed_phase,8192,624,0.91804263,0.02333852,1.01999529
circles,fixed_phase,8192,625,0.91957047,0.0370508,0.99490382
circles,fixed_phase,8192,626,0.91970067,0.02783448,0.97662866
circles,fixed_phase,8192,627,0.92476258,0.01647557,1.01412399
circles,fixed_phase,8192,628,0.9247889,0.0403149,0.99869376
circles,fixed_phase,8192,629,0.92105999,0.08035738,1.0223713
circles,fixed_phase,8192,630,0.91574692,0.09633235,1.00161609
circles,fixed_phase,8192,631,0.91805912,0.03306329,1.00931463
circles,fixed_phase,8192,632,0.9177791,0.0448727,0.95581674
circles,fixed_phase,8192,633,0.93055218,0.00697754,0.98887921
circles,fixed_phase,8192,634,0.92205722,0.07270246,0.98278697
circles,fixed_phase,8192,635,0.9132962,0.01679197,1.01102363
circles,fixed_phase,8192,636,0.92752991,0.01251001,1.0024698
circles,fixed_phase,8192,637,0.92429103,0.00354867,0.98954487
circles,fixed_phase,8192,638,0.91934971,0.05534069,0.98983689
circles,fixed_phase,8192,639,0.92128235,0.06636729,0.98462703
circles,fixed_phase,8192,640,0.9170647,0.10512423,0.99625773
circles,fixed_phase,8192,641,0.92217556,0.0142251,1.00962609
circles,fixed_phase,8192,642,0.91937734,0.06018659,0.99650586
circles,fixed_phase,8192,643,0.91832808,0.04287412,1.00078852
circles,fixed_phase,8192,644,0.91834681,0.0754462,0.99574386
circles,fixed_phase,8192,645,0.91996279,0.07606769,1.00121578
circles,fixed_phase,8192,646,0.91992257,0.00719567,0.97435278
circles,fixed_phase,8192,647,0.90447784,0.0463612,0.98974953
circles,fixed_phase,8192,648,0.92366049,0.02884625,0.98746294
circles,fixed_phase,8192,649,0.91958859,0.00356137,1.01677803
circles,fixed_phase,8192,650,0.92685096,0.01072805,1.00725931
circles,fixed_phase,8192,651,0.9211424,0.01686663,1.01069713
circles,fixed_phase,8192,652,0.91838311,0.03471251,1.00076419
circles,fixed_phase,8192,653,0.91617463,0.03484408,0.956899
circles,fixed_phase,8192,654,0.91606145,0.02881777,1.01557382
circles,fixed_phase,8192,655,0.92466212,0.11434338,0.99978819
circles,fixed_phase,8192,656,0.9104932,0.02576336,1.01344967
circles,fixed_phase,8192,657,0.93305079,0.01664373,1.02365141
circles,fixed_phase,8192,658,0.9164042,0.03885612,1.03654411
circles,fixed_phase,8192,659,0.91633665,0.00856612,0.98393808
circles,fixed_phase,8192,660,0.91283768,0.04349703,1.0057207
circles,fixed_phase,8192,661,0.91591907,0.0320749,0.98818743
circles,fixed_phase,8192,662,0.93697436,0.03255107,1.00520684
circles,fixed_phase,8192,663,0.9311597,0.07323077,0.99713039
circles,fixed_phase,8192,664,0.93116026,0.07714143,1.01117904
circles,fixed_phase,8192,665,0.92537581,0.06045421,0.98351405
circles,fixed_phase,8192,666,0.91167209,0.02432584,1.00280002
circles,fixed_phase,8192,667,0.92473551,0.091334,1.01193989
circles,fixed_phase,8192,668,0.91258261,0.03982711,0.99347658
circles,fixed_phase,8192,669,0.91589143,0.05010985,0.97711193
circles,fixed_phase,8192,670,0.92496309,0.00690931,0.99555422
circles,fixed_phase,8192,671,0.91467567,0.05418845,1.01086599
circles,fixed_phase,8192,672,0.92346374,0.01032095,1.00892965
circles,fixed_phase,8192,673,0.92041522,0.10903531,1.01879773
circles,fixed_phase,8192,674,0.92182645,0.06315128,1.02749495
circles,fixed_phase,8192,675,0.93056658,0.14922525,0.99870655
circles,fixed_phase,8192,676,0.91926937,0.00983703,0.98289098
circles,fixed_phase,8192,677,0.92499041,0.02247409,0.9922798
circles,fixed_phase,8192,678,0.91362321,0.02267425,0.97580064
circles,fixed_phase,8192,679,0.91375681,0.06553614,0.9973592
circles,fixed_phase,8192,680,0.92506243,0.00164729,1.00067688
circles,fixed_phase,8192,681,0.92377839,0.04991581,1.01143281
circles,fixed_phase,8192,682,0.91717186,0.07914082,1.03413124
circles,fixed_phase,8192,683,0.9177249,0.017617,0.98544916
circles,fixed_phase,8192,684,0.92440108,0.0253941,1.00430657
circles,fixed_phase,8192,685,0.91665089,0.00397412,1.00337121
circles,fixed_phase,8192,686,0.91181514,0.0041681,0.99314062
circles,fixed_phase,8192,687,0.92359295,0.02861038,0.97931278
circles,fixed_phase,8192,688,0.91997754,0.05855172,1.01205793
circles,fixed_phase,8192,689,0.9338857,0.09290135,0.96090612
circles,fixed_phase,8192,690,0.92611474,0.02869271,0.98773851
circles,fixed_phase,8192,691,0.91621278,0.01096331,1.01523717
circles,fixed_phase,8192,692,0.92133658,0.012914,1.02648912
circles,fixed_phase,8192,693,0.91612956,0.03428315,1.00526256
circles,fixed_phase,8192,694,0.92613735,0.02330913,0.99876866
circles,fixed_phase,8192,695,0.91667568,0.07083036,1.00642481
circles,fixed_phase,8192,696,0.92916949,0.07134933,0.99926639
circles,fixed_phase,8192,697,0.9161114,0.02940982,0.98833997
circles,fixed_phase,8192,698,0.92730916,0.04760379,1.01361383
circles,fixed_phase,8192,699,0.91853226,0.02844005,1.01133151
circles,fixed_phase,8192,700,0.92727163,0.01965747,0.99523669
circles,fixed_phase,8192,701,0.92428645,0.00257269,1.01165827
circles,fixed_phase,8192,702,0.91985246,0.02494957,1.01779077
circles,fixed_phase,8192,703,0.91185392,0.01462053,1.00154408
circles,fixed_phase,8192,704,0.92155171,0.05610425,0.97202043
circles,fixed_phase,8192,705,0.9229441,0.02688023,1.0029543
circles,fixed_phase,8192,706,0.91344124,0.01480243,0.99096966
circles,fixed_phase,8192,707,0.9175962,0.01305928,1.01262804
circles,fixed_phase,8192,708,0.92053909,0.00058478,0.97975466
circles,fixed_phase,8192,709,0.91929266,0.03528595,0.99709571
circles,fixed_phase,8192,710,0.92857863,0.06352752,0.98023372
circles,fixed_phase,8192,711,0.91899455,0.01263414,1.01007454
circles,fixed_phase,8192,712,0.92324583,0.07329269,1.01322136
circles,fixed_phase,8192,713,0.92363853,0.08636454,1.00915719
circles,fixed_phase,8192,714,0.91443373,0.02306722,1.01164433
circles,fixed_phase,8192,715,0.92114755,0.04114871,1.01456331
circles,fixed_phase,8192,716,0.93017001,0.04245914,1.02065535
circles,fixed_phase,8192,717,0.91496887,0.01240838,0.98431392
circles,fixed_phase,8192,718,0.92275933,0.08319944,1.02157787
circles,fixed_phase,8192,719,0.91381507,0.05702892,0.98818648
circles,fixed_phase,8192,720,0.91669256,0.04406755,1.01668799
circles,fixed_phase,8192,721,0.91805683,0.01259902,0.97083571
circles,fixed_phase,8192,722,0.90850745,0.04455049,0.99067617
circles,fixed_phase,8192,723,0.93461666,0.02842605,0.98069572
circles,fixed_phase,8192,724,0.92323142,0.08518486,1.01201449
circles,fixed_phase,8192,725,0.92164927,0.02098141,1.00522253
circles,fixed_phase,8192,726,0.92097929,0.02191622,1.01207349
circles,fixed_phase,8192,727,0.92670315,0.02727345,0.98546797
circles,fixed_phase,8192,728,0.92526535,0.04655804,1.02224468
circles,fixed_phase,8192,729,0.9278603,0.03276794,1.00543288
circles,fixed_phase,8192,730,0.9174561,0.03698376,1.01759027
circles,fixed_phase,8192,731,0.93295312,0.00881358,1.01166606
circles,fixed_phase,8192,732,0.91724528,0.00644919,1.01388964
circles,fixed_phase,8192,733,0.91134193,0.00827967,0.9853023
circles,fixed_phase,8192,734,0.9223312,0.01043015,1.0002044
circles,fixed_phase,8192,735,0.92464066,0.0016098,1.03389804
circles,fixed_phase,8192,736,0.91361732,0.0094255,1.0269413
circles,fixed_phase,8192,737,0.92141554,0.05906149,1.00097386
circles,fixed_phase,8192,738,0.92768043,0.06520153,0.9713515
circles,fixed_phase,8192,739,0.9171716,0.01706517,1.00574846
circles,fixed_phase,8192,740,0.92062217,0.04942187,0.96941452
circles,fixed_phase,8192,741,0.918538,0.03674399,1.0023999
circles,fixed_phase,8192,742,0.93042388,0.03518002,0.94930021
circles,fixed_phase,8192,743,0.91918086,0.00470508,1.02116502
circles,fixed_phase,8192,744,0.93038924,0.06931745,0.97431177
circles,fixed_phase,8192,745,0.93051156,0.01168527,1.00686619
circles,fixed_phase,8192,746,0.93030537,0.02052795,0.97339075
circles,fixed_phase,8192,747,0.928089,0.01554715,0.97278762
circles,fixed_phase,8192,748,0.90981178,0.05313475,0.96240641
circles,fixed_phase,8192,749,0.92353955,0.01019912,1.00089086
circles,fixed_phase,8192,750,0.92304581,0.06275737,1.00040148
circles,fixed_phase,8192,751,0.92002846,0.04599797,0.97909754
circles,fixed_phase,8192,752,0.92109086,0.09869369,0.96664727
circles,fixed_phase,8192,753,0.91809971,0.01608852,1.03661711
circles,fixed_phase,8192,754,0.91622806,0.07429059,1.01945771
circles,fixed_phase,8192,755,0.91822882,0.03109198,1.01280725
circles,fixed_phase,8192,756,0.92938247,0.11158232,1.03386523
circles,fixed_phase,8192,757,0.92555393,0.08818221,0.99014901
circles,fixed_phase,8192,758,0.92098988,0.00567905,0.99187315
circles,fixed_phase,8192,759,0.92612276,0.01908764,0.982319
circles,fixed_phase,8192,760,0.92317196,0.01144237,0.98433658
circles,fixed_phase,8192,761,0.92434896,0.00698111,1.01742089
circles,fixed_phase,8192,762,0.92419598,0.04149344,0.97873148
circles,fixed_phase,8192,763,0.91005099,0.00965683,1.00614813
circles,fixed_phase,8192,764,0.91649975,0.07884796,1.02174315
circles,fixed_phase,8192,765,0.91968252,0.03573541,0.99635285
circles,fixed_phase,8192,766,0.91820564,0.1042452,0.9972244
circles,fixed_phase,8192,767,0.92788642,0.00586688,1.00920592
circles,fixed_phase,8192,768,0.92387033,0.01193391,0.98646647
circles,fixed_phase,8192,769,0.93706787,0.03547326,0.97435257
circles,fixed_phase,8192,770,0.92554523,0.11858952,0.98890012
circles,fixed_phase,8192,771,0.92018863,0.05406212,1.02742896
circles,fixed_phase,8192,772,0.92003189,0.02038067,0.9988252
circles,fixed_phase,8192,773,0.92364067,0.04078014,0.99842474
circles,fixed_phase,8192,774,0.92499771,0.0781224,0.9966652
circles,fixed_phase,8192,775,0.91955746,5.83e-05,0.99028024
circles,fixed_phase,8192,776,0.91866437,0.03495662,0.99158832
circles,fixed_phase,8192,777,0.92889913,0.09793128,0.99759395
circles,fixed_phase,8192,778,0.93522993,0.0163015,0.9813318
circles,fixed_phase,8192,779,0.92309109,0.04093777,1.00603182
circles,fixed_phase,8192,780,0.91341264,0.03205027,0.98774707
circles,fixed_phase,8192,781,0.92454142,0.05763539,0.99803655
circles,fixed_phase,8192,782,0.92230405,0.02901168,0.99505163
circles,fixed_phase,8192,783,0.92449716,0.11697742,1.00117733
circles,fixed_phase,8192,784,0.92239284,0.00306746,0.98890214
circles,fixed_phase,8192,785,0.91386592,0.03152202,1.0105079
circles,fixed_phase,8192,786,0.91900814,0.00301211,0.99484575
circles,fixed_phase,8192,787,0.92356349,0.0631786,1.02747464
circles,fixed_phase,8192,788,0.91804083,0.10164453,0.99898689
circles,fixed_phase,8192,789,0.92289301,0.02039658,0.99564286
circles,fixed_phase,8192,790,0.91425254,0.02841059,1.00135504
circles,fixed_phase,8192,791,0.91651853,0.05347493,1.01556075
circles,fixed_phase,8192,792,0.92903432,0.08113727,1.00188265
circles,fixed_phase,8192,793,0.91863717,0.01257674,1.0105517
circles,fixed_phase,8192,794,0.92961415,0.00822746,0.97391185
circles,fixed_phase,8192,795,0.92506792,0.02373979,0.98683976
circles,fixed_phase,8192,796,0.92965472,0.00101943,0.99533229
circles,fixed_phase,8192,797,0.92866671,0.03014087,0.97293615
circles,fixed_phase,8192,798,0.9335985,0.00964704,0.9949886
circles,fixed_phase,8192,799,0.91719384,0.04346095,1.00261118
circles,fixed_phase,8192,800,0.9194957,0.05533302,0.99893793
circles,fixed_phase,8192,801,0.92052675,0.02905095,1.01793293
circles,fixed_phase,8192,802,0.92501559,0.00191169,1.01874556
circles,fixed_phase,8192,803,0.92223915,0.05607955,1.00886471
circles,fixed_phase,8192,804,0.92352174,0.0091894,1.01209642
circles,fixed_phase,8192,805,0.91336612,0.06558444,1.02004322
circles,fixed_phase,8192,806,0.9228959,0.0427316,1.01580355
circles,fixed_phase,8192,807,0.91435962,0.04943742,1.00610259
circles,fixed_phase,8192,808,0.9180629,0.054705,1.00266657
circles,fixed_phase,8192,809,0.92676035,0.03171791,1.00221074
circles,fixed_phase,8192,810,0.9223595,0.01051448,0.99734275
circles,fixed_phase,8192,811,0.91665824,0.07016999,0.98599627
circles,fixed_phase,8192,812,0.92225586,0.05888862,1.0037884
circles,fixed_phase,8192,813,0.92114248,0.05442546,0.97897056
circles,fixed_phase,8192,814,0.91987457,0.02249675,0.99715466
circles,fixed_phase,8192,815,0.92673035,0.03181687,0.98574302
circles,fixed_phase,8192,816,0.92642627,0.03247947,1.02727221
circles,fixed_phase,8192,817,0.91735097,0.03986809,0.99296566
circles,fixed_phase,8192,818,0.92481684,0.03667511,0.99054101
circles,fixed_phase,8192,819,0.92640002,0.05923762,1.02398083
circles,fixed_phase,8192,820,0.92374262,0.05058195,1.01276104
circles,fixed_phase,8192,821,0.91172674,0.08490242,0.98203739
circles,fixed_phase,8192,822,0.91567705,0.03660809,1.00333259
circles,fixed_phase,8192,823,0.92090542,0.08151887,1.03416688
circles,fixed_phase,8192,824,0.92045439,0.11086242,1.0056286
circles,fixed_phase,8192,825,0.91780869,0.01205164,0.96730187
circles,fixed_phase,8192,826,0.92533858,0.01119105,1.0102398
circles,fixed_phase,8192,827,0.91593727,0.04708676,1.01891396
circles,fixed_phase,8192,828,0.92042889,0.01427969,0.99653343
circles,fixed_phase,8192,829,0.92322743,0.01677849,0.99785603
circles,fixed_phase,8192,830,0.92148799,0.0149736,1.01460904
circles,fixed_phase,8192,831,0.92648069,0.03397086,1.02239706
circles,fixed_phase,8192,832,0.91569841,0.05583896,0.98708331
circles,fixed_phase,8192,833,0.93480579,0.03603589,1.01479268
circles,fixed_phase,8192,834,0.92518906,0.13834021,1.00804788
circles,fixed_phase,8192,835,0.91509914,0.01443327,1.02560309
circles,fixed_phase,8192,836,0.92175312,0.04280023,1.01370831
circles,fixed_phase,8192,837,0.91142184,0.09751443,0.99319224
circles,fixed_phase,8192,838,0.9273512,0.04674376,0.988258
circles,fixed_phase,8192,839,0.91968751,0.01879051,0.98907827
circles,fixed_phase,8192,840,0.91196925,0.00855984,1.002336
circles,fixed_phase,8192,841,0.92682252,0.02859268,1.01707191
circles,fixed_phase,8192,842,0.91813134,0.01822947,0.99780638
circles,fixed_phase,8192,843,0.9248954,0.00474356,1.00294516
circles,fixed_phase,8192,844,0.92287816,0.07252756,1.00401394
circles,fixed_phase,8192,845,0.92193861,0.00613881,1.01528693
circles,fixed_phase,8192,846,0.92230171,0.00220232,0.98332634
circles,fixed_phase,8192,847,0.92448669,0.05509451,0.99565434
circles,fixed_phase,8192,848,0.9159046,0.06917836,1.00581631
circles,fixed_phase,8192,849,0.91892498,0.0303339,1.01791177
circles,fixed_phase,8192,850,0.92460156,0.11064621,0.99666177
circles,fixed_phase,8192,851,0.92566199,0.01080723,1.00517968
circles,fixed_phase,8192,852,0.92637024,0.01690662,1.02045565
circles,fixed_phase,8192,853,0.90973255,0.00032618,1.01555467
circles,fixed_phase,8192,854,0.93144469,0.03275608,0.96558858
circles,fixed_phase,8192,855,0.93575821,0.01678007,0.98609538
circles,fixed_phase,8192,856,0.92308358,0.01643915,1.01118312
circles,fixed_phase,8192,857,0.93490011,0.02133682,1.00383497
circles,fixed_phase,8192,858,0.92277592,0.02679587,0.98307805
circles,fixed_phase,8192,859,0.91001315,0.01416137,1.00585337
circles,fixed_phase,8192,860,0.91941899,0.026952,1.00221556
circles,fixed_phase,8192,861,0.92930501,0.03251604,1.01077454
circles,fixed_phase,8192,862,0.9288447,0.01672084,0.96330348
circles,fixed_phase,8192,863,0.91015808,0.076309,0.96867343
circles,fixed_phase,8192,864,0.93286344,0.04429543,1.00972572
circles,fixed_phase,8192,865,0.91307946,0.01855436,1.02789811
circles,fixed_phase,8192,866,0.92567336,0.04543232,0.99399543
circles,fixed_phase,8192,867,0.92365929,0.07146973,0.99496577
circles,fixed_phase,8192,868,0.92234948,0.0139283,1.00211228
circles,fixed_phase,8192,869,0.9283776,0.03924649,1.01352463
circles,fixed_phase,8192,870,0.91259243,0.00162072,1.02933982
circles,fixed_phase,8192,871,0.92129072,0.05498024,0.99966376
circles,fixed_phase,8192,872,0.92614202,0.03786303,1.00518762
circles,fixed_phase,8192,873,0.92259759,0.04483078,1.03491038
circles,fixed_phase,8192,874,0.92388477,0.04116697,0.99216563
circles,fixed_phase,8192,875,0.91908887,0.01771697,1.00994187
circles,fixed_phase,8192,876,0.93185374,0.07877549,1.00406615
circles,fixed_phase,8192,877,0.91779078,0.02739859,0.98592028
circles,fixed_phase,8192,878,0.92008967,0.09430205,1.01532708
circles,fixed_phase,8192,879,0.91518081,0.01892734,1.0022975
circles,fixed_phase,8192,880,0.92518935,0.04291871,0.99919126
circles,fixed_phase,8192,881,0.92945996,0.00674592,0.98848682
circles,fixed_phase,8192,882,0.92703445,0.03102521,1.00229969
circles,fixed_phase,8192,883,0.93178279,0.09859147,1.00220238
circles,fixed_phase,8192,884,0.9157716,0.01708488,1.00104337
circles,fixed_phase,8192,885,0.93334167,0.01693048,0.99818421
circles,fixed_phase,8192,886,0.92864934,0.04048337,1.02962443
circles,fixed_phase,8192,887,0.90984281,0.08698576,1.01325197
circles,fixed_phase,8192,888,0.92077578,0.03957072,0.99833194
circles,fixed_phase,8192,889,0.92868429,0.04605891,1.01422499
circles,fixed_phase,8192,890,0.91238039,0.08740039,0.98898981
circles,fixed_phase,8192,891,0.91261375,0.00943693,1.01704937
circles,fixed_phase,8192,892,0.92243108,0.04340475,0.99315949
circles,fixed_phase,8192,893,0.92307593,0.13332398,0.99500905
circles,fixed_phase,8192,894,0.91993193,0.01749446,0.9888013
circles,fixed_phase,8192,895,0.91901531,0.07253579,0.98966503
circles,fixed_phase,8192,896,0.90698815,0.01386385,1.01380916
circles,fixed_phase,8192,897,0.92302938,0.03686854,0.97626754
circles,fixed_phase,8192,898,0.93338184,0.01169257,0.98962383
circles,fixed_phase,8192,899,0.91497805,0.02312022,0.9959705
circles,fixed_phase,8192,900,0.92208794,0.0591215,1.02122905
circles,fixed_phase,8192,901,0.91666869,0.0587901,1.0186198
circles,fixed_phase,8192,902,0.92308977,0.10460717,1.01248788
circles,fixed_phase,8192,903,0.92013677,0.04962795,0.97176574
circles,fixed_phase,8192,904,0.92233396,0.0329244,1.0050877
circles,fixed_phase,8192,905,0.92157447,0.03185797,1.00866972
circles,fixed_phase,8192,906,0.91839685,0.02913741,1.0110829
circles,fixed_phase,8192,907,0.92590139,0.0250014,1.01134598
circles,fixed_phase,8192,908,0.92182752,0.02614259,1.00475705
circles,fixed_phase,8192,909,0.91830075,0.06671145,1.00296413
circles,fixed_phase,8192,910,0.90965024,0.16008809,1.00421272
circles,fixed_phase,8192,911,0.92506442,0.03678047,1.01613812
circles,fixed_phase,8192,912,0.92510419,0.00893516,1.00470384
circles,fixed_phase,8192,913,0.9242569,0.06431597,1.01033378
circles,fixed_phase,8192,914,0.92053865,0.0818133,0.9930541
circles,fixed_phase,8192,915,0.91982733,0.0347712,1.00144443
circles,fixed_phase,8192,916,0.92509602,0.04719623,0.98082503
circles,fixed_phase,8192,917,0.92627909,0.08252015,0.99908081
circles,fixed_phase,8192,918,0.92705036,0.06734454,0.99567515
circles,fixed_phase,8192,919,0.92218836,0.04621401,1.00175596
circles,fixed_phase,8192,920,0.92710646,0.01384724,1.00797022
circles,fixed_phase,8192,921,0.9118244,0.0310021,0.97987153
circles,fixed_phase,8192,922,0.91402416,0.00374972,1.02112395
circles,fixed_phase,8192,923,0.91716238,0.04634839,1.01605238
circles,fixed_phase,8192,924,0.92472577,0.06428139,1.03101468
circles,fixed_phase,8192,925,0.9239478,0.03903237,0.96619606
circles,fixed_phase,8192,926,0.9265054,0.02793369,1.01819981
circles,fixed_phase,8192,927,0.90698203,0.01667721,0.99400836
circles,fixed_phase,8192,928,0.92145595,0.03583567,1.01994609
circles,fixed_phase,8192,929,0.92455329,0.0200026,1.02179035
circles,fixed_phase,8192,930,0.92136577,0.04868943,0.98851776
circles,fixed_phase,8192,931,0.9308121,0.00071818,1.00706792
circles,fixed_phase,8192,932,0.91723518,0.01988949,0.9944667
circles,fixed_phase,8192,933,0.90277502,0.03820556,1.02436508
circles,fixed_phase,8192,934,0.91666279,0.0087475,0.99606592
circles,fixed_phase,8192,935,0.91467436,0.09823711,1.02559281
circles,fixed_phase,8192,936,0.93290495,0.0291468,1.00527702
circles,fixed_phase,8192,937,0.92117219,0.01584114,1.01734715
circles,fixed_phase,8192,938,0.929868,0.02721795,0.99610914
circles,fixed_phase,8192,939,0.92210494,0.00029979,0.99332725
circles,fixed_phase,8192,940,0.91823582,0.03006983,0.99228051
circles,fixed_phase,8192,941,0.92464219,0.03999185,0.98833834
circles,fixed_phase,8192,942,0.91688513,0.05934811,1.01097006
circles,fixed_phase,8192,943,0.92178846,0.03223086,1.00870215
circles,fixed_phase,8192,944,0.91490056,0.03611959,0.9875164
circles,fixed_phase,8192,945,0.9181382,0.01780129,0.99044796
circles,fixed_phase,8192,946,0.92591522,0.10174327,1.00660878
circles,fixed_phase,8192,947,0.9163976,0.02389651,0.97566372
circles,fixed_phase,8192,948,0.92049224,0.09286223,1.00349243
circles,fixed_phase,8192,949,0.9217573,0.00483882,1.00611053
circles,fixed_phase,8192,950,0.91482296,0.00689917,0.98835436
circles,fixed_phase,8192,951,0.92053153,0.00716428,0.97732481
circles,fixed_phase,8192,952,0.91410641,0.06487803,1.03741652
circles,fixed_phase,8192,953,0.91922603,0.04240762,1.00674509
circles,fixed_phase,8192,954,0.93176267,0.01629406,1.0057985
circles,fixed_phase,8192,955,0.92374701,0.02274653,0.96398693
circles,fixed_phase,8192,956,0.91816363,0.00618941,1.02898787
circles,fixed_phase,8192,957,0.91543628,0.05933396,0.97782188
circles,fixed_phase,8192,958,0.92014159,0.0608525,1.01629073
circles,fixed_phase,8192,959,0.91333725,0.03420551,0.97972165
circles,fixed_phase,8192,960,0.92357987,0.03604499,1.01155162
circles,fixed_phase,8192,961,0.91396919,0.06990147,0.99558599
circles,fixed_phase,8192,962,0.92603206,0.03662557,0.98467901
circles,fixed_phase,8192,963,0.91900831,0.04511225,0.99088987
circles,fixed_phase,8192,964,0.91666332,0.05014463,1.02387462
circles,fixed_phase,8192,965,0.9255792,0.04838864,1.00913566
circles,fixed_phase,8192,966,0.91647892,0.13914925,0.98481045
circles,fixed_phase,8192,967,0.92182602,0.02521451,1.00886204
circles,fixed_phase,8192,968,0.91449654,0.05673865,0.98444266
circles,fixed_phase,8192,969,0.91984035,0.0071298,1.01791551
circles,fixed_phase,8192,970,0.92693568,0.00034688,0.98648254
circles,fixed_phase,8192,971,0.91419851,0.03898271,0.98465776
circles,fixed_phase,8192,972,0.91085031,0.01690633,0.9957808
circles,fixed_phase,8192,973,0.91474363,0.05437256,1.0056725
circles,fixed_phase,8192,974,0.93214727,0.01130674,1.01038834
circles,fixed_phase,8192,975,0.92294256,0.06590342,1.01993151
circles,fixed_phase,8192,976,0.92541263,0.00093195,1.02406824
circles,fixed_phase,8192,977,0.91303433,0.03781624,1.00890113
circles,fixed_phase,8192,978,0.91511147,0.08367877,0.98646335
circles,fixed_phase,8192,979,0.93194289,0.0750473,1.01007539
circles,fixed_phase,8192,980,0.91720389,0.01923838,1.0239897
circles,fixed_phase,8192,981,0.91162852,0.00024826,0.97249329
circles,fixed_phase,8192,982,0.9236173,0.03549128,1.00069409
circles,fixed_phase,8192,983,0.91629084,0.0180125,0.99183108
circles,fixed_phase,8192,984,0.92360055,0.0604402,0.99557045
circles,fixed_phase,8192,985,0.9298656,0.04614369,0.99927282
circles,fixed_phase,8192,986,0.91933472,0.05134668,1.01603088
circles,fixed_phase,8192,987,0.92491412,0.01365889,0.99370834
circles,fixed_phase,8192,988,0.92523599,0.00563085,0.98802317
circles,fixed_phase,8192,989,0.9291115,0.0159776,0.99042019
circles,fixed_phase,8192,990,0.91908225,0.06930031,1.01258602
circles,fixed_phase,8192,991,0.92062649,0.05203573,1.0162177
circles,fixed_phase,8192,992,0.92090517,0.04189791,1.00690681
circles,fixed_phase,8192,993,0.92491465,0.00937697,0.98676605
circles,fixed_phase,8192,994,0.92724817,0.03527153,1.00897674
circles,fixed_phase,8192,995,0.929519,0.03438055,0.99396558
circles,fixed_phase,8192,996,0.91997154,0.06368476,0.99193538
circles,fixed_phase,8192,997,0.92267615,0.0735286,1.00703026
circles,fixed_phase,8192,998,0.92551916,0.05269392,0.99177753
circles,fixed_phase,8192,999,0.91918073,0.01499613,1.00999976
circles,fixed_amplitude,42,0,0.92596045,0.03583797,0.99600075
circles,fixed_amplitude,42,1,0.91161765,0.03411457,0.97954503
circles,fixed_amplitude,42,2,0.90846146,0.07968583,1.00904025
circles,fixed_amplitude,42,3,0.9173518,0.11692758,1.00851181
circles,fixed_amplitude,42,4,0.91180481,0.02990316,0.97764797
circles,fixed_amplitude,42,5,0.91799464,0.02924734,0.98676747
circles,fixed_amplitude,42,6,0.91290167,0.00321706,0.97834516
circles,fixed_amplitude,42,7,0.90296311,0.01165667,0.99750884
circles,fixed_amplitude,42,8,0.92140077,0.03653092,1.02258127
circles,fixed_amplitude,42,9,0.91346306,0.01235607,1.00025704
circles,fixed_amplitude,42,10,0.93260357,0.0367619,0.99985354
circles,fixed_amplitude,42,11,0.92032739,0.10734102,1.00532823
circles,fixed_amplitude,42,12,0.9226686,0.07252882,0.9851352
circles,fixed_amplitude,42,13,0.91058164,0.0190831,0.99030297
circles,fixed_amplitude,42,14,0.92362828,0.04875176,1.00124829
circles,fixed_amplitude,42,15,0.92039925,0.0067785,0.99241859
circles,fixed_amplitude,42,16,0.90759118,0.04219137,0.98391918
circles,fixed_amplitude,42,17,0.92304856,0.02703256,1.01831989
circles,fixed_amplitude,42,18,0.91279044,0.09921207,1.02851321
circles,fixed_amplitude,42,19,0.91930919,0.03522873,1.04224015
circles,fixed_amplitude,42,20,0.91556381,0.00744848,0.98374495
circles,fixed_amplitude,42,21,0.9101842,0.09271998,1.00090731
circles,fixed_amplitude,42,22,0.90863623,0.07564373,0.97862737
circles,fixed_amplitude,42,23,0.91467689,0.0509327,0.98528204
circles,fixed_amplitude,42,24,0.90444865,0.02641309,1.01138199
circles,fixed_amplitude,42,25,0.91674018,0.04722392,0.98927907
circles,fixed_amplitude,42,26,0.91800416,0.11611694,1.00561184
circles,fixed_amplitude,42,27,0.91554432,0.01966075,0.99323365
circles,fixed_amplitude,42,28,0.91523776,0.012215,1.00053142
circles,fixed_amplitude,42,29,0.9167667,0.01000324,1.00941415
circles,fixed_amplitude,42,30,0.92438271,0.00886367,0.99570415
circles,fixed_amplitude,42,31,0.92141986,0.00842873,0.98761088
circles,fixed_amplitude,42,32,0.92830036,0.02638174,0.99706654
circles,fixed_amplitude,42,33,0.91738106,0.03023476,0.99814616
circles,fixed_amplitude,42,34,0.90857719,0.07606342,1.00238136
circles,fixed_amplitude,42,35,0.91389621,0.01222517,1.00376412
circles,fixed_amplitude,42,36,0.92488679,0.00054993,1.00337996
circles,fixed_amplitude,42,37,0.92031271,0.00556856,0.99101433
circles,fixed_amplitude,42,38,0.9171265,0.06821748,1.00716034
circles,fixed_amplitude,42,39,0.9283679,0.0030012,0.99773539
circles,fixed_amplitude,42,40,0.91966519,0.03689466,0.99629848
circles,fixed_amplitude,42,41,0.91791551,0.06308491,0.99319749
circles,fixed_amplitude,42,42,0.91727589,0.0040132,1.00420892
circles,fixed_amplitude,42,43,0.91159673,0.09752837,0.99422088
circles,fixed_amplitude,42,44,0.91637763,0.08312045,0.98112149
circles,fixed_amplitude,42,45,0.91686266,0.12257908,0.98307368
circles,fixed_amplitude,42,46,0.9021263,0.06948582,0.99323956
circles,fixed_amplitude,42,47,0.91125102,0.05905164,0.9644103
circles,fixed_amplitude,42,48,0.92124933,0.00022888,1.00603938
circles,fixed_amplitude,42,49,0.9049823,0.00735091,1.03271882
circles,fixed_amplitude,42,50,0.91801216,0.02823971,1.00922258
circles,fixed_amplitude,42,51,0.91867673,0.09308957,0.98939594
circles,fixed_amplitude,42,52,0.91078727,0.04363831,1.00221182
circles,fixed_amplitude,42,53,0.91165683,0.06205278,1.00259159
circles,fixed_amplitude,42,54,0.91735163,0.04835259,0.99286267
circles,fixed_amplitude,42,55,0.90843841,0.06790657,1.03142229
circles,fixed_amplitude,42,56,0.9234714,0.08171197,1.01283584
circles,fixed_amplitude,42,57,0.92104626,0.00270327,0.97546355
circles,fixed_amplitude,42,58,0.91828635,0.01242381,1.00262979
circles,fixed_amplitude,42,59,0.92168828,0.0956398,1.00979324
circles,fixed_amplitude,42,60,0.91070931,0.02779494,0.98764102
circles,fixed_amplitude,42,61,0.90721253,0.02433747,0.98319207
circles,fixed_amplitude,42,62,0.91721451,0.03401677,1.01950631
circles,fixed_amplitude,42,63,0.91237787,0.00063477,1.00211642
circles,fixed_amplitude,42,64,0.91380074,0.01505494,1.01575503
circles,fixed_amplitude,42,65,0.91271244,0.02000034,0.9781636
circles,fixed_amplitude,42,66,0.91477635,0.01204346,1.00958022
circles,fixed_amplitude,42,67,0.91454476,0.04653981,0.9816453
circles,fixed_amplitude,42,68,0.91371156,0.04316779,0.99777742
circles,fixed_amplitude,42,69,0.91499018,0.00803533,0.99217552
circles,fixed_amplitude,42,70,0.91916417,0.00141142,1.0047337
circles,fixed_amplitude,42,71,0.91293947,0.04000505,1.00389797
circles,fixed_amplitude,42,72,0.90883756,0.07467514,0.99863872
circles,fixed_amplitude,42,73,0.91523818,0.00825212,1.0167336
circles,fixed_amplitude,42,74,0.91064313,0.04494024,1.00167354
circles,fixed_amplitude,42,75,0.91524869,0.05793674,1.00672748
circles,fixed_amplitude,42,76,0.9087976,0.08662173,0.9854568
circles,fixed_amplitude,42,77,0.90934263,0.03446006,0.97703034
circles,fixed_amplitude,42,78,0.91630244,0.08052564,0.99032909
circles,fixed_amplitude,42,79,0.90778516,0.00207637,1.00684492
circles,fixed_amplitude,42,80,0.92407809,0.0600304,0.99029435
circles,fixed_amplitude,42,81,0.93480451,0.01223554,0.97976524
circles,fixed_amplitude,42,82,0.92098014,0.01904356,1.04287955
circles,fixed_amplitude,42,83,0.91298745,0.0530984,1.01564592
circles,fixed_amplitude,42,84,0.91053642,0.03410818,0.96102048
circles,fixed_amplitude,42,85,0.92133734,0.10270712,1.00860042
circles,fixed_amplitude,42,86,0.91726257,0.02306302,1.01428305
circles,fixed_amplitude,42,87,0.91194119,0.01239791,1.00197407
circles,fixed_amplitude,42,88,0.91487818,0.01826972,0.98299229
circles,fixed_amplitude,42,89,0.92450317,0.04319824,0.98966641
circles,fixed_amplitude,42,90,0.91495884,0.04975112,0.99961086
circles,fixed_amplitude,42,91,0.91709738,0.00637555,1.00812075
circles,fixed_amplitude,42,92,0.91557002,0.00883611,0.99675629
circles,fixed_amplitude,42,93,0.91397535,0.01883834,0.98033668
circles,fixed_amplitude,42,94,0.90860827,0.01490936,0.99677222
circles,fixed_amplitude,42,95,0.91921248,0.07401992,1.00140792
circles,fixed_amplitude,42,96,0.91603773,0.01449846,0.99062335
circles,fixed_amplitude,42,97,0.92414581,0.06912559,0.99619117
circles,fixed_amplitude,42,98,0.92478,0.02695375,1.0017449
circles,fixed_amplitude,42,99,0.92703213,0.00015802,0.97764662
circles,fixed_amplitude,42,100,0.92375814,0.01882879,1.01182805
circles,fixed_amplitude,42,101,0.90796499,0.00897228,0.99534901
circles,fixed_amplitude,42,102,0.91494317,0.04974061,0.97655254
circles,fixed_amplitude,42,103,0.91342019,0.00952191,0.98420478
circles,fixed_amplitude,42,104,0.90869162,0.03660449,0.99105955
circles,fixed_amplitude,42,105,0.91895823,0.02356917,1.01141585
circles,fixed_amplitude,42,106,0.92005894,0.05571015,0.99284074
circles,fixed_amplitude,42,107,0.91258397,0.01739727,0.99348263
circles,fixed_amplitude,42,108,0.91370829,0.10646959,1.02307768
circles,fixed_amplitude,42,109,0.92396854,0.0173163,1.01497018
circles,fixed_amplitude,42,110,0.91596319,0.02706651,1.00142538
circles,fixed_amplitude,42,111,0.9181129,0.01765728,0.99812637
circles,fixed_amplitude,42,112,0.92439136,0.02173524,0.97936659
circles,fixed_amplitude,42,113,0.9200514,0.08457195,0.98596455
circles,fixed_amplitude,42,114,0.91391782,0.02144954,1.0056834
circles,fixed_amplitude,42,115,0.9118883,0.03584592,0.99748084
circles,fixed_amplitude,42,116,0.90954202,0.09354775,0.9979832
circles,fixed_amplitude,42,117,0.91972564,0.08644905,0.99220015
circles,fixed_amplitude,42,118,0.92244683,0.00878471,0.98264294
circles,fixed_amplitude,42,119,0.92061468,0.08879603,0.98737521
circles,fixed_amplitude,42,120,0.91562999,0.06623838,0.99296443
circles,fixed_amplitude,42,121,0.91488715,0.02349216,0.99675341
circles,fixed_amplitude,42,122,0.91616273,0.03503898,0.96757391
circles,fixed_amplitude,42,123,0.9119322,0.00249979,1.00230785
circles,fixed_amplitude,42,124,0.91712206,0.03427648,0.99458717
circles,fixed_amplitude,42,125,0.91433749,0.08415315,0.96421021
circles,fixed_amplitude,42,126,0.91139086,0.02380687,0.97561328
circles,fixed_amplitude,42,127,0.91454591,0.00053512,1.01976812
circles,fixed_amplitude,42,128,0.90664028,0.03898168,1.01157349
circles,fixed_amplitude,42,129,0.91266307,0.04376818,0.98981773
circles,fixed_amplitude,42,130,0.91491071,0.06781645,1.00385363
circles,fixed_amplitude,42,131,0.91554695,0.03821444,1.00041424
circles,fixed_amplitude,42,132,0.91678909,0.06072429,1.00322803
circles,fixed_amplitude,42,133,0.92051345,0.1347509,0.99732807
circles,fixed_amplitude,42,134,0.91004256,0.0137527,1.01364448
circles,fixed_amplitude,42,135,0.92219269,0.04877518,1.01696199
circles,fixed_amplitude,42,136,0.9161452,0.02060047,1.00607437
circles,fixed_amplitude,42,137,0.93047062,0.01091603,0.98377078
circles,fixed_amplitude,42,138,0.92376526,0.01094313,1.03126929
circles,fixed_amplitude,42,139,0.92689443,0.08594462,1.0229724
circles,fixed_amplitude,42,140,0.90151812,0.02095837,0.98241388
circles,fixed_amplitude,42,141,0.92132928,0.02373959,1.00430825
circles,fixed_amplitude,42,142,0.91856447,0.08106693,0.9913375
circles,fixed_amplitude,42,143,0.9132317,0.03276783,1.0217424
circles,fixed_amplitude,42,144,0.90678157,0.01745973,1.01321596
circles,fixed_amplitude,42,145,0.9085164,0.05894303,1.0089233
circles,fixed_amplitude,42,146,0.91429809,0.04888712,0.97970247
circles,fixed_amplitude,42,147,0.91080867,0.03265629,0.97836976
circles,fixed_amplitude,42,148,0.926354,0.12512601,0.97435314
circles,fixed_amplitude,42,149,0.9183019,0.05970209,1.00698532
circles,fixed_amplitude,42,150,0.92616206,0.06560217,0.99331562
circles,fixed_amplitude,42,151,0.91655874,0.0336604,1.01493001
circles,fixed_amplitude,42,152,0.92042462,0.0760865,1.00957844
circles,fixed_amplitude,42,153,0.91283478,0.04382249,1.00703115
circles,fixed_amplitude,42,154,0.91637254,0.09314227,0.99784316
circles,fixed_amplitude,42,155,0.91405178,0.06509014,1.01536302
circles,fixed_amplitude,42,156,0.92106374,0.02449763,0.98162025
circles,fixed_amplitude,42,157,0.93173981,0.09335868,1.00598555
circles,fixed_amplitude,42,158,0.91769106,0.03673079,0.98753738
circles,fixed_amplitude,42,159,0.91923335,0.06642149,1.0051385
circles,fixed_amplitude,42,160,0.90734286,0.00835278,0.97738012
circles,fixed_amplitude,42,161,0.91390515,0.03155721,0.98392518
circles,fixed_amplitude,42,162,0.91522585,0.03737746,0.98786002
circles,fixed_amplitude,42,163,0.91091014,0.06274468,1.00631171
circles,fixed_amplitude,42,164,0.91487896,0.01536517,0.97827144
circles,fixed_amplitude,42,165,0.9239276,0.02381589,0.98378685
circles,fixed_amplitude,42,166,0.92031385,0.01522942,0.98246968
circles,fixed_amplitude,42,167,0.90854373,0.06457431,0.98653699
circles,fixed_amplitude,42,168,0.91515938,0.00431578,0.97700196
circles,fixed_amplitude,42,169,0.91545752,0.06993397,1.01009538
circles,fixed_amplitude,42,170,0.91287518,0.01894772,0.98558825
circles,fixed_amplitude,42,171,0.92719289,0.08310729,0.99296181
circles,fixed_amplitude,42,172,0.912406,0.03246104,1.00816799
circles,fixed_amplitude,42,173,0.91666754,0.08692206,0.98197773
circles,fixed_amplitude,42,174,0.91680631,0.00637174,0.99748098
circles,fixed_amplitude,42,175,0.91694795,0.02852585,1.03926394
circles,fixed_amplitude,42,176,0.91815696,0.03883055,0.99565937
circles,fixed_amplitude,42,177,0.91736798,0.03466858,1.00203804
circles,fixed_amplitude,42,178,0.92064048,0.00549097,1.00090461
circles,fixed_amplitude,42,179,0.91624691,0.00086562,1.0220235
circles,fixed_amplitude,42,180,0.91761494,0.04454683,0.99359497
circles,fixed_amplitude,42,181,0.90710479,0.04988611,0.99403358
circles,fixed_amplitude,42,182,0.91604113,0.00021905,1.00239766
circles,fixed_amplitude,42,183,0.91112964,0.02874059,0.96305642
circles,fixed_amplitude,42,184,0.91608265,0.0038285,1.00088374
circles,fixed_amplitude,42,185,0.91186794,0.00229385,1.02020774
circles,fixed_amplitude,42,186,0.9101673,0.08866937,0.9920647
circles,fixed_amplitude,42,187,0.91932558,0.00325141,0.99778605
circles,fixed_amplitude,42,188,0.92351442,0.07844756,1.02783224
circles,fixed_amplitude,42,189,0.9155446,0.01185359,1.01563462
circles,fixed_amplitude,42,190,0.92280232,0.02624379,1.00016259
circles,fixed_amplitude,42,191,0.92247342,0.0151039,1.0355704
circles,fixed_amplitude,42,192,0.91909945,0.09100416,0.99746479
circles,fixed_amplitude,42,193,0.90560369,0.05166098,0.97471461
circles,fixed_amplitude,42,194,0.91405048,0.10095256,1.01100063
circles,fixed_amplitude,42,195,0.90922716,0.00021959,1.00015086
circles,fixed_amplitude,42,196,0.90910233,0.09149938,1.00368461
circles,fixed_amplitude,42,197,0.90941565,0.0918739,1.01718667
circles,fixed_amplitude,42,198,0.92271375,0.07399607,0.99917488
circles,fixed_amplitude,42,199,0.91027417,0.00117512,0.97823406
circles,fixed_amplitude,42,200,0.90914354,0.08601451,1.00961497
circles,fixed_amplitude,42,201,0.90342511,0.01469005,0.99966393
circles,fixed_amplitude,42,202,0.90738249,0.00951773,1.01077418
circles,fixed_amplitude,42,203,0.91767284,0.05338193,1.00757398
circles,fixed_amplitude,42,204,0.915442,0.00116569,0.98499718
circles,fixed_amplitude,42,205,0.9134403,0.00815294,0.97715856
circles,fixed_amplitude,42,206,0.90420553,0.0386214,1.01142004
circles,fixed_amplitude,42,207,0.910149,0.05656059,1.02100741
circles,fixed_amplitude,42,208,0.92753077,0.0238201,1.01729907
circles,fixed_amplitude,42,209,0.92388066,0.04480463,0.98514815
circles,fixed_amplitude,42,210,0.92297908,0.05234118,0.9891143
circles,fixed_amplitude,42,211,0.91180941,0.04020247,1.00711489
circles,fixed_amplitude,42,212,0.91575885,0.015127,0.99411588
circles,fixed_amplitude,42,213,0.9131286,0.02117975,1.00266304
circles,fixed_amplitude,42,214,0.91690566,0.06954604,0.97777367
circles,fixed_amplitude,42,215,0.91418635,0.00908377,0.98432702
circles,fixed_amplitude,42,216,0.91923723,0.03003812,0.9873026
circles,fixed_amplitude,42,217,0.92068966,0.03987925,1.00056912
circles,fixed_amplitude,42,218,0.90835292,0.06747039,1.00352818
circles,fixed_amplitude,42,219,0.92667906,0.11054679,1.02542311
circles,fixed_amplitude,42,220,0.91509612,0.04772518,1.0209359
circles,fixed_amplitude,42,221,0.91797962,0.08942293,1.01421951
circles,fixed_amplitude,42,222,0.90915708,0.00345566,0.97391212
circles,fixed_amplitude,42,223,0.92222848,0.02414657,1.01092431
circles,fixed_amplitude,42,224,0.90918554,0.09108857,0.99067683
circles,fixed_amplitude,42,225,0.91710672,0.00624856,1.00207302
circles,fixed_amplitude,42,226,0.91197834,0.09168654,0.99494429
circles,fixed_amplitude,42,227,0.91084204,0.01831883,0.98867649
circles,fixed_amplitude,42,228,0.9108932,0.03467113,1.00891563
circles,fixed_amplitude,42,229,0.91741976,0.02035976,0.97568116
circles,fixed_amplitude,42,230,0.92767299,0.02272623,0.97611992
circles,fixed_amplitude,42,231,0.91314142,0.0355712,0.97799732
circles,fixed_amplitude,42,232,0.92193889,0.06923076,1.0132874
circles,fixed_amplitude,42,233,0.9123269,0.00903509,1.00171258
circles,fixed_amplitude,42,234,0.91880721,0.02918201,1.00512289
circles,fixed_amplitude,42,235,0.92472382,0.07047213,0.98511257
circles,fixed_amplitude,42,236,0.91923215,0.06606342,1.00323388
circles,fixed_amplitude,42,237,0.91478834,0.01908076,0.98707593
circles,fixed_amplitude,42,238,0.91093455,0.00709116,0.98889072
circles,fixed_amplitude,42,239,0.91781903,0.03318683,1.01957568
circles,fixed_amplitude,42,240,0.90688862,0.07495746,1.00114368
circles,fixed_amplitude,42,241,0.91626663,0.03511097,0.99352508
circles,fixed_amplitude,42,242,0.92304914,0.11227966,0.98552811
circles,fixed_amplitude,42,243,0.91636946,0.02989376,0.99223316
circles,fixed_amplitude,42,244,0.91834625,0.05869573,0.99601241
circles,fixed_amplitude,42,245,0.91891505,0.0045991,0.98670472
circles,fixed_amplitude,42,246,0.91079877,0.02448639,0.998772
circles,fixed_amplitude,42,247,0.91664778,0.02250146,1.00292684
circles,fixed_amplitude,42,248,0.91713457,0.08542044,1.00160718
circles,fixed_amplitude,42,249,0.91311035,0.03467704,0.9938592
circles,fixed_amplitude,42,250,0.92014852,0.06823636,1.01720898
circles,fixed_amplitude,42,251,0.91450467,0.05707859,1.01071207
circles,fixed_amplitude,42,252,0.9056531,0.0441349,1.00448607
circles,fixed_amplitude,42,253,0.91009186,0.02240971,0.99045563
circles,fixed_amplitude,42,254,0.92251601,0.02072746,0.9769704
circles,fixed_amplitude,42,255,0.91684227,0.0711645,1.00955188
circles,fixed_amplitude,42,256,0.9266181,0.06489002,1.0107818
circles,fixed_amplitude,42,257,0.92501276,0.04055673,1.00975974
circles,fixed_amplitude,42,258,0.91651519,0.02915393,0.98020547
circles,fixed_amplitude,42,259,0.92293918,0.00721655,0.98768456
circles,fixed_amplitude,42,260,0.91352308,0.00312584,1.01127892
circles,fixed_amplitude,42,261,0.9281619,0.08255398,0.98651902
circles,fixed_amplitude,42,262,0.91990998,0.03330985,0.99183959
circles,fixed_amplitude,42,263,0.91163272,0.03421612,0.98497137
circles,fixed_amplitude,42,264,0.91964165,0.04811353,0.98935787
circles,fixed_amplitude,42,265,0.92178199,0.0471669,0.9870611
circles,fixed_amplitude,42,266,0.91798155,0.03055326,0.99001918
circles,fixed_amplitude,42,267,0.92004367,0.01923704,0.98114562
circles,fixed_amplitude,42,268,0.9257198,0.02945326,0.99847429
circles,fixed_amplitude,42,269,0.91919005,0.07495546,1.00090847
circles,fixed_amplitude,42,270,0.92223836,0.01823058,0.98349423
circles,fixed_amplitude,42,271,0.92443447,0.03582908,0.9769194
circles,fixed_amplitude,42,272,0.91522712,0.02923837,1.00274713
circles,fixed_amplitude,42,273,0.91355709,0.02103869,0.995474
circles,fixed_amplitude,42,274,0.91269765,0.02642558,0.99370611
circles,fixed_amplitude,42,275,0.92011727,0.0529194,1.01920933
circles,fixed_amplitude,42,276,0.92398076,0.02091552,0.99973345
circles,fixed_amplitude,42,277,0.91579644,0.09644609,0.96963937
circles,fixed_amplitude,42,278,0.91665525,0.02805354,0.99469587
circles,fixed_amplitude,42,279,0.9182748,0.03344798,0.99358333
circles,fixed_amplitude,42,280,0.91545539,0.1191279,1.01732982
circles,fixed_amplitude,42,281,0.90912433,0.05420897,0.99361684
circles,fixed_amplitude,42,282,0.9132082,0.00653693,1.01185852
circles,fixed_amplitude,42,283,0.9156959,0.01793586,1.00039206
circles,fixed_amplitude,42,284,0.92321172,0.05079514,0.96172411
circles,fixed_amplitude,42,285,0.91227095,0.03119842,0.99332298
circles,fixed_amplitude,42,286,0.91214542,0.07824894,0.99401704
circles,fixed_amplitude,42,287,0.92070557,0.00638702,1.0181295
circles,fixed_amplitude,42,288,0.92038019,0.01722505,1.00382427
circles,fixed_amplitude,42,289,0.92727422,0.10553912,0.98136881
circles,fixed_amplitude,42,290,0.91073998,0.06978489,0.98482052
circles,fixed_amplitude,42,291,0.92550162,0.01042254,0.99540818
circles,fixed_amplitude,42,292,0.91854655,0.01827493,1.0098782
circles,fixed_amplitude,42,293,0.90385611,0.00057955,0.98682384
circles,fixed_amplitude,42,294,0.92167991,0.00062975,1.00217262
circles,fixed_amplitude,42,295,0.92397624,0.02048586,0.99352888
circles,fixed_amplitude,42,296,0.92164536,0.10097301,1.00947225
circles,fixed_amplitude,42,297,0.93207583,0.04404663,0.99551466
circles,fixed_amplitude,42,298,0.91650502,0.08691646,0.98672977
circles,fixed_amplitude,42,299,0.91591932,0.01787418,0.9930124
circles,fixed_amplitude,42,300,0.91907077,0.04280047,0.99507155
circles,fixed_amplitude,42,301,0.92559938,0.01841164,0.98573675
circles,fixed_amplitude,42,302,0.91441019,0.01218276,1.00182602
circles,fixed_amplitude,42,303,0.90835914,0.06693535,1.03795944
circles,fixed_amplitude,42,304,0.92182191,0.01596936,0.97771437
circles,fixed_amplitude,42,305,0.91552619,0.06205368,0.99653992
circles,fixed_amplitude,42,306,0.91099878,0.00133046,1.01212751
circles,fixed_amplitude,42,307,0.91121205,0.0810233,0.98590131
circles,fixed_amplitude,42,308,0.91184803,0.04108256,0.98015304
circles,fixed_amplitude,42,309,0.92567759,0.05865093,1.00685387
circles,fixed_amplitude,42,310,0.915868,0.03171677,0.96590069
circles,fixed_amplitude,42,311,0.92359033,0.03648838,0.9967673
circles,fixed_amplitude,42,312,0.91266957,0.00939477,0.98060056
circles,fixed_amplitude,42,313,0.91438957,0.09730017,0.99292597
circles,fixed_amplitude,42,314,0.91815177,0.02499221,1.0031317
circles,fixed_amplitude,42,315,0.92564642,0.0121948,1.00204967
circles,fixed_amplitude,42,316,0.91596349,0.03861724,0.99930525
circles,fixed_amplitude,42,317,0.90821896,0.02207165,1.01543424
circles,fixed_amplitude,42,318,0.92314201,0.05491929,1.00896607
circles,fixed_amplitude,42,319,0.92234027,0.03371832,1.02505974
circles,fixed_amplitude,42,320,0.92015128,0.04844607,1.02129181
circles,fixed_amplitude,42,321,0.91890768,0.03771284,1.03892838
circles,fixed_amplitude,42,322,0.92268266,0.02540866,0.95728082
circles,fixed_amplitude,42,323,0.92791825,0.11515373,1.02150514
circles,fixed_amplitude,42,324,0.91396167,0.07761706,0.99386853
circles,fixed_amplitude,42,325,0.90224717,0.01468075,0.99062225
circles,fixed_amplitude,42,326,0.91494577,0.03280046,0.98118755
circles,fixed_amplitude,42,327,0.91239219,0.06164328,1.02634236
circles,fixed_amplitude,42,328,0.92196969,0.00783794,1.00636167
circles,fixed_amplitude,42,329,0.91812719,0.03564859,1.01723378
circles,fixed_amplitude,42,330,0.91971255,0.069883,1.00321834
circles,fixed_amplitude,42,331,0.92318541,0.00226498,0.99954958
circles,fixed_amplitude,42,332,0.91911909,0.04712552,0.99336597
circles,fixed_amplitude,42,333,0.91281706,0.07129656,0.99087696
circles,fixed_amplitude,42,334,0.90970294,0.0800821,1.00395022
circles,fixed_amplitude,42,335,0.91945586,0.03684482,1.00269918
circles,fixed_amplitude,42,336,0.93078185,0.01992213,1.00458214
circles,fixed_amplitude,42,337,0.92659427,0.09686742,0.98846773
circles,fixed_amplitude,42,338,0.90972112,0.07534751,1.00709377
circles,fixed_amplitude,42,339,0.91922037,0.00024671,1.0227734
circles,fixed_amplitude,42,340,0.91146486,0.06100916,0.99978378
circles,fixed_amplitude,42,341,0.91897008,0.02401428,1.00846674
circles,fixed_amplitude,42,342,0.91731654,0.07318424,0.99500901
circles,fixed_amplitude,42,343,0.91030989,0.09107974,1.03209862
circles,fixed_amplitude,42,344,0.92124703,0.01153447,0.99699064
circles,fixed_amplitude,42,345,0.9244428,0.01126026,1.01664416
circles,fixed_amplitude,42,346,0.91854091,0.08244844,0.97675224
circles,fixed_amplitude,42,347,0.91157572,0.06439852,0.99532662
circles,fixed_amplitude,42,348,0.90758335,0.11646772,0.97562641
circles,fixed_amplitude,42,349,0.91770076,0.00515188,1.00101749
circles,fixed_amplitude,42,350,0.91464939,0.08833514,1.01607497
circles,fixed_amplitude,42,351,0.91242204,0.02635955,1.01464092
circles,fixed_amplitude,42,352,0.90859382,0.06525569,0.98607184
circles,fixed_amplitude,42,353,0.92393083,0.00726995,0.97939219
circles,fixed_amplitude,42,354,0.91639281,0.03170655,1.00277554
circles,fixed_amplitude,42,355,0.90638275,0.07217146,1.00184472
circles,fixed_amplitude,42,356,0.92432989,0.02849409,0.9864981
circles,fixed_amplitude,42,357,0.92346805,0.10924372,0.99344
circles,fixed_amplitude,42,358,0.92259397,0.06318539,1.00306819
circles,fixed_amplitude,42,359,0.90798691,0.00343259,1.03375567
circles,fixed_amplitude,42,360,0.92064408,0.06921484,1.00686966
circles,fixed_amplitude,42,361,0.91788748,0.0076681,1.00442369
circles,fixed_amplitude,42,362,0.91998561,0.00024127,1.00873833
circles,fixed_amplitude,42,363,0.92043181,0.05975059,1.00326483
circles,fixed_amplitude,42,364,0.91642223,0.0722296,0.9953867
circles,fixed_amplitude,42,365,0.91497619,0.00469514,0.97811581
circles,fixed_amplitude,42,366,0.91758086,0.03032658,0.97627223
circles,fixed_amplitude,42,367,0.91254137,0.03760579,1.02465758
circles,fixed_amplitude,42,368,0.91067367,0.03394253,0.99521387
circles,fixed_amplitude,42,369,0.92212346,0.04988316,0.98753992
circles,fixed_amplitude,42,370,0.91212453,0.02134583,0.99848062
circles,fixed_amplitude,42,371,0.91563562,0.02555636,1.00632985
circles,fixed_amplitude,42,372,0.91192256,0.10190471,1.01644463
circles,fixed_amplitude,42,373,0.90171299,0.038169,0.96305879
circles,fixed_amplitude,42,374,0.92664448,0.03744845,0.98928427
circles,fixed_amplitude,42,375,0.91677761,0.03463271,1.01351003
circles,fixed_amplitude,42,376,0.92961731,0.00815009,1.01268883
circles,fixed_amplitude,42,377,0.92130447,0.02184831,0.99873404
circles,fixed_amplitude,42,378,0.91569172,0.00033998,1.01209828
circles,fixed_amplitude,42,379,0.89972824,0.06392642,1.01645989
circles,fixed_amplitude,42,380,0.91391948,0.05435697,0.99102193
circles,fixed_amplitude,42,381,0.91737364,0.01089999,1.02220722
circles,fixed_amplitude,42,382,0.90415204,0.00116371,1.02060584
circles,fixed_amplitude,42,383,0.91182578,0.04435062,0.9882925
circles,fixed_amplitude,42,384,0.91861182,0.06734452,0.97467342
circles,fixed_amplitude,42,385,0.9070833,0.02104751,1.00275572
circles,fixed_amplitude,42,386,0.92081454,0.02604196,0.96278149
circles,fixed_amplitude,42,387,0.91008271,0.00589841,0.99850774
circles,fixed_amplitude,42,388,0.91729542,0.05595802,0.98803153
circles,fixed_amplitude,42,389,0.92002471,0.02622574,1.01529306
circles,fixed_amplitude,42,390,0.91446317,0.01019821,1.01557078
circles,fixed_amplitude,42,391,0.91453378,0.05490558,0.99068229
circles,fixed_amplitude,42,392,0.92007059,0.00486662,0.98270287
circles,fixed_amplitude,42,393,0.93028418,0.02940162,1.02601147
circles,fixed_amplitude,42,394,0.91154549,0.0376994,1.02320462
circles,fixed_amplitude,42,395,0.91623671,0.02725603,1.0112121
circles,fixed_amplitude,42,396,0.91814392,0.04919259,1.00879837
circles,fixed_amplitude,42,397,0.91201127,0.0234072,0.98754173
circles,fixed_amplitude,42,398,0.91471109,0.01614087,1.01796444
circles,fixed_amplitude,42,399,0.91197373,0.07016181,0.98994365
circles,fixed_amplitude,42,400,0.92318865,0.04416447,0.99651654
circles,fixed_amplitude,42,401,0.91408718,0.01258903,1.02193306
circles,fixed_amplitude,42,402,0.9220325,0.0542179,0.97692943
circles,fixed_amplitude,42,403,0.91486145,0.02679442,1.01258219
circles,fixed_amplitude,42,404,0.9011683,0.02326513,0.98630104
circles,fixed_amplitude,42,405,0.91893024,0.06938081,1.01789324
circles,fixed_amplitude,42,406,0.9128955,0.12598651,0.96600116
circles,fixed_amplitude,42,407,0.92933579,0.03264497,0.98200847
circles,fixed_amplitude,42,408,0.9124695,0.03582682,1.00927294
circles,fixed_amplitude,42,409,0.91720105,0.01339259,1.01071126
circles,fixed_amplitude,42,410,0.91392391,0.04654741,1.01604193
circles,fixed_amplitude,42,411,0.91152956,0.03530176,0.97715689
circles,fixed_amplitude,42,412,0.9166289,0.04350051,1.01164002
circles,fixed_amplitude,42,413,0.92474974,0.02363244,0.99363721
circles,fixed_amplitude,42,414,0.91487309,0.09747372,1.00876637
circles,fixed_amplitude,42,415,0.92272532,0.07661708,1.03759355
circles,fixed_amplitude,42,416,0.91246352,0.03142078,1.01860935
circles,fixed_amplitude,42,417,0.90957448,0.00370296,1.01325892
circles,fixed_amplitude,42,418,0.91977696,0.10722246,0.99719157
circles,fixed_amplitude,42,419,0.91417331,0.0208792,0.99880147
circles,fixed_amplitude,42,420,0.90772696,0.00816116,0.99848988
circles,fixed_amplitude,42,421,0.92055259,0.00870475,0.9908376
circles,fixed_amplitude,42,422,0.9147047,0.03136165,0.99984365
circles,fixed_amplitude,42,423,0.9221268,0.0685528,1.01268233
circles,fixed_amplitude,42,424,0.91886353,0.02584122,0.98559062
circles,fixed_amplitude,42,425,0.91815336,0.10195313,0.99473702
circles,fixed_amplitude,42,426,0.93412132,0.03245461,1.00154537
circles,fixed_amplitude,42,427,0.91983776,0.00676439,0.98362516
circles,fixed_amplitude,42,428,0.93411957,0.01125047,0.99497367
circles,fixed_amplitude,42,429,0.91174826,0.10645699,1.00918973
circles,fixed_amplitude,42,430,0.91546923,0.00016764,1.01118866
circles,fixed_amplitude,42,431,0.90760336,0.03610531,1.02044611
circles,fixed_amplitude,42,432,0.91105893,0.00343292,1.00525498
circles,fixed_amplitude,42,433,0.91809364,0.03998778,1.00724877
circles,fixed_amplitude,42,434,0.91774086,0.07113407,1.00195978
circles,fixed_amplitude,42,435,0.92050296,0.02779789,0.98331091
circles,fixed_amplitude,42,436,0.91118739,0.01431191,0.99374307
circles,fixed_amplitude,42,437,0.91144493,0.05289449,0.98850952
circles,fixed_amplitude,42,438,0.91343796,0.05409021,1.01173109
circles,fixed_amplitude,42,439,0.91986414,0.00873655,1.00948496
circles,fixed_amplitude,42,440,0.91021019,0.00709216,1.00989308
circles,fixed_amplitude,42,441,0.92483273,0.01532657,0.97889099
circles,fixed_amplitude,42,442,0.9220187,0.04185034,0.99993846
circles,fixed_amplitude,42,443,0.91418042,0.028203,1.00657584
circles,fixed_amplitude,42,444,0.91793684,0.00771556,0.98375436
circles,fixed_amplitude,42,445,0.9226581,0.01623566,1.00323551
circles,fixed_amplitude,42,446,0.92176411,0.05892431,1.02423872
circles,fixed_amplitude,42,447,0.91660508,0.05690588,1.00076738
circles,fixed_amplitude,42,448,0.91368181,0.02139995,0.99838174
circles,fixed_amplitude,42,449,0.9164295,0.05774056,1.00483389
circles,fixed_amplitude,42,450,0.92237029,0.08603252,0.97660124
circles,fixed_amplitude,42,451,0.9125095,0.02657305,1.00014389
circles,fixed_amplitude,42,452,0.90607181,0.00540906,0.99885195
circles,fixed_amplitude,42,453,0.91418011,0.01183389,0.98256557
circles,fixed_amplitude,42,454,0.91825699,0.05528337,1.00481708
circles,fixed_amplitude,42,455,0.9052246,0.08551488,0.99986564
circles,fixed_amplitude,42,456,0.90819729,0.01277166,0.98381744
circles,fixed_amplitude,42,457,0.9119693,0.00817109,1.01190927
circles,fixed_amplitude,42,458,0.92784717,0.04220656,1.00294304
circles,fixed_amplitude,42,459,0.92212622,0.07857235,0.99739858
circles,fixed_amplitude,42,460,0.91554548,0.03564649,1.01169352
circles,fixed_amplitude,42,461,0.90604985,0.0924065,0.98929368
circles,fixed_amplitude,42,462,0.91488596,0.01861255,1.00242707
circles,fixed_amplitude,42,463,0.92988413,0.03603536,1.01640773
circles,fixed_amplitude,42,464,0.9201128,0.07301063,1.00875318
circles,fixed_amplitude,42,465,0.92500827,0.08761463,0.99051683
circles,fixed_amplitude,42,466,0.90988026,0.01890935,0.97090339
circles,fixed_amplitude,42,467,0.90822218,0.01560971,1.0002768
circles,fixed_amplitude,42,468,0.91843044,0.04429088,1.01079038
circles,fixed_amplitude,42,469,0.90864053,0.00428272,0.98454278
circles,fixed_amplitude,42,470,0.9125763,0.00783346,1.0155818
circles,fixed_amplitude,42,471,0.91907842,0.06012854,1.00727284
circles,fixed_amplitude,42,472,0.9226107,0.0256154,1.00941438
circles,fixed_amplitude,42,473,0.91783695,0.04376205,0.99630503
circles,fixed_amplitude,42,474,0.91499294,0.04672942,1.02560661
circles,fixed_amplitude,42,475,0.91236086,0.07279971,1.02670785
circles,fixed_amplitude,42,476,0.91208722,0.02763546,1.02295098
circles,fixed_amplitude,42,477,0.91496272,0.0286879,1.00975412
circles,fixed_amplitude,42,478,0.92820475,0.05754123,0.98501823
circles,fixed_amplitude,42,479,0.91223742,0.05398431,0.96542437
circles,fixed_amplitude,42,480,0.91611206,0.03003413,0.99487018
circles,fixed_amplitude,42,481,0.91600008,0.06633684,0.98973352
circles,fixed_amplitude,42,482,0.92585721,0.0053213,1.00818713
circles,fixed_amplitude,42,483,0.91035963,0.11432122,1.00557875
circles,fixed_amplitude,42,484,0.91824704,0.0424019,0.98495824
circles,fixed_amplitude,42,485,0.9260467,0.06161635,0.99761499
circles,fixed_amplitude,42,486,0.91462182,0.0375599,1.01631802
circles,fixed_amplitude,42,487,0.92326348,0.01251612,0.96361943
circles,fixed_amplitude,42,488,0.91889464,0.00783412,0.99064549
circles,fixed_amplitude,42,489,0.91504503,0.0192325,0.98271759
circles,fixed_amplitude,42,490,0.91434618,0.03040039,1.00815018
circles,fixed_amplitude,42,491,0.92230993,0.09310891,1.01832177
circles,fixed_amplitude,42,492,0.92877026,0.04728566,1.02302562
circles,fixed_amplitude,42,493,0.90899074,0.01548919,1.01633265
circles,fixed_amplitude,42,494,0.91355489,0.06819176,0.98675407
circles,fixed_amplitude,42,495,0.91308594,0.05074025,1.01421669
circles,fixed_amplitude,42,496,0.92092834,0.01850615,1.0234628
circles,fixed_amplitude,42,497,0.92230304,0.00146639,0.99472454
circles,fixed_amplitude,42,498,0.91286267,0.09969753,0.99971264
circles,fixed_amplitude,42,499,0.91745584,0.10423175,1.01255128
circles,fixed_amplitude,42,500,0.91997787,0.06834038,0.9863567
circles,fixed_amplitude,42,501,0.92264757,0.07477288,0.99102231
circles,fixed_amplitude,42,502,0.9134131,0.07732145,1.00914043
circles,fixed_amplitude,42,503,0.90694258,0.00697599,0.98231191
circles,fixed_amplitude,42,504,0.92130847,0.06966513,0.98807768
circles,fixed_amplitude,42,505,0.91345322,0.01242874,1.00668769
circles,fixed_amplitude,42,506,0.9240729,0.02246388,0.9915592
circles,fixed_amplitude,42,507,0.92223346,0.01395688,1.00066553
circles,fixed_amplitude,42,508,0.92433478,0.04321361,0.99919106
circles,fixed_amplitude,42,509,0.91144978,0.01620107,0.99474002
circles,fixed_amplitude,42,510,0.9208472,0.0702111,0.9963574
circles,fixed_amplitude,42,511,0.91461032,0.03614741,0.98242661
circles,fixed_amplitude,42,512,0.90456096,0.00125695,0.99161958
circles,fixed_amplitude,42,513,0.92286817,0.00528783,1.01511029
circles,fixed_amplitude,42,514,0.91024249,0.07390895,0.97986726
circles,fixed_amplitude,42,515,0.91750134,0.01525381,1.02869546
circles,fixed_amplitude,42,516,0.91791311,0.03256814,0.97368075
circles,fixed_amplitude,42,517,0.92480413,0.06580318,1.00818134
circles,fixed_amplitude,42,518,0.90998858,0.05366894,0.97550533
circles,fixed_amplitude,42,519,0.92693109,0.04207438,0.97690288
circles,fixed_amplitude,42,520,0.92315533,0.04825677,1.01789118
circles,fixed_amplitude,42,521,0.91825181,0.02409447,1.01925953
circles,fixed_amplitude,42,522,0.90228664,0.06530344,0.99545117
circles,fixed_amplitude,42,523,0.91841268,0.02921909,0.97385905
circles,fixed_amplitude,42,524,0.91790972,0.06043027,1.0050583
circles,fixed_amplitude,42,525,0.93052006,0.0636132,1.01510825
circles,fixed_amplitude,42,526,0.90878025,0.0718862,1.02270389
circles,fixed_amplitude,42,527,0.91646361,0.01266247,0.98662932
circles,fixed_amplitude,42,528,0.91886855,0.00844236,0.97001429
circles,fixed_amplitude,42,529,0.93588828,0.07964793,1.00783322
circles,fixed_amplitude,42,530,0.91470675,0.06428631,0.99708885
circles,fixed_amplitude,42,531,0.91677191,0.00434521,0.99059563
circles,fixed_amplitude,42,532,0.90899872,0.02934724,0.99035346
circles,fixed_amplitude,42,533,0.91578302,0.08950367,0.99426598
circles,fixed_amplitude,42,534,0.91224364,0.00500391,1.01715011
circles,fixed_amplitude,42,535,0.92560348,0.00507504,0.968027
circles,fixed_amplitude,42,536,0.91298018,0.04810044,1.01517539
circles,fixed_amplitude,42,537,0.9184461,0.02488852,1.0099295
circles,fixed_amplitude,42,538,0.91387625,0.00535855,1.04174848
circles,fixed_amplitude,42,539,0.90472084,0.06535132,0.98228881
circles,fixed_amplitude,42,540,0.9254543,0.06500489,0.99690731
circles,fixed_amplitude,42,541,0.90638757,0.06777042,1.01053216
circles,fixed_amplitude,42,542,0.92148056,0.08768705,0.99109624
circles,fixed_amplitude,42,543,0.91438215,0.03036549,0.99415826
circles,fixed_amplitude,42,544,0.91208916,0.0044594,1.00259367
circles,fixed_amplitude,42,545,0.91189451,0.05991085,1.01586364
circles,fixed_amplitude,42,546,0.91739875,0.03566736,0.98013676
circles,fixed_amplitude,42,547,0.91009041,0.00326032,1.00535193
circles,fixed_amplitude,42,548,0.90817764,0.10504331,0.97393697
circles,fixed_amplitude,42,549,0.91114792,0.09652995,1.00546211
circles,fixed_amplitude,42,550,0.92383472,0.020001,0.979852
circles,fixed_amplitude,42,551,0.91847892,0.05800371,0.99021702
circles,fixed_amplitude,42,552,0.91338457,0.06780306,0.97730336
circles,fixed_amplitude,42,553,0.9118465,0.06481452,0.9993437
circles,fixed_amplitude,42,554,0.92463781,0.02596384,1.01266458
circles,fixed_amplitude,42,555,0.92251237,0.0449528,1.01337088
circles,fixed_amplitude,42,556,0.91983706,0.07086137,0.99430657
circles,fixed_amplitude,42,557,0.91638984,0.02640709,0.99787585
circles,fixed_amplitude,42,558,0.92106058,0.07426972,0.99930852
circles,fixed_amplitude,42,559,0.92032003,0.00775799,0.9911437
circles,fixed_amplitude,42,560,0.9170364,0.04053977,1.02200333
circles,fixed_amplitude,42,561,0.91848013,0.04561508,1.01497766
circles,fixed_amplitude,42,562,0.90651849,0.01588672,1.0214669
circles,fixed_amplitude,42,563,0.9138373,0.06380981,1.01222766
circles,fixed_amplitude,42,564,0.91880395,0.04393647,0.98606761
circles,fixed_amplitude,42,565,0.91310141,0.02855864,0.99520621
circles,fixed_amplitude,42,566,0.91884724,0.04560853,0.99971164
circles,fixed_amplitude,42,567,0.91453565,0.03319235,1.00290102
circles,fixed_amplitude,42,568,0.91703459,0.03747418,0.98016863
circles,fixed_amplitude,42,569,0.92561129,0.029985,0.99098546
circles,fixed_amplitude,42,570,0.9099987,0.03008401,1.00619098
circles,fixed_amplitude,42,571,0.90957609,0.02902723,1.01621838
circles,fixed_amplitude,42,572,0.91270646,0.04418294,1.00526432
circles,fixed_amplitude,42,573,0.91512856,0.04428005,0.9882883
circles,fixed_amplitude,42,574,0.92764164,0.03518839,0.98292032
circles,fixed_amplitude,42,575,0.91330748,0.07644162,1.01006695
circles,fixed_amplitude,42,576,0.91984533,0.05100815,0.99903715
circles,fixed_amplitude,42,577,0.92535131,0.00502751,0.98992873
circles,fixed_amplitude,42,578,0.9184716,0.05271963,1.01058035
circles,fixed_amplitude,42,579,0.92262115,0.08722682,0.99467101
circles,fixed_amplitude,42,580,0.9194478,0.06714952,1.01381697
circles,fixed_amplitude,42,581,0.91867743,0.0208256,0.99749181
circles,fixed_amplitude,42,582,0.91812963,0.06445096,1.01997017
circles,fixed_amplitude,42,583,0.92287069,0.01820171,0.9770512
circles,fixed_amplitude,42,584,0.91417943,0.01038125,1.02188748
circles,fixed_amplitude,42,585,0.9107674,0.0294656,0.99919066
circles,fixed_amplitude,42,586,0.92126931,0.07336472,1.00610279
circles,fixed_amplitude,42,587,0.92692523,0.01223938,1.0162384
circles,fixed_amplitude,42,588,0.91868601,0.07957426,1.03325151
circles,fixed_amplitude,42,589,0.90701925,0.06497883,0.97473506
circles,fixed_amplitude,42,590,0.91563792,0.09467127,0.96933039
circles,fixed_amplitude,42,591,0.9249153,0.02671782,1.0152921
circles,fixed_amplitude,42,592,0.92159061,0.05392486,0.99616877
circles,fixed_amplitude,42,593,0.91903915,0.01509149,1.0055423
circles,fixed_amplitude,42,594,0.91637891,0.07388618,1.00582891
circles,fixed_amplitude,42,595,0.91989147,0.01042054,1.04214994
circles,fixed_amplitude,42,596,0.91378976,0.03292673,0.98604503
circles,fixed_amplitude,42,597,0.91438242,0.02762344,0.99686643
circles,fixed_amplitude,42,598,0.91592553,0.04641495,1.00625424
circles,fixed_amplitude,42,599,0.91772191,0.13325398,0.99733699
circles,fixed_amplitude,42,600,0.9176861,0.04405378,1.00325235
circles,fixed_amplitude,42,601,0.91591122,0.08637958,1.00725584
circles,fixed_amplitude,42,602,0.91848445,0.04186028,0.98608522
circles,fixed_amplitude,42,603,0.91700247,0.0571859,1.02864696
circles,fixed_amplitude,42,604,0.91992034,0.04205464,1.00368025
circles,fixed_amplitude,42,605,0.91345905,0.0526087,0.98652327
circles,fixed_amplitude,42,606,0.90941669,0.00444146,0.98325077
circles,fixed_amplitude,42,607,0.91793377,0.06914599,1.01612263
circles,fixed_amplitude,42,608,0.91231288,0.05878983,0.98566249
circles,fixed_amplitude,42,609,0.93004385,0.07031612,0.99682742
circles,fixed_amplitude,42,610,0.91000195,0.02245708,0.97763082
circles,fixed_amplitude,42,611,0.91436109,0.05546689,0.98968902
circles,fixed_amplitude,42,612,0.92395741,0.0117979,0.98580087
circles,fixed_amplitude,42,613,0.92233131,0.06493798,1.02710627
circles,fixed_amplitude,42,614,0.92106697,0.04848277,1.01854075
circles,fixed_amplitude,42,615,0.9142599,0.09027738,0.96256565
circles,fixed_amplitude,42,616,0.91520689,0.03186511,1.00072332
circles,fixed_amplitude,42,617,0.91138841,0.00337183,1.00968925
circles,fixed_amplitude,42,618,0.91604365,0.12023015,0.989793
circles,fixed_amplitude,42,619,0.91071631,0.022978,0.98040234
circles,fixed_amplitude,42,620,0.91307135,0.05251171,0.9915846
circles,fixed_amplitude,42,621,0.9143346,0.04124643,0.97982064
circles,fixed_amplitude,42,622,0.91459966,0.04097916,0.99898747
circles,fixed_amplitude,42,623,0.90972951,0.07382852,1.00918763
circles,fixed_amplitude,42,624,0.90461456,0.02215344,1.00620398
circles,fixed_amplitude,42,625,0.91395547,0.06214931,1.01197389
circles,fixed_amplitude,42,626,0.92906196,0.01705513,0.98073994
circles,fixed_amplitude,42,627,0.91986399,0.00791169,1.00591361
circles,fixed_amplitude,42,628,0.91532808,0.00237956,1.00278924
circles,fixed_amplitude,42,629,0.91482619,0.08213772,1.02331397
circles,fixed_amplitude,42,630,0.90685557,0.03093497,0.99143934
circles,fixed_amplitude,42,631,0.91747725,0.00320384,1.00165859
circles,fixed_amplitude,42,632,0.91093198,0.0007721,1.0066768
circles,fixed_amplitude,42,633,0.92318622,0.05396169,1.03409526
circles,fixed_amplitude,42,634,0.90396058,0.04955525,0.97262236
circles,fixed_amplitude,42,635,0.91860774,0.07993312,0.99171139
circles,fixed_amplitude,42,636,0.91730005,0.08051899,1.01633479
circles,fixed_amplitude,42,637,0.91488015,0.16054744,1.00956903
circles,fixed_amplitude,42,638,0.91901118,0.05003493,1.01601116
circles,fixed_amplitude,42,639,0.91651144,0.00568391,0.98850967
circles,fixed_amplitude,42,640,0.91972596,0.01569703,1.00689507
circles,fixed_amplitude,42,641,0.92045118,0.06028218,0.99890266
circles,fixed_amplitude,42,642,0.90328577,0.00353332,1.00053477
circles,fixed_amplitude,42,643,0.91394642,0.0213921,1.02830633
circles,fixed_amplitude,42,644,0.92135886,0.04603012,0.99970778
circles,fixed_amplitude,42,645,0.91117962,0.00420034,1.01467342
circles,fixed_amplitude,42,646,0.91242194,0.01476377,1.00672298
circles,fixed_amplitude,42,647,0.92189357,0.00534301,1.00883902
circles,fixed_amplitude,42,648,0.91694348,0.0007069,1.01680525
circles,fixed_amplitude,42,649,0.91757834,0.0433086,0.98483937
circles,fixed_amplitude,42,650,0.92098088,0.08813727,0.95950605
circles,fixed_amplitude,42,651,0.93133264,0.01016822,1.01175242
circles,fixed_amplitude,42,652,0.92524337,0.03569416,1.01721373
circles,fixed_amplitude,42,653,0.90971243,0.00457971,0.9645592
circles,fixed_amplitude,42,654,0.91363366,0.08689094,1.00240798
circles,fixed_amplitude,42,655,0.91317243,0.08863937,1.00903573
circles,fixed_amplitude,42,656,0.91572465,0.01980009,0.98714377
circles,fixed_amplitude,42,657,0.9190579,0.02573738,1.0106777
circles,fixed_amplitude,42,658,0.92098239,0.02879893,1.03070591
circles,fixed_amplitude,42,659,0.90975209,0.04555643,0.97971434
circles,fixed_amplitude,42,660,0.92210555,0.01714078,1.00447766
circles,fixed_amplitude,42,661,0.91617524,0.10964295,0.9900248
circles,fixed_amplitude,42,662,0.91355224,0.05256508,1.00346733
circles,fixed_amplitude,42,663,0.92194517,0.03446398,1.01171892
circles,fixed_amplitude,42,664,0.91122173,0.09774422,1.00260356
circles,fixed_amplitude,42,665,0.91375475,0.11756384,1.01115627
circles,fixed_amplitude,42,666,0.92138365,0.05694376,1.01588546
circles,fixed_amplitude,42,667,0.91026665,0.06283767,0.98600161
circles,fixed_amplitude,42,668,0.91735283,0.01665724,0.98308712
circles,fixed_amplitude,42,669,0.91475511,0.02251419,1.00893191
circles,fixed_amplitude,42,670,0.91622022,0.08061641,0.99231955
circles,fixed_amplitude,42,671,0.91753954,0.00037771,0.99313482
circles,fixed_amplitude,42,672,0.91602725,0.00174772,1.02075311
circles,fixed_amplitude,42,673,0.91228599,0.03362938,0.99664998
circles,fixed_amplitude,42,674,0.91764185,0.043625,1.01029341
circles,fixed_amplitude,42,675,0.91172123,0.04554639,1.02060796
circles,fixed_amplitude,42,676,0.91514781,0.01979269,0.9797188
circles,fixed_amplitude,42,677,0.9115278,0.00449233,0.98559292
circles,fixed_amplitude,42,678,0.91248618,0.00235624,1.00967363
circles,fixed_amplitude,42,679,0.91678565,0.06466947,1.0111957
circles,fixed_amplitude,42,680,0.9216294,0.0330461,1.00475714
circles,fixed_amplitude,42,681,0.91325369,0.07284626,1.00850137
circles,fixed_amplitude,42,682,0.91645175,0.06034923,0.99155973
circles,fixed_amplitude,42,683,0.92766329,0.10501851,0.99589211
circles,fixed_amplitude,42,684,0.91711005,0.09379233,1.00313728
circles,fixed_amplitude,42,685,0.90461834,0.00436073,1.00073492
circles,fixed_amplitude,42,686,0.90626137,0.0104175,0.9864977
circles,fixed_amplitude,42,687,0.92425766,0.02902733,1.01031427
circles,fixed_amplitude,42,688,0.9097045,0.03155862,0.99470815
circles,fixed_amplitude,42,689,0.91555036,0.00634027,1.01990395
circles,fixed_amplitude,42,690,0.92196721,0.05710265,1.00754891
circles,fixed_amplitude,42,691,0.91165512,0.02685354,0.97944716
circles,fixed_amplitude,42,692,0.92004119,0.05800038,0.9783165
circles,fixed_amplitude,42,693,0.91131525,0.0278258,1.0016377
circles,fixed_amplitude,42,694,0.92510956,0.00699729,1.00661314
circles,fixed_amplitude,42,695,0.91934937,0.01561665,0.99867119
circles,fixed_amplitude,42,696,0.92334406,0.01699,0.98902668
circles,fixed_amplitude,42,697,0.90688984,0.03435339,1.00658049
circles,fixed_amplitude,42,698,0.92204163,0.12207889,1.0006046
circles,fixed_amplitude,42,699,0.92640552,0.04519849,0.99829143
circles,fixed_amplitude,42,700,0.91733153,0.04803909,0.99980509
circles,fixed_amplitude,42,701,0.91390579,0.0541838,0.98351263
circles,fixed_amplitude,42,702,0.92220917,0.06006338,0.99211453
circles,fixed_amplitude,42,703,0.91886772,0.02723335,1.01367834
circles,fixed_amplitude,42,704,0.91439031,0.05805436,0.98397638
circles,fixed_amplitude,42,705,0.91634906,0.0193683,1.00044181
circles,fixed_amplitude,42,706,0.92063961,0.08156463,0.98469025
circles,fixed_amplitude,42,707,0.92599945,0.02335856,0.96630424
circles,fixed_amplitude,42,708,0.92326787,0.00343764,1.01390891
circles,fixed_amplitude,42,709,0.9202962,0.00262528,1.01681983
circles,fixed_amplitude,42,710,0.91697096,0.06565099,0.98425026
circles,fixed_amplitude,42,711,0.90957684,0.06917028,1.03642915
circles,fixed_amplitude,42,712,0.91042829,0.12239791,0.99983823
circles,fixed_amplitude,42,713,0.90748434,0.0746656,1.01467762
circles,fixed_amplitude,42,714,0.92344512,0.07251437,0.985203
circles,fixed_amplitude,42,715,0.92962261,0.12274157,0.99454446
circles,fixed_amplitude,42,716,0.91582257,0.03565682,0.99868985
circles,fixed_amplitude,42,717,0.90704648,0.03347975,1.01570827
circles,fixed_amplitude,42,718,0.92217221,0.01149206,1.01429532
circles,fixed_amplitude,42,719,0.91888424,0.01823663,1.00333282
circles,fixed_amplitude,42,720,0.92445737,0.01613706,1.01943795
circles,fixed_amplitude,42,721,0.91089782,0.05394237,1.05014357
circles,fixed_amplitude,42,722,0.90394995,0.05135465,0.99378445
circles,fixed_amplitude,42,723,0.91113828,0.04511239,1.01531154
circles,fixed_amplitude,42,724,0.91585012,0.04519096,0.96118554
circles,fixed_amplitude,42,725,0.92120613,0.05163525,1.01149171
circles,fixed_amplitude,42,726,0.92045852,0.04313922,1.013318
circles,fixed_amplitude,42,727,0.91062355,0.00545808,0.99247277
circles,fixed_amplitude,42,728,0.91278922,0.0378737,1.01236271
circles,fixed_amplitude,42,729,0.9082797,0.02223921,1.01220753
circles,fixed_amplitude,42,730,0.92599964,0.00935738,1.01519258
circles,fixed_amplitude,42,731,0.9368062,0.0217602,0.99377038
circles,fixed_amplitude,42,732,0.91585733,0.00478262,1.01453504
circles,fixed_amplitude,42,733,0.92147681,0.02164136,1.00383955
circles,fixed_amplitude,42,734,0.91375915,0.05591482,0.9963905
circles,fixed_amplitude,42,735,0.92304256,0.10095857,0.99350417
circles,fixed_amplitude,42,736,0.92416661,0.01217171,1.02116731
circles,fixed_amplitude,42,737,0.91683218,0.00807943,1.00520977
circles,fixed_amplitude,42,738,0.9161935,0.04907418,0.99266886
circles,fixed_amplitude,42,739,0.90908674,0.07213397,0.99590819
circles,fixed_amplitude,42,740,0.90838178,0.12587383,0.99410108
circles,fixed_amplitude,42,741,0.91752258,0.00650591,0.99170979
circles,fixed_amplitude,42,742,0.9240077,0.03389647,0.99608574
circles,fixed_amplitude,42,743,0.91299331,0.03767145,1.01101341
circles,fixed_amplitude,42,744,0.91440305,0.04919342,1.0003944
circles,fixed_amplitude,42,745,0.91907545,0.00977381,1.01578803
circles,fixed_amplitude,42,746,0.91039609,0.04818622,1.01233594
circles,fixed_amplitude,42,747,0.91018342,0.11808832,0.99828139
circles,fixed_amplitude,42,748,0.91370602,0.02882101,1.01532493
circles,fixed_amplitude,42,749,0.92730227,0.02910014,1.00653886
circles,fixed_amplitude,42,750,0.91738301,0.02157093,0.98372847
circles,fixed_amplitude,42,751,0.91995253,0.05900667,0.9954564
circles,fixed_amplitude,42,752,0.91355704,0.03802452,0.9892661
circles,fixed_amplitude,42,753,0.91201363,0.03265989,0.97872563
circles,fixed_amplitude,42,754,0.91105912,0.02831069,1.017019
circles,fixed_amplitude,42,755,0.91140018,0.06535562,1.00948927
circles,fixed_amplitude,42,756,0.91070323,0.07355625,1.00398255
circles,fixed_amplitude,42,757,0.92293422,0.05140857,1.02520744
circles,fixed_amplitude,42,758,0.91177161,0.00976082,0.97437435
circles,fixed_amplitude,42,759,0.92478123,0.07927112,1.0226694
circles,fixed_amplitude,42,760,0.91775829,0.06842883,0.99426857
circles,fixed_amplitude,42,761,0.9091513,0.02880472,0.99007795
circles,fixed_amplitude,42,762,0.91877988,0.05269038,1.01807666
circles,fixed_amplitude,42,763,0.9142482,0.09019107,1.02762955
circles,fixed_amplitude,42,764,0.91965826,0.03384919,0.96981273
circles,fixed_amplitude,42,765,0.90866291,0.08889158,0.99628862
circles,fixed_amplitude,42,766,0.92145577,0.02566664,1.00744467
circles,fixed_amplitude,42,767,0.9133267,0.00871891,1.00185227
circles,fixed_amplitude,42,768,0.92586416,0.08223494,0.97672918
circles,fixed_amplitude,42,769,0.92534083,0.05463809,1.00706451
circles,fixed_amplitude,42,770,0.91998108,0.04075505,0.97388181
circles,fixed_amplitude,42,771,0.91185543,0.04633028,0.98703789
circles,fixed_amplitude,42,772,0.91444621,0.01140756,1.00936052
circles,fixed_amplitude,42,773,0.91771989,0.06964487,1.00015887
circles,fixed_amplitude,42,774,0.91657105,0.08767441,1.01056159
circles,fixed_amplitude,42,775,0.92774357,0.01812959,0.99474501
circles,fixed_amplitude,42,776,0.92293325,0.10831072,0.97292985
circles,fixed_amplitude,42,777,0.91378979,0.06003603,0.99704984
circles,fixed_amplitude,42,778,0.91290705,0.05730795,0.99615199
circles,fixed_amplitude,42,779,0.91445736,0.02372668,1.025313
circles,fixed_amplitude,42,780,0.91992723,0.02751377,1.01687441
circles,fixed_amplitude,42,781,0.91552862,0.00305692,1.00605806
circles,fixed_amplitude,42,782,0.90999392,0.04697351,1.00399197
circles,fixed_amplitude,42,783,0.91071137,0.00271092,0.99381608
circles,fixed_amplitude,42,784,0.91377916,0.06995842,0.99069591
circles,fixed_amplitude,42,785,0.90925607,0.00538343,0.97919014
circles,fixed_amplitude,42,786,0.91352536,0.09965608,1.01751394
circles,fixed_amplitude,42,787,0.91192401,0.00331127,1.03302629
circles,fixed_amplitude,42,788,0.9064608,0.02085817,0.98236367
circles,fixed_amplitude,42,789,0.92037899,0.09353298,1.0263941
circles,fixed_amplitude,42,790,0.91724351,0.08246067,1.02532176
circles,fixed_amplitude,42,791,0.90620655,0.01089816,1.00512084
circles,fixed_amplitude,42,792,0.9121349,0.0303558,1.01015755
circles,fixed_amplitude,42,793,0.92886312,0.05007503,1.00182479
circles,fixed_amplitude,42,794,0.91705106,0.08710845,0.98144262
circles,fixed_amplitude,42,795,0.91654486,0.02997301,0.9774389
circles,fixed_amplitude,42,796,0.92575945,0.00889586,1.01020947
circles,fixed_amplitude,42,797,0.91089612,0.01270452,1.01517173
circles,fixed_amplitude,42,798,0.91782742,0.06619799,0.99413727
circles,fixed_amplitude,42,799,0.92000212,0.05123916,0.98236375
circles,fixed_amplitude,42,800,0.92456404,0.05369338,0.98307816
circles,fixed_amplitude,42,801,0.91133039,0.05319588,0.99546971
circles,fixed_amplitude,42,802,0.90420148,0.03396489,1.00460474
circles,fixed_amplitude,42,803,0.91508691,0.00091804,0.97193123
circles,fixed_amplitude,42,804,0.92438697,0.05448507,1.01532338
circles,fixed_amplitude,42,805,0.92162802,0.06251181,1.0266543
circles,fixed_amplitude,42,806,0.9212231,0.00716126,0.9875224
circles,fixed_amplitude,42,807,0.92471451,0.03411659,0.96819136
circles,fixed_amplitude,42,808,0.92258367,0.00987747,0.97575744
circles,fixed_amplitude,42,809,0.91349091,0.03849707,1.0131401
circles,fixed_amplitude,42,810,0.91301,0.08170063,0.98140809
circles,fixed_amplitude,42,811,0.91437113,0.04590834,0.97086513
circles,fixed_amplitude,42,812,0.92234859,0.06548714,0.98589467
circles,fixed_amplitude,42,813,0.92197468,0.02070645,0.99968126
circles,fixed_amplitude,42,814,0.92769307,0.03495422,1.00198916
circles,fixed_amplitude,42,815,0.91786778,0.06046337,1.00160554
circles,fixed_amplitude,42,816,0.91711452,0.06593724,0.98008189
circles,fixed_amplitude,42,817,0.92018706,0.0529649,1.00787915
circles,fixed_amplitude,42,818,0.9238998,0.02652202,1.00913837
circles,fixed_amplitude,42,819,0.91366594,0.01279375,1.00529271
circles,fixed_amplitude,42,820,0.90928769,0.04439557,1.01905656
circles,fixed_amplitude,42,821,0.9103377,0.01404519,0.99999688
circles,fixed_amplitude,42,822,0.92137015,0.02006419,0.9709787
circles,fixed_amplitude,42,823,0.91611783,0.06398556,1.00637257
circles,fixed_amplitude,42,824,0.92067181,0.06914649,1.00843324
circles,fixed_amplitude,42,825,0.91850259,0.08959958,0.98837928
circles,fixed_amplitude,42,826,0.92024032,0.00694984,1.0081714
circles,fixed_amplitude,42,827,0.90593402,0.01147492,1.00930346
circles,fixed_amplitude,42,828,0.92782526,0.04315434,1.00565908
circles,fixed_amplitude,42,829,0.92128548,0.03672953,0.99066616
circles,fixed_amplitude,42,830,0.91547381,0.02087236,0.99350282
circles,fixed_amplitude,42,831,0.92152142,0.01114097,0.96615571
circles,fixed_amplitude,42,832,0.91687385,0.07435138,0.97133026
circles,fixed_amplitude,42,833,0.92454308,0.06343901,0.99395068
circles,fixed_amplitude,42,834,0.90938562,0.02277956,0.98824626
circles,fixed_amplitude,42,835,0.90977899,0.07359971,0.98781977
circles,fixed_amplitude,42,836,0.91904782,0.01915134,0.99958659
circles,fixed_amplitude,42,837,0.92431987,0.01832498,1.02485801
circles,fixed_amplitude,42,838,0.91395468,0.07903875,0.97650742
circles,fixed_amplitude,42,839,0.91300864,0.08666229,0.98203388
circles,fixed_amplitude,42,840,0.91799079,0.07053456,1.00759064
circles,fixed_amplitude,42,841,0.92149461,0.03115718,0.95659156
circles,fixed_amplitude,42,842,0.91965037,0.04917099,1.00958178
circles,fixed_amplitude,42,843,0.91538804,0.07463563,1.01228028
circles,fixed_amplitude,42,844,0.91653683,0.04562182,1.01870745
circles,fixed_amplitude,42,845,0.91764801,0.05887275,0.99703154
circles,fixed_amplitude,42,846,0.92718447,0.02559285,0.98640417
circles,fixed_amplitude,42,847,0.91038166,0.00499076,1.02306904
circles,fixed_amplitude,42,848,0.92569959,0.05441686,1.00132212
circles,fixed_amplitude,42,849,0.91452228,0.02397248,1.03455
circles,fixed_amplitude,42,850,0.9103894,0.07362269,0.98594581
circles,fixed_amplitude,42,851,0.91267466,0.0863589,0.99229318
circles,fixed_amplitude,42,852,0.91030217,0.05313996,1.00031314
circles,fixed_amplitude,42,853,0.91250372,0.04355666,0.98580095
circles,fixed_amplitude,42,854,0.92289118,0.07149073,1.00075069
circles,fixed_amplitude,42,855,0.91967595,0.00931537,0.98951059
circles,fixed_amplitude,42,856,0.91475494,0.07420739,1.0062622
circles,fixed_amplitude,42,857,0.92478747,0.01072192,1.00982397
circles,fixed_amplitude,42,858,0.91544998,0.03049844,0.99457613
circles,fixed_amplitude,42,859,0.91276185,0.04337112,1.01038545
circles,fixed_amplitude,42,860,0.92027663,0.0726565,0.98605465
circles,fixed_amplitude,42,861,0.91101712,0.11657627,1.00041389
circles,fixed_amplitude,42,862,0.92188238,0.00123653,0.99284873
circles,fixed_amplitude,42,863,0.90568771,0.03106661,1.00005806
circles,fixed_amplitude,42,864,0.90829533,0.01072991,1.01141283
circles,fixed_amplitude,42,865,0.92267166,0.07987614,1.01595566
circles,fixed_amplitude,42,866,0.92696975,0.01477685,1.01995268
circles,fixed_amplitude,42,867,0.92137116,0.04165403,1.02607025
circles,fixed_amplitude,42,868,0.91186053,0.00109788,1.0089898
circles,fixed_amplitude,42,869,0.9155973,0.05875147,1.01714872
circles,fixed_amplitude,42,870,0.92070078,0.05482855,1.0064256
circles,fixed_amplitude,42,871,0.91194852,0.02505572,0.99828204
circles,fixed_amplitude,42,872,0.92507887,0.01015038,1.02502108
circles,fixed_amplitude,42,873,0.91359817,0.08860733,1.0159338
circles,fixed_amplitude,42,874,0.92245856,0.0582219,1.02795029
circles,fixed_amplitude,42,875,0.92745891,0.0648238,1.0270178
circles,fixed_amplitude,42,876,0.91915692,0.08056745,1.00334424
circles,fixed_amplitude,42,877,0.91075917,0.04262426,0.99441639
circles,fixed_amplitude,42,878,0.9224649,0.01093606,0.96359005
circles,fixed_amplitude,42,879,0.9220246,0.05936335,1.00000912
circles,fixed_amplitude,42,880,0.91256218,0.03780275,0.99864134
circles,fixed_amplitude,42,881,0.91992472,0.04950081,0.98099943
circles,fixed_amplitude,42,882,0.91767455,0.03316924,1.00226752
circles,fixed_amplitude,42,883,0.91341191,8.128e-05,0.99473615
circles,fixed_amplitude,42,884,0.92360748,0.07571591,0.99214754
circles,fixed_amplitude,42,885,0.91195894,0.0044348,0.95716648
circles,fixed_amplitude,42,886,0.91679929,0.07446825,1.01353507
circles,fixed_amplitude,42,887,0.91009304,0.02506116,1.01473907
circles,fixed_amplitude,42,888,0.92284777,0.00166993,0.99159273
circles,fixed_amplitude,42,889,0.93244484,0.08084555,0.99634613
circles,fixed_amplitude,42,890,0.92022428,0.06305923,1.00179731
circles,fixed_amplitude,42,891,0.91211644,0.07008544,0.99970966
circles,fixed_amplitude,42,892,0.92597992,0.05408034,1.00898659
circles,fixed_amplitude,42,893,0.91469195,0.02823397,1.02560436
circles,fixed_amplitude,42,894,0.92506695,0.0133022,0.99073024
circles,fixed_amplitude,42,895,0.91417678,0.13896171,0.97346619
circles,fixed_amplitude,42,896,0.91265217,0.00539719,1.01339952
circles,fixed_amplitude,42,897,0.92426639,0.0005939,1.01656516
circles,fixed_amplitude,42,898,0.92581415,0.01669504,0.97521112
circles,fixed_amplitude,42,899,0.91208013,0.01045781,0.99697791
circles,fixed_amplitude,42,900,0.90435558,0.05365197,0.97948153
circles,fixed_amplitude,42,901,0.92752837,0.0321281,0.98585043
circles,fixed_amplitude,42,902,0.91365715,0.05092023,0.9941737
circles,fixed_amplitude,42,903,0.91811931,0.03919535,1.0215397
circles,fixed_amplitude,42,904,0.91596822,0.04038756,1.00272031
circles,fixed_amplitude,42,905,0.91718124,0.03715314,1.00142826
circles,fixed_amplitude,42,906,0.91481107,0.00199102,0.98394909
circles,fixed_amplitude,42,907,0.91384685,0.02530533,0.98122206
circles,fixed_amplitude,42,908,0.91432155,0.03377365,0.99810832
circles,fixed_amplitude,42,909,0.92622832,0.03657203,1.01519273
circles,fixed_amplitude,42,910,0.92593635,0.01088378,0.99088009
circles,fixed_amplitude,42,911,0.9171625,0.01329494,1.00261266
circles,fixed_amplitude,42,912,0.92396489,0.09810166,1.00876089
circles,fixed_amplitude,42,913,0.92164395,0.03591944,0.99103
circles,fixed_amplitude,42,914,0.91839127,0.09731936,1.00412919
circles,fixed_amplitude,42,915,0.91371065,0.07262717,1.00565977
circles,fixed_amplitude,42,916,0.91888867,0.04806028,0.99198938
circles,fixed_amplitude,42,917,0.91917506,0.03463901,0.99529546
circles,fixed_amplitude,42,918,0.91560524,0.01046415,0.99190377
circles,fixed_amplitude,42,919,0.9091934,0.05073588,1.01243904
circles,fixed_amplitude,42,920,0.91186197,0.10857857,1.00009633
circles,fixed_amplitude,42,921,0.92258322,0.05765801,0.99196455
circles,fixed_amplitude,42,922,0.91753361,0.05757303,0.99452616
circles,fixed_amplitude,42,923,0.92553362,0.03155688,0.98948669
circles,fixed_amplitude,42,924,0.91263581,0.03925444,0.98919586
circles,fixed_amplitude,42,925,0.92086116,0.01343358,0.97989929
circles,fixed_amplitude,42,926,0.92182403,0.03113875,0.97597626
circles,fixed_amplitude,42,927,0.91927742,0.02958126,0.99098551
circles,fixed_amplitude,42,928,0.91230497,0.00093354,1.01806652
circles,fixed_amplitude,42,929,0.91135196,0.04361012,0.97294914
circles,fixed_amplitude,42,930,0.91384432,0.10177688,0.99645544
circles,fixed_amplitude,42,931,0.91890916,0.03218582,0.99195039
circles,fixed_amplitude,42,932,0.91960532,0.01590931,0.99450768
circles,fixed_amplitude,42,933,0.91834871,0.08315257,0.99444583
circles,fixed_amplitude,42,934,0.91823624,0.14555325,1.01198886
circles,fixed_amplitude,42,935,0.92369372,0.01188268,0.98862947
circles,fixed_amplitude,42,936,0.92242092,0.02704135,1.00259596
circles,fixed_amplitude,42,937,0.91111821,0.04741467,1.00055501
circles,fixed_amplitude,42,938,0.90294476,0.0540006,1.00623291
circles,fixed_amplitude,42,939,0.90553319,0.03175392,1.00226097
circles,fixed_amplitude,42,940,0.90846581,0.00563655,0.99072156
circles,fixed_amplitude,42,941,0.91422271,0.01748194,1.01147678
circles,fixed_amplitude,42,942,0.91678052,0.05299585,1.00073647
circles,fixed_amplitude,42,943,0.91674316,0.00334773,0.97433959
circles,fixed_amplitude,42,944,0.92261214,0.06614911,0.98888105
circles,fixed_amplitude,42,945,0.91541098,0.02546539,1.03432079
circles,fixed_amplitude,42,946,0.9170192,0.00600709,1.03781812
circles,fixed_amplitude,42,947,0.90900254,0.06245306,0.98713142
circles,fixed_amplitude,42,948,0.92421501,0.02790692,0.99777286
circles,fixed_amplitude,42,949,0.91970735,0.06166136,0.97115906
circles,fixed_amplitude,42,950,0.91291657,0.01309212,0.99310326
circles,fixed_amplitude,42,951,0.91229504,0.01696498,0.99700029
circles,fixed_amplitude,42,952,0.90537091,0.00086785,0.99856723
circles,fixed_amplitude,42,953,0.91680397,0.02879781,1.01777757
circles,fixed_amplitude,42,954,0.91989388,0.00598013,0.9930068
circles,fixed_amplitude,42,955,0.92927758,0.01854434,1.00752481
circles,fixed_amplitude,42,956,0.92891025,0.016919,0.9961945
circles,fixed_amplitude,42,957,0.91614559,0.03066689,1.00778411
circles,fixed_amplitude,42,958,0.91980544,0.05107746,1.00694458
circles,fixed_amplitude,42,959,0.92516193,0.09180337,1.03180958
circles,fixed_amplitude,42,960,0.91786968,0.07498168,0.99280587
circles,fixed_amplitude,42,961,0.91537575,0.00599275,0.98113491
circles,fixed_amplitude,42,962,0.90916301,0.07029206,1.00821038
circles,fixed_amplitude,42,963,0.91670678,0.04435405,1.03274526
circles,fixed_amplitude,42,964,0.91403488,0.11853421,0.98754029
circles,fixed_amplitude,42,965,0.92627126,0.05200301,0.98837622
circles,fixed_amplitude,42,966,0.91373402,0.03209758,0.99998871
circles,fixed_amplitude,42,967,0.91265509,0.00735988,1.00751373
circles,fixed_amplitude,42,968,0.91686659,0.05145478,0.98607335
circles,fixed_amplitude,42,969,0.92020061,0.01876751,1.00888324
circles,fixed_amplitude,42,970,0.91678927,0.02181183,0.99194715
circles,fixed_amplitude,42,971,0.91221576,0.04538673,1.01712348
circles,fixed_amplitude,42,972,0.91049332,0.04375593,0.96843242
circles,fixed_amplitude,42,973,0.9355366,0.02099432,1.0441012
circles,fixed_amplitude,42,974,0.91323859,0.02042826,1.00513209
circles,fixed_amplitude,42,975,0.92163263,0.05501745,0.99260622
circles,fixed_amplitude,42,976,0.91689208,0.06029698,1.00588954
circles,fixed_amplitude,42,977,0.92403538,0.0741125,0.97525359
circles,fixed_amplitude,42,978,0.91801558,0.09055889,0.99409029
circles,fixed_amplitude,42,979,0.91749248,0.0952301,0.99019986
circles,fixed_amplitude,42,980,0.91236709,0.01468581,1.00435043
circles,fixed_amplitude,42,981,0.91980513,0.11324329,1.00574364
circles,fixed_amplitude,42,982,0.91526555,0.00564689,1.01472851
circles,fixed_amplitude,42,983,0.92089056,0.01716943,1.00305451
circles,fixed_amplitude,42,984,0.92404467,0.05030327,1.00719479
circles,fixed_amplitude,42,985,0.92065127,0.02537351,1.00527785
circles,fixed_amplitude,42,986,0.92522374,0.09145881,0.98099727
circles,fixed_amplitude,42,987,0.91048829,0.03882839,1.01427312
circles,fixed_amplitude,42,988,0.91949593,0.02457025,1.0000217
circles,fixed_amplitude,42,989,0.91958911,0.03353585,1.02039497
circles,fixed_amplitude,42,990,0.9207001,0.00777914,0.99122024
circles,fixed_amplitude,42,991,0.91742626,0.05174509,0.99578092
circles,fixed_amplitude,42,992,0.91811948,0.07465181,0.98873482
circles,fixed_amplitude,42,993,0.91604479,0.0330187,1.01067306
circles,fixed_amplitude,42,994,0.91027145,0.01383238,0.9999521
circles,fixed_amplitude,42,995,0.91497629,0.08200735,0.9921916
circles,fixed_amplitude,42,996,0.91546597,0.07637809,1.00386579
circles,fixed_amplitude,42,997,0.91508997,0.01762977,1.00416024
circles,fixed_amplitude,42,998,0.93011887,0.14205941,0.99709636
circles,fixed_amplitude,42,999,0.92192912,0.14846156,1.00000435
circles,fixed_amplitude,123,0,0.92315358,0.00024798,0.99683146
circles,fixed_amplitude,123,1,0.91521836,0.06551314,0.97352305
circles,fixed_amplitude,123,2,0.91419985,0.06201378,1.0123468
circles,fixed_amplitude,123,3,0.90784373,0.03207799,0.98502539
circles,fixed_amplitude,123,4,0.92083227,0.04655109,0.98877078
circles,fixed_amplitude,123,5,0.90960545,0.00955356,0.98280488
circles,fixed_amplitude,123,6,0.91283295,0.032488,0.99529713
circles,fixed_amplitude,123,7,0.92325048,0.03265494,1.00347699
circles,fixed_amplitude,123,8,0.92427547,0.01611177,0.99472496
circles,fixed_amplitude,123,9,0.91240278,0.00936036,1.00304291
circles,fixed_amplitude,123,10,0.90660388,0.11326063,1.01441956
circles,fixed_amplitude,123,11,0.91841934,0.08615381,0.98891028
circles,fixed_amplitude,123,12,0.91205622,0.07215674,0.99637094
circles,fixed_amplitude,123,13,0.91892617,0.02163683,0.99455071
circles,fixed_amplitude,123,14,0.91026576,0.06284026,1.01371165
circles,fixed_amplitude,123,15,0.91375373,0.00823994,0.99371687
circles,fixed_amplitude,123,16,0.91289206,0.05200284,1.00146567
circles,fixed_amplitude,123,17,0.91328973,0.07310091,1.00064616
circles,fixed_amplitude,123,18,0.91984486,0.07916885,0.99698389
circles,fixed_amplitude,123,19,0.91134974,0.03117646,1.00355664
circles,fixed_amplitude,123,20,0.92171296,0.0091635,1.02809756
circles,fixed_amplitude,123,21,0.91613312,0.0120188,1.00288439
circles,fixed_amplitude,123,22,0.91221351,0.09442864,1.00386145
circles,fixed_amplitude,123,23,0.91327913,0.09380863,0.99582235
circles,fixed_amplitude,123,24,0.91836317,0.10071229,0.96991735
circles,fixed_amplitude,123,25,0.9234558,0.03659492,1.00093043
circles,fixed_amplitude,123,26,0.92146972,0.05867942,1.0134881
circles,fixed_amplitude,123,27,0.91884892,0.00556827,1.00314858
circles,fixed_amplitude,123,28,0.92591568,0.03731619,0.99099084
circles,fixed_amplitude,123,29,0.9119543,0.05229155,0.97246792
circles,fixed_amplitude,123,30,0.92596637,0.10268214,1.00337862
circles,fixed_amplitude,123,31,0.91374638,0.0225926,0.9999889
circles,fixed_amplitude,123,32,0.91413154,0.02227967,0.96875134
circles,fixed_amplitude,123,33,0.91115142,0.04996462,1.00407609
circles,fixed_amplitude,123,34,0.908815,0.00385397,0.97477872
circles,fixed_amplitude,123,35,0.91117339,0.05105859,1.01254227
circles,fixed_amplitude,123,36,0.91127537,0.02643985,0.99166953
circles,fixed_amplitude,123,37,0.91127115,0.02923839,1.00545069
circles,fixed_amplitude,123,38,0.92136712,0.07278563,0.98282569
circles,fixed_amplitude,123,39,0.90741292,0.02697432,0.9987658
circles,fixed_amplitude,123,40,0.90974074,0.04193356,0.98959202
circles,fixed_amplitude,123,41,0.92429685,0.02780939,0.99443078
circles,fixed_amplitude,123,42,0.91777281,0.12226689,1.0232007
circles,fixed_amplitude,123,43,0.92174613,0.00697819,0.98674829
circles,fixed_amplitude,123,44,0.91378996,0.1539247,0.98201361
circles,fixed_amplitude,123,45,0.91349079,0.10108277,1.00843166
circles,fixed_amplitude,123,46,0.91549902,0.06164719,1.0188151
circles,fixed_amplitude,123,47,0.91425937,0.07837247,1.00242832
circles,fixed_amplitude,123,48,0.91697118,0.00655483,1.01071311
circles,fixed_amplitude,123,49,0.91392539,0.05221361,1.00402661
circles,fixed_amplitude,123,50,0.90785988,0.03814739,1.00317505
circles,fixed_amplitude,123,51,0.92835058,0.01542736,1.01769197
circles,fixed_amplitude,123,52,0.9084083,0.01728654,0.99676757
circles,fixed_amplitude,123,53,0.91081361,0.02250525,0.9813873
circles,fixed_amplitude,123,54,0.91568717,0.03544922,1.00851833
circles,fixed_amplitude,123,55,0.91826985,0.00209019,1.00355604
circles,fixed_amplitude,123,56,0.92078661,0.00649675,0.98574499
circles,fixed_amplitude,123,57,0.91717313,0.04873694,0.99073672
circles,fixed_amplitude,123,58,0.90393725,0.00034498,0.97309654
circles,fixed_amplitude,123,59,0.92536651,0.01393333,1.01246671
circles,fixed_amplitude,123,60,0.92129744,0.03722594,0.97377725
circles,fixed_amplitude,123,61,0.92297169,0.01288833,0.98261239
circles,fixed_amplitude,123,62,0.9133508,0.0839611,1.00397781
circles,fixed_amplitude,123,63,0.91690155,0.00546954,1.0033268
circles,fixed_amplitude,123,64,0.91892241,0.0424406,1.00224589
circles,fixed_amplitude,123,65,0.91687763,0.05300933,0.99420543
circles,fixed_amplitude,123,66,0.90834208,0.06608857,1.00761483
circles,fixed_amplitude,123,67,0.9147291,0.02695363,1.02645743
circles,fixed_amplitude,123,68,0.92241866,0.00724667,1.01097542
circles,fixed_amplitude,123,69,0.92090621,0.03631779,1.01051385
circles,fixed_amplitude,123,70,0.90859077,0.01293513,0.97959044
circles,fixed_amplitude,123,71,0.92214888,0.05545087,0.99114734
circles,fixed_amplitude,123,72,0.92626411,0.04894382,1.03114615
circles,fixed_amplitude,123,73,0.91036161,0.02595201,0.9731462
circles,fixed_amplitude,123,74,0.92244057,0.06272309,1.01073325
circles,fixed_amplitude,123,75,0.9114942,0.0693773,1.00870256
circles,fixed_amplitude,123,76,0.91893163,0.02383529,0.9998115
circles,fixed_amplitude,123,77,0.90345294,0.01086996,0.9756248
circles,fixed_amplitude,123,78,0.91119429,0.05727035,0.96727262
circles,fixed_amplitude,123,79,0.92207414,0.0029066,0.97873358
circles,fixed_amplitude,123,80,0.91588117,0.12924879,0.97950765
circles,fixed_amplitude,123,81,0.90916119,0.06695505,1.00604797
circles,fixed_amplitude,123,82,0.91556767,0.03846989,1.0105056
circles,fixed_amplitude,123,83,0.91563305,0.03272282,0.98496652
circles,fixed_amplitude,123,84,0.91970936,0.02676787,0.97261317
circles,fixed_amplitude,123,85,0.91377472,0.05387088,1.01042713
circles,fixed_amplitude,123,86,0.92771043,0.00570529,0.98884651
circles,fixed_amplitude,123,87,0.91946526,0.04076579,1.01025126
circles,fixed_amplitude,123,88,0.91187838,0.07560377,1.01792548
circles,fixed_amplitude,123,89,0.91767894,0.03156202,0.99464925
circles,fixed_amplitude,123,90,0.91905506,0.0653731,0.99170943
circles,fixed_amplitude,123,91,0.91601283,0.02059949,1.00386754
circles,fixed_amplitude,123,92,0.91242636,0.04858968,0.998591
circles,fixed_amplitude,123,93,0.91106979,0.00552342,1.01091022
circles,fixed_amplitude,123,94,0.9211256,0.04628525,0.99671765
circles,fixed_amplitude,123,95,0.91746964,0.12017049,0.99607555
circles,fixed_amplitude,123,96,0.90383765,0.02130959,1.01000996
circles,fixed_amplitude,123,97,0.90831102,0.03473373,1.0113788
circles,fixed_amplitude,123,98,0.91089534,0.10376374,1.00107898
circles,fixed_amplitude,123,99,0.91824829,0.02129586,0.99821992
circles,fixed_amplitude,123,100,0.91463229,0.00678379,0.97544477
circles,fixed_amplitude,123,101,0.92615768,0.02426369,1.00111947
circles,fixed_amplitude,123,102,0.90702669,0.01456924,0.96723131
circles,fixed_amplitude,123,103,0.92085814,0.02125089,0.99864507
circles,fixed_amplitude,123,104,0.91497086,0.04104321,1.00424502
circles,fixed_amplitude,123,105,0.91260432,0.0029984,1.03066935
circles,fixed_amplitude,123,106,0.90530013,0.07698958,0.99493181
circles,fixed_amplitude,123,107,0.93438586,0.02565218,0.99590516
circles,fixed_amplitude,123,108,0.91202809,0.00237657,1.00360974
circles,fixed_amplitude,123,109,0.92250758,0.06924352,0.99755822
circles,fixed_amplitude,123,110,0.92024978,0.04211805,0.99744172
circles,fixed_amplitude,123,111,0.9228784,0.04392506,0.97914561
circles,fixed_amplitude,123,112,0.92490882,0.00700955,0.99252597
circles,fixed_amplitude,123,113,0.90988141,0.01422536,1.03364653
circles,fixed_amplitude,123,114,0.91535577,0.01722193,1.00858507
circles,fixed_amplitude,123,115,0.91488266,0.00023974,0.99742502
circles,fixed_amplitude,123,116,0.92839881,0.01631973,0.9865076
circles,fixed_amplitude,123,117,0.91442551,0.0468604,1.00962185
circles,fixed_amplitude,123,118,0.91482377,0.03223391,1.00971776
circles,fixed_amplitude,123,119,0.91496822,0.01347608,0.98453587
circles,fixed_amplitude,123,120,0.92030381,0.00219496,1.01064297
circles,fixed_amplitude,123,121,0.913306,0.01726083,0.98705121
circles,fixed_amplitude,123,122,0.91044874,0.00771154,1.01187155
circles,fixed_amplitude,123,123,0.92390997,0.01721996,1.00074061
circles,fixed_amplitude,123,124,0.91152099,0.0114068,0.9955951
circles,fixed_amplitude,123,125,0.92201617,0.08742117,0.9770663
circles,fixed_amplitude,123,126,0.90977457,0.00063477,0.99224112
circles,fixed_amplitude,123,127,0.91141631,0.07396632,1.00230695
circles,fixed_amplitude,123,128,0.90808168,0.05950936,1.01398665
circles,fixed_amplitude,123,129,0.91775721,0.0449322,0.99601356
circles,fixed_amplitude,123,130,0.91492135,0.04053482,0.98281361
circles,fixed_amplitude,123,131,0.92732659,0.01506532,0.99842452
circles,fixed_amplitude,123,132,0.91675581,0.0328834,1.02745127
circles,fixed_amplitude,123,133,0.91756437,0.08827117,1.00302308
circles,fixed_amplitude,123,134,0.91432979,0.09924532,0.98943271
circles,fixed_amplitude,123,135,0.91948057,0.04392802,0.99888875
circles,fixed_amplitude,123,136,0.91508531,0.02156658,1.0053437
circles,fixed_amplitude,123,137,0.92534131,0.03227553,1.00882606
circles,fixed_amplitude,123,138,0.9154741,0.00112068,0.9971113
circles,fixed_amplitude,123,139,0.9132638,0.02998082,0.98229973
circles,fixed_amplitude,123,140,0.92426818,0.0517486,1.01197626
circles,fixed_amplitude,123,141,0.91926911,0.09873648,0.99329454
circles,fixed_amplitude,123,142,0.91521156,0.04218537,1.02155389
circles,fixed_amplitude,123,143,0.91435272,0.02182728,1.01685826
circles,fixed_amplitude,123,144,0.92479937,0.04932355,0.99886509
circles,fixed_amplitude,123,145,0.92504317,0.0148399,1.01166359
circles,fixed_amplitude,123,146,0.91238251,0.02103791,0.97688368
circles,fixed_amplitude,123,147,0.91771704,0.01364802,0.98005624
circles,fixed_amplitude,123,148,0.91668026,0.05332807,0.98432854
circles,fixed_amplitude,123,149,0.92198472,0.00822617,1.01529526
circles,fixed_amplitude,123,150,0.91386681,0.07185351,1.00586426
circles,fixed_amplitude,123,151,0.92946159,0.02229435,0.98155575
circles,fixed_amplitude,123,152,0.91553889,0.05824342,0.9994001
circles,fixed_amplitude,123,153,0.91644233,0.01879291,1.02490317
circles,fixed_amplitude,123,154,0.91652592,0.01318869,1.00540258
circles,fixed_amplitude,123,155,0.91832694,0.00453178,1.0240056
circles,fixed_amplitude,123,156,0.91827759,0.0155957,1.02505713
circles,fixed_amplitude,123,157,0.90617481,0.03819427,0.99037442
circles,fixed_amplitude,123,158,0.91013284,0.0642805,0.99627877
circles,fixed_amplitude,123,159,0.90769817,0.0951681,1.00021022
circles,fixed_amplitude,123,160,0.91560315,0.04187883,1.01627657
circles,fixed_amplitude,123,161,0.9200434,0.00764969,1.01787129
circles,fixed_amplitude,123,162,0.91043318,0.02817161,0.99843003
circles,fixed_amplitude,123,163,0.90530688,0.05569091,0.99505803
circles,fixed_amplitude,123,164,0.92105273,0.03113991,0.982795
circles,fixed_amplitude,123,165,0.92282112,0.04706554,1.00669433
circles,fixed_amplitude,123,166,0.91574065,0.01276456,0.99694484
circles,fixed_amplitude,123,167,0.92268142,0.01208559,0.99296692
circles,fixed_amplitude,123,168,0.92103132,0.0188263,0.98440076
circles,fixed_amplitude,123,169,0.91401644,0.00919187,0.95794493
circles,fixed_amplitude,123,170,0.92600136,0.05782141,1.01394678
circles,fixed_amplitude,123,171,0.90374958,0.02011009,1.00345233
circles,fixed_amplitude,123,172,0.90600151,0.02091559,1.0053962
circles,fixed_amplitude,123,173,0.91930556,0.02402755,1.00441596
circles,fixed_amplitude,123,174,0.9142956,0.03289342,1.03296877
circles,fixed_amplitude,123,175,0.90563136,0.01424048,0.96619617
circles,fixed_amplitude,123,176,0.91291187,0.03873787,0.99959969
circles,fixed_amplitude,123,177,0.92192064,0.09701451,1.00037911
circles,fixed_amplitude,123,178,0.92147225,0.02186711,0.99694878
circles,fixed_amplitude,123,179,0.90790467,0.02267444,1.0289957
circles,fixed_amplitude,123,180,0.92943339,0.04252552,1.0072601
circles,fixed_amplitude,123,181,0.91317798,0.02760135,1.00694623
circles,fixed_amplitude,123,182,0.92182001,0.01025553,0.98416742
circles,fixed_amplitude,123,183,0.91955799,0.03413597,1.00126578
circles,fixed_amplitude,123,184,0.9217496,0.03880379,1.01446613
circles,fixed_amplitude,123,185,0.91200439,0.02146163,0.98860181
circles,fixed_amplitude,123,186,0.91362571,0.01688916,1.00369177
circles,fixed_amplitude,123,187,0.92163302,0.02066587,0.98711478
circles,fixed_amplitude,123,188,0.9210078,0.00186275,1.0061726
circles,fixed_amplitude,123,189,0.91549536,0.10621795,1.00488535
circles,fixed_amplitude,123,190,0.9197774,0.01072836,1.02157309
circles,fixed_amplitude,123,191,0.91718878,0.00777763,0.97719659
circles,fixed_amplitude,123,192,0.91544604,0.00880999,0.99990072
circles,fixed_amplitude,123,193,0.91982487,0.04745777,0.99772436
circles,fixed_amplitude,123,194,0.90824501,0.05176597,0.99761868
circles,fixed_amplitude,123,195,0.91486523,0.00121677,1.00027321
circles,fixed_amplitude,123,196,0.91709173,0.06662787,0.98738843
circles,fixed_amplitude,123,197,0.92112655,0.16988165,1.00290404
circles,fixed_amplitude,123,198,0.90402225,0.02422069,1.02889287
circles,fixed_amplitude,123,199,0.90538144,0.01349425,0.98142962
circles,fixed_amplitude,123,200,0.91572825,0.01949943,0.9894627
circles,fixed_amplitude,123,201,0.9114913,0.10642093,0.99194903
circles,fixed_amplitude,123,202,0.91139456,0.0372274,0.97057474
circles,fixed_amplitude,123,203,0.92486487,0.05687951,0.99872415
circles,fixed_amplitude,123,204,0.91805665,0.03142285,1.01647102
circles,fixed_amplitude,123,205,0.91475656,0.02173591,0.98988803
circles,fixed_amplitude,123,206,0.91024743,0.0622119,0.99692794
circles,fixed_amplitude,123,207,0.92358849,0.01070671,0.99669095
circles,fixed_amplitude,123,208,0.91667771,0.04749032,0.98535752
circles,fixed_amplitude,123,209,0.91152229,0.05456374,0.98316827
circles,fixed_amplitude,123,210,0.92404145,0.03688057,1.02799142
circles,fixed_amplitude,123,211,0.92020807,0.11303555,1.00045952
circles,fixed_amplitude,123,212,0.91840171,0.0119097,1.00372176
circles,fixed_amplitude,123,213,0.92846447,0.00516446,1.01908605
circles,fixed_amplitude,123,214,0.91416035,0.0387215,0.9731027
circles,fixed_amplitude,123,215,0.91627034,0.025535,1.00479898
circles,fixed_amplitude,123,216,0.9167451,0.05956773,0.98624681
circles,fixed_amplitude,123,217,0.90968409,0.03824895,0.97551758
circles,fixed_amplitude,123,218,0.9269578,0.09918683,1.01017896
circles,fixed_amplitude,123,219,0.91762543,0.01854411,0.97794162
circles,fixed_amplitude,123,220,0.90997263,0.03365928,1.00702825
circles,fixed_amplitude,123,221,0.91530742,0.00921248,0.99868182
circles,fixed_amplitude,123,222,0.9128804,0.06562193,1.02183595
circles,fixed_amplitude,123,223,0.91468173,0.04953502,1.00978919
circles,fixed_amplitude,123,224,0.92129901,0.08158633,0.99851385
circles,fixed_amplitude,123,225,0.93069905,0.00423384,1.0040542
circles,fixed_amplitude,123,226,0.92057173,0.05902505,0.98834532
circles,fixed_amplitude,123,227,0.91899249,0.02650999,1.02180817
circles,fixed_amplitude,123,228,0.92123035,0.03555927,0.99816161
circles,fixed_amplitude,123,229,0.90937789,0.03308319,0.97980285
circles,fixed_amplitude,123,230,0.92030629,0.07817468,1.00719046
circles,fixed_amplitude,123,231,0.91292965,0.06944343,1.01048233
circles,fixed_amplitude,123,232,0.91204449,0.02013456,1.01931942
circles,fixed_amplitude,123,233,0.91871469,0.01868205,1.00180253
circles,fixed_amplitude,123,234,0.9137736,0.0614996,1.01647953
circles,fixed_amplitude,123,235,0.92572752,0.02577534,0.99244837
circles,fixed_amplitude,123,236,0.91330125,0.05532408,1.00353123
circles,fixed_amplitude,123,237,0.92582851,0.00461425,0.98801616
circles,fixed_amplitude,123,238,0.91744089,0.01482109,0.98484005
circles,fixed_amplitude,123,239,0.92792509,0.01062207,1.00232271
circles,fixed_amplitude,123,240,0.93046681,0.00480335,1.0014794
circles,fixed_amplitude,123,241,0.91773725,0.01711227,1.0329709
circles,fixed_amplitude,123,242,0.91414286,0.04871876,1.00288609
circles,fixed_amplitude,123,243,0.91775568,0.11209326,1.00965386
circles,fixed_amplitude,123,244,0.91244323,0.03539096,0.97694206
circles,fixed_amplitude,123,245,0.91816208,0.0074814,0.98849914
circles,fixed_amplitude,123,246,0.90451367,0.06822691,1.00832516
circles,fixed_amplitude,123,247,0.91962552,0.05456661,0.99599436
circles,fixed_amplitude,123,248,0.91522915,0.03845795,0.98356214
circles,fixed_amplitude,123,249,0.90622845,0.01689485,1.00717499
circles,fixed_amplitude,123,250,0.90918128,0.0386244,1.00387169
circles,fixed_amplitude,123,251,0.92446786,0.01327012,1.00185949
circles,fixed_amplitude,123,252,0.90949335,0.01940161,1.00184528
circles,fixed_amplitude,123,253,0.91673678,0.00144791,1.02836334
circles,fixed_amplitude,123,254,0.91190708,0.05319558,1.00926366
circles,fixed_amplitude,123,255,0.91477708,0.11434297,1.0086096
circles,fixed_amplitude,123,256,0.92551838,0.05313092,1.00127439
circles,fixed_amplitude,123,257,0.91594768,0.00172975,1.00612505
circles,fixed_amplitude,123,258,0.90958107,0.02743498,0.99803926
circles,fixed_amplitude,123,259,0.91573118,0.01929769,1.01116137
circles,fixed_amplitude,123,260,0.92470203,0.00986082,1.02423589
circles,fixed_amplitude,123,261,0.91832033,0.07784064,0.97336796
circles,fixed_amplitude,123,262,0.92808392,0.03298738,1.00460391
circles,fixed_amplitude,123,263,0.91232133,0.031392,1.00711883
circles,fixed_amplitude,123,264,0.91496471,0.02890959,0.9907472
circles,fixed_amplitude,123,265,0.91504145,0.0163992,0.99667057
circles,fixed_amplitude,123,266,0.91647795,0.01566197,1.00320399
circles,fixed_amplitude,123,267,0.90956781,0.00502777,1.00723615
circles,fixed_amplitude,123,268,0.91810669,0.0108854,1.00730042
circles,fixed_amplitude,123,269,0.91561837,0.01525496,0.99604107
circles,fixed_amplitude,123,270,0.9184878,0.04893149,0.9933187
circles,fixed_amplitude,123,271,0.92428636,0.00925672,1.00823322
circles,fixed_amplitude,123,272,0.91993621,0.01002961,1.00438765
circles,fixed_amplitude,123,273,0.90515138,0.05378172,1.0111961
circles,fixed_amplitude,123,274,0.92665927,0.030889,1.02013134
circles,fixed_amplitude,123,275,0.91430066,0.01982674,1.00422872
circles,fixed_amplitude,123,276,0.91842791,0.06652469,1.00463187
circles,fixed_amplitude,123,277,0.91596033,0.01376528,0.99914854
circles,fixed_amplitude,123,278,0.90841094,0.02141502,0.99927368
circles,fixed_amplitude,123,279,0.91434066,0.02950256,0.96563738
circles,fixed_amplitude,123,280,0.92196367,0.05117337,1.01531393
circles,fixed_amplitude,123,281,0.91015743,0.0579249,0.98315112
circles,fixed_amplitude,123,282,0.90431106,0.00299631,0.99962698
circles,fixed_amplitude,123,283,0.91863794,0.09031268,0.99978
circles,fixed_amplitude,123,284,0.92342762,0.05150348,0.99284248
circles,fixed_amplitude,123,285,0.9245843,0.00935755,1.02176703
circles,fixed_amplitude,123,286,0.90858783,0.03370146,1.0090982
circles,fixed_amplitude,123,287,0.91797005,0.07960903,1.02769517
circles,fixed_amplitude,123,288,0.91183839,0.04241204,1.01734314
circles,fixed_amplitude,123,289,0.9146242,0.00980882,1.00214249
circles,fixed_amplitude,123,290,0.91617631,0.02976121,0.99169699
circles,fixed_amplitude,123,291,0.9205936,0.01379683,0.99478167
circles,fixed_amplitude,123,292,0.9259951,0.02498748,0.98129315
circles,fixed_amplitude,123,293,0.91087453,0.02688938,0.99906391
circles,fixed_amplitude,123,294,0.91846601,0.05491557,0.99200269
circles,fixed_amplitude,123,295,0.91237613,0.14695321,0.98753022
circles,fixed_amplitude,123,296,0.91342361,0.06525308,1.0402977
circles,fixed_amplitude,123,297,0.9159803,0.04923724,0.9973318
circles,fixed_amplitude,123,298,0.9210219,0.05844483,0.9867643
circles,fixed_amplitude,123,299,0.90646541,0.03997458,1.00586946
circles,fixed_amplitude,123,300,0.92703503,0.02343522,0.99884395
circles,fixed_amplitude,123,301,0.91375547,0.0106918,0.98915802
circles,fixed_amplitude,123,302,0.91975728,0.03554575,0.99508299
circles,fixed_amplitude,123,303,0.92078933,0.01619136,1.01712717
circles,fixed_amplitude,123,304,0.91514181,0.00852894,0.99073778
circles,fixed_amplitude,123,305,0.91657262,0.02026493,0.98875335
circles,fixed_amplitude,123,306,0.91127133,0.03195309,1.01143455
circles,fixed_amplitude,123,307,0.92679786,0.05488686,0.99727926
circles,fixed_amplitude,123,308,0.91482933,0.03500111,0.97993989
circles,fixed_amplitude,123,309,0.9239143,0.01245831,1.01413616
circles,fixed_amplitude,123,310,0.91096451,0.0099015,1.01316059
circles,fixed_amplitude,123,311,0.91596069,0.08800431,0.99646595
circles,fixed_amplitude,123,312,0.91443926,0.00795275,0.9832044
circles,fixed_amplitude,123,313,0.91338113,0.04230667,1.01609591
circles,fixed_amplitude,123,314,0.90036256,0.03596658,1.0034994
circles,fixed_amplitude,123,315,0.92801124,0.08613479,0.9758171
circles,fixed_amplitude,123,316,0.91518519,0.01462326,1.00075014
circles,fixed_amplitude,123,317,0.91482618,0.09628319,0.99851642
circles,fixed_amplitude,123,318,0.91650734,0.06894156,1.0057857
circles,fixed_amplitude,123,319,0.90835182,0.01501949,0.96519979
circles,fixed_amplitude,123,320,0.91455754,0.05895127,0.99241033
circles,fixed_amplitude,123,321,0.91997993,0.03041359,1.01660671
circles,fixed_amplitude,123,322,0.91926577,0.08859813,0.98162698
circles,fixed_amplitude,123,323,0.9089837,0.00402827,1.01231709
circles,fixed_amplitude,123,324,0.91675029,0.05070642,0.98758535
circles,fixed_amplitude,123,325,0.91955831,0.04559853,0.97629042
circles,fixed_amplitude,123,326,0.92289634,0.01926586,0.9922644
circles,fixed_amplitude,123,327,0.91698979,0.04733527,1.0078682
circles,fixed_amplitude,123,328,0.92129317,0.02528997,1.00296448
circles,fixed_amplitude,123,329,0.90582726,0.01662382,1.00148332
circles,fixed_amplitude,123,330,0.91875178,0.05367633,0.99969682
circles,fixed_amplitude,123,331,0.92856926,0.02394503,1.00853532
circles,fixed_amplitude,123,332,0.91963994,0.07040401,0.97631679
circles,fixed_amplitude,123,333,0.91430517,0.03643908,0.9928192
circles,fixed_amplitude,123,334,0.92179758,0.0461033,0.9643006
circles,fixed_amplitude,123,335,0.9208031,0.00682153,0.99108633
circles,fixed_amplitude,123,336,0.91482618,0.03966121,0.99166938
circles,fixed_amplitude,123,337,0.91330396,0.05391413,0.97802225
circles,fixed_amplitude,123,338,0.91064926,0.03011167,1.00244562
circles,fixed_amplitude,123,339,0.91004787,0.04503235,0.99037504
circles,fixed_amplitude,123,340,0.91859653,0.00917511,1.01397661
circles,fixed_amplitude,123,341,0.92382564,0.0184965,1.01225769
circles,fixed_amplitude,123,342,0.91315164,0.01992163,1.0220645
circles,fixed_amplitude,123,343,0.91842432,0.00836844,1.00857134
circles,fixed_amplitude,123,344,0.91503056,0.00490007,1.00278374
circles,fixed_amplitude,123,345,0.90318181,0.05616459,1.00555033
circles,fixed_amplitude,123,346,0.91369503,0.01566289,1.00127422
circles,fixed_amplitude,123,347,0.91372014,0.0311662,1.00266544
circles,fixed_amplitude,123,348,0.91592717,0.01982781,0.99828934
circles,fixed_amplitude,123,349,0.92361654,0.0221946,1.00142142
circles,fixed_amplitude,123,350,0.91655382,0.02872527,0.99373268
circles,fixed_amplitude,123,351,0.92078019,0.05285534,1.00215547
circles,fixed_amplitude,123,352,0.91145122,0.04154471,0.99395294
circles,fixed_amplitude,123,353,0.91827044,0.05714226,0.99824686
circles,fixed_amplitude,123,354,0.9204141,0.02728568,1.00879983
circles,fixed_amplitude,123,355,0.90882884,0.05012269,1.00865816
circles,fixed_amplitude,123,356,0.92446532,0.00902737,0.97112863
circles,fixed_amplitude,123,357,0.92402684,0.03799192,0.98437116
circles,fixed_amplitude,123,358,0.9126794,0.01204262,1.03919198
circles,fixed_amplitude,123,359,0.90921713,0.02929694,1.03515029
circles,fixed_amplitude,123,360,0.9209242,0.02918506,0.99505648
circles,fixed_amplitude,123,361,0.92067937,0.08006848,1.02126767
circles,fixed_amplitude,123,362,0.92038899,0.05700469,1.00373523
circles,fixed_amplitude,123,363,0.9178036,0.0332436,1.02619827
circles,fixed_amplitude,123,364,0.9111832,0.1046004,0.98958179
circles,fixed_amplitude,123,365,0.91924916,0.02489304,1.00468236
circles,fixed_amplitude,123,366,0.93389046,0.05184484,1.00680557
circles,fixed_amplitude,123,367,0.91458705,0.01760873,1.01485673
circles,fixed_amplitude,123,368,0.91019158,0.00968222,0.98690138
circles,fixed_amplitude,123,369,0.91211929,0.06185069,1.01649964
circles,fixed_amplitude,123,370,0.90864348,0.03676039,1.00969967
circles,fixed_amplitude,123,371,0.91185058,0.03374947,0.9922353
circles,fixed_amplitude,123,372,0.91750267,0.00658075,0.9761301
circles,fixed_amplitude,123,373,0.90718745,0.05820598,1.00634571
circles,fixed_amplitude,123,374,0.92101967,0.12434085,1.01345404
circles,fixed_amplitude,123,375,0.91924446,0.0785504,1.00681496
circles,fixed_amplitude,123,376,0.90805999,0.00625007,0.99265992
circles,fixed_amplitude,123,377,0.91651286,0.09318735,0.99045176
circles,fixed_amplitude,123,378,0.91585433,0.03473995,0.99072111
circles,fixed_amplitude,123,379,0.92129894,0.05898277,1.00957368
circles,fixed_amplitude,123,380,0.92388561,0.00151459,0.99840618
circles,fixed_amplitude,123,381,0.9138982,0.03074455,1.00707799
circles,fixed_amplitude,123,382,0.91243054,0.07387922,1.01027048
circles,fixed_amplitude,123,383,0.92080088,0.00351025,0.98670328
circles,fixed_amplitude,123,384,0.91712133,0.05298725,1.00909025
circles,fixed_amplitude,123,385,0.91525259,0.01904058,0.98824303
circles,fixed_amplitude,123,386,0.91696059,0.00366933,0.98809097
circles,fixed_amplitude,123,387,0.91300761,0.01913827,0.99015348
circles,fixed_amplitude,123,388,0.91841419,0.00240734,0.99998516
circles,fixed_amplitude,123,389,0.90996731,0.07423018,1.00967353
circles,fixed_amplitude,123,390,0.92570183,0.04469601,0.99796303
circles,fixed_amplitude,123,391,0.91110103,0.03906931,0.98576836
circles,fixed_amplitude,123,392,0.91625056,0.0290301,0.99048204
circles,fixed_amplitude,123,393,0.90833901,0.00184062,1.01457937
circles,fixed_amplitude,123,394,0.91309315,0.01612434,1.01497763
circles,fixed_amplitude,123,395,0.91898827,0.00029705,0.9862865
circles,fixed_amplitude,123,396,0.91251648,0.08398716,1.00912043
circles,fixed_amplitude,123,397,0.90666356,0.06043925,1.0006777
circles,fixed_amplitude,123,398,0.90785137,0.02238889,0.99033559
circles,fixed_amplitude,123,399,0.9163681,0.00527757,0.9886828
circles,fixed_amplitude,123,400,0.91195249,0.01089255,1.00211798
circles,fixed_amplitude,123,401,0.91747314,0.02183257,1.00636986
circles,fixed_amplitude,123,402,0.91843852,0.04480037,0.98338356
circles,fixed_amplitude,123,403,0.9194969,0.03289772,0.98077045
circles,fixed_amplitude,123,404,0.92689856,0.03205453,0.98260154
circles,fixed_amplitude,123,405,0.92098323,0.01236726,1.00500685
circles,fixed_amplitude,123,406,0.92381181,0.05699406,1.00835822
circles,fixed_amplitude,123,407,0.9221602,0.06770981,0.99182905
circles,fixed_amplitude,123,408,0.920164,0.0485094,1.00656187
circles,fixed_amplitude,123,409,0.92368839,0.03416065,0.99725518
circles,fixed_amplitude,123,410,0.91289058,0.09209386,0.99580355
circles,fixed_amplitude,123,411,0.91768669,0.02811522,1.02560777
circles,fixed_amplitude,123,412,0.92227212,0.02817417,1.0114139
circles,fixed_amplitude,123,413,0.90970133,0.13043877,1.01405995
circles,fixed_amplitude,123,414,0.91009471,0.0388655,1.00601019
circles,fixed_amplitude,123,415,0.92288284,0.06236963,0.97823873
circles,fixed_amplitude,123,416,0.91752776,0.00598825,0.98522172
circles,fixed_amplitude,123,417,0.91826179,0.13129112,0.98822648
circles,fixed_amplitude,123,418,0.92110744,0.10056872,0.99397775
circles,fixed_amplitude,123,419,0.93093163,0.10866722,0.99906212
circles,fixed_amplitude,123,420,0.91570365,0.03542709,0.99285686
circles,fixed_amplitude,123,421,0.92256768,0.01474959,0.97316514
circles,fixed_amplitude,123,422,0.92593009,0.10234706,0.993754
circles,fixed_amplitude,123,423,0.91413694,0.0212059,0.98653003
circles,fixed_amplitude,123,424,0.92119187,0.01521239,1.01478652
circles,fixed_amplitude,123,425,0.91559819,0.05870705,1.00648739
circles,fixed_amplitude,123,426,0.91420362,0.12139519,1.00176836
circles,fixed_amplitude,123,427,0.91825524,0.08385785,0.98992918
circles,fixed_amplitude,123,428,0.92428121,0.01048025,0.99381717
circles,fixed_amplitude,123,429,0.91156535,0.07505242,1.03042564
circles,fixed_amplitude,123,430,0.91706411,0.05036983,1.00875097
circles,fixed_amplitude,123,431,0.91579133,0.0760013,0.98884845
circles,fixed_amplitude,123,432,0.91902924,0.01832616,0.97785568
circles,fixed_amplitude,123,433,0.92107675,0.07074418,0.97722092
circles,fixed_amplitude,123,434,0.92319628,0.00953293,0.99983331
circles,fixed_amplitude,123,435,0.91901765,0.01265809,1.00026572
circles,fixed_amplitude,123,436,0.91930453,0.01636386,0.98477315
circles,fixed_amplitude,123,437,0.92090447,0.03552007,1.00559226
circles,fixed_amplitude,123,438,0.91041839,0.0327077,0.9963801
circles,fixed_amplitude,123,439,0.922297,0.08234019,1.0010609
circles,fixed_amplitude,123,440,0.9200005,0.0340347,1.00301404
circles,fixed_amplitude,123,441,0.91403155,0.01466389,0.99739688
circles,fixed_amplitude,123,442,0.91116613,0.01113859,1.0262794
circles,fixed_amplitude,123,443,0.91586815,0.01777414,0.99370193
circles,fixed_amplitude,123,444,0.91507301,0.07093385,0.97273058
circles,fixed_amplitude,123,445,0.91489563,0.00737178,1.03144111
circles,fixed_amplitude,123,446,0.91485354,0.00517092,0.98904651
circles,fixed_amplitude,123,447,0.91613219,0.01883811,0.99320126
circles,fixed_amplitude,123,448,0.91532301,0.00502576,1.02367559
circles,fixed_amplitude,123,449,0.92323861,0.06336285,0.99658951
circles,fixed_amplitude,123,450,0.91256207,0.02673506,0.9863721
circles,fixed_amplitude,123,451,0.91565113,0.02406347,1.00863146
circles,fixed_amplitude,123,452,0.92457912,0.06864003,0.98891378
circles,fixed_amplitude,123,453,0.91342118,0.03783267,1.00430019
circles,fixed_amplitude,123,454,0.91564086,0.05717666,1.02389749
circles,fixed_amplitude,123,455,0.91677505,0.13372687,0.98157334
circles,fixed_amplitude,123,456,0.90912485,0.06179827,1.00335427
circles,fixed_amplitude,123,457,0.91126898,0.01242656,0.98551859
circles,fixed_amplitude,123,458,0.91178244,0.01950718,0.97635699
circles,fixed_amplitude,123,459,0.91343509,0.00973707,0.97365577
circles,fixed_amplitude,123,460,0.91495709,0.02222077,0.99533563
circles,fixed_amplitude,123,461,0.92429974,0.09625862,0.99190455
circles,fixed_amplitude,123,462,0.91862156,0.04095329,0.99798639
circles,fixed_amplitude,123,463,0.9031617,0.01237903,1.00028868
circles,fixed_amplitude,123,464,0.90618811,0.02014213,1.00893607
circles,fixed_amplitude,123,465,0.91993313,0.03292379,1.00348218
circles,fixed_amplitude,123,466,0.92940434,0.04530099,0.98268829
circles,fixed_amplitude,123,467,0.91053936,0.06782747,0.99737889
circles,fixed_amplitude,123,468,0.90794789,0.00637126,0.99970022
circles,fixed_amplitude,123,469,0.91969218,0.07867856,1.00199286
circles,fixed_amplitude,123,470,0.91607844,0.00240982,0.98916677
circles,fixed_amplitude,123,471,0.92238874,0.03336405,1.02672803
circles,fixed_amplitude,123,472,0.90304721,0.01470688,0.98016511
circles,fixed_amplitude,123,473,0.92118381,0.05761533,0.98035078
circles,fixed_amplitude,123,474,0.91435864,0.07275624,1.00620969
circles,fixed_amplitude,123,475,0.91504007,0.080244,0.98554723
circles,fixed_amplitude,123,476,0.90782945,0.0136525,1.0267308
circles,fixed_amplitude,123,477,0.92062532,0.02038069,1.00891039
circles,fixed_amplitude,123,478,0.91219083,0.06993957,0.98685966
circles,fixed_amplitude,123,479,0.9193408,0.05883751,0.98268045
circles,fixed_amplitude,123,480,0.91229878,0.09253333,1.00131314
circles,fixed_amplitude,123,481,0.92375717,0.0413124,1.0089762
circles,fixed_amplitude,123,482,0.91758585,0.00359634,1.00857451
circles,fixed_amplitude,123,483,0.91812032,0.04367256,0.99320218
circles,fixed_amplitude,123,484,0.91822724,0.03158706,1.00890807
circles,fixed_amplitude,123,485,0.91628718,0.02724929,0.99475359
circles,fixed_amplitude,123,486,0.91608975,0.02782268,1.00970728
circles,fixed_amplitude,123,487,0.91367546,0.07676619,0.99224805
circles,fixed_amplitude,123,488,0.92397551,0.03371474,1.01071948
circles,fixed_amplitude,123,489,0.90825991,0.08099001,0.99183474
circles,fixed_amplitude,123,490,0.91547482,0.02424906,1.00097584
circles,fixed_amplitude,123,491,0.91772666,0.03218758,1.00141463
circles,fixed_amplitude,123,492,0.91530686,0.0526129,0.9985464
circles,fixed_amplitude,123,493,0.91357188,0.00991454,0.98099342
circles,fixed_amplitude,123,494,0.91759346,0.03491427,0.9804387
circles,fixed_amplitude,123,495,0.91129829,0.00033627,0.9985376
circles,fixed_amplitude,123,496,0.91653259,0.00965762,1.01203722
circles,fixed_amplitude,123,497,0.91475014,0.01248729,1.01521058
circles,fixed_amplitude,123,498,0.90989686,0.06736303,0.994078
circles,fixed_amplitude,123,499,0.91505695,0.03070173,1.00583978
circles,fixed_amplitude,123,500,0.92094177,0.09020469,0.99664295
circles,fixed_amplitude,123,501,0.9227052,0.01669735,1.01453883
circles,fixed_amplitude,123,502,0.92306541,0.0034635,0.96855691
circles,fixed_amplitude,123,503,0.91761805,0.09460288,1.00590564
circles,fixed_amplitude,123,504,0.91272168,0.06662349,0.99016475
circles,fixed_amplitude,123,505,0.91953158,0.00079485,0.99990964
circles,fixed_amplitude,123,506,0.91884192,0.05689184,1.01573924
circles,fixed_amplitude,123,507,0.90663205,0.01783027,0.99128146
circles,fixed_amplitude,123,508,0.92000057,0.05476054,0.99887343
circles,fixed_amplitude,123,509,0.92853551,0.10228255,0.99271074
circles,fixed_amplitude,123,510,0.92061114,0.05583603,0.99933876
circles,fixed_amplitude,123,511,0.92904383,0.01047784,1.00021993
circles,fixed_amplitude,123,512,0.90860327,0.09180643,1.02043395
circles,fixed_amplitude,123,513,0.91599556,0.08210493,0.99950012
circles,fixed_amplitude,123,514,0.90856033,0.05792026,1.00999955
circles,fixed_amplitude,123,515,0.90902771,0.00559919,1.00109459
circles,fixed_amplitude,123,516,0.9172441,0.02049522,1.00384422
circles,fixed_amplitude,123,517,0.91217327,0.09738355,1.0189001
circles,fixed_amplitude,123,518,0.9061692,0.00771658,1.01572182
circles,fixed_amplitude,123,519,0.91265501,0.07471558,1.01975462
circles,fixed_amplitude,123,520,0.91149786,0.00139477,0.96884418
circles,fixed_amplitude,123,521,0.92047668,0.02229493,0.986525
circles,fixed_amplitude,123,522,0.91669189,0.1666079,0.99394168
circles,fixed_amplitude,123,523,0.90834649,0.03097362,1.02376284
circles,fixed_amplitude,123,524,0.92690919,0.04378824,1.01812215
circles,fixed_amplitude,123,525,0.91797066,0.01829752,0.99950856
circles,fixed_amplitude,123,526,0.90043396,0.00859283,0.99890158
circles,fixed_amplitude,123,527,0.91024754,0.05046845,0.9831229
circles,fixed_amplitude,123,528,0.91740515,0.05645526,0.99825127
circles,fixed_amplitude,123,529,0.92706841,0.05423302,0.99499823
circles,fixed_amplitude,123,530,0.92798332,0.07151454,1.00941754
circles,fixed_amplitude,123,531,0.91623776,0.03077141,1.02674246
circles,fixed_amplitude,123,532,0.92341441,0.00735252,1.01025355
circles,fixed_amplitude,123,533,0.90698097,0.05233189,1.01243573
circles,fixed_amplitude,123,534,0.9331727,0.0567818,1.00214013
circles,fixed_amplitude,123,535,0.92125584,0.00525655,0.99274485
circles,fixed_amplitude,123,536,0.92607715,0.01267864,1.00593485
circles,fixed_amplitude,123,537,0.9258313,0.06194782,1.01295881
circles,fixed_amplitude,123,538,0.90723539,0.02414886,0.9921601
circles,fixed_amplitude,123,539,0.92361316,0.01725421,1.00211563
circles,fixed_amplitude,123,540,0.91319606,0.02444681,0.99845481
circles,fixed_amplitude,123,541,0.92032581,0.0172802,1.01930241
circles,fixed_amplitude,123,542,0.91147115,0.03704551,1.02149043
circles,fixed_amplitude,123,543,0.92430097,0.0624707,1.01232606
circles,fixed_amplitude,123,544,0.91654041,0.19160114,1.00898492
circles,fixed_amplitude,123,545,0.91780486,0.04138434,0.99602414
circles,fixed_amplitude,123,546,0.9135468,0.01902025,1.01631498
circles,fixed_amplitude,123,547,0.92402232,0.03688018,1.00973815
circles,fixed_amplitude,123,548,0.92527677,0.00312861,1.00340202
circles,fixed_amplitude,123,549,0.91517359,0.05573312,0.97156185
circles,fixed_amplitude,123,550,0.92277061,0.02174007,0.99500421
circles,fixed_amplitude,123,551,0.90948373,0.01280155,1.01015271
circles,fixed_amplitude,123,552,0.92276492,0.06040089,0.98430777
circles,fixed_amplitude,123,553,0.90652196,0.11058117,1.01338926
circles,fixed_amplitude,123,554,0.90959204,0.11473543,1.01260885
circles,fixed_amplitude,123,555,0.92484381,0.04275333,1.01595511
circles,fixed_amplitude,123,556,0.92862756,0.00516548,0.9906945
circles,fixed_amplitude,123,557,0.90085416,0.01611984,1.00841904
circles,fixed_amplitude,123,558,0.91504384,0.0759717,1.0024653
circles,fixed_amplitude,123,559,0.91938417,0.09477088,0.99345714
circles,fixed_amplitude,123,560,0.91179227,0.03006388,0.98271427
circles,fixed_amplitude,123,561,0.90711663,0.00780222,1.00051716
circles,fixed_amplitude,123,562,0.91017826,0.02621826,1.01099773
circles,fixed_amplitude,123,563,0.91876008,0.03125852,0.9929175
circles,fixed_amplitude,123,564,0.91521037,0.03886597,0.98900936
circles,fixed_amplitude,123,565,0.91579702,0.00731093,0.97277916
circles,fixed_amplitude,123,566,0.92355391,0.04728264,0.995708
circles,fixed_amplitude,123,567,0.90814495,0.10148309,0.96560828
circles,fixed_amplitude,123,568,0.90956597,0.05329699,1.006703
circles,fixed_amplitude,123,569,0.90560834,0.04173123,0.98964985
circles,fixed_amplitude,123,570,0.9165453,0.06431342,0.9967489
circles,fixed_amplitude,123,571,0.91706777,0.01547939,0.98793522
circles,fixed_amplitude,123,572,0.92288814,0.00800559,1.00436562
circles,fixed_amplitude,123,573,0.91420418,0.06572936,1.00416774
circles,fixed_amplitude,123,574,0.91442625,0.06750323,1.01800108
circles,fixed_amplitude,123,575,0.91731705,0.0072021,0.99176542
circles,fixed_amplitude,123,576,0.91933607,0.06524648,1.00270135
circles,fixed_amplitude,123,577,0.92232204,0.04235405,1.02245112
circles,fixed_amplitude,123,578,0.90953061,0.00347643,0.99399725
circles,fixed_amplitude,123,579,0.92496306,0.06108765,0.98438262
circles,fixed_amplitude,123,580,0.92035702,0.10102532,1.00951813
circles,fixed_amplitude,123,581,0.91663562,0.04504241,1.00441428
circles,fixed_amplitude,123,582,0.92688776,0.00467398,1.02862614
circles,fixed_amplitude,123,583,0.91617337,0.0574821,1.00290111
circles,fixed_amplitude,123,584,0.91965115,0.09134339,1.01268426
circles,fixed_amplitude,123,585,0.91622901,0.00970538,1.00438836
circles,fixed_amplitude,123,586,0.91759715,0.02742262,0.99841911
circles,fixed_amplitude,123,587,0.90194187,0.0201269,1.00954596
circles,fixed_amplitude,123,588,0.91729531,0.06355434,0.99780196
circles,fixed_amplitude,123,589,0.90911782,0.0762234,1.02525643
circles,fixed_amplitude,123,590,0.92313278,0.08151461,1.01288595
circles,fixed_amplitude,123,591,0.90686947,0.0238469,1.00638496
circles,fixed_amplitude,123,592,0.91783317,0.02918414,1.00552099
circles,fixed_amplitude,123,593,0.91421279,0.09192269,1.02049167
circles,fixed_amplitude,123,594,0.91233317,0.00434549,1.00903204
circles,fixed_amplitude,123,595,0.92379414,0.06417832,1.00630168
circles,fixed_amplitude,123,596,0.91834236,0.04063189,0.99974004
circles,fixed_amplitude,123,597,0.92671723,0.03493645,1.00687547
circles,fixed_amplitude,123,598,0.91416857,0.03203097,0.98393031
circles,fixed_amplitude,123,599,0.91152868,0.02264392,1.02030846
circles,fixed_amplitude,123,600,0.91889206,0.12151183,0.9959185
circles,fixed_amplitude,123,601,0.90712216,0.11287728,1.00695293
circles,fixed_amplitude,123,602,0.91903066,0.02396461,0.99216285
circles,fixed_amplitude,123,603,0.9288252,0.02948386,0.99575585
circles,fixed_amplitude,123,604,0.90663211,0.0858673,1.03099801
circles,fixed_amplitude,123,605,0.91130913,0.01579948,1.01535727
circles,fixed_amplitude,123,606,0.90566296,0.04758617,1.02471775
circles,fixed_amplitude,123,607,0.91853899,0.10454753,0.9971477
circles,fixed_amplitude,123,608,0.9105438,0.04056967,1.00466536
circles,fixed_amplitude,123,609,0.91568286,0.11132733,1.00048014
circles,fixed_amplitude,123,610,0.92482208,0.04925693,0.99521579
circles,fixed_amplitude,123,611,0.92590824,0.08290222,1.0056976
circles,fixed_amplitude,123,612,0.9189224,0.00264024,0.99200946
circles,fixed_amplitude,123,613,0.91691185,0.03138555,1.0013253
circles,fixed_amplitude,123,614,0.9106332,0.04379665,0.98694949
circles,fixed_amplitude,123,615,0.91034548,0.12498494,0.97038966
circles,fixed_amplitude,123,616,0.91950473,0.07881862,1.01268498
circles,fixed_amplitude,123,617,0.90653418,0.03153298,1.0170267
circles,fixed_amplitude,123,618,0.91748674,0.03115209,1.02403219
circles,fixed_amplitude,123,619,0.91768113,0.04016136,0.99252513
circles,fixed_amplitude,123,620,0.91435122,0.02711817,1.00845291
circles,fixed_amplitude,123,621,0.9221715,0.01897393,0.98112601
circles,fixed_amplitude,123,622,0.92179334,0.0087462,0.97510678
circles,fixed_amplitude,123,623,0.91832646,0.06830801,1.02138137
circles,fixed_amplitude,123,624,0.91171246,0.02095606,0.99045782
circles,fixed_amplitude,123,625,0.91903541,0.04007561,1.01493456
circles,fixed_amplitude,123,626,0.92185261,0.01896632,0.98369424
circles,fixed_amplitude,123,627,0.9209118,0.06401347,1.00832412
circles,fixed_amplitude,123,628,0.92122076,0.03600444,1.0065676
circles,fixed_amplitude,123,629,0.92246909,0.00096434,0.99196007
circles,fixed_amplitude,123,630,0.91819744,0.00702157,1.01366182
circles,fixed_amplitude,123,631,0.92090566,0.0577123,1.03150593
circles,fixed_amplitude,123,632,0.91253813,0.03021835,0.99898624
circles,fixed_amplitude,123,633,0.92951005,0.00899114,0.98906212
circles,fixed_amplitude,123,634,0.90476863,0.05864709,0.99989044
circles,fixed_amplitude,123,635,0.92261729,0.01293195,0.98412949
circles,fixed_amplitude,123,636,0.91008187,0.02047418,0.98897598
circles,fixed_amplitude,123,637,0.91564511,0.05719369,0.99962806
circles,fixed_amplitude,123,638,0.92115257,0.01293415,1.00342171
circles,fixed_amplitude,123,639,0.92614664,0.00737286,0.99939302
circles,fixed_amplitude,123,640,0.91964098,0.00633963,1.02284383
circles,fixed_amplitude,123,641,0.91560113,0.04216721,0.99520075
circles,fixed_amplitude,123,642,0.91772181,0.10139386,0.99469123
circles,fixed_amplitude,123,643,0.90831926,0.02517253,1.02281151
circles,fixed_amplitude,123,644,0.92374592,0.0104855,1.00546178
circles,fixed_amplitude,123,645,0.91710061,0.06381876,1.01929984
circles,fixed_amplitude,123,646,0.90919352,0.09434356,1.03500455
circles,fixed_amplitude,123,647,0.927165,0.06023006,1.01741717
circles,fixed_amplitude,123,648,0.91864884,0.01662956,0.97034831
circles,fixed_amplitude,123,649,0.91561579,0.01815477,0.99427027
circles,fixed_amplitude,123,650,0.92038889,0.04871214,1.00287981
circles,fixed_amplitude,123,651,0.92749374,0.08109988,0.9816139
circles,fixed_amplitude,123,652,0.91628022,0.01762562,0.98798231
circles,fixed_amplitude,123,653,0.91423602,0.00516007,0.96445669
circles,fixed_amplitude,123,654,0.91861533,0.08743634,1.02179084
circles,fixed_amplitude,123,655,0.92138817,0.03136241,0.99705723
circles,fixed_amplitude,123,656,0.91090014,0.04995393,0.9844914
circles,fixed_amplitude,123,657,0.91511542,0.03465469,1.00064127
circles,fixed_amplitude,123,658,0.91395052,0.0488823,0.97715848
circles,fixed_amplitude,123,659,0.91793111,0.06685696,0.97716444
circles,fixed_amplitude,123,660,0.90765662,0.04512754,0.98371943
circles,fixed_amplitude,123,661,0.91290697,0.01846674,0.98629254
circles,fixed_amplitude,123,662,0.91813091,0.03729821,0.99257602
circles,fixed_amplitude,123,663,0.90789345,0.02683003,1.00643951
circles,fixed_amplitude,123,664,0.91043731,0.13639147,1.00114155
circles,fixed_amplitude,123,665,0.91833243,0.06156416,0.98728157
circles,fixed_amplitude,123,666,0.91114738,0.02540496,1.00055911
circles,fixed_amplitude,123,667,0.9120418,0.02945216,0.98753165
circles,fixed_amplitude,123,668,0.90925589,0.03950915,0.99590151
circles,fixed_amplitude,123,669,0.91682204,0.02228835,0.99749423
circles,fixed_amplitude,123,670,0.92310827,0.03102655,0.9965391
circles,fixed_amplitude,123,671,0.91249046,0.06850233,1.01111474
circles,fixed_amplitude,123,672,0.92429576,0.03991484,0.97529699
circles,fixed_amplitude,123,673,0.91901583,0.13176243,1.01870404
circles,fixed_amplitude,123,674,0.91833074,0.01590265,1.00740987
circles,fixed_amplitude,123,675,0.91965923,0.06339384,1.0433127
circles,fixed_amplitude,123,676,0.91304497,0.11866343,1.00468585
circles,fixed_amplitude,123,677,0.91743277,0.02743393,1.03370649
circles,fixed_amplitude,123,678,0.91689401,0.0196028,1.00378049
circles,fixed_amplitude,123,679,0.9233863,0.01645837,0.99684209
circles,fixed_amplitude,123,680,0.91736514,0.05334928,1.01453501
circles,fixed_amplitude,123,681,0.9112918,0.03704836,0.98493317
circles,fixed_amplitude,123,682,0.91234996,0.03875502,0.99718161
circles,fixed_amplitude,123,683,0.91939645,0.01499954,1.00112092
circles,fixed_amplitude,123,684,0.91718881,0.12710914,1.03014367
circles,fixed_amplitude,123,685,0.91325064,0.02711943,0.98528739
circles,fixed_amplitude,123,686,0.91139393,0.09825474,1.00251229
circles,fixed_amplitude,123,687,0.92247099,0.04841526,0.98112058
circles,fixed_amplitude,123,688,0.90039522,0.01698248,1.01578679
circles,fixed_amplitude,123,689,0.91865775,0.01954185,0.9991284
circles,fixed_amplitude,123,690,0.91812371,0.01025072,1.00825603
circles,fixed_amplitude,123,691,0.90855524,0.03252469,1.00066859
circles,fixed_amplitude,123,692,0.91269331,0.00862268,1.01686269
circles,fixed_amplitude,123,693,0.91915187,0.02938904,0.99399034
circles,fixed_amplitude,123,694,0.92905341,0.037075,0.97006426
circles,fixed_amplitude,123,695,0.9180995,0.0555527,0.99893781
circles,fixed_amplitude,123,696,0.91636282,0.00171108,0.99482939
circles,fixed_amplitude,123,697,0.91817513,0.06034749,0.97726585
circles,fixed_amplitude,123,698,0.91570573,0.08908052,0.98847098
circles,fixed_amplitude,123,699,0.92402512,0.09352461,1.01106982
circles,fixed_amplitude,123,700,0.91794613,0.02243193,1.00818625
circles,fixed_amplitude,123,701,0.92907872,0.07520013,0.99763383
circles,fixed_amplitude,123,702,0.92358828,0.02686391,1.00428049
circles,fixed_amplitude,123,703,0.91834405,0.03488077,0.99042244
circles,fixed_amplitude,123,704,0.91449103,0.10784119,1.01035194
circles,fixed_amplitude,123,705,0.92610281,0.04595457,1.0214983
circles,fixed_amplitude,123,706,0.91720502,0.05230379,1.00379342
circles,fixed_amplitude,123,707,0.91643884,0.04943579,0.98486232
circles,fixed_amplitude,123,708,0.92305379,0.07419423,1.0117653
circles,fixed_amplitude,123,709,0.92070739,0.08127539,1.01500717
circles,fixed_amplitude,123,710,0.92464969,0.04009408,1.02804537
circles,fixed_amplitude,123,711,0.92253728,0.05154758,1.01621728
circles,fixed_amplitude,123,712,0.9230887,0.05784828,0.99667705
circles,fixed_amplitude,123,713,0.91778337,0.02440245,1.01887317
circles,fixed_amplitude,123,714,0.91941377,0.05386461,0.99470355
circles,fixed_amplitude,123,715,0.91818709,0.10778798,0.98782848
circles,fixed_amplitude,123,716,0.90862376,0.03307718,0.9900308
circles,fixed_amplitude,123,717,0.91888926,0.02362351,0.98902175
circles,fixed_amplitude,123,718,0.91723731,0.02430432,0.97555647
circles,fixed_amplitude,123,719,0.92274976,0.11683215,1.03035103
circles,fixed_amplitude,123,720,0.90681164,0.06268553,0.99106762
circles,fixed_amplitude,123,721,0.92282487,0.00678122,1.00673215
circles,fixed_amplitude,123,722,0.90556382,0.02345404,0.99496325
circles,fixed_amplitude,123,723,0.9184755,0.00737521,0.99574932
circles,fixed_amplitude,123,724,0.9165116,0.06710369,0.99639126
circles,fixed_amplitude,123,725,0.91998031,0.02270801,0.99737863
circles,fixed_amplitude,123,726,0.91385009,0.04839456,0.98704004
circles,fixed_amplitude,123,727,0.91929808,0.02216672,1.01277587
circles,fixed_amplitude,123,728,0.92008666,0.02109368,1.00512376
circles,fixed_amplitude,123,729,0.91621049,0.04214494,0.99516558
circles,fixed_amplitude,123,730,0.8990831,0.08387979,1.02266878
circles,fixed_amplitude,123,731,0.91150548,0.02856543,1.0055337
circles,fixed_amplitude,123,732,0.91196768,0.05936443,1.01051515
circles,fixed_amplitude,123,733,0.91887866,0.10097969,1.00086428
circles,fixed_amplitude,123,734,0.91236637,0.02301821,1.00384514
circles,fixed_amplitude,123,735,0.91177579,0.01450753,0.9814005
circles,fixed_amplitude,123,736,0.91613838,0.07749761,1.0019219
circles,fixed_amplitude,123,737,0.91697312,0.07760311,1.0083029
circles,fixed_amplitude,123,738,0.90853515,0.04260864,0.99378317
circles,fixed_amplitude,123,739,0.91952512,0.05967046,1.01188253
circles,fixed_amplitude,123,740,0.91682812,0.02664249,0.99707935
circles,fixed_amplitude,123,741,0.92780612,0.00987084,1.0133236
circles,fixed_amplitude,123,742,0.91692626,0.03669864,1.02419856
circles,fixed_amplitude,123,743,0.91678918,0.02238875,0.9823939
circles,fixed_amplitude,123,744,0.91835769,0.01346061,0.98887119
circles,fixed_amplitude,123,745,0.92387184,0.0401514,1.00920211
circles,fixed_amplitude,123,746,0.9177537,0.05053022,0.97760774
circles,fixed_amplitude,123,747,0.91165114,0.02382563,0.9755417
circles,fixed_amplitude,123,748,0.91954122,0.06077056,1.0219845
circles,fixed_amplitude,123,749,0.92581201,0.04348761,0.99698496
circles,fixed_amplitude,123,750,0.92401903,0.05055421,1.01865935
circles,fixed_amplitude,123,751,0.91983049,0.00664555,1.0101059
circles,fixed_amplitude,123,752,0.92641237,0.14569155,0.98410884
circles,fixed_amplitude,123,753,0.92577238,0.0879565,1.00827107
circles,fixed_amplitude,123,754,0.91845512,0.08948559,1.00944784
circles,fixed_amplitude,123,755,0.91946678,0.00269581,0.99626203
circles,fixed_amplitude,123,756,0.92268187,0.04314943,1.04908328
circles,fixed_amplitude,123,757,0.90934311,0.00938944,1.0027257
circles,fixed_amplitude,123,758,0.92863105,0.07614811,1.00211538
circles,fixed_amplitude,123,759,0.9189238,0.0889999,1.01625348
circles,fixed_amplitude,123,760,0.90755954,0.08391962,1.0092484
circles,fixed_amplitude,123,761,0.91748662,0.11216139,0.96724535
circles,fixed_amplitude,123,762,0.91459764,0.00103733,1.01065532
circles,fixed_amplitude,123,763,0.91754043,0.0141542,0.99482356
circles,fixed_amplitude,123,764,0.9138992,0.03709568,0.98796123
circles,fixed_amplitude,123,765,0.92362862,0.01547084,1.02911017
circles,fixed_amplitude,123,766,0.90983827,0.02826664,0.99626013
circles,fixed_amplitude,123,767,0.91944557,0.04380493,1.00592413
circles,fixed_amplitude,123,768,0.92153699,0.07365479,0.96726562
circles,fixed_amplitude,123,769,0.92416173,0.03060533,0.97842594
circles,fixed_amplitude,123,770,0.90966601,0.00377615,1.00949614
circles,fixed_amplitude,123,771,0.90241261,0.0453363,0.99991206
circles,fixed_amplitude,123,772,0.91296755,0.07314637,1.02270995
circles,fixed_amplitude,123,773,0.91844354,0.01783595,1.01908367
circles,fixed_amplitude,123,774,0.92172821,0.05953442,1.00716961
circles,fixed_amplitude,123,775,0.91606662,0.04744348,0.98908848
circles,fixed_amplitude,123,776,0.92720361,0.02653353,0.98687208
circles,fixed_amplitude,123,777,0.91310684,0.05682987,1.01112499
circles,fixed_amplitude,123,778,0.91313304,0.01476355,0.99992296
circles,fixed_amplitude,123,779,0.91568852,0.07587264,0.98580826
circles,fixed_amplitude,123,780,0.92524224,0.02900261,1.01714149
circles,fixed_amplitude,123,781,0.92592192,0.02301985,0.98875774
circles,fixed_amplitude,123,782,0.91369066,0.01437912,1.0076679
circles,fixed_amplitude,123,783,0.91674286,0.03955009,0.97141942
circles,fixed_amplitude,123,784,0.91673324,0.00660056,1.00001443
circles,fixed_amplitude,123,785,0.91399808,0.01270801,1.02925947
circles,fixed_amplitude,123,786,0.92009976,0.02260595,1.01113335
circles,fixed_amplitude,123,787,0.91205192,0.04421314,0.99352009
circles,fixed_amplitude,123,788,0.90863081,0.03135753,1.02018771
circles,fixed_amplitude,123,789,0.91229284,0.00803823,0.98953074
circles,fixed_amplitude,123,790,0.91975102,0.08253999,1.01329331
circles,fixed_amplitude,123,791,0.91872235,0.04676106,0.9890772
circles,fixed_amplitude,123,792,0.91517865,0.03649299,1.02380862
circles,fixed_amplitude,123,793,0.91630492,0.05792433,0.98086193
circles,fixed_amplitude,123,794,0.91534923,0.05983341,0.98305069
circles,fixed_amplitude,123,795,0.91598328,0.05679894,0.97615866
circles,fixed_amplitude,123,796,0.92510564,0.02731607,1.01744232
circles,fixed_amplitude,123,797,0.91902149,0.05720577,1.00005518
circles,fixed_amplitude,123,798,0.90342045,0.01164395,0.98204538
circles,fixed_amplitude,123,799,0.9128629,0.03564028,0.96201046
circles,fixed_amplitude,123,800,0.90898577,0.06108583,1.0155314
circles,fixed_amplitude,123,801,0.91803225,0.01812523,1.01189969
circles,fixed_amplitude,123,802,0.91541962,0.0004948,0.97951161
circles,fixed_amplitude,123,803,0.91949322,0.02898379,0.95772771
circles,fixed_amplitude,123,804,0.90974803,0.11096529,0.98392509
circles,fixed_amplitude,123,805,0.91325093,0.07030613,0.9600128
circles,fixed_amplitude,123,806,0.90996809,0.05323454,0.98534116
circles,fixed_amplitude,123,807,0.92304754,0.02821581,0.98190754
circles,fixed_amplitude,123,808,0.9050298,0.11656619,0.99240862
circles,fixed_amplitude,123,809,0.92177968,0.1494131,1.00560025
circles,fixed_amplitude,123,810,0.92342684,0.03996648,1.01460642
circles,fixed_amplitude,123,811,0.91729918,0.00671906,0.9831734
circles,fixed_amplitude,123,812,0.92798202,0.01559752,0.98583305
circles,fixed_amplitude,123,813,0.91887423,0.0393212,0.97348545
circles,fixed_amplitude,123,814,0.9182254,0.00243777,1.02471906
circles,fixed_amplitude,123,815,0.91998549,0.08701262,0.989409
circles,fixed_amplitude,123,816,0.91494945,0.04586143,1.01817488
circles,fixed_amplitude,123,817,0.91660283,0.02713272,0.99469748
circles,fixed_amplitude,123,818,0.92157005,0.02568517,0.97895793
circles,fixed_amplitude,123,819,0.92220647,0.07239967,1.03637293
circles,fixed_amplitude,123,820,0.91726164,0.06545159,0.97044362
circles,fixed_amplitude,123,821,0.90952724,0.00555492,0.99818726
circles,fixed_amplitude,123,822,0.90918978,0.02210263,1.02550804
circles,fixed_amplitude,123,823,0.9206889,0.01273349,0.96836476
circles,fixed_amplitude,123,824,0.915927,0.01728154,1.0128952
circles,fixed_amplitude,123,825,0.92626873,0.01375256,0.98126375
circles,fixed_amplitude,123,826,0.91077544,0.06574518,1.00952254
circles,fixed_amplitude,123,827,0.91043469,0.03946647,0.99672699
circles,fixed_amplitude,123,828,0.92251106,0.04108117,0.99773364
circles,fixed_amplitude,123,829,0.91271143,0.03722777,1.01752373
circles,fixed_amplitude,123,830,0.92572986,0.04947328,1.00688369
circles,fixed_amplitude,123,831,0.91181267,0.03955516,1.00797697
circles,fixed_amplitude,123,832,0.91242839,0.04452219,0.98160686
circles,fixed_amplitude,123,833,0.90472978,0.09904983,1.02311439
circles,fixed_amplitude,123,834,0.91385695,0.08386098,0.99000764
circles,fixed_amplitude,123,835,0.91107433,0.0249989,1.01304332
circles,fixed_amplitude,123,836,0.92665763,0.00270403,1.00897818
circles,fixed_amplitude,123,837,0.9196947,0.03962659,1.01880915
circles,fixed_amplitude,123,838,0.90808371,0.04274162,1.01714071
circles,fixed_amplitude,123,839,0.92215313,0.03240655,1.0052467
circles,fixed_amplitude,123,840,0.91439139,0.00866703,0.9791401
circles,fixed_amplitude,123,841,0.91447764,0.0022233,1.00566257
circles,fixed_amplitude,123,842,0.91185998,0.02924196,0.98530853
circles,fixed_amplitude,123,843,0.9152387,0.01612765,0.98157902
circles,fixed_amplitude,123,844,0.92157924,0.00942645,0.99754566
circles,fixed_amplitude,123,845,0.91785103,0.04727035,1.00085674
circles,fixed_amplitude,123,846,0.91773265,0.05700431,0.99357749
circles,fixed_amplitude,123,847,0.90867125,0.00704801,1.03301796
circles,fixed_amplitude,123,848,0.92179469,0.12123059,1.00731265
circles,fixed_amplitude,123,849,0.91753344,0.04804872,1.00197545
circles,fixed_amplitude,123,850,0.9211104,0.03149901,0.97343755
circles,fixed_amplitude,123,851,0.9218926,0.00665433,0.97846681
circles,fixed_amplitude,123,852,0.91033209,0.00192122,1.02348453
circles,fixed_amplitude,123,853,0.92114108,0.01179701,1.02305322
circles,fixed_amplitude,123,854,0.91937562,0.00949793,1.00924175
circles,fixed_amplitude,123,855,0.91753316,0.05321556,1.00812262
circles,fixed_amplitude,123,856,0.92437183,0.01678306,0.98747541
circles,fixed_amplitude,123,857,0.91802938,0.00886016,0.99071922
circles,fixed_amplitude,123,858,0.91303832,0.01521312,1.00663842
circles,fixed_amplitude,123,859,0.91511439,0.02719079,1.04378659
circles,fixed_amplitude,123,860,0.92081351,0.08188115,0.99994945
circles,fixed_amplitude,123,861,0.91931233,0.05644302,0.99796719
circles,fixed_amplitude,123,862,0.91108873,0.02657456,0.9982616
circles,fixed_amplitude,123,863,0.91327487,0.06494274,1.01396029
circles,fixed_amplitude,123,864,0.92568512,0.00084015,0.99914236
circles,fixed_amplitude,123,865,0.91143189,0.03528743,0.98995219
circles,fixed_amplitude,123,866,0.92265783,0.0317346,1.00224527
circles,fixed_amplitude,123,867,0.92041366,0.03702603,1.02325948
circles,fixed_amplitude,123,868,0.9297451,0.06951064,1.0063763
circles,fixed_amplitude,123,869,0.9138603,0.01204521,0.97803493
circles,fixed_amplitude,123,870,0.91142321,0.0092656,0.99295806
circles,fixed_amplitude,123,871,0.91422245,0.03523069,0.9947922
circles,fixed_amplitude,123,872,0.91443673,0.0689669,0.97695115
circles,fixed_amplitude,123,873,0.91709134,0.0325787,1.00604584
circles,fixed_amplitude,123,874,0.92001988,0.01406944,0.9981643
circles,fixed_amplitude,123,875,0.91608316,0.04786526,0.99764556
circles,fixed_amplitude,123,876,0.91164157,0.01383224,0.99354269
circles,fixed_amplitude,123,877,0.90667834,0.00262089,0.99560442
circles,fixed_amplitude,123,878,0.91860535,0.0436122,1.00420712
circles,fixed_amplitude,123,879,0.91880416,0.03953481,1.01320981
circles,fixed_amplitude,123,880,0.9193355,0.03669194,0.98595851
circles,fixed_amplitude,123,881,0.91574983,0.01585829,0.97379627
circles,fixed_amplitude,123,882,0.91984696,0.07601417,0.99519254
circles,fixed_amplitude,123,883,0.91681354,0.0596313,1.03292869
circles,fixed_amplitude,123,884,0.91435259,0.04171914,0.99322885
circles,fixed_amplitude,123,885,0.91651458,0.02600218,0.98544214
circles,fixed_amplitude,123,886,0.91910791,0.16910151,0.97842996
circles,fixed_amplitude,123,887,0.91502233,0.04585187,1.01016152
circles,fixed_amplitude,123,888,0.92102688,0.03229713,0.99193856
circles,fixed_amplitude,123,889,0.9190525,0.04347006,0.9854979
circles,fixed_amplitude,123,890,0.92153333,0.18540595,1.00387529
circles,fixed_amplitude,123,891,0.92584639,0.04610887,1.01168091
circles,fixed_amplitude,123,892,0.93370173,0.09142636,1.00055634
circles,fixed_amplitude,123,893,0.90421816,0.06461673,0.99450524
circles,fixed_amplitude,123,894,0.91050909,0.02019932,1.02936712
circles,fixed_amplitude,123,895,0.90791741,0.00258941,1.01879883
circles,fixed_amplitude,123,896,0.91849701,0.09364352,0.98900492
circles,fixed_amplitude,123,897,0.91528424,0.0435876,1.00523663
circles,fixed_amplitude,123,898,0.89900396,0.09573037,0.99090586
circles,fixed_amplitude,123,899,0.91731522,0.01710865,0.97388912
circles,fixed_amplitude,123,900,0.92354766,0.04249935,1.02124804
circles,fixed_amplitude,123,901,0.91837028,0.02894247,1.00439636
circles,fixed_amplitude,123,902,0.92132375,0.07986633,1.0009666
circles,fixed_amplitude,123,903,0.91409004,0.04163124,0.98673042
circles,fixed_amplitude,123,904,0.91504578,0.0172759,1.00029538
circles,fixed_amplitude,123,905,0.9212218,0.03625901,1.01800144
circles,fixed_amplitude,123,906,0.9188999,0.03929694,0.98739267
circles,fixed_amplitude,123,907,0.92179718,0.0318254,0.99696999
circles,fixed_amplitude,123,908,0.9208606,0.03487741,1.00416929
circles,fixed_amplitude,123,909,0.91866958,0.01614851,1.02633776
circles,fixed_amplitude,123,910,0.91998136,0.03568844,0.98695812
circles,fixed_amplitude,123,911,0.91263376,0.04411481,0.9751806
circles,fixed_amplitude,123,912,0.92508211,0.02627243,1.03184521
circles,fixed_amplitude,123,913,0.90494866,0.03695104,0.97424114
circles,fixed_amplitude,123,914,0.91764726,0.00763891,0.9971996
circles,fixed_amplitude,123,915,0.92210922,0.0321373,1.0159664
circles,fixed_amplitude,123,916,0.91466091,0.04302822,0.97887403
circles,fixed_amplitude,123,917,0.91290123,0.00080096,1.02053077
circles,fixed_amplitude,123,918,0.92242385,0.01321424,1.02342418
circles,fixed_amplitude,123,919,0.9164739,0.02193534,0.98711483
circles,fixed_amplitude,123,920,0.92262346,0.01058967,1.00280148
circles,fixed_amplitude,123,921,0.91909856,0.01771194,0.99439952
circles,fixed_amplitude,123,922,0.91447649,0.05208758,0.99343949
circles,fixed_amplitude,123,923,0.91160366,0.09092282,1.02432645
circles,fixed_amplitude,123,924,0.92344262,0.04062296,1.00949297
circles,fixed_amplitude,123,925,0.91485981,0.00318724,0.99260814
circles,fixed_amplitude,123,926,0.92726384,0.01036615,1.00775789
circles,fixed_amplitude,123,927,0.91736892,0.05165955,0.99216944
circles,fixed_amplitude,123,928,0.92172604,0.01392042,1.00950156
circles,fixed_amplitude,123,929,0.92184136,0.06909919,1.01462697
circles,fixed_amplitude,123,930,0.91654768,0.00677801,0.97830965
circles,fixed_amplitude,123,931,0.91305025,0.01386327,0.9845767
circles,fixed_amplitude,123,932,0.91847303,0.02664512,1.0080423
circles,fixed_amplitude,123,933,0.90888903,0.02869136,1.03071852
circles,fixed_amplitude,123,934,0.91497839,0.0101881,1.00124177
circles,fixed_amplitude,123,935,0.92679592,0.02715696,0.98023733
circles,fixed_amplitude,123,936,0.90837906,0.00405543,1.00254232
circles,fixed_amplitude,123,937,0.9227001,0.07826335,1.00879244
circles,fixed_amplitude,123,938,0.9225537,0.00014355,0.99004405
circles,fixed_amplitude,123,939,0.92394813,0.01050919,1.00049892
circles,fixed_amplitude,123,940,0.92557333,0.06986034,0.98445118
circles,fixed_amplitude,123,941,0.9059755,0.12228577,1.00429696
circles,fixed_amplitude,123,942,0.93642899,0.03456017,1.00922957
circles,fixed_amplitude,123,943,0.91445778,0.01852015,0.99601684
circles,fixed_amplitude,123,944,0.92215831,0.05636446,0.99979584
circles,fixed_amplitude,123,945,0.92363376,0.10490959,0.98617834
circles,fixed_amplitude,123,946,0.92199774,0.03146964,1.01453534
circles,fixed_amplitude,123,947,0.92229531,0.02648643,1.01311698
circles,fixed_amplitude,123,948,0.92324,0.05111519,1.00823741
circles,fixed_amplitude,123,949,0.91029949,0.00562934,1.00926479
circles,fixed_amplitude,123,950,0.92532254,0.0608441,0.99100103
circles,fixed_amplitude,123,951,0.92017808,0.00734855,0.98360162
circles,fixed_amplitude,123,952,0.91882902,0.00993845,0.9735592
circles,fixed_amplitude,123,953,0.91422841,0.04043058,0.98830186
circles,fixed_amplitude,123,954,0.91252981,0.00343206,0.99405478
circles,fixed_amplitude,123,955,0.91445044,0.04108597,1.01074962
circles,fixed_amplitude,123,956,0.9076447,0.07394896,1.00622105
circles,fixed_amplitude,123,957,0.9179621,0.033608,1.02009342
circles,fixed_amplitude,123,958,0.91777798,0.06911633,0.97857624
circles,fixed_amplitude,123,959,0.91159934,0.00511141,0.97544135
circles,fixed_amplitude,123,960,0.92431956,0.04966232,0.97191476
circles,fixed_amplitude,123,961,0.922344,0.11781516,0.99233954
circles,fixed_amplitude,123,962,0.91775797,0.04010079,1.009725
circles,fixed_amplitude,123,963,0.90600287,0.02030864,1.00108793
circles,fixed_amplitude,123,964,0.90682853,0.02997852,1.01304355
circles,fixed_amplitude,123,965,0.91746621,0.00878381,0.98767068
circles,fixed_amplitude,123,966,0.92119827,0.02099321,0.99302
circles,fixed_amplitude,123,967,0.89734649,0.04038968,1.00119494
circles,fixed_amplitude,123,968,0.92224028,0.0173181,1.005763
circles,fixed_amplitude,123,969,0.90898785,0.01360059,0.99108154
circles,fixed_amplitude,123,970,0.91275397,0.04549148,1.00986605
circles,fixed_amplitude,123,971,0.92059165,0.03671038,1.02856035
circles,fixed_amplitude,123,972,0.91367279,0.03377836,1.00112772
circles,fixed_amplitude,123,973,0.91359426,0.0286614,0.97996923
circles,fixed_amplitude,123,974,0.92215846,0.04822229,0.99892915
circles,fixed_amplitude,123,975,0.91695648,0.04418879,1.00184311
circles,fixed_amplitude,123,976,0.92318949,0.00542409,1.01646341
circles,fixed_amplitude,123,977,0.91534412,0.02360852,1.01132482
circles,fixed_amplitude,123,978,0.91766198,0.05408413,1.02281532
circles,fixed_amplitude,123,979,0.91529566,0.06471951,0.9996354
circles,fixed_amplitude,123,980,0.9168303,0.01209975,1.00613482
circles,fixed_amplitude,123,981,0.92175455,0.02540748,1.02395655
circles,fixed_amplitude,123,982,0.91519084,0.02176659,1.02233851
circles,fixed_amplitude,123,983,0.91728288,0.00970414,0.99902862
circles,fixed_amplitude,123,984,0.90632674,0.06553913,0.98264306
circles,fixed_amplitude,123,985,0.91491481,0.0146988,1.00645635
circles,fixed_amplitude,123,986,0.92326824,0.00791667,0.98772988
circles,fixed_amplitude,123,987,0.91168852,0.05756976,1.00864056
circles,fixed_amplitude,123,988,0.91376357,0.01378477,1.01608324
circles,fixed_amplitude,123,989,0.92503269,0.0191328,0.98735141
circles,fixed_amplitude,123,990,0.91501451,0.07529627,0.98702832
circles,fixed_amplitude,123,991,0.92209184,0.04127604,0.98746256
circles,fixed_amplitude,123,992,0.91210234,0.00995964,0.97458969
circles,fixed_amplitude,123,993,0.91139901,0.01402057,1.02013853
circles,fixed_amplitude,123,994,0.90671838,0.07850432,0.98401339
circles,fixed_amplitude,123,995,0.92331245,0.03295066,1.01101429
circles,fixed_amplitude,123,996,0.91411707,0.06042633,1.01818945
circles,fixed_amplitude,123,997,0.91814693,0.00219753,1.00517415
circles,fixed_amplitude,123,998,0.9145166,0.02952482,0.98012825
circles,fixed_amplitude,123,999,0.92332075,0.00100092,1.00597074
circles,fixed_amplitude,256,0,0.91049747,0.03039861,0.97219121
circles,fixed_amplitude,256,1,0.92395873,0.07890362,0.99218291
circles,fixed_amplitude,256,2,0.91388747,0.03025127,1.0229212
circles,fixed_amplitude,256,3,0.90891722,0.07334007,0.98101347
circles,fixed_amplitude,256,4,0.92740332,0.01906838,1.02172348
circles,fixed_amplitude,256,5,0.92258929,0.02450187,0.99225265
circles,fixed_amplitude,256,6,0.90637832,0.09338077,1.0265526
circles,fixed_amplitude,256,7,0.90851533,0.02105707,1.01644328
circles,fixed_amplitude,256,8,0.91114911,0.02328074,0.95270861
circles,fixed_amplitude,256,9,0.91264987,0.01784698,1.00417112
circles,fixed_amplitude,256,10,0.90533492,0.02082877,0.99637988
circles,fixed_amplitude,256,11,0.91786308,0.05566994,0.97872531
circles,fixed_amplitude,256,12,0.91596743,0.05579698,1.0072923
circles,fixed_amplitude,256,13,0.91467542,0.05763291,0.99029244
circles,fixed_amplitude,256,14,0.91037984,0.04010271,1.03685487
circles,fixed_amplitude,256,15,0.91158292,0.01128976,0.97923404
circles,fixed_amplitude,256,16,0.91178667,0.04824729,1.0133728
circles,fixed_amplitude,256,17,0.91147091,0.05736086,0.99864019
circles,fixed_amplitude,256,18,0.90854722,0.00870583,0.98413122
circles,fixed_amplitude,256,19,0.92318943,0.03134738,0.99568927
circles,fixed_amplitude,256,20,0.90461442,0.05278112,0.96224531
circles,fixed_amplitude,256,21,0.91514925,0.0586985,0.97974648
circles,fixed_amplitude,256,22,0.91810033,0.07109417,1.01349477
circles,fixed_amplitude,256,23,0.92346137,0.01327809,1.00060168
circles,fixed_amplitude,256,24,0.91949127,0.00968035,0.98842561
circles,fixed_amplitude,256,25,0.91630258,0.00252642,1.01617623
circles,fixed_amplitude,256,26,0.9120549,0.01453069,1.01913249
circles,fixed_amplitude,256,27,0.90394319,0.03560258,0.9688493
circles,fixed_amplitude,256,28,0.91635812,0.01307209,1.02703518
circles,fixed_amplitude,256,29,0.91676499,0.02538893,0.98595186
circles,fixed_amplitude,256,30,0.90868032,0.02257856,1.00981741
circles,fixed_amplitude,256,31,0.91088363,0.06346983,1.01726844
circles,fixed_amplitude,256,32,0.9109681,0.06107625,1.00751875
circles,fixed_amplitude,256,33,0.91392124,0.09051348,1.00054822
circles,fixed_amplitude,256,34,0.90864538,0.01969402,1.00177139
circles,fixed_amplitude,256,35,0.91440251,0.0433413,0.96478415
circles,fixed_amplitude,256,36,0.91366793,0.03416842,0.98468079
circles,fixed_amplitude,256,37,0.91093341,0.0226199,1.00374159
circles,fixed_amplitude,256,38,0.92396295,0.04607618,0.99920295
circles,fixed_amplitude,256,39,0.926431,0.02262163,1.0198467
circles,fixed_amplitude,256,40,0.92594613,0.11746116,1.00809892
circles,fixed_amplitude,256,41,0.91528303,0.11621885,0.99526013
circles,fixed_amplitude,256,42,0.91414315,0.06396798,1.03445049
circles,fixed_amplitude,256,43,0.91979716,0.17368981,0.98834737
circles,fixed_amplitude,256,44,0.91281648,0.0892123,0.99266262
circles,fixed_amplitude,256,45,0.91410727,0.01011639,0.9985767
circles,fixed_amplitude,256,46,0.91633035,0.05372003,0.97419577
circles,fixed_amplitude,256,47,0.92208453,0.11886796,1.02158809
circles,fixed_amplitude,256,48,0.90780843,0.0358228,1.04092961
circles,fixed_amplitude,256,49,0.91720866,0.02152121,0.99888728
circles,fixed_amplitude,256,50,0.91329965,0.02635644,0.9809478
circles,fixed_amplitude,256,51,0.8983536,0.04693832,1.00815158
circles,fixed_amplitude,256,52,0.9178152,0.08083715,0.99421172
circles,fixed_amplitude,256,53,0.91295306,0.02487393,0.99286013
circles,fixed_amplitude,256,54,0.91586033,0.05501483,1.01164545
circles,fixed_amplitude,256,55,0.91680992,0.01976019,1.00690841
circles,fixed_amplitude,256,56,0.92029982,0.01930335,1.02504022
circles,fixed_amplitude,256,57,0.9118059,0.03499697,0.99648254
circles,fixed_amplitude,256,58,0.91676286,0.05243953,0.99899792
circles,fixed_amplitude,256,59,0.92076365,0.0102938,1.00232088
circles,fixed_amplitude,256,60,0.90876265,0.02719814,1.01795083
circles,fixed_amplitude,256,61,0.91491013,0.04420763,1.00117086
circles,fixed_amplitude,256,62,0.91064698,0.16269929,0.98287707
circles,fixed_amplitude,256,63,0.92118646,0.00448171,0.98352671
circles,fixed_amplitude,256,64,0.91122774,0.09150987,0.99334836
circles,fixed_amplitude,256,65,0.90829347,0.00821849,0.97021602
circles,fixed_amplitude,256,66,0.91541891,0.03211405,1.00647329
circles,fixed_amplitude,256,67,0.92345288,0.02411073,0.99908652
circles,fixed_amplitude,256,68,0.91702962,0.04785754,1.00117131
circles,fixed_amplitude,256,69,0.92523173,0.09528014,0.9892512
circles,fixed_amplitude,256,70,0.92141584,0.05306152,1.00155052
circles,fixed_amplitude,256,71,0.92160363,0.08420739,1.01135195
circles,fixed_amplitude,256,72,0.92094404,0.01091099,1.00243609
circles,fixed_amplitude,256,73,0.92050896,0.01190256,0.97704517
circles,fixed_amplitude,256,74,0.91540301,0.09229878,1.02639856
circles,fixed_amplitude,256,75,0.91820595,0.12698752,0.99969278
circles,fixed_amplitude,256,76,0.91420204,0.03592669,1.00694657
circles,fixed_amplitude,256,77,0.91643726,0.00211367,1.00199564
circles,fixed_amplitude,256,78,0.91571521,0.04456452,1.01475757
circles,fixed_amplitude,256,79,0.91791277,0.05877379,1.02193002
circles,fixed_amplitude,256,80,0.92520434,0.05092578,0.99188201
circles,fixed_amplitude,256,81,0.91503332,0.07994326,0.9751872
circles,fixed_amplitude,256,82,0.92877085,0.06372367,1.01314757
circles,fixed_amplitude,256,83,0.92726297,0.07844876,0.99603103
circles,fixed_amplitude,256,84,0.92007524,0.00497101,0.99063981
circles,fixed_amplitude,256,85,0.91348594,0.04801214,0.99341457
circles,fixed_amplitude,256,86,0.91427953,0.04897647,0.99561563
circles,fixed_amplitude,256,87,0.91417766,0.03022417,0.97301718
circles,fixed_amplitude,256,88,0.91709246,0.06100694,0.97331875
circles,fixed_amplitude,256,89,0.91702545,0.04410111,0.97409792
circles,fixed_amplitude,256,90,0.91977649,0.05737223,0.99329753
circles,fixed_amplitude,256,91,0.91115115,0.01603134,0.97937202
circles,fixed_amplitude,256,92,0.91463322,0.07166706,0.98386662
circles,fixed_amplitude,256,93,0.91054332,0.0556789,1.01127068
circles,fixed_amplitude,256,94,0.91814318,0.06896979,1.00285575
circles,fixed_amplitude,256,95,0.91218014,0.01087598,1.00366672
circles,fixed_amplitude,256,96,0.91289817,0.05656471,0.96908923
circles,fixed_amplitude,256,97,0.90840986,0.04174471,0.9844479
circles,fixed_amplitude,256,98,0.91059693,0.0205316,1.01717826
circles,fixed_amplitude,256,99,0.91223777,0.00010917,0.97936486
circles,fixed_amplitude,256,100,0.92682662,0.01596356,1.00149198
circles,fixed_amplitude,256,101,0.92456467,0.09526564,0.96545788
circles,fixed_amplitude,256,102,0.9135119,0.06133848,0.99550857
circles,fixed_amplitude,256,103,0.91391564,0.00372156,0.98842649
circles,fixed_amplitude,256,104,0.92114983,0.02499019,0.98270208
circles,fixed_amplitude,256,105,0.92146753,0.03867364,1.0018363
circles,fixed_amplitude,256,106,0.92073593,0.02993462,0.99959829
circles,fixed_amplitude,256,107,0.91676918,0.04665031,0.98086335
circles,fixed_amplitude,256,108,0.92470484,0.03418819,0.98368005
circles,fixed_amplitude,256,109,0.92405512,0.00640484,0.97684421
circles,fixed_amplitude,256,110,0.92382934,0.05546846,0.99400571
circles,fixed_amplitude,256,111,0.91268442,0.02717014,1.02668819
circles,fixed_amplitude,256,112,0.92327533,0.01538067,1.02917636
circles,fixed_amplitude,256,113,0.91929179,0.01785367,1.01392401
circles,fixed_amplitude,256,114,0.91074025,0.01406331,0.99594489
circles,fixed_amplitude,256,115,0.9205222,0.04734387,1.00164495
circles,fixed_amplitude,256,116,0.91049785,0.04799295,0.98940995
circles,fixed_amplitude,256,117,0.92088001,0.00404251,0.99204535
circles,fixed_amplitude,256,118,0.91546183,0.03222598,0.98817469
circles,fixed_amplitude,256,119,0.9225836,0.00321555,0.99600984
circles,fixed_amplitude,256,120,0.91609162,0.02859017,0.99523648
circles,fixed_amplitude,256,121,0.92567954,0.05305371,0.98729079
circles,fixed_amplitude,256,122,0.92292457,0.05468598,0.98449646
circles,fixed_amplitude,256,123,0.91165802,0.02070207,0.96066003
circles,fixed_amplitude,256,124,0.91982288,0.01921588,1.01126724
circles,fixed_amplitude,256,125,0.91965717,0.10043482,1.01062293
circles,fixed_amplitude,256,126,0.90566758,0.06147911,1.02110802
circles,fixed_amplitude,256,127,0.91588503,0.00085489,1.00489176
circles,fixed_amplitude,256,128,0.91408738,0.04031788,0.97389825
circles,fixed_amplitude,256,129,0.91531816,0.04104464,0.99188175
circles,fixed_amplitude,256,130,0.91802718,0.06188721,1.01365137
circles,fixed_amplitude,256,131,0.92417132,0.04418813,0.99331795
circles,fixed_amplitude,256,132,0.9161897,0.00339419,0.97253626
circles,fixed_amplitude,256,133,0.91889553,0.05095609,1.00451226
circles,fixed_amplitude,256,134,0.92015326,0.04140047,1.01269573
circles,fixed_amplitude,256,135,0.91594372,0.02802936,0.99639832
circles,fixed_amplitude,256,136,0.91533028,6.597e-05,0.98429164
circles,fixed_amplitude,256,137,0.91921868,0.10904842,1.01049957
circles,fixed_amplitude,256,138,0.90813893,0.0510227,1.00507494
circles,fixed_amplitude,256,139,0.91000644,0.02534399,0.99987393
circles,fixed_amplitude,256,140,0.91205778,0.10133034,0.99455693
circles,fixed_amplitude,256,141,0.90319151,0.03057668,1.01435454
circles,fixed_amplitude,256,142,0.9243898,0.1014855,0.98859383
circles,fixed_amplitude,256,143,0.91607199,0.04950695,1.00442152
circles,fixed_amplitude,256,144,0.92951131,0.00464207,1.02509516
circles,fixed_amplitude,256,145,0.92358304,0.01925814,0.98496797
circles,fixed_amplitude,256,146,0.90945027,0.01840256,1.00458729
circles,fixed_amplitude,256,147,0.91893107,0.08733635,1.01422413
circles,fixed_amplitude,256,148,0.91993288,0.06483649,0.99621302
circles,fixed_amplitude,256,149,0.91078505,0.08140273,1.02057804
circles,fixed_amplitude,256,150,0.91910523,0.05676229,0.9988053
circles,fixed_amplitude,256,151,0.9169661,0.04014494,0.97019856
circles,fixed_amplitude,256,152,0.91929348,0.04249292,1.00016079
circles,fixed_amplitude,256,153,0.91637815,0.03826654,1.04532637
circles,fixed_amplitude,256,154,0.91179888,0.05302436,0.98751758
circles,fixed_amplitude,256,155,0.90614536,0.08447905,0.98898874
circles,fixed_amplitude,256,156,0.9172489,0.03913302,0.98162685
circles,fixed_amplitude,256,157,0.91763259,0.00217005,1.02005644
circles,fixed_amplitude,256,158,0.9078915,0.03463076,1.00366508
circles,fixed_amplitude,256,159,0.91700057,0.05096019,1.00241172
circles,fixed_amplitude,256,160,0.91383985,0.01253353,1.01269422
circles,fixed_amplitude,256,161,0.920285,0.02624195,1.00554431
circles,fixed_amplitude,256,162,0.91191192,0.07537541,0.96925753
circles,fixed_amplitude,256,163,0.91359472,0.03516782,0.99003144
circles,fixed_amplitude,256,164,0.91979332,0.03835331,0.98940655
circles,fixed_amplitude,256,165,0.90377367,0.06436393,1.00171644
circles,fixed_amplitude,256,166,0.91129503,0.10638959,0.99374627
circles,fixed_amplitude,256,167,0.90820834,0.06465129,1.01557197
circles,fixed_amplitude,256,168,0.90917011,0.03134232,1.00394312
circles,fixed_amplitude,256,169,0.91132946,0.00448645,0.9935657
circles,fixed_amplitude,256,170,0.91774807,0.11968249,1.00484367
circles,fixed_amplitude,256,171,0.92137202,0.00558222,1.00431969
circles,fixed_amplitude,256,172,0.91988789,0.05320985,0.9949165
circles,fixed_amplitude,256,173,0.91966938,0.00152387,0.99132667
circles,fixed_amplitude,256,174,0.91296602,0.02254965,0.99244212
circles,fixed_amplitude,256,175,0.91205261,0.07364411,1.00357816
circles,fixed_amplitude,256,176,0.91480236,0.07299304,0.997595
circles,fixed_amplitude,256,177,0.93336512,0.06562379,0.99233352
circles,fixed_amplitude,256,178,0.90925332,0.00148195,1.03144351
circles,fixed_amplitude,256,179,0.91706575,0.07629334,0.99483978
circles,fixed_amplitude,256,180,0.91491061,0.0712663,1.00502486
circles,fixed_amplitude,256,181,0.91471296,0.02646348,0.98403289
circles,fixed_amplitude,256,182,0.91917076,0.06733013,0.99979163
circles,fixed_amplitude,256,183,0.92326784,0.11345598,1.01783737
circles,fixed_amplitude,256,184,0.91554433,0.10015662,1.00488733
circles,fixed_amplitude,256,185,0.92167754,0.02423445,0.96913828
circles,fixed_amplitude,256,186,0.91169707,0.02868525,1.00127023
circles,fixed_amplitude,256,187,0.91851869,0.04708572,1.01531233
circles,fixed_amplitude,256,188,0.91717408,0.00688951,1.01655994
circles,fixed_amplitude,256,189,0.92649031,0.0159692,0.98713906
circles,fixed_amplitude,256,190,0.91607007,0.01266123,0.9875608
circles,fixed_amplitude,256,191,0.92554186,0.11196076,1.00276208
circles,fixed_amplitude,256,192,0.91642755,0.11016986,0.97735517
circles,fixed_amplitude,256,193,0.91615465,0.00021231,0.98085843
circles,fixed_amplitude,256,194,0.91567351,0.0054791,1.01163653
circles,fixed_amplitude,256,195,0.91079273,0.08877619,1.00511436
circles,fixed_amplitude,256,196,0.89805599,0.01354497,0.99240369
circles,fixed_amplitude,256,197,0.92118938,0.04549212,1.0118751
circles,fixed_amplitude,256,198,0.91890551,0.06247871,0.99524416
circles,fixed_amplitude,256,199,0.92345592,0.06715008,0.99122479
circles,fixed_amplitude,256,200,0.91092373,0.04525345,0.99762247
circles,fixed_amplitude,256,201,0.91660702,0.05452454,1.00991195
circles,fixed_amplitude,256,202,0.91504897,0.06387602,1.00649379
circles,fixed_amplitude,256,203,0.91062441,0.00420811,0.99036926
circles,fixed_amplitude,256,204,0.91846082,0.07455477,1.01882739
circles,fixed_amplitude,256,205,0.91024496,0.03113593,0.99290444
circles,fixed_amplitude,256,206,0.90868655,0.04360613,0.98585982
circles,fixed_amplitude,256,207,0.91796685,0.00686086,0.99421966
circles,fixed_amplitude,256,208,0.93019567,0.02874518,0.99184637
circles,fixed_amplitude,256,209,0.91867127,0.06539695,1.0143306
circles,fixed_amplitude,256,210,0.92105879,0.01553533,0.97802416
circles,fixed_amplitude,256,211,0.90915773,0.03217448,0.99763408
circles,fixed_amplitude,256,212,0.9211208,0.0017358,0.99725293
circles,fixed_amplitude,256,213,0.92631541,0.04241865,1.04032336
circles,fixed_amplitude,256,214,0.91570599,0.03837488,1.00844651
circles,fixed_amplitude,256,215,0.91345725,0.01070609,1.00396807
circles,fixed_amplitude,256,216,0.9306536,0.01379281,1.00480002
circles,fixed_amplitude,256,217,0.91074311,0.06709319,1.03048182
circles,fixed_amplitude,256,218,0.91702084,0.05351926,1.00292325
circles,fixed_amplitude,256,219,0.91991048,0.06703778,1.02787543
circles,fixed_amplitude,256,220,0.91609244,0.08203548,0.9915159
circles,fixed_amplitude,256,221,0.92018707,0.08094857,0.99798756
circles,fixed_amplitude,256,222,0.91335831,0.0128551,1.01838382
circles,fixed_amplitude,256,223,0.92731187,0.09407979,0.98015659
circles,fixed_amplitude,256,224,0.91015315,0.01815243,1.02916272
circles,fixed_amplitude,256,225,0.9155092,0.06860975,0.98666926
circles,fixed_amplitude,256,226,0.90903828,0.01517555,0.99921955
circles,fixed_amplitude,256,227,0.92198675,0.0166093,0.99278607
circles,fixed_amplitude,256,228,0.91216398,0.09704857,1.02987988
circles,fixed_amplitude,256,229,0.91747295,0.01989726,1.00616957
circles,fixed_amplitude,256,230,0.92267289,0.00353638,0.9772485
circles,fixed_amplitude,256,231,0.91547224,0.00305333,1.01116473
circles,fixed_amplitude,256,232,0.92175679,0.00404494,1.00036252
circles,fixed_amplitude,256,233,0.92346594,0.03784345,1.03514152
circles,fixed_amplitude,256,234,0.91165023,0.00817071,0.99566507
circles,fixed_amplitude,256,235,0.91229287,0.00770349,1.00842625
circles,fixed_amplitude,256,236,0.9182407,0.0596552,1.01544625
circles,fixed_amplitude,256,237,0.91894542,0.00724311,0.99177017
circles,fixed_amplitude,256,238,0.91686712,0.00073259,0.98775212
circles,fixed_amplitude,256,239,0.91586427,0.05881886,0.95970574
circles,fixed_amplitude,256,240,0.91464475,0.01383133,1.00115818
circles,fixed_amplitude,256,241,0.91497415,0.03768992,0.98519725
circles,fixed_amplitude,256,242,0.91885397,0.03921926,1.02890141
circles,fixed_amplitude,256,243,0.91285858,0.03224157,0.9830653
circles,fixed_amplitude,256,244,0.9228219,0.03947741,1.01949179
circles,fixed_amplitude,256,245,0.91095385,0.07368522,0.97807125
circles,fixed_amplitude,256,246,0.91248697,0.04023877,1.01760047
circles,fixed_amplitude,256,247,0.91939428,0.11155072,1.02790215
circles,fixed_amplitude,256,248,0.91202554,0.02106849,0.99333162
circles,fixed_amplitude,256,249,0.92004329,0.05302197,0.99814421
circles,fixed_amplitude,256,250,0.90699461,0.01986737,0.97223731
circles,fixed_amplitude,256,251,0.91157477,0.05233082,1.00362973
circles,fixed_amplitude,256,252,0.92127376,0.03013607,0.98622937
circles,fixed_amplitude,256,253,0.90795638,0.03359666,0.98756146
circles,fixed_amplitude,256,254,0.9194204,0.05208942,0.97966082
circles,fixed_amplitude,256,255,0.93687521,0.03579744,1.00154142
circles,fixed_amplitude,256,256,0.91482401,0.05202109,0.98881326
circles,fixed_amplitude,256,257,0.91256024,0.09685915,0.99870908
circles,fixed_amplitude,256,258,0.91812697,0.05661788,0.99698774
circles,fixed_amplitude,256,259,0.91542197,0.14360049,1.00717327
circles,fixed_amplitude,256,260,0.91856223,0.00649829,0.99371906
circles,fixed_amplitude,256,261,0.91083353,0.04404054,0.99213528
circles,fixed_amplitude,256,262,0.92248543,0.0163923,1.00462161
circles,fixed_amplitude,256,263,0.92058576,0.01746603,1.01763567
circles,fixed_amplitude,256,264,0.92128212,0.02354,0.99149689
circles,fixed_amplitude,256,265,0.91758666,0.08803768,1.00364385
circles,fixed_amplitude,256,266,0.92066205,0.0117474,1.01267999
circles,fixed_amplitude,256,267,0.92044766,0.01996408,0.98317604
circles,fixed_amplitude,256,268,0.91427242,0.01286937,0.99615545
circles,fixed_amplitude,256,269,0.91974876,0.00335082,0.97840893
circles,fixed_amplitude,256,270,0.91665661,0.05377499,1.00205959
circles,fixed_amplitude,256,271,0.91466911,0.01043638,1.00316101
circles,fixed_amplitude,256,272,0.9224672,0.08642166,0.99315967
circles,fixed_amplitude,256,273,0.92985513,0.01125626,1.00138824
circles,fixed_amplitude,256,274,0.91967417,0.00626686,0.9774192
circles,fixed_amplitude,256,275,0.92398794,0.09063675,1.00286601
circles,fixed_amplitude,256,276,0.89999262,0.05579691,0.98584636
circles,fixed_amplitude,256,277,0.9159459,0.03437251,0.99016509
circles,fixed_amplitude,256,278,0.9258894,0.02865818,1.00601468
circles,fixed_amplitude,256,279,0.90812452,0.00054764,1.01690858
circles,fixed_amplitude,256,280,0.91827291,0.05355202,1.02116005
circles,fixed_amplitude,256,281,0.91660241,0.00073579,0.97735498
circles,fixed_amplitude,256,282,0.91729362,0.00020359,1.00670784
circles,fixed_amplitude,256,283,0.91139044,0.00926455,1.00077822
circles,fixed_amplitude,256,284,0.91509124,0.02721415,1.02597652
circles,fixed_amplitude,256,285,0.91524647,0.09727704,0.97736696
circles,fixed_amplitude,256,286,0.91291528,0.01366354,1.03384109
circles,fixed_amplitude,256,287,0.91500672,0.00975756,1.01782458
circles,fixed_amplitude,256,288,0.92124707,0.00093326,0.99458148
circles,fixed_amplitude,256,289,0.90620856,0.06085853,1.02228925
circles,fixed_amplitude,256,290,0.92545107,0.05010966,1.00364114
circles,fixed_amplitude,256,291,0.91306741,0.003747,0.98441586
circles,fixed_amplitude,256,292,0.92558691,0.1187442,0.98983182
circles,fixed_amplitude,256,293,0.91855033,0.04930894,0.9925089
circles,fixed_amplitude,256,294,0.9101418,0.05194145,0.99967878
circles,fixed_amplitude,256,295,0.92033718,0.0417988,0.9809347
circles,fixed_amplitude,256,296,0.91629809,0.03128382,0.97642221
circles,fixed_amplitude,256,297,0.90696777,0.02057135,1.03252767
circles,fixed_amplitude,256,298,0.91286612,0.02296597,1.00892118
circles,fixed_amplitude,256,299,0.91692402,0.02863997,0.99186425
circles,fixed_amplitude,256,300,0.92899943,0.07087004,1.00326698
circles,fixed_amplitude,256,301,0.91960874,0.00811655,1.00043591
circles,fixed_amplitude,256,302,0.93119709,0.05077156,0.99476439
circles,fixed_amplitude,256,303,0.92202,0.07758789,1.009498
circles,fixed_amplitude,256,304,0.91824699,0.04898874,1.00492756
circles,fixed_amplitude,256,305,0.92163275,0.00659906,0.9943875
circles,fixed_amplitude,256,306,0.91487991,0.01860076,0.99369909
circles,fixed_amplitude,256,307,0.92392002,0.03192528,1.00613228
circles,fixed_amplitude,256,308,0.9207634,0.03755477,0.97284702
circles,fixed_amplitude,256,309,0.91822146,0.05289783,0.99570593
circles,fixed_amplitude,256,310,0.91833552,0.07648411,0.97856647
circles,fixed_amplitude,256,311,0.92973732,0.04514388,1.01706284
circles,fixed_amplitude,256,312,0.91165599,0.03164925,1.00233836
circles,fixed_amplitude,256,313,0.92007688,0.02462504,0.99426981
circles,fixed_amplitude,256,314,0.9058905,0.01382442,0.98409972
circles,fixed_amplitude,256,315,0.91387348,0.02797176,1.01077298
circles,fixed_amplitude,256,316,0.91490996,0.01449783,0.99312323
circles,fixed_amplitude,256,317,0.90776127,0.04497741,1.00142344
circles,fixed_amplitude,256,318,0.90492725,0.04585679,0.99026461
circles,fixed_amplitude,256,319,0.90588363,0.09370525,0.99350454
circles,fixed_amplitude,256,320,0.9065353,0.06496914,0.99477681
circles,fixed_amplitude,256,321,0.91231784,0.01528154,0.99142214
circles,fixed_amplitude,256,322,0.91610586,0.01772415,1.03967312
circles,fixed_amplitude,256,323,0.91963013,0.01839789,1.01062257
circles,fixed_amplitude,256,324,0.92916229,0.05055585,1.01240501
circles,fixed_amplitude,256,325,0.90856795,0.00541641,0.99183308
circles,fixed_amplitude,256,326,0.91440336,0.06425949,1.01322476
circles,fixed_amplitude,256,327,0.91884801,0.04986138,1.00102637
circles,fixed_amplitude,256,328,0.92157394,0.04403717,1.00934961
circles,fixed_amplitude,256,329,0.91332114,0.00970354,0.98080595
circles,fixed_amplitude,256,330,0.91312448,0.04540589,0.98733887
circles,fixed_amplitude,256,331,0.91122728,0.02465286,0.97884239
circles,fixed_amplitude,256,332,0.92072013,0.03831678,1.00372432
circles,fixed_amplitude,256,333,0.92028227,0.01661481,0.9898611
circles,fixed_amplitude,256,334,0.92317105,0.13067801,1.00319363
circles,fixed_amplitude,256,335,0.9134623,0.08021198,0.99072728
circles,fixed_amplitude,256,336,0.92471826,0.0694869,1.00108061
circles,fixed_amplitude,256,337,0.91444382,0.04596331,1.00842445
circles,fixed_amplitude,256,338,0.91838349,0.04233127,1.00881162
circles,fixed_amplitude,256,339,0.91641296,0.12836448,0.96348934
circles,fixed_amplitude,256,340,0.90943196,0.00761451,1.01048639
circles,fixed_amplitude,256,341,0.92320953,0.01421935,1.01814194
circles,fixed_amplitude,256,342,0.91276384,0.08916933,1.0147412
circles,fixed_amplitude,256,343,0.91552676,0.09851298,1.03252843
circles,fixed_amplitude,256,344,0.90658474,0.02277764,0.98069087
circles,fixed_amplitude,256,345,0.91860946,0.0643728,0.98010782
circles,fixed_amplitude,256,346,0.90635505,0.11630209,0.99697319
circles,fixed_amplitude,256,347,0.91155069,0.09629032,1.00024816
circles,fixed_amplitude,256,348,0.91262029,0.01041137,0.97739517
circles,fixed_amplitude,256,349,0.91354241,0.00402556,0.97802589
circles,fixed_amplitude,256,350,0.92231503,0.08559841,1.0148623
circles,fixed_amplitude,256,351,0.92460614,0.02912845,1.00472875
circles,fixed_amplitude,256,352,0.9174296,0.01801211,0.99996098
circles,fixed_amplitude,256,353,0.91436266,0.00630246,0.9973754
circles,fixed_amplitude,256,354,0.91011092,0.02391325,1.019827
circles,fixed_amplitude,256,355,0.91946942,0.0379845,0.98164733
circles,fixed_amplitude,256,356,0.91544161,0.02476099,0.97907363
circles,fixed_amplitude,256,357,0.92378784,0.02688263,1.00851606
circles,fixed_amplitude,256,358,0.90565526,0.04119209,1.00339009
circles,fixed_amplitude,256,359,0.91110445,0.00150864,0.98996042
circles,fixed_amplitude,256,360,0.91373714,0.02825,1.01557481
circles,fixed_amplitude,256,361,0.91532247,0.0483861,0.99368993
circles,fixed_amplitude,256,362,0.91845131,0.01074298,0.99127976
circles,fixed_amplitude,256,363,0.91037544,0.00634677,0.99391102
circles,fixed_amplitude,256,364,0.91680915,0.05339878,1.00412956
circles,fixed_amplitude,256,365,0.91747483,0.11864341,0.98106888
circles,fixed_amplitude,256,366,0.90087076,0.03551505,0.9853895
circles,fixed_amplitude,256,367,0.91767837,0.0526466,0.99600431
circles,fixed_amplitude,256,368,0.90981051,0.04232895,1.00712245
circles,fixed_amplitude,256,369,0.91604796,0.04527174,1.00809001
circles,fixed_amplitude,256,370,0.91845944,0.14071929,1.00959212
circles,fixed_amplitude,256,371,0.91474124,0.02025114,0.98237967
circles,fixed_amplitude,256,372,0.91787822,0.00692982,1.03271476
circles,fixed_amplitude,256,373,0.92537614,0.07747222,1.01041831
circles,fixed_amplitude,256,374,0.91935642,0.04399174,0.98324094
circles,fixed_amplitude,256,375,0.91459011,0.04053393,1.01213426
circles,fixed_amplitude,256,376,0.91151217,0.08195607,1.02988353
circles,fixed_amplitude,256,377,0.91389779,0.00705824,1.00408768
circles,fixed_amplitude,256,378,0.92097447,0.00547678,1.04018419
circles,fixed_amplitude,256,379,0.91802417,0.07858124,1.00364296
circles,fixed_amplitude,256,380,0.91070078,0.05953208,1.0033218
circles,fixed_amplitude,256,381,0.9273053,0.04477326,0.99961477
circles,fixed_amplitude,256,382,0.918692,0.03389616,0.96905139
circles,fixed_amplitude,256,383,0.91783814,0.05111887,0.99762155
circles,fixed_amplitude,256,384,0.9104492,0.00126531,1.00761713
circles,fixed_amplitude,256,385,0.91833675,0.03515571,0.99876195
circles,fixed_amplitude,256,386,0.9100055,0.00250456,1.02480979
circles,fixed_amplitude,256,387,0.92691312,0.02997439,0.99800493
circles,fixed_amplitude,256,388,0.91751991,0.02484233,1.01018015
circles,fixed_amplitude,256,389,0.91209367,0.03921742,1.02432439
circles,fixed_amplitude,256,390,0.90979293,0.05923079,0.99516737
circles,fixed_amplitude,256,391,0.9117473,0.01151838,0.97711677
circles,fixed_amplitude,256,392,0.92442976,0.04452335,0.98084489
circles,fixed_amplitude,256,393,0.90819013,0.06428225,0.99813323
circles,fixed_amplitude,256,394,0.91105483,0.09783259,1.00646331
circles,fixed_amplitude,256,395,0.91392077,0.01830287,0.99485256
circles,fixed_amplitude,256,396,0.91400909,0.0081423,0.96937868
circles,fixed_amplitude,256,397,0.92070145,0.02017228,1.01752027
circles,fixed_amplitude,256,398,0.91114765,0.11024855,1.00455678
circles,fixed_amplitude,256,399,0.90823528,0.00317772,0.99598733
circles,fixed_amplitude,256,400,0.92195421,0.01471003,1.0037425
circles,fixed_amplitude,256,401,0.91182865,0.09294177,1.01727793
circles,fixed_amplitude,256,402,0.91130821,0.0033227,0.9913717
circles,fixed_amplitude,256,403,0.91269867,0.0297235,0.97975884
circles,fixed_amplitude,256,404,0.90994259,0.01127902,1.02034214
circles,fixed_amplitude,256,405,0.91565302,0.01749392,0.98251249
circles,fixed_amplitude,256,406,0.91620635,0.05541247,1.02418938
circles,fixed_amplitude,256,407,0.91728189,0.01685755,0.99895897
circles,fixed_amplitude,256,408,0.919026,0.02179457,0.9871231
circles,fixed_amplitude,256,409,0.90274362,0.03993486,0.98259298
circles,fixed_amplitude,256,410,0.91447131,0.01913345,1.00558546
circles,fixed_amplitude,256,411,0.92043278,0.09519448,0.97004614
circles,fixed_amplitude,256,412,0.92717896,0.06714649,1.03966951
circles,fixed_amplitude,256,413,0.91187283,0.04216188,1.00090301
circles,fixed_amplitude,256,414,0.90739121,0.09124211,1.00439869
circles,fixed_amplitude,256,415,0.91648689,0.0855276,0.99594636
circles,fixed_amplitude,256,416,0.92115521,0.06956255,1.00950017
circles,fixed_amplitude,256,417,0.92914486,0.01987385,0.9899759
circles,fixed_amplitude,256,418,0.91805479,0.05924391,0.99631791
circles,fixed_amplitude,256,419,0.9169382,0.00195696,1.00339907
circles,fixed_amplitude,256,420,0.92444435,0.02303252,1.00779002
circles,fixed_amplitude,256,421,0.9128104,0.02124278,1.00221724
circles,fixed_amplitude,256,422,0.92247442,0.04160924,1.00778991
circles,fixed_amplitude,256,423,0.92011704,0.02267434,1.00212832
circles,fixed_amplitude,256,424,0.90342014,0.02235646,0.99336444
circles,fixed_amplitude,256,425,0.91557431,0.01106767,1.00388796
circles,fixed_amplitude,256,426,0.91138325,0.16267637,1.00010826
circles,fixed_amplitude,256,427,0.91048538,0.05058256,0.98570401
circles,fixed_amplitude,256,428,0.9054217,0.03941907,1.02320085
circles,fixed_amplitude,256,429,0.92386351,0.04163952,1.01095068
circles,fixed_amplitude,256,430,0.92126785,0.01580261,1.0128129
circles,fixed_amplitude,256,431,0.91780377,0.02589007,0.99649887
circles,fixed_amplitude,256,432,0.91801039,0.00621642,0.98606868
circles,fixed_amplitude,256,433,0.92280478,0.08036331,1.01932119
circles,fixed_amplitude,256,434,0.92614077,0.02271944,1.0176147
circles,fixed_amplitude,256,435,0.91122499,0.02446499,0.99814456
circles,fixed_amplitude,256,436,0.92583685,0.00314585,1.00284245
circles,fixed_amplitude,256,437,0.90551003,0.01555012,0.98713277
circles,fixed_amplitude,256,438,0.92603041,0.04051103,1.02069674
circles,fixed_amplitude,256,439,0.91039566,0.01352233,0.99237798
circles,fixed_amplitude,256,440,0.91902554,0.07595823,0.99083244
circles,fixed_amplitude,256,441,0.92358628,0.01832128,1.00509771
circles,fixed_amplitude,256,442,0.92692445,0.04023719,1.01120304
circles,fixed_amplitude,256,443,0.91758354,0.00809628,1.01285985
circles,fixed_amplitude,256,444,0.90297919,0.0088236,0.99843264
circles,fixed_amplitude,256,445,0.91535404,0.0215182,0.99777951
circles,fixed_amplitude,256,446,0.91844522,0.01989573,1.00994569
circles,fixed_amplitude,256,447,0.91143531,0.00626923,0.9689248
circles,fixed_amplitude,256,448,0.90849451,0.01960821,1.01209488
circles,fixed_amplitude,256,449,0.92422844,0.00061747,1.01188986
circles,fixed_amplitude,256,450,0.91295454,0.02190669,1.02007827
circles,fixed_amplitude,256,451,0.91364778,0.03117923,0.99435896
circles,fixed_amplitude,256,452,0.90511752,0.09149078,0.98903207
circles,fixed_amplitude,256,453,0.91366743,0.02345754,0.99865217
circles,fixed_amplitude,256,454,0.91336552,0.09756195,1.01187783
circles,fixed_amplitude,256,455,0.91937936,0.01830578,0.98954843
circles,fixed_amplitude,256,456,0.91713486,0.09821414,0.99385708
circles,fixed_amplitude,256,457,0.91697529,0.02053373,1.01064
circles,fixed_amplitude,256,458,0.91375323,0.00795459,0.98611572
circles,fixed_amplitude,256,459,0.9294331,0.05187317,0.99414966
circles,fixed_amplitude,256,460,0.91255872,0.06720448,0.98950627
circles,fixed_amplitude,256,461,0.92112949,0.11225562,0.99411636
circles,fixed_amplitude,256,462,0.91443117,0.00598421,1.00256901
circles,fixed_amplitude,256,463,0.90924032,0.04664389,0.99430513
circles,fixed_amplitude,256,464,0.91613524,0.04118637,0.99767298
circles,fixed_amplitude,256,465,0.92334524,0.04594608,0.99857407
circles,fixed_amplitude,256,466,0.91037563,0.0279508,0.99485486
circles,fixed_amplitude,256,467,0.92488261,0.05983459,0.9832187
circles,fixed_amplitude,256,468,0.91727822,7.731e-05,1.01329865
circles,fixed_amplitude,256,469,0.92053436,0.01967134,0.99200328
circles,fixed_amplitude,256,470,0.91168093,0.11553984,0.99707427
circles,fixed_amplitude,256,471,0.9096706,0.0120139,0.99188912
circles,fixed_amplitude,256,472,0.90455244,0.02892085,1.01764562
circles,fixed_amplitude,256,473,0.91992933,0.04039647,0.99404888
circles,fixed_amplitude,256,474,0.92432283,0.0551303,0.99468424
circles,fixed_amplitude,256,475,0.91825831,0.04327271,1.01569124
circles,fixed_amplitude,256,476,0.92357245,0.0543535,0.9862665
circles,fixed_amplitude,256,477,0.90838724,0.04039305,1.00717784
circles,fixed_amplitude,256,478,0.93036638,0.05848818,1.02204388
circles,fixed_amplitude,256,479,0.92235902,0.04095971,1.00347257
circles,fixed_amplitude,256,480,0.9149214,0.08769955,1.00763668
circles,fixed_amplitude,256,481,0.91296752,0.13007466,0.9972216
circles,fixed_amplitude,256,482,0.90849228,0.03253303,0.99252925
circles,fixed_amplitude,256,483,0.92082539,0.01156013,0.9981467
circles,fixed_amplitude,256,484,0.9174055,0.04755415,1.02361304
circles,fixed_amplitude,256,485,0.92191419,0.01296412,1.01485586
circles,fixed_amplitude,256,486,0.90706687,0.04825724,0.9952191
circles,fixed_amplitude,256,487,0.91806564,0.03278366,0.99716633
circles,fixed_amplitude,256,488,0.91681119,0.03440304,1.02195551
circles,fixed_amplitude,256,489,0.90488553,0.01541906,0.99217421
circles,fixed_amplitude,256,490,0.92111276,0.00372757,1.01735667
circles,fixed_amplitude,256,491,0.91562177,0.05365911,0.98578749
circles,fixed_amplitude,256,492,0.92267624,0.00498207,0.99885453
circles,fixed_amplitude,256,493,0.91824293,0.01242754,0.9898187
circles,fixed_amplitude,256,494,0.91084452,0.08236279,1.00393049
circles,fixed_amplitude,256,495,0.92611271,0.01255856,0.98645324
circles,fixed_amplitude,256,496,0.91999817,0.02244945,0.98919022
circles,fixed_amplitude,256,497,0.91560905,0.0305265,0.98402908
circles,fixed_amplitude,256,498,0.91326329,0.06519394,0.99824836
circles,fixed_amplitude,256,499,0.9159856,0.03766751,1.00951721
circles,fixed_amplitude,256,500,0.91941156,0.03577003,0.97607094
circles,fixed_amplitude,256,501,0.91550116,0.00151604,1.00984527
circles,fixed_amplitude,256,502,0.91323291,0.03179979,0.96755526
circles,fixed_amplitude,256,503,0.90682032,0.07191373,1.01144441
circles,fixed_amplitude,256,504,0.91298024,0.01650408,1.00333708
circles,fixed_amplitude,256,505,0.92737461,0.00992495,1.01772899
circles,fixed_amplitude,256,506,0.91118933,0.06757186,1.00195388
circles,fixed_amplitude,256,507,0.91961956,0.03221596,1.009684
circles,fixed_amplitude,256,508,0.91139666,0.00668564,0.99442837
circles,fixed_amplitude,256,509,0.91537843,0.01293574,1.00209667
circles,fixed_amplitude,256,510,0.90932005,0.09489533,1.00726792
circles,fixed_amplitude,256,511,0.90831625,0.06055644,1.00755507
circles,fixed_amplitude,256,512,0.92053185,0.09611021,1.0119818
circles,fixed_amplitude,256,513,0.91682892,0.03906238,0.99183263
circles,fixed_amplitude,256,514,0.90688453,0.04796264,0.99588144
circles,fixed_amplitude,256,515,0.91994842,0.01928022,1.00494515
circles,fixed_amplitude,256,516,0.92102645,0.04897437,1.01609881
circles,fixed_amplitude,256,517,0.91720798,0.01366384,0.98192025
circles,fixed_amplitude,256,518,0.92593096,0.04374978,0.99155128
circles,fixed_amplitude,256,519,0.9157954,0.02671444,0.96263284
circles,fixed_amplitude,256,520,0.91298312,0.01691553,0.99303355
circles,fixed_amplitude,256,521,0.92423827,0.03925115,0.99565807
circles,fixed_amplitude,256,522,0.91598114,0.06283455,0.97055998
circles,fixed_amplitude,256,523,0.91586405,0.00502533,1.0175753
circles,fixed_amplitude,256,524,0.9256567,0.03610115,0.99330799
circles,fixed_amplitude,256,525,0.92579585,0.0019892,0.99647369
circles,fixed_amplitude,256,526,0.92360717,0.00071455,1.03424261
circles,fixed_amplitude,256,527,0.91187838,0.0497147,1.00316393
circles,fixed_amplitude,256,528,0.91527366,0.02797322,0.98941417
circles,fixed_amplitude,256,529,0.91818306,0.01140004,0.98576891
circles,fixed_amplitude,256,530,0.90949268,0.0346246,1.01236322
circles,fixed_amplitude,256,531,0.91369536,0.00970847,0.99138302
circles,fixed_amplitude,256,532,0.92226495,0.04428125,0.99597868
circles,fixed_amplitude,256,533,0.91847145,0.04009796,0.99949982
circles,fixed_amplitude,256,534,0.92291018,0.08820021,1.00542287
circles,fixed_amplitude,256,535,0.91983503,0.04539038,0.98086222
circles,fixed_amplitude,256,536,0.92704144,0.09557805,1.01202616
circles,fixed_amplitude,256,537,0.91664488,0.06043974,1.01047914
circles,fixed_amplitude,256,538,0.91251229,0.03761786,1.02578189
circles,fixed_amplitude,256,539,0.90226713,0.13539291,1.00367749
circles,fixed_amplitude,256,540,0.91846098,0.06484194,0.97789657
circles,fixed_amplitude,256,541,0.92001491,0.05669636,1.02856183
circles,fixed_amplitude,256,542,0.9155577,0.01484051,1.00147312
circles,fixed_amplitude,256,543,0.92195429,0.03082291,1.00291485
circles,fixed_amplitude,256,544,0.9226663,0.00489669,0.99333047
circles,fixed_amplitude,256,545,0.92142199,0.01312108,1.02777031
circles,fixed_amplitude,256,546,0.92029046,0.04812039,1.00779353
circles,fixed_amplitude,256,547,0.91889879,0.03080735,1.0102138
circles,fixed_amplitude,256,548,0.91709718,0.02937838,1.01887281
circles,fixed_amplitude,256,549,0.91991514,0.08725556,1.01794222
circles,fixed_amplitude,256,550,0.92379485,0.06501878,1.01361658
circles,fixed_amplitude,256,551,0.92828626,0.01894986,0.99670573
circles,fixed_amplitude,256,552,0.91850941,0.04412957,0.98709466
circles,fixed_amplitude,256,553,0.92541132,0.07233614,1.01255983
circles,fixed_amplitude,256,554,0.91397102,0.03398888,1.00476971
circles,fixed_amplitude,256,555,0.91438745,0.02144136,0.99298205
circles,fixed_amplitude,256,556,0.91860946,0.0698563,0.99666758
circles,fixed_amplitude,256,557,0.91014236,0.02065145,1.01203344
circles,fixed_amplitude,256,558,0.92239269,0.05198113,0.99806094
circles,fixed_amplitude,256,559,0.90851323,0.03859762,0.95664838
circles,fixed_amplitude,256,560,0.91230808,0.07598826,0.99635268
circles,fixed_amplitude,256,561,0.90297336,0.04786526,0.99002469
circles,fixed_amplitude,256,562,0.91757601,0.00924822,0.98977366
circles,fixed_amplitude,256,563,0.91590496,0.10150603,1.01120794
circles,fixed_amplitude,256,564,0.91904113,0.05743685,1.01248776
circles,fixed_amplitude,256,565,0.90935743,0.08667784,0.97677695
circles,fixed_amplitude,256,566,0.92314043,0.02582261,1.01202589
circles,fixed_amplitude,256,567,0.91975913,0.03808592,1.00199926
circles,fixed_amplitude,256,568,0.92882949,0.06740741,1.03037092
circles,fixed_amplitude,256,569,0.9119433,0.00185104,1.01695832
circles,fixed_amplitude,256,570,0.9137571,0.00043158,0.99148054
circles,fixed_amplitude,256,571,0.90856246,0.02279379,0.98352861
circles,fixed_amplitude,256,572,0.90971606,0.04598803,1.00917604
circles,fixed_amplitude,256,573,0.91051867,0.08545283,0.98819314
circles,fixed_amplitude,256,574,0.92163656,0.00196634,0.97855813
circles,fixed_amplitude,256,575,0.91502379,0.04402001,0.99055503
circles,fixed_amplitude,256,576,0.92321874,0.00574723,1.01111261
circles,fixed_amplitude,256,577,0.93144534,0.05105651,0.97213468
circles,fixed_amplitude,256,578,0.90079782,0.01891445,0.99479152
circles,fixed_amplitude,256,579,0.92113711,0.061882,1.02547905
circles,fixed_amplitude,256,580,0.91798674,0.00810744,0.98960304
circles,fixed_amplitude,256,581,0.91282837,0.06577498,1.04036117
circles,fixed_amplitude,256,582,0.91271964,0.03097392,1.04078569
circles,fixed_amplitude,256,583,0.91590419,0.06217863,0.98858915
circles,fixed_amplitude,256,584,0.91398733,0.02012777,1.00562142
circles,fixed_amplitude,256,585,0.90688063,0.03464946,0.97975617
circles,fixed_amplitude,256,586,0.91347867,0.07609965,0.9833536
circles,fixed_amplitude,256,587,0.91526562,0.03308252,1.01789014
circles,fixed_amplitude,256,588,0.90987812,0.10968441,1.01052649
circles,fixed_amplitude,256,589,0.91891544,0.05281285,0.99174752
circles,fixed_amplitude,256,590,0.9099561,0.03689051,0.99249372
circles,fixed_amplitude,256,591,0.91418178,0.05193023,0.99473229
circles,fixed_amplitude,256,592,0.91980971,0.00563964,1.00603264
circles,fixed_amplitude,256,593,0.91815637,0.00068428,1.01119627
circles,fixed_amplitude,256,594,0.92108656,0.02622763,0.98898943
circles,fixed_amplitude,256,595,0.92094017,0.03526403,0.99664541
circles,fixed_amplitude,256,596,0.91555136,0.01067474,1.01588697
circles,fixed_amplitude,256,597,0.92489054,0.04706132,0.96158752
circles,fixed_amplitude,256,598,0.9136271,0.08677448,1.01161207
circles,fixed_amplitude,256,599,0.91999349,0.02938568,0.98528204
circles,fixed_amplitude,256,600,0.91263288,0.01562307,1.01170534
circles,fixed_amplitude,256,601,0.91884813,0.00834129,1.00889189
circles,fixed_amplitude,256,602,0.91909883,0.02415172,0.98159107
circles,fixed_amplitude,256,603,0.91749269,0.07683818,1.01647378
circles,fixed_amplitude,256,604,0.91932478,0.08469426,1.0043085
circles,fixed_amplitude,256,605,0.9122941,0.02731985,0.99331943
circles,fixed_amplitude,256,606,0.91620457,0.08761056,1.00504346
circles,fixed_amplitude,256,607,0.91032812,0.00909863,0.99016669
circles,fixed_amplitude,256,608,0.9143482,0.00070932,0.99922626
circles,fixed_amplitude,256,609,0.90977243,0.05711126,0.96678154
circles,fixed_amplitude,256,610,0.91693252,0.05828556,1.03730479
circles,fixed_amplitude,256,611,0.92050434,0.00391442,1.01278357
circles,fixed_amplitude,256,612,0.91548706,0.05026653,0.99045654
circles,fixed_amplitude,256,613,0.91966448,0.10033783,1.00879691
circles,fixed_amplitude,256,614,0.91990029,0.03276885,1.01916274
circles,fixed_amplitude,256,615,0.92240558,0.07673702,0.98206047
circles,fixed_amplitude,256,616,0.91488651,0.04376885,0.9925529
circles,fixed_amplitude,256,617,0.91013376,0.001027,0.99878771
circles,fixed_amplitude,256,618,0.92943306,0.01300232,1.01718184
circles,fixed_amplitude,256,619,0.9129946,0.06708012,0.99314729
circles,fixed_amplitude,256,620,0.92131711,0.04394634,0.99456076
circles,fixed_amplitude,256,621,0.92730718,0.04252193,1.0106134
circles,fixed_amplitude,256,622,0.91223628,0.00707442,1.01301176
circles,fixed_amplitude,256,623,0.9231714,0.03628428,0.98737014
circles,fixed_amplitude,256,624,0.91007659,0.06481876,0.99765747
circles,fixed_amplitude,256,625,0.91444131,0.05275247,1.00625976
circles,fixed_amplitude,256,626,0.92167106,0.02316946,1.0016027
circles,fixed_amplitude,256,627,0.92570058,0.02422842,1.02344657
circles,fixed_amplitude,256,628,0.92077815,0.04477547,0.99153001
circles,fixed_amplitude,256,629,0.9120452,0.04234201,1.00725936
circles,fixed_amplitude,256,630,0.91314704,0.06097623,0.98437343
circles,fixed_amplitude,256,631,0.91644772,0.00090756,0.98731515
circles,fixed_amplitude,256,632,0.91892624,0.00352179,1.0222841
circles,fixed_amplitude,256,633,0.91565727,0.01357719,0.99583487
circles,fixed_amplitude,256,634,0.92291437,0.10131758,1.00270402
circles,fixed_amplitude,256,635,0.90559821,0.06165008,0.97657964
circles,fixed_amplitude,256,636,0.91130217,0.02747366,0.98009268
circles,fixed_amplitude,256,637,0.90593773,0.10112907,0.99663008
circles,fixed_amplitude,256,638,0.91928983,0.07952968,1.01394529
circles,fixed_amplitude,256,639,0.90745787,0.00827517,0.97090261
circles,fixed_amplitude,256,640,0.91941983,0.01877552,0.99801885
circles,fixed_amplitude,256,641,0.91639976,0.08467653,1.0160383
circles,fixed_amplitude,256,642,0.91617656,0.04727547,1.02078192
circles,fixed_amplitude,256,643,0.91379555,0.0257703,0.98537071
circles,fixed_amplitude,256,644,0.92054379,0.01194994,0.98907748
circles,fixed_amplitude,256,645,0.91514155,0.05554712,1.01207
circles,fixed_amplitude,256,646,0.91662741,0.00548092,1.00419306
circles,fixed_amplitude,256,647,0.91955335,0.02675222,1.01025855
circles,fixed_amplitude,256,648,0.9218643,0.04162929,0.98763902
circles,fixed_amplitude,256,649,0.90998072,0.04588784,1.00514534
circles,fixed_amplitude,256,650,0.91189073,0.00807264,0.99649245
circles,fixed_amplitude,256,651,0.9168163,0.06032231,1.0214293
circles,fixed_amplitude,256,652,0.92710414,0.01101576,1.02943014
circles,fixed_amplitude,256,653,0.92160133,0.10051303,1.00571635
circles,fixed_amplitude,256,654,0.91636581,0.02544834,1.00791455
circles,fixed_amplitude,256,655,0.92101018,0.02909669,1.0094348
circles,fixed_amplitude,256,656,0.92270656,0.06714193,1.01982391
circles,fixed_amplitude,256,657,0.9314381,0.01156412,0.98286165
circles,fixed_amplitude,256,658,0.91606311,0.03805984,0.99761242
circles,fixed_amplitude,256,659,0.91837409,0.04016999,1.01688387
circles,fixed_amplitude,256,660,0.90856597,0.01420001,0.98381334
circles,fixed_amplitude,256,661,0.91984167,0.0265388,1.01358777
circles,fixed_amplitude,256,662,0.90718494,0.02078181,0.99953026
circles,fixed_amplitude,256,663,0.91452193,0.07714671,0.97956508
circles,fixed_amplitude,256,664,0.92006857,0.04275138,0.99388401
circles,fixed_amplitude,256,665,0.91317438,0.02910546,0.99308243
circles,fixed_amplitude,256,666,0.91261775,0.04776078,0.9902615
circles,fixed_amplitude,256,667,0.91463847,0.01248411,1.02227413
circles,fixed_amplitude,256,668,0.91768311,0.02086738,1.01051763
circles,fixed_amplitude,256,669,0.92221548,0.04747204,0.99939795
circles,fixed_amplitude,256,670,0.92110833,0.02466609,1.00809428
circles,fixed_amplitude,256,671,0.92447151,0.02514152,0.99881481
circles,fixed_amplitude,256,672,0.91359363,0.01257232,0.98894242
circles,fixed_amplitude,256,673,0.91735331,0.02521653,1.00124345
circles,fixed_amplitude,256,674,0.92881858,0.03876003,0.98843642
circles,fixed_amplitude,256,675,0.91980561,0.18000731,0.98081306
circles,fixed_amplitude,256,676,0.91712668,0.00308889,1.00213556
circles,fixed_amplitude,256,677,0.9121326,0.03093412,0.9861567
circles,fixed_amplitude,256,678,0.91857461,0.05513972,0.99943396
circles,fixed_amplitude,256,679,0.91030339,0.00338806,0.99207091
circles,fixed_amplitude,256,680,0.91686319,0.07038228,0.98777334
circles,fixed_amplitude,256,681,0.91607903,0.03940109,1.02357759
circles,fixed_amplitude,256,682,0.92509786,0.01661228,0.99137759
circles,fixed_amplitude,256,683,0.90786792,0.04783174,1.00218719
circles,fixed_amplitude,256,684,0.91280332,0.01453534,1.0138215
circles,fixed_amplitude,256,685,0.921085,0.00061956,0.98509273
circles,fixed_amplitude,256,686,0.92625805,0.03757276,0.99336238
circles,fixed_amplitude,256,687,0.91977929,0.00784504,0.97235913
circles,fixed_amplitude,256,688,0.89928384,0.01930783,0.99297604
circles,fixed_amplitude,256,689,0.91683278,0.02862564,1.01205128
circles,fixed_amplitude,256,690,0.91667091,0.06311112,0.9951012
circles,fixed_amplitude,256,691,0.92472477,0.04819376,0.98611041
circles,fixed_amplitude,256,692,0.91813654,0.12074722,0.979808
circles,fixed_amplitude,256,693,0.92833777,0.02668396,0.99889705
circles,fixed_amplitude,256,694,0.90975418,0.0005398,1.02634662
circles,fixed_amplitude,256,695,0.90232181,0.00877326,1.01602501
circles,fixed_amplitude,256,696,0.91282791,0.02149688,0.97295499
circles,fixed_amplitude,256,697,0.9166652,0.04861046,1.01471379
circles,fixed_amplitude,256,698,0.91166609,0.14239909,0.9989306
circles,fixed_amplitude,256,699,0.91718205,0.05315159,0.97768409
circles,fixed_amplitude,256,700,0.91179116,0.13225398,1.02357332
circles,fixed_amplitude,256,701,0.9169443,0.009635,0.9940433
circles,fixed_amplitude,256,702,0.91482372,0.05584621,1.00671454
circles,fixed_amplitude,256,703,0.91947123,0.02222182,1.00416286
circles,fixed_amplitude,256,704,0.91108536,0.03516058,1.00365429
circles,fixed_amplitude,256,705,0.91344322,0.06581729,1.01148275
circles,fixed_amplitude,256,706,0.91013065,0.04845789,1.01431314
circles,fixed_amplitude,256,707,0.92159393,0.07329896,0.99015415
circles,fixed_amplitude,256,708,0.92347852,0.04818275,0.99131562
circles,fixed_amplitude,256,709,0.91071255,0.03977852,0.98120309
circles,fixed_amplitude,256,710,0.90700002,0.00650718,1.01930378
circles,fixed_amplitude,256,711,0.91438439,0.05392309,1.0033992
circles,fixed_amplitude,256,712,0.92306123,0.00828785,0.98269687
circles,fixed_amplitude,256,713,0.92024834,0.03095378,0.9783266
circles,fixed_amplitude,256,714,0.92028258,0.08033031,1.01326937
circles,fixed_amplitude,256,715,0.92110346,0.05989079,0.99385305
circles,fixed_amplitude,256,716,0.91187532,0.06775971,1.02765357
circles,fixed_amplitude,256,717,0.91302228,0.05481548,0.98685026
circles,fixed_amplitude,256,718,0.92697774,0.06983728,0.97990879
circles,fixed_amplitude,256,719,0.91893627,0.04767218,0.98827102
circles,fixed_amplitude,256,720,0.90523162,0.05189038,1.01151148
circles,fixed_amplitude,256,721,0.91316294,0.005695,1.01126155
circles,fixed_amplitude,256,722,0.91189443,0.03967975,0.98741579
circles,fixed_amplitude,256,723,0.92222129,0.00709071,0.99083044
circles,fixed_amplitude,256,724,0.91455819,0.11263242,0.97752777
circles,fixed_amplitude,256,725,0.92330472,0.05075947,0.98545718
circles,fixed_amplitude,256,726,0.91106983,0.00347688,1.00310105
circles,fixed_amplitude,256,727,0.92310119,0.01063651,1.02511107
circles,fixed_amplitude,256,728,0.92365084,0.0844149,1.00057292
circles,fixed_amplitude,256,729,0.91973375,0.05710425,0.98791297
circles,fixed_amplitude,256,730,0.9239402,0.0589451,0.99815037
circles,fixed_amplitude,256,731,0.91406594,0.01560715,0.98603225
circles,fixed_amplitude,256,732,0.92413588,0.07326097,1.01433551
circles,fixed_amplitude,256,733,0.92195344,0.06384327,0.99432832
circles,fixed_amplitude,256,734,0.92315486,0.03383118,0.99023085
circles,fixed_amplitude,256,735,0.91648493,0.04560213,0.99809668
circles,fixed_amplitude,256,736,0.91223376,0.07006574,1.00455097
circles,fixed_amplitude,256,737,0.92376346,0.01428849,1.00358035
circles,fixed_amplitude,256,738,0.91988969,0.00193215,1.01561105
circles,fixed_amplitude,256,739,0.90825309,0.13704834,1.00118058
circles,fixed_amplitude,256,740,0.91333049,0.03363068,1.0090197
circles,fixed_amplitude,256,741,0.9126233,0.04260187,1.00750774
circles,fixed_amplitude,256,742,0.92074209,0.03641705,0.99509674
circles,fixed_amplitude,256,743,0.91624639,0.05145607,0.99118346
circles,fixed_amplitude,256,744,0.92592899,0.01282921,0.97834115
circles,fixed_amplitude,256,745,0.91608935,0.01934068,0.9912004
circles,fixed_amplitude,256,746,0.90858764,0.01659584,0.9782737
circles,fixed_amplitude,256,747,0.91611162,0.09611619,1.01246894
circles,fixed_amplitude,256,748,0.92158522,0.0469829,1.00210813
circles,fixed_amplitude,256,749,0.90839241,0.07201184,1.00846219
circles,fixed_amplitude,256,750,0.92341766,0.02138895,0.98645134
circles,fixed_amplitude,256,751,0.91749197,0.03002562,0.99371048
circles,fixed_amplitude,256,752,0.91433797,0.02613876,0.98992606
circles,fixed_amplitude,256,753,0.91977743,0.08786633,0.9964653
circles,fixed_amplitude,256,754,0.91952547,0.01791372,0.98960938
circles,fixed_amplitude,256,755,0.91861254,0.02471239,0.98568202
circles,fixed_amplitude,256,756,0.92031446,0.11162523,1.00630081
circles,fixed_amplitude,256,757,0.9258348,0.12535634,1.01511825
circles,fixed_amplitude,256,758,0.91777219,0.00849385,1.00853467
circles,fixed_amplitude,256,759,0.91290964,0.03173315,0.99522399
circles,fixed_amplitude,256,760,0.90999327,0.02667609,1.01392072
circles,fixed_amplitude,256,761,0.92055386,0.07393322,1.01297659
circles,fixed_amplitude,256,762,0.91771601,0.06147774,0.99262281
circles,fixed_amplitude,256,763,0.9230334,0.03043162,1.00041175
circles,fixed_amplitude,256,764,0.9074538,0.03701221,1.01424734
circles,fixed_amplitude,256,765,0.91366359,0.01072503,0.98277622
circles,fixed_amplitude,256,766,0.9180631,0.0698732,1.00552971
circles,fixed_amplitude,256,767,0.92483581,0.02576066,0.98468501
circles,fixed_amplitude,256,768,0.90771226,0.02775638,1.02808794
circles,fixed_amplitude,256,769,0.92212614,0.02064315,1.00863938
circles,fixed_amplitude,256,770,0.91285406,0.02719657,0.97679866
circles,fixed_amplitude,256,771,0.91611557,0.00995382,1.01613071
circles,fixed_amplitude,256,772,0.91825252,0.00558979,1.00197014
circles,fixed_amplitude,256,773,0.92641924,0.00023666,1.01878402
circles,fixed_amplitude,256,774,0.918486,0.07336941,1.00387119
circles,fixed_amplitude,256,775,0.92026393,0.04359783,0.98059479
circles,fixed_amplitude,256,776,0.91314468,0.05251873,0.98724522
circles,fixed_amplitude,256,777,0.91122883,0.00610945,1.01494078
circles,fixed_amplitude,256,778,0.92177483,0.06031682,0.99049361
circles,fixed_amplitude,256,779,0.93357005,0.07195174,0.98587516
circles,fixed_amplitude,256,780,0.91696033,0.01143023,0.98139583
circles,fixed_amplitude,256,781,0.9152757,0.01378905,0.99287778
circles,fixed_amplitude,256,782,0.91143995,0.01589519,1.00138818
circles,fixed_amplitude,256,783,0.90992697,0.01826297,0.98300771
circles,fixed_amplitude,256,784,0.9138077,0.05804206,0.99277169
circles,fixed_amplitude,256,785,0.91828619,0.02736189,0.98570293
circles,fixed_amplitude,256,786,0.90800542,0.01609601,1.00239145
circles,fixed_amplitude,256,787,0.91538277,0.06852176,0.991188
circles,fixed_amplitude,256,788,0.92017584,0.04155641,0.9852127
circles,fixed_amplitude,256,789,0.90911081,0.02262734,1.00648517
circles,fixed_amplitude,256,790,0.91300303,0.03533088,0.99751553
circles,fixed_amplitude,256,791,0.92154986,0.03661568,0.9808349
circles,fixed_amplitude,256,792,0.90922571,0.05632313,0.98572642
circles,fixed_amplitude,256,793,0.91722431,0.03048968,0.98947221
circles,fixed_amplitude,256,794,0.91369576,0.12814346,1.00774227
circles,fixed_amplitude,256,795,0.9220824,0.09217548,0.97942833
circles,fixed_amplitude,256,796,0.90659113,0.08514087,0.99391121
circles,fixed_amplitude,256,797,0.9193479,0.05402516,0.9984899
circles,fixed_amplitude,256,798,0.9138745,0.09644381,1.02847689
circles,fixed_amplitude,256,799,0.9155776,0.02377726,1.02017668
circles,fixed_amplitude,256,800,0.91335352,0.02947604,0.97557651
circles,fixed_amplitude,256,801,0.91372995,0.11164691,0.9936545
circles,fixed_amplitude,256,802,0.91623804,0.04262525,1.00572904
circles,fixed_amplitude,256,803,0.91641236,0.01103065,0.97678755
circles,fixed_amplitude,256,804,0.92204369,0.01283091,0.99981988
circles,fixed_amplitude,256,805,0.90814691,0.08759471,0.99908732
circles,fixed_amplitude,256,806,0.91959287,0.06274503,0.99073639
circles,fixed_amplitude,256,807,0.91164445,0.07044396,1.00446755
circles,fixed_amplitude,256,808,0.9186231,0.05700322,0.99539001
circles,fixed_amplitude,256,809,0.90876771,0.00167467,0.98718633
circles,fixed_amplitude,256,810,0.91233646,0.0014529,1.00031477
circles,fixed_amplitude,256,811,0.91327259,0.05400051,0.9845068
circles,fixed_amplitude,256,812,0.91824427,0.12495321,0.98619775
circles,fixed_amplitude,256,813,0.9186003,0.0079646,1.03615104
circles,fixed_amplitude,256,814,0.91880578,0.0010901,0.9832516
circles,fixed_amplitude,256,815,0.91407041,0.00759957,0.9967929
circles,fixed_amplitude,256,816,0.90931665,0.06269658,0.98628129
circles,fixed_amplitude,256,817,0.91776676,0.05192415,0.98946567
circles,fixed_amplitude,256,818,0.92571376,0.03962288,1.01260477
circles,fixed_amplitude,256,819,0.91627151,0.00578767,1.00426688
circles,fixed_amplitude,256,820,0.9174802,0.00832023,1.00435163
circles,fixed_amplitude,256,821,0.91483621,0.01808128,0.98346133
circles,fixed_amplitude,256,822,0.91429636,0.02243439,0.9894508
circles,fixed_amplitude,256,823,0.91267959,0.02599366,1.02695512
circles,fixed_amplitude,256,824,0.92139558,0.0591051,0.98170928
circles,fixed_amplitude,256,825,0.91322198,0.01289476,1.02825232
circles,fixed_amplitude,256,826,0.92178956,0.03535001,0.98075572
circles,fixed_amplitude,256,827,0.91372306,0.00256148,1.01015857
circles,fixed_amplitude,256,828,0.91332633,0.06568736,0.97926793
circles,fixed_amplitude,256,829,0.91252223,0.00966298,0.99101339
circles,fixed_amplitude,256,830,0.91121831,0.05038758,1.00261187
circles,fixed_amplitude,256,831,0.91832478,0.05501727,0.98463972
circles,fixed_amplitude,256,832,0.90887187,0.01467847,1.01600427
circles,fixed_amplitude,256,833,0.91147089,0.02223146,1.00997276
circles,fixed_amplitude,256,834,0.91350554,0.04296011,0.99912975
circles,fixed_amplitude,256,835,0.92002693,0.07121261,1.0082896
circles,fixed_amplitude,256,836,0.92493182,0.03886773,1.0007395
circles,fixed_amplitude,256,837,0.90989997,0.02362541,1.0252533
circles,fixed_amplitude,256,838,0.9186007,0.06347193,1.01254408
circles,fixed_amplitude,256,839,0.91528356,0.01817387,0.99785776
circles,fixed_amplitude,256,840,0.92566381,0.01948165,1.00194929
circles,fixed_amplitude,256,841,0.9143382,0.04820912,1.02036645
circles,fixed_amplitude,256,842,0.91385665,0.00834238,1.00850018
circles,fixed_amplitude,256,843,0.91443501,0.02971035,0.99246369
circles,fixed_amplitude,256,844,0.91570893,0.00429964,0.98865391
circles,fixed_amplitude,256,845,0.91083284,0.02926601,0.99545459
circles,fixed_amplitude,256,846,0.91864192,0.03578799,0.9835787
circles,fixed_amplitude,256,847,0.90597496,0.05153653,0.99519569
circles,fixed_amplitude,256,848,0.91993151,0.09090586,0.99753003
circles,fixed_amplitude,256,849,0.90696919,0.06749283,1.00945842
circles,fixed_amplitude,256,850,0.91402009,0.08593433,1.01136933
circles,fixed_amplitude,256,851,0.90799572,0.0012241,0.98679932
circles,fixed_amplitude,256,852,0.92413716,0.05220251,1.00652147
circles,fixed_amplitude,256,853,0.91681899,0.0572906,0.98400967
circles,fixed_amplitude,256,854,0.91417143,0.08583201,1.00580173
circles,fixed_amplitude,256,855,0.91683891,0.0425102,0.99980644
circles,fixed_amplitude,256,856,0.92082767,0.00538846,0.99568544
circles,fixed_amplitude,256,857,0.91471984,0.07920553,1.00890198
circles,fixed_amplitude,256,858,0.92085895,0.08438374,1.00658263
circles,fixed_amplitude,256,859,0.91478224,0.02938687,1.01895162
circles,fixed_amplitude,256,860,0.90452913,0.09497714,1.01711165
circles,fixed_amplitude,256,861,0.9215255,0.07312532,0.98172345
circles,fixed_amplitude,256,862,0.90812874,0.00335751,1.01582698
circles,fixed_amplitude,256,863,0.91559398,0.01569408,1.00582466
circles,fixed_amplitude,256,864,0.9169503,0.07283238,1.00569885
circles,fixed_amplitude,256,865,0.92893566,0.00120235,1.00455722
circles,fixed_amplitude,256,866,0.9175409,0.07337827,0.99669313
circles,fixed_amplitude,256,867,0.91127197,0.02857132,1.00961252
circles,fixed_amplitude,256,868,0.92222976,0.02602478,0.97134601
circles,fixed_amplitude,256,869,0.90957724,0.06612929,1.01446058
circles,fixed_amplitude,256,870,0.92165566,0.00432762,1.01263494
circles,fixed_amplitude,256,871,0.9306476,0.0167566,0.99719957
circles,fixed_amplitude,256,872,0.91291192,0.03775443,1.02445957
circles,fixed_amplitude,256,873,0.90548078,0.04681969,1.01484278
circles,fixed_amplitude,256,874,0.92518332,0.0075486,0.99953456
circles,fixed_amplitude,256,875,0.90464963,0.07211488,0.98875136
circles,fixed_amplitude,256,876,0.90973743,0.02882928,1.00542087
circles,fixed_amplitude,256,877,0.9090634,0.00420323,1.03753899
circles,fixed_amplitude,256,878,0.93054553,0.01706719,0.97232025
circles,fixed_amplitude,256,879,0.91282082,0.0262842,1.03169019
circles,fixed_amplitude,256,880,0.91459388,0.08091492,0.98505114
circles,fixed_amplitude,256,881,0.91485254,0.01261708,0.99349243
circles,fixed_amplitude,256,882,0.92644751,0.04543294,1.0110388
circles,fixed_amplitude,256,883,0.92046543,0.04048571,1.00111039
circles,fixed_amplitude,256,884,0.92178191,0.0747171,1.0525517
circles,fixed_amplitude,256,885,0.91295834,0.06347126,0.99378413
circles,fixed_amplitude,256,886,0.90895976,0.01953047,1.01323692
circles,fixed_amplitude,256,887,0.91505478,0.00191863,0.98189617
circles,fixed_amplitude,256,888,0.90880225,0.02792135,0.99821737
circles,fixed_amplitude,256,889,0.9115611,0.00451006,0.97073957
circles,fixed_amplitude,256,890,0.92040369,0.01223206,1.0228487
circles,fixed_amplitude,256,891,0.91763262,0.01847838,1.01509766
circles,fixed_amplitude,256,892,0.91911299,0.06406108,0.99147555
circles,fixed_amplitude,256,893,0.91853917,0.03350864,0.98857087
circles,fixed_amplitude,256,894,0.91733028,0.02951569,0.99156971
circles,fixed_amplitude,256,895,0.9113732,0.03608243,0.97790892
circles,fixed_amplitude,256,896,0.92299602,0.0195741,1.02538839
circles,fixed_amplitude,256,897,0.92096354,0.05936874,1.01858799
circles,fixed_amplitude,256,898,0.91683393,0.05536711,0.98783091
circles,fixed_amplitude,256,899,0.91118317,0.00336083,1.01810358
circles,fixed_amplitude,256,900,0.92283085,0.0697598,1.00453572
circles,fixed_amplitude,256,901,0.91175717,0.01623683,0.98880778
circles,fixed_amplitude,256,902,0.90993873,0.01224256,0.98189624
circles,fixed_amplitude,256,903,0.92493199,0.06955778,0.99732366
circles,fixed_amplitude,256,904,0.92467101,0.02302968,0.98887791
circles,fixed_amplitude,256,905,0.91603679,0.00586614,1.02837259
circles,fixed_amplitude,256,906,0.91688595,0.01181133,1.01411044
circles,fixed_amplitude,256,907,0.91668849,0.06176602,1.0136098
circles,fixed_amplitude,256,908,0.91797474,0.00336357,0.99349562
circles,fixed_amplitude,256,909,0.90870545,0.04711952,1.0022171
circles,fixed_amplitude,256,910,0.91567255,0.0602397,1.00475935
circles,fixed_amplitude,256,911,0.92304832,0.05286207,1.0013557
circles,fixed_amplitude,256,912,0.92479433,0.09209376,0.96513427
circles,fixed_amplitude,256,913,0.92188641,0.00821737,0.97979746
circles,fixed_amplitude,256,914,0.9191686,0.04087509,0.98057087
circles,fixed_amplitude,256,915,0.91692677,0.01286538,0.98923916
circles,fixed_amplitude,256,916,0.91179063,0.05516771,1.00493431
circles,fixed_amplitude,256,917,0.91041404,0.02544696,0.99048232
circles,fixed_amplitude,256,918,0.91368319,0.00844947,1.01595131
circles,fixed_amplitude,256,919,0.92232041,0.02155623,0.99329193
circles,fixed_amplitude,256,920,0.92321238,0.00257247,0.9789847
circles,fixed_amplitude,256,921,0.9141803,0.01118201,1.00884194
circles,fixed_amplitude,256,922,0.92562581,0.07208121,0.9879532
circles,fixed_amplitude,256,923,0.91528687,0.01612409,1.00678741
circles,fixed_amplitude,256,924,0.91454286,0.01285035,0.98216103
circles,fixed_amplitude,256,925,0.90710387,0.03839924,1.0149114
circles,fixed_amplitude,256,926,0.91573551,0.07875572,0.98953898
circles,fixed_amplitude,256,927,0.9216784,0.00041586,0.99538291
circles,fixed_amplitude,256,928,0.91171614,0.03173827,0.98387079
circles,fixed_amplitude,256,929,0.92481871,0.08339521,0.98955153
circles,fixed_amplitude,256,930,0.90526731,0.06530234,1.00485848
circles,fixed_amplitude,256,931,0.91165388,0.02605802,1.01944129
circles,fixed_amplitude,256,932,0.90912983,0.00350873,1.00352426
circles,fixed_amplitude,256,933,0.91076413,0.01054777,1.01480049
circles,fixed_amplitude,256,934,0.90628035,0.02660619,0.96835361
circles,fixed_amplitude,256,935,0.9123899,0.01363962,1.0046424
circles,fixed_amplitude,256,936,0.91588357,0.06017131,1.00044639
circles,fixed_amplitude,256,937,0.9042024,0.05651213,1.01993977
circles,fixed_amplitude,256,938,0.91543564,0.00616953,1.008501
circles,fixed_amplitude,256,939,0.91853643,0.02573127,1.00622723
circles,fixed_amplitude,256,940,0.92004763,0.02040895,0.9819481
circles,fixed_amplitude,256,941,0.91054981,0.05370045,0.98319719
circles,fixed_amplitude,256,942,0.91330834,0.06770662,1.00673558
circles,fixed_amplitude,256,943,0.91313297,0.01420274,0.98685522
circles,fixed_amplitude,256,944,0.92286403,0.00153321,0.99485372
circles,fixed_amplitude,256,945,0.9249029,0.00669057,1.00128368
circles,fixed_amplitude,256,946,0.90702772,0.02053999,1.00423284
circles,fixed_amplitude,256,947,0.92018999,0.0023489,0.99688743
circles,fixed_amplitude,256,948,0.90217373,0.06443388,0.98901394
circles,fixed_amplitude,256,949,0.91719562,0.03075771,1.01395531
circles,fixed_amplitude,256,950,0.91742149,0.05811075,1.03280314
circles,fixed_amplitude,256,951,0.92461892,0.0226912,0.98572399
circles,fixed_amplitude,256,952,0.9165776,0.009291,0.98879915
circles,fixed_amplitude,256,953,0.915164,0.01448797,0.98672239
circles,fixed_amplitude,256,954,0.91330603,0.01486619,1.00069028
circles,fixed_amplitude,256,955,0.92945747,0.03901153,0.99647441
circles,fixed_amplitude,256,956,0.90884735,0.07471235,0.98201699
circles,fixed_amplitude,256,957,0.91149978,0.08370464,1.00679404
circles,fixed_amplitude,256,958,0.91727146,0.01663796,1.00171053
circles,fixed_amplitude,256,959,0.91329024,0.10298824,1.01205544
circles,fixed_amplitude,256,960,0.92192221,0.00274824,1.01484508
circles,fixed_amplitude,256,961,0.91795352,0.00597792,1.00798726
circles,fixed_amplitude,256,962,0.9200224,0.01298787,0.98586213
circles,fixed_amplitude,256,963,0.91123322,0.0333812,1.01732976
circles,fixed_amplitude,256,964,0.91056766,0.00019764,0.99302552
circles,fixed_amplitude,256,965,0.91452867,0.0314333,0.98763528
circles,fixed_amplitude,256,966,0.91906952,0.00417856,1.00907983
circles,fixed_amplitude,256,967,0.920048,0.02889726,0.97094101
circles,fixed_amplitude,256,968,0.9146363,0.03455315,1.01650472
circles,fixed_amplitude,256,969,0.90942087,0.05101785,1.02711218
circles,fixed_amplitude,256,970,0.91301588,0.04320286,0.99870539
circles,fixed_amplitude,256,971,0.92891582,0.02148649,1.01915876
circles,fixed_amplitude,256,972,0.91618587,0.02923312,1.00770204
circles,fixed_amplitude,256,973,0.91514857,0.09497835,0.99475996
circles,fixed_amplitude,256,974,0.9126041,0.05107854,0.98981231
circles,fixed_amplitude,256,975,0.91208694,0.13786341,0.97494776
circles,fixed_amplitude,256,976,0.91413739,0.04968856,1.00667668
circles,fixed_amplitude,256,977,0.92518897,0.06201039,0.99235527
circles,fixed_amplitude,256,978,0.91524221,0.12216252,0.99666479
circles,fixed_amplitude,256,979,0.91992851,0.05936373,1.01533629
circles,fixed_amplitude,256,980,0.9244629,0.04393824,1.02373524
circles,fixed_amplitude,256,981,0.90981806,0.02024423,1.00946687
circles,fixed_amplitude,256,982,0.9196417,0.00510358,0.97048348
circles,fixed_amplitude,256,983,0.91700895,0.06984583,1.01723114
circles,fixed_amplitude,256,984,0.91633915,0.02513747,0.98696671
circles,fixed_amplitude,256,985,0.91100382,0.02216249,1.02425508
circles,fixed_amplitude,256,986,0.92721789,0.07824305,1.00235497
circles,fixed_amplitude,256,987,0.920915,0.09341101,0.98370147
circles,fixed_amplitude,256,988,0.91389828,0.11456323,0.99639994
circles,fixed_amplitude,256,989,0.91430891,0.01989058,0.99515646
circles,fixed_amplitude,256,990,0.9125636,0.09878759,0.99454721
circles,fixed_amplitude,256,991,0.9084124,0.09578167,1.00929852
circles,fixed_amplitude,256,992,0.89837551,0.0437919,1.01541231
circles,fixed_amplitude,256,993,0.91218637,0.05415448,0.98540388
circles,fixed_amplitude,256,994,0.91610707,0.00062249,1.01503924
circles,fixed_amplitude,256,995,0.92366726,0.06450923,0.99821313
circles,fixed_amplitude,256,996,0.91100744,0.03711709,1.00234717
circles,fixed_amplitude,256,997,0.92434438,0.04090709,1.01129935
circles,fixed_amplitude,256,998,0.90479805,0.001247,1.01194775
circles,fixed_amplitude,256,999,0.91613263,0.07577432,0.99119026
circles,fixed_amplitude,512,0,0.90833981,0.04527936,0.9966725
circles,fixed_amplitude,512,1,0.91409155,0.01242805,0.99063606
circles,fixed_amplitude,512,2,0.91438806,0.00998033,1.01326262
circles,fixed_amplitude,512,3,0.91512524,0.00112224,1.00462467
circles,fixed_amplitude,512,4,0.92349096,0.03085449,1.01701274
circles,fixed_amplitude,512,5,0.92207238,0.01276924,0.98314941
circles,fixed_amplitude,512,6,0.91281946,0.00827021,0.98474771
circles,fixed_amplitude,512,7,0.92122222,0.07220756,0.99381334
circles,fixed_amplitude,512,8,0.91060047,0.07853481,0.98928946
circles,fixed_amplitude,512,9,0.91014586,0.03636982,1.00230193
circles,fixed_amplitude,512,10,0.91638218,0.05844186,0.99826293
circles,fixed_amplitude,512,11,0.9188339,0.05755528,0.99259838
circles,fixed_amplitude,512,12,0.91985849,0.06728455,1.02414128
circles,fixed_amplitude,512,13,0.92736085,0.05863788,0.98915547
circles,fixed_amplitude,512,14,0.91230263,0.01033492,1.01496158
circles,fixed_amplitude,512,15,0.92021244,0.03693423,1.00543285
circles,fixed_amplitude,512,16,0.91802611,0.03383739,0.99915666
circles,fixed_amplitude,512,17,0.91899892,0.03018882,0.97843528
circles,fixed_amplitude,512,18,0.9229679,0.04456537,1.00146534
circles,fixed_amplitude,512,19,0.91642843,0.03472298,1.00958657
circles,fixed_amplitude,512,20,0.91809451,0.06571206,0.99035867
circles,fixed_amplitude,512,21,0.92156042,0.03425934,0.9976237
circles,fixed_amplitude,512,22,0.91120196,0.04545074,0.97923224
circles,fixed_amplitude,512,23,0.92631319,0.03097038,1.00867581
circles,fixed_amplitude,512,24,0.91716607,0.05184913,0.99874556
circles,fixed_amplitude,512,25,0.91778479,0.02960917,1.00330799
circles,fixed_amplitude,512,26,0.91215778,0.0243709,0.9974324
circles,fixed_amplitude,512,27,0.90603494,0.0031829,1.00437343
circles,fixed_amplitude,512,28,0.9145976,0.03277408,0.96862194
circles,fixed_amplitude,512,29,0.91941657,0.11317521,1.02257115
circles,fixed_amplitude,512,30,0.90907636,0.04592009,0.99378941
circles,fixed_amplitude,512,31,0.91592177,0.01255008,0.97833134
circles,fixed_amplitude,512,32,0.91604364,0.0246426,0.98876663
circles,fixed_amplitude,512,33,0.92235796,0.06740912,1.01467025
circles,fixed_amplitude,512,34,0.91091132,0.08983066,0.97274809
circles,fixed_amplitude,512,35,0.91485824,0.0015943,1.01004498
circles,fixed_amplitude,512,36,0.91247756,0.06941714,1.01097819
circles,fixed_amplitude,512,37,0.91187732,0.00177287,1.00309011
circles,fixed_amplitude,512,38,0.92241605,0.08343338,0.98381523
circles,fixed_amplitude,512,39,0.92151111,0.03100721,0.98444906
circles,fixed_amplitude,512,40,0.90480473,0.06326538,1.00240546
circles,fixed_amplitude,512,41,0.91711867,0.05755023,1.00489453
circles,fixed_amplitude,512,42,0.90501433,0.08897706,1.00244122
circles,fixed_amplitude,512,43,0.91320443,0.01455406,1.01105483
circles,fixed_amplitude,512,44,0.91752103,0.00194901,0.99284465
circles,fixed_amplitude,512,45,0.91887451,0.03974468,0.9774972
circles,fixed_amplitude,512,46,0.90830472,0.06876061,0.9833378
circles,fixed_amplitude,512,47,0.91584455,0.00410916,1.01333866
circles,fixed_amplitude,512,48,0.92105225,0.04261856,0.98233524
circles,fixed_amplitude,512,49,0.91072112,0.03270593,1.02132872
circles,fixed_amplitude,512,50,0.90584659,0.03036191,1.0121723
circles,fixed_amplitude,512,51,0.91647152,0.0441482,0.97645572
circles,fixed_amplitude,512,52,0.91107883,0.01487996,0.98434114
circles,fixed_amplitude,512,53,0.91938591,0.00318686,1.002393
circles,fixed_amplitude,512,54,0.91537085,0.0194616,0.98714539
circles,fixed_amplitude,512,55,0.91182453,0.03136263,1.00629216
circles,fixed_amplitude,512,56,0.9084902,0.05017626,0.99301215
circles,fixed_amplitude,512,57,0.92145382,0.00259687,1.00735255
circles,fixed_amplitude,512,58,0.92191282,0.04227082,1.00290462
circles,fixed_amplitude,512,59,0.90936513,0.04192525,0.99872195
circles,fixed_amplitude,512,60,0.91600998,0.00873813,1.01161596
circles,fixed_amplitude,512,61,0.90804159,0.03263538,0.98368984
circles,fixed_amplitude,512,62,0.91411744,0.06177222,1.020438
circles,fixed_amplitude,512,63,0.91563901,0.03272461,0.99145552
circles,fixed_amplitude,512,64,0.91905918,0.0178395,0.99010708
circles,fixed_amplitude,512,65,0.9074618,0.03242189,0.97415097
circles,fixed_amplitude,512,66,0.91450692,0.02641535,1.00079376
circles,fixed_amplitude,512,67,0.91094636,0.03254926,0.99204529
circles,fixed_amplitude,512,68,0.90265034,0.00144421,0.99846587
circles,fixed_amplitude,512,69,0.92749939,0.06942408,0.99827168
circles,fixed_amplitude,512,70,0.92084257,0.03247388,1.00373283
circles,fixed_amplitude,512,71,0.91134554,0.01316535,0.99222616
circles,fixed_amplitude,512,72,0.92078091,0.01642564,1.00631096
circles,fixed_amplitude,512,73,0.91159543,0.01895844,0.97797044
circles,fixed_amplitude,512,74,0.91649434,0.02316471,0.99695796
circles,fixed_amplitude,512,75,0.92195635,0.06846556,1.02864149
circles,fixed_amplitude,512,76,0.91485925,0.02274843,1.00857909
circles,fixed_amplitude,512,77,0.91593531,0.04765403,1.01160179
circles,fixed_amplitude,512,78,0.90995138,0.13828857,0.99493575
circles,fixed_amplitude,512,79,0.91152878,0.02546571,0.98667445
circles,fixed_amplitude,512,80,0.90870109,0.13433242,1.00574999
circles,fixed_amplitude,512,81,0.92337852,0.11785699,1.00307726
circles,fixed_amplitude,512,82,0.91440181,0.03877036,1.00711435
circles,fixed_amplitude,512,83,0.90935453,0.12040939,0.98146092
circles,fixed_amplitude,512,84,0.90415578,0.01790044,0.99736025
circles,fixed_amplitude,512,85,0.91402712,0.03093355,1.0057853
circles,fixed_amplitude,512,86,0.91587086,0.00507896,0.99789683
circles,fixed_amplitude,512,87,0.91193441,0.03040691,0.99385499
circles,fixed_amplitude,512,88,0.90837355,0.00213186,1.01591401
circles,fixed_amplitude,512,89,0.90974827,0.05062148,1.00482346
circles,fixed_amplitude,512,90,0.92285317,0.00287442,1.01330599
circles,fixed_amplitude,512,91,0.92059881,0.02647092,0.99316303
circles,fixed_amplitude,512,92,0.91646652,0.01283879,0.99197875
circles,fixed_amplitude,512,93,0.92368694,0.05266329,0.99590413
circles,fixed_amplitude,512,94,0.91041623,0.05132546,0.9925851
circles,fixed_amplitude,512,95,0.91426006,0.04731904,1.01982062
circles,fixed_amplitude,512,96,0.93231231,0.05789209,1.01833125
circles,fixed_amplitude,512,97,0.91342208,0.02701383,1.01340079
circles,fixed_amplitude,512,98,0.91688761,0.02202521,0.98980876
circles,fixed_amplitude,512,99,0.91604489,0.01566714,0.99781907
circles,fixed_amplitude,512,100,0.9177577,0.06087989,1.017723
circles,fixed_amplitude,512,101,0.91392375,0.04600375,0.98954681
circles,fixed_amplitude,512,102,0.9210595,0.02434653,1.00798342
circles,fixed_amplitude,512,103,0.91986586,0.03146942,0.9868855
circles,fixed_amplitude,512,104,0.91563387,0.08951436,1.01200476
circles,fixed_amplitude,512,105,0.91946433,0.05933966,0.99572562
circles,fixed_amplitude,512,106,0.92818645,0.01473538,1.00418191
circles,fixed_amplitude,512,107,0.92294881,0.02106844,0.98759598
circles,fixed_amplitude,512,108,0.91820382,0.01557371,0.98728737
circles,fixed_amplitude,512,109,0.91586449,0.03803022,0.96507503
circles,fixed_amplitude,512,110,0.91678261,0.04318708,1.02272323
circles,fixed_amplitude,512,111,0.9163546,0.00337952,0.99892596
circles,fixed_amplitude,512,112,0.93144281,0.03904708,0.97287199
circles,fixed_amplitude,512,113,0.91536012,0.01840045,0.98737959
circles,fixed_amplitude,512,114,0.926396,0.04843385,0.96586322
circles,fixed_amplitude,512,115,0.91638368,0.00373125,1.00084747
circles,fixed_amplitude,512,116,0.91121005,0.01236028,0.99517488
circles,fixed_amplitude,512,117,0.92394849,0.0546621,1.04005894
circles,fixed_amplitude,512,118,0.92710032,0.0253915,0.99117791
circles,fixed_amplitude,512,119,0.91321194,0.05593422,0.99502546
circles,fixed_amplitude,512,120,0.92086461,0.05825457,0.98338916
circles,fixed_amplitude,512,121,0.92102645,0.03701416,1.00384357
circles,fixed_amplitude,512,122,0.91704523,0.03829241,1.01252294
circles,fixed_amplitude,512,123,0.91928249,0.05940008,1.01792505
circles,fixed_amplitude,512,124,0.9172571,0.02034001,0.99727658
circles,fixed_amplitude,512,125,0.91667767,0.02476887,1.00895484
circles,fixed_amplitude,512,126,0.91728883,0.01658847,0.99500596
circles,fixed_amplitude,512,127,0.9129809,0.09979641,0.98897212
circles,fixed_amplitude,512,128,0.91722469,0.07457287,1.00395244
circles,fixed_amplitude,512,129,0.91013375,0.03261282,1.0019148
circles,fixed_amplitude,512,130,0.91646604,0.0221693,0.98769059
circles,fixed_amplitude,512,131,0.91556783,0.01413549,0.98804812
circles,fixed_amplitude,512,132,0.92986625,0.00729466,0.98957893
circles,fixed_amplitude,512,133,0.91070999,0.06810613,0.97294916
circles,fixed_amplitude,512,134,0.91011284,0.00793587,0.99386118
circles,fixed_amplitude,512,135,0.9166431,0.04044192,0.98952863
circles,fixed_amplitude,512,136,0.91362275,0.01165515,0.99753587
circles,fixed_amplitude,512,137,0.92289613,0.04668838,0.9955804
circles,fixed_amplitude,512,138,0.91193684,0.0353965,0.98339613
circles,fixed_amplitude,512,139,0.92207699,0.01978001,1.00890418
circles,fixed_amplitude,512,140,0.89804546,0.02376275,1.00065447
circles,fixed_amplitude,512,141,0.91597635,0.01994642,0.97328406
circles,fixed_amplitude,512,142,0.91314841,0.00255713,0.99740011
circles,fixed_amplitude,512,143,0.91782927,0.03413962,0.98713921
circles,fixed_amplitude,512,144,0.92708815,0.0631874,1.00776287
circles,fixed_amplitude,512,145,0.92505018,0.06507368,0.97801834
circles,fixed_amplitude,512,146,0.92035834,0.04497155,1.0192564
circles,fixed_amplitude,512,147,0.92037456,0.03482802,1.02006761
circles,fixed_amplitude,512,148,0.91372862,0.00019162,1.00093008
circles,fixed_amplitude,512,149,0.91172908,0.04970095,0.9816602
circles,fixed_amplitude,512,150,0.92105742,0.02173518,0.98144999
circles,fixed_amplitude,512,151,0.92092636,0.05459175,1.00526778
circles,fixed_amplitude,512,152,0.91109732,0.02925023,0.99347048
circles,fixed_amplitude,512,153,0.90606731,0.01318599,0.98600081
circles,fixed_amplitude,512,154,0.92109921,0.03401439,0.99365511
circles,fixed_amplitude,512,155,0.91530596,0.01083985,0.98465535
circles,fixed_amplitude,512,156,0.91636722,0.01791591,0.99328612
circles,fixed_amplitude,512,157,0.92009801,0.00386052,0.99550663
circles,fixed_amplitude,512,158,0.92329533,0.12728708,0.98459663
circles,fixed_amplitude,512,159,0.91059239,0.00246215,0.97595144
circles,fixed_amplitude,512,160,0.91722687,0.00096586,0.98569315
circles,fixed_amplitude,512,161,0.9184091,0.05868528,0.9866324
circles,fixed_amplitude,512,162,0.91373792,0.00415212,0.9813537
circles,fixed_amplitude,512,163,0.91523032,0.02816183,1.00020967
circles,fixed_amplitude,512,164,0.90525536,0.06262424,1.01250858
circles,fixed_amplitude,512,165,0.92294151,0.00631611,1.00522804
circles,fixed_amplitude,512,166,0.91300047,0.13249658,0.99710537
circles,fixed_amplitude,512,167,0.90556984,0.04851329,0.97175283
circles,fixed_amplitude,512,168,0.91874839,0.07612674,1.00931157
circles,fixed_amplitude,512,169,0.9179706,0.0272165,0.99338287
circles,fixed_amplitude,512,170,0.91704995,0.04283023,1.00815257
circles,fixed_amplitude,512,171,0.90850653,0.04981372,0.98316756
circles,fixed_amplitude,512,172,0.90224026,0.03109367,0.9909386
circles,fixed_amplitude,512,173,0.90974242,0.00534028,1.01723486
circles,fixed_amplitude,512,174,0.91015559,0.05517452,1.0019791
circles,fixed_amplitude,512,175,0.92110592,0.02534583,1.02457034
circles,fixed_amplitude,512,176,0.91769392,0.0313878,1.01227294
circles,fixed_amplitude,512,177,0.91301132,0.08203121,0.99563634
circles,fixed_amplitude,512,178,0.92266964,0.04694219,0.99967463
circles,fixed_amplitude,512,179,0.91543973,0.09242098,0.99999678
circles,fixed_amplitude,512,180,0.92869015,0.00594964,1.01551482
circles,fixed_amplitude,512,181,0.92533025,0.00417972,1.00098979
circles,fixed_amplitude,512,182,0.92215236,0.01418837,1.01886777
circles,fixed_amplitude,512,183,0.92267933,0.03106115,1.00110478
circles,fixed_amplitude,512,184,0.91548148,0.11846986,1.01536813
circles,fixed_amplitude,512,185,0.90663163,0.00785935,0.99682615
circles,fixed_amplitude,512,186,0.91273169,0.02903582,0.99583414
circles,fixed_amplitude,512,187,0.92185616,0.07768627,0.99187739
circles,fixed_amplitude,512,188,0.90967422,0.0336767,1.00224326
circles,fixed_amplitude,512,189,0.90699717,0.04508411,0.99074415
circles,fixed_amplitude,512,190,0.91709315,0.01819247,1.01193526
circles,fixed_amplitude,512,191,0.91669436,0.02681417,1.00267025
circles,fixed_amplitude,512,192,0.91595234,0.04552927,0.98144327
circles,fixed_amplitude,512,193,0.91883697,0.07617556,0.98242645
circles,fixed_amplitude,512,194,0.91776672,0.02565208,1.00564526
circles,fixed_amplitude,512,195,0.91720121,0.00466962,0.98922019
circles,fixed_amplitude,512,196,0.90628559,0.00316314,1.03440083
circles,fixed_amplitude,512,197,0.91446049,0.02149039,0.99940308
circles,fixed_amplitude,512,198,0.91836523,0.08013232,0.98245443
circles,fixed_amplitude,512,199,0.91667621,0.0088794,1.01552906
circles,fixed_amplitude,512,200,0.91448879,0.00884046,1.00550457
circles,fixed_amplitude,512,201,0.91449663,0.07942833,0.99690867
circles,fixed_amplitude,512,202,0.91307567,0.00971494,0.98727746
circles,fixed_amplitude,512,203,0.92265735,0.12526542,0.9906378
circles,fixed_amplitude,512,204,0.91910664,0.02507001,1.00437069
circles,fixed_amplitude,512,205,0.90880799,0.00454446,0.96808152
circles,fixed_amplitude,512,206,0.9130986,0.00165859,1.00594519
circles,fixed_amplitude,512,207,0.91810009,0.07088671,0.99607882
circles,fixed_amplitude,512,208,0.91981333,0.00364849,0.9795252
circles,fixed_amplitude,512,209,0.91295319,0.02971121,1.00132821
circles,fixed_amplitude,512,210,0.92418037,0.00761462,0.98925077
circles,fixed_amplitude,512,211,0.92210749,0.05228192,0.99392384
circles,fixed_amplitude,512,212,0.91313097,0.05482915,1.02807178
circles,fixed_amplitude,512,213,0.92014839,0.02157647,0.98817547
circles,fixed_amplitude,512,214,0.91492523,0.07439577,1.00773387
circles,fixed_amplitude,512,215,0.91696257,0.02014609,0.98834484
circles,fixed_amplitude,512,216,0.91210297,0.05329768,0.95691971
circles,fixed_amplitude,512,217,0.89815516,0.01302021,1.01583182
circles,fixed_amplitude,512,218,0.90474152,0.04344677,1.00272716
circles,fixed_amplitude,512,219,0.92292354,0.02586107,0.99378205
circles,fixed_amplitude,512,220,0.91651937,0.02789948,1.0099986
circles,fixed_amplitude,512,221,0.91074523,0.06332797,1.02186426
circles,fixed_amplitude,512,222,0.92474294,0.01843607,0.97571139
circles,fixed_amplitude,512,223,0.91562089,0.02865485,1.00443634
circles,fixed_amplitude,512,224,0.92209723,0.02716371,0.97562938
circles,fixed_amplitude,512,225,0.92340522,0.04068908,0.99821428
circles,fixed_amplitude,512,226,0.91358717,0.02186783,1.0104981
circles,fixed_amplitude,512,227,0.91679388,0.00202833,0.99947537
circles,fixed_amplitude,512,228,0.91538208,0.01702238,1.01286717
circles,fixed_amplitude,512,229,0.91487538,0.0194217,1.00513719
circles,fixed_amplitude,512,230,0.91683696,0.13495589,0.99955137
circles,fixed_amplitude,512,231,0.92045829,0.00961271,1.02437623
circles,fixed_amplitude,512,232,0.9122962,0.04384367,0.99709144
circles,fixed_amplitude,512,233,0.90488575,0.03148339,0.98978197
circles,fixed_amplitude,512,234,0.92692034,0.0659638,1.01649179
circles,fixed_amplitude,512,235,0.91255899,0.02226365,1.03244341
circles,fixed_amplitude,512,236,0.91444345,0.05078413,0.97124714
circles,fixed_amplitude,512,237,0.91465211,0.08510834,1.03046547
circles,fixed_amplitude,512,238,0.92072899,0.02524036,0.9888133
circles,fixed_amplitude,512,239,0.91554263,0.0170738,0.99069242
circles,fixed_amplitude,512,240,0.91918541,0.00716013,0.99195113
circles,fixed_amplitude,512,241,0.91955331,0.02722573,1.00032695
circles,fixed_amplitude,512,242,0.92027123,0.01825975,1.02508491
circles,fixed_amplitude,512,243,0.91652804,0.02509875,1.03552968
circles,fixed_amplitude,512,244,0.92642631,0.07376613,0.98768386
circles,fixed_amplitude,512,245,0.91908377,0.02873502,1.01745348
circles,fixed_amplitude,512,246,0.91326214,0.08213364,1.00532473
circles,fixed_amplitude,512,247,0.9262518,0.00053048,0.99845999
circles,fixed_amplitude,512,248,0.91560318,0.11976865,1.01532104
circles,fixed_amplitude,512,249,0.90583162,0.08151677,0.99466314
circles,fixed_amplitude,512,250,0.91514338,0.0051572,1.01168659
circles,fixed_amplitude,512,251,0.91029203,0.0042504,1.00423726
circles,fixed_amplitude,512,252,0.91899872,0.07128561,1.00605887
circles,fixed_amplitude,512,253,0.90743677,0.05357647,0.99245126
circles,fixed_amplitude,512,254,0.9081961,0.06451618,0.96985978
circles,fixed_amplitude,512,255,0.9129848,0.02879526,1.01878834
circles,fixed_amplitude,512,256,0.91740484,0.04081342,0.9844664
circles,fixed_amplitude,512,257,0.91704752,0.02385319,1.01777164
circles,fixed_amplitude,512,258,0.91651215,0.0708646,1.01098311
circles,fixed_amplitude,512,259,0.90496243,0.01385835,1.00360755
circles,fixed_amplitude,512,260,0.91431849,0.04980341,0.98594211
circles,fixed_amplitude,512,261,0.92061882,0.05193904,0.99256867
circles,fixed_amplitude,512,262,0.91714101,0.00531949,1.01436195
circles,fixed_amplitude,512,263,0.91327112,0.01180124,0.98433303
circles,fixed_amplitude,512,264,0.92051251,0.00080541,0.98633011
circles,fixed_amplitude,512,265,0.9142101,0.00713548,0.99008709
circles,fixed_amplitude,512,266,0.92003859,0.05768416,0.99648626
circles,fixed_amplitude,512,267,0.91849561,0.05763577,0.99788409
circles,fixed_amplitude,512,268,0.91655472,0.02431338,1.02657951
circles,fixed_amplitude,512,269,0.9178368,0.03055913,1.01259478
circles,fixed_amplitude,512,270,0.91224087,0.01815354,1.00275401
circles,fixed_amplitude,512,271,0.92115829,0.0840747,1.00465031
circles,fixed_amplitude,512,272,0.90983766,0.10549411,1.0034406
circles,fixed_amplitude,512,273,0.91944737,0.03325368,0.98121579
circles,fixed_amplitude,512,274,0.90609431,0.03254381,1.01124971
circles,fixed_amplitude,512,275,0.90522236,0.02563019,0.98345299
circles,fixed_amplitude,512,276,0.91572185,0.00651868,0.99324318
circles,fixed_amplitude,512,277,0.91968534,0.01128612,0.97056443
circles,fixed_amplitude,512,278,0.91816952,0.0647065,0.99219236
circles,fixed_amplitude,512,279,0.92240771,0.02170881,1.00841673
circles,fixed_amplitude,512,280,0.92194041,0.00124184,1.01317537
circles,fixed_amplitude,512,281,0.91669037,0.09896624,1.00233552
circles,fixed_amplitude,512,282,0.9172275,0.05107129,1.02812562
circles,fixed_amplitude,512,283,0.91530041,0.02758317,0.98954845
circles,fixed_amplitude,512,284,0.91554328,0.0788021,1.00323806
circles,fixed_amplitude,512,285,0.91815271,0.07716163,0.99706981
circles,fixed_amplitude,512,286,0.91468845,0.03454954,0.98711921
circles,fixed_amplitude,512,287,0.92454331,0.02745122,1.00651228
circles,fixed_amplitude,512,288,0.91377205,0.02298979,1.00567248
circles,fixed_amplitude,512,289,0.9178439,0.04878135,1.01123925
circles,fixed_amplitude,512,290,0.90707027,0.08854508,1.00595075
circles,fixed_amplitude,512,291,0.92576435,0.00319399,0.98906668
circles,fixed_amplitude,512,292,0.90870969,0.07718603,0.9827347
circles,fixed_amplitude,512,293,0.92270354,0.03383627,0.99945639
circles,fixed_amplitude,512,294,0.92612838,0.05409053,1.0184115
circles,fixed_amplitude,512,295,0.91947827,0.0278902,1.00714817
circles,fixed_amplitude,512,296,0.91722598,0.0414779,0.99194542
circles,fixed_amplitude,512,297,0.91267645,0.01767097,0.99611483
circles,fixed_amplitude,512,298,0.92382222,0.0189097,0.99741338
circles,fixed_amplitude,512,299,0.91591221,0.00340728,1.00582241
circles,fixed_amplitude,512,300,0.91459985,0.07199349,0.9972441
circles,fixed_amplitude,512,301,0.91597125,0.02569731,1.00324718
circles,fixed_amplitude,512,302,0.91213405,0.07705676,0.96640187
circles,fixed_amplitude,512,303,0.91435487,0.08371447,1.02288723
circles,fixed_amplitude,512,304,0.91782589,0.01246138,0.97475393
circles,fixed_amplitude,512,305,0.92343582,0.06436374,0.98579373
circles,fixed_amplitude,512,306,0.92208692,0.01626769,1.03455163
circles,fixed_amplitude,512,307,0.91446613,0.01017475,1.01666409
circles,fixed_amplitude,512,308,0.91959931,0.0168561,1.02709907
circles,fixed_amplitude,512,309,0.90688394,0.00205996,0.98459973
circles,fixed_amplitude,512,310,0.91991449,0.04089359,1.00748089
circles,fixed_amplitude,512,311,0.92474535,0.01554629,1.00969037
circles,fixed_amplitude,512,312,0.91124042,0.02944709,0.97843288
circles,fixed_amplitude,512,313,0.9211901,0.06898778,1.00721163
circles,fixed_amplitude,512,314,0.91467805,0.00951178,0.99875756
circles,fixed_amplitude,512,315,0.91400649,0.0087516,0.98603974
circles,fixed_amplitude,512,316,0.91724135,0.01704497,0.99867581
circles,fixed_amplitude,512,317,0.92093301,0.00556083,0.99246229
circles,fixed_amplitude,512,318,0.91805653,0.01965726,0.94902244
circles,fixed_amplitude,512,319,0.92192885,0.03888381,1.0201785
circles,fixed_amplitude,512,320,0.90966018,0.07667207,1.01876996
circles,fixed_amplitude,512,321,0.91521347,0.02373912,0.98735668
circles,fixed_amplitude,512,322,0.91673821,0.0213454,1.0228334
circles,fixed_amplitude,512,323,0.91073873,0.01051347,1.018194
circles,fixed_amplitude,512,324,0.91604408,0.06553212,0.99256614
circles,fixed_amplitude,512,325,0.92778609,0.04760576,0.99092435
circles,fixed_amplitude,512,326,0.91473078,0.04083636,1.00885422
circles,fixed_amplitude,512,327,0.92589549,0.10750991,0.99460112
circles,fixed_amplitude,512,328,0.90715764,0.0238128,1.02572303
circles,fixed_amplitude,512,329,0.92331894,0.00815804,1.00979078
circles,fixed_amplitude,512,330,0.91863473,0.0198503,1.0189707
circles,fixed_amplitude,512,331,0.93351905,0.01861554,1.00543036
circles,fixed_amplitude,512,332,0.91806043,0.06634905,1.00927095
circles,fixed_amplitude,512,333,0.91967042,0.01295791,0.98848331
circles,fixed_amplitude,512,334,0.92118449,0.01767807,1.01861288
circles,fixed_amplitude,512,335,0.92394356,0.03113042,0.98737622
circles,fixed_amplitude,512,336,0.90806364,0.00868759,1.01526212
circles,fixed_amplitude,512,337,0.90491369,0.00399274,0.98133391
circles,fixed_amplitude,512,338,0.9258936,0.04737304,1.00616735
circles,fixed_amplitude,512,339,0.93054336,0.00350612,0.99581167
circles,fixed_amplitude,512,340,0.91518582,0.01223683,0.98696424
circles,fixed_amplitude,512,341,0.91350361,0.10004565,1.00691912
circles,fixed_amplitude,512,342,0.914047,0.01209624,0.99525159
circles,fixed_amplitude,512,343,0.92124437,0.01056737,1.00401906
circles,fixed_amplitude,512,344,0.92403109,0.03688258,0.97765998
circles,fixed_amplitude,512,345,0.91353875,0.01962217,0.99101068
circles,fixed_amplitude,512,346,0.9127861,0.01594766,0.99344478
circles,fixed_amplitude,512,347,0.92008278,0.01213143,0.99487309
circles,fixed_amplitude,512,348,0.91622976,0.1594873,0.97194198
circles,fixed_amplitude,512,349,0.92652807,0.04421472,1.01376015
circles,fixed_amplitude,512,350,0.92043316,0.08612242,1.00291778
circles,fixed_amplitude,512,351,0.9166835,0.07231288,1.01034824
circles,fixed_amplitude,512,352,0.92499262,0.08801273,1.00918987
circles,fixed_amplitude,512,353,0.92775324,0.02133258,0.99673077
circles,fixed_amplitude,512,354,0.91458957,0.04967808,1.01237095
circles,fixed_amplitude,512,355,0.92758825,0.02585521,0.99218157
circles,fixed_amplitude,512,356,0.92098063,0.08686138,0.98486065
circles,fixed_amplitude,512,357,0.91177695,0.11316149,1.0010899
circles,fixed_amplitude,512,358,0.91096197,0.00653173,1.00877616
circles,fixed_amplitude,512,359,0.91901019,0.05111062,0.97715075
circles,fixed_amplitude,512,360,0.93025743,0.01442586,0.99378231
circles,fixed_amplitude,512,361,0.92118093,0.00807721,0.9763863
circles,fixed_amplitude,512,362,0.91816787,0.02994138,1.0236141
circles,fixed_amplitude,512,363,0.92177999,0.12028624,0.99069999
circles,fixed_amplitude,512,364,0.90993647,0.02532762,1.03525844
circles,fixed_amplitude,512,365,0.91635018,0.04187715,1.000005
circles,fixed_amplitude,512,366,0.92088812,0.03809875,0.97273956
circles,fixed_amplitude,512,367,0.91401022,0.01292185,1.00662305
circles,fixed_amplitude,512,368,0.91835456,0.08581312,1.02363621
circles,fixed_amplitude,512,369,0.92361628,0.08350331,0.99058102
circles,fixed_amplitude,512,370,0.91568858,0.04821196,0.9859178
circles,fixed_amplitude,512,371,0.91655673,0.0462062,1.0034626
circles,fixed_amplitude,512,372,0.91647851,0.03053078,1.01740085
circles,fixed_amplitude,512,373,0.91400156,0.08238458,0.9783511
circles,fixed_amplitude,512,374,0.92260702,0.0288851,0.98886947
circles,fixed_amplitude,512,375,0.91766384,0.11926157,0.99699938
circles,fixed_amplitude,512,376,0.92059279,0.00963266,1.00422343
circles,fixed_amplitude,512,377,0.9090842,0.04992705,1.01339045
circles,fixed_amplitude,512,378,0.91644189,0.04990027,1.00167196
circles,fixed_amplitude,512,379,0.91939004,0.0006765,0.9698489
circles,fixed_amplitude,512,380,0.91048194,0.00370362,0.97850318
circles,fixed_amplitude,512,381,0.90457003,0.03323373,0.99203962
circles,fixed_amplitude,512,382,0.91397134,0.03293231,1.00293205
circles,fixed_amplitude,512,383,0.91629599,0.09095098,0.99606232
circles,fixed_amplitude,512,384,0.90928087,0.01045612,1.00860182
circles,fixed_amplitude,512,385,0.91686947,0.02481026,1.0156661
circles,fixed_amplitude,512,386,0.92142296,0.0389086,0.98732695
circles,fixed_amplitude,512,387,0.92299241,0.04698162,1.02576461
circles,fixed_amplitude,512,388,0.92917354,0.03035187,0.98290995
circles,fixed_amplitude,512,389,0.92173243,0.02599897,1.00163255
circles,fixed_amplitude,512,390,0.91792608,0.00593115,1.00648404
circles,fixed_amplitude,512,391,0.91831926,0.06291865,1.02460124
circles,fixed_amplitude,512,392,0.92716502,0.06728995,0.98607704
circles,fixed_amplitude,512,393,0.92447374,0.02312955,0.98399829
circles,fixed_amplitude,512,394,0.9047916,0.00766005,1.02566043
circles,fixed_amplitude,512,395,0.91204046,0.06727246,1.01655146
circles,fixed_amplitude,512,396,0.91787179,0.03129936,1.0129801
circles,fixed_amplitude,512,397,0.91190657,0.02695259,1.00958976
circles,fixed_amplitude,512,398,0.91614911,0.02562745,0.97456427
circles,fixed_amplitude,512,399,0.92119786,0.08617567,1.00067272
circles,fixed_amplitude,512,400,0.91988564,0.1364575,0.99620202
circles,fixed_amplitude,512,401,0.91152835,0.08925781,1.01166704
circles,fixed_amplitude,512,402,0.90756627,0.06126385,0.97406518
circles,fixed_amplitude,512,403,0.92353623,0.01656303,0.99932828
circles,fixed_amplitude,512,404,0.91279839,0.04762854,0.99412087
circles,fixed_amplitude,512,405,0.92323828,0.03072498,0.98960448
circles,fixed_amplitude,512,406,0.91301963,0.05712743,0.99114459
circles,fixed_amplitude,512,407,0.92556942,0.07191931,0.98818546
circles,fixed_amplitude,512,408,0.91750252,0.0115978,0.99938464
circles,fixed_amplitude,512,409,0.92146486,0.06633562,0.97421593
circles,fixed_amplitude,512,410,0.91049587,0.00782745,0.9755587
circles,fixed_amplitude,512,411,0.9197761,0.01605998,1.0162395
circles,fixed_amplitude,512,412,0.90636107,0.05050828,1.0167202
circles,fixed_amplitude,512,413,0.9128214,0.12791893,0.99747361
circles,fixed_amplitude,512,414,0.92515685,0.01267091,1.02073254
circles,fixed_amplitude,512,415,0.91668993,0.03149825,1.0056694
circles,fixed_amplitude,512,416,0.91871388,0.01734249,1.02679951
circles,fixed_amplitude,512,417,0.91741231,0.01296214,1.0203997
circles,fixed_amplitude,512,418,0.90691854,0.08502586,0.96967647
circles,fixed_amplitude,512,419,0.92562509,0.0351559,1.02506701
circles,fixed_amplitude,512,420,0.91585545,0.05813339,1.01226754
circles,fixed_amplitude,512,421,0.92947444,0.06142134,0.98314483
circles,fixed_amplitude,512,422,0.91945876,0.02914189,1.00996066
circles,fixed_amplitude,512,423,0.92445133,0.04722634,0.99791664
circles,fixed_amplitude,512,424,0.91022282,0.05107884,0.98678325
circles,fixed_amplitude,512,425,0.91874159,0.01003311,1.00603304
circles,fixed_amplitude,512,426,0.91362143,0.06525973,0.98109855
circles,fixed_amplitude,512,427,0.91796009,0.00908263,1.00015489
circles,fixed_amplitude,512,428,0.91036395,0.0165502,1.00042581
circles,fixed_amplitude,512,429,0.93002505,0.05353159,0.99243451
circles,fixed_amplitude,512,430,0.91101594,0.00942786,1.02895117
circles,fixed_amplitude,512,431,0.92053746,0.07602532,1.02623836
circles,fixed_amplitude,512,432,0.93051787,0.06197193,0.97923561
circles,fixed_amplitude,512,433,0.91688235,0.07160711,1.01998307
circles,fixed_amplitude,512,434,0.92125873,0.00141651,1.0182644
circles,fixed_amplitude,512,435,0.91766147,0.06583808,1.00282921
circles,fixed_amplitude,512,436,0.92353421,0.00239497,0.97793981
circles,fixed_amplitude,512,437,0.92345743,0.0216025,1.00848667
circles,fixed_amplitude,512,438,0.92146944,0.02776034,1.0268112
circles,fixed_amplitude,512,439,0.91192378,0.09951631,1.00873566
circles,fixed_amplitude,512,440,0.92373138,0.03437805,0.98789176
circles,fixed_amplitude,512,441,0.92130308,0.00983679,1.02267095
circles,fixed_amplitude,512,442,0.91436195,0.09134299,0.97556309
circles,fixed_amplitude,512,443,0.92401875,0.06340397,1.00424485
circles,fixed_amplitude,512,444,0.92217628,0.04097312,1.01465765
circles,fixed_amplitude,512,445,0.91193924,0.06772573,1.00489199
circles,fixed_amplitude,512,446,0.92388106,0.03256986,0.99662418
circles,fixed_amplitude,512,447,0.91886015,0.03802891,0.99363334
circles,fixed_amplitude,512,448,0.92241977,0.00796375,1.01020213
circles,fixed_amplitude,512,449,0.92389271,0.06046536,0.98596879
circles,fixed_amplitude,512,450,0.91484921,0.06004142,1.00917293
circles,fixed_amplitude,512,451,0.91034868,0.01766973,1.01032116
circles,fixed_amplitude,512,452,0.91919018,0.02934261,1.00931592
circles,fixed_amplitude,512,453,0.91255135,0.06007712,1.0195597
circles,fixed_amplitude,512,454,0.91403407,0.07203219,1.03666428
circles,fixed_amplitude,512,455,0.91567531,0.00394129,1.00765699
circles,fixed_amplitude,512,456,0.91888337,0.06393459,0.96192461
circles,fixed_amplitude,512,457,0.92271018,0.04516355,0.99174813
circles,fixed_amplitude,512,458,0.91544796,0.0286236,0.97984342
circles,fixed_amplitude,512,459,0.92361093,0.04623692,1.0188145
circles,fixed_amplitude,512,460,0.92536448,0.01173381,1.02327207
circles,fixed_amplitude,512,461,0.91863727,0.0062597,1.00782738
circles,fixed_amplitude,512,462,0.9124914,0.07692098,1.03086147
circles,fixed_amplitude,512,463,0.91011636,0.10145109,1.0077825
circles,fixed_amplitude,512,464,0.91811564,0.00811315,0.96927496
circles,fixed_amplitude,512,465,0.90390256,0.02782271,0.99353963
circles,fixed_amplitude,512,466,0.92056897,0.0353556,1.01604952
circles,fixed_amplitude,512,467,0.91967713,0.01720897,0.98575452
circles,fixed_amplitude,512,468,0.93023215,0.00572954,1.00483355
circles,fixed_amplitude,512,469,0.91584314,0.00791317,0.99961291
circles,fixed_amplitude,512,470,0.91886587,0.06852591,0.9940754
circles,fixed_amplitude,512,471,0.91419169,0.07719128,1.01274273
circles,fixed_amplitude,512,472,0.91671173,0.0592028,1.00074057
circles,fixed_amplitude,512,473,0.91201871,0.06476333,0.98140677
circles,fixed_amplitude,512,474,0.90753476,0.005486,0.99215568
circles,fixed_amplitude,512,475,0.91853284,0.03696862,0.99293391
circles,fixed_amplitude,512,476,0.9320089,0.02290286,0.99467701
circles,fixed_amplitude,512,477,0.91459055,0.02262391,0.99331847
circles,fixed_amplitude,512,478,0.92581082,0.07798636,1.00497094
circles,fixed_amplitude,512,479,0.91539828,0.01298781,1.00163753
circles,fixed_amplitude,512,480,0.92555818,0.0446544,0.99500812
circles,fixed_amplitude,512,481,0.90777754,0.06158612,0.99913936
circles,fixed_amplitude,512,482,0.92239679,0.01575843,1.00960677
circles,fixed_amplitude,512,483,0.91296598,0.03481379,0.99151614
circles,fixed_amplitude,512,484,0.92393438,0.02995959,1.00428298
circles,fixed_amplitude,512,485,0.91363638,0.04312516,0.98527989
circles,fixed_amplitude,512,486,0.91136351,0.10257129,0.97955276
circles,fixed_amplitude,512,487,0.90566024,0.06839557,0.99015439
circles,fixed_amplitude,512,488,0.92023554,0.07480513,0.99602559
circles,fixed_amplitude,512,489,0.9123102,0.00878242,0.99806546
circles,fixed_amplitude,512,490,0.91375134,0.00786891,0.97355136
circles,fixed_amplitude,512,491,0.90715222,0.00915308,1.00484077
circles,fixed_amplitude,512,492,0.93074476,0.0590478,1.01139156
circles,fixed_amplitude,512,493,0.91586178,0.02868396,0.99520457
circles,fixed_amplitude,512,494,0.91972467,0.03062884,0.99960705
circles,fixed_amplitude,512,495,0.92032663,0.03369381,0.98223506
circles,fixed_amplitude,512,496,0.9128221,0.06455245,0.99824179
circles,fixed_amplitude,512,497,0.91658831,0.09104295,0.97043617
circles,fixed_amplitude,512,498,0.92071714,0.02474447,0.9929683
circles,fixed_amplitude,512,499,0.91276354,0.00563854,1.00393593
circles,fixed_amplitude,512,500,0.9134049,0.00829472,1.00171855
circles,fixed_amplitude,512,501,0.92160209,0.02648287,0.98484938
circles,fixed_amplitude,512,502,0.92169203,0.04424427,1.00797484
circles,fixed_amplitude,512,503,0.92098535,0.03122109,1.00476433
circles,fixed_amplitude,512,504,0.91430891,0.01159652,1.00210305
circles,fixed_amplitude,512,505,0.91799526,0.03294896,1.00144751
circles,fixed_amplitude,512,506,0.92011241,0.01596776,1.00582421
circles,fixed_amplitude,512,507,0.91177853,0.01992035,0.98692194
circles,fixed_amplitude,512,508,0.91458574,0.01757379,1.00449639
circles,fixed_amplitude,512,509,0.91778268,0.05676796,0.98448394
circles,fixed_amplitude,512,510,0.91785858,0.09875834,0.98438439
circles,fixed_amplitude,512,511,0.91358914,0.10799492,1.02391451
circles,fixed_amplitude,512,512,0.91598133,0.04774215,0.98684904
circles,fixed_amplitude,512,513,0.91577285,0.01612922,0.99639431
circles,fixed_amplitude,512,514,0.91768124,0.0050024,0.97622459
circles,fixed_amplitude,512,515,0.9192796,0.02363277,1.00745876
circles,fixed_amplitude,512,516,0.90868932,0.05466204,0.99919223
circles,fixed_amplitude,512,517,0.91439214,0.17153422,0.99833707
circles,fixed_amplitude,512,518,0.914931,0.14567437,0.99713018
circles,fixed_amplitude,512,519,0.91151968,0.01497092,1.01276725
circles,fixed_amplitude,512,520,0.91133456,0.07204966,0.97549044
circles,fixed_amplitude,512,521,0.92628099,0.0195154,1.00350509
circles,fixed_amplitude,512,522,0.91362149,0.01722306,1.01024006
circles,fixed_amplitude,512,523,0.90754749,0.12380289,1.02413205
circles,fixed_amplitude,512,524,0.91637905,0.06834458,1.00317558
circles,fixed_amplitude,512,525,0.916831,0.00709879,0.99886267
circles,fixed_amplitude,512,526,0.9141974,0.01301811,0.99653546
circles,fixed_amplitude,512,527,0.93213023,0.03580014,1.00627898
circles,fixed_amplitude,512,528,0.91613234,0.04782044,1.01803204
circles,fixed_amplitude,512,529,0.92060408,0.02068344,1.00969181
circles,fixed_amplitude,512,530,0.92436268,0.03085262,0.99614404
circles,fixed_amplitude,512,531,0.91038494,0.04126385,1.00285769
circles,fixed_amplitude,512,532,0.91574504,0.01726265,0.98757184
circles,fixed_amplitude,512,533,0.91092453,0.01770797,0.99450274
circles,fixed_amplitude,512,534,0.92069985,0.04530223,1.01112953
circles,fixed_amplitude,512,535,0.92001063,0.05432732,0.99475592
circles,fixed_amplitude,512,536,0.91666734,0.00998291,0.99454256
circles,fixed_amplitude,512,537,0.91506156,0.05220638,0.98630769
circles,fixed_amplitude,512,538,0.91941164,0.04995553,1.01230393
circles,fixed_amplitude,512,539,0.90999097,0.0578616,1.01399669
circles,fixed_amplitude,512,540,0.92595045,0.03623021,1.04785461
circles,fixed_amplitude,512,541,0.91759032,0.05702755,0.98662509
circles,fixed_amplitude,512,542,0.91869256,0.03023283,1.00874134
circles,fixed_amplitude,512,543,0.90819838,0.03798775,0.99995783
circles,fixed_amplitude,512,544,0.91220766,0.01315278,0.997085
circles,fixed_amplitude,512,545,0.90944609,0.04755189,1.00247212
circles,fixed_amplitude,512,546,0.91848033,0.03935644,0.98284542
circles,fixed_amplitude,512,547,0.91598934,0.00259886,0.99742205
circles,fixed_amplitude,512,548,0.9093157,0.06028553,1.00463241
circles,fixed_amplitude,512,549,0.91771127,0.03892746,1.01814172
circles,fixed_amplitude,512,550,0.92087262,0.04372452,1.0267795
circles,fixed_amplitude,512,551,0.92306505,0.00282821,1.00213148
circles,fixed_amplitude,512,552,0.92165316,0.01789434,1.00514212
circles,fixed_amplitude,512,553,0.92191734,0.05917219,0.99239317
circles,fixed_amplitude,512,554,0.91197716,0.01290496,1.00945368
circles,fixed_amplitude,512,555,0.91268808,0.0415962,0.99812058
circles,fixed_amplitude,512,556,0.91146545,0.09639568,1.00207852
circles,fixed_amplitude,512,557,0.91437489,0.08402066,0.99829658
circles,fixed_amplitude,512,558,0.91705629,0.02012671,1.01141897
circles,fixed_amplitude,512,559,0.9128353,0.01733383,0.97901013
circles,fixed_amplitude,512,560,0.91256602,0.123471,0.99421537
circles,fixed_amplitude,512,561,0.91294675,0.01396135,1.00517519
circles,fixed_amplitude,512,562,0.90591354,0.02945601,0.98717488
circles,fixed_amplitude,512,563,0.90694951,0.04168195,1.00136734
circles,fixed_amplitude,512,564,0.91604272,0.04360414,1.00967697
circles,fixed_amplitude,512,565,0.91749788,0.01628249,1.01629597
circles,fixed_amplitude,512,566,0.91679316,0.01606082,0.98592013
circles,fixed_amplitude,512,567,0.91985465,0.01674523,0.99618738
circles,fixed_amplitude,512,568,0.91302694,0.07814484,0.98544811
circles,fixed_amplitude,512,569,0.92104049,0.0252828,1.00869704
circles,fixed_amplitude,512,570,0.90930705,0.08590054,0.99622752
circles,fixed_amplitude,512,571,0.91661196,0.01430759,0.99429624
circles,fixed_amplitude,512,572,0.91483376,0.05151085,0.99620067
circles,fixed_amplitude,512,573,0.92432007,0.03946166,0.97711209
circles,fixed_amplitude,512,574,0.91170769,0.01592193,0.97060494
circles,fixed_amplitude,512,575,0.92320978,0.02266572,0.99915938
circles,fixed_amplitude,512,576,0.92176582,0.06986708,0.99661234
circles,fixed_amplitude,512,577,0.92314572,0.01651059,0.99832451
circles,fixed_amplitude,512,578,0.91622924,0.02569839,1.00491123
circles,fixed_amplitude,512,579,0.92100009,0.08330639,1.01858262
circles,fixed_amplitude,512,580,0.91064321,0.02618159,0.97768305
circles,fixed_amplitude,512,581,0.91238566,0.01094235,1.00397574
circles,fixed_amplitude,512,582,0.90987683,0.04649731,1.01389318
circles,fixed_amplitude,512,583,0.92137371,0.08949945,0.96123659
circles,fixed_amplitude,512,584,0.92957962,0.06957436,1.01425792
circles,fixed_amplitude,512,585,0.92143848,0.02009719,0.99048596
circles,fixed_amplitude,512,586,0.91929026,0.10619323,1.0219267
circles,fixed_amplitude,512,587,0.90716404,0.05919077,0.99460976
circles,fixed_amplitude,512,588,0.91657694,0.02112319,0.96692522
circles,fixed_amplitude,512,589,0.91310985,0.03644334,1.01435769
circles,fixed_amplitude,512,590,0.91692557,0.01278872,0.99992755
circles,fixed_amplitude,512,591,0.92364014,0.0042339,0.99491802
circles,fixed_amplitude,512,592,0.91865193,0.02436804,0.99251583
circles,fixed_amplitude,512,593,0.91794668,0.01659321,0.99859123
circles,fixed_amplitude,512,594,0.91632377,0.02135024,1.00101176
circles,fixed_amplitude,512,595,0.91419471,0.01463122,0.99771357
circles,fixed_amplitude,512,596,0.91257238,0.02157528,1.01452526
circles,fixed_amplitude,512,597,0.92037018,0.01430705,0.99434154
circles,fixed_amplitude,512,598,0.92040744,0.06860034,1.00475048
circles,fixed_amplitude,512,599,0.92068514,0.06341388,1.00233966
circles,fixed_amplitude,512,600,0.91460064,0.04268754,0.99505903
circles,fixed_amplitude,512,601,0.93395696,0.03925868,1.03752225
circles,fixed_amplitude,512,602,0.91649489,0.07497093,0.99575505
circles,fixed_amplitude,512,603,0.91433871,0.01562795,1.01607879
circles,fixed_amplitude,512,604,0.91428843,0.02216866,1.00751189
circles,fixed_amplitude,512,605,0.91918973,0.02654338,0.97906023
circles,fixed_amplitude,512,606,0.90130853,0.02591503,0.99719951
circles,fixed_amplitude,512,607,0.91634424,0.08854426,0.98667744
circles,fixed_amplitude,512,608,0.9182426,0.03042939,0.97079102
circles,fixed_amplitude,512,609,0.91122342,0.03905908,0.96992787
circles,fixed_amplitude,512,610,0.92002869,0.0696662,0.99385532
circles,fixed_amplitude,512,611,0.90884058,0.03341785,1.01054904
circles,fixed_amplitude,512,612,0.92214773,0.01736634,1.01136502
circles,fixed_amplitude,512,613,0.91858725,0.0462344,1.00216242
circles,fixed_amplitude,512,614,0.91971489,0.02941093,1.01743914
circles,fixed_amplitude,512,615,0.91187655,0.04128425,0.99389639
circles,fixed_amplitude,512,616,0.9252319,0.02293153,1.0172556
circles,fixed_amplitude,512,617,0.92013379,0.05993322,1.0003015
circles,fixed_amplitude,512,618,0.9163594,0.01403168,1.02005026
circles,fixed_amplitude,512,619,0.91297472,0.02777245,0.96215992
circles,fixed_amplitude,512,620,0.91227026,0.03875911,1.00556912
circles,fixed_amplitude,512,621,0.91149818,0.00846037,0.98728286
circles,fixed_amplitude,512,622,0.92280996,0.03450525,0.99269498
circles,fixed_amplitude,512,623,0.92148063,0.00264512,1.0054861
circles,fixed_amplitude,512,624,0.91893435,0.01594662,1.03107893
circles,fixed_amplitude,512,625,0.91413084,0.06324821,0.99048164
circles,fixed_amplitude,512,626,0.92153919,0.0039228,0.976632
circles,fixed_amplitude,512,627,0.89835009,0.0671398,0.98708533
circles,fixed_amplitude,512,628,0.91460999,0.03439644,0.99644334
circles,fixed_amplitude,512,629,0.91479036,0.01680654,1.00168642
circles,fixed_amplitude,512,630,0.92549655,0.03077731,0.9863632
circles,fixed_amplitude,512,631,0.91731035,0.1066513,0.99423055
circles,fixed_amplitude,512,632,0.91373568,0.01026515,0.99687259
circles,fixed_amplitude,512,633,0.91549833,0.04792843,0.99581944
circles,fixed_amplitude,512,634,0.91668831,0.04487806,1.01461655
circles,fixed_amplitude,512,635,0.9131834,0.04047517,0.99550079
circles,fixed_amplitude,512,636,0.90657574,0.05263366,0.97551023
circles,fixed_amplitude,512,637,0.91441555,0.08166235,1.0079235
circles,fixed_amplitude,512,638,0.91615492,0.07437656,1.01313635
circles,fixed_amplitude,512,639,0.9187158,0.00779587,0.98925065
circles,fixed_amplitude,512,640,0.91624336,0.01085012,1.00814862
circles,fixed_amplitude,512,641,0.92165562,0.01590446,0.98865525
circles,fixed_amplitude,512,642,0.92553649,0.01116713,0.98907235
circles,fixed_amplitude,512,643,0.91217549,0.00909923,1.02226888
circles,fixed_amplitude,512,644,0.91857951,0.12195516,0.99778663
circles,fixed_amplitude,512,645,0.91252645,0.01228665,1.00091844
circles,fixed_amplitude,512,646,0.90964444,0.05033543,0.98559845
circles,fixed_amplitude,512,647,0.92071527,0.08595678,1.00240308
circles,fixed_amplitude,512,648,0.9149155,0.02681165,1.03299483
circles,fixed_amplitude,512,649,0.91325851,0.00029423,1.04119711
circles,fixed_amplitude,512,650,0.91418967,0.01284548,1.00031889
circles,fixed_amplitude,512,651,0.92514892,0.00595188,1.00723245
circles,fixed_amplitude,512,652,0.91740513,0.02165797,0.98651075
circles,fixed_amplitude,512,653,0.91691802,0.0949191,1.00652562
circles,fixed_amplitude,512,654,0.9051419,0.02087414,1.00081927
circles,fixed_amplitude,512,655,0.91717218,0.00015076,0.98600635
circles,fixed_amplitude,512,656,0.91504216,0.0262839,0.99110608
circles,fixed_amplitude,512,657,0.91726186,0.01116217,1.02009784
circles,fixed_amplitude,512,658,0.90862008,0.01736979,1.01455958
circles,fixed_amplitude,512,659,0.91871938,0.0022288,0.99671028
circles,fixed_amplitude,512,660,0.9103532,0.04052022,1.00070593
circles,fixed_amplitude,512,661,0.92278676,0.00929613,1.01989792
circles,fixed_amplitude,512,662,0.92706274,0.03510415,0.97147247
circles,fixed_amplitude,512,663,0.91218659,0.01606617,1.01490729
circles,fixed_amplitude,512,664,0.90846959,0.06412915,1.00722133
circles,fixed_amplitude,512,665,0.91619422,0.04999197,0.98848022
circles,fixed_amplitude,512,666,0.91816322,0.03914839,1.01824558
circles,fixed_amplitude,512,667,0.92040686,0.03271544,1.00380651
circles,fixed_amplitude,512,668,0.92257105,0.04553343,1.00004235
circles,fixed_amplitude,512,669,0.92494149,0.02525362,1.03839734
circles,fixed_amplitude,512,670,0.92200388,0.00777031,1.01371186
circles,fixed_amplitude,512,671,0.90857057,0.05112813,0.99640613
circles,fixed_amplitude,512,672,0.92043686,0.02957363,1.017122
circles,fixed_amplitude,512,673,0.92015453,0.0262362,1.00102226
circles,fixed_amplitude,512,674,0.92642373,0.10831446,0.97450753
circles,fixed_amplitude,512,675,0.90768517,0.0479543,1.02134524
circles,fixed_amplitude,512,676,0.90854973,0.00819702,0.99298814
circles,fixed_amplitude,512,677,0.91467149,0.02475821,0.97227748
circles,fixed_amplitude,512,678,0.9176825,0.0079524,0.99870526
circles,fixed_amplitude,512,679,0.92496418,0.01376712,0.98819948
circles,fixed_amplitude,512,680,0.91551747,0.09392382,0.98922135
circles,fixed_amplitude,512,681,0.9282727,0.03206983,0.98629533
circles,fixed_amplitude,512,682,0.91078605,0.07369305,1.00922936
circles,fixed_amplitude,512,683,0.9198458,0.00873571,0.98588815
circles,fixed_amplitude,512,684,0.91710337,0.01733795,1.00200878
circles,fixed_amplitude,512,685,0.90618539,0.07102475,1.0191277
circles,fixed_amplitude,512,686,0.91404692,0.01119134,0.99170023
circles,fixed_amplitude,512,687,0.91455232,0.0322925,0.99286696
circles,fixed_amplitude,512,688,0.92143786,0.03547229,1.00652602
circles,fixed_amplitude,512,689,0.90875405,0.01384821,1.00003037
circles,fixed_amplitude,512,690,0.90449403,0.04914061,0.97289976
circles,fixed_amplitude,512,691,0.91691088,0.03231326,1.00321302
circles,fixed_amplitude,512,692,0.91160873,0.0201196,0.98915087
circles,fixed_amplitude,512,693,0.91137726,0.03633537,0.99250614
circles,fixed_amplitude,512,694,0.91533826,0.04901484,0.98625775
circles,fixed_amplitude,512,695,0.92680487,0.06469173,0.98131773
circles,fixed_amplitude,512,696,0.91819718,0.02390815,1.01102953
circles,fixed_amplitude,512,697,0.91293016,0.05885326,0.99198456
circles,fixed_amplitude,512,698,0.91739491,0.07216545,1.01283361
circles,fixed_amplitude,512,699,0.90740738,0.06051723,0.98924966
circles,fixed_amplitude,512,700,0.91300183,0.00987702,0.99927868
circles,fixed_amplitude,512,701,0.91869132,0.00810784,1.02191262
circles,fixed_amplitude,512,702,0.92388748,0.04995576,0.99202902
circles,fixed_amplitude,512,703,0.89807541,0.06384192,1.01528697
circles,fixed_amplitude,512,704,0.90918971,0.04560544,0.9728017
circles,fixed_amplitude,512,705,0.91376857,0.05728979,1.00652183
circles,fixed_amplitude,512,706,0.91380429,0.01421873,0.997712
circles,fixed_amplitude,512,707,0.91649619,0.08339072,0.96977774
circles,fixed_amplitude,512,708,0.91289248,0.16917798,0.98228982
circles,fixed_amplitude,512,709,0.91049727,0.01257075,1.00346185
circles,fixed_amplitude,512,710,0.90748658,0.04859667,1.01814074
circles,fixed_amplitude,512,711,0.91111001,0.01089551,1.00987573
circles,fixed_amplitude,512,712,0.92070367,0.04045348,0.98789727
circles,fixed_amplitude,512,713,0.91230199,0.05583498,0.99679781
circles,fixed_amplitude,512,714,0.91965576,0.00696509,0.99127731
circles,fixed_amplitude,512,715,0.91806629,0.00733112,1.00165458
circles,fixed_amplitude,512,716,0.91947127,0.02001285,0.96124404
circles,fixed_amplitude,512,717,0.92157042,0.01064569,0.98581404
circles,fixed_amplitude,512,718,0.91404346,0.03961685,0.9804846
circles,fixed_amplitude,512,719,0.9138279,0.03297017,0.98517548
circles,fixed_amplitude,512,720,0.91120328,0.0263082,0.98846914
circles,fixed_amplitude,512,721,0.92078537,0.09465168,0.99500767
circles,fixed_amplitude,512,722,0.91510585,0.08931541,1.02041597
circles,fixed_amplitude,512,723,0.91598597,0.01326677,0.98295805
circles,fixed_amplitude,512,724,0.92566848,0.023396,1.02219873
circles,fixed_amplitude,512,725,0.91335784,0.06507504,1.00613237
circles,fixed_amplitude,512,726,0.92357216,0.10993537,0.98673939
circles,fixed_amplitude,512,727,0.91576669,0.02844904,0.98023997
circles,fixed_amplitude,512,728,0.91241784,0.02195533,1.00751721
circles,fixed_amplitude,512,729,0.91957046,0.00156307,1.0197737
circles,fixed_amplitude,512,730,0.91855185,0.04374166,1.01308328
circles,fixed_amplitude,512,731,0.90805916,0.01123891,1.00974759
circles,fixed_amplitude,512,732,0.90627331,0.04183559,0.9977513
circles,fixed_amplitude,512,733,0.92672632,0.01308537,0.98201626
circles,fixed_amplitude,512,734,0.90870775,0.02711609,0.9600196
circles,fixed_amplitude,512,735,0.92314961,0.00922026,1.00966776
circles,fixed_amplitude,512,736,0.90981084,0.02973064,1.01767969
circles,fixed_amplitude,512,737,0.91800212,0.03700787,1.00024426
circles,fixed_amplitude,512,738,0.91128795,0.04529481,0.98297964
circles,fixed_amplitude,512,739,0.91214852,0.11613652,0.98403005
circles,fixed_amplitude,512,740,0.91033277,0.05094919,0.9876512
circles,fixed_amplitude,512,741,0.91392814,0.01036204,0.99341624
circles,fixed_amplitude,512,742,0.91015298,0.01318354,0.99653759
circles,fixed_amplitude,512,743,0.91627012,0.06055032,0.98311221
circles,fixed_amplitude,512,744,0.91199001,0.05086267,0.99939756
circles,fixed_amplitude,512,745,0.90333606,0.00324918,1.00044819
circles,fixed_amplitude,512,746,0.92687088,0.01286888,1.00277612
circles,fixed_amplitude,512,747,0.91180983,0.0337608,1.00787742
circles,fixed_amplitude,512,748,0.92678611,0.01582987,1.00551448
circles,fixed_amplitude,512,749,0.91112759,0.0134027,1.01665174
circles,fixed_amplitude,512,750,0.93325888,0.05954619,1.03414663
circles,fixed_amplitude,512,751,0.92520259,0.08514006,1.01326877
circles,fixed_amplitude,512,752,0.92215115,0.02737452,1.00373556
circles,fixed_amplitude,512,753,0.90764578,0.07544573,0.97877911
circles,fixed_amplitude,512,754,0.90873261,0.0062866,1.00573899
circles,fixed_amplitude,512,755,0.92133406,0.07688441,0.9764742
circles,fixed_amplitude,512,756,0.90353731,0.02052555,0.96090228
circles,fixed_amplitude,512,757,0.9153315,0.04471897,1.01417499
circles,fixed_amplitude,512,758,0.90642733,0.05154233,1.00660421
circles,fixed_amplitude,512,759,0.9164376,0.10774306,0.99699933
circles,fixed_amplitude,512,760,0.91668599,0.09543648,0.99660263
circles,fixed_amplitude,512,761,0.91394032,0.01830417,0.99620704
circles,fixed_amplitude,512,762,0.91999448,0.03671146,1.00216286
circles,fixed_amplitude,512,763,0.90511935,0.04656271,0.9942201
circles,fixed_amplitude,512,764,0.93172266,0.05141282,1.01397666
circles,fixed_amplitude,512,765,0.92424841,0.02181258,0.98343479
circles,fixed_amplitude,512,766,0.92115516,0.03131061,0.99905939
circles,fixed_amplitude,512,767,0.91599097,0.07217423,1.00750971
circles,fixed_amplitude,512,768,0.90746221,0.01917078,1.00470909
circles,fixed_amplitude,512,769,0.90841121,0.02485781,1.02999023
circles,fixed_amplitude,512,770,0.90452832,0.05483874,1.02928679
circles,fixed_amplitude,512,771,0.91351642,0.03039045,1.02141066
circles,fixed_amplitude,512,772,0.92053733,0.00166375,1.01625755
circles,fixed_amplitude,512,773,0.91568136,0.0387821,1.00867834
circles,fixed_amplitude,512,774,0.91824228,0.04153108,0.99310894
circles,fixed_amplitude,512,775,0.91328755,0.07023457,1.00409318
circles,fixed_amplitude,512,776,0.91096121,0.03237782,0.9795399
circles,fixed_amplitude,512,777,0.90692385,0.00538846,1.02304812
circles,fixed_amplitude,512,778,0.91558525,0.03258451,0.98142101
circles,fixed_amplitude,512,779,0.91293252,0.05441408,1.01231805
circles,fixed_amplitude,512,780,0.92088861,0.047874,0.98742736
circles,fixed_amplitude,512,781,0.92745379,0.03213746,0.98282532
circles,fixed_amplitude,512,782,0.92561521,0.0450482,0.96938327
circles,fixed_amplitude,512,783,0.91840648,0.01058382,0.99621662
circles,fixed_amplitude,512,784,0.91822215,0.01601142,0.98853093
circles,fixed_amplitude,512,785,0.90195232,0.01352698,0.99143706
circles,fixed_amplitude,512,786,0.91728889,0.03297446,1.01173102
circles,fixed_amplitude,512,787,0.90720794,0.0910246,0.99436969
circles,fixed_amplitude,512,788,0.92009702,0.03142077,1.00603443
circles,fixed_amplitude,512,789,0.90904088,0.04511541,0.99745716
circles,fixed_amplitude,512,790,0.92887354,0.04721911,1.00692277
circles,fixed_amplitude,512,791,0.92177533,0.01584074,1.00909119
circles,fixed_amplitude,512,792,0.91304005,0.0027621,0.99469688
circles,fixed_amplitude,512,793,0.91861007,0.02821597,1.00127408
circles,fixed_amplitude,512,794,0.91548108,0.00941131,1.00337366
circles,fixed_amplitude,512,795,0.90838819,0.03603463,1.00070153
circles,fixed_amplitude,512,796,0.91520116,0.08594554,1.01048394
circles,fixed_amplitude,512,797,0.92681744,0.03720073,1.00191626
circles,fixed_amplitude,512,798,0.92567984,0.05544047,1.01092095
circles,fixed_amplitude,512,799,0.91805234,0.01346936,1.01282256
circles,fixed_amplitude,512,800,0.90939269,0.10476088,0.9990632
circles,fixed_amplitude,512,801,0.90993176,0.03521828,0.9930657
circles,fixed_amplitude,512,802,0.9191184,0.07892437,1.01597917
circles,fixed_amplitude,512,803,0.91257868,0.01001875,1.00685532
circles,fixed_amplitude,512,804,0.91277239,1.216e-05,0.99683583
circles,fixed_amplitude,512,805,0.91213937,0.0606322,1.0133558
circles,fixed_amplitude,512,806,0.92453962,0.0386313,1.01244945
circles,fixed_amplitude,512,807,0.91657113,0.03141332,0.98012496
circles,fixed_amplitude,512,808,0.91798751,0.05246081,0.99238074
circles,fixed_amplitude,512,809,0.92416211,0.05579628,1.0034077
circles,fixed_amplitude,512,810,0.91712729,0.02626797,1.01548324
circles,fixed_amplitude,512,811,0.91490145,0.04198458,0.97679426
circles,fixed_amplitude,512,812,0.92163531,0.02715261,1.02565344
circles,fixed_amplitude,512,813,0.92143215,0.00985106,0.9826728
circles,fixed_amplitude,512,814,0.92060098,0.04027029,0.98665469
circles,fixed_amplitude,512,815,0.92946536,0.01738956,1.01642721
circles,fixed_amplitude,512,816,0.91324441,0.0573007,1.00830724
circles,fixed_amplitude,512,817,0.92848648,0.0171996,1.01081265
circles,fixed_amplitude,512,818,0.91263824,0.03626993,1.01702711
circles,fixed_amplitude,512,819,0.90858917,0.0280101,1.0153322
circles,fixed_amplitude,512,820,0.91719443,0.01993249,1.01701691
circles,fixed_amplitude,512,821,0.91626969,0.0684381,1.02382522
circles,fixed_amplitude,512,822,0.92138266,0.03000121,0.99656539
circles,fixed_amplitude,512,823,0.9134202,0.04483917,0.9880093
circles,fixed_amplitude,512,824,0.91398615,0.01127097,0.9882671
circles,fixed_amplitude,512,825,0.90486402,0.00150469,0.98907498
circles,fixed_amplitude,512,826,0.90810361,0.02194058,0.99571637
circles,fixed_amplitude,512,827,0.91813288,0.01629785,1.00159767
circles,fixed_amplitude,512,828,0.92442659,0.05210219,0.99776471
circles,fixed_amplitude,512,829,0.91641439,0.00492234,1.0054953
circles,fixed_amplitude,512,830,0.91643795,0.04435551,0.99714607
circles,fixed_amplitude,512,831,0.92255804,0.01454941,0.98935791
circles,fixed_amplitude,512,832,0.91438296,0.05168992,0.98718187
circles,fixed_amplitude,512,833,0.92280827,0.06696903,0.98991951
circles,fixed_amplitude,512,834,0.9079056,0.10263155,1.0133477
circles,fixed_amplitude,512,835,0.92202347,0.03349772,0.99691411
circles,fixed_amplitude,512,836,0.91181985,0.05153421,1.01375063
circles,fixed_amplitude,512,837,0.9100213,0.04724772,1.00735236
circles,fixed_amplitude,512,838,0.91186701,0.01292908,0.9753255
circles,fixed_amplitude,512,839,0.92145243,0.02038826,1.00701641
circles,fixed_amplitude,512,840,0.92402319,0.02781728,1.00045218
circles,fixed_amplitude,512,841,0.92156947,0.01215979,0.98380206
circles,fixed_amplitude,512,842,0.91630078,0.02545598,0.99811524
circles,fixed_amplitude,512,843,0.92534276,0.03421883,0.97755598
circles,fixed_amplitude,512,844,0.9167748,0.00375513,0.98950982
circles,fixed_amplitude,512,845,0.91346576,0.00198251,0.9877226
circles,fixed_amplitude,512,846,0.9273444,0.05226297,0.99601197
circles,fixed_amplitude,512,847,0.91620753,0.08630525,1.03508932
circles,fixed_amplitude,512,848,0.91701932,0.02451339,0.98276767
circles,fixed_amplitude,512,849,0.9157674,0.07039474,0.97893551
circles,fixed_amplitude,512,850,0.91810532,0.01839703,0.99653441
circles,fixed_amplitude,512,851,0.92465201,0.00511737,1.00907873
circles,fixed_amplitude,512,852,0.91340591,0.03858988,1.01632661
circles,fixed_amplitude,512,853,0.91160678,0.05123489,0.98771953
circles,fixed_amplitude,512,854,0.92155325,0.00920002,0.9884287
circles,fixed_amplitude,512,855,0.90917792,0.05606807,1.00899793
circles,fixed_amplitude,512,856,0.91597367,0.07387072,1.0030327
circles,fixed_amplitude,512,857,0.91875535,0.00966501,1.00445358
circles,fixed_amplitude,512,858,0.92497144,0.06244098,0.97996771
circles,fixed_amplitude,512,859,0.92120746,0.03163265,1.01032874
circles,fixed_amplitude,512,860,0.93218861,0.11592218,1.01089671
circles,fixed_amplitude,512,861,0.91229251,0.00057948,1.00389681
circles,fixed_amplitude,512,862,0.91593098,0.03204649,1.0136275
circles,fixed_amplitude,512,863,0.91759252,0.00085208,1.02307466
circles,fixed_amplitude,512,864,0.91882272,0.02170907,1.00503635
circles,fixed_amplitude,512,865,0.90901208,0.02943262,1.00930633
circles,fixed_amplitude,512,866,0.92818504,0.02358434,1.01943397
circles,fixed_amplitude,512,867,0.91932379,0.00572333,0.97557053
circles,fixed_amplitude,512,868,0.916616,0.04427814,1.02279551
circles,fixed_amplitude,512,869,0.91635185,0.02190077,0.99653472
circles,fixed_amplitude,512,870,0.90483626,0.08964422,1.01703351
circles,fixed_amplitude,512,871,0.921655,0.09950814,0.99180224
circles,fixed_amplitude,512,872,0.91628902,0.03706112,1.01753038
circles,fixed_amplitude,512,873,0.91898178,0.02904804,1.03551686
circles,fixed_amplitude,512,874,0.91175385,0.04029762,1.00629095
circles,fixed_amplitude,512,875,0.93513837,0.05364711,0.99208053
circles,fixed_amplitude,512,876,0.92197645,0.02243032,1.00288476
circles,fixed_amplitude,512,877,0.91969875,0.01884229,1.01567136
circles,fixed_amplitude,512,878,0.92372721,0.03320208,0.99106241
circles,fixed_amplitude,512,879,0.90833927,0.09139531,1.01825088
circles,fixed_amplitude,512,880,0.92668997,0.00012086,1.01198413
circles,fixed_amplitude,512,881,0.92226494,0.02618983,1.0091226
circles,fixed_amplitude,512,882,0.90991694,0.04635938,1.00923139
circles,fixed_amplitude,512,883,0.9148089,0.00840073,0.98505988
circles,fixed_amplitude,512,884,0.91686372,0.03773992,1.00710739
circles,fixed_amplitude,512,885,0.91372891,0.08051352,1.0195575
circles,fixed_amplitude,512,886,0.91832373,0.0041451,1.02302808
circles,fixed_amplitude,512,887,0.91595937,0.02340712,1.00194158
circles,fixed_amplitude,512,888,0.91311011,0.04871184,1.01874912
circles,fixed_amplitude,512,889,0.91588481,0.05977744,0.99760479
circles,fixed_amplitude,512,890,0.91573648,0.03970393,1.03019843
circles,fixed_amplitude,512,891,0.91907251,0.02329745,0.99972624
circles,fixed_amplitude,512,892,0.91799449,0.01956114,0.9869947
circles,fixed_amplitude,512,893,0.91751825,0.03284498,1.00145012
circles,fixed_amplitude,512,894,0.91903863,0.02804142,0.99639865
circles,fixed_amplitude,512,895,0.91423956,0.00574392,1.01937347
circles,fixed_amplitude,512,896,0.91372224,0.06092906,1.02737806
circles,fixed_amplitude,512,897,0.9110096,0.04804756,1.01612926
circles,fixed_amplitude,512,898,0.90765042,0.01248637,0.99598844
circles,fixed_amplitude,512,899,0.9232087,0.01073584,0.98895285
circles,fixed_amplitude,512,900,0.91264882,0.06293966,1.00440166
circles,fixed_amplitude,512,901,0.91721005,0.09461287,1.00576244
circles,fixed_amplitude,512,902,0.92833768,0.02044063,0.98942319
circles,fixed_amplitude,512,903,0.91892406,0.04727771,1.00903576
circles,fixed_amplitude,512,904,0.92437306,0.00917238,0.9887513
circles,fixed_amplitude,512,905,0.89872746,0.03674569,1.004884
circles,fixed_amplitude,512,906,0.90456698,0.04306675,1.01760104
circles,fixed_amplitude,512,907,0.91992643,0.03861571,1.0088728
circles,fixed_amplitude,512,908,0.90050217,0.02473857,1.00784665
circles,fixed_amplitude,512,909,0.89991502,0.00691424,0.99423176
circles,fixed_amplitude,512,910,0.92971698,0.02763021,1.00662027
circles,fixed_amplitude,512,911,0.91301048,0.00979249,1.02450277
circles,fixed_amplitude,512,912,0.90650969,0.01195372,1.02581226
circles,fixed_amplitude,512,913,0.915204,0.0364286,0.98972736
circles,fixed_amplitude,512,914,0.91883079,0.00533966,1.0160132
circles,fixed_amplitude,512,915,0.91970201,0.06146937,0.97945258
circles,fixed_amplitude,512,916,0.92465422,0.04146855,1.00531786
circles,fixed_amplitude,512,917,0.92437072,0.01002762,0.99786974
circles,fixed_amplitude,512,918,0.90875773,0.04939659,1.00054025
circles,fixed_amplitude,512,919,0.90872313,0.03305776,1.01359624
circles,fixed_amplitude,512,920,0.92153909,0.03425799,1.00206319
circles,fixed_amplitude,512,921,0.92810787,0.04007927,1.01233883
circles,fixed_amplitude,512,922,0.92745927,0.0721434,0.99927361
circles,fixed_amplitude,512,923,0.90701488,0.0516137,1.00216072
circles,fixed_amplitude,512,924,0.92718405,0.04927892,1.02020005
circles,fixed_amplitude,512,925,0.91908518,0.05106212,1.00537242
circles,fixed_amplitude,512,926,0.92863842,0.04473461,0.98633948
circles,fixed_amplitude,512,927,0.92377942,0.00112954,1.00269309
circles,fixed_amplitude,512,928,0.92253124,0.00094931,0.98709975
circles,fixed_amplitude,512,929,0.91961983,0.07428571,1.01025
circles,fixed_amplitude,512,930,0.90912944,0.03108417,0.98066642
circles,fixed_amplitude,512,931,0.92698484,0.02868733,1.00408315
circles,fixed_amplitude,512,932,0.91853751,0.00667975,0.99858274
circles,fixed_amplitude,512,933,0.9108183,0.07934651,1.03394515
circles,fixed_amplitude,512,934,0.90806229,0.03667288,0.98819402
circles,fixed_amplitude,512,935,0.919253,0.06442733,1.02151245
circles,fixed_amplitude,512,936,0.92932027,0.00160397,1.0145521
circles,fixed_amplitude,512,937,0.91050143,0.0304935,0.98428788
circles,fixed_amplitude,512,938,0.91572511,0.05878007,1.01131685
circles,fixed_amplitude,512,939,0.92553318,0.06416271,1.01045658
circles,fixed_amplitude,512,940,0.9233749,0.06397693,0.98256054
circles,fixed_amplitude,512,941,0.91856595,0.01122591,0.99468383
circles,fixed_amplitude,512,942,0.91212629,0.03263142,0.99242581
circles,fixed_amplitude,512,943,0.92183956,0.0448147,1.00525777
circles,fixed_amplitude,512,944,0.9115471,0.05001295,1.01240118
circles,fixed_amplitude,512,945,0.9230169,0.03680441,0.98056091
circles,fixed_amplitude,512,946,0.90640158,0.01184684,0.98300878
circles,fixed_amplitude,512,947,0.93189981,0.02537833,0.98298904
circles,fixed_amplitude,512,948,0.90467483,0.02329709,1.02229383
circles,fixed_amplitude,512,949,0.91531552,0.01035343,0.97622713
circles,fixed_amplitude,512,950,0.9138086,0.01245984,0.99124769
circles,fixed_amplitude,512,951,0.91804854,0.02783053,0.99860629
circles,fixed_amplitude,512,952,0.92083315,0.09123266,0.98733164
circles,fixed_amplitude,512,953,0.89667216,0.03983631,0.98593718
circles,fixed_amplitude,512,954,0.90961308,0.00995784,1.00410263
circles,fixed_amplitude,512,955,0.91435594,0.03162964,0.97909089
circles,fixed_amplitude,512,956,0.92334219,0.03864294,0.97444625
circles,fixed_amplitude,512,957,0.924439,0.0468934,1.00637324
circles,fixed_amplitude,512,958,0.91316028,0.0051546,1.01975534
circles,fixed_amplitude,512,959,0.93318201,0.00396906,1.01227199
circles,fixed_amplitude,512,960,0.9134686,0.06008603,1.02243458
circles,fixed_amplitude,512,961,0.91832135,0.14746861,1.00602039
circles,fixed_amplitude,512,962,0.91610035,0.01253473,0.98074826
circles,fixed_amplitude,512,963,0.92279845,0.00240589,1.00197549
circles,fixed_amplitude,512,964,0.91314757,0.02702466,1.01095087
circles,fixed_amplitude,512,965,0.92623633,0.07477209,0.99760849
circles,fixed_amplitude,512,966,0.92849677,0.00036485,1.02125098
circles,fixed_amplitude,512,967,0.91704718,0.08933154,0.99041745
circles,fixed_amplitude,512,968,0.91668944,0.13214327,0.98325415
circles,fixed_amplitude,512,969,0.91014909,0.02667711,0.99603065
circles,fixed_amplitude,512,970,0.90681033,0.0887379,0.98697307
circles,fixed_amplitude,512,971,0.91544751,0.04877406,1.00270667
circles,fixed_amplitude,512,972,0.91878335,0.07787072,1.00792623
circles,fixed_amplitude,512,973,0.92146865,0.04388501,1.0073355
circles,fixed_amplitude,512,974,0.91777787,0.06022764,0.98909393
circles,fixed_amplitude,512,975,0.91225567,0.06599112,0.98378454
circles,fixed_amplitude,512,976,0.91347487,0.07970721,0.99346009
circles,fixed_amplitude,512,977,0.91615591,0.06282016,0.98424388
circles,fixed_amplitude,512,978,0.91578401,0.00230425,0.9932388
circles,fixed_amplitude,512,979,0.91007828,0.03012215,0.99507282
circles,fixed_amplitude,512,980,0.9083839,0.00996119,0.9897394
circles,fixed_amplitude,512,981,0.91500794,0.03858674,0.9697891
circles,fixed_amplitude,512,982,0.92114229,0.0362607,0.99579476
circles,fixed_amplitude,512,983,0.9228008,0.07880354,0.96004086
circles,fixed_amplitude,512,984,0.90979252,0.00353406,1.00482337
circles,fixed_amplitude,512,985,0.91930741,0.01644713,0.97782932
circles,fixed_amplitude,512,986,0.92370074,0.07087999,1.00681621
circles,fixed_amplitude,512,987,0.90772889,0.01891549,1.0061114
circles,fixed_amplitude,512,988,0.91724284,0.07567971,0.97696811
circles,fixed_amplitude,512,989,0.9200293,0.02645527,0.98721473
circles,fixed_amplitude,512,990,0.91922612,0.00312888,0.99756765
circles,fixed_amplitude,512,991,0.92377788,0.07490414,0.99418051
circles,fixed_amplitude,512,992,0.92247174,0.06608919,1.00550431
circles,fixed_amplitude,512,993,0.90687969,0.03525215,0.9881978
circles,fixed_amplitude,512,994,0.90453967,0.07571941,0.99845339
circles,fixed_amplitude,512,995,0.91576697,0.0012102,1.00466868
circles,fixed_amplitude,512,996,0.92182169,0.01103559,0.98681326
circles,fixed_amplitude,512,997,0.90972354,0.00951243,1.01767568
circles,fixed_amplitude,512,998,0.92422666,0.03126328,0.99596571
circles,fixed_amplitude,512,999,0.92291578,0.08904855,0.9746264
