dataset,model,seed,sample_index,measurement_probability,phase_noise_rad,optical_power
mnist,proposed,256,0,0.99434549,0.09556163,0.99930966
mnist,proposed,256,1,0.98759942,0.0183276,1.00702632
mnist,proposed,256,2,0.98829438,0.01698077,1.02412271
mnist,proposed,256,3,0.9924643,0.07092036,0.98534849
mnist,proposed,256,4,0.99229761,0.04293381,1.01425772
mnist,proposed,256,5,0.9881256,0.04913232,1.00144475
mnist,proposed,256,6,0.98388995,0.03403026,0.96745895
mnist,proposed,256,7,0.98313347,0.05561635,1.04771926
mnist,proposed,256,8,0.98746919,0.03942204,1.0066284
mnist,proposed,256,9,0.97777627,0.05102649,0.98843602
mnist,proposed,256,10,0.98715487,0.03956298,1.01784025
mnist,proposed,256,11,0.99285604,0.01068308,1.0134009
mnist,proposed,256,12,0.98797314,0.02210128,1.01407679
mnist,proposed,256,13,0.99172767,0.01921094,0.97924673
mnist,proposed,256,14,0.98157684,0.04438122,0.98670457
mnist,proposed,256,15,0.98125472,0.06256773,1.01959295
mnist,proposed,256,16,0.98459911,0.01227324,1.00273736
mnist,proposed,256,17,0.98721873,0.03824291,0.99555603
mnist,proposed,256,18,0.98227156,0.02512368,0.99047022
mnist,proposed,256,19,0.98949895,0.01733989,0.99463813
mnist,proposed,256,20,0.99000409,0.00330027,0.9904493
mnist,proposed,256,21,0.99052326,0.04913312,1.00620006
mnist,proposed,256,22,0.9881497,0.04280886,0.99354977
mnist,proposed,256,23,0.99216301,0.06957353,1.01669907
mnist,proposed,256,24,0.99261099,0.00872426,0.9855113
mnist,proposed,256,25,0.98254142,0.02491961,0.9863477
mnist,proposed,256,26,0.97332971,0.00388956,1.00355818
mnist,proposed,256,27,0.98358357,0.07670445,0.99251749
mnist,proposed,256,28,0.98523049,0.03453276,1.00897109
mnist,proposed,256,29,0.9884668,0.01188059,1.00796277
mnist,proposed,256,30,0.98885851,0.0605569,1.01130848
mnist,proposed,256,31,0.98323969,0.04460252,1.01266309
mnist,proposed,256,32,0.98182751,0.00059117,0.96762605
mnist,proposed,256,33,0.97978851,0.00236911,0.99536697
mnist,proposed,256,34,0.99566736,0.07903169,0.98812894
mnist,proposed,256,35,0.99457971,0.00280886,0.99663162
mnist,proposed,256,36,0.98623066,0.00323853,1.01322949
mnist,proposed,256,37,0.98139644,0.05558393,0.9934807
mnist,proposed,256,38,0.99768834,0.03381734,1.00044533
mnist,proposed,256,39,0.9849492,0.0283242,0.99960712
mnist,proposed,256,40,0.98541859,0.06637712,1.00845363
mnist,proposed,256,41,0.99353824,0.11166715,0.99698087
mnist,proposed,256,42,0.98058695,0.04781871,1.0028278
mnist,proposed,256,43,0.98581296,0.01029026,1.0123588
mnist,proposed,256,44,0.98144379,0.00376677,1.00703353
mnist,proposed,256,45,0.99612636,0.02963781,0.98355294
mnist,proposed,256,46,0.97491406,0.0193371,1.02345943
mnist,proposed,256,47,0.96844132,0.02680124,1.02182941
mnist,proposed,256,48,0.98501049,0.02189707,0.9939511
mnist,proposed,256,49,0.98307965,0.01622243,0.99613074
mnist,proposed,256,50,0.99741042,0.03734916,1.01717387
mnist,proposed,256,51,0.98940314,0.04830921,0.98650394
mnist,proposed,256,52,0.98955808,0.11413419,0.97006136
mnist,proposed,256,53,0.981989,0.01260214,0.99884032
mnist,proposed,256,54,0.98715912,0.04215406,0.99422751
mnist,proposed,256,55,0.98246751,0.00124449,0.97352531
mnist,proposed,256,56,0.98793778,0.03987627,0.9845255
mnist,proposed,256,57,0.99166792,0.04340295,0.9954264
mnist,proposed,256,58,0.97959031,0.00278793,0.99966303
mnist,proposed,256,59,0.98456786,0.02402468,0.98831102
mnist,proposed,256,60,0.99629193,0.06350915,0.98045234
mnist,proposed,256,61,0.98139021,0.00418865,0.99524533
mnist,proposed,256,62,0.99043553,0.00086496,1.01156853
mnist,proposed,256,63,0.98377858,0.01845017,0.98003456
mnist,proposed,256,64,0.98128972,0.07048446,1.0051733
mnist,proposed,256,65,0.99209541,0.00118663,1.01631158
mnist,proposed,256,66,0.99663462,0.0514379,1.00043952
mnist,proposed,256,67,0.99211128,0.03831632,0.98707508
mnist,proposed,256,68,0.98784392,0.0629055,1.0165711
mnist,proposed,256,69,0.99392718,0.03304912,1.01463017
mnist,proposed,256,70,0.97909397,0.01842383,1.00245761
mnist,proposed,256,71,0.98529699,0.07417033,1.01740601
mnist,proposed,256,72,0.99390162,0.02336145,0.99884069
mnist,proposed,256,73,0.99013383,0.02977473,0.99377971
mnist,proposed,256,74,0.99429588,0.02072515,0.96640765
mnist,proposed,256,75,0.99167458,0.01647495,0.98190983
mnist,proposed,256,76,0.98549568,0.03845238,0.98667493
mnist,proposed,256,77,0.98508634,0.03427358,0.99978607
mnist,proposed,256,78,0.98467514,0.0605655,0.98623411
mnist,proposed,256,79,0.98787055,0.03325408,1.00125369
mnist,proposed,256,80,0.99075603,0.01258628,1.00310918
mnist,proposed,256,81,0.98925479,0.11378042,1.00144816
mnist,proposed,256,82,0.9911975,0.05086121,0.97914201
mnist,proposed,256,83,0.9810222,0.00368901,0.99023439
mnist,proposed,256,84,0.98847931,0.00055478,1.01536172
mnist,proposed,256,85,0.97997152,0.06967242,1.01893553
mnist,proposed,256,86,0.98897045,0.04574,1.01042907
mnist,proposed,256,87,0.98500651,0.04515525,0.98001342
mnist,proposed,256,88,0.98600359,0.03568528,1.01556095
mnist,proposed,256,89,0.98230968,0.04647631,0.97082884
mnist,proposed,256,90,0.98564985,0.02053507,0.98465209
mnist,proposed,256,91,0.99010397,0.03473549,1.02258166
mnist,proposed,256,92,0.99321814,0.07480575,1.03475631
mnist,proposed,256,93,0.98680105,0.00187177,1.02052227
mnist,proposed,256,94,0.97959039,0.11297587,0.99651061
mnist,proposed,256,95,0.99396398,0.04176079,0.98436889
mnist,proposed,256,96,0.98299538,0.03505318,1.02490089
mnist,proposed,256,97,0.98801602,0.01026966,0.98251817
mnist,proposed,256,98,0.993076,0.08576224,0.99920078
mnist,proposed,256,99,0.9931834,0.00683428,0.99205804
mnist,proposed,256,100,0.98810426,0.0729967,1.00716755
mnist,proposed,256,101,0.97550481,0.04140267,0.99079798
mnist,proposed,256,102,0.9851994,0.00456038,1.01734262
mnist,proposed,256,103,0.98223099,0.09216328,1.00666499
mnist,proposed,256,104,0.97647201,0.02856857,0.95688159
mnist,proposed,256,105,0.999,0.08601613,0.99341364
mnist,proposed,256,106,0.98280585,0.00139319,0.99777749
mnist,proposed,256,107,0.98990045,0.01653432,0.99238704
mnist,proposed,256,108,0.98983603,0.0234078,0.99254604
mnist,proposed,256,109,0.98480809,0.07198045,1.00005066
mnist,proposed,256,110,0.98075702,0.01096472,0.99314995
mnist,proposed,256,111,0.98485951,0.019075,1.01116407
mnist,proposed,256,112,0.98891571,0.04578954,1.02625774
mnist,proposed,256,113,0.98669806,0.07182532,0.99643959
mnist,proposed,256,114,0.98073648,0.06812309,1.02471216
mnist,proposed,256,115,0.98604413,0.04334599,1.01791373
mnist,proposed,256,116,0.98775318,0.04090148,0.99469941
mnist,proposed,256,117,0.98071819,0.04429971,0.9960817
mnist,proposed,256,118,0.98718869,0.01912693,1.00303736
mnist,proposed,256,119,0.999,0.00393552,1.01482805
mnist,proposed,256,120,0.99134676,0.03992992,1.00141123
mnist,proposed,256,121,0.98376813,0.01124344,0.96919965
mnist,proposed,256,122,0.98380199,0.06773755,0.9929029
mnist,proposed,256,123,0.97919853,0.02827795,0.98159025
mnist,proposed,256,124,0.98542415,0.03617811,1.00470057
mnist,proposed,256,125,0.98799724,0.06781772,0.99632557
mnist,proposed,256,126,0.99387792,0.01369775,1.01350251
mnist,proposed,256,127,0.97907253,0.00800427,0.97690509
mnist,proposed,256,128,0.99616066,0.03093232,0.97349582
mnist,proposed,256,129,0.9846723,0.00653518,0.9657125
mnist,proposed,256,130,0.98720213,0.02478722,1.00158324
mnist,proposed,256,131,0.98967131,0.08062081,1.00337467
mnist,proposed,256,132,0.98787633,0.05504883,0.99842254
mnist,proposed,256,133,0.97922895,0.03009314,1.00577265
mnist,proposed,256,134,0.99129703,0.03446898,0.98302024
mnist,proposed,256,135,0.98120183,0.05736198,1.00892027
mnist,proposed,256,136,0.98233017,0.11839229,0.99184758
mnist,proposed,256,137,0.98576462,0.06201819,0.99954688
mnist,proposed,256,138,0.99123281,0.06382157,1.03526892
mnist,proposed,256,139,0.9857966,0.02010213,0.98901937
mnist,proposed,256,140,0.98851472,0.02480893,1.01507997
mnist,proposed,256,141,0.98336135,0.01318099,0.97801576
mnist,proposed,256,142,0.98339432,0.06616025,0.99461455
mnist,proposed,256,143,0.98667698,0.03680704,1.01821407
mnist,proposed,256,144,0.97101779,0.015062,0.9911972
mnist,proposed,256,145,0.98132228,0.07018542,1.01558154
mnist,proposed,256,146,0.98735313,0.05040979,0.99015968
mnist,proposed,256,147,0.99375785,0.0049718,1.02280688
mnist,proposed,256,148,0.99251583,0.01655535,1.00799654
mnist,proposed,256,149,0.99754581,0.0502021,0.96454117
mnist,proposed,256,150,0.99013268,0.00946558,1.01258853
mnist,proposed,256,151,0.999,0.01378508,0.98715074
mnist,proposed,256,152,0.98701816,0.103129,0.98052955
mnist,proposed,256,153,0.98580107,0.00576154,0.98789424
mnist,proposed,256,154,0.98084068,0.0209457,0.99971348
mnist,proposed,256,155,0.98526681,0.0597762,1.02230244
mnist,proposed,256,156,0.9904426,0.03679947,1.00139566
mnist,proposed,256,157,0.99012532,0.07999755,1.01436813
mnist,proposed,256,158,0.98401961,0.07406899,0.99030385
mnist,proposed,256,159,0.9797176,0.00094533,0.96979049
mnist,proposed,256,160,0.999,0.00839892,0.99806098
mnist,proposed,256,161,0.98823824,0.03186755,1.00310137
mnist,proposed,256,162,0.99252048,0.03679087,0.99505263
mnist,proposed,256,163,0.99487837,0.01585821,0.98103931
mnist,proposed,256,164,0.9930756,0.01968301,0.99706407
mnist,proposed,256,165,0.98229358,0.04324246,1.00134304
mnist,proposed,256,166,0.96961514,0.04627422,0.99437802
mnist,proposed,256,167,0.999,0.09970189,0.99748
mnist,proposed,256,168,0.99819954,0.05797204,1.01082953
mnist,proposed,256,169,0.9914626,0.121148,1.02535661
mnist,proposed,256,170,0.97547615,0.00617009,0.978647
mnist,proposed,256,171,0.98351655,0.00949757,0.98076323
mnist,proposed,256,172,0.98285736,0.03862698,0.99911893
mnist,proposed,256,173,0.98161928,0.07233215,0.97445732
mnist,proposed,256,174,0.98207752,0.00603618,0.97285391
mnist,proposed,256,175,0.97593225,0.02678152,1.01546797
mnist,proposed,256,176,0.98372499,0.06492315,0.98908121
mnist,proposed,256,177,0.99174952,0.02562635,0.99663857
mnist,proposed,256,178,0.98645626,0.04666623,1.00047356
mnist,proposed,256,179,0.9808415,0.00252838,1.00462867
mnist,proposed,256,180,0.98149095,0.00871249,1.01000961
mnist,proposed,256,181,0.97703041,0.04437081,1.01012601
mnist,proposed,256,182,0.98030669,0.07123994,0.98560488
mnist,proposed,256,183,0.98396362,0.05168361,1.00473708
mnist,proposed,256,184,0.98042874,0.03026585,0.99710937
mnist,proposed,256,185,0.99598723,0.01813167,0.99457042
mnist,proposed,256,186,0.9878856,0.02107545,1.00099072
mnist,proposed,256,187,0.99034069,0.00120558,0.98783692
mnist,proposed,256,188,0.98451612,0.02702463,0.97381178
mnist,proposed,256,189,0.97657778,0.0455922,1.00945546
mnist,proposed,256,190,0.99650188,0.06555494,1.01619209
mnist,proposed,256,191,0.98757314,0.00028172,0.97481339
mnist,proposed,256,192,0.99023634,0.00974168,0.97614963
mnist,proposed,256,193,0.97775894,0.00241941,1.00550155
mnist,proposed,256,194,0.97969419,0.00798759,1.02766762
mnist,proposed,256,195,0.97826438,0.01512967,0.99700896
mnist,proposed,256,196,0.99121174,0.01768172,0.98991508
mnist,proposed,256,197,0.98384688,0.11208242,0.98791783
mnist,proposed,256,198,0.98844384,0.03492232,0.97538907
mnist,proposed,256,199,0.98848808,0.04923033,1.00022559
mnist,proposed,256,200,0.99187286,0.07855988,0.99739948
mnist,proposed,256,201,0.9932265,0.05203525,0.9795797
mnist,proposed,256,202,0.98500679,0.09447251,1.00796446
mnist,proposed,256,203,0.97725414,0.03833443,0.99613646
mnist,proposed,256,204,0.98697901,0.01470553,1.02568073
mnist,proposed,256,205,0.98732456,0.03594594,1.01489384
mnist,proposed,256,206,0.99510027,0.0098367,1.02503541
mnist,proposed,256,207,0.98704615,0.03868663,1.00356858
mnist,proposed,256,208,0.9923824,0.02460484,1.00151685
mnist,proposed,256,209,0.999,0.03411688,1.00638899
mnist,proposed,256,210,0.9834826,0.00993702,0.99815871
mnist,proposed,256,211,0.98563086,0.01919079,0.99472061
mnist,proposed,256,212,0.99647903,0.04800725,0.9890219
mnist,proposed,256,213,0.99277314,0.09704455,1.00648505
mnist,proposed,256,214,0.98802825,0.05877459,0.99012403
mnist,proposed,256,215,0.98145552,0.04982748,1.02423869
mnist,proposed,256,216,0.98474669,0.01005511,1.00963152
mnist,proposed,256,217,0.98060012,0.08173738,1.00642899
mnist,proposed,256,218,0.98183009,0.03500482,0.98577704
mnist,proposed,256,219,0.99366079,0.04861691,1.01093416
mnist,proposed,256,220,0.98586076,0.06572018,1.00633713
mnist,proposed,256,221,0.9865732,0.04095003,0.99001989
mnist,proposed,256,222,0.98758016,0.06262807,1.01707764
mnist,proposed,256,223,0.999,0.03122773,1.02496822
mnist,proposed,256,224,0.99458646,0.01635154,0.9904681
mnist,proposed,256,225,0.98814021,0.01286651,1.01143004
mnist,proposed,256,226,0.99607504,0.00619761,0.97284628
mnist,proposed,256,227,0.97943177,0.10910541,1.00973165
mnist,proposed,256,228,0.9859351,0.08307441,0.99857306
mnist,proposed,256,229,0.98090345,0.02856007,1.03546769
mnist,proposed,256,230,0.98216906,0.0656575,1.00916082
mnist,proposed,256,231,0.97951559,0.04456577,1.02044708
mnist,proposed,256,232,0.98463567,0.07242078,1.00675932
mnist,proposed,256,233,0.98413219,0.06452711,1.00638994
mnist,proposed,256,234,0.98677353,0.04289019,1.00812294
mnist,proposed,256,235,0.9762635,0.00997289,0.99865498
mnist,proposed,256,236,0.98119439,0.01879347,0.98970063
mnist,proposed,256,237,0.98115219,0.02472317,1.01431864
mnist,proposed,256,238,0.98611323,0.06084332,0.97993969
mnist,proposed,256,239,0.98337557,0.02125304,0.99714228
mnist,proposed,256,240,0.98985131,0.02458709,1.00079117
mnist,proposed,256,241,0.98268912,0.04497359,0.9952816
mnist,proposed,256,242,0.98397588,0.09062794,1.01871689
mnist,proposed,256,243,0.99808005,0.03259487,0.9768038
mnist,proposed,256,244,0.99196265,0.05833567,1.01482781
mnist,proposed,256,245,0.98916562,0.01994638,1.00041758
mnist,proposed,256,246,0.9747383,0.00628463,1.00496988
mnist,proposed,256,247,0.99117489,0.05231382,1.01804429
mnist,proposed,256,248,0.9845993,0.06706948,0.98273547
mnist,proposed,256,249,0.99202871,0.01324142,1.00745597
mnist,proposed,256,250,0.9872947,0.04148728,0.99891678
mnist,proposed,256,251,0.98332929,0.01633961,0.98792505
mnist,proposed,256,252,0.98813891,0.03813244,1.00088291
mnist,proposed,256,253,0.99334606,0.03202709,0.99147375
mnist,proposed,256,254,0.9898729,0.02787569,0.9988562
mnist,proposed,256,255,0.99316902,0.07215704,0.99610167
mnist,proposed,256,256,0.98466516,0.06899388,1.02108137
mnist,proposed,256,257,0.97712362,0.04553058,1.02731918
mnist,proposed,256,258,0.99825669,0.01932567,0.99692528
mnist,proposed,256,259,0.98690713,0.0634171,0.99393917
mnist,proposed,256,260,0.999,0.04004809,1.02178198
mnist,proposed,256,261,0.98611257,0.05557015,0.99395939
mnist,proposed,256,262,0.9829631,0.08018419,0.97156464
mnist,proposed,256,263,0.98621618,0.02572026,0.9872026
mnist,proposed,256,264,0.98784657,0.0745864,0.99900999
mnist,proposed,256,265,0.9830294,0.03204316,0.98580871
mnist,proposed,256,266,0.9897896,0.08618987,0.98039829
mnist,proposed,256,267,0.99236845,0.02769243,1.02420997
mnist,proposed,256,268,0.9872799,0.04599965,0.99790539
mnist,proposed,256,269,0.99252439,0.03574471,1.00427418
mnist,proposed,256,270,0.98723667,0.03525665,0.98388438
mnist,proposed,256,271,0.9919602,0.07971134,0.98095237
mnist,proposed,256,272,0.98659258,0.06972923,0.99660831
mnist,proposed,256,273,0.98660052,0.08526112,0.99106718
mnist,proposed,256,274,0.98872796,0.0145042,0.98329968
mnist,proposed,256,275,0.98597767,0.05330073,0.97197643
mnist,proposed,256,276,0.98648286,0.03189386,0.97276273
mnist,proposed,256,277,0.98992805,0.04641076,0.98056023
mnist,proposed,256,278,0.99230801,0.01507427,0.99928162
mnist,proposed,256,279,0.98883059,0.03641397,0.97854548
mnist,proposed,256,280,0.98903447,0.0840946,0.98812391
mnist,proposed,256,281,0.98328057,0.03847863,0.99547376
mnist,proposed,256,282,0.9774263,0.01620996,0.99256155
mnist,proposed,256,283,0.98574193,0.00712963,1.01813202
mnist,proposed,256,284,0.98818731,0.1065167,1.00060863
mnist,proposed,256,285,0.98450649,0.02324218,1.0165296
mnist,proposed,256,286,0.99715068,0.05459401,0.99708678
mnist,proposed,256,287,0.98641639,0.02071685,1.00742117
mnist,proposed,256,288,0.97809455,0.00798903,0.99884338
mnist,proposed,256,289,0.98700194,0.01615423,1.00641585
mnist,proposed,256,290,0.98560245,0.02052797,0.96865885
mnist,proposed,256,291,0.97804347,0.02403401,1.02149759
mnist,proposed,256,292,0.98746701,0.12379814,1.01045013
mnist,proposed,256,293,0.98816974,0.01259766,1.00975468
mnist,proposed,256,294,0.97923091,0.02372681,1.00407609
mnist,proposed,256,295,0.99365469,0.01526043,1.02056589
mnist,proposed,256,296,0.98232405,0.00134301,1.02169149
mnist,proposed,256,297,0.9879985,0.02379747,0.97954018
mnist,proposed,256,298,0.98985652,0.07873381,1.00100328
mnist,proposed,256,299,0.9911566,0.01418925,1.01903519
mnist,proposed,256,300,0.98415693,0.012407,1.00479845
mnist,proposed,256,301,0.99307072,0.03571501,0.9979105
mnist,proposed,256,302,0.97780581,0.0569207,0.98852008
mnist,proposed,256,303,0.98300389,0.0470512,0.99159304
mnist,proposed,256,304,0.98831478,0.03481753,0.9859504
mnist,proposed,256,305,0.98704546,0.02993934,1.00649825
mnist,proposed,256,306,0.98320569,0.03618809,1.00889872
mnist,proposed,256,307,0.9866898,0.07336783,0.99541357
mnist,proposed,256,308,0.99402988,0.01086188,0.989018
mnist,proposed,256,309,0.97926162,0.01624231,0.96651764
mnist,proposed,256,310,0.98779039,0.0990727,0.99883873
mnist,proposed,256,311,0.99061628,0.06852022,0.9804624
mnist,proposed,256,312,0.98332274,0.08953435,1.01751572
mnist,proposed,256,313,0.98030989,0.02854876,0.9800501
mnist,proposed,256,314,0.98868791,0.01128295,1.01317564
mnist,proposed,256,315,0.98583453,0.00344689,1.01476774
mnist,proposed,256,316,0.98707392,0.01636102,1.01095047
mnist,proposed,256,317,0.99065406,0.05933395,1.00686154
mnist,proposed,256,318,0.98655879,0.03895846,1.00855433
mnist,proposed,256,319,0.98121202,0.03171169,0.99536834
mnist,proposed,256,320,0.986161,0.06557876,0.99745446
mnist,proposed,256,321,0.99334345,0.05670961,0.98466516
mnist,proposed,256,322,0.98228233,0.10039111,1.00902235
mnist,proposed,256,323,0.99269521,0.03977563,0.99236874
mnist,proposed,256,324,0.98838964,0.01159944,0.98613004
mnist,proposed,256,325,0.99330214,0.0225027,1.01592142
mnist,proposed,256,326,0.98310435,0.04758036,1.00715784
mnist,proposed,256,327,0.98761843,0.04544038,0.99477792
mnist,proposed,256,328,0.98132403,0.06766576,0.96873367
mnist,proposed,256,329,0.98254822,0.00266507,0.99846797
mnist,proposed,256,330,0.97670763,0.12512827,0.97171665
mnist,proposed,256,331,0.98631037,0.03401669,0.99145813
mnist,proposed,256,332,0.98414485,0.00381804,0.99836316
mnist,proposed,256,333,0.999,0.04508163,0.98990295
mnist,proposed,256,334,0.99518776,0.03891103,1.00483953
mnist,proposed,256,335,0.99207778,0.01672375,0.99257147
mnist,proposed,256,336,0.97632972,0.03543343,1.00295762
mnist,proposed,256,337,0.99297343,0.10853943,0.98191357
mnist,proposed,256,338,0.9824812,0.0328624,0.99060667
mnist,proposed,256,339,0.98477592,0.02465753,1.01036881
mnist,proposed,256,340,0.99143051,0.04709677,1.00438545
mnist,proposed,256,341,0.98308191,0.03860709,1.02304735
mnist,proposed,256,342,0.98928032,0.00941102,1.00088051
mnist,proposed,256,343,0.98503726,0.06513363,1.00806024
mnist,proposed,256,344,0.97975349,0.02072426,0.97732104
mnist,proposed,256,345,0.98000231,0.01013568,0.98090352
mnist,proposed,256,346,0.97412665,0.06922444,1.00345076
mnist,proposed,256,347,0.99497833,0.09140446,0.9855306
mnist,proposed,256,348,0.98267499,0.08457579,1.00043198
mnist,proposed,256,349,0.98579899,0.02713877,0.98592156
mnist,proposed,256,350,0.99332012,0.03959194,1.00146864
mnist,proposed,256,351,0.984184,0.09465042,0.99704917
mnist,proposed,256,352,0.98800841,0.0003197,1.00521995
mnist,proposed,256,353,0.9879872,0.03167807,1.00867879
mnist,proposed,256,354,0.99564157,0.01563967,0.98468138
mnist,proposed,256,355,0.98332174,0.000847,1.01613949
mnist,proposed,256,356,0.98825307,0.00824234,1.01320734
mnist,proposed,256,357,0.97226845,0.05069278,0.99460658
mnist,proposed,256,358,0.97581094,0.01063969,0.98871322
mnist,proposed,256,359,0.9912338,0.07133883,0.99422147
mnist,proposed,256,360,0.97775702,0.0280491,0.99487808
mnist,proposed,256,361,0.98728106,0.02481592,1.01220839
mnist,proposed,256,362,0.999,0.09736458,0.99892143
mnist,proposed,256,363,0.98268969,0.00303193,0.99814382
mnist,proposed,256,364,0.98515198,0.00617675,1.01314131
mnist,proposed,256,365,0.9923105,0.00753654,0.98831492
mnist,proposed,256,366,0.98856235,0.11933823,0.99011523
mnist,proposed,256,367,0.98170538,0.0558599,1.00083209
mnist,proposed,256,368,0.98608649,0.03523321,0.99109535
mnist,proposed,256,369,0.97445724,0.06543993,1.00157071
mnist,proposed,256,370,0.98320783,0.12570182,0.99708993
mnist,proposed,256,371,0.98806555,0.06991409,0.97295462
mnist,proposed,256,372,0.98859061,0.04966849,1.00818526
mnist,proposed,256,373,0.98976716,0.05054503,1.02348328
mnist,proposed,256,374,0.99449679,0.11427133,0.98055919
mnist,proposed,256,375,0.99036577,0.01391886,0.97776567
mnist,proposed,256,376,0.98699805,0.03246923,1.00748557
mnist,proposed,256,377,0.9859572,0.0106138,1.01898602
mnist,proposed,256,378,0.98529882,0.04063283,1.0258787
mnist,proposed,256,379,0.98277242,0.07669047,0.9789403
mnist,proposed,256,380,0.999,0.01436386,0.9931003
mnist,proposed,256,381,0.99139013,0.01753982,1.00001648
mnist,proposed,256,382,0.99254341,0.03588942,0.99484798
mnist,proposed,256,383,0.98721526,0.0299439,0.98988504
mnist,proposed,256,384,0.98867755,0.05639605,1.01026833
mnist,proposed,256,385,0.97577342,0.02570173,1.01599214
mnist,proposed,256,386,0.999,0.10379711,1.0096737
mnist,proposed,256,387,0.98635575,0.05596726,0.99345777
mnist,proposed,256,388,0.98490423,0.04719234,1.00640203
mnist,proposed,256,389,0.97778964,0.11295703,0.99661241
mnist,proposed,256,390,0.98243958,0.05149345,0.99147248
mnist,proposed,256,391,0.97128676,0.00888623,0.97514767
mnist,proposed,256,392,0.99280512,0.0863588,0.98833021
mnist,proposed,256,393,0.98264227,0.04019688,1.02412049
mnist,proposed,256,394,0.98672416,0.06430793,1.01075823
mnist,proposed,256,395,0.97662549,0.05910353,1.00118694
mnist,proposed,256,396,0.9913484,0.05403895,0.9967608
mnist,proposed,256,397,0.97556931,0.07308485,1.01444753
mnist,proposed,256,398,0.99335053,0.07216034,0.97465225
mnist,proposed,256,399,0.98000579,0.10189625,0.98774494
mnist,proposed,256,400,0.98253942,0.03209122,1.01121381
mnist,proposed,256,401,0.98447573,0.04192068,0.96022124
mnist,proposed,256,402,0.97981204,0.0022849,0.99206724
mnist,proposed,256,403,0.99116121,0.09756028,0.97754836
mnist,proposed,256,404,0.98320214,0.03058729,1.01283837
mnist,proposed,256,405,0.98891287,0.01527803,0.99177917
mnist,proposed,256,406,0.99085535,0.0036733,0.98865362
mnist,proposed,256,407,0.98584018,0.00500684,0.97391703
mnist,proposed,256,408,0.99544007,0.04886511,1.01549223
mnist,proposed,256,409,0.98924056,0.07449272,1.01682792
mnist,proposed,256,410,0.99155529,0.02356961,0.98831485
mnist,proposed,256,411,0.98144388,0.01419902,1.02082781
mnist,proposed,256,412,0.98016889,0.02491406,1.00943804
mnist,proposed,256,413,0.98491567,0.04715312,1.00438951
mnist,proposed,256,414,0.98104887,0.08087517,1.00849021
mnist,proposed,256,415,0.97840478,0.07413151,0.97725458
mnist,proposed,256,416,0.98907017,0.02794763,0.97952558
mnist,proposed,256,417,0.98985555,0.01967024,0.98988371
mnist,proposed,256,418,0.99779581,0.04282004,1.01585541
mnist,proposed,256,419,0.99326259,0.0637416,0.99601067
mnist,proposed,256,420,0.98455027,0.08340794,0.98016422
mnist,proposed,256,421,0.98097171,0.00866478,0.98793951
mnist,proposed,256,422,0.98085947,0.0368723,1.02199513
mnist,proposed,256,423,0.99269798,0.03413056,1.00577923
mnist,proposed,256,424,0.98910854,0.0028001,0.99118054
mnist,proposed,256,425,0.97979062,0.02346992,0.99530538
mnist,proposed,256,426,0.98673828,0.01690751,0.99082099
mnist,proposed,256,427,0.99695317,0.02287724,1.00010438
mnist,proposed,256,428,0.97926709,0.00743752,1.00246393
mnist,proposed,256,429,0.9908885,0.03171875,1.02559748
mnist,proposed,256,430,0.98320183,0.02196551,0.98909973
mnist,proposed,256,431,0.9783116,0.08071297,0.98598483
mnist,proposed,256,432,0.9809544,0.05834045,1.01332054
mnist,proposed,256,433,0.98049486,0.01226175,0.99481125
mnist,proposed,256,434,0.99719283,0.05139213,0.96974029
mnist,proposed,256,435,0.97673127,0.01699632,0.9859182
mnist,proposed,256,436,0.97866626,0.0351705,0.98825178
mnist,proposed,256,437,0.9820092,0.04989671,1.00135138
mnist,proposed,256,438,0.98849911,0.01060751,0.97927677
mnist,proposed,256,439,0.9972317,0.0811027,1.00896245
mnist,proposed,256,440,0.98627882,0.03914106,0.98695536
mnist,proposed,256,441,0.99687941,0.00346795,0.98026282
mnist,proposed,256,442,0.98591851,0.02254136,1.00261223
mnist,proposed,256,443,0.97478308,0.05266861,0.99364925
mnist,proposed,256,444,0.9935409,0.02333681,0.97889659
mnist,proposed,256,445,0.9825578,0.02340698,1.01781042
mnist,proposed,256,446,0.99021365,0.00578063,1.0037133
mnist,proposed,256,447,0.97700084,0.09740593,0.98443918
mnist,proposed,256,448,0.99501877,0.02301672,1.00549051
mnist,proposed,256,449,0.9893249,0.05027709,1.03270437
mnist,proposed,256,450,0.99078725,0.01528978,1.01177512
mnist,proposed,256,451,0.97477687,0.04537234,1.02432797
mnist,proposed,256,452,0.9888424,0.16040034,0.9951206
mnist,proposed,256,453,0.9898711,0.05184887,1.00277736
mnist,proposed,256,454,0.99674619,0.06333767,0.99476283
mnist,proposed,256,455,0.99076104,0.04582621,0.9972176
mnist,proposed,256,456,0.99219752,0.0466007,0.99383488
mnist,proposed,256,457,0.99008046,0.04268334,0.98370799
mnist,proposed,256,458,0.98793904,0.01208786,0.99514815
mnist,proposed,256,459,0.98130307,0.02454001,0.98741632
mnist,proposed,256,460,0.97857987,0.00870593,1.00689047
mnist,proposed,256,461,0.98245174,0.01220847,1.01076579
mnist,proposed,256,462,0.97029347,0.01632283,1.00092399
mnist,proposed,256,463,0.98697856,0.01723588,0.97939508
mnist,proposed,256,464,0.98731812,0.00832105,1.00737581
mnist,proposed,256,465,0.97840837,0.00020735,1.00840834
mnist,proposed,256,466,0.98999823,0.01577587,0.97160503
mnist,proposed,256,467,0.98917605,0.01680452,1.04088833
mnist,proposed,256,468,0.98524799,0.04000339,0.98239612
mnist,proposed,256,469,0.9788836,0.03015652,1.00360237
mnist,proposed,256,470,0.98188529,0.03061084,1.01221175
mnist,proposed,256,471,0.98221267,0.05458923,0.99890096
mnist,proposed,256,472,0.98840026,0.01762947,0.96801294
mnist,proposed,256,473,0.98129268,0.00233991,1.00242497
mnist,proposed,256,474,0.98798208,0.03488848,1.02695775
mnist,proposed,256,475,0.98568731,0.05576884,0.99771818
mnist,proposed,256,476,0.9785464,0.00903087,0.99390061
mnist,proposed,256,477,0.98383414,0.07062,0.98897653
mnist,proposed,256,478,0.99115803,0.03352001,0.98305456
mnist,proposed,256,479,0.98393447,0.02957053,0.99164059
mnist,proposed,256,480,0.99199147,0.05446965,1.00141806
mnist,proposed,256,481,0.98550287,0.05196597,1.00819541
mnist,proposed,256,482,0.98675765,0.03303408,0.99988631
mnist,proposed,256,483,0.99123196,0.01648572,1.00028273
mnist,proposed,256,484,0.999,0.03694744,1.00787159
mnist,proposed,256,485,0.98112172,0.0110882,0.99466885
mnist,proposed,256,486,0.98079687,0.00206088,0.99748746
mnist,proposed,256,487,0.97721765,0.03950341,0.99993151
mnist,proposed,256,488,0.984733,0.03141816,0.99185911
mnist,proposed,256,489,0.97964608,0.0062603,0.95955517
mnist,proposed,256,490,0.999,0.06673535,1.00896293
mnist,proposed,256,491,0.9816284,0.00216002,0.99862882
mnist,proposed,256,492,0.98748291,0.00689516,0.9989551
mnist,proposed,256,493,0.98375706,0.03481824,1.02133798
mnist,proposed,256,494,0.98059071,0.01780632,1.01632711
mnist,proposed,256,495,0.99083789,0.04309069,1.0192622
mnist,proposed,256,496,0.98176222,0.10724423,0.99240642
mnist,proposed,256,497,0.97547941,0.00401663,0.96762196
mnist,proposed,256,498,0.98538171,0.01713556,1.01485659
mnist,proposed,256,499,0.9857913,0.01392228,1.00871919
mnist,proposed,256,500,0.98527483,0.02093336,0.99008356
mnist,proposed,256,501,0.99061441,0.04396879,1.01026753
mnist,proposed,256,502,0.98364961,0.01984966,1.00779467
mnist,proposed,256,503,0.98833975,0.01733525,0.98325169
mnist,proposed,256,504,0.98791219,0.06605053,1.00572037
mnist,proposed,256,505,0.98476193,0.00715666,0.99999555
mnist,proposed,256,506,0.99408201,0.01996783,1.02269638
mnist,proposed,256,507,0.97992435,0.0208929,0.99461337
mnist,proposed,256,508,0.99023928,0.0266317,0.9903821
mnist,proposed,256,509,0.98216321,0.03945673,1.00533562
mnist,proposed,256,510,0.9898225,0.06854501,1.006844
mnist,proposed,256,511,0.99139371,0.0367694,1.02008116
mnist,proposed,256,512,0.98596424,0.06515095,0.98665387
mnist,proposed,256,513,0.96998633,0.01802492,0.97918414
mnist,proposed,256,514,0.99196597,0.10358966,1.00842528
mnist,proposed,256,515,0.9848158,0.04087175,1.01159304
mnist,proposed,256,516,0.98711386,0.09504086,0.99592157
mnist,proposed,256,517,0.98682385,0.04848628,0.98800134
mnist,proposed,256,518,0.999,0.06967323,0.99724712
mnist,proposed,256,519,0.991104,0.02317044,1.03508403
mnist,proposed,256,520,0.98047471,0.03634794,0.98404526
mnist,proposed,256,521,0.98082637,0.09790164,0.99526855
mnist,proposed,256,522,0.98925507,0.09754746,0.99401509
mnist,proposed,256,523,0.98817082,0.0667961,1.0064672
mnist,proposed,256,524,0.98305068,0.09774487,0.99310054
mnist,proposed,256,525,0.98436627,0.02744463,1.02096124
mnist,proposed,256,526,0.98482511,0.06632428,0.99648822
mnist,proposed,256,527,0.99030046,0.04462678,1.03997203
mnist,proposed,256,528,0.98120375,0.05125723,0.97227607
mnist,proposed,256,529,0.97838659,0.06274288,0.97790642
mnist,proposed,256,530,0.98876605,0.02641589,0.99213175
mnist,proposed,256,531,0.99255444,0.00800645,0.99814133
mnist,proposed,256,532,0.99564683,0.07065701,1.02416894
mnist,proposed,256,533,0.98561106,0.00158122,0.99484026
mnist,proposed,256,534,0.9918318,0.03474275,0.97175716
mnist,proposed,256,535,0.98543892,0.05536905,1.00393594
mnist,proposed,256,536,0.98734235,0.00889588,0.99558538
mnist,proposed,256,537,0.98173032,0.01497636,1.00796634
mnist,proposed,256,538,0.99536009,0.01917213,1.0078153
mnist,proposed,256,539,0.99483663,0.06501699,0.99632829
mnist,proposed,256,540,0.98892114,0.08028897,0.98813709
mnist,proposed,256,541,0.97798487,0.00218887,1.00277391
mnist,proposed,256,542,0.99606363,0.05407165,1.00703994
mnist,proposed,256,543,0.98624456,0.06790491,1.00168761
mnist,proposed,256,544,0.99185495,0.05092073,0.99949083
mnist,proposed,256,545,0.98256013,0.04045152,0.99545561
mnist,proposed,256,546,0.98517007,0.01612168,1.00345021
mnist,proposed,256,547,0.9840472,0.01313496,1.00077533
mnist,proposed,256,548,0.97309864,0.02127779,1.03038276
mnist,proposed,256,549,0.98749969,0.02631413,1.01623013
mnist,proposed,256,550,0.97815222,0.04539977,1.01013146
mnist,proposed,256,551,0.98781435,0.02277477,1.01259143
mnist,proposed,256,552,0.98506929,0.00779789,0.99129077
mnist,proposed,256,553,0.98870304,0.01090009,1.00726879
mnist,proposed,256,554,0.98665723,0.04333725,1.02108451
mnist,proposed,256,555,0.98314205,0.0792305,0.99470253
mnist,proposed,256,556,0.98949521,0.07287454,1.02395686
mnist,proposed,256,557,0.98745947,0.03321238,0.99902555
mnist,proposed,256,558,0.98658888,0.00462823,1.01425348
mnist,proposed,256,559,0.99019986,0.07834801,0.99122816
mnist,proposed,256,560,0.99024484,0.00718652,0.97633312
mnist,proposed,256,561,0.9741293,0.06134679,1.01912917
mnist,proposed,256,562,0.99362017,0.03334864,1.00716103
mnist,proposed,256,563,0.99575986,0.06655473,1.00063247
mnist,proposed,256,564,0.97931032,0.01980047,0.99539578
mnist,proposed,256,565,0.98445353,0.06140713,0.99967044
mnist,proposed,256,566,0.99469488,0.04778956,0.98571431
mnist,proposed,256,567,0.99320249,0.00479263,1.0068048
mnist,proposed,256,568,0.98215836,0.05080408,1.01355583
mnist,proposed,256,569,0.98013799,0.02950252,0.99328949
mnist,proposed,256,570,0.97393561,0.0569212,1.02838183
mnist,proposed,256,571,0.98309898,0.00639865,0.99803246
mnist,proposed,256,572,0.98146096,0.00067199,1.00148515
mnist,proposed,256,573,0.999,0.03464206,0.98716053
mnist,proposed,256,574,0.98473043,0.03797661,1.00438354
mnist,proposed,256,575,0.9881448,0.06683671,1.01773756
mnist,proposed,256,576,0.98232136,0.01255358,1.00993046
mnist,proposed,256,577,0.98913045,0.02611096,1.02687299
mnist,proposed,256,578,0.999,0.04030993,0.98587877
mnist,proposed,256,579,0.99314358,0.016393,0.98960619
mnist,proposed,256,580,0.98536464,0.07627968,1.0110188
mnist,proposed,256,581,0.99110966,0.06787203,0.96704385
mnist,proposed,256,582,0.99259093,0.05987434,0.99666901
mnist,proposed,256,583,0.99120851,0.02333761,1.00149346
mnist,proposed,256,584,0.98291602,0.04596136,0.98623932
mnist,proposed,256,585,0.9896558,0.08770708,1.0091143
mnist,proposed,256,586,0.99343376,0.04046169,1.00357411
mnist,proposed,256,587,0.98127936,0.10786071,0.99360609
mnist,proposed,256,588,0.98412823,0.02243264,1.00655514
mnist,proposed,256,589,0.98916912,0.11628124,0.98306396
mnist,proposed,256,590,0.98267745,0.00214762,0.9890034
mnist,proposed,256,591,0.98878053,0.02109835,0.99322328
mnist,proposed,256,592,0.98082936,0.04931892,0.99120043
mnist,proposed,256,593,0.9906634,0.02362891,1.01597752
mnist,proposed,256,594,0.9764306,0.00282903,1.01442796
mnist,proposed,256,595,0.9845951,0.02438333,1.01311386
mnist,proposed,256,596,0.9887474,0.00247347,1.01562498
mnist,proposed,256,597,0.97050846,0.05233275,1.02151349
mnist,proposed,256,598,0.99173698,0.02194155,1.02623452
mnist,proposed,256,599,0.98764718,0.00461801,0.99664063
mnist,proposed,256,600,0.99234682,0.00520312,0.99942217
mnist,proposed,256,601,0.9908271,0.03033245,1.01280355
mnist,proposed,256,602,0.98276711,0.0606961,0.9860285
mnist,proposed,256,603,0.98589938,0.03850058,1.00267228
mnist,proposed,256,604,0.98904118,0.07632687,0.97472279
mnist,proposed,256,605,0.99316522,0.00606451,1.01309945
mnist,proposed,256,606,0.98362936,0.00402294,1.00943659
mnist,proposed,256,607,0.99068936,0.02979613,0.99668785
mnist,proposed,256,608,0.99665933,0.07362853,0.98000447
mnist,proposed,256,609,0.98902115,0.02992912,0.98464872
mnist,proposed,256,610,0.98101811,0.01282151,0.99673529
mnist,proposed,256,611,0.98132817,0.00202718,0.99784709
mnist,proposed,256,612,0.98569145,0.0628115,1.00060993
mnist,proposed,256,613,0.97927027,0.02505427,1.00828874
mnist,proposed,256,614,0.9867195,0.0682932,1.00687455
mnist,proposed,256,615,0.9860771,0.03645028,1.01941544
mnist,proposed,256,616,0.98632693,0.01619598,0.98619839
mnist,proposed,256,617,0.98276066,0.08110867,0.99311872
mnist,proposed,256,618,0.9976176,0.07583332,0.98893629
mnist,proposed,256,619,0.98974391,0.04167106,1.00234548
mnist,proposed,256,620,0.98599288,0.00373293,1.00499792
mnist,proposed,256,621,0.99290405,0.06896027,0.9857686
mnist,proposed,256,622,0.98035314,0.04427325,1.01443292
mnist,proposed,256,623,0.99688409,0.06385656,0.99837876
mnist,proposed,256,624,0.98941316,0.00470612,0.98951137
mnist,proposed,256,625,0.9941054,0.05380282,0.97854546
mnist,proposed,256,626,0.98597263,0.03888533,1.01507246
mnist,proposed,256,627,0.99103238,0.12747608,1.00000868
mnist,proposed,256,628,0.99380956,0.02835169,0.98068605
mnist,proposed,256,629,0.99234158,0.00599533,0.99756428
mnist,proposed,256,630,0.98852294,0.03076337,0.99278189
mnist,proposed,256,631,0.98635501,0.01162341,0.99756074
mnist,proposed,256,632,0.99694178,0.01007454,1.01904928
mnist,proposed,256,633,0.9908433,0.0253945,1.00936035
mnist,proposed,256,634,0.99108977,0.05041652,0.99432078
mnist,proposed,256,635,0.97757092,0.04100803,0.97858274
mnist,proposed,256,636,0.99395055,0.04316974,1.00163536
mnist,proposed,256,637,0.98681956,0.05192677,1.01429502
mnist,proposed,256,638,0.98760267,0.02720319,1.02513885
mnist,proposed,256,639,0.98816135,0.10453098,1.00045162
mnist,proposed,256,640,0.99584593,0.0129887,1.01101823
mnist,proposed,256,641,0.98830088,0.0616454,0.99679049
mnist,proposed,256,642,0.99214666,0.05994835,0.99478145
mnist,proposed,256,643,0.98680086,0.03114408,1.00690622
mnist,proposed,256,644,0.98319823,0.03187816,0.98830522
mnist,proposed,256,645,0.9844715,0.03200305,1.0019991
mnist,proposed,256,646,0.99594414,0.03117512,1.02314669
mnist,proposed,256,647,0.98208846,0.01058532,0.98095992
mnist,proposed,256,648,0.98718294,0.04525818,1.00844505
mnist,proposed,256,649,0.98197728,0.07422752,0.99268635
mnist,proposed,256,650,0.99036266,0.04945665,0.98361007
mnist,proposed,256,651,0.96942871,0.0264089,1.01832598
mnist,proposed,256,652,0.99497602,0.02890938,1.00905043
mnist,proposed,256,653,0.98941677,0.05816899,1.0194282
mnist,proposed,256,654,0.9894886,0.0935352,0.97631725
mnist,proposed,256,655,0.98953571,0.0275023,1.00731177
mnist,proposed,256,656,0.98436041,0.03217533,1.00444186
mnist,proposed,256,657,0.99651299,0.05493618,0.98827159
mnist,proposed,256,658,0.9786279,0.12047419,1.02575459
mnist,proposed,256,659,0.99725167,0.03232029,0.98269735
mnist,proposed,256,660,0.98593418,0.05135828,1.0101343
mnist,proposed,256,661,0.98573809,0.04918033,1.01137407
mnist,proposed,256,662,0.98927345,0.05869147,0.97824806
mnist,proposed,256,663,0.99156115,0.01714999,1.01083582
mnist,proposed,256,664,0.97804018,0.0373272,0.98431063
mnist,proposed,256,665,0.97958723,0.07349565,1.00253359
mnist,proposed,256,666,0.97812155,0.00112591,0.99631411
mnist,proposed,256,667,0.98911377,0.06377139,1.00365563
mnist,proposed,256,668,0.98281819,0.0442111,0.98972922
mnist,proposed,256,669,0.99139034,0.00133379,1.00692168
mnist,proposed,256,670,0.96934657,0.06854725,1.00088487
mnist,proposed,256,671,0.99105905,0.00342104,1.03469363
mnist,proposed,256,672,0.98247943,0.02838843,0.98415606
mnist,proposed,256,673,0.98204665,0.03782876,1.0087212
mnist,proposed,256,674,0.97620244,0.03041768,1.00087036
mnist,proposed,256,675,0.98117396,0.07522062,0.99176789
mnist,proposed,256,676,0.98333895,0.03876195,0.99211137
mnist,proposed,256,677,0.98426333,0.10154439,1.00487351
mnist,proposed,256,678,0.98434099,0.01503552,0.9771825
mnist,proposed,256,679,0.98645117,0.05321412,0.99097358
mnist,proposed,256,680,0.98977865,0.01963465,1.00282953
mnist,proposed,256,681,0.98946494,0.00589079,1.02435464
mnist,proposed,256,682,0.97879642,9.998e-05,0.9828816
mnist,proposed,256,683,0.99028113,0.06545713,1.00075365
mnist,proposed,256,684,0.9865634,0.0842191,1.01168522
mnist,proposed,256,685,0.98414009,0.00865414,1.03431435
mnist,proposed,256,686,0.99044379,0.05787807,0.99415228
mnist,proposed,256,687,0.98122988,0.18548126,0.98126973
mnist,proposed,256,688,0.98309377,0.02908748,1.01084449
mnist,proposed,256,689,0.98769948,0.00307718,0.99177487
mnist,proposed,256,690,0.97938676,0.03099608,1.00134203
mnist,proposed,256,691,0.98499181,0.01364868,1.00518618
mnist,proposed,256,692,0.99194862,0.09997843,0.97816141
mnist,proposed,256,693,0.9746645,0.00590456,1.0250463
mnist,proposed,256,694,0.9806379,0.00745533,0.9826051
mnist,proposed,256,695,0.98264225,0.02037588,1.00376023
mnist,proposed,256,696,0.99302158,0.00567362,1.02128016
mnist,proposed,256,697,0.9835928,0.01058236,0.9958057
mnist,proposed,256,698,0.98493161,0.03811839,1.01495879
mnist,proposed,256,699,0.98541808,0.01503424,0.99726299
mnist,proposed,256,700,0.97712104,0.02271265,1.00545988
mnist,proposed,256,701,0.97896343,0.02728478,0.9968136
mnist,proposed,256,702,0.98148932,0.0224362,0.98845672
mnist,proposed,256,703,0.98790721,0.01850296,1.0092638
mnist,proposed,256,704,0.98872296,0.00486765,0.99363392
mnist,proposed,256,705,0.98600449,0.00025221,0.99834022
mnist,proposed,256,706,0.9844246,0.00268506,1.01351585
mnist,proposed,256,707,0.99548315,0.02552548,1.00292176
mnist,proposed,256,708,0.98841446,0.03811194,1.03202947
mnist,proposed,256,709,0.99430006,0.00457837,1.00688195
mnist,proposed,256,710,0.97565904,0.0457172,0.96742185
mnist,proposed,256,711,0.98265493,0.00714125,1.00954152
mnist,proposed,256,712,0.98495359,0.05859656,1.02032488
mnist,proposed,256,713,0.99250302,0.02870903,1.011033
mnist,proposed,256,714,0.99055004,0.05324224,0.98845141
mnist,proposed,256,715,0.98686285,0.11061965,1.00900457
mnist,proposed,256,716,0.99422312,0.097098,1.0133569
mnist,proposed,256,717,0.98670524,0.04575334,0.98232501
mnist,proposed,256,718,0.97740874,0.01244186,1.0011317
mnist,proposed,256,719,0.9916488,0.01124691,0.99382698
mnist,proposed,256,720,0.98736499,0.00557031,1.00295345
mnist,proposed,256,721,0.99744105,0.00509362,0.99935415
mnist,proposed,256,722,0.99775154,0.12507811,0.9934228
mnist,proposed,256,723,0.99581593,0.02577314,0.99898208
mnist,proposed,256,724,0.99520589,0.02714343,0.9951504
mnist,proposed,256,725,0.98007709,0.11374304,0.98012451
mnist,proposed,256,726,0.98782742,0.01460083,1.00119448
mnist,proposed,256,727,0.99233311,0.10154908,0.99795291
mnist,proposed,256,728,0.98905353,0.01214267,1.03638918
mnist,proposed,256,729,0.98912098,0.02897319,1.00916357
mnist,proposed,256,730,0.98695239,0.07484243,1.00440683
mnist,proposed,256,731,0.98616655,0.06221725,1.00841775
mnist,proposed,256,732,0.9800596,0.01416532,0.99003008
mnist,proposed,256,733,0.9885851,0.03076689,1.00871977
mnist,proposed,256,734,0.98461343,0.09156532,1.00300576
mnist,proposed,256,735,0.98311043,0.0400884,1.02965413
mnist,proposed,256,736,0.97704958,0.00323039,0.98757029
mnist,proposed,256,737,0.98577082,0.03202408,0.99594365
mnist,proposed,256,738,0.98126186,0.0823674,0.98172602
mnist,proposed,256,739,0.98792495,0.01272126,0.95451682
mnist,proposed,256,740,0.98893028,0.03558297,1.01341148
mnist,proposed,256,741,0.98106002,0.05725386,1.00640596
mnist,proposed,256,742,0.98914659,0.06607435,1.00433637
mnist,proposed,256,743,0.99007584,0.00627166,1.00151162
mnist,proposed,256,744,0.98217175,0.06682442,1.0367364
mnist,proposed,256,745,0.9917693,0.04740926,0.99177973
mnist,proposed,256,746,0.98994709,0.02932961,0.98382752
mnist,proposed,256,747,0.98754154,0.09368866,0.96516274
mnist,proposed,256,748,0.98149652,0.00693204,0.99054195
mnist,proposed,256,749,0.98971163,0.03883392,1.01846378
mnist,proposed,256,750,0.97803275,0.04073586,0.98678948
mnist,proposed,256,751,0.999,0.00056163,0.98928456
mnist,proposed,256,752,0.99550801,0.04110064,0.99731398
mnist,proposed,256,753,0.99752664,0.03933002,0.99430219
mnist,proposed,256,754,0.97842649,0.01480663,1.01234562
mnist,proposed,256,755,0.98833881,0.04756401,1.00919836
mnist,proposed,256,756,0.99318503,0.01964104,0.99444504
mnist,proposed,256,757,0.98113877,0.10387124,1.03796662
mnist,proposed,256,758,0.98517154,0.00608926,0.98013033
mnist,proposed,256,759,0.98929123,0.01918533,0.98334914
mnist,proposed,256,760,0.98447082,0.00258511,1.00473005
mnist,proposed,256,761,0.98287529,0.06343167,1.00454763
mnist,proposed,256,762,0.97660059,0.01730215,1.01815379
mnist,proposed,256,763,0.99154617,0.00866909,1.02852101
mnist,proposed,256,764,0.96960249,0.01260601,0.98110569
mnist,proposed,256,765,0.98587819,0.05041899,1.02104954
mnist,proposed,256,766,0.96975733,0.04238483,0.99039983
mnist,proposed,256,767,0.98755117,0.02412892,0.96920669
mnist,proposed,256,768,0.9977243,0.05665569,0.99143112
mnist,proposed,256,769,0.9979208,0.08433698,0.98858442
mnist,proposed,256,770,0.98608449,0.01389722,0.98264899
mnist,proposed,256,771,0.99178998,0.06574484,0.96413106
mnist,proposed,256,772,0.98857369,0.00679927,1.02010638
mnist,proposed,256,773,0.97624057,0.05575279,0.9790715
mnist,proposed,256,774,0.98510617,0.02033776,1.00428542
mnist,proposed,256,775,0.99120679,0.04160413,0.99011523
mnist,proposed,256,776,0.99656005,0.01161075,0.98469402
mnist,proposed,256,777,0.98648783,0.05952856,0.9928211
mnist,proposed,256,778,0.98326901,0.05215096,0.99392972
mnist,proposed,256,779,0.99166302,0.06956304,1.00629633
mnist,proposed,256,780,0.99107861,0.02005785,0.985036
mnist,proposed,256,781,0.996642,0.09504173,0.99286761
mnist,proposed,256,782,0.97820348,0.07017889,1.01046114
mnist,proposed,256,783,0.994336,0.03059753,1.01716892
mnist,proposed,256,784,0.98445308,0.03443159,0.96382361
mnist,proposed,256,785,0.98336341,0.04327409,0.98976431
mnist,proposed,256,786,0.999,0.13081529,0.97639239
mnist,proposed,256,787,0.99115183,0.01130676,1.00638606
mnist,proposed,256,788,0.98462647,0.06840283,0.99517548
mnist,proposed,256,789,0.9875747,0.01951488,0.9816326
mnist,proposed,256,790,0.97968328,0.00163402,0.98767821
mnist,proposed,256,791,0.99130661,0.00419645,1.00087408
mnist,proposed,256,792,0.99229187,0.05618002,0.98112726
mnist,proposed,256,793,0.98866248,0.04928872,0.99209044
mnist,proposed,256,794,0.98542536,0.05298369,0.98931039
mnist,proposed,256,795,0.97811215,0.07943193,0.97629536
mnist,proposed,256,796,0.98411129,0.04176962,1.0012335
mnist,proposed,256,797,0.9865096,0.01239441,1.0186898
mnist,proposed,256,798,0.99021768,0.1338497,0.99901412
mnist,proposed,256,799,0.98137226,0.02007436,1.00204193
mnist,proposed,256,800,0.98583664,0.07281269,0.97649748
mnist,proposed,256,801,0.99643306,0.03423565,0.99101469
mnist,proposed,256,802,0.98154984,0.00562117,0.99711049
mnist,proposed,256,803,0.99111934,0.01465714,1.02090354
mnist,proposed,256,804,0.98700189,0.07944661,1.01032865
mnist,proposed,256,805,0.97587216,0.05316908,0.98170245
mnist,proposed,256,806,0.98308608,0.09188562,1.00066981
mnist,proposed,256,807,0.9782246,0.03512979,0.97702834
mnist,proposed,256,808,0.98294231,0.00314231,1.00418562
mnist,proposed,256,809,0.98689143,0.02080736,1.01425654
mnist,proposed,256,810,0.97119794,0.02754401,0.98894515
mnist,proposed,256,811,0.97748283,0.06238925,0.98641129
mnist,proposed,256,812,0.99193883,0.0533187,0.98590065
mnist,proposed,256,813,0.98173125,0.11494515,0.96647748
mnist,proposed,256,814,0.99185885,0.03373862,1.00855663
mnist,proposed,256,815,0.97945241,0.01717786,1.01091322
mnist,proposed,256,816,0.98648014,0.0055467,0.99970544
mnist,proposed,256,817,0.98952841,0.03299441,1.00827772
mnist,proposed,256,818,0.98533938,0.00666957,0.98445575
mnist,proposed,256,819,0.98658305,0.02720015,1.00613377
mnist,proposed,256,820,0.98510224,0.06558727,1.01672619
mnist,proposed,256,821,0.98498989,0.0186308,0.99465709
mnist,proposed,256,822,0.98442526,0.03109104,0.97615018
mnist,proposed,256,823,0.98668121,0.01227375,0.97619944
mnist,proposed,256,824,0.989884,0.04568537,0.99064753
mnist,proposed,256,825,0.99322529,0.04134631,0.97350673
mnist,proposed,256,826,0.98230874,0.06486025,0.98848695
mnist,proposed,256,827,0.98769428,0.04899214,1.00279258
mnist,proposed,256,828,0.98138302,0.00838358,0.98325486
mnist,proposed,256,829,0.98402471,0.08399715,1.02939263
mnist,proposed,256,830,0.98411756,0.07994151,1.02320449
mnist,proposed,256,831,0.97961314,0.05275952,1.00611242
mnist,proposed,256,832,0.98569054,0.03449812,0.9855273
mnist,proposed,256,833,0.999,0.02792289,1.00312006
mnist,proposed,256,834,0.98386721,0.00378526,0.99738277
mnist,proposed,256,835,0.99460068,0.05355751,1.01801444
mnist,proposed,256,836,0.97851365,0.07051719,1.0137237
mnist,proposed,256,837,0.98593603,0.00655736,0.98631596
mnist,proposed,256,838,0.98548222,0.00854968,0.99241901
mnist,proposed,256,839,0.98430627,0.01432359,0.99560905
mnist,proposed,256,840,0.9785383,0.07043661,1.00810105
mnist,proposed,256,841,0.98178361,0.10297383,0.99255455
mnist,proposed,256,842,0.98515735,0.0123651,0.98519909
mnist,proposed,256,843,0.98675401,0.04973581,1.00494207
mnist,proposed,256,844,0.98166283,0.01582888,1.00166799
mnist,proposed,256,845,0.98274212,0.0302406,0.98808666
mnist,proposed,256,846,0.98343936,0.03269802,0.99267383
mnist,proposed,256,847,0.99296651,0.00960341,1.03516594
mnist,proposed,256,848,0.98984086,0.00968236,0.99875294
mnist,proposed,256,849,0.98963689,0.0649607,1.00196249
mnist,proposed,256,850,0.98491822,0.01919263,0.98415769
mnist,proposed,256,851,0.99290559,0.03135458,0.97137635
mnist,proposed,256,852,0.9846946,0.0045006,0.9694602
mnist,proposed,256,853,0.99542234,0.04533886,0.98870206
mnist,proposed,256,854,0.98474815,0.03179265,0.98951263
mnist,proposed,256,855,0.98532567,0.04743078,0.9921282
mnist,proposed,256,856,0.9856539,0.02371815,0.99074044
mnist,proposed,256,857,0.97923414,0.04212365,1.00675131
mnist,proposed,256,858,0.98552421,0.02399766,1.02775984
mnist,proposed,256,859,0.98440538,0.10026903,1.00877397
mnist,proposed,256,860,0.99127746,0.02009423,1.00774845
mnist,proposed,256,861,0.98059462,0.06077402,1.00534724
mnist,proposed,256,862,0.99099041,0.00657723,0.98266167
mnist,proposed,256,863,0.98642776,0.04381885,1.0030922
mnist,proposed,256,864,0.97929484,0.02116389,1.01937847
mnist,proposed,256,865,0.98390341,0.00713547,0.98201938
mnist,proposed,256,866,0.99180875,0.00209776,0.98434579
mnist,proposed,256,867,0.98200883,0.05084735,0.97765408
mnist,proposed,256,868,0.99684713,0.03498869,1.00258302
mnist,proposed,256,869,0.98477823,0.02197472,0.99617279
mnist,proposed,256,870,0.99057703,0.02758938,1.00872632
mnist,proposed,256,871,0.99344972,0.00595501,1.03206111
mnist,proposed,256,872,0.99165781,0.00157089,1.01326175
mnist,proposed,256,873,0.999,0.09969606,0.98506132
mnist,proposed,256,874,0.98960184,0.04050437,1.00659179
mnist,proposed,256,875,0.98375506,0.03064054,1.01317783
mnist,proposed,256,876,0.98955833,0.01911835,0.97715099
mnist,proposed,256,877,0.97742811,0.02061409,0.99379115
mnist,proposed,256,878,0.99168543,0.01989394,1.00980273
mnist,proposed,256,879,0.98816478,0.01338153,0.99530816
mnist,proposed,256,880,0.98682111,0.0464007,1.00395627
mnist,proposed,256,881,0.99212624,0.10780081,0.96880181
mnist,proposed,256,882,0.99057138,0.00356708,1.01244263
mnist,proposed,256,883,0.99009094,0.0778816,1.01722425
mnist,proposed,256,884,0.98655092,0.03568401,1.01271768
mnist,proposed,256,885,0.98406294,0.05093271,0.97771564
mnist,proposed,256,886,0.98223649,0.00280754,0.9746392
mnist,proposed,256,887,0.98911291,0.04618424,1.01328814
mnist,proposed,256,888,0.98685882,0.02500776,0.98543122
mnist,proposed,256,889,0.99271874,0.01443025,1.0035433
mnist,proposed,256,890,0.98878898,0.00576681,1.01465823
mnist,proposed,256,891,0.98979885,0.01420732,1.03183731
mnist,proposed,256,892,0.99148297,0.03469492,1.00021663
mnist,proposed,256,893,0.98774946,0.01031809,1.01221652
mnist,proposed,256,894,0.98232248,0.01038876,1.01536297
mnist,proposed,256,895,0.98893225,0.00804579,1.01537214
mnist,proposed,256,896,0.97877188,0.13129477,1.01172406
mnist,proposed,256,897,0.98217658,0.00974345,0.99282948
mnist,proposed,256,898,0.99179789,0.03083536,1.00536695
mnist,proposed,256,899,0.98021159,0.01791422,0.98059998
mnist,proposed,256,900,0.98516225,0.03510867,0.99543215
mnist,proposed,256,901,0.98804479,0.07926544,1.01740044
mnist,proposed,256,902,0.99267854,0.0483366,0.99111594
mnist,proposed,256,903,0.98782926,0.05065399,1.00886451
mnist,proposed,256,904,0.98210778,0.02169323,0.99206377
mnist,proposed,256,905,0.98487981,0.08349319,1.01484991
mnist,proposed,256,906,0.99718017,0.0104639,1.01738038
mnist,proposed,256,907,0.99130121,0.01057401,0.99427233
mnist,proposed,256,908,0.97998407,0.01237162,0.98617598
mnist,proposed,256,909,0.97839505,0.05432119,1.01527091
mnist,proposed,256,910,0.98599202,0.07526203,0.98715154
mnist,proposed,256,911,0.98834619,0.0058904,1.01168898
mnist,proposed,256,912,0.97462845,0.01048023,1.00609937
mnist,proposed,256,913,0.98506019,0.04414741,1.01198243
mnist,proposed,256,914,0.99427677,0.00060037,1.00716263
mnist,proposed,256,915,0.98403442,0.03966861,0.97752534
mnist,proposed,256,916,0.98159087,0.07453108,0.99560337
mnist,proposed,256,917,0.98411458,0.00365844,1.00609118
mnist,proposed,256,918,0.9960729,0.02187208,0.99711114
mnist,proposed,256,919,0.98654767,0.10676583,1.00292147
mnist,proposed,256,920,0.98259868,0.02479013,1.00159415
mnist,proposed,256,921,0.98941026,0.07813035,0.99163511
mnist,proposed,256,922,0.99318871,0.1554021,1.00880984
mnist,proposed,256,923,0.98548286,0.00664747,0.9828682
mnist,proposed,256,924,0.98991654,0.03340979,0.96604174
mnist,proposed,256,925,0.98961769,0.00759005,1.01118876
mnist,proposed,256,926,0.97883379,0.00857588,0.98783593
mnist,proposed,256,927,0.98304238,0.03768461,0.97125756
mnist,proposed,256,928,0.98331055,0.02951003,0.99349014
mnist,proposed,256,929,0.99045622,0.01521471,1.00943141
mnist,proposed,256,930,0.98799066,0.02140933,1.00978921
mnist,proposed,256,931,0.99078558,0.02723294,1.01048506
mnist,proposed,256,932,0.99012796,0.00130881,0.99617199
mnist,proposed,256,933,0.99249136,0.05428939,0.990944
mnist,proposed,256,934,0.99481862,0.04532154,0.99921694
mnist,proposed,256,935,0.98385083,0.02359878,0.99118362
mnist,proposed,256,936,0.99045351,0.00734422,1.00399823
mnist,proposed,256,937,0.99431885,0.00073009,0.99009965
mnist,proposed,256,938,0.984224,0.02952104,1.01695691
mnist,proposed,256,939,0.98251179,0.03197777,0.9994725
mnist,proposed,256,940,0.98609605,0.00335238,1.00659937
mnist,proposed,256,941,0.999,0.02872903,1.00872744
mnist,proposed,256,942,0.99153912,0.03484628,0.99427695
mnist,proposed,256,943,0.98337684,0.00197171,1.01045485
mnist,proposed,256,944,0.98158231,0.01416799,0.9739882
mnist,proposed,256,945,0.9785794,0.00969311,0.99080547
mnist,proposed,256,946,0.98140592,0.03290064,1.00708413
mnist,proposed,256,947,0.98040537,0.03977838,1.01017943
mnist,proposed,256,948,0.98114749,0.01553507,0.9912775
mnist,proposed,256,949,0.97933871,0.04435352,1.02394049
mnist,proposed,256,950,0.999,0.02932788,1.01767149
mnist,proposed,256,951,0.99330421,0.02851716,1.0033065
mnist,proposed,256,952,0.98856135,0.01545039,0.99801839
mnist,proposed,256,953,0.98504932,0.00116957,0.98110695
mnist,proposed,256,954,0.98412453,0.01864912,1.01402208
mnist,proposed,256,955,0.98158761,0.03723721,0.98138282
mnist,proposed,256,956,0.98306582,0.04779953,1.02837596
mnist,proposed,256,957,0.98755677,0.06573041,1.02663359
mnist,proposed,256,958,0.98610569,0.01980203,0.98397416
mnist,proposed,256,959,0.9931427,0.06693695,1.00246231
mnist,proposed,256,960,0.97845825,0.0140686,0.99472009
mnist,proposed,256,961,0.9840774,0.01033707,0.99405499
mnist,proposed,256,962,0.99006239,0.02231125,0.98885655
mnist,proposed,256,963,0.98880537,0.06743827,0.99920233
mnist,proposed,256,964,0.98392479,0.01745107,1.00566687
mnist,proposed,256,965,0.9855692,0.03691777,0.97570359
mnist,proposed,256,966,0.9827492,0.05615872,1.00613624
mnist,proposed,256,967,0.9772461,0.01423983,1.01749021
mnist,proposed,256,968,0.98785263,0.0620911,1.00849937
mnist,proposed,256,969,0.9859077,0.05134656,0.99441942
mnist,proposed,256,970,0.99064671,0.12708962,1.01530374
mnist,proposed,256,971,0.99197944,0.02401455,1.02145599
mnist,proposed,256,972,0.98981581,0.06827115,1.03834292
mnist,proposed,256,973,0.99357976,0.00182594,0.99299512
mnist,proposed,256,974,0.999,0.03474684,0.99126459
mnist,proposed,256,975,0.99570623,0.01208247,0.98808791
mnist,proposed,256,976,0.99000776,0.01942326,0.98888316
mnist,proposed,256,977,0.97697007,0.02848582,1.01710888
mnist,proposed,256,978,0.98879185,0.00672429,0.99711228
mnist,proposed,256,979,0.98232437,0.013405,0.99207762
mnist,proposed,256,980,0.9868368,0.05624985,1.0176931
mnist,proposed,256,981,0.98961682,0.02736885,1.00148707
mnist,proposed,256,982,0.99125022,0.11200262,0.98601348
mnist,proposed,256,983,0.98275956,0.07192305,1.01583075
mnist,proposed,256,984,0.99076021,0.03639689,1.00967324
mnist,proposed,256,985,0.97889249,0.02970125,0.99259303
mnist,proposed,256,986,0.97842829,0.03891018,0.98871889
mnist,proposed,256,987,0.99046935,0.05151099,0.99752104
mnist,proposed,256,988,0.98568751,0.09720051,0.994013
mnist,proposed,256,989,0.97949927,0.03149114,0.9968731
mnist,proposed,256,990,0.99131105,0.05038666,0.97662499
mnist,proposed,256,991,0.98940957,0.06276131,0.99508442
mnist,proposed,256,992,0.99537605,0.04941055,0.98486577
mnist,proposed,256,993,0.98865192,0.01351481,1.0176616
mnist,proposed,256,994,0.98063712,0.08525381,1.00461374
mnist,proposed,256,995,0.99063657,0.02907152,1.02264955
mnist,proposed,256,996,0.9934077,0.05797172,0.99615247
mnist,proposed,256,997,0.9829787,0.00846993,1.0040274
mnist,proposed,256,998,0.98440785,0.07203547,1.00131009
mnist,proposed,256,999,0.99170345,0.04095884,0.9922519
mnist,proposed,512,0,0.98579595,0.05614325,1.00938139
mnist,proposed,512,1,0.98402329,0.0406909,0.9803925
mnist,proposed,512,2,0.9942197,0.00476767,0.95890564
mnist,proposed,512,3,0.99313593,0.07989315,1.00243192
mnist,proposed,512,4,0.98765164,0.00057073,0.99384508
mnist,proposed,512,5,0.98026172,0.02958573,0.99067691
mnist,proposed,512,6,0.99253094,0.04445265,0.98282763
mnist,proposed,512,7,0.97674787,0.02979705,0.99608258
mnist,proposed,512,8,0.98729426,0.03046726,1.02184007
mnist,proposed,512,9,0.99798051,0.02660936,0.99567521
mnist,proposed,512,10,0.97895691,0.06974461,1.00640752
mnist,proposed,512,11,0.999,0.06151146,0.99638225
mnist,proposed,512,12,0.98195983,0.00688225,0.99142118
mnist,proposed,512,13,0.98857574,0.00358935,1.03602122
mnist,proposed,512,14,0.9837177,0.0203421,1.00563063
mnist,proposed,512,15,0.99199021,0.0374531,1.02098773
mnist,proposed,512,16,0.98685792,0.06628613,0.99497682
mnist,proposed,512,17,0.99811768,0.01526458,1.00582921
mnist,proposed,512,18,0.9907402,0.05374514,1.0019016
mnist,proposed,512,19,0.98978158,0.05569505,0.98783241
mnist,proposed,512,20,0.98649108,0.03625707,0.98491253
mnist,proposed,512,21,0.98353583,0.06406294,1.0122965
mnist,proposed,512,22,0.98345538,0.08445332,1.0335606
mnist,proposed,512,23,0.98877638,0.0441266,1.00356992
mnist,proposed,512,24,0.99753698,0.07588836,0.99149109
mnist,proposed,512,25,0.98584623,0.00800749,0.99378452
mnist,proposed,512,26,0.98862844,0.06173525,0.96572769
mnist,proposed,512,27,0.99007762,0.01863344,1.02629948
mnist,proposed,512,28,0.98608603,0.06716745,1.01707865
mnist,proposed,512,29,0.97857196,0.0309575,0.98679412
mnist,proposed,512,30,0.99514937,0.04624721,1.03597255
mnist,proposed,512,31,0.99723465,0.01188534,0.99214847
mnist,proposed,512,32,0.98021411,0.04905428,0.99907145
mnist,proposed,512,33,0.98411484,0.10045821,1.0329028
mnist,proposed,512,34,0.999,0.10432308,1.00256586
mnist,proposed,512,35,0.98327982,0.01507107,1.03073314
mnist,proposed,512,36,0.99085725,0.03504487,0.98186944
mnist,proposed,512,37,0.98681658,0.04542686,1.00133342
mnist,proposed,512,38,0.97936912,0.00858565,0.99903857
mnist,proposed,512,39,0.98418602,0.01107555,0.97538363
mnist,proposed,512,40,0.99343732,0.02821914,0.98718864
mnist,proposed,512,41,0.99687188,0.06482341,0.99244481
mnist,proposed,512,42,0.98863971,0.01816591,0.99694437
mnist,proposed,512,43,0.99212064,0.01140497,0.98517692
mnist,proposed,512,44,0.98327362,0.03118471,1.0127783
mnist,proposed,512,45,0.97965233,0.05797444,1.01702738
mnist,proposed,512,46,0.98600915,0.00608266,1.00079068
mnist,proposed,512,47,0.97845503,0.06882361,0.98347171
mnist,proposed,512,48,0.97919194,0.06305654,1.02090172
mnist,proposed,512,49,0.98902919,0.02481662,1.03287164
mnist,proposed,512,50,0.98843786,0.04508751,0.99693021
mnist,proposed,512,51,0.97777052,0.06284942,0.97896131
mnist,proposed,512,52,0.98591997,0.02673365,1.02621971
mnist,proposed,512,53,0.99284869,0.02109097,1.03025525
mnist,proposed,512,54,0.999,0.0823379,1.00692157
mnist,proposed,512,55,0.99467973,0.02675107,1.00720719
mnist,proposed,512,56,0.99135588,0.03948921,1.00620627
mnist,proposed,512,57,0.99787125,0.0467488,1.00117173
mnist,proposed,512,58,0.99473826,0.08641816,0.98660001
mnist,proposed,512,59,0.98348355,0.06986757,0.98386109
mnist,proposed,512,60,0.98046624,0.0735925,0.97604626
mnist,proposed,512,61,0.99104028,0.0311746,0.97011106
mnist,proposed,512,62,0.97143301,0.12809207,1.00002508
mnist,proposed,512,63,0.98609658,0.00825081,1.01840778
mnist,proposed,512,64,0.99106748,0.00469823,1.01928684
mnist,proposed,512,65,0.97837172,0.08436685,1.00080037
mnist,proposed,512,66,0.98503877,0.00263389,1.02201879
mnist,proposed,512,67,0.97488661,0.01223579,0.99510709
mnist,proposed,512,68,0.98722207,0.03575667,1.03152874
mnist,proposed,512,69,0.99259333,0.01560994,0.99190997
mnist,proposed,512,70,0.97912405,0.00574881,0.98615355
mnist,proposed,512,71,0.98017001,0.02744,0.99952457
mnist,proposed,512,72,0.98841452,0.01702367,1.00139547
mnist,proposed,512,73,0.98631657,0.02850146,0.98958303
mnist,proposed,512,74,0.99452957,0.01371628,0.96525783
mnist,proposed,512,75,0.98092144,0.10929812,1.00941642
mnist,proposed,512,76,0.98682627,0.04713267,0.99818422
mnist,proposed,512,77,0.99365623,0.05625417,1.00365673
mnist,proposed,512,78,0.99546256,0.03205122,1.00747018
mnist,proposed,512,79,0.99203105,0.04773567,1.02625567
mnist,proposed,512,80,0.98413605,0.02140573,0.99230252
mnist,proposed,512,81,0.99088529,0.02365726,1.02901328
mnist,proposed,512,82,0.999,0.00319927,1.00697336
mnist,proposed,512,83,0.98662385,0.05629597,0.98548196
mnist,proposed,512,84,0.98741951,0.04856615,0.99567132
mnist,proposed,512,85,0.98637473,0.00597845,1.00445447
mnist,proposed,512,86,0.98356376,0.06266398,1.00154172
mnist,proposed,512,87,0.98785064,0.03084766,1.00976963
mnist,proposed,512,88,0.99276561,0.05336282,1.00017605
mnist,proposed,512,89,0.99249754,0.01493133,0.99229195
mnist,proposed,512,90,0.97650976,0.07713344,1.01116034
mnist,proposed,512,91,0.98646352,0.05502322,0.98496891
mnist,proposed,512,92,0.99294599,0.02011375,0.98369811
mnist,proposed,512,93,0.99140566,0.01315969,1.00115021
mnist,proposed,512,94,0.98311581,0.01932586,1.02343402
mnist,proposed,512,95,0.99441014,0.06994182,0.9975804
mnist,proposed,512,96,0.98643916,0.02519555,1.00449158
mnist,proposed,512,97,0.9894103,0.01049788,1.02891165
mnist,proposed,512,98,0.99237412,0.01946519,1.00701156
mnist,proposed,512,99,0.98445424,0.06597129,0.99722383
mnist,proposed,512,100,0.99123934,0.03440862,0.99477744
mnist,proposed,512,101,0.97856069,0.076801,0.99344599
mnist,proposed,512,102,0.98366358,0.01692179,0.99748898
mnist,proposed,512,103,0.9800389,0.03090248,1.00267694
mnist,proposed,512,104,0.98540279,0.02857201,0.99562677
mnist,proposed,512,105,0.99628202,0.02757962,1.00444514
mnist,proposed,512,106,0.99453849,0.05892157,0.97506463
mnist,proposed,512,107,0.98802507,0.04503127,0.9824363
mnist,proposed,512,108,0.99199911,0.09718538,0.99847918
mnist,proposed,512,109,0.97918854,0.00960897,1.00202825
mnist,proposed,512,110,0.98897008,0.03794405,1.00889575
mnist,proposed,512,111,0.98491516,0.01379875,0.9607171
mnist,proposed,512,112,0.99016449,0.01941067,1.00348653
mnist,proposed,512,113,0.97609606,0.02741894,1.00304642
mnist,proposed,512,114,0.999,0.03692291,0.96874174
mnist,proposed,512,115,0.97842112,0.04862603,0.99698786
mnist,proposed,512,116,0.98540159,0.02209936,0.9990354
mnist,proposed,512,117,0.97702152,0.00024798,1.00079919
mnist,proposed,512,118,0.97781121,0.02597227,1.01602749
mnist,proposed,512,119,0.98360297,0.01799528,0.99487982
mnist,proposed,512,120,0.98778375,0.00722155,0.99705357
mnist,proposed,512,121,0.97495161,0.02617184,1.0049871
mnist,proposed,512,122,0.97854678,0.07315067,0.97828574
mnist,proposed,512,123,0.9954389,0.00213672,1.01078144
mnist,proposed,512,124,0.98219161,0.00429281,1.00878542
mnist,proposed,512,125,0.9816195,0.07504035,1.01636521
mnist,proposed,512,126,0.99282955,0.01758209,1.00055962
mnist,proposed,512,127,0.99402768,0.00096716,0.99400553
mnist,proposed,512,128,0.99165143,0.02843919,1.03498378
mnist,proposed,512,129,0.98676571,0.03538831,0.98405113
mnist,proposed,512,130,0.97818473,0.00472282,1.01929021
mnist,proposed,512,131,0.98121902,0.04316731,1.00669889
mnist,proposed,512,132,0.98987318,0.00704915,1.02082177
mnist,proposed,512,133,0.98622887,0.06259481,0.99905856
mnist,proposed,512,134,0.9873603,0.00434559,1.00306402
mnist,proposed,512,135,0.99551444,0.05257005,1.01010053
mnist,proposed,512,136,0.98367728,0.0112907,1.00348752
mnist,proposed,512,137,0.99709079,0.01130798,0.99677042
mnist,proposed,512,138,0.98428076,0.04840793,1.01532175
mnist,proposed,512,139,0.98471969,0.06618054,0.98409326
mnist,proposed,512,140,0.98454895,0.04863292,0.99147723
mnist,proposed,512,141,0.97778084,0.01316472,1.00556369
mnist,proposed,512,142,0.98701615,0.03758295,1.00410216
mnist,proposed,512,143,0.99139402,0.02744329,1.00751338
mnist,proposed,512,144,0.98967125,0.04643994,0.98353698
mnist,proposed,512,145,0.98945619,0.06425985,1.01343792
mnist,proposed,512,146,0.99292803,0.07356426,0.99192076
mnist,proposed,512,147,0.9933129,0.01634597,1.00605444
mnist,proposed,512,148,0.99109905,0.00519262,1.01856365
mnist,proposed,512,149,0.99415177,0.02913847,0.99211887
mnist,proposed,512,150,0.98368943,0.04107164,1.00039026
mnist,proposed,512,151,0.99545839,0.00446003,1.00621023
mnist,proposed,512,152,0.9788318,0.02054582,0.98436482
mnist,proposed,512,153,0.98673933,0.02947245,0.98453294
mnist,proposed,512,154,0.98232163,0.03926281,0.99606318
mnist,proposed,512,155,0.98888004,0.05139739,1.00901341
mnist,proposed,512,156,0.98542218,0.01177883,0.99878843
mnist,proposed,512,157,0.97886644,0.00880201,1.00735054
mnist,proposed,512,158,0.98016903,0.05515268,1.01432982
mnist,proposed,512,159,0.98631207,0.07426763,1.04307687
mnist,proposed,512,160,0.99853547,0.01455559,0.9888351
mnist,proposed,512,161,0.99649445,0.02775164,0.99640865
mnist,proposed,512,162,0.9917919,0.06110033,0.98308236
mnist,proposed,512,163,0.99036784,0.03446534,1.00547107
mnist,proposed,512,164,0.98860748,0.09354019,1.00562617
mnist,proposed,512,165,0.98301369,0.00135979,0.9946131
mnist,proposed,512,166,0.99800827,0.02078397,0.98076017
mnist,proposed,512,167,0.98295863,0.11532329,1.02115537
mnist,proposed,512,168,0.99356778,0.0949583,0.98157898
mnist,proposed,512,169,0.98472275,0.00048189,1.01532868
mnist,proposed,512,170,0.99545678,0.0517615,1.01232128
mnist,proposed,512,171,0.99164379,0.02529902,1.01389845
mnist,proposed,512,172,0.99078255,0.02079736,0.99110826
mnist,proposed,512,173,0.99038436,0.0019969,1.00138331
mnist,proposed,512,174,0.98778223,0.0366397,0.9855097
mnist,proposed,512,175,0.99102978,0.07029796,0.98712513
mnist,proposed,512,176,0.9777107,0.01123615,0.98147347
mnist,proposed,512,177,0.99767151,0.00391349,1.00519871
mnist,proposed,512,178,0.99059311,0.01253301,0.99801447
mnist,proposed,512,179,0.98743475,0.01771294,0.99547954
mnist,proposed,512,180,0.9960907,0.09509135,1.00424396
mnist,proposed,512,181,0.99214237,0.02257634,0.99971107
mnist,proposed,512,182,0.99011576,0.02572648,0.99163369
mnist,proposed,512,183,0.98899701,0.08572078,0.99287132
mnist,proposed,512,184,0.97847395,0.05279817,0.97783936
mnist,proposed,512,185,0.98243132,0.00744515,1.0177499
mnist,proposed,512,186,0.98175156,0.07027547,1.01214875
mnist,proposed,512,187,0.99049922,0.02805697,1.00531989
mnist,proposed,512,188,0.99302371,0.09802275,0.98649112
mnist,proposed,512,189,0.98947094,0.05855959,0.99781778
mnist,proposed,512,190,0.98636991,0.04600043,1.03192327
mnist,proposed,512,191,0.98998812,0.1123207,1.01416569
mnist,proposed,512,192,0.98280202,0.04602295,1.02384643
mnist,proposed,512,193,0.98619121,0.09478997,1.01265587
mnist,proposed,512,194,0.98996781,0.09890044,0.9990987
mnist,proposed,512,195,0.99079021,0.01014952,0.99481345
mnist,proposed,512,196,0.98880483,0.07040815,0.96789305
mnist,proposed,512,197,0.98547258,0.01922782,0.99903999
mnist,proposed,512,198,0.98499729,0.06073649,0.98297397
mnist,proposed,512,199,0.98977578,0.05359677,0.98067866
mnist,proposed,512,200,0.98204486,0.02440588,0.99316733
mnist,proposed,512,201,0.98260818,0.01851793,1.01968322
mnist,proposed,512,202,0.98786252,0.09113855,1.01316062
mnist,proposed,512,203,0.98893079,0.00046635,1.01724078
mnist,proposed,512,204,0.98378489,0.00392223,0.9829379
mnist,proposed,512,205,0.98814383,0.0189375,1.01239148
mnist,proposed,512,206,0.9771195,0.0247718,0.98301699
mnist,proposed,512,207,0.98275296,0.01136568,0.9900992
mnist,proposed,512,208,0.99529377,0.05181165,1.00966736
mnist,proposed,512,209,0.99801897,0.02225579,1.03064415
mnist,proposed,512,210,0.97702016,0.00485293,1.00152147
mnist,proposed,512,211,0.98924367,0.00881991,0.99163183
mnist,proposed,512,212,0.99036512,0.00436577,0.97176063
mnist,proposed,512,213,0.98003013,0.02174974,1.01092765
mnist,proposed,512,214,0.98492578,0.03890429,1.01133232
mnist,proposed,512,215,0.98115986,0.04062097,0.99694316
mnist,proposed,512,216,0.98641535,0.07562282,0.9946049
mnist,proposed,512,217,0.999,0.05331679,1.00407269
mnist,proposed,512,218,0.98389375,0.02587978,0.97300902
mnist,proposed,512,219,0.97943063,0.01372922,1.00418468
mnist,proposed,512,220,0.99128032,0.06975584,1.01046032
mnist,proposed,512,221,0.9836126,0.12366062,1.01924188
mnist,proposed,512,222,0.98666629,0.05714112,0.97413303
mnist,proposed,512,223,0.98988152,0.02447306,0.99387075
mnist,proposed,512,224,0.98971648,0.02574594,1.00626244
mnist,proposed,512,225,0.98877267,0.00342686,0.99690578
mnist,proposed,512,226,0.99210213,0.0189478,0.97914526
mnist,proposed,512,227,0.98787071,0.04799525,1.00786845
mnist,proposed,512,228,0.98281418,0.02780297,1.00279598
mnist,proposed,512,229,0.97942992,0.10784465,0.98703515
mnist,proposed,512,230,0.98245272,0.0415918,0.98738651
mnist,proposed,512,231,0.99615332,0.05417782,0.99384215
mnist,proposed,512,232,0.99505639,0.01233994,1.01186085
mnist,proposed,512,233,0.99459978,0.03336466,0.99959562
mnist,proposed,512,234,0.98206586,0.06042086,1.00586937
mnist,proposed,512,235,0.98973305,0.00498199,1.0070669
mnist,proposed,512,236,0.99407543,0.01771193,0.95419112
mnist,proposed,512,237,0.98610593,0.08814635,0.96764297
mnist,proposed,512,238,0.97656598,0.13069084,1.01144979
mnist,proposed,512,239,0.97519027,0.04494041,0.99413211
mnist,proposed,512,240,0.9918755,0.01200389,1.02124761
mnist,proposed,512,241,0.98806954,0.02734978,0.99999017
mnist,proposed,512,242,0.9805791,0.07503272,0.97623795
mnist,proposed,512,243,0.97975599,0.0474284,0.99308486
mnist,proposed,512,244,0.98162604,0.00586365,0.98306444
mnist,proposed,512,245,0.99222684,0.06559195,1.02618393
mnist,proposed,512,246,0.9930036,0.01211831,1.02127525
mnist,proposed,512,247,0.98834935,0.04231968,0.99986143
mnist,proposed,512,248,0.97612544,0.13359053,0.98074618
mnist,proposed,512,249,0.999,0.06453162,0.98925807
mnist,proposed,512,250,0.98812472,0.00657689,0.99421506
mnist,proposed,512,251,0.98863105,0.10833578,0.99521186
mnist,proposed,512,252,0.99042995,0.02984382,1.00682939
mnist,proposed,512,253,0.99341258,0.00171359,1.00875015
mnist,proposed,512,254,0.9974555,0.0086239,0.99587591
mnist,proposed,512,255,0.98726214,0.02302292,0.99151391
mnist,proposed,512,256,0.97424433,0.01418582,0.99917631
mnist,proposed,512,257,0.9865247,0.05618891,0.98114339
mnist,proposed,512,258,0.99310331,0.03921787,0.99859374
mnist,proposed,512,259,0.99076393,0.01245636,0.99630201
mnist,proposed,512,260,0.98508892,0.02887279,0.99927425
mnist,proposed,512,261,0.99333779,0.10336648,1.00378489
mnist,proposed,512,262,0.98857952,0.00981632,0.99610122
mnist,proposed,512,263,0.99532122,0.0093883,1.00994976
mnist,proposed,512,264,0.9880542,0.04256007,0.99861907
mnist,proposed,512,265,0.98876819,0.01852789,0.98083039
mnist,proposed,512,266,0.98770331,0.04200911,0.99868083
mnist,proposed,512,267,0.98692875,0.0474572,1.0208909
mnist,proposed,512,268,0.98406864,0.01827246,1.00911369
mnist,proposed,512,269,0.98761547,0.01345731,0.98412833
mnist,proposed,512,270,0.99281679,0.04564514,1.01077573
mnist,proposed,512,271,0.9846913,0.07646271,0.98790255
mnist,proposed,512,272,0.99051201,0.06308334,1.01527166
mnist,proposed,512,273,0.98842901,0.02212129,0.99264571
mnist,proposed,512,274,0.97875319,0.04867988,1.01162131
mnist,proposed,512,275,0.99806134,0.02137404,0.9950037
mnist,proposed,512,276,0.98448735,0.02915342,1.01062127
mnist,proposed,512,277,0.98350486,0.03499513,0.9696392
mnist,proposed,512,278,0.98178183,0.01960922,1.01537914
mnist,proposed,512,279,0.99276414,0.01544713,1.00038958
mnist,proposed,512,280,0.99091297,0.11080019,0.99161098
mnist,proposed,512,281,0.97351996,0.04026515,1.01910584
mnist,proposed,512,282,0.98243587,0.06185483,1.00045541
mnist,proposed,512,283,0.99210336,0.02966714,1.00084648
mnist,proposed,512,284,0.98542662,0.00678852,1.00157351
mnist,proposed,512,285,0.98655481,0.04019169,0.99785904
mnist,proposed,512,286,0.98300979,0.00834843,1.02581078
mnist,proposed,512,287,0.98136635,0.04334876,0.99726641
mnist,proposed,512,288,0.98453856,0.00607511,0.97597674
mnist,proposed,512,289,0.97443136,0.01649072,1.01042546
mnist,proposed,512,290,0.99070566,0.03834056,0.97511371
mnist,proposed,512,291,0.98697042,0.05172672,1.03069278
mnist,proposed,512,292,0.97832733,0.05323594,1.02107202
mnist,proposed,512,293,0.9736108,0.02899134,0.99250577
mnist,proposed,512,294,0.99408845,0.0009123,0.99916311
mnist,proposed,512,295,0.97439131,0.06587735,1.00905003
mnist,proposed,512,296,0.9844204,0.02579616,1.00163617
mnist,proposed,512,297,0.98690032,0.07271033,0.97851882
mnist,proposed,512,298,0.99176818,0.02459033,1.00894043
mnist,proposed,512,299,0.99026903,0.00450774,0.99154142
mnist,proposed,512,300,0.99546718,0.01553994,0.99543285
mnist,proposed,512,301,0.99639907,0.00337057,0.98059125
mnist,proposed,512,302,0.999,0.07837611,1.00291809
mnist,proposed,512,303,0.9856733,0.12128219,1.01584932
mnist,proposed,512,304,0.98060765,0.07370446,1.00089616
mnist,proposed,512,305,0.98292555,0.03161588,1.00892102
mnist,proposed,512,306,0.98223631,0.06681948,0.99102406
mnist,proposed,512,307,0.9885254,0.03895331,0.99533899
mnist,proposed,512,308,0.99022917,0.00279525,1.01462615
mnist,proposed,512,309,0.98674807,0.02031469,1.01847991
mnist,proposed,512,310,0.98777056,0.04866971,1.00225771
mnist,proposed,512,311,0.98757701,0.09768782,0.99643232
mnist,proposed,512,312,0.97415806,0.02958,0.99373406
mnist,proposed,512,313,0.98043811,0.01468353,1.00577515
mnist,proposed,512,314,0.98732573,0.0734311,0.96773305
mnist,proposed,512,315,0.9838406,0.01974085,1.0063952
mnist,proposed,512,316,0.98934998,0.07278359,0.98487082
mnist,proposed,512,317,0.98525537,0.08628664,1.00180411
mnist,proposed,512,318,0.98488586,0.01137931,0.96937907
mnist,proposed,512,319,0.99503625,0.01929197,1.01665562
mnist,proposed,512,320,0.9836194,0.0971659,1.00157921
mnist,proposed,512,321,0.99128696,0.05704125,1.01467095
mnist,proposed,512,322,0.98724651,0.00436045,1.03695879
mnist,proposed,512,323,0.999,0.01421843,0.97762306
mnist,proposed,512,324,0.98990335,0.01585011,0.99583167
mnist,proposed,512,325,0.99548022,0.00579736,0.98869325
mnist,proposed,512,326,0.999,0.025476,1.02418078
mnist,proposed,512,327,0.9853332,0.06616328,1.03073829
mnist,proposed,512,328,0.98303013,0.0124329,1.01206158
mnist,proposed,512,329,0.9927264,0.04087359,0.95961784
mnist,proposed,512,330,0.98120918,0.02292682,1.00098005
mnist,proposed,512,331,0.9839738,0.07600822,0.9834924
mnist,proposed,512,332,0.98082524,0.06617786,1.00660933
mnist,proposed,512,333,0.98750783,0.00634421,0.99128544
mnist,proposed,512,334,0.98277008,0.00767409,1.02310002
mnist,proposed,512,335,0.98683424,0.01079153,1.03611596
mnist,proposed,512,336,0.98494829,0.0045269,0.98865729
mnist,proposed,512,337,0.98728435,0.07334683,0.97791881
mnist,proposed,512,338,0.98729314,0.01622237,1.00927468
mnist,proposed,512,339,0.9976989,0.06308742,1.00139429
mnist,proposed,512,340,0.98563516,0.06285756,0.99528261
mnist,proposed,512,341,0.97116693,0.03927827,1.00308087
mnist,proposed,512,342,0.99400687,0.08228396,0.99740047
mnist,proposed,512,343,0.98446285,0.06588569,1.00418351
mnist,proposed,512,344,0.98730627,0.04250566,0.95766837
mnist,proposed,512,345,0.97945696,0.05029247,1.02085541
mnist,proposed,512,346,0.98777136,0.05936596,1.0011607
mnist,proposed,512,347,0.98867654,0.02510328,0.99553185
mnist,proposed,512,348,0.98253953,0.05341863,0.99007553
mnist,proposed,512,349,0.98616229,0.02269155,0.99884098
mnist,proposed,512,350,0.98829486,0.05994455,0.98254231
mnist,proposed,512,351,0.9819978,0.03822841,1.01906058
mnist,proposed,512,352,0.99018752,0.0068354,1.02463603
mnist,proposed,512,353,0.97854676,0.0281221,1.01361827
mnist,proposed,512,354,0.98702993,0.03347345,1.03873233
mnist,proposed,512,355,0.97848958,0.0068939,0.98632007
mnist,proposed,512,356,0.98299427,0.01138143,1.01161881
mnist,proposed,512,357,0.98827569,0.03477834,0.99388097
mnist,proposed,512,358,0.99086864,0.06235849,0.9901708
mnist,proposed,512,359,0.9741045,0.00305714,0.98800255
mnist,proposed,512,360,0.98464461,0.06570444,0.98886355
mnist,proposed,512,361,0.98878444,0.09128549,0.99715843
mnist,proposed,512,362,0.99146853,0.00686752,0.99250233
mnist,proposed,512,363,0.97930588,0.10053842,0.99039321
mnist,proposed,512,364,0.98962788,0.01095325,0.98202522
mnist,proposed,512,365,0.98174845,0.03362966,0.97007655
mnist,proposed,512,366,0.98719182,0.02717422,0.99389785
mnist,proposed,512,367,0.98809414,0.00554258,0.99069061
mnist,proposed,512,368,0.97446163,0.00042301,0.99837448
mnist,proposed,512,369,0.98311187,0.05747357,1.02544738
mnist,proposed,512,370,0.98838783,0.05072867,1.01639626
mnist,proposed,512,371,0.98619474,0.03987529,1.01278981
mnist,proposed,512,372,0.98791229,0.08860334,0.98529716
mnist,proposed,512,373,0.98545855,0.0290089,0.99814518
mnist,proposed,512,374,0.97942147,0.0246179,0.9923701
mnist,proposed,512,375,0.99191977,0.15346085,0.9664951
mnist,proposed,512,376,0.98305151,0.02658695,1.00909744
mnist,proposed,512,377,0.97778404,0.04028247,1.00103499
mnist,proposed,512,378,0.98876332,0.0943965,0.99166606
mnist,proposed,512,379,0.97680498,0.0401877,1.00307505
mnist,proposed,512,380,0.98796526,0.03155034,1.00562145
mnist,proposed,512,381,0.99173273,0.01156841,0.99127039
mnist,proposed,512,382,0.98425665,0.16168531,1.0008691
mnist,proposed,512,383,0.98403276,0.00589161,1.0160977
mnist,proposed,512,384,0.98475752,0.13998787,0.97762325
mnist,proposed,512,385,0.98828814,0.04313534,1.0007771
mnist,proposed,512,386,0.98690467,0.04543896,1.00231786
mnist,proposed,512,387,0.9880705,0.07680566,1.02723078
mnist,proposed,512,388,0.98599788,0.02738961,1.0051484
mnist,proposed,512,389,0.98404764,0.02562464,1.01387474
mnist,proposed,512,390,0.99607195,0.07464331,0.99510152
mnist,proposed,512,391,0.98899075,0.14225372,1.004908
mnist,proposed,512,392,0.98934362,0.02649016,0.97519058
mnist,proposed,512,393,0.99696513,0.03979554,0.98335627
mnist,proposed,512,394,0.98733233,0.00962762,0.96239029
mnist,proposed,512,395,0.98129212,0.07071754,0.98728103
mnist,proposed,512,396,0.98961503,0.05668539,1.02269118
mnist,proposed,512,397,0.99007804,0.02695185,0.99203179
mnist,proposed,512,398,0.999,0.06671667,1.02189851
mnist,proposed,512,399,0.980273,0.02417174,0.99982898
mnist,proposed,512,400,0.98508318,0.02205153,0.9894988
mnist,proposed,512,401,0.98478383,0.0268034,0.99375029
mnist,proposed,512,402,0.98385439,0.00789561,0.98250106
mnist,proposed,512,403,0.97977714,0.04014766,1.0097336
mnist,proposed,512,404,0.98221465,0.0295514,0.98624535
mnist,proposed,512,405,0.98560156,0.02135886,0.98945337
mnist,proposed,512,406,0.98955661,0.00859991,1.01927558
mnist,proposed,512,407,0.98907329,0.0060256,0.99153346
mnist,proposed,512,408,0.98118557,0.0148489,1.01900108
mnist,proposed,512,409,0.9920595,0.09796754,0.99117098
mnist,proposed,512,410,0.99028008,0.0290547,1.00590553
mnist,proposed,512,411,0.97273684,0.03088518,0.97901732
mnist,proposed,512,412,0.98410275,0.06639351,1.01883214
mnist,proposed,512,413,0.99365738,1.01e-06,0.98858461
mnist,proposed,512,414,0.9882999,0.05951769,0.99494651
mnist,proposed,512,415,0.99061525,0.01291514,1.00633663
mnist,proposed,512,416,0.98469948,0.0347861,1.01582451
mnist,proposed,512,417,0.98491848,0.03240901,1.00259048
mnist,proposed,512,418,0.98316421,0.00623563,0.98892085
mnist,proposed,512,419,0.98800372,0.08169266,1.00848859
mnist,proposed,512,420,0.98825338,0.00072274,0.99257584
mnist,proposed,512,421,0.97747999,0.05156064,0.99187265
mnist,proposed,512,422,0.98770369,0.06248712,1.0049574
mnist,proposed,512,423,0.982918,0.00308153,0.99327875
mnist,proposed,512,424,0.99484689,0.01824618,0.99922652
mnist,proposed,512,425,0.98672788,0.00310349,1.01408483
mnist,proposed,512,426,0.98271963,0.00248531,1.00634203
mnist,proposed,512,427,0.97696383,0.02083638,0.99149709
mnist,proposed,512,428,0.99151576,0.07809895,1.01536421
mnist,proposed,512,429,0.99149924,0.01327072,1.00691816
mnist,proposed,512,430,0.97771186,0.15310924,0.99223735
mnist,proposed,512,431,0.98265012,0.07067438,1.00938583
mnist,proposed,512,432,0.9967938,0.0312591,1.01003901
mnist,proposed,512,433,0.98801219,0.00260484,0.97915748
mnist,proposed,512,434,0.99531347,0.02887625,0.99490251
mnist,proposed,512,435,0.98393903,0.0274601,0.99956363
mnist,proposed,512,436,0.98752759,0.07307979,1.00887837
mnist,proposed,512,437,0.98583236,0.02983221,1.00122767
mnist,proposed,512,438,0.98636753,0.01909294,0.99478501
mnist,proposed,512,439,0.9944426,0.02402722,0.9816585
mnist,proposed,512,440,0.9880396,0.00470098,1.0052319
mnist,proposed,512,441,0.9902661,0.00414016,1.02377049
mnist,proposed,512,442,0.9918826,0.01083861,1.02206498
mnist,proposed,512,443,0.98859905,0.06722452,0.98585497
mnist,proposed,512,444,0.98426235,0.06994746,0.9984276
mnist,proposed,512,445,0.98962279,0.0354426,0.98763558
mnist,proposed,512,446,0.99182698,0.0253019,0.99552672
mnist,proposed,512,447,0.98733205,0.04121559,1.00261832
mnist,proposed,512,448,0.99100481,0.00971467,0.97676834
mnist,proposed,512,449,0.97982318,0.01510614,0.99653064
mnist,proposed,512,450,0.99031482,0.02204519,0.99864768
mnist,proposed,512,451,0.98800802,0.03596607,1.00654961
mnist,proposed,512,452,0.98924953,0.02993568,0.99180032
mnist,proposed,512,453,0.99589449,0.03311821,1.01076459
mnist,proposed,512,454,0.99278058,0.02880434,0.99237838
mnist,proposed,512,455,0.99857585,0.06044095,0.98383061
mnist,proposed,512,456,0.99374212,0.00213841,1.00335082
mnist,proposed,512,457,0.98292582,0.04853939,0.99644289
mnist,proposed,512,458,0.9776835,0.02183229,1.00685303
mnist,proposed,512,459,0.98343123,0.02611033,1.01113335
mnist,proposed,512,460,0.9905356,0.01472908,0.99923152
mnist,proposed,512,461,0.99082991,0.07238463,0.99906477
mnist,proposed,512,462,0.97514423,0.02713559,1.00286673
mnist,proposed,512,463,0.98516527,0.06001454,1.02805604
mnist,proposed,512,464,0.98728013,0.03314767,1.01101025
mnist,proposed,512,465,0.98554859,0.06006159,1.02265463
mnist,proposed,512,466,0.98595296,0.02299875,1.02419051
mnist,proposed,512,467,0.999,0.07810496,0.99134249
mnist,proposed,512,468,0.98702216,0.03955168,1.00973873
mnist,proposed,512,469,0.99022903,0.00088733,0.9880806
mnist,proposed,512,470,0.98352196,0.04082058,1.0266973
mnist,proposed,512,471,0.99761935,0.00824528,0.97732444
mnist,proposed,512,472,0.99307998,0.00685564,0.9961243
mnist,proposed,512,473,0.9855172,0.03278601,1.01539998
mnist,proposed,512,474,0.97627099,0.00241624,0.98481877
mnist,proposed,512,475,0.97804295,0.08516182,0.97018847
mnist,proposed,512,476,0.98813896,0.00388171,0.99863597
mnist,proposed,512,477,0.97857488,0.04510458,0.97923376
mnist,proposed,512,478,0.97131466,0.00561372,1.00952321
mnist,proposed,512,479,0.9854207,0.06266126,1.00292131
mnist,proposed,512,480,0.98243112,0.00527556,1.01874035
mnist,proposed,512,481,0.99487254,0.07279079,0.99777808
mnist,proposed,512,482,0.9892927,0.10770882,0.99385084
mnist,proposed,512,483,0.98797801,0.01112353,0.99585558
mnist,proposed,512,484,0.98814593,0.01229528,1.00136522
mnist,proposed,512,485,0.98877034,0.01979196,0.98757621
mnist,proposed,512,486,0.97988949,0.05711214,1.00438075
mnist,proposed,512,487,0.98013744,0.03091592,1.0009164
mnist,proposed,512,488,0.98290873,0.0082278,1.00052941
mnist,proposed,512,489,0.99288231,0.01497117,0.97068909
mnist,proposed,512,490,0.98715611,0.05216965,1.01117154
mnist,proposed,512,491,0.99175671,0.01641417,1.02243332
mnist,proposed,512,492,0.98615577,0.06066161,1.00399947
mnist,proposed,512,493,0.98211607,0.03149753,1.00351509
mnist,proposed,512,494,0.98738378,0.00704381,1.01603542
mnist,proposed,512,495,0.98739074,0.00458337,1.01987805
mnist,proposed,512,496,0.98612721,0.03532539,0.99956875
mnist,proposed,512,497,0.98745041,0.00444856,1.01741074
mnist,proposed,512,498,0.98781654,0.04767557,1.00982633
mnist,proposed,512,499,0.98755052,0.02567559,0.98410537
mnist,proposed,512,500,0.9974018,0.03500729,1.00579436
mnist,proposed,512,501,0.9940446,0.06009995,1.00013624
mnist,proposed,512,502,0.98965571,0.03776383,1.01086515
mnist,proposed,512,503,0.98687208,0.01749714,0.98772389
mnist,proposed,512,504,0.98415962,0.02389435,0.99701282
mnist,proposed,512,505,0.98447449,0.01604378,0.99621268
mnist,proposed,512,506,0.98461437,0.01911457,0.99401966
mnist,proposed,512,507,0.98488401,0.06175301,0.97737283
mnist,proposed,512,508,0.98761382,0.01615553,0.99915789
mnist,proposed,512,509,0.98675135,0.01541632,0.99221595
mnist,proposed,512,510,0.97911954,0.07175803,0.99975177
mnist,proposed,512,511,0.9923769,0.04577857,1.00731168
mnist,proposed,512,512,0.98493912,0.04799057,0.99248412
mnist,proposed,512,513,0.98850224,0.02240343,0.99679911
mnist,proposed,512,514,0.98881765,0.03254117,0.9929112
mnist,proposed,512,515,0.99648766,0.0023815,0.98961886
mnist,proposed,512,516,0.98037023,0.02063097,0.99906015
mnist,proposed,512,517,0.98426373,0.00977749,0.98618328
mnist,proposed,512,518,0.98653631,0.07053686,1.0224069
mnist,proposed,512,519,0.99599537,0.00796015,1.00632696
mnist,proposed,512,520,0.99058671,0.03672695,0.98786738
mnist,proposed,512,521,0.98233224,0.01445267,1.00513027
mnist,proposed,512,522,0.98838813,0.02158054,0.99067184
mnist,proposed,512,523,0.99825401,0.03368774,0.97609451
mnist,proposed,512,524,0.98339546,0.0341938,1.00517374
mnist,proposed,512,525,0.98947501,0.01924884,1.03335692
mnist,proposed,512,526,0.98857414,0.04477217,1.03073107
mnist,proposed,512,527,0.98597703,0.00373575,0.9949288
mnist,proposed,512,528,0.98823345,0.13095003,0.99873454
mnist,proposed,512,529,0.9949433,0.03845349,0.99859255
mnist,proposed,512,530,0.99112108,0.04523978,1.00234104
mnist,proposed,512,531,0.99151931,0.01915312,1.03943325
mnist,proposed,512,532,0.98896357,0.05794306,1.00467091
mnist,proposed,512,533,0.989803,0.0903644,1.00131851
mnist,proposed,512,534,0.97969366,0.06896653,1.02492817
mnist,proposed,512,535,0.99041764,0.06316933,1.01517108
mnist,proposed,512,536,0.98256975,0.03997313,1.01891735
mnist,proposed,512,537,0.9915854,0.00811128,0.97455597
mnist,proposed,512,538,0.99356644,0.06948568,1.00412134
mnist,proposed,512,539,0.98415737,0.00214645,0.98249858
mnist,proposed,512,540,0.98995279,0.01032386,0.99856411
mnist,proposed,512,541,0.98086642,0.02182218,0.99001071
mnist,proposed,512,542,0.99541264,0.01416586,0.97680486
mnist,proposed,512,543,0.99141354,0.04867283,1.01415277
mnist,proposed,512,544,0.99366908,0.01228115,1.01626082
mnist,proposed,512,545,0.98899234,0.03067164,1.012638
mnist,proposed,512,546,0.98993665,0.01397862,1.01463061
mnist,proposed,512,547,0.98570032,0.07259755,1.02065242
mnist,proposed,512,548,0.98960592,0.02460193,0.98971941
mnist,proposed,512,549,0.99361906,0.03531348,0.99512348
mnist,proposed,512,550,0.98457112,0.01895301,0.98628895
mnist,proposed,512,551,0.999,0.02424034,0.9892579
mnist,proposed,512,552,0.99027159,0.01608551,1.00671738
mnist,proposed,512,553,0.9816801,0.04190966,1.0078323
mnist,proposed,512,554,0.99368499,0.01701336,0.99502586
mnist,proposed,512,555,0.98966306,0.0593472,1.00949476
mnist,proposed,512,556,0.98894643,0.04885576,0.99851465
mnist,proposed,512,557,0.98768405,0.03900521,1.00124549
mnist,proposed,512,558,0.98908766,0.02899806,1.00021173
mnist,proposed,512,559,0.98555569,0.05330092,1.01621074
mnist,proposed,512,560,0.98419105,0.04835476,0.97439185
mnist,proposed,512,561,0.98299119,0.00203685,0.97946362
mnist,proposed,512,562,0.98574811,0.00012399,1.03496103
mnist,proposed,512,563,0.99891504,0.02913431,1.00119165
mnist,proposed,512,564,0.97631569,0.04410052,1.0146629
mnist,proposed,512,565,0.98859566,0.10231359,1.00655181
mnist,proposed,512,566,0.98132113,0.04536405,0.99090111
mnist,proposed,512,567,0.9872286,0.06575954,1.01924359
mnist,proposed,512,568,0.98151596,0.00814653,1.00859288
mnist,proposed,512,569,0.98694194,0.06262968,1.01346228
mnist,proposed,512,570,0.98638593,0.06533277,0.98743697
mnist,proposed,512,571,0.98751326,0.03530632,1.01435055
mnist,proposed,512,572,0.98585012,0.05900783,0.96790759
mnist,proposed,512,573,0.98154006,0.0035495,0.97606065
mnist,proposed,512,574,0.98364981,0.01994428,0.98510443
mnist,proposed,512,575,0.9799894,0.04627172,1.0001656
mnist,proposed,512,576,0.97947997,0.00719951,1.0074511
mnist,proposed,512,577,0.98014257,0.02558935,1.01423611
mnist,proposed,512,578,0.98242607,0.01390092,0.99536447
mnist,proposed,512,579,0.9902425,0.09090515,1.01688405
mnist,proposed,512,580,0.98569754,0.03140792,1.0202079
mnist,proposed,512,581,0.98765437,0.03391796,1.00058231
mnist,proposed,512,582,0.99162066,0.031265,0.98877914
mnist,proposed,512,583,0.99258011,0.08233995,1.00741787
mnist,proposed,512,584,0.97869688,0.04615515,0.99269203
mnist,proposed,512,585,0.99133523,0.02667381,1.01087404
mnist,proposed,512,586,0.98769737,0.00298577,0.99103293
mnist,proposed,512,587,0.98551834,0.07437345,1.00885958
mnist,proposed,512,588,0.98490714,0.03247004,0.99678794
mnist,proposed,512,589,0.99661596,0.04676824,0.99521556
mnist,proposed,512,590,0.99075682,0.10919863,0.99167495
mnist,proposed,512,591,0.98981752,0.05477065,1.01044957
mnist,proposed,512,592,0.99081599,0.02307868,1.01170265
mnist,proposed,512,593,0.99181161,0.00854453,1.00724048
mnist,proposed,512,594,0.99363781,0.01888987,0.98760477
mnist,proposed,512,595,0.99220509,0.02407634,0.99038469
mnist,proposed,512,596,0.98897871,0.11036223,0.9965417
mnist,proposed,512,597,0.97879155,0.01577132,1.00071278
mnist,proposed,512,598,0.98757746,0.02156869,1.01177973
mnist,proposed,512,599,0.98993877,0.07831253,1.02282782
mnist,proposed,512,600,0.98614555,0.0026337,1.01080572
mnist,proposed,512,601,0.99040321,0.02194464,1.00228409
mnist,proposed,512,602,0.98948217,0.00055698,1.00907839
mnist,proposed,512,603,0.9798967,0.03426977,0.98031112
mnist,proposed,512,604,0.98914277,0.02190935,1.00394946
mnist,proposed,512,605,0.9779538,0.01132154,1.00557244
mnist,proposed,512,606,0.99081952,0.0461485,0.99940228
mnist,proposed,512,607,0.981125,0.10147571,0.98705461
mnist,proposed,512,608,0.99170589,0.09574306,0.99442139
mnist,proposed,512,609,0.98733706,0.01933357,1.00139663
mnist,proposed,512,610,0.97798241,0.01971863,0.99583398
mnist,proposed,512,611,0.9852169,0.02728918,0.99542873
mnist,proposed,512,612,0.9940245,0.01977145,1.0077805
mnist,proposed,512,613,0.98497052,0.02055638,0.98854438
mnist,proposed,512,614,0.97856091,0.02873304,1.00193787
mnist,proposed,512,615,0.98662775,0.04261702,1.00517024
mnist,proposed,512,616,0.98596418,0.01097336,1.01909
mnist,proposed,512,617,0.98028654,0.02619619,0.99535472
mnist,proposed,512,618,0.98235805,0.00114178,1.01284895
mnist,proposed,512,619,0.98082003,0.01189858,1.02064069
mnist,proposed,512,620,0.999,0.00056394,1.01865971
mnist,proposed,512,621,0.98442135,0.06637102,0.97316231
mnist,proposed,512,622,0.98858781,0.16190667,1.00530362
mnist,proposed,512,623,0.98943972,0.035982,1.00700465
mnist,proposed,512,624,0.97853605,0.0363127,1.00436914
mnist,proposed,512,625,0.98314993,0.07448933,0.99772088
mnist,proposed,512,626,0.97616149,0.03188784,1.04803741
mnist,proposed,512,627,0.98426781,0.02926407,1.00849809
mnist,proposed,512,628,0.98133696,0.04321811,1.00745193
mnist,proposed,512,629,0.98893789,0.02187949,1.00387278
mnist,proposed,512,630,0.98848665,0.0721224,1.01690037
mnist,proposed,512,631,0.99609805,0.06876909,0.9897767
mnist,proposed,512,632,0.98401745,0.11677771,0.9980341
mnist,proposed,512,633,0.9924837,0.0185698,1.00317137
mnist,proposed,512,634,0.99535486,0.07868619,1.01815123
mnist,proposed,512,635,0.99325314,0.0905374,0.99836224
mnist,proposed,512,636,0.98472163,0.075427,0.98041431
mnist,proposed,512,637,0.98671921,0.02770413,1.00258757
mnist,proposed,512,638,0.99290187,0.05618934,1.01302778
mnist,proposed,512,639,0.98730323,0.03936826,1.00854327
mnist,proposed,512,640,0.98954534,0.03420222,0.99683726
mnist,proposed,512,641,0.97953496,0.04889861,1.00459453
mnist,proposed,512,642,0.98943972,0.03672649,1.00603597
mnist,proposed,512,643,0.98725403,0.10583651,0.99122605
mnist,proposed,512,644,0.98857306,0.01738589,0.99172507
mnist,proposed,512,645,0.99075023,0.00119796,0.97610838
mnist,proposed,512,646,0.9961855,0.01054421,0.98800888
mnist,proposed,512,647,0.98404808,0.00195506,0.99328711
mnist,proposed,512,648,0.97945608,0.03749438,1.03210999
mnist,proposed,512,649,0.97644285,0.01832833,0.98577998
mnist,proposed,512,650,0.9942683,0.03127695,0.98115722
mnist,proposed,512,651,0.9862021,0.06689349,0.98256326
mnist,proposed,512,652,0.98798018,0.04160652,1.00138233
mnist,proposed,512,653,0.98415598,0.02255706,1.02556161
mnist,proposed,512,654,0.98847339,0.0045776,1.00819323
mnist,proposed,512,655,0.98204479,0.0089453,1.00343959
mnist,proposed,512,656,0.99190907,0.008511,1.03222696
mnist,proposed,512,657,0.999,0.01434233,1.00708072
mnist,proposed,512,658,0.98954613,0.04620974,1.00299476
mnist,proposed,512,659,0.98617822,0.03396829,0.97300982
mnist,proposed,512,660,0.97667324,0.07399433,1.01056655
mnist,proposed,512,661,0.99220412,0.06795275,0.98458634
mnist,proposed,512,662,0.98769076,0.06610799,1.01835733
mnist,proposed,512,663,0.97912087,0.03029589,1.01772245
mnist,proposed,512,664,0.99603323,0.02100731,0.98926042
mnist,proposed,512,665,0.98750909,0.01153572,1.01837767
mnist,proposed,512,666,0.97928958,0.14921739,0.98065066
mnist,proposed,512,667,0.98369008,0.04907939,0.9848043
mnist,proposed,512,668,0.97815306,0.05419673,0.97317974
mnist,proposed,512,669,0.99157714,0.06158455,0.99060298
mnist,proposed,512,670,0.99085648,0.0015147,1.00315501
mnist,proposed,512,671,0.98125798,0.09397914,0.98940983
mnist,proposed,512,672,0.98003475,0.03445648,0.97451748
mnist,proposed,512,673,0.99708896,0.04384887,1.01861412
mnist,proposed,512,674,0.99541067,0.01711202,1.01159086
mnist,proposed,512,675,0.99260467,0.03638922,1.01041912
mnist,proposed,512,676,0.97724663,0.05618266,1.02837411
mnist,proposed,512,677,0.98972305,0.07105333,0.99332879
mnist,proposed,512,678,0.98337616,0.02084289,1.00557747
mnist,proposed,512,679,0.98390674,0.10172887,0.99601016
mnist,proposed,512,680,0.98883955,0.03149153,1.01508067
mnist,proposed,512,681,0.98587346,0.01638949,0.97014224
mnist,proposed,512,682,0.99024122,0.01337746,1.03927206
mnist,proposed,512,683,0.98264123,0.01856955,1.02121403
mnist,proposed,512,684,0.99309992,0.06314718,1.0092941
mnist,proposed,512,685,0.995193,0.08910037,0.96144955
mnist,proposed,512,686,0.97972028,0.06954517,1.0068895
mnist,proposed,512,687,0.98933701,0.01029835,0.98492224
mnist,proposed,512,688,0.99280224,0.11796648,0.99999143
mnist,proposed,512,689,0.99381496,0.03348357,0.98518868
mnist,proposed,512,690,0.99463191,0.01374538,1.01985019
mnist,proposed,512,691,0.98043626,0.10908154,1.00370801
mnist,proposed,512,692,0.98370921,0.01424549,1.01290509
mnist,proposed,512,693,0.98682021,0.01376423,1.0191536
mnist,proposed,512,694,0.98921404,0.02507625,0.99196084
mnist,proposed,512,695,0.98483883,0.01663439,0.99427481
mnist,proposed,512,696,0.99185568,0.02706655,1.00175982
mnist,proposed,512,697,0.98084585,0.07432843,1.01747929
mnist,proposed,512,698,0.98632409,0.01577042,0.99174703
mnist,proposed,512,699,0.98471737,0.04174586,1.01225952
mnist,proposed,512,700,0.98489578,0.02065404,0.97423183
mnist,proposed,512,701,0.999,0.02360647,1.01989122
mnist,proposed,512,702,0.99572075,0.10956931,1.01287331
mnist,proposed,512,703,0.98848692,0.00810623,1.01933211
mnist,proposed,512,704,0.98030098,0.09148239,1.00872996
mnist,proposed,512,705,0.98144624,0.01616134,1.00246418
mnist,proposed,512,706,0.97995808,0.07486203,1.0012163
mnist,proposed,512,707,0.98371215,0.12014666,1.00850255
mnist,proposed,512,708,0.99107299,0.0572692,0.9941981
mnist,proposed,512,709,0.999,0.01246186,1.00951484
mnist,proposed,512,710,0.99077256,0.02529728,1.00997049
mnist,proposed,512,711,0.98836245,0.04385257,1.01784242
mnist,proposed,512,712,0.98861189,0.0159,1.01348663
mnist,proposed,512,713,0.98280243,0.03323273,1.01707539
mnist,proposed,512,714,0.98336058,0.01628785,0.98997446
mnist,proposed,512,715,0.98208362,0.01392123,0.99872537
mnist,proposed,512,716,0.98820488,0.04153667,1.01214965
mnist,proposed,512,717,0.98177054,0.02521398,0.99450968
mnist,proposed,512,718,0.98312251,0.01143342,0.98191747
mnist,proposed,512,719,0.9860241,0.069803,1.01488451
mnist,proposed,512,720,0.98163476,0.0164171,0.99492428
mnist,proposed,512,721,0.98811617,0.0261595,0.99378338
mnist,proposed,512,722,0.98895181,0.07663808,0.99197018
mnist,proposed,512,723,0.99009603,0.02943934,1.00838494
mnist,proposed,512,724,0.98811483,0.03465507,0.99329049
mnist,proposed,512,725,0.98980995,0.01664105,1.00364989
mnist,proposed,512,726,0.99037313,0.00988141,0.99535488
mnist,proposed,512,727,0.98398105,0.0847758,1.00436334
mnist,proposed,512,728,0.99367178,0.00808111,0.98867982
mnist,proposed,512,729,0.96996754,0.02937769,1.0064103
mnist,proposed,512,730,0.98728645,0.01318381,0.99878506
mnist,proposed,512,731,0.9852871,0.05499165,0.99656369
mnist,proposed,512,732,0.9873325,0.02393984,0.99481723
mnist,proposed,512,733,0.99324593,0.01821749,0.99513086
mnist,proposed,512,734,0.98844289,0.01568937,0.98806006
mnist,proposed,512,735,0.99206167,0.0715948,1.03203179
mnist,proposed,512,736,0.999,0.0882766,1.00901644
mnist,proposed,512,737,0.98737166,0.02429945,0.99066315
mnist,proposed,512,738,0.98353268,0.03236812,1.01461931
mnist,proposed,512,739,0.9818549,0.01592181,1.01077696
mnist,proposed,512,740,0.98270627,0.09325556,0.99729548
mnist,proposed,512,741,0.98947202,0.00889978,1.01625847
mnist,proposed,512,742,0.98986695,0.00010259,1.00718624
mnist,proposed,512,743,0.98986844,0.06551926,1.01285515
mnist,proposed,512,744,0.98873709,0.00127616,0.99765724
mnist,proposed,512,745,0.9915723,0.04054532,1.01280248
mnist,proposed,512,746,0.98454077,0.02699065,1.01150684
mnist,proposed,512,747,0.98860207,0.03199435,0.99235938
mnist,proposed,512,748,0.98676852,0.05536787,0.9842809
mnist,proposed,512,749,0.98863843,0.01554339,1.00327317
mnist,proposed,512,750,0.97808408,0.02805468,0.95847244
mnist,proposed,512,751,0.99316532,0.0505967,1.01220001
mnist,proposed,512,752,0.99240954,0.00475124,0.9554477
mnist,proposed,512,753,0.98701129,0.03118107,0.97447548
mnist,proposed,512,754,0.98602288,0.02224444,0.99340247
mnist,proposed,512,755,0.99705754,0.0469223,0.99468375
mnist,proposed,512,756,0.98791599,0.0437037,1.0137159
mnist,proposed,512,757,0.98894835,0.0424996,1.0098534
mnist,proposed,512,758,0.98172593,0.11254139,0.98843104
mnist,proposed,512,759,0.98089593,0.03225465,1.01836999
mnist,proposed,512,760,0.98775795,0.00418638,1.00026366
mnist,proposed,512,761,0.98295284,0.01609854,0.9919939
mnist,proposed,512,762,0.9793694,0.03234586,0.99018856
mnist,proposed,512,763,0.98148427,0.02440415,1.01968684
mnist,proposed,512,764,0.97449264,0.04826593,1.00901089
mnist,proposed,512,765,0.999,0.01375305,1.01543792
mnist,proposed,512,766,0.99179901,0.0496424,0.99936501
mnist,proposed,512,767,0.99477897,0.01662335,0.98264464
mnist,proposed,512,768,0.98345179,0.03839854,1.01278899
mnist,proposed,512,769,0.98535761,0.05481317,0.98719884
mnist,proposed,512,770,0.98881038,0.04043873,0.99405962
mnist,proposed,512,771,0.99141464,0.01487378,0.99130272
mnist,proposed,512,772,0.9765979,0.02164803,1.01579557
mnist,proposed,512,773,0.99331784,0.05513063,1.0186546
mnist,proposed,512,774,0.98888461,0.02571234,1.01547052
mnist,proposed,512,775,0.99283373,0.01194757,1.00117192
mnist,proposed,512,776,0.98928203,0.03232615,0.99118066
mnist,proposed,512,777,0.99083501,0.01690983,1.001285
mnist,proposed,512,778,0.98762732,0.09409489,0.996104
mnist,proposed,512,779,0.98800064,0.00156744,0.99699907
mnist,proposed,512,780,0.98437573,0.04843564,1.02206645
mnist,proposed,512,781,0.98732973,0.0398575,0.99357956
mnist,proposed,512,782,0.98185957,0.05181788,0.98468479
mnist,proposed,512,783,0.97495497,0.07149544,1.0184692
mnist,proposed,512,784,0.99664785,0.06734184,1.00596334
mnist,proposed,512,785,0.98748125,0.04629603,0.99885034
mnist,proposed,512,786,0.98296238,0.02289426,1.00026416
mnist,proposed,512,787,0.98429119,0.04512162,0.98552183
mnist,proposed,512,788,0.99856502,0.03726652,0.99822844
mnist,proposed,512,789,0.98068769,0.06423115,0.99831844
mnist,proposed,512,790,0.999,0.03781113,1.00008887
mnist,proposed,512,791,0.99197433,0.08138786,1.0061209
mnist,proposed,512,792,0.99167492,0.08911896,0.99995822
mnist,proposed,512,793,0.98748396,0.05866558,0.97760385
mnist,proposed,512,794,0.98916271,0.00512268,0.99859508
mnist,proposed,512,795,0.9862828,0.00168183,0.98992372
mnist,proposed,512,796,0.99814613,0.10460831,0.99883171
mnist,proposed,512,797,0.98618046,0.0374285,0.99599843
mnist,proposed,512,798,0.98212869,0.0350803,1.00532226
mnist,proposed,512,799,0.9881031,0.06176758,0.99249386
mnist,proposed,512,800,0.98061871,0.02964133,0.99599233
mnist,proposed,512,801,0.98368234,0.00338704,0.97466867
mnist,proposed,512,802,0.9860664,0.06068248,0.99062286
mnist,proposed,512,803,0.97366783,0.03826445,1.02207831
mnist,proposed,512,804,0.98420983,0.07626726,1.00276227
mnist,proposed,512,805,0.98737408,0.00882,1.00865388
mnist,proposed,512,806,0.98411041,0.02466059,0.99833699
mnist,proposed,512,807,0.999,0.00985917,1.00775458
mnist,proposed,512,808,0.99446801,0.00248949,1.00052321
mnist,proposed,512,809,0.99680365,0.02136955,1.00624869
mnist,proposed,512,810,0.99332707,0.02200187,0.98871151
mnist,proposed,512,811,0.99443123,0.03340175,1.0161105
mnist,proposed,512,812,0.99081235,0.04821902,1.02518318
mnist,proposed,512,813,0.98310444,0.01811715,1.01172577
mnist,proposed,512,814,0.98165608,0.00231352,1.00109387
mnist,proposed,512,815,0.99203378,0.01489732,0.97847362
mnist,proposed,512,816,0.98549055,0.04809786,1.00477861
mnist,proposed,512,817,0.97641465,0.00116247,0.99217532
mnist,proposed,512,818,0.98583228,0.04749941,0.97315778
mnist,proposed,512,819,0.99006085,0.12900357,0.98472929
mnist,proposed,512,820,0.98526312,0.045102,0.98604347
mnist,proposed,512,821,0.98308223,0.05929502,0.98501765
mnist,proposed,512,822,0.99376812,0.09588053,0.99587919
mnist,proposed,512,823,0.97377236,0.06826448,1.01866019
mnist,proposed,512,824,0.98353871,2.35e-05,0.98325184
mnist,proposed,512,825,0.98846887,0.00912032,0.98870516
mnist,proposed,512,826,0.99375907,0.01407111,1.02779972
mnist,proposed,512,827,0.98992932,0.02610742,1.01772039
mnist,proposed,512,828,0.99427937,0.02059125,0.99454509
mnist,proposed,512,829,0.9852233,0.12190128,0.97417511
mnist,proposed,512,830,0.98445518,0.02471494,1.00697835
mnist,proposed,512,831,0.9855434,0.09530325,1.00921514
mnist,proposed,512,832,0.98071571,0.06563045,0.99403423
mnist,proposed,512,833,0.999,0.00599731,0.9971009
mnist,proposed,512,834,0.97763426,0.08873933,1.01991932
mnist,proposed,512,835,0.99194828,0.02582357,1.00705755
mnist,proposed,512,836,0.97859982,0.02689635,1.01472187
mnist,proposed,512,837,0.98347842,0.04794941,0.99446935
mnist,proposed,512,838,0.97341357,0.01749543,1.02420017
mnist,proposed,512,839,0.98594563,0.07125202,0.99521603
mnist,proposed,512,840,0.98619436,0.04370301,1.00389296
mnist,proposed,512,841,0.98822669,0.03470308,1.00198866
mnist,proposed,512,842,0.98059524,0.11591624,1.01090053
mnist,proposed,512,843,0.98126677,0.02453813,0.9945728
mnist,proposed,512,844,0.98979987,0.01338249,1.00523319
mnist,proposed,512,845,0.98501629,0.05319815,0.986232
mnist,proposed,512,846,0.98307197,0.0564735,0.9976994
mnist,proposed,512,847,0.98933643,0.1385381,0.99630068
mnist,proposed,512,848,0.98212304,0.02251038,0.99703884
mnist,proposed,512,849,0.98636035,0.06521189,0.96120537
mnist,proposed,512,850,0.99106205,0.02738451,1.0255059
mnist,proposed,512,851,0.9835852,0.04886151,1.00348308
mnist,proposed,512,852,0.98379491,0.15970981,0.99460486
mnist,proposed,512,853,0.9867389,0.00094028,0.99195869
mnist,proposed,512,854,0.97877223,0.10010626,0.99748164
mnist,proposed,512,855,0.98461972,0.00150437,0.99332364
mnist,proposed,512,856,0.99247041,0.00441399,0.98561392
mnist,proposed,512,857,0.98806903,0.0254327,0.97862792
mnist,proposed,512,858,0.98847226,0.04531032,0.97104837
mnist,proposed,512,859,0.98654538,0.08068311,1.00099041
mnist,proposed,512,860,0.99410483,0.08704408,1.02034087
mnist,proposed,512,861,0.99022949,0.01349079,0.98753452
mnist,proposed,512,862,0.98313077,0.01859341,0.97352779
mnist,proposed,512,863,0.98311306,0.01616395,1.01195619
mnist,proposed,512,864,0.97449602,0.00063273,1.00220179
mnist,proposed,512,865,0.98109864,0.03472934,1.00300557
mnist,proposed,512,866,0.98519185,0.07109778,0.99504736
mnist,proposed,512,867,0.98854083,0.00506679,0.99186075
mnist,proposed,512,868,0.999,0.10582274,1.01708472
mnist,proposed,512,869,0.99208864,0.08412589,0.98619309
mnist,proposed,512,870,0.98821561,0.11485688,0.98981605
mnist,proposed,512,871,0.99310741,0.00875804,1.00249519
mnist,proposed,512,872,0.99248069,0.01171087,1.0142495
mnist,proposed,512,873,0.98351575,0.01317347,1.01482549
mnist,proposed,512,874,0.98939557,0.00425689,1.00087398
mnist,proposed,512,875,0.98619391,0.09945197,1.00214584
mnist,proposed,512,876,0.98379302,0.04951248,1.01772552
mnist,proposed,512,877,0.98706636,0.02761822,0.99183204
mnist,proposed,512,878,0.98660906,0.07214423,0.99760675
mnist,proposed,512,879,0.98974143,0.09627311,1.00489647
mnist,proposed,512,880,0.97695308,0.00233332,1.00299086
mnist,proposed,512,881,0.98724477,0.04244088,1.03324468
mnist,proposed,512,882,0.99062272,0.00519746,0.99102496
mnist,proposed,512,883,0.98738385,0.01870053,0.97560099
mnist,proposed,512,884,0.99185448,0.01447987,0.99812325
mnist,proposed,512,885,0.97450414,0.00980999,0.99410502
mnist,proposed,512,886,0.97998274,0.0846157,0.97307787
mnist,proposed,512,887,0.999,0.08568364,0.99768693
mnist,proposed,512,888,0.99670388,0.03168139,1.00390484
mnist,proposed,512,889,0.98256491,0.03363368,0.99696148
mnist,proposed,512,890,0.97972081,0.0120028,0.9897333
mnist,proposed,512,891,0.98068583,0.04653751,0.99318258
mnist,proposed,512,892,0.98516615,0.00591542,1.0050742
mnist,proposed,512,893,0.999,0.07038823,0.99244014
mnist,proposed,512,894,0.98326032,0.03365126,0.97762089
mnist,proposed,512,895,0.99215168,0.0270365,1.01362028
mnist,proposed,512,896,0.99813921,0.02246316,1.00667355
mnist,proposed,512,897,0.98714721,0.0397761,0.97304903
mnist,proposed,512,898,0.97343308,0.031842,1.01237943
mnist,proposed,512,899,0.99155086,0.0170001,0.97873536
mnist,proposed,512,900,0.99669275,0.05445127,0.99045697
mnist,proposed,512,901,0.97716516,0.04847184,1.01580551
mnist,proposed,512,902,0.98794909,0.04054174,1.00439374
mnist,proposed,512,903,0.9797534,0.00011904,1.00844128
mnist,proposed,512,904,0.98429402,0.06842153,0.97458833
mnist,proposed,512,905,0.98467746,0.04445049,0.98704983
mnist,proposed,512,906,0.99403823,0.00461501,1.00847909
mnist,proposed,512,907,0.98805606,0.00516382,1.00907424
mnist,proposed,512,908,0.99821346,0.06109827,1.01054256
mnist,proposed,512,909,0.99396577,0.01879636,0.98754124
mnist,proposed,512,910,0.98722385,0.0885152,0.97243326
mnist,proposed,512,911,0.98138862,0.01840487,0.98371889
mnist,proposed,512,912,0.99579532,0.05648042,0.9729039
mnist,proposed,512,913,0.99420529,0.13885999,0.9977925
mnist,proposed,512,914,0.98479299,0.08610252,1.01816693
mnist,proposed,512,915,0.99154131,0.05915711,0.99716954
mnist,proposed,512,916,0.99056349,0.0284737,1.01688946
mnist,proposed,512,917,0.9942279,0.00703547,1.02487453
mnist,proposed,512,918,0.98813417,0.01908541,1.01363072
mnist,proposed,512,919,0.9975528,0.01076246,0.99544561
mnist,proposed,512,920,0.98387693,0.03216832,0.99471719
mnist,proposed,512,921,0.98938264,0.07313401,0.9809267
mnist,proposed,512,922,0.999,0.0086116,0.99941907
mnist,proposed,512,923,0.999,0.03628878,1.01236647
mnist,proposed,512,924,0.9801147,0.02585793,1.01526126
mnist,proposed,512,925,0.98649303,0.08212778,0.99015205
mnist,proposed,512,926,0.97694628,0.0383452,1.02241091
mnist,proposed,512,927,0.98319434,0.02083555,1.00456565
mnist,proposed,512,928,0.98973307,0.0696569,0.98413072
mnist,proposed,512,929,0.99330597,0.02429928,0.99608917
mnist,proposed,512,930,0.98629139,0.07586143,0.99025508
mnist,proposed,512,931,0.98980322,0.04722744,1.02632643
mnist,proposed,512,932,0.98927658,0.07553957,1.00175049
mnist,proposed,512,933,0.99587341,0.02949337,1.03305872
mnist,proposed,512,934,0.977124,0.04584438,1.00040563
mnist,proposed,512,935,0.97961698,0.0690048,1.01369538
mnist,proposed,512,936,0.98840345,0.0411313,1.00018938
mnist,proposed,512,937,0.98833865,0.02798146,1.00570682
mnist,proposed,512,938,0.9821291,0.0054981,0.99585348
mnist,proposed,512,939,0.9930167,0.05011066,1.02087505
mnist,proposed,512,940,0.98530883,0.01675564,1.01068471
mnist,proposed,512,941,0.99137778,0.07021167,0.99633196
mnist,proposed,512,942,0.98217175,0.00414179,0.98379123
mnist,proposed,512,943,0.98257572,0.12443623,1.0104105
mnist,proposed,512,944,0.98647611,0.0126799,0.99925923
mnist,proposed,512,945,0.98270079,0.01560472,1.0068701
mnist,proposed,512,946,0.98281231,0.04760521,0.99482981
mnist,proposed,512,947,0.9862014,0.08059361,0.98069812
mnist,proposed,512,948,0.98227245,0.00030563,1.00638448
mnist,proposed,512,949,0.98756028,0.03360728,0.99487411
mnist,proposed,512,950,0.97905552,0.05059885,0.97767437
mnist,proposed,512,951,0.99003091,0.01619984,1.01009406
mnist,proposed,512,952,0.99060454,0.06445312,1.00514025
mnist,proposed,512,953,0.97998108,0.05274685,1.00580498
mnist,proposed,512,954,0.99294356,0.07106101,1.00113399
mnist,proposed,512,955,0.98738177,0.00887694,1.03132726
mnist,proposed,512,956,0.9882233,0.18714264,1.01446014
mnist,proposed,512,957,0.98400842,0.03473667,0.98116939
mnist,proposed,512,958,0.98668238,0.0409657,1.0296249
mnist,proposed,512,959,0.99088803,0.04766445,0.99684326
mnist,proposed,512,960,0.98304215,0.0120799,0.99307766
mnist,proposed,512,961,0.97900153,0.01015116,0.9935685
mnist,proposed,512,962,0.97672018,0.05445473,0.98577817
mnist,proposed,512,963,0.98504149,0.08004322,1.0140439
mnist,proposed,512,964,0.99010215,0.02605496,0.99367049
mnist,proposed,512,965,0.99841715,0.04812304,0.9995273
mnist,proposed,512,966,0.98988304,0.01550268,0.99201744
mnist,proposed,512,967,0.98556322,0.05734015,0.98139092
mnist,proposed,512,968,0.97788344,0.01086975,0.97945661
mnist,proposed,512,969,0.99844956,0.07750394,0.99806207
mnist,proposed,512,970,0.99514566,0.00864503,1.00121706
mnist,proposed,512,971,0.99320923,0.08470059,0.97893514
mnist,proposed,512,972,0.99499999,0.02034976,1.01044374
mnist,proposed,512,973,0.98975576,0.04675282,0.99803386
mnist,proposed,512,974,0.97246809,0.07991277,0.97994393
mnist,proposed,512,975,0.988714,0.06375487,0.98803843
mnist,proposed,512,976,0.99306563,0.00847636,0.98225202
mnist,proposed,512,977,0.98537333,0.08998996,0.98808394
mnist,proposed,512,978,0.98907609,0.03021174,0.9827461
mnist,proposed,512,979,0.9752506,0.03710079,1.00210147
mnist,proposed,512,980,0.98836789,0.03738507,0.99597594
mnist,proposed,512,981,0.99327587,0.00440366,1.0212896
mnist,proposed,512,982,0.99022277,0.02029375,1.00851475
mnist,proposed,512,983,0.999,0.04089755,1.01563892
mnist,proposed,512,984,0.97757741,0.0299012,1.00503791
mnist,proposed,512,985,0.98417939,0.045677,0.99791366
mnist,proposed,512,986,0.97771875,0.02915642,0.99431708
mnist,proposed,512,987,0.9891068,0.01164855,0.98595586
mnist,proposed,512,988,0.99501439,0.04010102,0.99025351
mnist,proposed,512,989,0.99855493,0.06562982,1.01937526
mnist,proposed,512,990,0.98858497,0.05113451,0.98436061
mnist,proposed,512,991,0.98817381,0.01938504,0.98177266
mnist,proposed,512,992,0.99199267,0.02805945,0.98027566
mnist,proposed,512,993,0.98856047,0.10122099,0.96454112
mnist,proposed,512,994,0.98369808,0.01296237,0.98671655
mnist,proposed,512,995,0.97648045,0.03092148,1.01581628
mnist,proposed,512,996,0.98315643,0.05979457,1.01380289
mnist,proposed,512,997,0.98956401,0.05841787,1.00095661
mnist,proposed,512,998,0.99698935,0.06947376,1.00590723
mnist,proposed,512,999,0.98892318,0.03292565,0.97423124
mnist,proposed,1024,0,0.99318102,0.02240868,0.99624331
mnist,proposed,1024,1,0.98931564,0.08364407,1.00770062
mnist,proposed,1024,2,0.99294462,0.09425247,0.98898108
mnist,proposed,1024,3,0.9843746,0.09072769,0.98644992
mnist,proposed,1024,4,0.9971464,0.02169002,0.99424235
mnist,proposed,1024,5,0.99749186,0.07461537,1.00453017
mnist,proposed,1024,6,0.99250829,0.04271806,0.98927529
mnist,proposed,1024,7,0.97880497,0.09947907,1.02575159
mnist,proposed,1024,8,0.98196316,0.01012442,1.01266002
mnist,proposed,1024,9,0.98775585,0.0789561,0.98328522
mnist,proposed,1024,10,0.97924131,0.01267618,1.03065008
mnist,proposed,1024,11,0.99456898,0.01217596,1.00620264
mnist,proposed,1024,12,0.99014207,0.05965467,0.98712073
mnist,proposed,1024,13,0.98611484,0.04132367,1.00456773
mnist,proposed,1024,14,0.99195802,0.08198588,1.0064668
mnist,proposed,1024,15,0.98383725,0.00463763,0.99107706
mnist,proposed,1024,16,0.99194871,0.00016412,1.00556582
mnist,proposed,1024,17,0.98625113,0.02586427,1.03545579
mnist,proposed,1024,18,0.98673072,0.00246698,1.03499414
mnist,proposed,1024,19,0.99245988,0.0390283,1.02238907
mnist,proposed,1024,20,0.97842805,0.05819898,0.97966206
mnist,proposed,1024,21,0.9853759,0.12445026,1.00185496
mnist,proposed,1024,22,0.98256346,0.03112848,0.99681494
mnist,proposed,1024,23,0.98702333,0.09605184,0.97471232
mnist,proposed,1024,24,0.99730107,0.06967777,1.01092533
mnist,proposed,1024,25,0.99349057,0.00841335,1.00518305
mnist,proposed,1024,26,0.97729607,0.04127236,1.01018334
mnist,proposed,1024,27,0.99043675,0.03890071,1.00154916
mnist,proposed,1024,28,0.98156834,0.03896558,1.00913553
mnist,proposed,1024,29,0.99594076,0.06311825,0.97231629
mnist,proposed,1024,30,0.98503628,0.07653828,1.00937051
mnist,proposed,1024,31,0.99732985,0.00110535,1.00627746
mnist,proposed,1024,32,0.98308435,0.01806136,1.0096915
mnist,proposed,1024,33,0.97525656,0.08118289,1.01586295
mnist,proposed,1024,34,0.99452058,0.00476025,0.99830242
mnist,proposed,1024,35,0.9891095,0.08846666,0.97302713
mnist,proposed,1024,36,0.98536724,0.01354329,0.95219325
mnist,proposed,1024,37,0.99892903,0.01587955,1.00276584
mnist,proposed,1024,38,0.98440569,0.00637338,1.01251898
mnist,proposed,1024,39,0.98099765,0.05097337,1.00942925
mnist,proposed,1024,40,0.98654787,0.03356627,0.96895161
mnist,proposed,1024,41,0.99298506,0.00213053,1.01693196
mnist,proposed,1024,42,0.99541802,0.13866941,1.00695453
mnist,proposed,1024,43,0.99290082,0.01050811,1.02018631
mnist,proposed,1024,44,0.98388351,0.01016495,1.0019904
mnist,proposed,1024,45,0.98784702,0.00979291,0.99938226
mnist,proposed,1024,46,0.9822541,0.08881609,1.02352577
mnist,proposed,1024,47,0.979721,0.03267273,1.00492117
mnist,proposed,1024,48,0.99233788,0.01332918,0.9861187
mnist,proposed,1024,49,0.97995674,0.00781887,0.99500754
mnist,proposed,1024,50,0.98904666,0.07898407,1.00241328
mnist,proposed,1024,51,0.98468248,0.07391481,0.98397773
mnist,proposed,1024,52,0.99231351,0.01817916,1.02556249
mnist,proposed,1024,53,0.9907631,0.04547137,1.00015722
mnist,proposed,1024,54,0.97796798,0.05837603,1.00582922
mnist,proposed,1024,55,0.98319802,0.06768834,0.98768062
mnist,proposed,1024,56,0.98978534,0.00030073,1.00205446
mnist,proposed,1024,57,0.98247782,0.01042673,1.01415794
mnist,proposed,1024,58,0.98882793,0.05853566,1.00413479
mnist,proposed,1024,59,0.98261259,0.03081101,0.99957793
mnist,proposed,1024,60,0.98096538,0.02076605,0.97513104
mnist,proposed,1024,61,0.99313418,0.07435547,1.00882204
mnist,proposed,1024,62,0.98128949,0.07640884,0.99599308
mnist,proposed,1024,63,0.98195553,0.0089295,1.03348316
mnist,proposed,1024,64,0.98544189,0.06346384,0.98801383
mnist,proposed,1024,65,0.98259766,0.03415546,1.02130684
mnist,proposed,1024,66,0.98045874,0.07948455,1.01919296
mnist,proposed,1024,67,0.99243686,0.06899457,0.98697638
mnist,proposed,1024,68,0.99082105,0.04601525,1.00033386
mnist,proposed,1024,69,0.98035421,0.0239626,1.01331817
mnist,proposed,1024,70,0.98372748,0.05499265,0.98100893
mnist,proposed,1024,71,0.98807622,0.04644094,0.97893844
mnist,proposed,1024,72,0.9935751,0.0521622,0.96754
mnist,proposed,1024,73,0.98565358,0.0184532,0.98731846
mnist,proposed,1024,74,0.98757597,0.02422418,1.00943796
mnist,proposed,1024,75,0.97894363,0.07313881,0.99317203
mnist,proposed,1024,76,0.99675496,0.03168043,1.00956347
mnist,proposed,1024,77,0.98921219,0.01962797,0.99591662
mnist,proposed,1024,78,0.99396145,0.05672996,1.0128512
mnist,proposed,1024,79,0.99319741,0.07739765,0.98609056
mnist,proposed,1024,80,0.97733128,0.03382894,1.0095417
mnist,proposed,1024,81,0.98856196,0.03702959,1.00228897
mnist,proposed,1024,82,0.98717719,0.01861373,1.00516896
mnist,proposed,1024,83,0.99289389,0.08783782,0.99514148
mnist,proposed,1024,84,0.98643658,0.05626574,0.98020079
mnist,proposed,1024,85,0.97501965,0.11535473,0.99856343
mnist,proposed,1024,86,0.98497219,0.01976055,0.98757541
mnist,proposed,1024,87,0.98684635,0.00904914,1.0242295
mnist,proposed,1024,88,0.9806948,0.04101969,1.00368121
mnist,proposed,1024,89,0.98722904,0.01187875,0.97675182
mnist,proposed,1024,90,0.98935473,0.01988969,1.01666655
mnist,proposed,1024,91,0.99126347,0.0015289,1.01040798
mnist,proposed,1024,92,0.98809602,0.05992099,1.01075641
mnist,proposed,1024,93,0.98200944,0.08363845,0.99949119
mnist,proposed,1024,94,0.97708171,0.02335353,0.99392665
mnist,proposed,1024,95,0.99257541,0.0356295,0.98519973
mnist,proposed,1024,96,0.99356222,0.02510888,0.99930496
mnist,proposed,1024,97,0.98729816,0.05907066,0.99245467
mnist,proposed,1024,98,0.97679909,0.05104442,0.97529194
mnist,proposed,1024,99,0.9840195,0.07549887,1.01084314
mnist,proposed,1024,100,0.98824643,0.01867738,0.99604598
mnist,proposed,1024,101,0.9982923,0.01156535,1.00453922
mnist,proposed,1024,102,0.9862719,0.02722319,0.99213084
mnist,proposed,1024,103,0.99010498,0.02036274,0.9855818
mnist,proposed,1024,104,0.98173712,0.06835282,0.99338295
mnist,proposed,1024,105,0.98767423,0.0777455,0.98341862
mnist,proposed,1024,106,0.99030959,0.0385112,1.0260119
mnist,proposed,1024,107,0.98861657,0.09889435,1.00537956
mnist,proposed,1024,108,0.99066783,0.09367075,0.9917731
mnist,proposed,1024,109,0.98490401,0.03380494,0.96940263
mnist,proposed,1024,110,0.98667103,0.01461905,1.01087882
mnist,proposed,1024,111,0.98306549,0.01088105,1.02197523
mnist,proposed,1024,112,0.99294331,0.00251077,1.00757956
mnist,proposed,1024,113,0.99011336,0.04305118,0.99055697
mnist,proposed,1024,114,0.9855488,0.00321202,1.01317019
mnist,proposed,1024,115,0.98991246,0.04314884,0.9964097
mnist,proposed,1024,116,0.98513757,0.13292041,1.02929765
mnist,proposed,1024,117,0.99770449,0.0127857,1.01020554
mnist,proposed,1024,118,0.98077618,0.01171736,1.0235586
mnist,proposed,1024,119,0.977152,0.04629592,0.99001119
mnist,proposed,1024,120,0.9937275,0.01116461,0.98446736
mnist,proposed,1024,121,0.97794493,0.06791877,1.02575304
mnist,proposed,1024,122,0.98103788,0.00551284,1.01225904
mnist,proposed,1024,123,0.98338105,0.02670574,1.00234888
mnist,proposed,1024,124,0.98319228,0.0005438,1.00374144
mnist,proposed,1024,125,0.96954129,0.12439077,0.98525962
mnist,proposed,1024,126,0.98953247,0.06981291,1.02597201
mnist,proposed,1024,127,0.98586227,0.10573237,0.98610206
mnist,proposed,1024,128,0.98861225,0.01095437,0.99008138
mnist,proposed,1024,129,0.99100699,0.02949034,1.01325403
mnist,proposed,1024,130,0.98814018,0.06124456,1.01544879
mnist,proposed,1024,131,0.98984013,0.07597884,0.97518853
mnist,proposed,1024,132,0.98337626,0.00311359,1.01712813
mnist,proposed,1024,133,0.9864735,0.07641676,1.00210622
mnist,proposed,1024,134,0.98613411,0.00395181,0.99936266
mnist,proposed,1024,135,0.98065719,0.00507669,0.99563411
mnist,proposed,1024,136,0.98298424,0.03976155,0.98437468
mnist,proposed,1024,137,0.98892476,0.05785902,1.00623336
mnist,proposed,1024,138,0.9830614,0.09082667,0.98292216
mnist,proposed,1024,139,0.98179921,0.08110171,0.98145143
mnist,proposed,1024,140,0.98286761,0.02522304,0.97980041
mnist,proposed,1024,141,0.98057226,0.04052346,1.00539499
mnist,proposed,1024,142,0.98381055,0.04306511,0.9941995
mnist,proposed,1024,143,0.99597276,0.034072,0.9981999
mnist,proposed,1024,144,0.9885281,0.00254205,0.9910438
mnist,proposed,1024,145,0.98361699,0.00943184,1.00205673
mnist,proposed,1024,146,0.97705894,0.00889315,1.00633858
mnist,proposed,1024,147,0.9955959,0.00627702,0.98697203
mnist,proposed,1024,148,0.97700881,0.00087958,0.95688273
mnist,proposed,1024,149,0.98574096,0.04046112,1.01467288
mnist,proposed,1024,150,0.98288465,0.05109071,0.97641767
mnist,proposed,1024,151,0.98537441,0.00878184,0.96646677
mnist,proposed,1024,152,0.9924442,0.00552138,1.01050526
mnist,proposed,1024,153,0.98750442,0.00131966,1.01148087
mnist,proposed,1024,154,0.98235209,0.03019521,0.98400906
mnist,proposed,1024,155,0.98414107,0.04345379,1.00546165
mnist,proposed,1024,156,0.98747538,0.00145899,1.02841084
mnist,proposed,1024,157,0.98771436,0.03428012,0.98036728
mnist,proposed,1024,158,0.98838235,0.00108874,1.00345385
mnist,proposed,1024,159,0.98394441,0.01572421,0.99936447
mnist,proposed,1024,160,0.98412834,0.04191897,1.00055429
mnist,proposed,1024,161,0.98691412,0.09688231,0.9685881
mnist,proposed,1024,162,0.99019799,0.03189129,0.98778481
mnist,proposed,1024,163,0.98598018,0.01057481,0.99831336
mnist,proposed,1024,164,0.99069492,0.00586387,0.9826909
mnist,proposed,1024,165,0.98850011,0.03797409,1.0188606
mnist,proposed,1024,166,0.99235759,0.04256006,0.9914034
mnist,proposed,1024,167,0.9877884,0.03416712,0.99098423
mnist,proposed,1024,168,0.99454373,0.04533089,0.99169298
mnist,proposed,1024,169,0.98620091,0.01199323,0.99146502
mnist,proposed,1024,170,0.99085877,0.02443385,0.98978666
mnist,proposed,1024,171,0.98132469,0.01760223,1.0074648
mnist,proposed,1024,172,0.98893635,0.03222453,0.99758627
mnist,proposed,1024,173,0.99672143,0.00063611,1.02244729
mnist,proposed,1024,174,0.97869507,0.09356336,0.97744973
mnist,proposed,1024,175,0.98546749,0.04466205,0.99887616
mnist,proposed,1024,176,0.99714143,0.00614191,1.01110733
mnist,proposed,1024,177,0.99168405,0.06743289,0.98452959
mnist,proposed,1024,178,0.98012422,0.00615709,1.00699361
mnist,proposed,1024,179,0.98465691,0.00492206,0.99648098
mnist,proposed,1024,180,0.99220518,0.06185576,1.01119512
mnist,proposed,1024,181,0.99305406,0.02189163,1.01949033
mnist,proposed,1024,182,0.98590876,0.01814291,1.02912462
mnist,proposed,1024,183,0.99007337,0.03367264,0.98921603
mnist,proposed,1024,184,0.98207157,0.00831351,1.00954299
mnist,proposed,1024,185,0.98511101,0.00958226,0.97508575
mnist,proposed,1024,186,0.98335805,0.07321425,0.99738798
mnist,proposed,1024,187,0.98926237,0.0132126,0.99633123
mnist,proposed,1024,188,0.98345466,0.12709364,1.03069843
mnist,proposed,1024,189,0.98570825,0.03605989,1.01606525
mnist,proposed,1024,190,0.98696352,0.00200738,0.99221029
mnist,proposed,1024,191,0.99617461,0.0295548,1.00251223
mnist,proposed,1024,192,0.99169503,0.0190194,1.01630152
mnist,proposed,1024,193,0.97815394,0.03320093,0.98810859
mnist,proposed,1024,194,0.97702489,0.03905204,1.00525611
mnist,proposed,1024,195,0.99443307,0.04365736,0.99528429
mnist,proposed,1024,196,0.98381758,0.06397028,1.00844871
mnist,proposed,1024,197,0.98613924,0.00102715,0.99868557
mnist,proposed,1024,198,0.99574826,0.00195951,1.02888551
mnist,proposed,1024,199,0.98956586,0.00167218,1.0156238
mnist,proposed,1024,200,0.99334867,0.00606956,1.01410603
mnist,proposed,1024,201,0.98667596,0.02089822,1.01113501
mnist,proposed,1024,202,0.98735764,0.03759366,0.98431809
mnist,proposed,1024,203,0.98658548,0.00890005,1.01093058
mnist,proposed,1024,204,0.98287978,0.00826189,1.00963413
mnist,proposed,1024,205,0.99064846,0.06110438,1.02145301
mnist,proposed,1024,206,0.98754661,0.02776566,1.00068042
mnist,proposed,1024,207,0.99042244,0.08387109,1.01731988
mnist,proposed,1024,208,0.98616662,0.09602303,1.00490235
mnist,proposed,1024,209,0.98379406,0.0710292,0.98091346
mnist,proposed,1024,210,0.98566334,0.03344059,1.01233475
mnist,proposed,1024,211,0.98715024,0.04861975,0.99570315
mnist,proposed,1024,212,0.98132324,0.05393941,1.01556019
mnist,proposed,1024,213,0.97567448,0.14721962,1.00960858
mnist,proposed,1024,214,0.98728507,0.06229409,0.97620079
mnist,proposed,1024,215,0.98467167,0.01481841,1.00098151
mnist,proposed,1024,216,0.99094473,0.02047708,0.99917371
mnist,proposed,1024,217,0.98073108,0.03483635,0.97227486
mnist,proposed,1024,218,0.99464934,0.07067479,0.9873053
mnist,proposed,1024,219,0.98670993,0.05154988,0.98447564
mnist,proposed,1024,220,0.99255584,0.0733567,1.0156482
mnist,proposed,1024,221,0.99019417,0.04567132,1.00203159
mnist,proposed,1024,222,0.98264556,0.09917814,1.01115931
mnist,proposed,1024,223,0.97604983,0.06781707,1.02384321
mnist,proposed,1024,224,0.98541208,0.0215881,1.00636642
mnist,proposed,1024,225,0.97947469,0.01553746,1.02571376
mnist,proposed,1024,226,0.98358178,0.00652885,1.00305851
mnist,proposed,1024,227,0.98620712,0.08597604,1.01520008
mnist,proposed,1024,228,0.98045229,0.01788627,1.01957371
mnist,proposed,1024,229,0.99282134,0.00932619,1.00562492
mnist,proposed,1024,230,0.98022781,0.0669005,1.00545069
mnist,proposed,1024,231,0.98375556,0.01807487,1.00487885
mnist,proposed,1024,232,0.99855583,0.02125037,0.99408682
mnist,proposed,1024,233,0.98162865,0.01728215,0.98973651
mnist,proposed,1024,234,0.97448092,0.01526269,1.00173802
mnist,proposed,1024,235,0.9840445,0.02142232,0.97874628
mnist,proposed,1024,236,0.98677811,0.06532694,1.00404914
mnist,proposed,1024,237,0.999,0.12219179,0.96079022
mnist,proposed,1024,238,0.98953509,0.01625462,0.97626521
mnist,proposed,1024,239,0.99321578,0.05508827,0.99896694
mnist,proposed,1024,240,0.98771339,0.07326691,0.99438781
mnist,proposed,1024,241,0.98200853,0.00066065,0.99612775
mnist,proposed,1024,242,0.98745513,0.10308594,1.00192174
mnist,proposed,1024,243,0.98878889,0.10704086,0.98572641
mnist,proposed,1024,244,0.98950074,0.03121663,1.00408426
mnist,proposed,1024,245,0.98572703,0.00205059,1.00519888
mnist,proposed,1024,246,0.99181588,0.07905262,0.98133217
mnist,proposed,1024,247,0.97998771,0.02912903,1.00808536
mnist,proposed,1024,248,0.99226506,0.0056884,1.0052717
mnist,proposed,1024,249,0.99350206,0.04824948,0.99447476
mnist,proposed,1024,250,0.98795121,0.0578627,0.97897172
mnist,proposed,1024,251,0.97518189,0.00273964,1.01072809
mnist,proposed,1024,252,0.98043447,0.00435956,1.02902803
mnist,proposed,1024,253,0.98020814,0.02602087,1.01954188
mnist,proposed,1024,254,0.98714034,0.02726554,0.9843976
mnist,proposed,1024,255,0.98407638,0.02011807,0.99206472
mnist,proposed,1024,256,0.99589173,0.04479815,1.01948796
mnist,proposed,1024,257,0.99000346,0.05845125,0.9889897
mnist,proposed,1024,258,0.98882723,0.09373718,1.02138143
mnist,proposed,1024,259,0.97972181,0.01945665,0.99629499
mnist,proposed,1024,260,0.98498485,0.03244022,0.99907158
mnist,proposed,1024,261,0.98954973,0.00471071,0.97012797
mnist,proposed,1024,262,0.99193873,0.02898955,0.99943696
mnist,proposed,1024,263,0.98958211,0.0177337,1.01808096
mnist,proposed,1024,264,0.98360886,0.04758894,1.01364459
mnist,proposed,1024,265,0.98359206,0.13008317,1.01218918
mnist,proposed,1024,266,0.99036161,0.10090365,0.98802297
mnist,proposed,1024,267,0.99010416,0.01912332,1.01703346
mnist,proposed,1024,268,0.98612251,0.05935012,1.01142387
mnist,proposed,1024,269,0.98350868,0.04985805,0.98100033
mnist,proposed,1024,270,0.98824456,0.01381916,0.98882801
mnist,proposed,1024,271,0.99676245,0.04716441,1.00056876
mnist,proposed,1024,272,0.987796,0.06472578,0.99902509
mnist,proposed,1024,273,0.98528472,0.0704808,1.01008461
mnist,proposed,1024,274,0.98518383,0.02709194,1.02222464
mnist,proposed,1024,275,0.98353961,0.08129113,1.01417488
mnist,proposed,1024,276,0.98191003,0.02828225,1.00541802
mnist,proposed,1024,277,0.97693453,0.03653987,0.98938209
mnist,proposed,1024,278,0.999,0.00072754,1.00685082
mnist,proposed,1024,279,0.98453119,0.00830739,0.99139648
mnist,proposed,1024,280,0.98434,0.07188438,0.98403311
mnist,proposed,1024,281,0.98887025,0.04037326,1.00758031
mnist,proposed,1024,282,0.99327814,0.00338336,0.99928504
mnist,proposed,1024,283,0.99137913,0.04049495,0.98565197
mnist,proposed,1024,284,0.99157191,0.01086901,1.00227466
mnist,proposed,1024,285,0.97861659,0.02961172,1.01509285
mnist,proposed,1024,286,0.98624229,0.02897428,0.98861963
mnist,proposed,1024,287,0.9824599,0.05772525,0.98945565
mnist,proposed,1024,288,0.98443433,0.11551976,0.98683173
mnist,proposed,1024,289,0.97963957,0.04734279,0.96894867
mnist,proposed,1024,290,0.98187261,0.01115327,1.0406966
mnist,proposed,1024,291,0.9898305,0.01280289,0.97453646
mnist,proposed,1024,292,0.98743895,0.0028939,0.99520396
mnist,proposed,1024,293,0.99472321,0.0358715,1.00473375
mnist,proposed,1024,294,0.98514026,0.0174637,1.01952406
mnist,proposed,1024,295,0.98795272,0.10230911,0.98720118
mnist,proposed,1024,296,0.98303593,0.05405649,1.01886928
mnist,proposed,1024,297,0.97873875,0.0158093,0.95979489
mnist,proposed,1024,298,0.99391589,0.04647429,1.03405604
mnist,proposed,1024,299,0.99292313,0.08932384,1.0100388
mnist,proposed,1024,300,0.97548782,0.04349854,0.99217511
mnist,proposed,1024,301,0.98694226,0.06829936,0.98571526
mnist,proposed,1024,302,0.9817237,0.00681455,1.01271923
mnist,proposed,1024,303,0.98146483,0.02829057,1.04031276
mnist,proposed,1024,304,0.99224998,0.01922888,1.01400431
mnist,proposed,1024,305,0.9856167,0.04319504,0.99894628
mnist,proposed,1024,306,0.98565355,0.07665346,1.00405001
mnist,proposed,1024,307,0.98798042,0.02332144,1.00306131
mnist,proposed,1024,308,0.98432968,0.03487561,0.99697351
mnist,proposed,1024,309,0.97544738,0.03075459,1.02255877
mnist,proposed,1024,310,0.99893583,0.00274166,0.98256773
mnist,proposed,1024,311,0.98092105,0.01292864,1.02327222
mnist,proposed,1024,312,0.99070141,0.05621829,1.03192755
mnist,proposed,1024,313,0.98677112,0.00147454,1.01008698
mnist,proposed,1024,314,0.98070066,0.02080892,0.97743482
mnist,proposed,1024,315,0.98890448,0.10005018,0.99474785
mnist,proposed,1024,316,0.98924895,0.03458153,0.9847911
mnist,proposed,1024,317,0.97896608,0.06824201,0.98815395
mnist,proposed,1024,318,0.99586173,0.05475621,0.98996917
mnist,proposed,1024,319,0.9845497,0.15041894,0.98553744
mnist,proposed,1024,320,0.98974138,0.06376254,0.99093671
mnist,proposed,1024,321,0.98766399,0.009702,1.0117735
mnist,proposed,1024,322,0.99467244,0.0204787,1.02552468
mnist,proposed,1024,323,0.98644027,0.01597098,0.99045773
mnist,proposed,1024,324,0.97947148,0.02432417,0.99957082
mnist,proposed,1024,325,0.99682381,0.02521724,1.03043703
mnist,proposed,1024,326,0.98506762,0.0835111,1.00014421
mnist,proposed,1024,327,0.98609916,0.06946367,0.98312239
mnist,proposed,1024,328,0.99312434,0.04184844,0.98726047
mnist,proposed,1024,329,0.99079964,0.02341243,1.01406145
mnist,proposed,1024,330,0.9909951,0.10357031,1.00363107
mnist,proposed,1024,331,0.98348973,0.07398137,1.00342347
mnist,proposed,1024,332,0.98960545,0.00974223,1.03182021
mnist,proposed,1024,333,0.98566478,0.07082476,0.98203542
mnist,proposed,1024,334,0.99331406,0.01133832,0.98329927
mnist,proposed,1024,335,0.97941745,0.03023363,1.00288615
mnist,proposed,1024,336,0.98836622,0.01960379,0.9855018
mnist,proposed,1024,337,0.98385895,0.09441313,1.01842404
mnist,proposed,1024,338,0.99232873,0.02564016,1.01627562
mnist,proposed,1024,339,0.98877049,0.03477201,0.99915172
mnist,proposed,1024,340,0.98538752,0.00667378,1.01507417
mnist,proposed,1024,341,0.99504897,0.05922175,1.00820854
mnist,proposed,1024,342,0.98943049,0.04269421,1.00605481
mnist,proposed,1024,343,0.98494635,0.00086458,1.00137572
mnist,proposed,1024,344,0.97943647,0.04873424,1.02999232
mnist,proposed,1024,345,0.98488248,0.01958589,1.00355948
mnist,proposed,1024,346,0.99143382,0.03079013,0.99829363
mnist,proposed,1024,347,0.98203764,0.01126512,1.01149791
mnist,proposed,1024,348,0.97728761,0.03486052,1.01509981
mnist,proposed,1024,349,0.98896198,0.02432447,1.01371425
mnist,proposed,1024,350,0.98128255,0.00185052,0.99856536
mnist,proposed,1024,351,0.98721368,0.02709718,0.99524826
mnist,proposed,1024,352,0.98913447,0.13350246,1.01057919
mnist,proposed,1024,353,0.9840212,0.09386098,1.02778513
mnist,proposed,1024,354,0.98784245,0.02918713,0.9842195
mnist,proposed,1024,355,0.99275434,0.05164019,0.98298531
mnist,proposed,1024,356,0.98401554,0.04553325,0.98753563
mnist,proposed,1024,357,0.98599109,0.04904921,0.9774124
mnist,proposed,1024,358,0.98505452,0.01494193,1.01110345
mnist,proposed,1024,359,0.98723698,0.09279876,0.99172777
mnist,proposed,1024,360,0.99101563,0.01443633,1.00184656
mnist,proposed,1024,361,0.98769944,0.05418536,0.98245429
mnist,proposed,1024,362,0.98667597,0.06183941,0.99107722
mnist,proposed,1024,363,0.99387764,0.00110239,0.98793358
mnist,proposed,1024,364,0.98388128,0.06285087,1.02532162
mnist,proposed,1024,365,0.99045127,0.01113982,1.00819201
mnist,proposed,1024,366,0.9875737,0.02046615,0.990257
mnist,proposed,1024,367,0.98835098,0.00394563,1.01449588
mnist,proposed,1024,368,0.98797868,0.02528991,1.02047493
mnist,proposed,1024,369,0.98984571,0.00945148,1.0008117
mnist,proposed,1024,370,0.97710199,0.00230206,1.00010349
mnist,proposed,1024,371,0.99059393,0.04637473,1.01833856
mnist,proposed,1024,372,0.98915026,0.02243142,1.00890788
mnist,proposed,1024,373,0.98259812,0.01201394,1.01272399
mnist,proposed,1024,374,0.99488669,0.04165433,1.00451237
mnist,proposed,1024,375,0.97820054,0.01198244,0.98342732
mnist,proposed,1024,376,0.98608091,0.0256362,1.00074959
mnist,proposed,1024,377,0.99044176,0.08033809,0.99083462
mnist,proposed,1024,378,0.98031849,0.00640741,1.00881598
mnist,proposed,1024,379,0.9818836,0.06654894,1.00190209
mnist,proposed,1024,380,0.98979669,0.0619334,0.99240245
mnist,proposed,1024,381,0.99289234,0.04667178,0.9932411
mnist,proposed,1024,382,0.98490662,0.03678018,1.00173666
mnist,proposed,1024,383,0.9910984,0.07615769,0.98818857
mnist,proposed,1024,384,0.99379284,0.00056966,1.00542889
mnist,proposed,1024,385,0.9824442,0.02212933,1.02629744
mnist,proposed,1024,386,0.99426372,0.1065797,0.99999537
mnist,proposed,1024,387,0.98901638,0.08814693,0.97225114
mnist,proposed,1024,388,0.98668835,0.01616241,0.98938627
mnist,proposed,1024,389,0.98940169,0.02343126,0.99928903
mnist,proposed,1024,390,0.98290796,0.02967455,0.97313653
mnist,proposed,1024,391,0.98868796,0.02667005,0.9852024
mnist,proposed,1024,392,0.98925995,0.06753184,1.02110578
mnist,proposed,1024,393,0.9842058,0.01155902,1.01106178
mnist,proposed,1024,394,0.97428613,0.03655012,1.00397613
mnist,proposed,1024,395,0.98350019,0.04953687,1.02514439
mnist,proposed,1024,396,0.99786513,0.03018648,1.00446039
mnist,proposed,1024,397,0.99244069,0.02880867,0.97860544
mnist,proposed,1024,398,0.99131539,0.01715764,0.99599412
mnist,proposed,1024,399,0.98663292,0.09480517,1.00530926
mnist,proposed,1024,400,0.98595251,0.02272596,0.99341121
mnist,proposed,1024,401,0.99578129,0.04944273,1.03514934
mnist,proposed,1024,402,0.98973716,0.02376578,1.00899433
mnist,proposed,1024,403,0.97403719,0.04059598,0.99615956
mnist,proposed,1024,404,0.98577428,0.01140478,1.01344314
mnist,proposed,1024,405,0.98107926,0.04907226,1.01385156
mnist,proposed,1024,406,0.99437125,0.02805149,1.01983236
mnist,proposed,1024,407,0.98756846,0.11335426,1.00656294
mnist,proposed,1024,408,0.98761602,0.05106492,1.01565909
mnist,proposed,1024,409,0.9935253,0.01089013,1.00619802
mnist,proposed,1024,410,0.98039807,0.02378701,1.00732137
mnist,proposed,1024,411,0.97963033,0.03268158,0.98999391
mnist,proposed,1024,412,0.98553959,0.03019482,0.98111662
mnist,proposed,1024,413,0.98443467,0.00518986,1.00306875
mnist,proposed,1024,414,0.98623379,0.03353259,1.00140413
mnist,proposed,1024,415,0.98838615,0.02318365,0.99549552
mnist,proposed,1024,416,0.98602532,0.06399339,1.02095388
mnist,proposed,1024,417,0.9936536,0.08301785,1.02133414
mnist,proposed,1024,418,0.99739628,0.0670952,1.00639866
mnist,proposed,1024,419,0.98392412,0.09366828,0.9771582
mnist,proposed,1024,420,0.98649321,0.01199555,0.99711152
mnist,proposed,1024,421,0.98810252,0.01316586,1.04090134
mnist,proposed,1024,422,0.97635327,0.01902099,0.99028963
mnist,proposed,1024,423,0.98878665,0.09308314,0.98762325
mnist,proposed,1024,424,0.97725804,0.04622092,1.00006877
mnist,proposed,1024,425,0.98109419,0.07989452,1.01842942
mnist,proposed,1024,426,0.99594843,0.06168659,1.01147726
mnist,proposed,1024,427,0.98201392,0.06353209,1.00054127
mnist,proposed,1024,428,0.99152687,0.11881126,1.01753524
mnist,proposed,1024,429,0.999,0.06138451,1.02073331
mnist,proposed,1024,430,0.98676675,0.09352092,0.99436723
mnist,proposed,1024,431,0.98945463,0.06882257,0.98564108
mnist,proposed,1024,432,0.98903394,0.05596257,1.01055097
mnist,proposed,1024,433,0.9857132,0.04402267,1.00152096
mnist,proposed,1024,434,0.99009554,0.01805943,1.02676359
mnist,proposed,1024,435,0.98743248,0.04658363,0.97504731
mnist,proposed,1024,436,0.97814289,0.0154068,0.98764058
mnist,proposed,1024,437,0.9859677,0.03089964,0.99389985
mnist,proposed,1024,438,0.99804264,0.00998315,0.98329054
mnist,proposed,1024,439,0.97729043,0.06295656,1.00317825
mnist,proposed,1024,440,0.98645574,0.01730381,0.97791798
mnist,proposed,1024,441,0.98361101,0.07312511,1.01323879
mnist,proposed,1024,442,0.99173489,0.03288698,0.99121582
mnist,proposed,1024,443,0.98023464,0.0135829,1.00624788
mnist,proposed,1024,444,0.99473558,0.02482196,1.00178915
mnist,proposed,1024,445,0.98677259,0.01205919,0.99824898
mnist,proposed,1024,446,0.98786878,0.10318501,1.0008734
mnist,proposed,1024,447,0.9891025,0.00101676,1.00193619
mnist,proposed,1024,448,0.99779616,0.01837564,1.0013531
mnist,proposed,1024,449,0.98767453,0.02488926,1.01416121
mnist,proposed,1024,450,0.98065883,0.0226785,1.00253385
mnist,proposed,1024,451,0.999,0.02771398,1.00346772
mnist,proposed,1024,452,0.99652659,0.07270093,1.01158037
mnist,proposed,1024,453,0.99501751,0.06878445,1.02898395
mnist,proposed,1024,454,0.98170473,0.0815945,0.99066708
mnist,proposed,1024,455,0.98502268,0.11080396,1.00492748
mnist,proposed,1024,456,0.99317475,0.00425614,1.00139562
mnist,proposed,1024,457,0.9856988,0.03599271,1.00293421
mnist,proposed,1024,458,0.98863798,0.06502575,1.01166812
mnist,proposed,1024,459,0.999,0.046071,0.99225941
mnist,proposed,1024,460,0.98540793,0.00546508,1.00302618
mnist,proposed,1024,461,0.99238088,0.02406112,0.99500671
mnist,proposed,1024,462,0.98688927,0.07941893,1.04118396
mnist,proposed,1024,463,0.98823624,0.04459762,0.9725093
mnist,proposed,1024,464,0.97893683,0.02601998,0.98768216
mnist,proposed,1024,465,0.98443536,0.03921331,1.01525701
mnist,proposed,1024,466,0.99046557,0.05801283,1.01846547
mnist,proposed,1024,467,0.99034569,0.0094257,1.00161343
mnist,proposed,1024,468,0.98758232,0.01613875,0.98010544
mnist,proposed,1024,469,0.9848155,0.01593467,0.99552077
mnist,proposed,1024,470,0.98525187,0.01286036,1.0232685
mnist,proposed,1024,471,0.99168789,0.05113621,0.99506264
mnist,proposed,1024,472,0.9849051,0.07873689,1.02666808
mnist,proposed,1024,473,0.99007067,0.05022242,1.01647599
mnist,proposed,1024,474,0.98924955,0.14868398,0.99315705
mnist,proposed,1024,475,0.98819551,0.0087948,1.00152377
mnist,proposed,1024,476,0.98695098,0.01935297,1.00700987
mnist,proposed,1024,477,0.999,0.00488157,0.96967466
mnist,proposed,1024,478,0.99457946,0.07202204,1.00844755
mnist,proposed,1024,479,0.99304706,0.01936742,1.01830914
mnist,proposed,1024,480,0.97439989,0.04811987,1.0265272
mnist,proposed,1024,481,0.98567034,0.00376503,1.00397701
mnist,proposed,1024,482,0.9890536,0.01085141,0.99996481
mnist,proposed,1024,483,0.98460938,0.01933753,1.0259564
mnist,proposed,1024,484,0.99021449,0.01267785,0.97834368
mnist,proposed,1024,485,0.98556607,0.06888928,0.97578531
mnist,proposed,1024,486,0.98636461,0.06235055,0.98582261
mnist,proposed,1024,487,0.99289928,0.01195718,1.01199525
mnist,proposed,1024,488,0.99230955,0.00871962,0.99809622
mnist,proposed,1024,489,0.98451183,0.08628747,0.98447809
mnist,proposed,1024,490,0.98269956,0.00365673,0.9932207
mnist,proposed,1024,491,0.98515126,0.02732868,1.00929083
mnist,proposed,1024,492,0.98576122,0.01897856,0.98471062
mnist,proposed,1024,493,0.98957237,0.00645348,0.98136642
mnist,proposed,1024,494,0.99466,0.00918137,0.99214258
mnist,proposed,1024,495,0.98380625,0.02370674,0.98276761
mnist,proposed,1024,496,0.98620336,0.07792937,1.00998517
mnist,proposed,1024,497,0.999,0.02392699,1.01945662
mnist,proposed,1024,498,0.99250213,0.01549825,1.00645599
mnist,proposed,1024,499,0.98890357,0.01104608,1.01531782
mnist,proposed,1024,500,0.99003137,0.01633049,0.98424502
mnist,proposed,1024,501,0.98793406,0.01519058,0.99398649
mnist,proposed,1024,502,0.97081359,0.0286384,1.01243265
mnist,proposed,1024,503,0.98819769,0.00426595,0.97513314
mnist,proposed,1024,504,0.98767106,0.00343145,0.9975889
mnist,proposed,1024,505,0.98964138,0.02150809,1.00809578
mnist,proposed,1024,506,0.999,0.05305156,0.9981504
mnist,proposed,1024,507,0.98008993,0.08422044,0.97873774
mnist,proposed,1024,508,0.98916829,0.0597473,0.97647538
mnist,proposed,1024,509,0.98325953,0.07010487,1.01080003
mnist,proposed,1024,510,0.98137333,0.05079056,1.02038375
mnist,proposed,1024,511,0.9843328,0.03621319,1.01473087
mnist,proposed,1024,512,0.99063637,0.0731432,1.01371651
mnist,proposed,1024,513,0.98626297,0.00674082,0.99219583
mnist,proposed,1024,514,0.98348661,0.00932866,0.9918696
mnist,proposed,1024,515,0.9832548,0.08679224,1.01028151
mnist,proposed,1024,516,0.98651445,0.08358685,0.98488404
mnist,proposed,1024,517,0.98445396,0.02268729,0.99530656
mnist,proposed,1024,518,0.98873815,0.05210214,0.99693987
mnist,proposed,1024,519,0.99600763,0.0120053,0.99807516
mnist,proposed,1024,520,0.98611256,0.08085661,0.97532236
mnist,proposed,1024,521,0.98504644,0.01927086,0.95534203
mnist,proposed,1024,522,0.99853976,0.04564522,0.98964262
mnist,proposed,1024,523,0.98198596,0.05920472,1.00858073
mnist,proposed,1024,524,0.98935079,0.03301503,1.01628336
mnist,proposed,1024,525,0.99775156,0.01997021,1.00622254
mnist,proposed,1024,526,0.98917292,0.02346198,0.99920697
mnist,proposed,1024,527,0.97988725,0.00929892,0.99826968
mnist,proposed,1024,528,0.98850049,0.08298113,0.99230439
mnist,proposed,1024,529,0.9905099,0.01680314,0.99038373
mnist,proposed,1024,530,0.97810908,0.03994997,0.96693774
mnist,proposed,1024,531,0.99249518,0.0524992,0.99044523
mnist,proposed,1024,532,0.98720799,0.04397935,1.01175462
mnist,proposed,1024,533,0.99388829,0.00225256,0.99650499
mnist,proposed,1024,534,0.98128865,0.02555275,0.99329037
mnist,proposed,1024,535,0.9941227,0.00013351,1.00495814
mnist,proposed,1024,536,0.99082556,0.02197792,1.01223145
mnist,proposed,1024,537,0.97640116,0.02446294,0.98874143
mnist,proposed,1024,538,0.97553627,0.00812677,0.9984586
mnist,proposed,1024,539,0.98356848,0.00203393,0.99293767
mnist,proposed,1024,540,0.97591642,0.0841834,1.00896113
mnist,proposed,1024,541,0.9929372,0.07838319,1.00909413
mnist,proposed,1024,542,0.98782594,0.0050136,1.02880416
mnist,proposed,1024,543,0.9870323,0.04022182,1.00728805
mnist,proposed,1024,544,0.98665372,0.07244214,1.03108967
mnist,proposed,1024,545,0.9879825,0.0305645,0.99845396
mnist,proposed,1024,546,0.98190826,0.05316013,1.01407026
mnist,proposed,1024,547,0.98079437,0.012331,0.98415013
mnist,proposed,1024,548,0.98670638,0.01444065,0.98393668
mnist,proposed,1024,549,0.98180982,0.01738574,0.98752258
mnist,proposed,1024,550,0.97978865,0.02092634,1.00403
mnist,proposed,1024,551,0.9900441,0.01149012,1.00610766
mnist,proposed,1024,552,0.98132218,0.0495606,1.0099541
mnist,proposed,1024,553,0.99614392,0.0002835,0.9932776
mnist,proposed,1024,554,0.98211224,0.07465666,0.98757964
mnist,proposed,1024,555,0.98393556,0.02885348,1.00636417
mnist,proposed,1024,556,0.98306772,0.04391424,0.99265314
mnist,proposed,1024,557,0.98931296,0.01946535,1.00481717
mnist,proposed,1024,558,0.97541396,0.01962553,0.98225197
mnist,proposed,1024,559,0.98989751,0.04140962,1.00541634
mnist,proposed,1024,560,0.98699282,0.0352306,0.98658821
mnist,proposed,1024,561,0.9826252,0.01902088,0.98649113
mnist,proposed,1024,562,0.98685917,0.09549829,0.99746218
mnist,proposed,1024,563,0.999,0.03431931,1.00343198
mnist,proposed,1024,564,0.9875771,0.09131794,0.98212672
mnist,proposed,1024,565,0.98773838,0.00129366,0.98105894
mnist,proposed,1024,566,0.98805007,0.02982841,1.01847631
mnist,proposed,1024,567,0.98819985,0.00656912,1.00365663
mnist,proposed,1024,568,0.98805408,0.01798386,0.97417965
mnist,proposed,1024,569,0.99075079,0.00695881,1.0142887
mnist,proposed,1024,570,0.98104809,0.0128166,0.98055135
mnist,proposed,1024,571,0.98412501,0.02947176,1.00594779
mnist,proposed,1024,572,0.98514956,0.02655372,1.0071883
mnist,proposed,1024,573,0.9800603,0.09000173,1.01596845
mnist,proposed,1024,574,0.97823299,0.01105466,1.00046307
mnist,proposed,1024,575,0.99063811,0.04155963,0.95228267
mnist,proposed,1024,576,0.98935029,0.03687635,0.98720436
mnist,proposed,1024,577,0.98811018,0.05437458,1.00479432
mnist,proposed,1024,578,0.99090035,0.02839606,0.998519
mnist,proposed,1024,579,0.9872484,0.0809645,1.03652572
mnist,proposed,1024,580,0.98037445,0.09316435,0.99843318
mnist,proposed,1024,581,0.97844749,0.02168729,0.97762665
mnist,proposed,1024,582,0.98961949,0.04266738,1.0247482
mnist,proposed,1024,583,0.98375975,0.02434888,0.98224682
mnist,proposed,1024,584,0.97845266,0.09634124,0.98227831
mnist,proposed,1024,585,0.97911019,0.01239271,0.99935373
mnist,proposed,1024,586,0.98819394,0.13140618,0.98970419
mnist,proposed,1024,587,0.99241346,0.07878764,1.01494581
mnist,proposed,1024,588,0.98796528,0.07372903,0.98483568
mnist,proposed,1024,589,0.98635785,0.0247653,0.99969759
mnist,proposed,1024,590,0.98638917,0.10295569,1.00404209
mnist,proposed,1024,591,0.98924173,0.0139658,0.99514577
mnist,proposed,1024,592,0.99435489,0.07840744,0.99430326
mnist,proposed,1024,593,0.98952814,0.08699805,0.98622347
mnist,proposed,1024,594,0.99376869,0.02991649,1.01585995
mnist,proposed,1024,595,0.98609474,0.03995736,0.9998672
mnist,proposed,1024,596,0.97753307,0.03549989,0.99235209
mnist,proposed,1024,597,0.98639118,0.02528115,0.95676991
mnist,proposed,1024,598,0.99270833,0.01569402,0.97872151
mnist,proposed,1024,599,0.9974769,0.00245197,0.9992345
mnist,proposed,1024,600,0.98876171,0.05998741,1.03168168
mnist,proposed,1024,601,0.97522752,0.0188452,1.00933677
mnist,proposed,1024,602,0.99436525,0.02194895,1.0228809
mnist,proposed,1024,603,0.99143639,0.01729432,0.98633557
mnist,proposed,1024,604,0.98643492,0.13698243,0.99152798
mnist,proposed,1024,605,0.98556404,0.06291507,1.02708041
mnist,proposed,1024,606,0.97668816,0.0363537,0.99739406
mnist,proposed,1024,607,0.98655397,0.01278591,1.00803163
mnist,proposed,1024,608,0.97852913,0.06949293,1.0110473
mnist,proposed,1024,609,0.99316614,0.00830392,0.98465161
mnist,proposed,1024,610,0.99200521,0.05218617,1.01023694
mnist,proposed,1024,611,0.98431304,0.0031574,1.00076804
mnist,proposed,1024,612,0.979115,0.0189798,0.99591851
mnist,proposed,1024,613,0.99032427,0.02669059,1.00981196
mnist,proposed,1024,614,0.98317652,0.06008526,1.00733575
mnist,proposed,1024,615,0.9833553,0.00591441,0.97163473
mnist,proposed,1024,616,0.98832516,0.02315787,1.00039414
mnist,proposed,1024,617,0.98230826,0.01824778,0.99340798
mnist,proposed,1024,618,0.98709236,0.04751712,1.01487307
mnist,proposed,1024,619,0.98100812,0.01262387,0.99594255
mnist,proposed,1024,620,0.9848304,0.08904828,0.96912247
mnist,proposed,1024,621,0.98011777,0.01724739,0.99884531
mnist,proposed,1024,622,0.9793768,0.00760794,1.01435502
mnist,proposed,1024,623,0.98298904,0.05568567,0.9885051
mnist,proposed,1024,624,0.99774663,0.01743474,0.99250776
mnist,proposed,1024,625,0.97992165,0.07650062,0.99004013
mnist,proposed,1024,626,0.99358486,0.03028875,1.01399549
mnist,proposed,1024,627,0.99130738,0.04347256,1.01087497
mnist,proposed,1024,628,0.98229901,0.05074348,1.01817004
mnist,proposed,1024,629,0.99010111,0.04196255,1.01081281
mnist,proposed,1024,630,0.98728766,0.03797174,0.97578764
mnist,proposed,1024,631,0.98742067,0.07629908,1.00382061
mnist,proposed,1024,632,0.98823085,0.02883573,1.00091062
mnist,proposed,1024,633,0.98562886,0.05575161,0.98297703
mnist,proposed,1024,634,0.9931187,0.06497199,0.9992862
mnist,proposed,1024,635,0.98858586,0.02327027,1.01200844
mnist,proposed,1024,636,0.98002239,0.02511047,0.97466459
mnist,proposed,1024,637,0.986938,0.00913557,0.99641333
mnist,proposed,1024,638,0.99259604,0.01240104,0.9743535
mnist,proposed,1024,639,0.99586539,0.01300421,1.01493191
mnist,proposed,1024,640,0.98464986,0.03219051,1.01916501
mnist,proposed,1024,641,0.96720234,0.01646233,0.98067103
mnist,proposed,1024,642,0.983224,0.08426362,1.00569313
mnist,proposed,1024,643,0.98522552,0.01851092,0.99834648
mnist,proposed,1024,644,0.98657557,0.07974426,1.00193013
mnist,proposed,1024,645,0.99523506,0.04154905,1.00412405
mnist,proposed,1024,646,0.99701324,0.07325481,0.99695257
mnist,proposed,1024,647,0.99538131,0.04489956,1.00365036
mnist,proposed,1024,648,0.99258059,0.02905382,0.99546888
mnist,proposed,1024,649,0.999,0.00051381,1.00651931
mnist,proposed,1024,650,0.98695268,0.03563074,0.99504623
mnist,proposed,1024,651,0.97405645,0.03896758,0.98777561
mnist,proposed,1024,652,0.98739982,0.04332019,1.01417094
mnist,proposed,1024,653,0.98584423,0.05891717,0.98844708
mnist,proposed,1024,654,0.97999079,0.00747974,0.99346466
mnist,proposed,1024,655,0.99769354,0.08790027,1.00847783
mnist,proposed,1024,656,0.98667567,0.00124244,0.98003996
mnist,proposed,1024,657,0.98500119,0.003566,0.99509243
mnist,proposed,1024,658,0.98846455,0.02641265,0.9913745
mnist,proposed,1024,659,0.99609972,0.04961318,1.01182093
mnist,proposed,1024,660,0.98515767,0.06982021,0.99481476
mnist,proposed,1024,661,0.99082667,0.03308988,0.99850174
mnist,proposed,1024,662,0.9830964,0.03535261,0.9917024
mnist,proposed,1024,663,0.98069323,0.04992897,1.00516822
mnist,proposed,1024,664,0.99346113,0.00919856,1.00566004
mnist,proposed,1024,665,0.98629495,0.00873574,0.99016304
mnist,proposed,1024,666,0.97792247,0.00621342,1.00279723
mnist,proposed,1024,667,0.98883126,0.00695303,0.99898815
mnist,proposed,1024,668,0.99367539,0.05350223,0.99387423
mnist,proposed,1024,669,0.98097898,0.05524272,0.99026441
mnist,proposed,1024,670,0.98625438,0.07374077,1.03336932
mnist,proposed,1024,671,0.99535595,0.15768022,0.98901892
mnist,proposed,1024,672,0.98379345,0.02588638,0.99717657
mnist,proposed,1024,673,0.98207236,0.08130185,0.99979643
mnist,proposed,1024,674,0.98342642,0.04387971,1.02225807
mnist,proposed,1024,675,0.97524776,0.06728228,0.98197201
mnist,proposed,1024,676,0.98671317,0.00677645,0.97936703
mnist,proposed,1024,677,0.98807189,0.00649634,1.00009779
mnist,proposed,1024,678,0.9734936,0.09081398,1.02447312
mnist,proposed,1024,679,0.98430466,0.07126091,0.98032885
mnist,proposed,1024,680,0.99109601,0.06696433,0.97384349
mnist,proposed,1024,681,0.99079621,0.01013342,1.01615262
mnist,proposed,1024,682,0.99534804,0.04181431,1.02183132
mnist,proposed,1024,683,0.99478932,0.03217068,1.02843653
mnist,proposed,1024,684,0.9859309,0.0194395,0.98240439
mnist,proposed,1024,685,0.98134201,0.0597659,0.99135494
mnist,proposed,1024,686,0.99438681,0.06988984,0.99006358
mnist,proposed,1024,687,0.99562192,0.05240433,0.99960693
mnist,proposed,1024,688,0.99293985,0.00658769,1.00659065
mnist,proposed,1024,689,0.98346203,0.05257044,1.00255524
mnist,proposed,1024,690,0.98798196,0.13727622,0.98975923
mnist,proposed,1024,691,0.98867354,0.06203309,1.00028142
mnist,proposed,1024,692,0.98676597,0.05317734,0.98946711
mnist,proposed,1024,693,0.97349125,0.01565587,1.01176689
mnist,proposed,1024,694,0.98571717,0.07074936,1.0082175
mnist,proposed,1024,695,0.98167146,0.03247686,0.97302274
mnist,proposed,1024,696,0.9840155,0.02918074,0.9820058
mnist,proposed,1024,697,0.98569344,0.04493137,1.01336785
mnist,proposed,1024,698,0.9932256,0.01760637,1.0166769
mnist,proposed,1024,699,0.98400697,0.15312086,1.02076248
mnist,proposed,1024,700,0.98344789,0.02124168,0.98998492
mnist,proposed,1024,701,0.99366624,0.06975614,1.01182885
mnist,proposed,1024,702,0.98049002,0.02249388,1.01499362
mnist,proposed,1024,703,0.98132691,0.03901838,1.00138166
mnist,proposed,1024,704,0.98843176,0.00614047,1.01330691
mnist,proposed,1024,705,0.9855688,0.01691823,0.99162249
mnist,proposed,1024,706,0.98699142,0.0316321,1.00028043
mnist,proposed,1024,707,0.97961249,0.05840649,0.99480409
mnist,proposed,1024,708,0.99262325,0.03273156,1.02989864
mnist,proposed,1024,709,0.98890076,0.03159225,1.0159647
mnist,proposed,1024,710,0.98253755,0.02033041,1.00957171
mnist,proposed,1024,711,0.98572278,0.07657946,0.98777914
mnist,proposed,1024,712,0.98792217,0.02240012,0.99403444
mnist,proposed,1024,713,0.97623597,0.01623295,1.00337214
mnist,proposed,1024,714,0.98604951,0.04059742,1.00114372
mnist,proposed,1024,715,0.9848864,0.09505533,0.99244023
mnist,proposed,1024,716,0.98257269,0.036898,1.01391452
mnist,proposed,1024,717,0.989443,0.02614783,1.00068387
mnist,proposed,1024,718,0.99353556,0.06214996,1.01173089
mnist,proposed,1024,719,0.97094161,0.04378986,0.99909743
mnist,proposed,1024,720,0.98321346,0.00590817,0.9844478
mnist,proposed,1024,721,0.98012617,0.03384914,0.97505505
mnist,proposed,1024,722,0.98694873,0.05917259,1.01988579
mnist,proposed,1024,723,0.98528738,0.01280715,1.01333054
mnist,proposed,1024,724,0.99226023,0.02817256,0.98776682
mnist,proposed,1024,725,0.97936316,0.05919911,0.99032493
mnist,proposed,1024,726,0.98366504,0.00647505,0.98785223
mnist,proposed,1024,727,0.9825605,0.08872388,0.97561272
mnist,proposed,1024,728,0.98997404,0.04463026,0.99371624
mnist,proposed,1024,729,0.99615265,0.00196522,0.98570414
mnist,proposed,1024,730,0.97793533,0.00232242,0.9869193
mnist,proposed,1024,731,0.98289393,0.0183792,0.97921993
mnist,proposed,1024,732,0.98464067,0.0008497,1.01363443
mnist,proposed,1024,733,0.99026372,0.07172465,0.96851899
mnist,proposed,1024,734,0.97950175,0.02060031,0.99376778
mnist,proposed,1024,735,0.97905012,0.01602468,0.99913334
mnist,proposed,1024,736,0.99326261,0.01211261,1.01068932
mnist,proposed,1024,737,0.99319338,0.09412979,1.0240978
mnist,proposed,1024,738,0.99297421,0.01191844,0.99702859
mnist,proposed,1024,739,0.98921979,0.03338599,1.01605789
mnist,proposed,1024,740,0.98647958,0.02997468,1.00396264
mnist,proposed,1024,741,0.99654577,0.04744675,1.02202317
mnist,proposed,1024,742,0.99608413,0.00302612,0.99897367
mnist,proposed,1024,743,0.99376473,0.02715314,0.99932914
mnist,proposed,1024,744,0.98586115,0.017131,1.00351297
mnist,proposed,1024,745,0.97966632,0.00872073,1.0183429
mnist,proposed,1024,746,0.9902321,0.06966187,1.01466898
mnist,proposed,1024,747,0.99139647,0.02366706,0.99515608
mnist,proposed,1024,748,0.98719586,0.00553688,1.00917605
mnist,proposed,1024,749,0.98400245,0.06171537,1.02139073
mnist,proposed,1024,750,0.98941452,0.08838643,0.99529306
mnist,proposed,1024,751,0.98549508,0.03808412,1.00923308
mnist,proposed,1024,752,0.9867211,0.05211826,0.99816914
mnist,proposed,1024,753,0.98413455,0.08995712,0.98018618
mnist,proposed,1024,754,0.98216626,0.01921815,0.99541928
mnist,proposed,1024,755,0.99034769,0.03776557,1.00091607
mnist,proposed,1024,756,0.97966421,0.08118426,1.00625144
mnist,proposed,1024,757,0.98159674,0.07045176,0.98864441
mnist,proposed,1024,758,0.9820159,0.12054517,0.99542394
mnist,proposed,1024,759,0.98005403,0.00404908,1.00405054
mnist,proposed,1024,760,0.99455999,0.02873965,0.98823729
mnist,proposed,1024,761,0.999,0.01585599,1.00122215
mnist,proposed,1024,762,0.99074871,0.02933112,1.00403628
mnist,proposed,1024,763,0.98435123,0.03466496,0.99627853
mnist,proposed,1024,764,0.99009483,0.00680713,0.97810942
mnist,proposed,1024,765,0.98045982,0.03250818,1.0026015
mnist,proposed,1024,766,0.99595099,0.01866573,0.9996171
mnist,proposed,1024,767,0.98145502,0.02267383,1.00716818
mnist,proposed,1024,768,0.98181103,0.03329273,0.99109525
mnist,proposed,1024,769,0.98073086,0.06235793,1.01962039
mnist,proposed,1024,770,0.98700501,0.02038139,1.0057762
mnist,proposed,1024,771,0.99359863,0.00214788,0.98848009
mnist,proposed,1024,772,0.99280994,0.00987423,1.01385859
mnist,proposed,1024,773,0.98356763,0.01893649,1.00741099
mnist,proposed,1024,774,0.99066006,0.05898972,1.02110668
mnist,proposed,1024,775,0.98990629,0.01509432,1.01579776
mnist,proposed,1024,776,0.98872922,0.02092039,0.98893551
mnist,proposed,1024,777,0.99005011,0.05775208,0.99791628
mnist,proposed,1024,778,0.98950227,0.05395878,0.98170149
mnist,proposed,1024,779,0.99653026,0.03615204,1.02553856
mnist,proposed,1024,780,0.98900431,0.038744,0.99432702
mnist,proposed,1024,781,0.98429628,0.04009139,0.99886416
mnist,proposed,1024,782,0.99257002,0.09629222,1.0122473
mnist,proposed,1024,783,0.98968094,0.05492595,1.0016594
mnist,proposed,1024,784,0.9892357,0.03756264,0.99277773
mnist,proposed,1024,785,0.98765508,0.06928837,0.96957298
mnist,proposed,1024,786,0.99466166,0.04501911,0.98209402
mnist,proposed,1024,787,0.98173884,0.00491591,1.00628949
mnist,proposed,1024,788,0.98673586,0.05667238,1.0183059
mnist,proposed,1024,789,0.9712876,0.01322219,1.00204365
mnist,proposed,1024,790,0.98475982,0.12116632,0.98338308
mnist,proposed,1024,791,0.99092976,0.03982256,0.98071403
mnist,proposed,1024,792,0.99488283,0.01159669,0.98715565
mnist,proposed,1024,793,0.98580262,0.02969521,1.02082048
mnist,proposed,1024,794,0.97787974,0.09450338,0.99999884
mnist,proposed,1024,795,0.99761868,0.01004471,1.02361922
mnist,proposed,1024,796,0.98912837,0.10872898,0.98591433
mnist,proposed,1024,797,0.99591004,0.00654347,1.00932595
mnist,proposed,1024,798,0.99867745,0.0206637,1.01594285
mnist,proposed,1024,799,0.99181142,0.00784297,0.99044587
mnist,proposed,1024,800,0.99536748,0.02332648,0.98177903
mnist,proposed,1024,801,0.98524733,0.04702924,1.00485492
mnist,proposed,1024,802,0.97912669,0.09547679,1.00638723
mnist,proposed,1024,803,0.98381651,0.02287522,1.01271814
mnist,proposed,1024,804,0.9886269,0.03561771,1.00461664
mnist,proposed,1024,805,0.98795746,0.04011923,0.98960005
mnist,proposed,1024,806,0.9893383,0.0136051,1.02080825
mnist,proposed,1024,807,0.98762583,0.06331338,1.0121441
mnist,proposed,1024,808,0.98360174,0.01570978,0.9811432
mnist,proposed,1024,809,0.9827235,0.03131473,1.00367568
mnist,proposed,1024,810,0.9922762,0.02727272,1.02108763
mnist,proposed,1024,811,0.98651977,0.01667904,1.03049234
mnist,proposed,1024,812,0.99234664,0.00903773,0.99168697
mnist,proposed,1024,813,0.98897169,0.05008987,0.96892376
mnist,proposed,1024,814,0.999,0.10651689,1.01944252
mnist,proposed,1024,815,0.98624854,0.02425146,1.00146985
mnist,proposed,1024,816,0.98539385,0.04804903,0.99821472
mnist,proposed,1024,817,0.985953,0.01449785,0.98581681
mnist,proposed,1024,818,0.99014874,0.04915671,0.98799205
mnist,proposed,1024,819,0.98551295,0.06543416,1.00845715
mnist,proposed,1024,820,0.97800457,0.01471716,1.02324295
mnist,proposed,1024,821,0.999,0.07806047,0.99329395
mnist,proposed,1024,822,0.98862011,0.02972702,0.99950112
mnist,proposed,1024,823,0.98564632,0.03604128,1.0000856
mnist,proposed,1024,824,0.99520726,0.03274985,0.99401945
mnist,proposed,1024,825,0.98530435,0.05141518,1.01986849
mnist,proposed,1024,826,0.98227601,0.07803347,0.99079295
mnist,proposed,1024,827,0.98912415,0.04082917,1.00748999
mnist,proposed,1024,828,0.9826343,0.08360614,0.97819406
mnist,proposed,1024,829,0.98080399,0.00108177,0.99163795
mnist,proposed,1024,830,0.97938457,0.00110126,1.00518929
mnist,proposed,1024,831,0.98621882,0.01836774,0.98630197
mnist,proposed,1024,832,0.98323743,0.00224338,1.01128654
mnist,proposed,1024,833,0.9931804,0.05655446,0.99990515
mnist,proposed,1024,834,0.98075328,0.11938222,0.99195145
mnist,proposed,1024,835,0.98701964,0.06001681,0.97819262
mnist,proposed,1024,836,0.98198452,0.01350306,1.00903175
mnist,proposed,1024,837,0.999,0.04371837,1.00453225
mnist,proposed,1024,838,0.98499053,0.0420334,0.99422884
mnist,proposed,1024,839,0.98809199,0.08132361,0.98348429
mnist,proposed,1024,840,0.98882098,0.07163801,0.97752775
mnist,proposed,1024,841,0.98585847,0.02988197,0.99804663
mnist,proposed,1024,842,0.990561,0.02036679,0.97979757
mnist,proposed,1024,843,0.9925602,0.02214386,0.99882074
mnist,proposed,1024,844,0.99138139,0.0031485,1.0212614
mnist,proposed,1024,845,0.99192743,0.01712506,1.01012739
mnist,proposed,1024,846,0.98958148,0.00052193,0.96710407
mnist,proposed,1024,847,0.98654118,0.03706548,1.01065419
mnist,proposed,1024,848,0.98919636,0.07364242,0.98306765
mnist,proposed,1024,849,0.98973253,0.06825062,1.02787468
mnist,proposed,1024,850,0.97778027,0.02982989,0.96605903
mnist,proposed,1024,851,0.98591052,0.0326372,1.02369624
mnist,proposed,1024,852,0.98708463,0.01155387,1.00677909
mnist,proposed,1024,853,0.98309085,0.04539427,0.98439361
mnist,proposed,1024,854,0.9849398,0.00276126,0.98007343
mnist,proposed,1024,855,0.98758294,0.01836273,1.02245138
mnist,proposed,1024,856,0.98879584,0.08855597,1.00937856
mnist,proposed,1024,857,0.98623976,0.01480659,0.97709496
mnist,proposed,1024,858,0.98999437,0.00844304,1.01873442
mnist,proposed,1024,859,0.98107156,0.13334741,1.01432016
mnist,proposed,1024,860,0.99050757,0.02083431,1.01007579
mnist,proposed,1024,861,0.97582636,0.04143525,1.00379592
mnist,proposed,1024,862,0.99653644,0.03275022,1.02594079
mnist,proposed,1024,863,0.98037436,0.05553245,1.00439704
mnist,proposed,1024,864,0.98961218,0.06861449,1.03465096
mnist,proposed,1024,865,0.98402726,0.03234372,0.97565593
mnist,proposed,1024,866,0.98335653,0.01885442,0.98693162
mnist,proposed,1024,867,0.98616478,0.09115029,1.02275449
mnist,proposed,1024,868,0.98815518,0.06763954,0.99224603
mnist,proposed,1024,869,0.9934487,0.00621626,0.99682784
mnist,proposed,1024,870,0.99757505,0.11265257,1.02114728
mnist,proposed,1024,871,0.98489314,0.06297785,1.00638475
mnist,proposed,1024,872,0.97696558,0.00490293,0.99784846
mnist,proposed,1024,873,0.98665379,0.08340081,1.01999199
mnist,proposed,1024,874,0.98255378,0.01830843,1.01615259
mnist,proposed,1024,875,0.99146035,0.04860631,1.02030079
mnist,proposed,1024,876,0.99388891,0.07813355,1.01881593
mnist,proposed,1024,877,0.97543173,0.04646421,1.00303983
mnist,proposed,1024,878,0.97190584,0.01555667,1.00516741
mnist,proposed,1024,879,0.98342829,0.03453727,0.99931503
mnist,proposed,1024,880,0.98309058,0.00236284,1.03706878
mnist,proposed,1024,881,0.98661231,0.05956112,0.99431346
mnist,proposed,1024,882,0.98727646,0.05050963,1.00460097
mnist,proposed,1024,883,0.98715402,0.09938808,0.99801833
mnist,proposed,1024,884,0.98378583,0.10055332,1.02408934
mnist,proposed,1024,885,0.99396222,0.04972086,1.0157613
mnist,proposed,1024,886,0.98806142,0.00223076,1.01247251
mnist,proposed,1024,887,0.98797216,0.07581816,0.99378553
mnist,proposed,1024,888,0.98406082,0.05771913,1.0122597
mnist,proposed,1024,889,0.99773692,0.03205375,1.0006382
mnist,proposed,1024,890,0.98424804,0.03137597,0.98227689
mnist,proposed,1024,891,0.99055705,0.00135498,1.0099217
mnist,proposed,1024,892,0.98186738,0.02498846,0.98933229
mnist,proposed,1024,893,0.99108292,0.00780238,0.99878413
mnist,proposed,1024,894,0.97901012,0.03653509,1.02398304
mnist,proposed,1024,895,0.98292948,0.0332654,0.9967098
mnist,proposed,1024,896,0.98654033,0.01294516,0.98767785
mnist,proposed,1024,897,0.97910393,0.0204465,1.0310084
mnist,proposed,1024,898,0.99587054,0.07158904,0.98162318
mnist,proposed,1024,899,0.98630367,0.03100124,1.02388486
mnist,proposed,1024,900,0.99094279,0.02760855,1.01951182
mnist,proposed,1024,901,0.98500072,0.03750075,1.0021298
mnist,proposed,1024,902,0.9854925,0.07829349,0.99784623
mnist,proposed,1024,903,0.98643344,0.10617597,1.01511709
mnist,proposed,1024,904,0.99213764,0.01649171,1.01794902
mnist,proposed,1024,905,0.98596976,0.01298824,0.98353968
mnist,proposed,1024,906,0.97642689,0.06263326,1.02323943
mnist,proposed,1024,907,0.99053627,0.02464618,1.00545345
mnist,proposed,1024,908,0.98171275,0.01742481,0.98161775
mnist,proposed,1024,909,0.99000748,0.05627676,1.01078742
mnist,proposed,1024,910,0.97451603,0.0004713,1.00668416
mnist,proposed,1024,911,0.9861535,0.03083471,1.01275828
mnist,proposed,1024,912,0.999,0.01994616,0.99034256
mnist,proposed,1024,913,0.98614284,0.04643813,1.03275187
mnist,proposed,1024,914,0.99822642,0.07018663,0.9891838
mnist,proposed,1024,915,0.99123634,0.03797618,1.00779319
mnist,proposed,1024,916,0.99458519,0.01430661,1.01351656
mnist,proposed,1024,917,0.99284477,0.04203862,0.99712784
mnist,proposed,1024,918,0.98196426,0.05929957,0.9852385
mnist,proposed,1024,919,0.99393813,0.03961387,0.99073276
mnist,proposed,1024,920,0.99046446,0.02586003,1.00198321
mnist,proposed,1024,921,0.97829132,0.05786971,1.00786549
mnist,proposed,1024,922,0.99137672,0.01287919,1.00759105
mnist,proposed,1024,923,0.98859273,0.00358687,0.9825799
mnist,proposed,1024,924,0.97762483,0.01527477,1.03510927
mnist,proposed,1024,925,0.98474231,0.020524,1.00501369
mnist,proposed,1024,926,0.999,0.04524723,1.03998792
mnist,proposed,1024,927,0.98857783,0.09388171,1.00133411
mnist,proposed,1024,928,0.98828064,0.00784635,1.00612629
mnist,proposed,1024,929,0.98819403,0.13194107,1.00655531
mnist,proposed,1024,930,0.98600832,0.01599939,1.01442588
mnist,proposed,1024,931,0.99834987,0.03739794,1.00991443
mnist,proposed,1024,932,0.98342183,0.03138865,0.97582655
mnist,proposed,1024,933,0.98058029,0.11318799,1.02515932
mnist,proposed,1024,934,0.98324288,0.0694881,0.99789921
mnist,proposed,1024,935,0.99064194,0.02619646,0.97517608
mnist,proposed,1024,936,0.9790247,0.10881071,0.9820462
mnist,proposed,1024,937,0.99170408,0.06521479,0.9942299
mnist,proposed,1024,938,0.97548038,0.02056165,1.00440326
mnist,proposed,1024,939,0.9958766,0.02571659,1.01239304
mnist,proposed,1024,940,0.99021112,0.04743795,1.01686152
mnist,proposed,1024,941,0.99293561,0.0225387,1.00748246
mnist,proposed,1024,942,0.99200197,0.02271861,1.01503518
mnist,proposed,1024,943,0.9803539,0.07997428,0.98751592
mnist,proposed,1024,944,0.98833248,0.01152232,1.02319663
mnist,proposed,1024,945,0.99067638,0.02597853,1.02329546
mnist,proposed,1024,946,0.97542734,0.07632671,0.9810622
mnist,proposed,1024,947,0.99630804,0.04583725,1.00849745
mnist,proposed,1024,948,0.98630088,0.00581208,1.01376118
mnist,proposed,1024,949,0.98910052,0.00752861,1.0021859
mnist,proposed,1024,950,0.98298772,0.00905366,0.9817397
mnist,proposed,1024,951,0.97768547,0.0320249,1.01743648
mnist,proposed,1024,952,0.98263629,0.00990699,0.99244887
mnist,proposed,1024,953,0.98114702,0.10044579,0.98484897
mnist,proposed,1024,954,0.99249575,0.03064528,0.99431138
mnist,proposed,1024,955,0.97870205,0.00145805,1.0053608
mnist,proposed,1024,956,0.98155501,0.02377467,0.97958879
mnist,proposed,1024,957,0.99185089,0.01480546,0.96602553
mnist,proposed,1024,958,0.98612613,0.0066398,0.99804973
mnist,proposed,1024,959,0.98433073,0.01041973,0.99775096
mnist,proposed,1024,960,0.98724861,0.08640104,1.02054295
mnist,proposed,1024,961,0.97610965,0.03328973,0.99714285
mnist,proposed,1024,962,0.98731655,0.01661569,0.99456134
mnist,proposed,1024,963,0.97867875,0.05141713,0.98049259
mnist,proposed,1024,964,0.99835145,0.08439669,0.97923197
mnist,proposed,1024,965,0.98572576,0.06138376,0.99815264
mnist,proposed,1024,966,0.999,0.04235377,1.00538262
mnist,proposed,1024,967,0.97978773,0.00105267,1.03064104
mnist,proposed,1024,968,0.98941799,0.00545095,0.99751956
mnist,proposed,1024,969,0.98707261,0.04262803,0.9903642
mnist,proposed,1024,970,0.98632384,0.10257725,1.0085765
mnist,proposed,1024,971,0.97563979,0.0729301,0.98860686
mnist,proposed,1024,972,0.98403831,0.01731129,0.98620956
mnist,proposed,1024,973,0.98451423,0.0169372,0.98777826
mnist,proposed,1024,974,0.98621281,0.09929651,0.99996622
mnist,proposed,1024,975,0.97903964,0.04403901,1.01595991
mnist,proposed,1024,976,0.9904383,0.02397454,1.00950856
mnist,proposed,1024,977,0.98646232,0.07637084,0.99680614
mnist,proposed,1024,978,0.999,0.00989286,0.97355665
mnist,proposed,1024,979,0.97403654,0.01634818,0.99043226
mnist,proposed,1024,980,0.98563381,0.01147659,0.98125612
mnist,proposed,1024,981,0.98843058,0.00628592,1.02167017
mnist,proposed,1024,982,0.99154722,0.00205171,1.01029823
mnist,proposed,1024,983,0.98626068,0.00191942,1.00504499
mnist,proposed,1024,984,0.98722926,0.0389071,0.98238945
mnist,proposed,1024,985,0.98473871,0.01913254,0.99852757
mnist,proposed,1024,986,0.99781397,0.03274825,1.00086457
mnist,proposed,1024,987,0.97875604,0.06354093,0.98405206
mnist,proposed,1024,988,0.98150017,0.04546292,0.97885517
mnist,proposed,1024,989,0.99438289,0.02888085,0.98145742
mnist,proposed,1024,990,0.97536353,0.01957597,1.01432953
mnist,proposed,1024,991,0.98384904,0.09947047,0.99211678
mnist,proposed,1024,992,0.99060019,0.01055982,1.00740025
mnist,proposed,1024,993,0.98896187,0.0436361,1.01439141
mnist,proposed,1024,994,0.98003097,0.02606853,0.99588678
mnist,proposed,1024,995,0.99047984,0.02699301,0.9931129
mnist,proposed,1024,996,0.99378254,0.04129802,0.98400959
mnist,proposed,1024,997,0.99494744,0.02461784,0.99298434
mnist,proposed,1024,998,0.99558598,0.03544691,1.00398789
mnist,proposed,1024,999,0.98933273,0.03569317,0.99871083
mnist,proposed,2024,0,0.99237223,0.03565216,0.97633621
mnist,proposed,2024,1,0.99227451,0.02077645,0.98652388
mnist,proposed,2024,2,0.97882724,0.05580456,0.99606524
mnist,proposed,2024,3,0.99838211,0.00067297,0.99344671
mnist,proposed,2024,4,0.99158704,0.04715202,0.9909034
mnist,proposed,2024,5,0.99368007,0.06503703,0.99732518
mnist,proposed,2024,6,0.98800682,0.08198289,1.00233674
mnist,proposed,2024,7,0.98850833,0.02769046,0.98970867
mnist,proposed,2024,8,0.98432392,0.01201135,0.99910049
mnist,proposed,2024,9,0.9956491,0.01049161,0.99360734
mnist,proposed,2024,10,0.98992253,0.11830875,1.00958819
mnist,proposed,2024,11,0.98436922,0.02048859,1.00867699
mnist,proposed,2024,12,0.98779678,0.01792889,0.99534256
mnist,proposed,2024,13,0.98313755,0.07097908,0.99622607
mnist,proposed,2024,14,0.98573558,0.01625154,0.98271388
mnist,proposed,2024,15,0.98933966,0.0263196,1.00259323
mnist,proposed,2024,16,0.99745695,0.14149665,1.00675765
mnist,proposed,2024,17,0.98943978,0.05944881,0.97863616
mnist,proposed,2024,18,0.99519456,0.01001378,1.02799695
mnist,proposed,2024,19,0.97836841,0.07285076,0.97070909
mnist,proposed,2024,20,0.98255018,0.08714275,1.00340603
mnist,proposed,2024,21,0.999,0.06139057,1.0014119
mnist,proposed,2024,22,0.98895919,0.0273302,0.9875575
mnist,proposed,2024,23,0.98782182,0.00158634,0.98923698
mnist,proposed,2024,24,0.99039717,0.00379753,0.9782864
mnist,proposed,2024,25,0.98336119,0.02823259,1.01583572
mnist,proposed,2024,26,0.98574473,0.03470058,0.99340357
mnist,proposed,2024,27,0.98466001,0.10140339,0.98002994
mnist,proposed,2024,28,0.9874202,0.07566789,0.98096059
mnist,proposed,2024,29,0.99389049,0.00987313,1.00099004
mnist,proposed,2024,30,0.99453552,0.00570214,1.00504247
mnist,proposed,2024,31,0.98192099,0.09985365,0.98973442
mnist,proposed,2024,32,0.9904542,0.03766334,1.01396813
mnist,proposed,2024,33,0.97990926,0.13151634,1.00919813
mnist,proposed,2024,34,0.98927905,0.06028631,1.03793033
mnist,proposed,2024,35,0.99173429,0.00681918,1.00041514
mnist,proposed,2024,36,0.98215743,0.04042446,0.99281289
mnist,proposed,2024,37,0.98154468,0.06419507,1.00771329
mnist,proposed,2024,38,0.9810291,0.04031279,0.98936034
mnist,proposed,2024,39,0.99525337,0.00660827,0.98388399
mnist,proposed,2024,40,0.99529978,0.04282011,0.98318964
mnist,proposed,2024,41,0.99084068,0.03700524,1.0272541
mnist,proposed,2024,42,0.98686055,0.04506644,0.96576663
mnist,proposed,2024,43,0.98506565,0.0046165,0.99722293
mnist,proposed,2024,44,0.9823147,0.01118474,0.97197706
mnist,proposed,2024,45,0.98907938,0.01717867,0.9893697
mnist,proposed,2024,46,0.9791225,0.00287679,0.98093781
mnist,proposed,2024,47,0.98842731,0.03024494,1.01977208
mnist,proposed,2024,48,0.99322722,0.06437187,0.98332024
mnist,proposed,2024,49,0.98309098,0.03754097,0.98769241
mnist,proposed,2024,50,0.99555267,0.0251818,0.98652606
mnist,proposed,2024,51,0.97595147,0.01469875,1.02495395
mnist,proposed,2024,52,0.98800714,0.01777278,0.98774474
mnist,proposed,2024,53,0.99035537,0.0384425,1.02589964
mnist,proposed,2024,54,0.999,0.06322102,0.99144474
mnist,proposed,2024,55,0.98213466,0.00163357,1.01916571
mnist,proposed,2024,56,0.98099695,0.06667637,0.98800009
mnist,proposed,2024,57,0.99256976,0.01497619,0.98973379
mnist,proposed,2024,58,0.98804344,0.02999583,0.98351438
mnist,proposed,2024,59,0.98269659,0.03953571,1.01975512
mnist,proposed,2024,60,0.99562713,0.01755628,1.01658991
mnist,proposed,2024,61,0.98337142,0.0282624,1.00715555
mnist,proposed,2024,62,0.9776672,0.01129915,0.99991214
mnist,proposed,2024,63,0.97766668,0.01462063,1.0092771
mnist,proposed,2024,64,0.98101589,0.0670089,0.98040896
mnist,proposed,2024,65,0.98962985,0.07014483,1.02343559
mnist,proposed,2024,66,0.99640018,0.03972673,0.97620024
mnist,proposed,2024,67,0.99247592,0.02196682,1.01086804
mnist,proposed,2024,68,0.97876884,0.04276516,0.96920796
mnist,proposed,2024,69,0.98043419,0.03545113,0.97639756
mnist,proposed,2024,70,0.99020756,0.03641267,1.00178013
mnist,proposed,2024,71,0.999,0.03430102,0.98080873
mnist,proposed,2024,72,0.98548849,0.04494578,0.98377962
mnist,proposed,2024,73,0.99603359,0.11145072,0.9611202
mnist,proposed,2024,74,0.98606855,0.03764765,0.96895858
mnist,proposed,2024,75,0.98094085,0.01452234,0.98682261
mnist,proposed,2024,76,0.98652677,0.06802561,0.99742153
mnist,proposed,2024,77,0.9819538,0.03723803,1.00068653
mnist,proposed,2024,78,0.98279171,0.00628546,0.98498236
mnist,proposed,2024,79,0.98507896,0.01455178,1.01213906
mnist,proposed,2024,80,0.9948124,0.0103757,1.00744089
mnist,proposed,2024,81,0.99054679,0.00394397,0.99968221
mnist,proposed,2024,82,0.97677722,0.05001767,1.02113871
mnist,proposed,2024,83,0.98481468,0.01396383,0.99918056
mnist,proposed,2024,84,0.98555438,0.08342801,1.00294668
mnist,proposed,2024,85,0.99293054,0.01530824,0.99005721
mnist,proposed,2024,86,0.97928885,0.0969756,0.9906571
mnist,proposed,2024,87,0.98781627,0.10443063,1.00355702
mnist,proposed,2024,88,0.9836545,0.00970082,0.99691736
mnist,proposed,2024,89,0.99751677,0.0193683,1.01646622
mnist,proposed,2024,90,0.98849298,0.09112811,0.9929502
mnist,proposed,2024,91,0.98475262,0.05478408,0.98828603
mnist,proposed,2024,92,0.99400919,0.02279967,1.00050968
mnist,proposed,2024,93,0.98765679,0.04862844,0.99684553
mnist,proposed,2024,94,0.99040808,0.05769263,1.00536197
mnist,proposed,2024,95,0.98903536,0.03214483,0.98724744
mnist,proposed,2024,96,0.97973164,0.01159929,1.00449711
mnist,proposed,2024,97,0.98423324,0.13674532,1.0083723
mnist,proposed,2024,98,0.999,0.02359929,0.99535835
mnist,proposed,2024,99,0.99489155,0.02044474,1.00226009
mnist,proposed,2024,100,0.98464871,0.1019221,1.00076334
mnist,proposed,2024,101,0.99544791,0.00641579,0.99685432
mnist,proposed,2024,102,0.98478318,0.07317707,0.99084904
mnist,proposed,2024,103,0.9865136,0.03585934,0.99396602
mnist,proposed,2024,104,0.98506917,0.0743978,1.00413847
mnist,proposed,2024,105,0.98936748,0.08217745,0.99843695
mnist,proposed,2024,106,0.98213545,0.00908504,0.99634111
mnist,proposed,2024,107,0.99739369,0.06498294,1.00590608
mnist,proposed,2024,108,0.98456987,0.01081988,1.00572978
mnist,proposed,2024,109,0.98594348,0.06738768,0.99239703
mnist,proposed,2024,110,0.98527478,0.04028879,1.01163513
mnist,proposed,2024,111,0.98285052,0.02913793,1.00445813
mnist,proposed,2024,112,0.98636856,0.05186876,0.9881658
mnist,proposed,2024,113,0.98224193,0.01336319,1.01483299
mnist,proposed,2024,114,0.999,0.04737444,0.98548842
mnist,proposed,2024,115,0.99547036,0.02392494,1.01358591
mnist,proposed,2024,116,0.9832998,0.02744548,1.01005009
mnist,proposed,2024,117,0.9748746,0.03170592,1.02320086
mnist,proposed,2024,118,0.9877598,0.00386466,0.99939444
mnist,proposed,2024,119,0.98206594,0.08638954,1.00430296
mnist,proposed,2024,120,0.98935958,0.02092959,0.98065103
mnist,proposed,2024,121,0.99813614,0.01400457,0.99373359
mnist,proposed,2024,122,0.99526254,0.01369748,0.99635785
mnist,proposed,2024,123,0.98202205,0.08349595,0.99918224
mnist,proposed,2024,124,0.98826637,0.01529003,1.00385592
mnist,proposed,2024,125,0.98852341,0.00139937,0.99458466
mnist,proposed,2024,126,0.99034709,0.03585159,0.99471153
mnist,proposed,2024,127,0.98220267,0.0031101,0.963958
mnist,proposed,2024,128,0.99112506,0.03479281,1.00112129
mnist,proposed,2024,129,0.98423327,0.04907424,1.01550426
mnist,proposed,2024,130,0.98822467,0.07855603,0.98963255
mnist,proposed,2024,131,0.98983302,0.03866629,0.99038034
mnist,proposed,2024,132,0.98177199,0.00988352,1.00139611
mnist,proposed,2024,133,0.97781058,0.05255046,0.99678131
mnist,proposed,2024,134,0.98809506,0.0049589,1.01567552
mnist,proposed,2024,135,0.98358035,0.00824305,0.98579655
mnist,proposed,2024,136,0.9914243,0.01395431,0.99364245
mnist,proposed,2024,137,0.99626074,0.06849142,1.00346906
mnist,proposed,2024,138,0.99443734,0.00274496,0.98330838
mnist,proposed,2024,139,0.98889565,0.01103622,0.9998156
mnist,proposed,2024,140,0.97580749,0.01297711,1.00146531
mnist,proposed,2024,141,0.98918802,0.01620233,0.98134521
mnist,proposed,2024,142,0.97933836,0.00482099,0.99138725
mnist,proposed,2024,143,0.98023063,0.10302951,0.99260345
mnist,proposed,2024,144,0.97275224,0.00773191,0.99390881
mnist,proposed,2024,145,0.98867479,0.05381041,1.00621078
mnist,proposed,2024,146,0.98620174,0.02648677,0.99923915
mnist,proposed,2024,147,0.98648468,0.08605413,0.99333385
mnist,proposed,2024,148,0.99054779,0.05540859,1.00552129
mnist,proposed,2024,149,0.98743394,0.0079377,0.98575811
mnist,proposed,2024,150,0.99155943,0.02527055,1.01089829
mnist,proposed,2024,151,0.98873544,0.0423531,0.99418033
mnist,proposed,2024,152,0.99215578,0.032569,1.00020377
mnist,proposed,2024,153,0.99803378,0.03196517,0.99590803
mnist,proposed,2024,154,0.98520723,0.05946171,1.02428193
mnist,proposed,2024,155,0.99155636,0.03201238,1.01117061
mnist,proposed,2024,156,0.98251428,0.09572481,1.03009663
mnist,proposed,2024,157,0.98831362,0.09875296,0.98799051
mnist,proposed,2024,158,0.98962558,0.03093252,1.00057165
mnist,proposed,2024,159,0.98480119,0.00765827,0.98725702
mnist,proposed,2024,160,0.9948362,0.13980953,0.98752843
mnist,proposed,2024,161,0.98406368,0.05038027,0.98265951
mnist,proposed,2024,162,0.99767136,0.12952961,1.01876508
mnist,proposed,2024,163,0.99527075,0.12409788,1.01139742
mnist,proposed,2024,164,0.99295626,0.05507315,0.98930832
mnist,proposed,2024,165,0.98890485,0.07379393,1.01042235
mnist,proposed,2024,166,0.98802144,0.07240561,1.02028092
mnist,proposed,2024,167,0.98761301,0.021999,1.00166153
mnist,proposed,2024,168,0.98578884,0.05431956,0.99560874
mnist,proposed,2024,169,0.99072923,0.01852261,0.98723216
mnist,proposed,2024,170,0.99433975,0.10295325,1.0116397
mnist,proposed,2024,171,0.99308972,0.04780694,0.96496975
mnist,proposed,2024,172,0.98812224,0.05585083,0.99173067
mnist,proposed,2024,173,0.99174449,0.01499253,1.02837591
mnist,proposed,2024,174,0.98606126,0.03863019,1.00967023
mnist,proposed,2024,175,0.99018177,0.04712971,1.01492128
mnist,proposed,2024,176,0.99001248,0.01741212,1.01646587
mnist,proposed,2024,177,0.97792395,0.01776742,0.99656986
mnist,proposed,2024,178,0.9920103,0.03866912,1.01286797
mnist,proposed,2024,179,0.98068033,0.06969252,0.99402543
mnist,proposed,2024,180,0.98153696,0.06355835,1.00663777
mnist,proposed,2024,181,0.98364236,0.00579748,0.99891048
mnist,proposed,2024,182,0.98949296,0.0059776,1.00926819
mnist,proposed,2024,183,0.98462285,0.02664147,1.01506959
mnist,proposed,2024,184,0.98878719,0.07173112,1.02159155
mnist,proposed,2024,185,0.98744736,0.06277989,0.99987879
mnist,proposed,2024,186,0.98855171,0.03176089,0.99724076
mnist,proposed,2024,187,0.98722029,0.00071494,1.00143933
mnist,proposed,2024,188,0.98226256,0.02639669,0.98421554
mnist,proposed,2024,189,0.98034095,0.04821408,0.97803656
mnist,proposed,2024,190,0.98362971,0.03429488,0.99700695
mnist,proposed,2024,191,0.99310027,0.00459553,0.98612569
mnist,proposed,2024,192,0.9792383,0.04211386,0.99287027
mnist,proposed,2024,193,0.98149052,0.06597942,1.02559619
mnist,proposed,2024,194,0.98900781,0.01217011,1.0132142
mnist,proposed,2024,195,0.98487566,0.0532311,1.00093356
mnist,proposed,2024,196,0.99549436,0.03055851,0.97367458
mnist,proposed,2024,197,0.98885315,0.01275381,1.00974575
mnist,proposed,2024,198,0.99605367,0.05369349,0.99581649
mnist,proposed,2024,199,0.98496223,0.08235518,1.00395897
mnist,proposed,2024,200,0.97721279,0.00780603,0.99314374
mnist,proposed,2024,201,0.98745514,0.0957912,0.99897193
mnist,proposed,2024,202,0.98261754,0.07582363,1.01080344
mnist,proposed,2024,203,0.98352124,0.06246593,1.00417604
mnist,proposed,2024,204,0.999,0.01257357,0.97448914
mnist,proposed,2024,205,0.98919831,0.01207801,0.9903842
mnist,proposed,2024,206,0.97962796,0.06000157,0.98035224
mnist,proposed,2024,207,0.99291974,0.01122206,0.9675554
mnist,proposed,2024,208,0.98439467,0.0456456,0.98618905
mnist,proposed,2024,209,0.98373583,0.11460002,0.98443374
mnist,proposed,2024,210,0.98457383,0.02360729,0.99385564
mnist,proposed,2024,211,0.98458315,0.01589652,1.01300509
mnist,proposed,2024,212,0.99117872,0.06132688,1.0093751
mnist,proposed,2024,213,0.97937868,0.02779359,1.00579696
mnist,proposed,2024,214,0.9782577,0.06933946,0.99768968
mnist,proposed,2024,215,0.98777883,0.07895925,0.96543816
mnist,proposed,2024,216,0.98328523,0.0204074,0.9727843
mnist,proposed,2024,217,0.98147009,0.00313228,0.98140651
mnist,proposed,2024,218,0.97645821,0.0316585,1.00086463
mnist,proposed,2024,219,0.98850647,0.02694076,1.01633901
mnist,proposed,2024,220,0.98037636,0.00117565,1.00642687
mnist,proposed,2024,221,0.99554018,0.04115812,1.01169206
mnist,proposed,2024,222,0.98254499,0.06199625,0.97950397
mnist,proposed,2024,223,0.99018153,0.04250803,0.98239723
mnist,proposed,2024,224,0.98717671,0.03551998,0.97893082
mnist,proposed,2024,225,0.99069859,0.03002937,1.0060362
mnist,proposed,2024,226,0.97418669,0.00714135,0.98010062
mnist,proposed,2024,227,0.98826307,0.00245312,1.01666114
mnist,proposed,2024,228,0.99180535,0.0100724,0.97144548
mnist,proposed,2024,229,0.99896555,0.00053498,0.98490471
mnist,proposed,2024,230,0.98929193,0.01496259,1.03388557
mnist,proposed,2024,231,0.96989219,0.06849128,1.00467058
mnist,proposed,2024,232,0.99490583,0.06910873,0.98447842
mnist,proposed,2024,233,0.97558795,0.01245156,1.00763904
mnist,proposed,2024,234,0.98694997,0.05493993,0.98573447
mnist,proposed,2024,235,0.9766128,0.00016664,0.98685074
mnist,proposed,2024,236,0.98714541,0.03757485,0.96740876
mnist,proposed,2024,237,0.97893585,0.04635436,0.99829509
mnist,proposed,2024,238,0.99290193,0.06544622,0.9896755
mnist,proposed,2024,239,0.98933228,0.0377014,0.99750356
mnist,proposed,2024,240,0.98792342,0.05291251,0.99619633
mnist,proposed,2024,241,0.98805912,0.04056393,1.0310656
mnist,proposed,2024,242,0.99438332,0.05112585,1.00312481
mnist,proposed,2024,243,0.99142571,0.00890134,1.01906244
mnist,proposed,2024,244,0.97811737,0.05306447,0.99106233
mnist,proposed,2024,245,0.98651079,0.00381146,0.99776297
mnist,proposed,2024,246,0.98487207,0.06663703,1.02718238
mnist,proposed,2024,247,0.98784507,0.0102018,0.99247099
mnist,proposed,2024,248,0.98681551,0.01231461,0.98746838
mnist,proposed,2024,249,0.98547869,0.04791462,1.01385156
mnist,proposed,2024,250,0.99339022,0.01959771,0.99630396
mnist,proposed,2024,251,0.97976497,0.01878178,1.00394027
mnist,proposed,2024,252,0.99590212,0.00631463,0.99116661
mnist,proposed,2024,253,0.99013489,0.02619828,0.97718532
mnist,proposed,2024,254,0.98264302,0.03648082,1.00730504
mnist,proposed,2024,255,0.99315504,0.01677035,1.01357003
mnist,proposed,2024,256,0.99125002,0.00521351,0.96063186
mnist,proposed,2024,257,0.98461274,0.00206584,1.00944989
mnist,proposed,2024,258,0.9899773,0.02391253,1.00335771
mnist,proposed,2024,259,0.99241162,0.03087343,1.0060523
mnist,proposed,2024,260,0.98103139,0.010484,0.98280924
mnist,proposed,2024,261,0.99074234,0.03972525,1.03051001
mnist,proposed,2024,262,0.98715506,0.12018289,1.00910683
mnist,proposed,2024,263,0.9802589,0.04899637,0.97778004
mnist,proposed,2024,264,0.98421195,0.06819713,0.99516231
mnist,proposed,2024,265,0.98928737,0.07429402,0.99601686
mnist,proposed,2024,266,0.98648239,0.03861162,1.01286322
mnist,proposed,2024,267,0.99071396,0.00176936,0.98340648
mnist,proposed,2024,268,0.97355413,0.05015673,1.01079971
mnist,proposed,2024,269,0.99507494,0.01741911,1.00278155
mnist,proposed,2024,270,0.98919012,0.07559453,0.98798553
mnist,proposed,2024,271,0.97778571,0.04885199,0.99100649
mnist,proposed,2024,272,0.97801899,0.01871226,0.98873657
mnist,proposed,2024,273,0.99053783,0.05903384,1.01392755
mnist,proposed,2024,274,0.98348181,0.02793226,1.00542412
mnist,proposed,2024,275,0.9898356,0.10931974,1.01471086
mnist,proposed,2024,276,0.97624099,0.00909403,0.99329868
mnist,proposed,2024,277,0.98346879,0.04338339,1.02572144
mnist,proposed,2024,278,0.98461391,0.03294186,0.9920011
mnist,proposed,2024,279,0.98478968,0.00883434,0.98988191
mnist,proposed,2024,280,0.99219377,0.00248815,0.97613292
mnist,proposed,2024,281,0.99227413,0.03835365,1.01405593
mnist,proposed,2024,282,0.9898588,0.0931518,0.96665129
mnist,proposed,2024,283,0.98423111,0.01120636,0.98935498
mnist,proposed,2024,284,0.99149524,0.03376562,1.01431164
mnist,proposed,2024,285,0.98136565,0.01779585,0.99302189
mnist,proposed,2024,286,0.97805931,0.00795793,0.98321497
mnist,proposed,2024,287,0.98102499,0.02275004,0.97671329
mnist,proposed,2024,288,0.98136199,0.08814813,0.97213189
mnist,proposed,2024,289,0.98700013,0.04871902,0.97984795
mnist,proposed,2024,290,0.98926047,0.02113353,0.99515144
mnist,proposed,2024,291,0.9922935,0.03634792,0.97409191
mnist,proposed,2024,292,0.98191202,0.05624975,0.99568371
mnist,proposed,2024,293,0.98715676,0.09676402,0.99341205
mnist,proposed,2024,294,0.98046532,0.02588848,1.00309184
mnist,proposed,2024,295,0.98065205,0.02465507,1.0102937
mnist,proposed,2024,296,0.98677727,0.07451919,0.97737871
mnist,proposed,2024,297,0.99485418,0.05067426,1.01352861
mnist,proposed,2024,298,0.98859413,0.07274987,1.00077057
mnist,proposed,2024,299,0.99034776,0.01233006,0.98808283
mnist,proposed,2024,300,0.99286732,0.0167984,0.99859289
mnist,proposed,2024,301,0.98123863,0.03328021,1.004777
mnist,proposed,2024,302,0.98216074,0.11329712,0.99147602
mnist,proposed,2024,303,0.9871289,0.1566358,1.01975258
mnist,proposed,2024,304,0.99187135,0.0785261,0.99155722
mnist,proposed,2024,305,0.98312327,0.02627337,0.99397571
mnist,proposed,2024,306,0.99071321,0.02280118,1.00934191
mnist,proposed,2024,307,0.98731841,0.02780795,0.98231652
mnist,proposed,2024,308,0.98296884,0.00904823,0.99705603
mnist,proposed,2024,309,0.99664232,0.02555935,0.98894765
mnist,proposed,2024,310,0.97578701,0.02797316,1.0284602
mnist,proposed,2024,311,0.9845531,0.06759045,1.00610212
mnist,proposed,2024,312,0.98633123,0.00360226,1.00680745
mnist,proposed,2024,313,0.99157897,0.09795831,1.00791471
mnist,proposed,2024,314,0.98936524,0.00896353,0.98833149
mnist,proposed,2024,315,0.98726942,0.03555122,1.00697275
mnist,proposed,2024,316,0.98523595,0.03018321,1.00513003
mnist,proposed,2024,317,0.99308521,0.03508785,0.99076389
mnist,proposed,2024,318,0.99127658,0.07267984,1.00051012
mnist,proposed,2024,319,0.98994034,0.02161972,0.99813457
mnist,proposed,2024,320,0.99296521,0.02550225,1.01338262
mnist,proposed,2024,321,0.98401374,0.04727407,0.98700961
mnist,proposed,2024,322,0.99308806,0.01490154,1.01931821
mnist,proposed,2024,323,0.99658679,0.00338446,1.04040486
mnist,proposed,2024,324,0.98878454,0.05116346,0.97487619
mnist,proposed,2024,325,0.98522179,0.00452871,1.01680302
mnist,proposed,2024,326,0.98021811,0.00027444,0.97907891
mnist,proposed,2024,327,0.99185648,0.00650416,0.98255712
mnist,proposed,2024,328,0.999,0.03970797,0.9965587
mnist,proposed,2024,329,0.98034751,0.00389997,1.04191597
mnist,proposed,2024,330,0.97875894,0.01711937,1.00698818
mnist,proposed,2024,331,0.98060688,0.00389043,0.99757203
mnist,proposed,2024,332,0.98748603,0.04432114,1.00981595
mnist,proposed,2024,333,0.98500982,0.01203348,0.9883399
mnist,proposed,2024,334,0.98509708,0.06665593,0.98224084
mnist,proposed,2024,335,0.99118795,0.06349123,1.00390401
mnist,proposed,2024,336,0.99329084,0.05108468,1.0043004
mnist,proposed,2024,337,0.98510573,0.05216526,1.00803426
mnist,proposed,2024,338,0.98511243,0.05218738,0.99609821
mnist,proposed,2024,339,0.99279967,0.01603601,0.9993334
mnist,proposed,2024,340,0.98515478,0.01063698,0.98912428
mnist,proposed,2024,341,0.97573195,0.02939504,1.01430064
mnist,proposed,2024,342,0.98538282,0.03441247,1.00304061
mnist,proposed,2024,343,0.97930708,0.02691212,1.01957673
mnist,proposed,2024,344,0.99204831,0.00164189,1.0256174
mnist,proposed,2024,345,0.98096875,0.01314225,0.98659349
mnist,proposed,2024,346,0.99453268,0.02152733,0.98906246
mnist,proposed,2024,347,0.98453231,0.02703125,1.01489541
mnist,proposed,2024,348,0.9884832,0.03749835,1.00780883
mnist,proposed,2024,349,0.99065674,0.05379795,0.97385076
mnist,proposed,2024,350,0.99551181,0.03502732,1.02195306
mnist,proposed,2024,351,0.98352511,0.06210766,1.00502985
mnist,proposed,2024,352,0.98164391,0.06431371,1.00706623
mnist,proposed,2024,353,0.99161524,0.03565944,1.01528602
mnist,proposed,2024,354,0.98320357,0.0312722,1.00989887
mnist,proposed,2024,355,0.98387762,0.01999295,1.00474971
mnist,proposed,2024,356,0.98333325,0.08921189,1.00095464
mnist,proposed,2024,357,0.98813693,0.06313499,1.01462641
mnist,proposed,2024,358,0.98697027,0.00352269,0.99076829
mnist,proposed,2024,359,0.98341303,0.07292416,1.0031753
mnist,proposed,2024,360,0.9859737,0.08229909,1.01346179
mnist,proposed,2024,361,0.97581183,0.04345299,0.99082019
mnist,proposed,2024,362,0.98696552,0.03612836,1.00441551
mnist,proposed,2024,363,0.99696955,0.00015872,1.00083828
mnist,proposed,2024,364,0.98492464,0.0553718,1.00355728
mnist,proposed,2024,365,0.98164815,0.07872739,0.98542469
mnist,proposed,2024,366,0.98368444,0.08419539,0.99345427
mnist,proposed,2024,367,0.97840177,0.00278932,1.01641139
mnist,proposed,2024,368,0.98975336,0.01112904,1.00498785
mnist,proposed,2024,369,0.98272566,0.0618161,0.98572969
mnist,proposed,2024,370,0.97545123,0.10229532,1.00588041
mnist,proposed,2024,371,0.9914144,0.03901067,1.04357991
mnist,proposed,2024,372,0.98627896,0.05966883,0.98679758
mnist,proposed,2024,373,0.98322376,0.00376121,1.02189705
mnist,proposed,2024,374,0.98055884,0.03483183,0.97881492
mnist,proposed,2024,375,0.98058543,0.0133779,1.01044734
mnist,proposed,2024,376,0.97398192,0.04952045,0.97928383
mnist,proposed,2024,377,0.99367701,0.03994795,0.98465833
mnist,proposed,2024,378,0.99098548,0.02387264,0.99288533
mnist,proposed,2024,379,0.98690014,0.00254252,0.99994097
mnist,proposed,2024,380,0.98688269,0.03941366,1.00061117
mnist,proposed,2024,381,0.99652892,0.00983898,1.01157148
mnist,proposed,2024,382,0.98062733,0.00514693,0.9885276
mnist,proposed,2024,383,0.99201182,0.05471034,1.01898159
mnist,proposed,2024,384,0.99617357,0.03534757,1.00167426
mnist,proposed,2024,385,0.98485853,0.10015504,1.00524195
mnist,proposed,2024,386,0.97782755,0.03572272,0.99600319
mnist,proposed,2024,387,0.98279879,0.00822859,1.01149062
mnist,proposed,2024,388,0.979121,0.01006462,1.01804711
mnist,proposed,2024,389,0.97486433,0.06431634,0.983879
mnist,proposed,2024,390,0.98995545,0.03204785,0.99549357
mnist,proposed,2024,391,0.98018731,0.01830419,0.98216008
mnist,proposed,2024,392,0.98789095,0.01567741,0.99924367
mnist,proposed,2024,393,0.98340185,0.02683186,1.01352535
mnist,proposed,2024,394,0.99274545,0.05832875,0.98104886
mnist,proposed,2024,395,0.98476597,0.01695186,1.00617484
mnist,proposed,2024,396,0.99715505,0.07098335,1.0065213
mnist,proposed,2024,397,0.99186948,0.00442561,0.98907344
mnist,proposed,2024,398,0.98051564,0.01591357,1.01722283
mnist,proposed,2024,399,0.9828086,0.05720899,0.97721341
mnist,proposed,2024,400,0.98383894,0.02442547,0.99181371
mnist,proposed,2024,401,0.97961907,0.05868381,1.02085522
mnist,proposed,2024,402,0.98730353,0.00475726,0.99949907
mnist,proposed,2024,403,0.98684327,0.04195126,0.97701198
mnist,proposed,2024,404,0.99424461,0.04994383,0.9929558
mnist,proposed,2024,405,0.98376536,0.00163302,0.99592728
mnist,proposed,2024,406,0.98623105,0.07957304,1.01706361
mnist,proposed,2024,407,0.98526768,0.0106752,0.99636586
mnist,proposed,2024,408,0.99861144,0.01384248,0.99519954
mnist,proposed,2024,409,0.99726658,0.00594352,0.99817393
mnist,proposed,2024,410,0.99381618,0.03427067,1.01529531
mnist,proposed,2024,411,0.99172811,0.00120109,1.00012321
mnist,proposed,2024,412,0.98289103,0.05174959,0.997095
mnist,proposed,2024,413,0.98730516,0.05634806,0.97541284
mnist,proposed,2024,414,0.98549125,0.06820784,0.98764561
mnist,proposed,2024,415,0.98835646,0.02984912,1.00525245
mnist,proposed,2024,416,0.98617513,0.02446427,0.99429322
mnist,proposed,2024,417,0.99114623,0.04824735,1.0059775
mnist,proposed,2024,418,0.98937143,0.02072284,1.01355567
mnist,proposed,2024,419,0.99023465,0.01078516,1.02585648
mnist,proposed,2024,420,0.9805739,0.06923057,0.99996944
mnist,proposed,2024,421,0.98356023,0.08715897,0.99064781
mnist,proposed,2024,422,0.98220265,0.02771507,1.00352764
mnist,proposed,2024,423,0.9855329,0.08130412,0.9900997
mnist,proposed,2024,424,0.97915945,0.00927346,1.00188716
mnist,proposed,2024,425,0.98624127,0.03802556,0.99822949
mnist,proposed,2024,426,0.98836727,0.0164624,1.02761684
mnist,proposed,2024,427,0.97672641,0.00468208,0.99732654
mnist,proposed,2024,428,0.98210125,0.04611995,0.97879821
mnist,proposed,2024,429,0.9981032,0.04155106,0.98692923
mnist,proposed,2024,430,0.97852925,0.02519768,0.98426015
mnist,proposed,2024,431,0.98546562,0.04584993,0.98150756
mnist,proposed,2024,432,0.98928387,0.02052382,1.00124521
mnist,proposed,2024,433,0.98733857,0.05315665,1.0090661
mnist,proposed,2024,434,0.99649758,0.04631651,1.00640874
mnist,proposed,2024,435,0.98664025,0.01538466,0.99548414
mnist,proposed,2024,436,0.97866966,0.028482,1.00266564
mnist,proposed,2024,437,0.99778172,0.0232422,0.99250037
mnist,proposed,2024,438,0.98292476,0.00151805,0.99357146
mnist,proposed,2024,439,0.97688084,0.10729536,0.9922599
mnist,proposed,2024,440,0.98740023,0.0527475,0.99954394
mnist,proposed,2024,441,0.99860813,0.02006762,1.01071319
mnist,proposed,2024,442,0.97775905,0.03458713,0.99986131
mnist,proposed,2024,443,0.99571506,0.03659211,1.01090526
mnist,proposed,2024,444,0.98112877,0.05425044,1.00917903
mnist,proposed,2024,445,0.99236197,0.01408782,0.9917685
mnist,proposed,2024,446,0.98023295,0.01425114,0.97107834
mnist,proposed,2024,447,0.98919903,0.02511604,0.98413386
mnist,proposed,2024,448,0.9872776,0.06809124,1.00826675
mnist,proposed,2024,449,0.98499198,0.00040117,0.99013532
mnist,proposed,2024,450,0.98062865,0.01526702,1.01088535
mnist,proposed,2024,451,0.98980296,0.0095658,1.00185545
mnist,proposed,2024,452,0.98301664,0.03743262,0.98933152
mnist,proposed,2024,453,0.99341013,0.13051667,0.99340399
mnist,proposed,2024,454,0.98508126,0.00844877,1.00685026
mnist,proposed,2024,455,0.97813493,0.03624956,1.02422684
mnist,proposed,2024,456,0.98130946,0.0226196,1.02284641
mnist,proposed,2024,457,0.9902748,0.10111588,1.0082384
mnist,proposed,2024,458,0.97831399,0.05933804,0.98271526
mnist,proposed,2024,459,0.98981983,0.07102524,0.98767641
mnist,proposed,2024,460,0.98410409,0.01247805,1.00088064
mnist,proposed,2024,461,0.99010995,0.07163466,0.98948483
mnist,proposed,2024,462,0.99893073,0.02342451,1.00523004
mnist,proposed,2024,463,0.98865817,0.05360088,0.98861502
mnist,proposed,2024,464,0.9770413,0.03017201,1.01204425
mnist,proposed,2024,465,0.98610602,0.01561276,1.00311034
mnist,proposed,2024,466,0.98285367,0.04261215,1.02063617
mnist,proposed,2024,467,0.99285199,0.12571798,1.01435904
mnist,proposed,2024,468,0.9817499,0.09689276,1.01142502
mnist,proposed,2024,469,0.98348596,0.02178218,0.99442595
mnist,proposed,2024,470,0.9826451,0.00447351,1.00038346
mnist,proposed,2024,471,0.9837453,0.15598078,0.99815593
mnist,proposed,2024,472,0.98115097,0.08390431,1.00912698
mnist,proposed,2024,473,0.98598334,0.01532309,1.01881761
mnist,proposed,2024,474,0.97324713,0.0605682,1.03493349
mnist,proposed,2024,475,0.99250981,0.02892919,1.01350369
mnist,proposed,2024,476,0.98165715,0.02569248,1.01096605
mnist,proposed,2024,477,0.98931925,0.13106937,1.00482349
mnist,proposed,2024,478,0.99894728,0.06071064,0.98688762
mnist,proposed,2024,479,0.98636292,0.05161104,0.99685458
mnist,proposed,2024,480,0.98304393,0.02983382,0.98865043
mnist,proposed,2024,481,0.9912967,0.0281744,1.00843762
mnist,proposed,2024,482,0.99140622,0.02418834,1.00696796
mnist,proposed,2024,483,0.99592471,0.03108723,0.98669258
mnist,proposed,2024,484,0.99090085,0.04950701,1.03173146
mnist,proposed,2024,485,0.99120493,0.04101169,1.01493483
mnist,proposed,2024,486,0.9860472,0.06944088,1.00722229
mnist,proposed,2024,487,0.98376565,0.08596952,1.00313753
mnist,proposed,2024,488,0.98656547,0.02179644,0.98490734
mnist,proposed,2024,489,0.98276457,0.10221503,0.99801355
mnist,proposed,2024,490,0.97960773,0.02990691,0.99127721
mnist,proposed,2024,491,0.99016157,0.10612458,1.02618189
mnist,proposed,2024,492,0.96950827,0.02496953,0.98601243
mnist,proposed,2024,493,0.98941178,0.05798536,1.01474868
mnist,proposed,2024,494,0.99214456,0.02526893,1.00886247
mnist,proposed,2024,495,0.9882024,0.05445951,1.00576599
mnist,proposed,2024,496,0.97262484,0.09341803,0.99516897
mnist,proposed,2024,497,0.99047756,0.02831185,1.00553288
mnist,proposed,2024,498,0.98832144,0.01627781,1.01999662
mnist,proposed,2024,499,0.97480904,0.01947104,1.00791537
mnist,proposed,2024,500,0.999,0.03311764,1.01945728
mnist,proposed,2024,501,0.99307084,0.02140294,1.02219238
mnist,proposed,2024,502,0.9936331,0.0657524,0.99932414
mnist,proposed,2024,503,0.98673513,0.08573473,0.98849365
mnist,proposed,2024,504,0.98069128,0.00533347,1.01738473
mnist,proposed,2024,505,0.96859966,0.08304756,1.01682872
mnist,proposed,2024,506,0.99865041,0.06277948,0.99467036
mnist,proposed,2024,507,0.99249323,0.0543874,1.01506913
mnist,proposed,2024,508,0.98993898,0.06613455,1.01518638
mnist,proposed,2024,509,0.98202817,0.00873007,0.97076004
mnist,proposed,2024,510,0.99063864,0.10809205,0.97400192
mnist,proposed,2024,511,0.99747885,0.0104985,1.01199381
mnist,proposed,2024,512,0.99469262,0.05024195,0.98295742
mnist,proposed,2024,513,0.98212031,0.05085603,1.00764548
mnist,proposed,2024,514,0.98690011,0.02305923,0.99500922
mnist,proposed,2024,515,0.98306818,0.04628928,1.00463702
mnist,proposed,2024,516,0.98256469,0.10086735,1.00768044
mnist,proposed,2024,517,0.98506934,0.01847799,0.98531666
mnist,proposed,2024,518,0.97733994,0.04773009,0.98206016
mnist,proposed,2024,519,0.98522661,0.07662429,0.99506375
mnist,proposed,2024,520,0.99581894,0.04870149,0.98922826
mnist,proposed,2024,521,0.98920931,0.09585789,0.99529409
mnist,proposed,2024,522,0.98637013,0.03809781,1.00065354
mnist,proposed,2024,523,0.98805975,0.0103614,1.00585928
mnist,proposed,2024,524,0.98463064,0.0443004,0.9744932
mnist,proposed,2024,525,0.98705212,0.0098927,1.02044744
mnist,proposed,2024,526,0.98521722,0.02892716,0.95291058
mnist,proposed,2024,527,0.98685531,0.00992848,1.01230553
mnist,proposed,2024,528,0.98385628,0.02986996,0.97573854
mnist,proposed,2024,529,0.985761,0.0633306,0.98603762
mnist,proposed,2024,530,0.99232569,0.02488015,1.01340709
mnist,proposed,2024,531,0.98612053,0.06053012,0.99354943
mnist,proposed,2024,532,0.99140268,0.03587047,0.99560589
mnist,proposed,2024,533,0.98451664,0.00087263,0.98420648
mnist,proposed,2024,534,0.9880296,0.08200013,0.99514613
mnist,proposed,2024,535,0.98513806,0.05544984,0.99084208
mnist,proposed,2024,536,0.99082411,0.014246,1.03436089
mnist,proposed,2024,537,0.99447161,0.01017429,1.02134983
mnist,proposed,2024,538,0.97928991,0.02059139,0.98594131
mnist,proposed,2024,539,0.97958876,0.08051536,1.0231322
mnist,proposed,2024,540,0.989779,0.01448342,0.99636119
mnist,proposed,2024,541,0.98136787,0.04480021,1.00843522
mnist,proposed,2024,542,0.99639318,0.08410036,0.98865393
mnist,proposed,2024,543,0.98084998,0.001838,1.01454742
mnist,proposed,2024,544,0.97811347,0.02029062,0.99089137
mnist,proposed,2024,545,0.98322259,0.03487365,1.0006399
mnist,proposed,2024,546,0.99479066,0.07885358,0.99061802
mnist,proposed,2024,547,0.99407596,0.053609,1.00094603
mnist,proposed,2024,548,0.98838034,0.03013422,1.00862184
mnist,proposed,2024,549,0.98403738,0.0552723,0.99005326
mnist,proposed,2024,550,0.97918013,0.06089679,1.0180928
mnist,proposed,2024,551,0.98349646,0.02425323,1.00423386
mnist,proposed,2024,552,0.98927791,0.0200936,1.01277532
mnist,proposed,2024,553,0.98279056,0.04359118,0.99986537
mnist,proposed,2024,554,0.98162611,0.06188161,1.01079183
mnist,proposed,2024,555,0.99517751,0.00292345,0.97263329
mnist,proposed,2024,556,0.999,0.03547831,0.98707587
mnist,proposed,2024,557,0.98613985,0.00810383,1.00139388
mnist,proposed,2024,558,0.99239473,0.00791407,1.00366123
mnist,proposed,2024,559,0.98685475,0.05465366,1.01146222
mnist,proposed,2024,560,0.97174324,0.04286743,1.00125118
mnist,proposed,2024,561,0.999,0.0459374,0.99840192
mnist,proposed,2024,562,0.98616858,0.0859334,1.01933759
mnist,proposed,2024,563,0.9874211,0.00591842,1.01417062
mnist,proposed,2024,564,0.98430495,0.02100269,0.99032091
mnist,proposed,2024,565,0.98908392,0.05273592,1.00760908
mnist,proposed,2024,566,0.98016327,0.01239096,1.03212472
mnist,proposed,2024,567,0.99255114,0.00231248,0.99189165
mnist,proposed,2024,568,0.98820876,0.01324203,0.99728269
mnist,proposed,2024,569,0.98817939,0.0206612,1.01430898
mnist,proposed,2024,570,0.98224882,0.06904885,0.96994992
mnist,proposed,2024,571,0.99130376,0.01963324,1.01762915
mnist,proposed,2024,572,0.97997225,0.00933364,1.02040411
mnist,proposed,2024,573,0.98178968,0.00063182,0.99819363
mnist,proposed,2024,574,0.97362465,0.04374834,0.98605442
mnist,proposed,2024,575,0.98968143,0.0046106,1.00370317
mnist,proposed,2024,576,0.9912612,0.0938819,1.00364568
mnist,proposed,2024,577,0.98433442,0.04410313,1.01138791
mnist,proposed,2024,578,0.98790886,0.0413353,1.011203
mnist,proposed,2024,579,0.99377985,0.07143635,1.00156539
mnist,proposed,2024,580,0.99704274,0.01661227,0.9783944
mnist,proposed,2024,581,0.98388343,0.05807991,1.00401466
mnist,proposed,2024,582,0.98702801,0.01203904,0.98962757
mnist,proposed,2024,583,0.98450228,0.01673042,1.02162219
mnist,proposed,2024,584,0.98588614,0.00887289,0.98898358
mnist,proposed,2024,585,0.9872422,0.04062001,0.99913653
mnist,proposed,2024,586,0.98414038,0.04126028,0.99087735
mnist,proposed,2024,587,0.999,0.00956013,1.0026399
mnist,proposed,2024,588,0.99229246,0.04483271,1.01242028
mnist,proposed,2024,589,0.99102154,0.0671284,1.01520918
mnist,proposed,2024,590,0.98200927,0.0073842,0.99084076
mnist,proposed,2024,591,0.99005851,0.06154623,0.99489498
mnist,proposed,2024,592,0.98639206,0.01570275,1.03149355
mnist,proposed,2024,593,0.98843648,0.0909994,0.99264472
mnist,proposed,2024,594,0.98245906,0.00898266,1.00024873
mnist,proposed,2024,595,0.9939284,0.01353327,1.01367161
mnist,proposed,2024,596,0.98253163,0.10464915,1.00369986
mnist,proposed,2024,597,0.98296612,0.0234893,0.95840693
mnist,proposed,2024,598,0.97975432,0.03217568,0.99092778
mnist,proposed,2024,599,0.99774115,0.00144611,1.03434705
mnist,proposed,2024,600,0.99455554,0.04142813,0.99773443
mnist,proposed,2024,601,0.99651191,0.03176057,0.97278275
mnist,proposed,2024,602,0.98683482,0.04123266,0.9894474
mnist,proposed,2024,603,0.98980966,0.07589728,0.9964108
mnist,proposed,2024,604,0.99238104,0.04558198,0.9975677
mnist,proposed,2024,605,0.97998669,0.00349935,1.00883902
mnist,proposed,2024,606,0.98668215,0.06642297,0.98506515
mnist,proposed,2024,607,0.99076166,0.03600478,0.96941085
mnist,proposed,2024,608,0.99594757,0.04468434,1.03955177
mnist,proposed,2024,609,0.98917159,0.02396703,0.98968133
mnist,proposed,2024,610,0.9926179,0.02244573,1.01450365
mnist,proposed,2024,611,0.98821726,0.08721385,1.0075723
mnist,proposed,2024,612,0.98718291,0.08254738,1.00035448
mnist,proposed,2024,613,0.98658652,0.01465145,1.02264583
mnist,proposed,2024,614,0.98871269,0.01073894,0.99374177
mnist,proposed,2024,615,0.98329044,0.03009258,1.01468282
mnist,proposed,2024,616,0.99407103,0.02447464,1.00845334
mnist,proposed,2024,617,0.98652552,0.03993465,1.00975126
mnist,proposed,2024,618,0.98808479,0.05069516,0.99740239
mnist,proposed,2024,619,0.99282643,0.03041507,0.9794094
mnist,proposed,2024,620,0.99004486,0.03147618,0.98891949
mnist,proposed,2024,621,0.98549906,0.01050811,0.96331371
mnist,proposed,2024,622,0.99702903,0.00404533,1.02951565
mnist,proposed,2024,623,0.98836959,0.05955967,0.97881009
mnist,proposed,2024,624,0.98826746,0.11257731,1.00537502
mnist,proposed,2024,625,0.98486225,0.06125318,1.01172546
mnist,proposed,2024,626,0.98471494,0.0654948,1.03693366
mnist,proposed,2024,627,0.98572621,0.08959573,0.97363547
mnist,proposed,2024,628,0.97853224,0.04830782,1.00572711
mnist,proposed,2024,629,0.9761662,0.0051727,0.98852751
mnist,proposed,2024,630,0.98022,0.05676093,0.96811051
mnist,proposed,2024,631,0.99666787,0.0381692,0.99031751
mnist,proposed,2024,632,0.99122039,0.03409,0.99757625
mnist,proposed,2024,633,0.98353451,0.03821609,1.00787259
mnist,proposed,2024,634,0.98246659,0.03500879,1.00714606
mnist,proposed,2024,635,0.98916359,0.06046623,0.98872415
mnist,proposed,2024,636,0.99584348,0.02473962,1.00060443
mnist,proposed,2024,637,0.99152043,0.07568978,0.99066118
mnist,proposed,2024,638,0.99124535,0.07646621,0.98547865
mnist,proposed,2024,639,0.99596968,0.0564709,0.99738992
mnist,proposed,2024,640,0.98571181,0.00275531,1.00128185
mnist,proposed,2024,641,0.9769171,0.00461326,0.99093083
mnist,proposed,2024,642,0.98057226,0.02576113,1.00130876
mnist,proposed,2024,643,0.9929366,0.02513941,0.99845122
mnist,proposed,2024,644,0.9834635,0.06393221,1.00235119
mnist,proposed,2024,645,0.98396423,0.12312484,1.00737338
mnist,proposed,2024,646,0.9847793,0.0193287,0.99817853
mnist,proposed,2024,647,0.99070545,0.03366257,0.98965875
mnist,proposed,2024,648,0.98098579,0.03296328,1.00443853
mnist,proposed,2024,649,0.99038691,0.01553542,0.9948828
mnist,proposed,2024,650,0.97763905,0.03603423,1.01503106
mnist,proposed,2024,651,0.98450592,0.03986508,0.9791285
mnist,proposed,2024,652,0.98737315,0.01375942,0.98389783
mnist,proposed,2024,653,0.98106557,0.00638754,1.02233518
mnist,proposed,2024,654,0.97925397,0.07413067,1.00255486
mnist,proposed,2024,655,0.9922914,0.06157358,1.0055846
mnist,proposed,2024,656,0.99586273,0.05454576,1.00819837
mnist,proposed,2024,657,0.98599973,0.00635272,0.9740048
mnist,proposed,2024,658,0.98847453,0.01448993,0.96411374
mnist,proposed,2024,659,0.97846113,0.00856941,1.0127772
mnist,proposed,2024,660,0.98925803,0.03080323,0.98875085
mnist,proposed,2024,661,0.99435455,0.08877929,0.98515707
mnist,proposed,2024,662,0.98813086,0.02949735,1.00145545
mnist,proposed,2024,663,0.97651777,0.05626756,0.98258473
mnist,proposed,2024,664,0.98951653,0.01587125,1.01567652
mnist,proposed,2024,665,0.99086374,0.00772572,1.0220049
mnist,proposed,2024,666,0.99267513,0.00931502,0.9953867
mnist,proposed,2024,667,0.98655815,0.07434938,0.97943495
mnist,proposed,2024,668,0.98337632,0.01764748,0.98062579
mnist,proposed,2024,669,0.98312904,0.01462216,0.9873083
mnist,proposed,2024,670,0.99659575,0.06362526,0.9775424
mnist,proposed,2024,671,0.9894707,0.08910582,0.99945228
mnist,proposed,2024,672,0.999,0.0365684,1.01271492
mnist,proposed,2024,673,0.98717024,0.00562713,1.01372222
mnist,proposed,2024,674,0.98502367,0.05031413,1.00471099
mnist,proposed,2024,675,0.97997326,0.0236912,0.99305164
mnist,proposed,2024,676,0.98282505,0.09458647,0.98747301
mnist,proposed,2024,677,0.98116513,0.01071324,0.97994324
mnist,proposed,2024,678,0.98683691,0.05988222,1.04690348
mnist,proposed,2024,679,0.9941693,0.06903489,1.00482605
mnist,proposed,2024,680,0.98855313,0.04114514,1.00378486
mnist,proposed,2024,681,0.97860508,0.02913871,1.00570517
mnist,proposed,2024,682,0.98995435,0.01735566,0.99794739
mnist,proposed,2024,683,0.97691529,0.09284902,1.01310031
mnist,proposed,2024,684,0.98680991,0.02003206,0.99517106
mnist,proposed,2024,685,0.99627095,0.01502821,1.00170791
mnist,proposed,2024,686,0.99442441,0.01401048,0.99289275
mnist,proposed,2024,687,0.98648172,0.02786506,1.0185537
mnist,proposed,2024,688,0.999,0.06984851,1.01290847
mnist,proposed,2024,689,0.98826116,0.13342763,1.01489272
mnist,proposed,2024,690,0.97717052,0.03142446,0.99288189
mnist,proposed,2024,691,0.99084477,0.02929318,0.9938611
mnist,proposed,2024,692,0.98521132,0.02820257,0.99589797
mnist,proposed,2024,693,0.98092803,0.04544887,1.01473822
mnist,proposed,2024,694,0.999,0.00012155,1.01768356
mnist,proposed,2024,695,0.98583657,0.00957197,1.00941655
mnist,proposed,2024,696,0.99227004,0.038025,0.99298557
mnist,proposed,2024,697,0.999,0.06026338,0.98885443
mnist,proposed,2024,698,0.97571982,0.03526616,1.0145296
mnist,proposed,2024,699,0.99417822,0.00269487,1.00934286
mnist,proposed,2024,700,0.98051523,0.07190303,1.01264444
mnist,proposed,2024,701,0.98748615,0.0228214,0.9825186
mnist,proposed,2024,702,0.97859164,0.08553045,1.01254981
mnist,proposed,2024,703,0.99028495,0.10943431,0.99773702
mnist,proposed,2024,704,0.98564746,0.06263256,1.00804089
mnist,proposed,2024,705,0.99391705,0.00552332,1.0282588
mnist,proposed,2024,706,0.98496131,0.07366429,1.0086846
mnist,proposed,2024,707,0.98226899,0.0030997,0.99813126
mnist,proposed,2024,708,0.99059438,0.02563669,1.02641248
mnist,proposed,2024,709,0.9743823,0.06148404,0.99838725
mnist,proposed,2024,710,0.98879485,0.0602132,1.00909807
mnist,proposed,2024,711,0.98321817,0.08653705,1.00388711
mnist,proposed,2024,712,0.99317219,0.09974874,0.98741116
mnist,proposed,2024,713,0.99369358,0.08443536,1.02881164
mnist,proposed,2024,714,0.99853142,0.00395183,1.00102586
mnist,proposed,2024,715,0.98416352,0.01780442,1.01666138
mnist,proposed,2024,716,0.98990578,0.03884258,0.99117532
mnist,proposed,2024,717,0.98500402,0.02529542,1.0111426
mnist,proposed,2024,718,0.97892244,0.11194344,0.99490171
mnist,proposed,2024,719,0.98423845,0.07995422,0.99998058
mnist,proposed,2024,720,0.98276081,0.02292178,0.97971087
mnist,proposed,2024,721,0.9958919,0.05155378,0.99604386
mnist,proposed,2024,722,0.98941422,0.01399941,0.9918635
mnist,proposed,2024,723,0.98584644,0.06006685,1.01299026
mnist,proposed,2024,724,0.99039677,0.00411575,1.02044165
mnist,proposed,2024,725,0.97901497,0.02809495,0.99180757
mnist,proposed,2024,726,0.98953712,0.0337246,1.02986872
mnist,proposed,2024,727,0.98417704,0.03114205,1.01064364
mnist,proposed,2024,728,0.98281502,0.0103026,1.00836609
mnist,proposed,2024,729,0.98679494,0.05712084,0.98525922
mnist,proposed,2024,730,0.98277405,0.00465982,1.02507301
mnist,proposed,2024,731,0.99301731,0.00960792,0.97950017
mnist,proposed,2024,732,0.999,0.02979969,1.00958616
mnist,proposed,2024,733,0.98350672,0.02425265,0.99910018
mnist,proposed,2024,734,0.99216477,0.02449588,0.99248334
mnist,proposed,2024,735,0.98980374,0.08971648,0.99730718
mnist,proposed,2024,736,0.99301502,0.00816036,0.9928297
mnist,proposed,2024,737,0.98778725,0.04219839,0.99710638
mnist,proposed,2024,738,0.99798464,0.09730925,1.00690722
mnist,proposed,2024,739,0.98637669,0.00430025,0.9886826
mnist,proposed,2024,740,0.97874188,0.01348853,1.01902351
mnist,proposed,2024,741,0.9859696,0.06525764,0.99627701
mnist,proposed,2024,742,0.98673285,0.02000908,1.00186265
mnist,proposed,2024,743,0.98404432,0.03409706,1.00668153
mnist,proposed,2024,744,0.99008618,0.01850458,1.02929797
mnist,proposed,2024,745,0.97178816,0.05155941,1.00293975
mnist,proposed,2024,746,0.98397017,0.03842833,0.97858989
mnist,proposed,2024,747,0.98851777,0.02630018,1.00916705
mnist,proposed,2024,748,0.98562527,0.08309504,1.01305515
mnist,proposed,2024,749,0.98966532,0.02563111,0.97215236
mnist,proposed,2024,750,0.99393532,0.0008252,0.98269638
mnist,proposed,2024,751,0.99509957,0.01621509,0.97114253
mnist,proposed,2024,752,0.98902607,0.03423241,1.00613795
mnist,proposed,2024,753,0.99376064,0.01418943,0.9982048
mnist,proposed,2024,754,0.98744901,0.01082079,0.99377513
mnist,proposed,2024,755,0.98947848,0.04308183,1.02097413
mnist,proposed,2024,756,0.98160813,0.01898532,1.00447711
mnist,proposed,2024,757,0.98678042,0.08149684,1.01041864
mnist,proposed,2024,758,0.9834312,0.04445154,0.99180659
mnist,proposed,2024,759,0.98418033,0.06879353,0.9798485
mnist,proposed,2024,760,0.98198819,0.05339737,1.01533498
mnist,proposed,2024,761,0.99395114,0.11474147,0.99310686
mnist,proposed,2024,762,0.98987376,0.04849411,0.97816104
mnist,proposed,2024,763,0.994516,0.03152963,1.01475891
mnist,proposed,2024,764,0.98544856,0.00636414,1.00638093
mnist,proposed,2024,765,0.99074902,0.00466043,1.00354976
mnist,proposed,2024,766,0.98800538,0.03651709,0.99341883
mnist,proposed,2024,767,0.98758769,0.10588455,0.98988586
mnist,proposed,2024,768,0.999,0.0085577,1.02081074
mnist,proposed,2024,769,0.98484495,0.01305504,0.98939195
mnist,proposed,2024,770,0.98035664,0.02983592,0.99304362
mnist,proposed,2024,771,0.98053422,0.05299047,1.01790783
mnist,proposed,2024,772,0.99627694,0.00215628,0.99562439
mnist,proposed,2024,773,0.99242417,0.05290477,1.01977893
mnist,proposed,2024,774,0.97997865,0.02831432,0.99808777
mnist,proposed,2024,775,0.9853406,0.03145792,0.98296774
mnist,proposed,2024,776,0.98272482,0.08932984,1.00933053
mnist,proposed,2024,777,0.97088503,0.07703501,1.0148717
mnist,proposed,2024,778,0.98406232,0.01521172,1.00108493
mnist,proposed,2024,779,0.98358729,0.06787092,1.01016042
mnist,proposed,2024,780,0.98019907,0.0688376,0.99940385
mnist,proposed,2024,781,0.98148262,0.01042864,1.03015868
mnist,proposed,2024,782,0.98839919,0.06626082,0.98831581
mnist,proposed,2024,783,0.98805238,0.02966651,0.98245224
mnist,proposed,2024,784,0.99082309,0.03816506,1.00193384
mnist,proposed,2024,785,0.98220687,0.07085984,0.98415561
mnist,proposed,2024,786,0.98112128,0.02164822,1.01413155
mnist,proposed,2024,787,0.98881763,0.00395568,0.99945774
mnist,proposed,2024,788,0.97716096,0.0095184,1.01173677
mnist,proposed,2024,789,0.98367736,0.04908045,0.99587476
mnist,proposed,2024,790,0.98070592,0.04654416,0.98769863
mnist,proposed,2024,791,0.98929564,0.01560458,1.01247575
mnist,proposed,2024,792,0.98742016,0.02744081,0.97564612
mnist,proposed,2024,793,0.98161024,0.04826786,0.99866575
mnist,proposed,2024,794,0.99726466,0.00883507,1.00235132
mnist,proposed,2024,795,0.9965942,0.11345048,0.9804055
mnist,proposed,2024,796,0.98952154,0.09766246,1.01402928
mnist,proposed,2024,797,0.98933177,0.00778428,0.98564254
mnist,proposed,2024,798,0.999,0.00401269,1.00859795
mnist,proposed,2024,799,0.98658688,0.00807656,1.01229984
mnist,proposed,2024,800,0.98112787,0.03874444,1.01435592
mnist,proposed,2024,801,0.98449932,0.01592091,1.01212417
mnist,proposed,2024,802,0.98890052,0.05656578,1.00435884
mnist,proposed,2024,803,0.98978597,0.00783853,0.97002866
mnist,proposed,2024,804,0.97787338,0.0283432,1.01501731
mnist,proposed,2024,805,0.98153101,0.00919026,1.01167286
mnist,proposed,2024,806,0.98714635,0.08988233,1.01254372
mnist,proposed,2024,807,0.99415686,0.01975294,0.9747648
mnist,proposed,2024,808,0.98424192,0.03154705,0.99382043
mnist,proposed,2024,809,0.99281751,0.05279677,1.00103343
mnist,proposed,2024,810,0.98639717,0.02252806,1.02100665
mnist,proposed,2024,811,0.99395499,0.04868535,1.00710146
mnist,proposed,2024,812,0.98109488,0.12358609,0.98159637
mnist,proposed,2024,813,0.98821135,0.02073191,1.02951435
mnist,proposed,2024,814,0.98210571,0.05935032,1.00904316
mnist,proposed,2024,815,0.97522111,0.01656977,1.00102088
mnist,proposed,2024,816,0.98162548,0.09032818,0.97213342
mnist,proposed,2024,817,0.98866859,0.0287697,1.01816902
mnist,proposed,2024,818,0.98279582,0.02451148,0.99084703
mnist,proposed,2024,819,0.98979419,0.04818021,1.00265064
mnist,proposed,2024,820,0.9816851,0.04500415,0.98377989
mnist,proposed,2024,821,0.98898119,0.04814867,0.99425459
mnist,proposed,2024,822,0.98880786,0.00260869,1.00064153
mnist,proposed,2024,823,0.99348288,0.08717419,0.98682037
mnist,proposed,2024,824,0.98488243,0.04122842,1.01239743
mnist,proposed,2024,825,0.98829769,0.02089505,0.96462527
mnist,proposed,2024,826,0.99147506,0.078007,1.00006947
mnist,proposed,2024,827,0.981147,0.0447648,1.00603183
mnist,proposed,2024,828,0.98363318,0.09485182,1.00329283
mnist,proposed,2024,829,0.98344709,0.05398972,1.00190375
mnist,proposed,2024,830,0.98617688,0.04761411,0.98923566
mnist,proposed,2024,831,0.97948346,0.02705071,0.97659846
mnist,proposed,2024,832,0.99644011,0.14670691,1.01406872
mnist,proposed,2024,833,0.999,0.00284008,0.97975863
mnist,proposed,2024,834,0.97759886,0.01904732,1.00314175
mnist,proposed,2024,835,0.98877366,0.00973009,1.00477297
mnist,proposed,2024,836,0.97621785,0.0540697,0.98970756
mnist,proposed,2024,837,0.99133749,0.01833151,0.99082757
mnist,proposed,2024,838,0.98995293,0.00286666,0.99027462
mnist,proposed,2024,839,0.98568863,0.01917111,1.03496787
mnist,proposed,2024,840,0.98522875,0.0008451,1.00519751
mnist,proposed,2024,841,0.99519416,0.0174221,0.98144191
mnist,proposed,2024,842,0.98194676,0.08827484,1.02687662
mnist,proposed,2024,843,0.98568359,0.10691655,1.0204527
mnist,proposed,2024,844,0.99814631,0.103232,0.99703103
mnist,proposed,2024,845,0.98016524,0.0898472,0.99749235
mnist,proposed,2024,846,0.99684217,0.02675098,1.00893122
mnist,proposed,2024,847,0.99012972,0.00683412,0.98830455
mnist,proposed,2024,848,0.98503931,0.08362747,0.98149852
mnist,proposed,2024,849,0.98498068,0.00120503,1.00748159
mnist,proposed,2024,850,0.98419177,0.03981141,1.01283671
mnist,proposed,2024,851,0.98748877,0.00498411,0.98248205
mnist,proposed,2024,852,0.999,0.02535033,1.01754453
mnist,proposed,2024,853,0.98517458,0.00863378,0.98470177
mnist,proposed,2024,854,0.98957374,0.06247424,0.98053021
mnist,proposed,2024,855,0.999,0.08300726,0.98373062
mnist,proposed,2024,856,0.97682439,0.03036133,1.01215602
mnist,proposed,2024,857,0.9887048,0.0515098,0.98177182
mnist,proposed,2024,858,0.98592374,0.05914451,0.98195416
mnist,proposed,2024,859,0.999,0.0108694,0.99565768
mnist,proposed,2024,860,0.99259585,0.02699715,0.98096914
mnist,proposed,2024,861,0.98727036,0.00081967,0.9969086
mnist,proposed,2024,862,0.98459915,0.00186076,0.98584324
mnist,proposed,2024,863,0.98809607,0.02841094,1.01075189
mnist,proposed,2024,864,0.97744735,0.03423165,0.98643058
mnist,proposed,2024,865,0.99580729,0.04915327,0.98719697
mnist,proposed,2024,866,0.999,0.00410401,0.992842
mnist,proposed,2024,867,0.98652942,0.00549405,1.01279317
mnist,proposed,2024,868,0.98998448,0.02439388,1.02488638
mnist,proposed,2024,869,0.97502288,0.00097852,1.01142941
mnist,proposed,2024,870,0.99148927,0.02105234,0.98145895
mnist,proposed,2024,871,0.98681791,0.13527535,1.02122598
mnist,proposed,2024,872,0.99020515,0.0161405,0.9981174
mnist,proposed,2024,873,0.99692131,0.05539901,0.99282681
mnist,proposed,2024,874,0.98896386,0.00103938,1.00150648
mnist,proposed,2024,875,0.98618784,0.03576567,0.98303344
mnist,proposed,2024,876,0.98364238,0.0568837,1.00908978
mnist,proposed,2024,877,0.98474727,0.01528777,0.97959893
mnist,proposed,2024,878,0.98670115,0.04114161,0.9996593
mnist,proposed,2024,879,0.99698486,0.06320398,0.99676433
mnist,proposed,2024,880,0.99438947,0.00140742,1.00003286
mnist,proposed,2024,881,0.98150342,0.02879792,1.01625012
mnist,proposed,2024,882,0.98583157,0.0046,0.99887898
mnist,proposed,2024,883,0.9870993,0.07147733,1.01318599
mnist,proposed,2024,884,0.99190205,0.01885589,1.0146158
mnist,proposed,2024,885,0.98688515,0.04584834,1.01438281
mnist,proposed,2024,886,0.99303883,0.02157366,0.99820776
mnist,proposed,2024,887,0.98430182,0.07298656,1.01868125
mnist,proposed,2024,888,0.98889375,0.00493725,1.00814969
mnist,proposed,2024,889,0.98859194,0.04725886,0.98108445
mnist,proposed,2024,890,0.98005004,0.07553913,0.96765759
mnist,proposed,2024,891,0.99569808,0.08268329,1.00060429
mnist,proposed,2024,892,0.97433444,0.04505988,0.97854123
mnist,proposed,2024,893,0.98159777,0.02615908,1.03300261
mnist,proposed,2024,894,0.97364519,0.00588173,1.00659679
mnist,proposed,2024,895,0.99278597,0.06133167,0.99979745
mnist,proposed,2024,896,0.98929585,0.01273179,1.02812962
mnist,proposed,2024,897,0.97618661,0.00269112,1.01720064
mnist,proposed,2024,898,0.99184634,0.00240083,1.02361261
mnist,proposed,2024,899,0.98457253,0.02848526,1.02514779
mnist,proposed,2024,900,0.98241341,0.00613652,1.00493112
mnist,proposed,2024,901,0.99252495,0.02564274,0.98710303
mnist,proposed,2024,902,0.99042865,0.08835766,1.0056163
mnist,proposed,2024,903,0.97750086,0.02834075,1.02024783
mnist,proposed,2024,904,0.98665539,0.03137563,1.01274621
mnist,proposed,2024,905,0.98219169,0.05780389,0.9899245
mnist,proposed,2024,906,0.98044795,0.07341977,1.00123962
mnist,proposed,2024,907,0.98007056,0.05923071,1.02793986
mnist,proposed,2024,908,0.98604371,0.01523792,1.01290075
mnist,proposed,2024,909,0.98940274,0.09013128,0.98538207
mnist,proposed,2024,910,0.98876269,0.04214632,0.9971044
mnist,proposed,2024,911,0.98645383,0.03337357,0.9840072
mnist,proposed,2024,912,0.98239441,0.04474567,0.99657026
mnist,proposed,2024,913,0.99154931,0.00298655,1.00841899
mnist,proposed,2024,914,0.98792359,0.03612161,1.00533019
mnist,proposed,2024,915,0.98351948,0.02740538,1.00417313
mnist,proposed,2024,916,0.99511514,0.01971654,1.00184381
mnist,proposed,2024,917,0.98319958,0.00243081,1.00751893
mnist,proposed,2024,918,0.98691563,0.0366346,0.99691621
mnist,proposed,2024,919,0.98827523,0.04907242,0.99660384
mnist,proposed,2024,920,0.98897666,0.02708414,0.98073009
mnist,proposed,2024,921,0.98954608,0.03650987,0.99919219
mnist,proposed,2024,922,0.99032835,0.05495432,1.00672243
mnist,proposed,2024,923,0.98432368,0.0058123,1.00712714
mnist,proposed,2024,924,0.98870345,0.03223836,0.99283056
mnist,proposed,2024,925,0.98992443,0.01085331,1.00777324
mnist,proposed,2024,926,0.97447305,0.0629622,1.01361552
mnist,proposed,2024,927,0.983811,0.01060188,0.98446575
mnist,proposed,2024,928,0.99313433,0.02194837,1.00034712
mnist,proposed,2024,929,0.98751505,0.00960191,0.9733302
mnist,proposed,2024,930,0.99062632,0.06018231,0.99441599
mnist,proposed,2024,931,0.97571805,0.07063796,1.00248908
mnist,proposed,2024,932,0.98059561,0.04995851,0.9909203
mnist,proposed,2024,933,0.98593301,0.01713977,1.01488976
mnist,proposed,2024,934,0.98472488,0.05104643,0.99908493
mnist,proposed,2024,935,0.99100856,0.01234282,0.99258155
mnist,proposed,2024,936,0.98011049,0.0331865,0.98422755
mnist,proposed,2024,937,0.98045162,0.05098033,1.00479561
mnist,proposed,2024,938,0.98263656,0.0757491,1.03379764
mnist,proposed,2024,939,0.99196219,0.11738184,1.00169597
mnist,proposed,2024,940,0.97419082,0.04328398,0.98451226
mnist,proposed,2024,941,0.98387418,0.06691346,1.00602848
mnist,proposed,2024,942,0.97972027,0.01569492,1.00693158
mnist,proposed,2024,943,0.98932383,0.02402304,0.98997371
mnist,proposed,2024,944,0.98081439,0.00815111,0.98853397
mnist,proposed,2024,945,0.9833218,0.00893495,1.00247981
mnist,proposed,2024,946,0.98850936,0.01695718,0.98894397
mnist,proposed,2024,947,0.98986896,0.04318754,1.01003288
mnist,proposed,2024,948,0.97736165,0.03931341,1.00168718
mnist,proposed,2024,949,0.97973454,0.06110109,1.00604894
mnist,proposed,2024,950,0.98865029,0.10659817,1.03364576
mnist,proposed,2024,951,0.999,0.01582788,1.00588959
mnist,proposed,2024,952,0.999,0.004163,1.01902331
mnist,proposed,2024,953,0.98930971,0.0419863,1.0029327
mnist,proposed,2024,954,0.98852804,0.03800746,0.99189477
mnist,proposed,2024,955,0.98893454,0.0727434,1.02871945
mnist,proposed,2024,956,0.99190926,0.00044212,1.03274269
mnist,proposed,2024,957,0.98752938,0.11866857,1.01581882
mnist,proposed,2024,958,0.98488168,0.14209902,1.00355144
mnist,proposed,2024,959,0.999,0.0438535,0.98989155
mnist,proposed,2024,960,0.98672784,0.00405949,1.00742796
mnist,proposed,2024,961,0.96507022,0.0091907,0.99281896
mnist,proposed,2024,962,0.98156961,0.03268067,1.02008552
mnist,proposed,2024,963,0.98409589,0.01232785,0.98219452
mnist,proposed,2024,964,0.98595684,0.03153996,1.00188851
mnist,proposed,2024,965,0.98938957,0.07440013,1.01005372
mnist,proposed,2024,966,0.98992556,0.07671671,1.00600954
mnist,proposed,2024,967,0.98957845,0.02532241,1.02727707
mnist,proposed,2024,968,0.98765829,0.00208982,0.9873865
mnist,proposed,2024,969,0.994789,0.04577267,0.99871298
mnist,proposed,2024,970,0.99086938,0.06595597,0.97569921
mnist,proposed,2024,971,0.98188969,0.01144502,0.98470558
mnist,proposed,2024,972,0.97674618,0.01066506,0.98920832
mnist,proposed,2024,973,0.99329874,0.02918325,0.99395634
mnist,proposed,2024,974,0.98660879,0.03378474,0.97919028
mnist,proposed,2024,975,0.98355731,0.03502543,1.01660388
mnist,proposed,2024,976,0.98756741,0.03969705,1.00407501
mnist,proposed,2024,977,0.98843639,0.05610868,1.00174881
mnist,proposed,2024,978,0.99052381,0.07292048,0.98549821
mnist,proposed,2024,979,0.98252957,0.07036496,1.01486378
mnist,proposed,2024,980,0.98187401,0.07054549,0.99077661
mnist,proposed,2024,981,0.98663221,0.00294706,1.0101308
mnist,proposed,2024,982,0.98758949,0.03997084,0.97268688
mnist,proposed,2024,983,0.97279974,0.07588833,0.97204124
mnist,proposed,2024,984,0.99536894,0.09933498,0.99179584
mnist,proposed,2024,985,0.98425657,0.12273574,0.98837994
mnist,proposed,2024,986,0.99500759,0.03177491,0.97046827
mnist,proposed,2024,987,0.98308012,0.03635647,1.02076501
mnist,proposed,2024,988,0.98405265,0.02221527,1.00464316
mnist,proposed,2024,989,0.98289364,0.03938781,0.99932438
mnist,proposed,2024,990,0.98711894,0.0064184,1.00735058
mnist,proposed,2024,991,0.99102545,0.02790271,1.00932814
mnist,proposed,2024,992,0.98881129,0.03242406,0.98602106
mnist,proposed,2024,993,0.98309981,0.00992938,1.00958451
mnist,proposed,2024,994,0.98810222,0.09918707,1.0222043
mnist,proposed,2024,995,0.98510337,0.05203074,0.98608826
mnist,proposed,2024,996,0.99263962,0.06252249,1.02749791
mnist,proposed,2024,997,0.97974283,0.03204477,0.9846968
mnist,proposed,2024,998,0.99231475,0.00172817,1.00360695
mnist,proposed,2024,999,0.99392778,0.11901175,1.01791104
mnist,proposed,4096,0,0.99165497,0.01615089,0.98881332
mnist,proposed,4096,1,0.98533213,0.01209214,0.9930559
mnist,proposed,4096,2,0.99222398,0.00793728,1.00097523
mnist,proposed,4096,3,0.98638238,0.01764804,1.03463976
mnist,proposed,4096,4,0.99099626,0.05238367,0.99520201
mnist,proposed,4096,5,0.9769424,0.10657238,0.9940927
mnist,proposed,4096,6,0.98168793,0.03446509,1.00850355
mnist,proposed,4096,7,0.98328532,0.03349843,1.01219773
mnist,proposed,4096,8,0.98374672,0.02780715,1.01748245
mnist,proposed,4096,9,0.99244353,0.00852692,0.98908547
mnist,proposed,4096,10,0.98821641,0.08985429,0.9964297
mnist,proposed,4096,11,0.98355539,0.01208539,0.98517006
mnist,proposed,4096,12,0.98861079,0.09641168,1.0133705
mnist,proposed,4096,13,0.98820814,0.01459299,0.97663365
mnist,proposed,4096,14,0.99825157,0.01717364,1.01297793
mnist,proposed,4096,15,0.98665735,0.07541229,0.99504384
mnist,proposed,4096,16,0.99644993,0.01086681,1.00504668
mnist,proposed,4096,17,0.98939659,0.00212432,0.9942252
mnist,proposed,4096,18,0.9860651,0.00330556,1.00891209
mnist,proposed,4096,19,0.97806485,0.02447733,0.99322324
mnist,proposed,4096,20,0.98153577,0.0104985,1.00211557
mnist,proposed,4096,21,0.99695727,0.04704035,0.99371368
mnist,proposed,4096,22,0.98240053,0.01111872,1.02203346
mnist,proposed,4096,23,0.97701344,0.00167654,1.01216378
mnist,proposed,4096,24,0.99383738,0.05195544,1.00315549
mnist,proposed,4096,25,0.98295855,0.06055808,1.02344333
mnist,proposed,4096,26,0.986489,0.01041781,1.01491672
mnist,proposed,4096,27,0.99270689,0.06281624,1.00487439
mnist,proposed,4096,28,0.98158904,0.06507848,1.00469857
mnist,proposed,4096,29,0.98633159,0.02154506,0.98839801
mnist,proposed,4096,30,0.99187063,0.0891281,0.99969855
mnist,proposed,4096,31,0.99048585,0.01757202,1.00960267
mnist,proposed,4096,32,0.98888997,0.03904526,1.0205436
mnist,proposed,4096,33,0.98183708,0.01741075,0.98756929
mnist,proposed,4096,34,0.98371785,0.017941,0.99745444
mnist,proposed,4096,35,0.98729315,0.01457482,0.98488919
mnist,proposed,4096,36,0.99517884,0.03490126,1.00562089
mnist,proposed,4096,37,0.98817621,0.00875268,1.01985844
mnist,proposed,4096,38,0.999,0.00523159,1.03017679
mnist,proposed,4096,39,0.999,0.04596027,1.01426168
mnist,proposed,4096,40,0.99899964,0.04978484,1.01201039
mnist,proposed,4096,41,0.98676962,0.00765606,1.0040049
mnist,proposed,4096,42,0.999,0.06079378,0.99253106
mnist,proposed,4096,43,0.98968553,0.07346205,0.99908583
mnist,proposed,4096,44,0.999,0.04321568,0.99975608
mnist,proposed,4096,45,0.98135987,0.07129379,1.00397167
mnist,proposed,4096,46,0.98636813,0.06563992,1.01243091
mnist,proposed,4096,47,0.99434463,0.05019431,0.99882062
mnist,proposed,4096,48,0.98683231,0.00258932,1.0101018
mnist,proposed,4096,49,0.99558506,0.01466545,0.97364709
mnist,proposed,4096,50,0.97854105,0.04553764,0.99665291
mnist,proposed,4096,51,0.9877113,0.02727248,0.99536191
mnist,proposed,4096,52,0.98420347,0.04170126,1.00980243
mnist,proposed,4096,53,0.994698,0.09446739,1.01438124
mnist,proposed,4096,54,0.98671071,0.02688443,1.02876055
mnist,proposed,4096,55,0.97661041,0.00117052,0.9962401
mnist,proposed,4096,56,0.999,0.00653866,0.99816949
mnist,proposed,4096,57,0.99832176,0.07482867,1.02232688
mnist,proposed,4096,58,0.99519681,0.02517861,0.99659822
mnist,proposed,4096,59,0.97779534,0.00941283,1.01971204
mnist,proposed,4096,60,0.98749387,0.07387709,1.02229048
mnist,proposed,4096,61,0.98525504,0.06818611,0.99001618
mnist,proposed,4096,62,0.98994056,0.05470423,1.02220437
mnist,proposed,4096,63,0.99022171,0.00470041,1.01028654
mnist,proposed,4096,64,0.97424539,0.03737508,1.00109507
mnist,proposed,4096,65,0.98353155,0.12150973,0.97455072
mnist,proposed,4096,66,0.98567853,0.07332812,0.9996429
mnist,proposed,4096,67,0.99137176,0.0689263,0.99006387
mnist,proposed,4096,68,0.99816678,0.0704865,0.99830373
mnist,proposed,4096,69,0.99199734,0.04618231,1.0099446
mnist,proposed,4096,70,0.98389582,0.04038921,1.00531639
mnist,proposed,4096,71,0.99132475,0.00181308,0.99912736
mnist,proposed,4096,72,0.98743543,0.03057824,0.98324436
mnist,proposed,4096,73,0.99088243,0.05135518,0.98827719
mnist,proposed,4096,74,0.98714251,0.06828504,1.01131947
mnist,proposed,4096,75,0.98753029,0.01967798,0.98288517
mnist,proposed,4096,76,0.98213767,0.04974176,0.99819066
mnist,proposed,4096,77,0.97732624,0.12043767,0.9785979
mnist,proposed,4096,78,0.99102665,0.02644747,1.00819641
mnist,proposed,4096,79,0.98406287,0.02990597,0.99363588
mnist,proposed,4096,80,0.98510708,0.04886095,1.00838371
mnist,proposed,4096,81,0.98866768,0.00230527,1.03073889
mnist,proposed,4096,82,0.98853204,0.02101342,0.99523192
mnist,proposed,4096,83,0.98830561,0.01308387,1.00432265
mnist,proposed,4096,84,0.98669704,0.09716239,0.99967201
mnist,proposed,4096,85,0.98803899,0.0279122,1.02003892
mnist,proposed,4096,86,0.98665509,0.06700846,0.9942874
mnist,proposed,4096,87,0.9852554,0.00520027,1.01076999
mnist,proposed,4096,88,0.97652894,0.03773898,1.00804731
mnist,proposed,4096,89,0.9871554,0.02153535,1.0105659
mnist,proposed,4096,90,0.99290742,0.03672912,1.01738158
mnist,proposed,4096,91,0.98960744,0.0628995,0.99670042
mnist,proposed,4096,92,0.9809322,0.01885842,0.98132959
mnist,proposed,4096,93,0.98648572,0.06698506,1.01040775
mnist,proposed,4096,94,0.99362332,0.01811276,0.99605051
mnist,proposed,4096,95,0.99394877,0.00482332,1.02737806
mnist,proposed,4096,96,0.9917595,0.03195093,0.98562951
mnist,proposed,4096,97,0.99263393,0.01244165,1.01015262
mnist,proposed,4096,98,0.99196129,0.01614917,0.99576878
mnist,proposed,4096,99,0.99015972,0.02225811,1.02487219
mnist,proposed,4096,100,0.98272081,0.01648344,0.9823736
mnist,proposed,4096,101,0.99071855,0.00381679,0.99733801
mnist,proposed,4096,102,0.98481813,0.04680346,0.98467677
mnist,proposed,4096,103,0.97962765,0.01110824,1.01697842
mnist,proposed,4096,104,0.97981881,0.0519984,1.00312735
mnist,proposed,4096,105,0.99152698,0.05668109,1.00124172
mnist,proposed,4096,106,0.98342742,0.01054895,1.00927329
mnist,proposed,4096,107,0.99509479,0.02199454,0.99333606
mnist,proposed,4096,108,0.99144764,0.08780553,1.00647539
mnist,proposed,4096,109,0.9899984,0.06455861,1.00717772
mnist,proposed,4096,110,0.97429506,0.04204834,0.99187239
mnist,proposed,4096,111,0.99168008,0.05795356,0.98675341
mnist,proposed,4096,112,0.97948147,0.07278409,1.00522098
mnist,proposed,4096,113,0.99006907,0.00989089,1.03232606
mnist,proposed,4096,114,0.99307348,0.00904932,1.00309375
mnist,proposed,4096,115,0.98885236,0.06665128,1.01599227
mnist,proposed,4096,116,0.98720514,0.03880532,1.00171129
mnist,proposed,4096,117,0.9905356,0.02210854,0.99734003
mnist,proposed,4096,118,0.97972185,0.06243353,1.00418631
mnist,proposed,4096,119,0.98768202,0.00353525,0.98604459
mnist,proposed,4096,120,0.98739394,0.02231094,0.99913318
mnist,proposed,4096,121,0.98729418,0.01644202,0.98467171
mnist,proposed,4096,122,0.98522923,0.02347799,0.98511857
mnist,proposed,4096,123,0.98662974,0.09178628,1.00156945
mnist,proposed,4096,124,0.99119731,0.03033399,1.01078909
mnist,proposed,4096,125,0.98782587,0.10437614,0.98161848
mnist,proposed,4096,126,0.9859639,0.01677946,0.99807042
mnist,proposed,4096,127,0.98843608,0.00875131,0.99497659
mnist,proposed,4096,128,0.98597677,0.08334631,0.99142681
mnist,proposed,4096,129,0.9953884,0.04366542,0.99994478
mnist,proposed,4096,130,0.98746021,0.01353288,0.97676273
mnist,proposed,4096,131,0.98187262,0.00604332,0.97705835
mnist,proposed,4096,132,0.9858623,0.01462266,1.03529493
mnist,proposed,4096,133,0.98413559,0.06409855,1.02198289
mnist,proposed,4096,134,0.98042155,0.0072767,0.9827321
mnist,proposed,4096,135,0.98783672,0.05344266,1.01677211
mnist,proposed,4096,136,0.98306863,0.04108712,0.97587275
mnist,proposed,4096,137,0.98589818,0.03999635,1.00230415
mnist,proposed,4096,138,0.99134176,0.03108171,1.01257339
mnist,proposed,4096,139,0.99286175,0.02509284,1.00319329
mnist,proposed,4096,140,0.97766262,0.01024749,1.02006258
mnist,proposed,4096,141,0.9875684,0.05677671,1.00977965
mnist,proposed,4096,142,0.98694665,0.02373346,1.00059067
mnist,proposed,4096,143,0.98415607,0.01343312,0.99606225
mnist,proposed,4096,144,0.99661935,0.07527574,0.97478687
mnist,proposed,4096,145,0.97882009,0.02346963,1.0158732
mnist,proposed,4096,146,0.98542898,0.07205872,0.95488845
mnist,proposed,4096,147,0.98459699,0.07123971,0.9901654
mnist,proposed,4096,148,0.98477254,0.18641371,1.00307711
mnist,proposed,4096,149,0.9886286,0.10226394,1.00034815
mnist,proposed,4096,150,0.98907397,0.00702099,0.99909255
mnist,proposed,4096,151,0.999,0.06156936,0.96583409
mnist,proposed,4096,152,0.97347351,0.0254938,0.99896019
mnist,proposed,4096,153,0.9926671,0.00320322,1.03683254
mnist,proposed,4096,154,0.97591529,0.03618093,1.01684448
mnist,proposed,4096,155,0.99319174,0.07030223,1.04028507
mnist,proposed,4096,156,0.99027242,0.03058153,0.97810565
mnist,proposed,4096,157,0.99683852,0.07592269,0.97369304
mnist,proposed,4096,158,0.98629301,0.06510256,0.97612235
mnist,proposed,4096,159,0.97364524,0.0933255,1.00657937
mnist,proposed,4096,160,0.98808294,0.02314929,1.02789267
mnist,proposed,4096,161,0.99468384,0.08705378,0.98886547
mnist,proposed,4096,162,0.98903133,0.09778238,0.99438665
mnist,proposed,4096,163,0.99640772,0.03450428,1.00467554
mnist,proposed,4096,164,0.97837904,0.00216221,0.99809195
mnist,proposed,4096,165,0.99552063,0.02859987,0.97574315
mnist,proposed,4096,166,0.98856602,0.03974993,1.01607751
mnist,proposed,4096,167,0.999,0.01721023,0.99816458
mnist,proposed,4096,168,0.98826117,0.00525736,1.01909378
mnist,proposed,4096,169,0.98658744,0.05899662,1.01262224
mnist,proposed,4096,170,0.98638365,0.04623625,1.01839104
mnist,proposed,4096,171,0.97866166,0.05946372,0.99612829
mnist,proposed,4096,172,0.98585282,0.00831591,1.01393734
mnist,proposed,4096,173,0.98431886,0.03010118,1.00060493
mnist,proposed,4096,174,0.99453094,0.04115037,0.97834561
mnist,proposed,4096,175,0.98207054,0.01676653,0.98164757
mnist,proposed,4096,176,0.99029641,0.016021,0.99240448
mnist,proposed,4096,177,0.9948727,0.02432195,0.98887614
mnist,proposed,4096,178,0.98183207,0.07275181,1.0047227
mnist,proposed,4096,179,0.97971137,0.03107297,0.99523039
mnist,proposed,4096,180,0.98592908,0.03210687,0.99501757
mnist,proposed,4096,181,0.999,0.04195365,0.97969521
mnist,proposed,4096,182,0.999,0.07069857,1.01031033
mnist,proposed,4096,183,0.98146484,0.08888937,1.0074299
mnist,proposed,4096,184,0.99059246,0.0171263,0.98094579
mnist,proposed,4096,185,0.98513818,0.02602336,0.99411938
mnist,proposed,4096,186,0.98918193,0.05669268,0.99349907
mnist,proposed,4096,187,0.99187433,0.02922833,0.98620826
mnist,proposed,4096,188,0.99440554,0.00264665,1.02666511
mnist,proposed,4096,189,0.98455503,0.0508085,0.97851622
mnist,proposed,4096,190,0.99203006,0.04081772,0.98919738
mnist,proposed,4096,191,0.9831866,0.00932463,1.00599389
mnist,proposed,4096,192,0.98586176,0.03281361,1.00140355
mnist,proposed,4096,193,0.99199226,0.05186593,0.99042392
mnist,proposed,4096,194,0.98502185,0.02771921,0.99075399
mnist,proposed,4096,195,0.99344575,0.00869656,1.02978809
mnist,proposed,4096,196,0.99511576,0.02736501,1.0031627
mnist,proposed,4096,197,0.999,0.01183071,1.0064932
mnist,proposed,4096,198,0.99117198,0.03311564,1.02012243
mnist,proposed,4096,199,0.98674616,0.03323188,1.00581904
mnist,proposed,4096,200,0.98096397,0.01909232,1.01271673
mnist,proposed,4096,201,0.98786312,0.02310639,0.96688584
mnist,proposed,4096,202,0.98387543,0.08428987,1.00793792
mnist,proposed,4096,203,0.99443486,0.01220659,1.00864742
mnist,proposed,4096,204,0.97997707,0.01018252,0.9901592
mnist,proposed,4096,205,0.98197433,0.0015083,1.01172295
mnist,proposed,4096,206,0.98526358,0.01606301,0.99345293
mnist,proposed,4096,207,0.99531646,0.03809588,0.9836003
mnist,proposed,4096,208,0.99177612,0.00215867,0.99504794
mnist,proposed,4096,209,0.98278812,0.01193621,1.00175746
mnist,proposed,4096,210,0.98512498,0.01737167,0.99557039
mnist,proposed,4096,211,0.98395931,0.04232195,1.01358813
mnist,proposed,4096,212,0.99557419,0.00860164,0.9880438
mnist,proposed,4096,213,0.9852727,0.0074591,0.98773602
mnist,proposed,4096,214,0.99491725,0.02896266,1.01635963
mnist,proposed,4096,215,0.98009093,0.02573058,0.9993999
mnist,proposed,4096,216,0.98359337,0.05393789,0.98713492
mnist,proposed,4096,217,0.99217746,0.01990549,1.0274679
mnist,proposed,4096,218,0.98876472,0.00591914,0.98815332
mnist,proposed,4096,219,0.99212032,0.06701136,1.00451651
mnist,proposed,4096,220,0.9846733,0.08184665,0.99735427
mnist,proposed,4096,221,0.98424699,0.06659928,1.01320495
mnist,proposed,4096,222,0.9943935,0.00366779,1.01889563
mnist,proposed,4096,223,0.98095062,0.00495824,1.01235444
mnist,proposed,4096,224,0.99309248,0.03800807,0.99101864
mnist,proposed,4096,225,0.97921302,0.00187729,0.99417166
mnist,proposed,4096,226,0.99128482,0.02985683,1.00222408
mnist,proposed,4096,227,0.97436901,0.00550634,1.00076258
mnist,proposed,4096,228,0.97619743,0.13186912,1.00646438
mnist,proposed,4096,229,0.98922821,0.01152389,1.01627875
mnist,proposed,4096,230,0.99569823,0.10009929,0.98195019
mnist,proposed,4096,231,0.98739135,0.0113458,0.97634245
mnist,proposed,4096,232,0.98728557,0.00294161,0.99699522
mnist,proposed,4096,233,0.98335097,0.0816337,1.01997338
mnist,proposed,4096,234,0.98460965,0.00577241,0.98085244
mnist,proposed,4096,235,0.98416565,0.02683972,1.04088445
mnist,proposed,4096,236,0.99249803,0.0542546,1.01884384
mnist,proposed,4096,237,0.97871736,0.02044586,0.99931501
mnist,proposed,4096,238,0.98301356,0.03882662,1.0045964
mnist,proposed,4096,239,0.9919726,0.0154953,0.97963535
mnist,proposed,4096,240,0.99143611,0.02804047,0.97730192
mnist,proposed,4096,241,0.98503845,0.01938749,0.9987654
mnist,proposed,4096,242,0.99213058,0.08875565,1.00581823
mnist,proposed,4096,243,0.98322109,0.04051434,1.00803643
mnist,proposed,4096,244,0.97858319,0.03559497,1.02391655
mnist,proposed,4096,245,0.99210356,0.04210457,0.97461238
mnist,proposed,4096,246,0.98291212,0.05388114,1.01652858
mnist,proposed,4096,247,0.99198518,0.03517917,1.00069121
mnist,proposed,4096,248,0.98791281,0.01925498,1.00507203
mnist,proposed,4096,249,0.97636153,0.0002652,0.99638289
mnist,proposed,4096,250,0.98772774,0.04526467,0.99437896
mnist,proposed,4096,251,0.99310621,0.00787189,0.99772137
mnist,proposed,4096,252,0.97975346,0.05394942,0.98278563
mnist,proposed,4096,253,0.98975472,0.07946654,1.01301088
mnist,proposed,4096,254,0.98607826,0.00098941,1.01014581
mnist,proposed,4096,255,0.9816076,0.01368381,1.01316506
mnist,proposed,4096,256,0.98256217,0.06998624,1.00413601
mnist,proposed,4096,257,0.98814755,0.00054429,0.97194377
mnist,proposed,4096,258,0.99130493,0.01879206,1.01377375
mnist,proposed,4096,259,0.99119411,0.06304041,0.99255346
mnist,proposed,4096,260,0.98717813,0.03715594,0.98140415
mnist,proposed,4096,261,0.98052742,0.00265931,1.01362836
mnist,proposed,4096,262,0.98906296,0.05918552,1.0200981
mnist,proposed,4096,263,0.9905808,0.02820989,1.00787495
mnist,proposed,4096,264,0.98590056,0.00999117,0.9911587
mnist,proposed,4096,265,0.99781724,0.00337562,0.99720337
mnist,proposed,4096,266,0.98487598,0.03595866,1.00178821
mnist,proposed,4096,267,0.99418225,0.0285524,0.99476449
mnist,proposed,4096,268,0.98918427,0.07977518,1.00017127
mnist,proposed,4096,269,0.98847941,0.05289398,0.99243859
mnist,proposed,4096,270,0.99628072,0.06437624,0.99726518
mnist,proposed,4096,271,0.98221173,0.06633238,1.01784133
mnist,proposed,4096,272,0.99741192,0.04917747,1.01424832
mnist,proposed,4096,273,0.98391999,0.0408086,0.9883959
mnist,proposed,4096,274,0.999,0.01477195,1.01651668
mnist,proposed,4096,275,0.98020142,0.10261681,1.01082412
mnist,proposed,4096,276,0.98287677,0.03650667,1.01196106
mnist,proposed,4096,277,0.98408769,0.04496274,0.99228966
mnist,proposed,4096,278,0.98962861,0.00079191,0.99828524
mnist,proposed,4096,279,0.99772759,0.11077191,0.9941829
mnist,proposed,4096,280,0.98444517,0.03303014,0.99777683
mnist,proposed,4096,281,0.98402406,0.01565374,0.97668421
mnist,proposed,4096,282,0.99568999,0.01161284,1.00132956
mnist,proposed,4096,283,0.999,0.00122068,0.9894325
mnist,proposed,4096,284,0.98431922,0.02754285,0.99369749
mnist,proposed,4096,285,0.97977044,0.04626573,1.01074806
mnist,proposed,4096,286,0.99403951,0.00234809,1.04457667
mnist,proposed,4096,287,0.98698292,0.02642676,1.00760964
mnist,proposed,4096,288,0.98802975,0.11990185,0.99446332
mnist,proposed,4096,289,0.98687425,0.02064809,1.01566486
mnist,proposed,4096,290,0.98370668,0.01930651,1.00876655
mnist,proposed,4096,291,0.98146147,0.02008728,0.99587141
mnist,proposed,4096,292,0.98875968,0.07428806,1.01699916
mnist,proposed,4096,293,0.98542342,0.05634021,1.02299484
mnist,proposed,4096,294,0.9904541,0.00128477,1.01045356
mnist,proposed,4096,295,0.97542058,0.05494039,0.98783447
mnist,proposed,4096,296,0.9900732,0.05947653,0.99330782
mnist,proposed,4096,297,0.98881548,0.00885267,0.99371655
mnist,proposed,4096,298,0.99320814,0.04327512,1.00815768
mnist,proposed,4096,299,0.99744971,0.0032249,1.00036994
mnist,proposed,4096,300,0.98882586,0.01803317,1.00142672
mnist,proposed,4096,301,0.98067264,0.04523744,1.00590217
mnist,proposed,4096,302,0.98108843,0.02312665,1.01864736
mnist,proposed,4096,303,0.98942145,0.07375777,1.00938683
mnist,proposed,4096,304,0.983453,0.06495458,1.0125447
mnist,proposed,4096,305,0.99312457,0.07117864,0.99368999
mnist,proposed,4096,306,0.99549854,0.05139363,0.99161104
mnist,proposed,4096,307,0.98239378,0.00715732,0.99576908
mnist,proposed,4096,308,0.98337105,0.07140925,1.00516845
mnist,proposed,4096,309,0.999,0.01878897,1.01221858
mnist,proposed,4096,310,0.9757038,0.05867872,1.00547112
mnist,proposed,4096,311,0.98599962,0.07007892,0.97671112
mnist,proposed,4096,312,0.98350287,0.0561001,0.99186733
mnist,proposed,4096,313,0.98789633,0.00615746,1.02855701
mnist,proposed,4096,314,0.98889299,0.00727905,1.01136166
mnist,proposed,4096,315,0.99178962,0.00292862,0.99870664
mnist,proposed,4096,316,0.98515711,0.00528207,0.99656293
mnist,proposed,4096,317,0.97909625,0.03537637,0.99175149
mnist,proposed,4096,318,0.99421546,0.03886953,0.98849831
mnist,proposed,4096,319,0.98034154,0.02119623,1.01692297
mnist,proposed,4096,320,0.98600858,0.0182236,0.9867396
mnist,proposed,4096,321,0.98836538,0.02972696,0.98107929
mnist,proposed,4096,322,0.98903418,0.10221767,1.01509144
mnist,proposed,4096,323,0.99269659,0.0433192,0.9807367
mnist,proposed,4096,324,0.98361629,0.04824167,1.01090515
mnist,proposed,4096,325,0.99079275,0.06335805,0.99273977
mnist,proposed,4096,326,0.9908702,0.00103889,0.99980141
mnist,proposed,4096,327,0.98162822,0.03025091,0.97795943
mnist,proposed,4096,328,0.98059175,0.03384704,1.01275536
mnist,proposed,4096,329,0.9907617,0.02485753,1.02453696
mnist,proposed,4096,330,0.98539008,0.01156612,1.003906
mnist,proposed,4096,331,0.98592092,0.07220874,1.00384916
mnist,proposed,4096,332,0.97676413,0.02229811,0.99809865
mnist,proposed,4096,333,0.97902346,0.04243251,0.99929643
mnist,proposed,4096,334,0.99139005,0.0150812,0.98321377
mnist,proposed,4096,335,0.99302992,0.0090736,0.99374977
mnist,proposed,4096,336,0.98731717,0.00832803,1.01514383
mnist,proposed,4096,337,0.99308842,0.05164135,1.01690324
mnist,proposed,4096,338,0.98026188,0.07124102,0.98498435
mnist,proposed,4096,339,0.99055219,0.05373991,1.01292792
mnist,proposed,4096,340,0.98925008,0.01318751,0.99275332
mnist,proposed,4096,341,0.98053561,0.01134236,1.01768919
mnist,proposed,4096,342,0.99282916,0.09919464,1.01117411
mnist,proposed,4096,343,0.99356925,0.03292096,1.00134271
mnist,proposed,4096,344,0.98602975,0.0015198,1.00125426
mnist,proposed,4096,345,0.99228796,0.01601889,0.99819016
mnist,proposed,4096,346,0.97891726,0.01623256,0.9568909
mnist,proposed,4096,347,0.98903031,0.0992388,0.98221755
mnist,proposed,4096,348,0.99513073,0.02154808,0.99891257
mnist,proposed,4096,349,0.98872958,0.09558955,1.01347597
mnist,proposed,4096,350,0.97307487,0.01486016,0.96883274
mnist,proposed,4096,351,0.98895637,0.02133433,1.01310516
mnist,proposed,4096,352,0.98823751,0.02016117,0.99435482
mnist,proposed,4096,353,0.98946765,0.00527287,0.96997657
mnist,proposed,4096,354,0.97634828,0.0147817,0.98463724
mnist,proposed,4096,355,0.99372029,0.02046982,1.01090281
mnist,proposed,4096,356,0.97586766,0.00223259,1.00345783
mnist,proposed,4096,357,0.98896731,0.06559757,1.00042472
mnist,proposed,4096,358,0.99074151,0.0164306,0.97891578
mnist,proposed,4096,359,0.99286443,0.01515899,1.02204144
mnist,proposed,4096,360,0.9944046,0.06711436,0.99021598
mnist,proposed,4096,361,0.9907308,0.01428122,1.01933745
mnist,proposed,4096,362,0.98910806,0.01729149,1.00755923
mnist,proposed,4096,363,0.98984096,0.02847274,1.00447886
mnist,proposed,4096,364,0.98341649,0.02847902,1.0016719
mnist,proposed,4096,365,0.99423898,0.04887693,1.00798772
mnist,proposed,4096,366,0.99100776,0.06553602,1.01148617
mnist,proposed,4096,367,0.98807134,0.07078877,1.00314244
mnist,proposed,4096,368,0.99783115,0.00437523,0.99846778
mnist,proposed,4096,369,0.99186571,0.04379884,1.00930713
mnist,proposed,4096,370,0.98186884,0.0877183,1.00499772
mnist,proposed,4096,371,0.97869677,0.04560442,0.99879453
mnist,proposed,4096,372,0.98415473,0.00864533,0.96653238
mnist,proposed,4096,373,0.98695331,0.01602019,1.00182766
mnist,proposed,4096,374,0.98940584,0.02216376,0.9713695
mnist,proposed,4096,375,0.98137273,0.01264448,0.98758119
mnist,proposed,4096,376,0.98098874,0.04441807,1.02222226
mnist,proposed,4096,377,0.99058197,0.09225175,0.99818779
mnist,proposed,4096,378,0.97374289,0.0309916,1.00459681
mnist,proposed,4096,379,0.98370123,0.06684069,0.9732842
mnist,proposed,4096,380,0.98012557,0.04661532,0.98598653
mnist,proposed,4096,381,0.98131647,0.01510702,1.01234404
mnist,proposed,4096,382,0.98700397,0.00816163,1.00536346
mnist,proposed,4096,383,0.98210823,0.04565958,0.99417581
mnist,proposed,4096,384,0.98766701,0.05120464,1.0058961
mnist,proposed,4096,385,0.98781452,0.00078108,1.01488654
mnist,proposed,4096,386,0.98129,0.00673793,1.00209669
mnist,proposed,4096,387,0.98641745,0.04374178,1.00860016
mnist,proposed,4096,388,0.99521703,0.08217227,0.97795636
mnist,proposed,4096,389,0.99718578,0.06051907,1.00272341
mnist,proposed,4096,390,0.98325656,0.01380756,0.97764745
mnist,proposed,4096,391,0.97279809,0.13153515,0.98825702
mnist,proposed,4096,392,0.9925432,0.00179201,0.98767405
mnist,proposed,4096,393,0.98907133,0.05926344,0.98740337
mnist,proposed,4096,394,0.988421,0.08612118,0.99427454
mnist,proposed,4096,395,0.97926989,0.03336728,1.00201941
mnist,proposed,4096,396,0.98988571,0.15115752,0.98339313
mnist,proposed,4096,397,0.98244547,0.04115049,1.0041111
mnist,proposed,4096,398,0.98933289,0.05502218,1.01055174
mnist,proposed,4096,399,0.97750597,0.0071723,1.0210204
mnist,proposed,4096,400,0.9886398,0.01594532,0.97309231
mnist,proposed,4096,401,0.98229464,0.03296573,1.02210977
mnist,proposed,4096,402,0.98480439,0.06066009,0.98792441
mnist,proposed,4096,403,0.98005415,0.01392247,0.98073983
mnist,proposed,4096,404,0.97466162,0.01569448,1.00647978
mnist,proposed,4096,405,0.98857688,0.0137097,1.00734881
mnist,proposed,4096,406,0.98592904,0.0541153,0.99183474
mnist,proposed,4096,407,0.99215564,0.0230159,1.01523932
mnist,proposed,4096,408,0.97220361,0.00993318,0.99197436
mnist,proposed,4096,409,0.99439969,0.08157063,0.98390386
mnist,proposed,4096,410,0.98704717,0.01794844,0.99624184
mnist,proposed,4096,411,0.99376579,0.03037106,0.98264703
mnist,proposed,4096,412,0.98878632,0.04459123,1.00761033
mnist,proposed,4096,413,0.999,0.00729987,1.00149929
mnist,proposed,4096,414,0.98488943,0.00733067,1.00773818
mnist,proposed,4096,415,0.98500416,0.02017994,1.01517484
mnist,proposed,4096,416,0.98434756,0.00523197,0.99574356
mnist,proposed,4096,417,0.99435573,0.02850276,0.987036
mnist,proposed,4096,418,0.98001732,0.02572154,0.99105621
mnist,proposed,4096,419,0.98208653,0.03960994,1.00011372
mnist,proposed,4096,420,0.99279405,0.07034011,0.99772691
mnist,proposed,4096,421,0.97207203,0.0647997,1.00689981
mnist,proposed,4096,422,0.9749757,0.06925884,1.00445838
mnist,proposed,4096,423,0.99083398,0.01341314,1.00441954
mnist,proposed,4096,424,0.98738445,0.03596317,1.00934627
mnist,proposed,4096,425,0.98888154,0.01577979,1.00312718
mnist,proposed,4096,426,0.98661908,0.10589551,1.00003948
mnist,proposed,4096,427,0.99653928,0.00970632,0.96809835
mnist,proposed,4096,428,0.99637571,0.04436745,0.98738632
mnist,proposed,4096,429,0.99266869,0.04831425,0.97899475
mnist,proposed,4096,430,0.98842621,0.04873457,1.01311428
mnist,proposed,4096,431,0.99451498,0.01837827,1.02182118
mnist,proposed,4096,432,0.97989208,0.03935321,1.00498697
mnist,proposed,4096,433,0.99091447,0.01537669,1.0118359
mnist,proposed,4096,434,0.98826692,0.13596499,1.00265942
mnist,proposed,4096,435,0.9924557,0.02975442,0.98500541
mnist,proposed,4096,436,0.9846262,0.06927526,1.01768806
mnist,proposed,4096,437,0.97999723,0.07727352,0.98598496
mnist,proposed,4096,438,0.98002406,0.01548612,0.98475193
mnist,proposed,4096,439,0.99071555,0.00855795,1.00461033
mnist,proposed,4096,440,0.98846093,0.06078723,0.9883618
mnist,proposed,4096,441,0.9796162,0.09786645,1.02281148
mnist,proposed,4096,442,0.97755442,0.04796201,1.00808123
mnist,proposed,4096,443,0.98446443,0.03448279,1.01999994
mnist,proposed,4096,444,0.98998277,0.07419362,0.99715287
mnist,proposed,4096,445,0.98488531,0.01293259,0.99524946
mnist,proposed,4096,446,0.98798057,0.12839627,1.01497187
mnist,proposed,4096,447,0.99407531,0.04853468,1.01220437
mnist,proposed,4096,448,0.98895259,0.00368369,0.99105598
mnist,proposed,4096,449,0.98619159,0.02855015,1.00197228
mnist,proposed,4096,450,0.9830728,0.09909293,1.02408451
mnist,proposed,4096,451,0.98641442,0.07457288,0.99871541
mnist,proposed,4096,452,0.99016201,0.02145498,1.02403051
mnist,proposed,4096,453,0.99261813,0.00032653,1.00521521
mnist,proposed,4096,454,0.99087039,0.01412997,1.02391646
mnist,proposed,4096,455,0.97932216,0.05681267,0.97721129
mnist,proposed,4096,456,0.98544926,0.01037237,1.01941811
mnist,proposed,4096,457,0.99494287,0.0766361,0.99024485
mnist,proposed,4096,458,0.98238307,0.01177659,1.01664272
mnist,proposed,4096,459,0.98412126,0.11919215,1.01914632
mnist,proposed,4096,460,0.97699673,0.02434625,1.01973333
mnist,proposed,4096,461,0.99441005,0.02992107,1.00377856
mnist,proposed,4096,462,0.97838158,0.06131654,0.99575083
mnist,proposed,4096,463,0.98451173,0.05676882,0.99337326
mnist,proposed,4096,464,0.98877489,0.01903015,0.98039426
mnist,proposed,4096,465,0.97746507,0.02423975,1.00775636
mnist,proposed,4096,466,0.98830965,0.0808287,1.009892
mnist,proposed,4096,467,0.99309441,0.03746484,1.01162873
mnist,proposed,4096,468,0.98785372,0.09945885,0.99102764
mnist,proposed,4096,469,0.96891881,0.00185051,1.0134604
mnist,proposed,4096,470,0.99080675,0.06653692,0.99479252
mnist,proposed,4096,471,0.98859112,0.04710924,0.9832952
mnist,proposed,4096,472,0.99793624,0.04357923,0.99353592
mnist,proposed,4096,473,0.999,0.05064044,0.98092498
mnist,proposed,4096,474,0.99384431,0.00341661,0.99343858
mnist,proposed,4096,475,0.99881387,0.01902903,0.9876625
mnist,proposed,4096,476,0.99481491,0.02983964,0.97313849
mnist,proposed,4096,477,0.98515237,0.01086409,1.00612548
mnist,proposed,4096,478,0.99522396,0.03894306,1.01624693
mnist,proposed,4096,479,0.9863963,0.05885152,1.00590225
mnist,proposed,4096,480,0.99091584,0.11565182,1.00106087
mnist,proposed,4096,481,0.98892387,0.01381498,0.99339205
mnist,proposed,4096,482,0.9828544,0.04944227,1.00656821
mnist,proposed,4096,483,0.98608744,0.01432701,0.99662704
mnist,proposed,4096,484,0.98793385,0.02744891,0.99775659
mnist,proposed,4096,485,0.98692637,0.01551255,1.01338308
mnist,proposed,4096,486,0.98594014,0.00198625,1.00287871
mnist,proposed,4096,487,0.98664571,0.03992979,1.00532865
mnist,proposed,4096,488,0.97155187,0.0365646,0.98235593
mnist,proposed,4096,489,0.98672166,0.01435589,1.0129275
mnist,proposed,4096,490,0.98203362,0.08206229,1.01366499
mnist,proposed,4096,491,0.99240323,0.00735243,1.00529238
mnist,proposed,4096,492,0.99122293,0.11682802,0.98664769
mnist,proposed,4096,493,0.98373188,0.032021,0.98785812
mnist,proposed,4096,494,0.99345613,0.02501425,0.99534864
mnist,proposed,4096,495,0.98981672,0.00555766,0.98280211
mnist,proposed,4096,496,0.98552477,0.08395875,1.01826118
mnist,proposed,4096,497,0.98905887,0.01332265,1.00451646
mnist,proposed,4096,498,0.98882789,0.01004823,0.98380545
mnist,proposed,4096,499,0.99739077,0.08427619,0.99318839
mnist,proposed,4096,500,0.9818073,0.04941588,1.02807938
mnist,proposed,4096,501,0.98153316,0.05903949,0.97714383
mnist,proposed,4096,502,0.98231452,0.00836894,0.99363067
mnist,proposed,4096,503,0.98653151,0.01189337,1.000768
mnist,proposed,4096,504,0.98381331,0.09183954,1.0010478
mnist,proposed,4096,505,0.99373226,0.01417785,1.0046885
mnist,proposed,4096,506,0.98558265,0.02003464,1.00306124
mnist,proposed,4096,507,0.98076134,0.05793088,0.99967203
mnist,proposed,4096,508,0.9900249,0.01009956,0.98872082
mnist,proposed,4096,509,0.98414027,0.01581135,0.98190855
mnist,proposed,4096,510,0.98084282,0.01422495,0.98423776
mnist,proposed,4096,511,0.97529242,0.0184413,0.97215971
mnist,proposed,4096,512,0.97728483,0.01976249,1.00537769
mnist,proposed,4096,513,0.99074182,0.06846404,0.96266878
mnist,proposed,4096,514,0.99493516,0.01725528,0.9727633
mnist,proposed,4096,515,0.99069571,0.06184934,1.00581405
mnist,proposed,4096,516,0.99368386,0.00572981,0.99720205
mnist,proposed,4096,517,0.97780099,0.03389607,0.97030486
mnist,proposed,4096,518,0.97461866,0.00096325,0.98833519
mnist,proposed,4096,519,0.98027715,0.02137673,1.00322909
mnist,proposed,4096,520,0.9874489,0.02539015,1.02048228
mnist,proposed,4096,521,0.99415512,0.00728088,1.00711607
mnist,proposed,4096,522,0.98912322,0.03178555,0.98949324
mnist,proposed,4096,523,0.97290651,0.03151315,0.98574676
mnist,proposed,4096,524,0.97487357,0.0217224,0.99844858
mnist,proposed,4096,525,0.99282525,0.05553135,1.0013266
mnist,proposed,4096,526,0.98123741,0.03453647,0.97034676
mnist,proposed,4096,527,0.98780607,0.01137896,0.99081683
mnist,proposed,4096,528,0.98670015,0.07273964,1.00697885
mnist,proposed,4096,529,0.99476414,0.08231355,0.99754015
mnist,proposed,4096,530,0.98983496,0.01449554,1.00165388
mnist,proposed,4096,531,0.99210816,0.17036442,0.99499961
mnist,proposed,4096,532,0.99081737,0.02931764,1.01735619
mnist,proposed,4096,533,0.99213001,0.06286214,0.98909163
mnist,proposed,4096,534,0.97141174,0.08716705,1.02672971
mnist,proposed,4096,535,0.98257065,0.04170445,0.95662763
mnist,proposed,4096,536,0.9800061,0.05971384,1.02221455
mnist,proposed,4096,537,0.98947954,0.04993172,0.96143819
mnist,proposed,4096,538,0.98158221,0.04054278,0.99599261
mnist,proposed,4096,539,0.9826552,0.06698506,1.01121899
mnist,proposed,4096,540,0.98976194,0.05182401,0.9881477
mnist,proposed,4096,541,0.9916966,0.04589421,0.99423472
mnist,proposed,4096,542,0.9910207,0.05165089,1.00663834
mnist,proposed,4096,543,0.9885677,0.05893245,0.99080316
mnist,proposed,4096,544,0.98032477,0.00840562,0.99844819
mnist,proposed,4096,545,0.98546149,0.06900189,1.01099822
mnist,proposed,4096,546,0.99329398,0.041657,1.01588934
mnist,proposed,4096,547,0.99201953,0.04058929,1.00644525
mnist,proposed,4096,548,0.98101674,0.02258802,1.03077061
mnist,proposed,4096,549,0.98658155,0.02837158,1.01085566
mnist,proposed,4096,550,0.98698677,0.03707386,0.98676249
mnist,proposed,4096,551,0.9781439,0.01127802,1.016632
mnist,proposed,4096,552,0.97351109,0.02868735,1.02016839
mnist,proposed,4096,553,0.98559105,0.07711055,0.9873818
mnist,proposed,4096,554,0.98786245,0.03188447,0.97370189
mnist,proposed,4096,555,0.98608283,0.0140151,1.0030098
mnist,proposed,4096,556,0.99751821,0.00230755,1.03104772
mnist,proposed,4096,557,0.98979813,0.04204317,0.98238645
mnist,proposed,4096,558,0.97841007,0.03484627,1.02848788
mnist,proposed,4096,559,0.999,0.04797215,1.01180608
mnist,proposed,4096,560,0.99043255,0.0017667,0.97928292
mnist,proposed,4096,561,0.99560981,0.00272817,1.01685754
mnist,proposed,4096,562,0.98564835,0.06180269,1.00704101
mnist,proposed,4096,563,0.98723085,0.00084229,0.96464086
mnist,proposed,4096,564,0.99211921,0.00820369,0.99137655
mnist,proposed,4096,565,0.98029614,0.04098658,1.01246388
mnist,proposed,4096,566,0.98611731,0.08021675,1.01955728
mnist,proposed,4096,567,0.98612071,0.03049779,1.02287955
mnist,proposed,4096,568,0.99800381,0.00173975,1.021447
mnist,proposed,4096,569,0.9933403,0.07615424,1.00118152
mnist,proposed,4096,570,0.98132513,0.07736445,1.00288582
mnist,proposed,4096,571,0.98417909,0.01038231,0.97883118
mnist,proposed,4096,572,0.999,0.05455436,1.02020411
mnist,proposed,4096,573,0.977903,0.07060863,0.97848579
mnist,proposed,4096,574,0.98510114,0.02191636,1.02062203
mnist,proposed,4096,575,0.97893947,0.0281352,1.00322803
mnist,proposed,4096,576,0.99480345,0.05218259,0.97938847
mnist,proposed,4096,577,0.9783544,0.0160324,1.00335719
mnist,proposed,4096,578,0.98853125,0.02899114,0.99160492
mnist,proposed,4096,579,0.99001624,0.01260043,1.01145379
mnist,proposed,4096,580,0.99288801,0.00074243,0.98971032
mnist,proposed,4096,581,0.98617546,0.08042355,1.01587459
mnist,proposed,4096,582,0.98738086,0.02949348,1.01613781
mnist,proposed,4096,583,0.99606421,0.04400836,1.00855667
mnist,proposed,4096,584,0.98927512,0.01009812,1.01014667
mnist,proposed,4096,585,0.98370165,0.05570194,1.00264378
mnist,proposed,4096,586,0.98796224,0.02535496,0.99564358
mnist,proposed,4096,587,0.99109277,0.03463633,0.99027788
mnist,proposed,4096,588,0.98986542,0.05232403,0.99413479
mnist,proposed,4096,589,0.98562107,0.03685647,1.01879939
mnist,proposed,4096,590,0.9944821,0.0443996,1.00844752
mnist,proposed,4096,591,0.9796877,0.09829591,0.98086837
mnist,proposed,4096,592,0.98234676,0.01907636,1.01195456
mnist,proposed,4096,593,0.97593406,0.01873793,0.99993778
mnist,proposed,4096,594,0.99226799,0.07275799,1.01647747
mnist,proposed,4096,595,0.98721444,0.01322289,1.01230083
mnist,proposed,4096,596,0.99201907,0.00739861,1.00492225
mnist,proposed,4096,597,0.98780967,0.02772397,0.98273836
mnist,proposed,4096,598,0.98974438,0.06906068,1.0127458
mnist,proposed,4096,599,0.98608063,0.00769181,1.00102048
mnist,proposed,4096,600,0.98193552,0.00813749,0.98649515
mnist,proposed,4096,601,0.99298846,0.00469121,1.01300411
mnist,proposed,4096,602,0.98904732,0.00470901,0.99771641
mnist,proposed,4096,603,0.99536667,0.03540426,1.01269219
mnist,proposed,4096,604,0.99282926,0.04566299,1.00514028
mnist,proposed,4096,605,0.98578518,0.07698555,0.99111238
mnist,proposed,4096,606,0.98749523,0.04029373,1.02421461
mnist,proposed,4096,607,0.97513862,0.01659685,1.01521732
mnist,proposed,4096,608,0.9812777,0.05163596,1.00593262
mnist,proposed,4096,609,0.98294276,0.04726506,0.99600267
mnist,proposed,4096,610,0.98999167,0.02878571,1.00879821
mnist,proposed,4096,611,0.99739069,0.10977155,0.96290965
mnist,proposed,4096,612,0.98603587,0.13361707,1.00262597
mnist,proposed,4096,613,0.9767936,0.07444258,1.00763829
mnist,proposed,4096,614,0.99546195,0.02287378,1.0246215
mnist,proposed,4096,615,0.98862574,0.0571145,0.98963605
mnist,proposed,4096,616,0.98159485,0.01229574,1.00683842
mnist,proposed,4096,617,0.99097578,0.01696631,0.99505455
mnist,proposed,4096,618,0.98024634,0.02920656,1.01167303
mnist,proposed,4096,619,0.9757985,0.00883852,0.96257121
mnist,proposed,4096,620,0.98735368,0.0221906,0.98488354
mnist,proposed,4096,621,0.99419872,0.07258709,1.00125532
mnist,proposed,4096,622,0.99032896,0.00375313,1.02355435
mnist,proposed,4096,623,0.98953137,0.06391495,1.01296607
mnist,proposed,4096,624,0.97770344,0.07943082,1.00380574
mnist,proposed,4096,625,0.98005908,0.05811909,1.01216342
mnist,proposed,4096,626,0.98596783,0.01412214,0.9794712
mnist,proposed,4096,627,0.98525052,0.01971617,0.9956285
mnist,proposed,4096,628,0.97451956,0.04248547,0.97815665
mnist,proposed,4096,629,0.98065072,0.05484095,0.99631704
mnist,proposed,4096,630,0.99354121,0.01286006,0.99859346
mnist,proposed,4096,631,0.98467615,0.04401666,1.02871083
mnist,proposed,4096,632,0.98901739,0.03265348,1.01178297
mnist,proposed,4096,633,0.99375804,0.00500728,0.98643398
mnist,proposed,4096,634,0.9729234,0.12455225,1.01528629
mnist,proposed,4096,635,0.98994151,0.02926278,1.00609662
mnist,proposed,4096,636,0.97998672,0.02190581,1.0149745
mnist,proposed,4096,637,0.98580019,0.00797435,1.02964228
mnist,proposed,4096,638,0.9894313,0.03242367,1.02444557
mnist,proposed,4096,639,0.99098073,0.08192531,0.99470893
mnist,proposed,4096,640,0.98424131,0.00954903,0.97934522
mnist,proposed,4096,641,0.97844366,0.02895841,1.00077429
mnist,proposed,4096,642,0.98742154,0.07728904,1.00341481
mnist,proposed,4096,643,0.98700748,0.04782264,0.98591304
mnist,proposed,4096,644,0.9889513,0.05430694,0.98594438
mnist,proposed,4096,645,0.9858154,0.03018997,1.01048842
mnist,proposed,4096,646,0.97639862,0.00498605,0.98820005
mnist,proposed,4096,647,0.99436641,0.02200728,0.99052294
mnist,proposed,4096,648,0.98323396,0.01827971,1.02099988
mnist,proposed,4096,649,0.98111334,0.00244432,1.01320812
mnist,proposed,4096,650,0.98696419,0.03123996,0.97356338
mnist,proposed,4096,651,0.98524749,0.083456,1.02502652
mnist,proposed,4096,652,0.97867005,0.03032194,1.00380446
mnist,proposed,4096,653,0.99207252,0.04546548,0.98268353
mnist,proposed,4096,654,0.98899356,0.03482251,1.014808
mnist,proposed,4096,655,0.98557073,0.02891319,0.98538389
mnist,proposed,4096,656,0.98234127,0.04061591,1.02151102
mnist,proposed,4096,657,0.99498321,0.06787769,0.98804266
mnist,proposed,4096,658,0.98315169,0.00810102,0.99078164
mnist,proposed,4096,659,0.9878555,0.02210071,1.00078247
mnist,proposed,4096,660,0.98687464,0.01300801,0.99265695
mnist,proposed,4096,661,0.99229726,0.0832019,1.01746313
mnist,proposed,4096,662,0.98403211,0.01117155,0.9900488
mnist,proposed,4096,663,0.999,0.04464229,0.97607497
mnist,proposed,4096,664,0.98498957,0.01153877,1.01090295
mnist,proposed,4096,665,0.98928227,0.08837073,0.98166855
mnist,proposed,4096,666,0.98411859,0.05041119,0.98793445
mnist,proposed,4096,667,0.98745065,0.11977171,1.02160127
mnist,proposed,4096,668,0.98881555,0.0071508,0.9991996
mnist,proposed,4096,669,0.99342615,0.06278232,0.97930611
mnist,proposed,4096,670,0.99593184,0.06008683,1.00875418
mnist,proposed,4096,671,0.99280942,0.03854406,1.00317382
mnist,proposed,4096,672,0.98454729,0.05255766,0.99070854
mnist,proposed,4096,673,0.98578843,0.02128083,0.99624524
mnist,proposed,4096,674,0.99028563,0.03469871,0.99052338
mnist,proposed,4096,675,0.98343112,0.00416588,0.98440633
mnist,proposed,4096,676,0.9919243,0.05142802,0.9759823
mnist,proposed,4096,677,0.99828152,0.01283148,0.99642795
mnist,proposed,4096,678,0.97895992,0.06344587,1.03473949
mnist,proposed,4096,679,0.99546679,0.07384161,0.98072302
mnist,proposed,4096,680,0.9880721,0.06306168,0.99264031
mnist,proposed,4096,681,0.98375714,0.0718576,1.01294239
mnist,proposed,4096,682,0.99115875,0.05565561,0.98071702
mnist,proposed,4096,683,0.98010738,0.04636127,1.01365552
mnist,proposed,4096,684,0.98171234,0.02739077,1.01325616
mnist,proposed,4096,685,0.99298866,0.01924467,0.98666356
mnist,proposed,4096,686,0.98599315,0.09811583,1.00208607
mnist,proposed,4096,687,0.98884022,0.00095135,0.94962574
mnist,proposed,4096,688,0.97295325,0.06764285,0.99349608
mnist,proposed,4096,689,0.998826,0.00704414,1.01639613
mnist,proposed,4096,690,0.99268773,0.00775923,0.99931583
mnist,proposed,4096,691,0.98464311,0.02289283,0.96731423
mnist,proposed,4096,692,0.99734004,0.03159582,1.01533552
mnist,proposed,4096,693,0.98286715,0.08236113,0.99482765
mnist,proposed,4096,694,0.98246546,0.06679642,1.01676625
mnist,proposed,4096,695,0.98567739,0.00996762,0.99447029
mnist,proposed,4096,696,0.98850201,0.01081726,0.98728233
mnist,proposed,4096,697,0.99107092,0.01110721,1.00419702
mnist,proposed,4096,698,0.98811829,0.00016291,0.99150557
mnist,proposed,4096,699,0.99413879,0.06435359,0.99156805
mnist,proposed,4096,700,0.98312216,0.05376051,1.00966004
mnist,proposed,4096,701,0.98749444,0.02113974,1.00807899
mnist,proposed,4096,702,0.99175962,0.01641166,0.98774062
mnist,proposed,4096,703,0.99001098,0.06639075,1.01614752
mnist,proposed,4096,704,0.98236565,0.031472,1.02095832
mnist,proposed,4096,705,0.98077065,0.04146272,1.00809098
mnist,proposed,4096,706,0.98823717,0.01687611,1.0483709
mnist,proposed,4096,707,0.97798655,0.09077661,0.97980315
mnist,proposed,4096,708,0.999,0.03203724,1.01762094
mnist,proposed,4096,709,0.99321737,0.01326745,0.99249773
mnist,proposed,4096,710,0.99080475,0.04550387,0.99294408
mnist,proposed,4096,711,0.9879152,0.03036796,0.97074421
mnist,proposed,4096,712,0.98558838,0.04845769,0.99454027
mnist,proposed,4096,713,0.999,0.03790943,0.99821344
mnist,proposed,4096,714,0.97878372,0.02104749,0.98070852
mnist,proposed,4096,715,0.9843001,0.03680488,1.0422273
mnist,proposed,4096,716,0.99003012,0.0464302,1.00252828
mnist,proposed,4096,717,0.98315361,0.04135402,0.99438178
mnist,proposed,4096,718,0.98648461,0.02020341,0.98465066
mnist,proposed,4096,719,0.98669476,0.00945779,0.98080943
mnist,proposed,4096,720,0.98414263,0.03814795,0.99392392
mnist,proposed,4096,721,0.98710194,0.01367761,1.01441621
mnist,proposed,4096,722,0.97485457,0.02974022,0.99530527
mnist,proposed,4096,723,0.98996728,0.03437223,1.00587161
mnist,proposed,4096,724,0.98667972,0.00138987,0.991702
mnist,proposed,4096,725,0.97959927,0.0235547,1.03312831
mnist,proposed,4096,726,0.98095688,0.00914217,1.0090215
mnist,proposed,4096,727,0.9755521,0.01389303,0.98922305
mnist,proposed,4096,728,0.98821154,0.02012636,0.98003767
mnist,proposed,4096,729,0.98950484,0.00172413,1.0050146
mnist,proposed,4096,730,0.98952738,0.08277518,1.00461503
mnist,proposed,4096,731,0.9807282,0.07502874,1.00622752
mnist,proposed,4096,732,0.999,0.04289537,1.03461483
mnist,proposed,4096,733,0.98630975,0.03888866,1.0062333
mnist,proposed,4096,734,0.98511461,0.02948747,0.99209671
mnist,proposed,4096,735,0.98597585,0.00897973,1.01128005
mnist,proposed,4096,736,0.9920181,0.06992275,0.98205094
mnist,proposed,4096,737,0.98950971,0.04641831,0.99992298
mnist,proposed,4096,738,0.98620127,0.03010545,0.99692388
mnist,proposed,4096,739,0.99550663,0.00554201,1.00247389
mnist,proposed,4096,740,0.97507335,0.0214038,1.01589731
mnist,proposed,4096,741,0.98140696,0.02659066,1.00568797
mnist,proposed,4096,742,0.98725986,0.06602306,1.00910623
mnist,proposed,4096,743,0.97919846,0.00266562,1.01123777
mnist,proposed,4096,744,0.9916224,0.00028087,1.0154445
mnist,proposed,4096,745,0.99825022,0.0167884,0.99714761
mnist,proposed,4096,746,0.98215348,0.04710302,1.01521101
mnist,proposed,4096,747,0.9888828,0.03266391,0.98206895
mnist,proposed,4096,748,0.98443418,0.0469818,1.01046466
mnist,proposed,4096,749,0.98997721,0.06982431,1.02166985
mnist,proposed,4096,750,0.99278765,0.0039974,1.03559745
mnist,proposed,4096,751,0.97889281,0.02565131,1.00870946
mnist,proposed,4096,752,0.97982027,0.0592265,0.98680067
mnist,proposed,4096,753,0.99391093,0.02831885,0.98122709
mnist,proposed,4096,754,0.98519099,0.00606911,0.99771071
mnist,proposed,4096,755,0.98027826,0.00164437,0.99558119
mnist,proposed,4096,756,0.98316351,0.04579804,0.99161387
mnist,proposed,4096,757,0.99493782,0.03484433,1.0068951
mnist,proposed,4096,758,0.99497719,0.02944789,1.01248868
mnist,proposed,4096,759,0.98337796,0.06825075,0.97381962
mnist,proposed,4096,760,0.98563909,0.05098072,1.01610542
mnist,proposed,4096,761,0.97980508,0.01039881,1.01369397
mnist,proposed,4096,762,0.98158789,0.00230151,0.97851402
mnist,proposed,4096,763,0.9756601,0.05722454,0.99130254
mnist,proposed,4096,764,0.9805706,0.0643833,0.99675608
mnist,proposed,4096,765,0.98661905,0.02614707,1.01899854
mnist,proposed,4096,766,0.987181,0.05690321,0.98561637
mnist,proposed,4096,767,0.98553823,0.03651834,1.00201822
mnist,proposed,4096,768,0.98020292,0.00812003,1.00990198
mnist,proposed,4096,769,0.98472995,0.02048385,1.00003078
mnist,proposed,4096,770,0.99001891,0.04279221,0.98316731
mnist,proposed,4096,771,0.98624589,0.07992882,1.00649436
mnist,proposed,4096,772,0.98033996,0.04379823,1.01685223
mnist,proposed,4096,773,0.99331503,0.00371193,1.00896495
mnist,proposed,4096,774,0.99252475,0.0472753,0.99225406
mnist,proposed,4096,775,0.99471595,0.02848062,0.99813968
mnist,proposed,4096,776,0.977089,0.01418501,1.00638423
mnist,proposed,4096,777,0.98007578,0.02932456,1.00217278
mnist,proposed,4096,778,0.99443637,0.09014393,1.00304122
mnist,proposed,4096,779,0.99220652,0.04553866,0.98604587
mnist,proposed,4096,780,0.9977738,0.00109248,0.98993418
mnist,proposed,4096,781,0.98315602,0.09550763,0.97414969
mnist,proposed,4096,782,0.98009625,0.05457139,1.01062796
mnist,proposed,4096,783,0.987687,0.00893407,0.9832035
mnist,proposed,4096,784,0.99208762,0.0631251,1.01775784
mnist,proposed,4096,785,0.98401205,0.04081087,1.00541659
mnist,proposed,4096,786,0.9925378,0.04023297,0.99159937
mnist,proposed,4096,787,0.99588539,0.03979102,0.9922767
mnist,proposed,4096,788,0.99078733,0.15315053,1.00736087
mnist,proposed,4096,789,0.99026813,0.07285738,0.99222905
mnist,proposed,4096,790,0.97743464,0.04227319,1.01028463
mnist,proposed,4096,791,0.979958,0.02225693,1.00620437
mnist,proposed,4096,792,0.99141224,0.09211885,0.99361157
mnist,proposed,4096,793,0.99542129,0.04090241,0.97878246
mnist,proposed,4096,794,0.999,0.06931734,1.01299339
mnist,proposed,4096,795,0.98284393,0.01450717,1.03071058
mnist,proposed,4096,796,0.98391239,0.02128271,1.00691656
mnist,proposed,4096,797,0.980815,0.01078433,1.01430219
mnist,proposed,4096,798,0.98610753,0.03245721,0.99752333
mnist,proposed,4096,799,0.993993,0.05299749,0.98397486
mnist,proposed,4096,800,0.98078637,0.01676082,1.00278461
mnist,proposed,4096,801,0.98349833,0.0773094,1.00864784
mnist,proposed,4096,802,0.97777251,0.04056906,1.00986868
mnist,proposed,4096,803,0.9796714,0.02056819,1.0020729
mnist,proposed,4096,804,0.99150614,0.08172661,0.96417302
mnist,proposed,4096,805,0.98505694,0.00224053,1.02242649
mnist,proposed,4096,806,0.98493418,0.02519238,1.00796946
mnist,proposed,4096,807,0.98310494,0.02158412,0.99680195
mnist,proposed,4096,808,0.98869656,0.00571988,0.99826447
mnist,proposed,4096,809,0.99453286,0.05747567,0.99560918
mnist,proposed,4096,810,0.97715973,0.02791874,1.00990985
mnist,proposed,4096,811,0.98331711,0.00065073,0.98843784
mnist,proposed,4096,812,0.99094357,0.13385104,0.98533918
mnist,proposed,4096,813,0.98467532,0.00019567,0.99849411
mnist,proposed,4096,814,0.98746411,0.06612723,1.02403679
mnist,proposed,4096,815,0.97920226,0.02835569,0.99557815
mnist,proposed,4096,816,0.987059,0.00373387,0.98635239
mnist,proposed,4096,817,0.98067195,0.02549567,0.97075899
mnist,proposed,4096,818,0.97963352,0.04515597,1.01434911
mnist,proposed,4096,819,0.98666163,0.04962457,1.01749712
mnist,proposed,4096,820,0.98180653,0.00708426,0.99970374
mnist,proposed,4096,821,0.98275949,0.01483253,0.9936974
mnist,proposed,4096,822,0.98512683,0.00333784,1.00102255
mnist,proposed,4096,823,0.98017532,0.00555239,1.00022884
mnist,proposed,4096,824,0.98965722,0.0614582,1.00834443
mnist,proposed,4096,825,0.99311013,0.01806532,1.00478548
mnist,proposed,4096,826,0.98119667,0.09326147,0.99993545
mnist,proposed,4096,827,0.99037322,0.0640918,1.02320899
mnist,proposed,4096,828,0.98053242,0.09877571,1.0017978
mnist,proposed,4096,829,0.97621681,0.02980126,0.98823024
mnist,proposed,4096,830,0.98225423,0.09475345,0.97781623
mnist,proposed,4096,831,0.98429375,0.02981516,0.97825747
mnist,proposed,4096,832,0.999,0.07327672,1.00280228
mnist,proposed,4096,833,0.98660547,0.01520066,0.99669511
mnist,proposed,4096,834,0.98581008,0.04988215,0.97498749
mnist,proposed,4096,835,0.98493947,0.03585133,0.9955563
mnist,proposed,4096,836,0.98615691,0.01475033,1.0187887
mnist,proposed,4096,837,0.98200367,0.09657569,0.99006952
mnist,proposed,4096,838,0.98568053,0.03102087,1.00152905
mnist,proposed,4096,839,0.999,0.02208791,1.03067353
mnist,proposed,4096,840,0.98794765,0.02624523,1.00755536
mnist,proposed,4096,841,0.98617512,0.0116625,0.99449567
mnist,proposed,4096,842,0.99088703,0.10138356,1.0302262
mnist,proposed,4096,843,0.9912167,0.05180894,0.99474578
mnist,proposed,4096,844,0.98383067,0.01553701,0.99341638
mnist,proposed,4096,845,0.99242109,0.04700936,0.97859812
mnist,proposed,4096,846,0.99243861,0.0524624,1.00712898
mnist,proposed,4096,847,0.999,0.02323244,1.01316903
mnist,proposed,4096,848,0.99462642,0.04492597,0.99063111
mnist,proposed,4096,849,0.98089076,0.03065551,0.99791301
mnist,proposed,4096,850,0.98754347,0.04400951,0.97426903
mnist,proposed,4096,851,0.99603415,0.03984985,0.98709907
mnist,proposed,4096,852,0.98661357,0.01257328,0.98014536
mnist,proposed,4096,853,0.99546946,0.01016948,0.99597814
mnist,proposed,4096,854,0.984988,0.03517819,0.98291617
mnist,proposed,4096,855,0.98203261,0.0540001,0.98967451
mnist,proposed,4096,856,0.98896741,0.08337405,0.99158285
mnist,proposed,4096,857,0.98354635,0.07212463,1.02232674
mnist,proposed,4096,858,0.98778737,0.0961294,0.98899226
mnist,proposed,4096,859,0.99481564,0.01779871,1.01853599
mnist,proposed,4096,860,0.98020981,0.02554547,1.00938141
mnist,proposed,4096,861,0.982579,0.05459185,0.98616186
mnist,proposed,4096,862,0.97870082,0.00311601,0.99331479
mnist,proposed,4096,863,0.98262389,0.04862663,1.00214933
mnist,proposed,4096,864,0.98739197,0.05461309,1.01157936
mnist,proposed,4096,865,0.98285471,0.06515159,0.99355545
mnist,proposed,4096,866,0.98459347,0.06133685,1.00194186
mnist,proposed,4096,867,0.98646258,0.01249889,1.00413715
mnist,proposed,4096,868,0.99388893,0.06205295,1.00189725
mnist,proposed,4096,869,0.98647221,0.06860991,1.00692234
mnist,proposed,4096,870,0.9938835,0.03954748,1.0184624
mnist,proposed,4096,871,0.98890478,0.00796965,1.00960867
mnist,proposed,4096,872,0.99205527,0.02426641,1.0018094
mnist,proposed,4096,873,0.999,0.03187488,1.01843003
mnist,proposed,4096,874,0.98677936,0.04630251,0.9946581
mnist,proposed,4096,875,0.98760586,0.01148916,0.99151513
mnist,proposed,4096,876,0.98904419,0.01980135,0.989854
mnist,proposed,4096,877,0.99331031,0.01675839,0.99029977
mnist,proposed,4096,878,0.97906067,0.05604764,0.98307311
mnist,proposed,4096,879,0.9880077,0.1013533,1.02670808
mnist,proposed,4096,880,0.98931095,0.07510639,1.02963645
mnist,proposed,4096,881,0.9877725,0.03350176,0.9981031
mnist,proposed,4096,882,0.97463218,0.01292283,1.00374341
mnist,proposed,4096,883,0.97728549,0.12404854,0.9977183
mnist,proposed,4096,884,0.9798788,0.00912589,1.00045986
mnist,proposed,4096,885,0.9882672,0.09562547,1.0182253
mnist,proposed,4096,886,0.99344938,0.03131451,0.98378476
mnist,proposed,4096,887,0.98810377,0.01088104,0.97959752
mnist,proposed,4096,888,0.97228972,0.04508287,0.99271164
mnist,proposed,4096,889,0.98364533,0.01903348,1.02659873
mnist,proposed,4096,890,0.98552711,0.04600958,0.98435154
mnist,proposed,4096,891,0.97831716,0.03114157,1.00535011
mnist,proposed,4096,892,0.98895387,0.06817168,0.99750767
mnist,proposed,4096,893,0.9850016,0.03501004,1.03664291
mnist,proposed,4096,894,0.98092594,0.03661537,0.98515642
mnist,proposed,4096,895,0.98229218,0.0237286,0.98013927
mnist,proposed,4096,896,0.99277296,0.01902227,1.01607133
mnist,proposed,4096,897,0.99523265,0.00300356,0.99751022
mnist,proposed,4096,898,0.99326243,0.00296036,1.00499191
mnist,proposed,4096,899,0.97975135,0.08447742,1.00631109
mnist,proposed,4096,900,0.98741638,0.05751195,0.9729456
mnist,proposed,4096,901,0.98566779,0.04554986,1.00308138
mnist,proposed,4096,902,0.98088061,0.00396854,1.01748309
mnist,proposed,4096,903,0.98254593,0.04557156,1.0229032
mnist,proposed,4096,904,0.99066993,0.02162494,1.00858744
mnist,proposed,4096,905,0.97474586,0.0793089,1.00904166
mnist,proposed,4096,906,0.97600905,2.176e-05,1.00090311
mnist,proposed,4096,907,0.97726975,0.00909202,1.00946164
mnist,proposed,4096,908,0.97837364,0.04282364,0.99692851
mnist,proposed,4096,909,0.98767118,0.08991065,0.98908465
mnist,proposed,4096,910,0.99300946,0.04946567,1.00795308
mnist,proposed,4096,911,0.97765363,0.01690469,0.99119247
mnist,proposed,4096,912,0.98124163,0.04089875,0.99426727
mnist,proposed,4096,913,0.97437815,0.02618746,0.99114649
mnist,proposed,4096,914,0.98636772,0.11398301,1.02789585
mnist,proposed,4096,915,0.98258982,0.01729943,1.00910076
mnist,proposed,4096,916,0.97213917,0.04822732,1.01228495
mnist,proposed,4096,917,0.99275095,0.04629832,1.0116544
mnist,proposed,4096,918,0.98239745,0.01300626,1.0011255
mnist,proposed,4096,919,0.98803726,0.02330496,0.99575578
mnist,proposed,4096,920,0.98014102,0.01433093,1.00356721
mnist,proposed,4096,921,0.99077707,0.02543298,0.99952519
mnist,proposed,4096,922,0.99189938,0.04848167,1.01416938
mnist,proposed,4096,923,0.98732832,0.00839905,1.01003688
mnist,proposed,4096,924,0.98924006,0.01270997,0.99184995
mnist,proposed,4096,925,0.97659228,0.0347039,0.9892626
mnist,proposed,4096,926,0.98565128,0.04749672,1.0192746
mnist,proposed,4096,927,0.98469581,0.01432216,1.01751787
mnist,proposed,4096,928,0.99423966,0.00582228,0.98699521
mnist,proposed,4096,929,0.98335043,0.01478148,1.00321414
mnist,proposed,4096,930,0.97893844,0.04082373,1.00679061
mnist,proposed,4096,931,0.97776134,0.07138842,0.99515059
mnist,proposed,4096,932,0.98610118,0.0128735,1.00591906
mnist,proposed,4096,933,0.98640487,0.06425242,1.00945037
mnist,proposed,4096,934,0.999,0.0849097,1.01756649
mnist,proposed,4096,935,0.99316357,0.03498415,1.01261791
mnist,proposed,4096,936,0.99130769,0.08547737,1.02072872
mnist,proposed,4096,937,0.98891316,0.05737619,0.97640783
mnist,proposed,4096,938,0.99732845,0.06283516,0.98153456
mnist,proposed,4096,939,0.98990438,0.01688255,1.00988143
mnist,proposed,4096,940,0.97726703,0.10319645,1.00142037
mnist,proposed,4096,941,0.98295963,0.01804334,0.98512397
mnist,proposed,4096,942,0.98502264,0.0298864,1.02078251
mnist,proposed,4096,943,0.98398707,0.04224796,0.99125024
mnist,proposed,4096,944,0.9834262,0.03372254,0.990476
mnist,proposed,4096,945,0.98236507,0.00767709,0.9887455
mnist,proposed,4096,946,0.99097699,0.03185379,0.99842988
mnist,proposed,4096,947,0.984381,0.02529933,1.00561036
mnist,proposed,4096,948,0.98920706,0.02169967,0.99541284
mnist,proposed,4096,949,0.98788981,0.07566461,1.0274243
mnist,proposed,4096,950,0.98146123,0.01902399,1.00451389
mnist,proposed,4096,951,0.98990876,0.01493311,1.00162391
mnist,proposed,4096,952,0.96911176,0.01025972,1.00614589
mnist,proposed,4096,953,0.9948344,0.01243016,0.99217853
mnist,proposed,4096,954,0.98922235,0.01516685,0.99077016
mnist,proposed,4096,955,0.99518525,0.03972436,1.01947595
mnist,proposed,4096,956,0.99560587,0.05891903,1.0009623
mnist,proposed,4096,957,0.97210037,0.05649681,0.99911721
mnist,proposed,4096,958,0.98166401,0.00775738,1.02310236
mnist,proposed,4096,959,0.98897102,0.00078718,0.98032603
mnist,proposed,4096,960,0.9867079,0.05971902,0.98923576
mnist,proposed,4096,961,0.99011692,0.03303184,1.01488092
mnist,proposed,4096,962,0.97701455,0.00911259,0.98826281
mnist,proposed,4096,963,0.98681468,0.0324375,0.98414656
mnist,proposed,4096,964,0.99811923,0.00526832,0.98287402
mnist,proposed,4096,965,0.99073644,0.01446238,1.00370979
mnist,proposed,4096,966,0.98545431,0.01665425,1.0103131
mnist,proposed,4096,967,0.98790097,0.0180985,1.01077117
mnist,proposed,4096,968,0.99272574,0.10827141,1.01991674
mnist,proposed,4096,969,0.98078098,0.01785222,1.00939474
mnist,proposed,4096,970,0.98137685,0.04236642,1.00663359
mnist,proposed,4096,971,0.99673036,0.01284867,1.004399
mnist,proposed,4096,972,0.99598423,0.04814729,0.98989019
mnist,proposed,4096,973,0.98095009,0.03580281,1.0117138
mnist,proposed,4096,974,0.99358708,0.03788686,0.98909612
mnist,proposed,4096,975,0.98483698,0.02424976,0.97484773
mnist,proposed,4096,976,0.98203894,0.00870975,0.99461491
mnist,proposed,4096,977,0.98823285,0.00907309,1.00364659
mnist,proposed,4096,978,0.99387132,0.08974466,1.00996918
mnist,proposed,4096,979,0.985523,0.0298926,0.99557974
mnist,proposed,4096,980,0.9900357,0.05094092,1.01545259
mnist,proposed,4096,981,0.98936257,0.03434731,0.99610906
mnist,proposed,4096,982,0.98295487,0.00602299,1.00706533
mnist,proposed,4096,983,0.98717701,0.10119072,1.0312122
mnist,proposed,4096,984,0.98976474,0.0010348,0.99789077
mnist,proposed,4096,985,0.999,0.00122465,1.02948733
mnist,proposed,4096,986,0.98559853,0.08174208,0.99877965
mnist,proposed,4096,987,0.98435918,0.01299949,1.0097257
mnist,proposed,4096,988,0.98260891,0.03367928,1.00762756
mnist,proposed,4096,989,0.99828841,0.07065751,0.99300181
mnist,proposed,4096,990,0.98211751,0.0020236,0.98832224
mnist,proposed,4096,991,0.99379738,0.00016584,0.96752339
mnist,proposed,4096,992,0.98752849,0.03111401,0.99594179
mnist,proposed,4096,993,0.97971522,0.00248236,0.99838585
mnist,proposed,4096,994,0.98570686,0.06354002,1.00470709
mnist,proposed,4096,995,0.98793101,0.01604979,1.01850105
mnist,proposed,4096,996,0.97839504,0.06996914,1.00152967
mnist,proposed,4096,997,0.99021355,0.02052713,1.00634004
mnist,proposed,4096,998,0.98471788,0.04086538,1.00794986
mnist,proposed,4096,999,0.9867515,0.04202728,0.99532316
mnist,proposed,8192,0,0.98978621,0.09343353,0.99381945
mnist,proposed,8192,1,0.98866833,0.05907648,0.98332211
mnist,proposed,8192,2,0.99461197,0.05141107,1.01845642
mnist,proposed,8192,3,0.99049049,0.07487534,1.01240626
mnist,proposed,8192,4,0.99013534,0.01631987,0.98793329
mnist,proposed,8192,5,0.98910702,0.01269346,0.98531955
mnist,proposed,8192,6,0.98221847,0.05557032,1.00985306
mnist,proposed,8192,7,0.99685196,0.01601799,0.99698413
mnist,proposed,8192,8,0.98871769,0.01802498,0.99312746
mnist,proposed,8192,9,0.99536381,0.03158803,1.02059197
mnist,proposed,8192,10,0.99189738,0.00524055,0.99153041
mnist,proposed,8192,11,0.98810858,0.00379494,1.00687713
mnist,proposed,8192,12,0.99528484,0.04356332,0.98194376
mnist,proposed,8192,13,0.97991472,0.01630414,1.01083155
mnist,proposed,8192,14,0.9887089,0.01957448,1.00715318
mnist,proposed,8192,15,0.98486191,0.0150906,0.98356603
mnist,proposed,8192,16,0.9835282,0.10249442,1.0057792
mnist,proposed,8192,17,0.98736392,0.019757,0.99715836
mnist,proposed,8192,18,0.99142561,0.04083569,1.00610751
mnist,proposed,8192,19,0.99181641,0.01137372,0.9916876
mnist,proposed,8192,20,0.98696455,0.00419865,0.99200775
mnist,proposed,8192,21,0.98920196,0.02330276,0.99412123
mnist,proposed,8192,22,0.9886362,0.0081254,0.99898215
mnist,proposed,8192,23,0.98519741,0.01262699,0.99082537
mnist,proposed,8192,24,0.98978307,0.06115273,0.98164803
mnist,proposed,8192,25,0.97798094,0.0562067,0.98583644
mnist,proposed,8192,26,0.97985243,0.00300122,1.00316387
mnist,proposed,8192,27,0.98895565,0.0053905,1.03425814
mnist,proposed,8192,28,0.99175294,0.03918601,1.00022533
mnist,proposed,8192,29,0.99466286,0.03040192,1.01418877
mnist,proposed,8192,30,0.99495452,0.03960666,0.99631768
mnist,proposed,8192,31,0.98248649,0.01127492,0.96637568
mnist,proposed,8192,32,0.98759587,0.05616685,0.98738739
mnist,proposed,8192,33,0.98689327,0.04821333,1.00239068
mnist,proposed,8192,34,0.97984651,0.00960077,0.98674144
mnist,proposed,8192,35,0.99623771,0.04045649,0.99194059
mnist,proposed,8192,36,0.98841124,0.07280111,1.0044059
mnist,proposed,8192,37,0.98332741,0.05715366,0.98113367
mnist,proposed,8192,38,0.99225943,0.00265394,0.9764651
mnist,proposed,8192,39,0.98522196,0.03019492,1.01404118
mnist,proposed,8192,40,0.98815642,0.03103497,0.97882113
mnist,proposed,8192,41,0.98674844,0.09177558,1.00225659
mnist,proposed,8192,42,0.98843713,0.10207676,1.02005811
mnist,proposed,8192,43,0.98780926,0.00721001,1.00835107
mnist,proposed,8192,44,0.99157435,0.01238559,0.95917565
mnist,proposed,8192,45,0.97038977,0.05068392,1.00655217
mnist,proposed,8192,46,0.97259838,0.01252078,1.00071239
mnist,proposed,8192,47,0.97712434,0.01234395,1.0023216
mnist,proposed,8192,48,0.98031281,0.0558775,0.98004275
mnist,proposed,8192,49,0.98825308,0.08932306,1.00951319
mnist,proposed,8192,50,0.99169019,0.01886346,0.98635291
mnist,proposed,8192,51,0.97945712,0.01994753,1.02096235
mnist,proposed,8192,52,0.97775009,0.01386118,1.00526612
mnist,proposed,8192,53,0.98426673,0.05081563,0.99420822
mnist,proposed,8192,54,0.98771377,0.0064374,0.97618571
mnist,proposed,8192,55,0.98317786,0.04359262,1.01955677
mnist,proposed,8192,56,0.98425366,0.03128905,1.0146337
mnist,proposed,8192,57,0.98398002,0.03380425,1.01413411
mnist,proposed,8192,58,0.99414004,0.03437871,0.98389131
mnist,proposed,8192,59,0.98348555,0.0676508,1.03054741
mnist,proposed,8192,60,0.98768195,0.01775811,0.9881778
mnist,proposed,8192,61,0.98886093,0.02429509,1.02080894
mnist,proposed,8192,62,0.9843305,0.06664796,0.99772321
mnist,proposed,8192,63,0.98280905,0.07954111,0.99928544
mnist,proposed,8192,64,0.98351787,0.15331318,0.99860649
mnist,proposed,8192,65,0.98201649,0.01464365,1.02145637
mnist,proposed,8192,66,0.99103889,0.00935512,1.01821417
mnist,proposed,8192,67,0.98533888,0.00650553,0.98688943
mnist,proposed,8192,68,0.98437499,0.02262833,1.00983512
mnist,proposed,8192,69,0.99176044,0.00771452,1.01427347
mnist,proposed,8192,70,0.99550957,0.0420665,1.0025375
mnist,proposed,8192,71,0.97944077,0.00051529,0.99864245
mnist,proposed,8192,72,0.98320765,0.06121368,1.01365292
mnist,proposed,8192,73,0.98514823,0.07758806,0.98671581
mnist,proposed,8192,74,0.996494,0.01392701,1.02135865
mnist,proposed,8192,75,0.9929021,0.10845342,0.99749001
mnist,proposed,8192,76,0.9829568,0.05485468,0.98923419
mnist,proposed,8192,77,0.99091505,0.00095512,0.97616916
mnist,proposed,8192,78,0.98297219,0.01629727,0.99435953
mnist,proposed,8192,79,0.98086052,0.03622565,0.98278276
mnist,proposed,8192,80,0.99780376,0.0053796,0.97997459
mnist,proposed,8192,81,0.98932895,0.03070666,0.99405965
mnist,proposed,8192,82,0.999,0.02910936,1.00000122
mnist,proposed,8192,83,0.98674104,0.01479718,1.04340077
mnist,proposed,8192,84,0.99751271,0.08800732,0.99278395
mnist,proposed,8192,85,0.9855759,0.00724429,1.02587356
mnist,proposed,8192,86,0.99210948,0.0225883,1.0061821
mnist,proposed,8192,87,0.98488824,0.01125887,1.01475316
mnist,proposed,8192,88,0.98460389,0.05392555,1.01719595
mnist,proposed,8192,89,0.98783118,0.02385346,1.02649927
mnist,proposed,8192,90,0.98769683,0.03465671,0.9823613
mnist,proposed,8192,91,0.98281737,0.11278309,1.0006599
mnist,proposed,8192,92,0.99235895,0.03461308,0.99488965
mnist,proposed,8192,93,0.97407439,0.07675809,0.97027051
mnist,proposed,8192,94,0.98196323,0.01549016,1.00064887
mnist,proposed,8192,95,0.98741051,0.00753736,0.99087477
mnist,proposed,8192,96,0.97877468,0.00869346,0.98889184
mnist,proposed,8192,97,0.98193808,0.02914234,0.98985864
mnist,proposed,8192,98,0.98932155,0.0304191,1.01524987
mnist,proposed,8192,99,0.98362226,0.0377898,0.99739497
mnist,proposed,8192,100,0.97995243,0.07271419,0.9906425
mnist,proposed,8192,101,0.98996871,0.03615514,1.00303659
mnist,proposed,8192,102,0.9962879,0.08122566,1.00817603
mnist,proposed,8192,103,0.98300557,0.04404406,1.02060371
mnist,proposed,8192,104,0.99428902,0.06054198,1.02291726
mnist,proposed,8192,105,0.98894797,0.02492687,1.02284102
mnist,proposed,8192,106,0.98701988,0.07577703,0.98981208
mnist,proposed,8192,107,0.99171288,0.05384181,0.9888622
mnist,proposed,8192,108,0.99368335,0.01311438,0.98475506
mnist,proposed,8192,109,0.98488301,0.00476107,1.00978287
mnist,proposed,8192,110,0.97846274,0.07930834,0.98355088
mnist,proposed,8192,111,0.98529759,0.00410927,1.01819735
mnist,proposed,8192,112,0.99106438,0.03919574,1.00850717
mnist,proposed,8192,113,0.97071092,0.03204605,1.0109126
mnist,proposed,8192,114,0.98382634,0.05443328,0.98297522
mnist,proposed,8192,115,0.99070452,0.03498818,0.96915932
mnist,proposed,8192,116,0.99080933,0.00321579,0.99176319
mnist,proposed,8192,117,0.99027284,0.00330603,0.9944181
mnist,proposed,8192,118,0.98390885,0.00344693,0.98932069
mnist,proposed,8192,119,0.9806676,0.11858073,0.99752457
mnist,proposed,8192,120,0.99363916,0.00791646,1.00079696
mnist,proposed,8192,121,0.98513436,0.08429621,1.00314155
mnist,proposed,8192,122,0.999,0.0429168,1.01751642
mnist,proposed,8192,123,0.99195725,0.00845589,0.99008471
mnist,proposed,8192,124,0.99077923,0.05597677,1.00463591
mnist,proposed,8192,125,0.98609951,0.021569,0.99610421
mnist,proposed,8192,126,0.98271554,0.03174376,0.99503002
mnist,proposed,8192,127,0.98792729,0.02769024,0.97946895
mnist,proposed,8192,128,0.98270888,0.09247625,0.98305852
mnist,proposed,8192,129,0.98307111,0.02105989,1.00548928
mnist,proposed,8192,130,0.98782648,0.09869342,0.99236231
mnist,proposed,8192,131,0.97567015,0.11572712,0.99917019
mnist,proposed,8192,132,0.98942441,0.00811293,1.01643894
mnist,proposed,8192,133,0.98163574,0.04696621,1.00271964
mnist,proposed,8192,134,0.98521573,0.02727155,1.02277373
mnist,proposed,8192,135,0.99494174,0.00453898,1.02909097
mnist,proposed,8192,136,0.9920725,0.00912632,0.99235711
mnist,proposed,8192,137,0.98889278,0.00010219,0.98843354
mnist,proposed,8192,138,0.98998069,0.03413532,1.02308924
mnist,proposed,8192,139,0.97251046,0.05957426,1.00000466
mnist,proposed,8192,140,0.98647677,0.08343116,1.01503438
mnist,proposed,8192,141,0.97955922,0.0513811,1.01165003
mnist,proposed,8192,142,0.98505485,0.02313136,0.99995907
mnist,proposed,8192,143,0.98198854,0.07952723,1.00754245
mnist,proposed,8192,144,0.98814921,0.01543392,1.00123467
mnist,proposed,8192,145,0.98237918,0.011419,1.00193788
mnist,proposed,8192,146,0.99046474,0.0150605,0.97830457
mnist,proposed,8192,147,0.98119688,0.03364307,0.99810255
mnist,proposed,8192,148,0.98834643,0.01392457,1.01092788
mnist,proposed,8192,149,0.97812893,0.07733155,1.00016459
mnist,proposed,8192,150,0.98792963,0.01759974,1.01044278
mnist,proposed,8192,151,0.97331645,0.04176351,0.97157551
mnist,proposed,8192,152,0.98812584,0.04674848,0.98738887
mnist,proposed,8192,153,0.9897959,0.01163661,1.00376784
mnist,proposed,8192,154,0.999,0.02912197,0.9755471
mnist,proposed,8192,155,0.98421585,0.00650016,0.98866103
mnist,proposed,8192,156,0.99345749,0.01841051,0.97414747
mnist,proposed,8192,157,0.99385591,0.00824951,1.0168366
mnist,proposed,8192,158,0.98099215,0.05389347,0.9964853
mnist,proposed,8192,159,0.99559717,0.05916286,1.00822463
mnist,proposed,8192,160,0.97862552,0.00344683,1.02693375
mnist,proposed,8192,161,0.98337477,0.0277297,0.9840243
mnist,proposed,8192,162,0.98567275,0.00011087,1.00018606
mnist,proposed,8192,163,0.97886623,0.03466858,1.01147272
mnist,proposed,8192,164,0.97766174,0.0105076,1.00279031
mnist,proposed,8192,165,0.98351308,0.08991623,0.9739437
mnist,proposed,8192,166,0.98912345,0.00080312,0.98590943
mnist,proposed,8192,167,0.98250326,0.07656536,0.98052803
mnist,proposed,8192,168,0.98843285,0.11605799,1.01578844
mnist,proposed,8192,169,0.98945528,0.07704569,0.95768846
mnist,proposed,8192,170,0.99690579,0.00723873,0.98901961
mnist,proposed,8192,171,0.97789762,0.01735481,1.00888216
mnist,proposed,8192,172,0.98060294,0.02960512,1.01729428
mnist,proposed,8192,173,0.98889859,0.01106966,0.99756637
mnist,proposed,8192,174,0.99555083,0.00560218,0.99240347
mnist,proposed,8192,175,0.98419296,0.03142052,0.98716674
mnist,proposed,8192,176,0.99112401,0.01566245,0.97642738
mnist,proposed,8192,177,0.9904121,0.05498858,0.99678958
mnist,proposed,8192,178,0.97790341,0.01541224,0.98518249
mnist,proposed,8192,179,0.99463503,0.08504666,1.03937492
mnist,proposed,8192,180,0.9816932,0.03065456,1.01429386
mnist,proposed,8192,181,0.99169675,0.01033927,1.02043263
mnist,proposed,8192,182,0.98688657,0.08062765,1.00731775
mnist,proposed,8192,183,0.99669191,0.01367138,1.01025991
mnist,proposed,8192,184,0.99698664,0.02662539,0.99655976
mnist,proposed,8192,185,0.99102356,0.00896074,1.00656015
mnist,proposed,8192,186,0.9926295,0.0545997,0.99544539
mnist,proposed,8192,187,0.98327894,0.04424715,1.02704886
mnist,proposed,8192,188,0.98331882,0.0574349,0.98574912
mnist,proposed,8192,189,0.98905057,0.07747974,0.98775933
mnist,proposed,8192,190,0.98985237,0.03372026,0.99139931
mnist,proposed,8192,191,0.98118153,0.05746702,0.99179183
mnist,proposed,8192,192,0.98895918,0.00076585,0.99742438
mnist,proposed,8192,193,0.99166465,0.0617401,1.02225974
mnist,proposed,8192,194,0.98954802,0.04404965,1.00058877
mnist,proposed,8192,195,0.97743781,0.02945236,1.03218596
mnist,proposed,8192,196,0.9921028,0.01883025,0.98573273
mnist,proposed,8192,197,0.98716859,0.00172514,1.01666104
mnist,proposed,8192,198,0.98839602,0.03611415,1.00038129
mnist,proposed,8192,199,0.9925285,0.06101781,1.01310046
mnist,proposed,8192,200,0.99074206,0.00720204,1.01169685
mnist,proposed,8192,201,0.98586985,0.00128844,0.98429414
mnist,proposed,8192,202,0.9931149,0.07920439,0.98065846
mnist,proposed,8192,203,0.97603319,0.01351088,1.00211428
mnist,proposed,8192,204,0.97408718,0.0245407,0.99592043
mnist,proposed,8192,205,0.98799888,0.04602893,0.9736713
mnist,proposed,8192,206,0.98014804,0.02393032,0.98266982
mnist,proposed,8192,207,0.98805318,0.01444568,1.00490644
mnist,proposed,8192,208,0.99048652,0.03723241,0.99658908
mnist,proposed,8192,209,0.98141697,0.00688428,1.0168353
mnist,proposed,8192,210,0.99786711,0.02186653,1.00725859
mnist,proposed,8192,211,0.99051882,0.06741544,0.99991985
mnist,proposed,8192,212,0.99397942,0.0218711,1.02630725
mnist,proposed,8192,213,0.98004255,0.07745324,1.0020021
mnist,proposed,8192,214,0.98663564,0.03274131,1.02346856
mnist,proposed,8192,215,0.98727051,0.02424252,1.0093644
mnist,proposed,8192,216,0.97658443,0.06307509,0.99701628
mnist,proposed,8192,217,0.98755276,0.0401584,1.01159359
mnist,proposed,8192,218,0.97771851,0.03446549,0.98141951
mnist,proposed,8192,219,0.98284468,0.03327715,0.99366587
mnist,proposed,8192,220,0.98812471,0.05188141,1.01738994
mnist,proposed,8192,221,0.98067624,0.0257205,0.99391896
mnist,proposed,8192,222,0.98509272,0.10081672,1.01437302
mnist,proposed,8192,223,0.99086579,0.02569192,0.99297705
mnist,proposed,8192,224,0.99534601,0.05536688,0.984398
mnist,proposed,8192,225,0.98590835,0.05303661,0.99651194
mnist,proposed,8192,226,0.9770081,0.01700789,0.99968743
mnist,proposed,8192,227,0.98960002,0.00649109,1.02501356
mnist,proposed,8192,228,0.99202672,0.0374075,1.01002855
mnist,proposed,8192,229,0.98326599,0.03077759,1.00501102
mnist,proposed,8192,230,0.99088923,0.00698357,0.99505247
mnist,proposed,8192,231,0.99200156,0.01661008,0.98582744
mnist,proposed,8192,232,0.99248262,0.0271752,0.97523277
mnist,proposed,8192,233,0.9892808,0.00861971,0.98920757
mnist,proposed,8192,234,0.98870832,0.06661927,1.00711538
mnist,proposed,8192,235,0.99385446,0.04408299,0.9971714
mnist,proposed,8192,236,0.98200993,0.00893979,1.0048004
mnist,proposed,8192,237,0.9887291,0.08418829,0.96290772
mnist,proposed,8192,238,0.99875288,0.06905249,0.98525656
mnist,proposed,8192,239,0.99454497,0.03957094,0.96994938
mnist,proposed,8192,240,0.9763073,0.07250429,1.01276893
mnist,proposed,8192,241,0.99344265,0.02821325,1.01435589
mnist,proposed,8192,242,0.97998697,0.00940585,1.00602656
mnist,proposed,8192,243,0.99025082,0.07137777,1.00479928
mnist,proposed,8192,244,0.98818575,0.08189743,0.99592507
mnist,proposed,8192,245,0.98534552,0.00909586,1.00853744
mnist,proposed,8192,246,0.98080715,0.13032683,1.00049261
mnist,proposed,8192,247,0.98355845,0.0569809,0.98237493
mnist,proposed,8192,248,0.999,0.08941745,1.00191017
mnist,proposed,8192,249,0.98657592,0.01393701,0.99876776
mnist,proposed,8192,250,0.97505051,0.0402781,0.99603731
mnist,proposed,8192,251,0.99358201,0.02513433,1.00022579
mnist,proposed,8192,252,0.99887706,0.04164663,0.9998814
mnist,proposed,8192,253,0.98099774,0.03435053,1.00583472
mnist,proposed,8192,254,0.98796316,0.02510197,0.98361057
mnist,proposed,8192,255,0.98600002,0.07600625,0.98070336
mnist,proposed,8192,256,0.97848816,0.0465228,1.0271796
mnist,proposed,8192,257,0.99511912,0.0351791,1.00570948
mnist,proposed,8192,258,0.987293,0.04110912,1.01618498
mnist,proposed,8192,259,0.98703761,0.02192441,1.00248925
mnist,proposed,8192,260,0.98523446,0.02859077,1.01302228
mnist,proposed,8192,261,0.98052035,0.03111869,1.01171366
mnist,proposed,8192,262,0.98490696,0.04769489,1.0224455
mnist,proposed,8192,263,0.98195624,0.00255347,0.97420732
mnist,proposed,8192,264,0.98560654,0.07051155,1.00322843
mnist,proposed,8192,265,0.97402654,0.00266543,0.98672073
mnist,proposed,8192,266,0.98890641,0.00073255,0.99585603
mnist,proposed,8192,267,0.99061873,0.01451728,1.00812984
mnist,proposed,8192,268,0.99553147,0.05057513,0.9941669
mnist,proposed,8192,269,0.98672865,0.04673093,1.01565438
mnist,proposed,8192,270,0.99829878,0.04209361,0.98451152
mnist,proposed,8192,271,0.98493539,0.03765149,0.98392072
mnist,proposed,8192,272,0.98099022,0.09518149,0.99473943
mnist,proposed,8192,273,0.99461877,0.00855022,0.99666388
mnist,proposed,8192,274,0.98654566,0.00788208,1.01552061
mnist,proposed,8192,275,0.99775535,0.00687051,1.00173473
mnist,proposed,8192,276,0.98351852,0.13675903,1.00639879
mnist,proposed,8192,277,0.98431428,0.04243087,1.01186511
mnist,proposed,8192,278,0.98365343,0.13091307,1.02470733
mnist,proposed,8192,279,0.97945204,0.01963025,0.99494573
mnist,proposed,8192,280,0.99138954,0.09268106,1.02554762
mnist,proposed,8192,281,0.97660798,0.10297035,0.99297219
mnist,proposed,8192,282,0.992381,0.03372526,1.02807213
mnist,proposed,8192,283,0.999,0.03345166,0.9853426
mnist,proposed,8192,284,0.99217709,0.03731757,1.00230605
mnist,proposed,8192,285,0.99739891,0.0122042,1.03126079
mnist,proposed,8192,286,0.98506367,0.02342003,0.99881541
mnist,proposed,8192,287,0.99491001,0.0061621,1.00006501
mnist,proposed,8192,288,0.99809727,0.02717119,0.99707082
mnist,proposed,8192,289,0.99872025,0.00712124,0.99838636
mnist,proposed,8192,290,0.98775072,0.00153007,0.99517563
mnist,proposed,8192,291,0.99597253,0.04465339,0.99510835
mnist,proposed,8192,292,0.98706864,0.02328586,1.02208785
mnist,proposed,8192,293,0.9918121,0.00945418,0.99657099
mnist,proposed,8192,294,0.98916987,0.00463085,0.99584128
mnist,proposed,8192,295,0.99583869,0.01334641,1.01846519
mnist,proposed,8192,296,0.999,0.07824551,1.01112597
mnist,proposed,8192,297,0.98851624,0.00421798,1.00434089
mnist,proposed,8192,298,0.99138759,0.04333048,0.98255225
mnist,proposed,8192,299,0.98033582,0.07075189,0.98711227
mnist,proposed,8192,300,0.97872245,0.05388823,1.01480996
mnist,proposed,8192,301,0.99476785,0.02632624,0.98115284
mnist,proposed,8192,302,0.9920813,0.01090319,1.01920371
mnist,proposed,8192,303,0.97292915,0.00315692,0.97480444
mnist,proposed,8192,304,0.999,0.01032671,1.01609887
mnist,proposed,8192,305,0.99052361,0.01757329,1.02610636
mnist,proposed,8192,306,0.97417745,0.01014603,1.00233002
mnist,proposed,8192,307,0.98255072,0.01620295,0.9834311
mnist,proposed,8192,308,0.982294,0.02285,0.99466311
mnist,proposed,8192,309,0.98110826,0.02178345,0.99615551
mnist,proposed,8192,310,0.97784582,0.0756104,0.9743729
mnist,proposed,8192,311,0.98520795,0.06324318,1.01167494
mnist,proposed,8192,312,0.98953623,0.05673873,0.99921639
mnist,proposed,8192,313,0.99099652,0.11560228,1.00480036
mnist,proposed,8192,314,0.98884102,0.0335485,1.00012409
mnist,proposed,8192,315,0.98903015,0.08571435,0.98483613
mnist,proposed,8192,316,0.99185661,0.00241448,0.98746364
mnist,proposed,8192,317,0.98648521,0.01246185,1.003393
mnist,proposed,8192,318,0.98432731,0.00816899,0.99995261
mnist,proposed,8192,319,0.98889398,0.04836223,0.97456724
mnist,proposed,8192,320,0.99099536,0.05363768,1.00938428
mnist,proposed,8192,321,0.97574789,0.00568554,1.01171465
mnist,proposed,8192,322,0.98693574,0.11046818,0.9768825
mnist,proposed,8192,323,0.97576291,0.06643743,0.97641933
mnist,proposed,8192,324,0.99200845,0.06422847,0.98944057
mnist,proposed,8192,325,0.98534332,0.00191871,0.99046718
mnist,proposed,8192,326,0.98074273,0.0729581,0.98062005
mnist,proposed,8192,327,0.98322127,0.02036871,1.00609118
mnist,proposed,8192,328,0.98616905,0.02937246,1.01024195
mnist,proposed,8192,329,0.97938805,0.07130573,1.02498357
mnist,proposed,8192,330,0.98971552,0.03696572,1.00110235
mnist,proposed,8192,331,0.98810365,0.03304426,1.02906096
mnist,proposed,8192,332,0.99415246,0.03801524,0.98554968
mnist,proposed,8192,333,0.98174154,0.02693668,0.99421237
mnist,proposed,8192,334,0.99183099,0.00516783,1.00229756
mnist,proposed,8192,335,0.98279999,0.05326747,1.01880647
mnist,proposed,8192,336,0.98659866,0.06121312,1.00945163
mnist,proposed,8192,337,0.97775422,0.00346381,1.015631
mnist,proposed,8192,338,0.99363882,0.02772819,0.99389135
mnist,proposed,8192,339,0.98296742,0.11630977,0.98897889
mnist,proposed,8192,340,0.98704661,0.09604544,0.99510577
mnist,proposed,8192,341,0.98333959,0.05557789,1.00308309
mnist,proposed,8192,342,0.9906455,0.00373018,1.01899148
mnist,proposed,8192,343,0.97730879,0.02399124,1.01676809
mnist,proposed,8192,344,0.98439857,0.03517758,0.99506885
mnist,proposed,8192,345,0.97829979,0.00114825,0.99417232
mnist,proposed,8192,346,0.98747377,0.02946134,0.99174343
mnist,proposed,8192,347,0.99742287,0.0079878,0.97357664
mnist,proposed,8192,348,0.99785554,0.07727658,1.00868894
mnist,proposed,8192,349,0.98034461,0.06104212,1.0207745
mnist,proposed,8192,350,0.98246072,0.00620895,1.01245787
mnist,proposed,8192,351,0.97701874,0.05778426,0.99906423
mnist,proposed,8192,352,0.98615843,0.02330028,0.98782304
mnist,proposed,8192,353,0.99296381,0.03425026,1.00092419
mnist,proposed,8192,354,0.98966032,0.00925146,0.99260843
mnist,proposed,8192,355,0.985401,0.02186445,1.00251484
mnist,proposed,8192,356,0.99020523,0.03096771,1.00203159
mnist,proposed,8192,357,0.999,0.04608705,1.02338845
mnist,proposed,8192,358,0.98843458,0.01936637,1.02570297
mnist,proposed,8192,359,0.98319165,0.02123671,0.97049526
mnist,proposed,8192,360,0.97886655,0.09584591,1.00004115
mnist,proposed,8192,361,0.9829434,0.01595788,1.00109232
mnist,proposed,8192,362,0.99028021,0.04612553,0.98891489
mnist,proposed,8192,363,0.98710056,0.00383824,0.97177821
mnist,proposed,8192,364,0.99207847,0.00070305,0.99281359
mnist,proposed,8192,365,0.97154876,0.11006112,1.01925438
mnist,proposed,8192,366,0.99137086,0.01791862,0.99745968
mnist,proposed,8192,367,0.97540765,0.02300549,0.97631263
mnist,proposed,8192,368,0.98973349,0.02711809,0.98025674
mnist,proposed,8192,369,0.99366293,0.08372629,0.99035838
mnist,proposed,8192,370,0.98640029,0.03778274,0.97011177
mnist,proposed,8192,371,0.989047,0.04446169,1.01172008
mnist,proposed,8192,372,0.98894032,0.01882976,1.0329974
mnist,proposed,8192,373,0.98868685,0.01913846,1.00784512
mnist,proposed,8192,374,0.99056843,0.02492245,0.98931035
mnist,proposed,8192,375,0.99232654,0.0065118,0.99830921
mnist,proposed,8192,376,0.98001289,0.01319212,1.00750111
mnist,proposed,8192,377,0.98489409,0.01250541,0.98110252
mnist,proposed,8192,378,0.9835357,0.00985176,1.00391856
mnist,proposed,8192,379,0.98421036,0.00990637,1.0037286
mnist,proposed,8192,380,0.98471308,0.04527569,0.9813959
mnist,proposed,8192,381,0.98401094,0.0241635,0.98126819
mnist,proposed,8192,382,0.99028648,0.02109346,0.99019722
mnist,proposed,8192,383,0.98778025,0.01103651,0.99203508
mnist,proposed,8192,384,0.98950872,0.00611964,1.01758447
mnist,proposed,8192,385,0.98087337,5.1e-05,0.99687919
mnist,proposed,8192,386,0.98397974,0.0044224,0.99536461
mnist,proposed,8192,387,0.98507263,0.06553162,1.00692304
mnist,proposed,8192,388,0.98812305,0.00913708,0.98735838
mnist,proposed,8192,389,0.98854808,0.05640124,1.00164237
mnist,proposed,8192,390,0.98703381,0.10565823,1.00488798
mnist,proposed,8192,391,0.97523433,0.14252906,0.99759025
mnist,proposed,8192,392,0.97711605,0.02955863,0.9971456
mnist,proposed,8192,393,0.99028185,0.00116549,0.99323925
mnist,proposed,8192,394,0.98468009,0.02711258,0.99250878
mnist,proposed,8192,395,0.97312403,0.01182186,0.99917619
mnist,proposed,8192,396,0.99289774,0.03336624,0.99929208
mnist,proposed,8192,397,0.98328147,0.02669206,0.98152757
mnist,proposed,8192,398,0.9784593,0.05135002,1.02519884
mnist,proposed,8192,399,0.98369295,0.02926799,1.02463559
mnist,proposed,8192,400,0.98324053,0.00142548,0.9974864
mnist,proposed,8192,401,0.98489439,0.03610096,1.00497912
mnist,proposed,8192,402,0.99104007,0.05132267,1.03593342
mnist,proposed,8192,403,0.97660823,0.00949345,1.01293713
mnist,proposed,8192,404,0.98995533,0.03137204,1.01445971
mnist,proposed,8192,405,0.97926936,0.01697704,0.9756176
mnist,proposed,8192,406,0.99056373,0.01981218,1.01366006
mnist,proposed,8192,407,0.97673975,0.09561239,0.99721346
mnist,proposed,8192,408,0.99243211,0.03900002,1.03338486
mnist,proposed,8192,409,0.98383868,0.01394854,1.01605154
mnist,proposed,8192,410,0.99072586,0.01006628,1.0067578
mnist,proposed,8192,411,0.98489506,0.06740236,0.9978458
mnist,proposed,8192,412,0.98282165,0.04971496,1.01751872
mnist,proposed,8192,413,0.97837785,0.03882249,0.99689779
mnist,proposed,8192,414,0.98556052,0.05084293,0.98276303
mnist,proposed,8192,415,0.9833755,0.06681465,0.98146131
mnist,proposed,8192,416,0.99451314,0.05400789,1.00230354
mnist,proposed,8192,417,0.975251,0.07781445,1.01461572
mnist,proposed,8192,418,0.98407582,0.02989594,0.98777557
mnist,proposed,8192,419,0.97534896,0.00686525,1.01090995
mnist,proposed,8192,420,0.98637764,0.03453404,1.00517868
mnist,proposed,8192,421,0.99227919,0.00378076,1.03285787
mnist,proposed,8192,422,0.9863191,0.02468609,0.99238304
mnist,proposed,8192,423,0.98721985,0.03773877,1.00254178
mnist,proposed,8192,424,0.9866093,0.02226258,0.99623187
mnist,proposed,8192,425,0.97728899,0.04074397,0.99397828
mnist,proposed,8192,426,0.97909046,0.05160335,0.98270931
mnist,proposed,8192,427,0.98796314,0.0072352,1.00146453
mnist,proposed,8192,428,0.99555993,0.01844111,0.994603
mnist,proposed,8192,429,0.97436555,0.05198139,1.00613023
mnist,proposed,8192,430,0.99172765,0.01723122,0.99722145
mnist,proposed,8192,431,0.9931813,0.01974974,0.9947615
mnist,proposed,8192,432,0.99333693,0.01491889,0.98769437
mnist,proposed,8192,433,0.99157782,0.00801402,0.98714068
mnist,proposed,8192,434,0.99687716,0.10428221,0.99038814
mnist,proposed,8192,435,0.98609886,0.00859609,1.01597965
mnist,proposed,8192,436,0.98668003,0.00583116,1.01939691
mnist,proposed,8192,437,0.99571454,0.00342436,1.00918798
mnist,proposed,8192,438,0.99424273,0.03540653,0.97725368
mnist,proposed,8192,439,0.98810651,0.02669837,0.98719655
mnist,proposed,8192,440,0.985969,0.03710572,1.01786645
mnist,proposed,8192,441,0.98758876,0.02870288,0.99695942
mnist,proposed,8192,442,0.98990892,0.0239863,1.01034034
mnist,proposed,8192,443,0.98467263,0.05868994,1.01819872
mnist,proposed,8192,444,0.98620401,0.0244841,1.00771592
mnist,proposed,8192,445,0.98108647,0.01556095,1.00200695
mnist,proposed,8192,446,0.98526828,0.10057681,0.97590933
mnist,proposed,8192,447,0.98570321,0.04487846,1.03906996
mnist,proposed,8192,448,0.98499663,0.04161118,0.98669834
mnist,proposed,8192,449,0.9848685,0.01101535,0.99718704
mnist,proposed,8192,450,0.9891681,0.03952666,0.98466997
mnist,proposed,8192,451,0.98798893,0.03825377,1.00918434
mnist,proposed,8192,452,0.99383561,0.09574302,0.96979971
mnist,proposed,8192,453,0.98210206,0.01945866,0.99468928
mnist,proposed,8192,454,0.9845858,0.07714422,0.99549706
mnist,proposed,8192,455,0.98672812,0.05776015,0.99747865
mnist,proposed,8192,456,0.99462443,0.01758555,1.00680784
mnist,proposed,8192,457,0.98400866,0.00448906,1.00535094
mnist,proposed,8192,458,0.99180816,0.04566025,1.00815891
mnist,proposed,8192,459,0.98204183,0.09018814,0.96842871
mnist,proposed,8192,460,0.98341231,0.02130571,1.00971182
mnist,proposed,8192,461,0.99547477,0.01879929,1.02170031
mnist,proposed,8192,462,0.98119633,0.00803595,1.00812589
mnist,proposed,8192,463,0.9723466,0.02669399,0.97790789
mnist,proposed,8192,464,0.98205406,0.00942052,0.99843322
mnist,proposed,8192,465,0.9919373,0.05625874,0.98829258
mnist,proposed,8192,466,0.98925979,0.06648866,1.02498392
mnist,proposed,8192,467,0.9810467,0.0280664,1.02076592
mnist,proposed,8192,468,0.98257729,0.01265326,0.9496488
mnist,proposed,8192,469,0.98547833,0.00805481,0.9939123
mnist,proposed,8192,470,0.98526318,0.00638906,1.02568965
mnist,proposed,8192,471,0.98779245,0.14800224,1.00874977
mnist,proposed,8192,472,0.99475123,0.00218789,1.01598993
mnist,proposed,8192,473,0.98924356,0.06438237,0.98854239
mnist,proposed,8192,474,0.98606423,0.07782101,1.01530778
mnist,proposed,8192,475,0.98262909,0.00467217,1.01374312
mnist,proposed,8192,476,0.98396042,0.07986618,0.98474909
mnist,proposed,8192,477,0.98577829,0.02587609,1.01690369
mnist,proposed,8192,478,0.99488621,0.05491073,1.00299459
mnist,proposed,8192,479,0.98194356,0.01122208,0.98435542
mnist,proposed,8192,480,0.99107787,0.08029041,0.98706283
mnist,proposed,8192,481,0.98596984,0.02583957,0.97082372
mnist,proposed,8192,482,0.98261952,0.02618935,0.99776664
mnist,proposed,8192,483,0.99797869,0.02589254,1.0176839
mnist,proposed,8192,484,0.98254217,0.00729811,1.00137648
mnist,proposed,8192,485,0.9841647,0.04205617,1.02217056
mnist,proposed,8192,486,0.97812465,0.09858862,1.02030936
mnist,proposed,8192,487,0.9912401,0.08298211,1.00195639
mnist,proposed,8192,488,0.98524478,0.0460012,1.00475173
mnist,proposed,8192,489,0.98487457,0.10322973,0.98770809
mnist,proposed,8192,490,0.98917322,0.00111992,1.01896454
mnist,proposed,8192,491,0.999,0.00178266,0.99138122
mnist,proposed,8192,492,0.99524519,0.01591709,1.01382365
mnist,proposed,8192,493,0.98755848,0.04623746,0.96394275
mnist,proposed,8192,494,0.99406754,0.06739934,0.98597744
mnist,proposed,8192,495,0.98837121,0.0217977,1.0326541
mnist,proposed,8192,496,0.98843799,0.03746838,0.99194195
mnist,proposed,8192,497,0.99585708,0.03252547,1.00472415
mnist,proposed,8192,498,0.98795856,0.00957017,0.98339371
mnist,proposed,8192,499,0.98813872,0.00891557,0.98812722
mnist,proposed,8192,500,0.98204969,0.0141003,1.0193052
mnist,proposed,8192,501,0.98099804,0.04414504,0.98564667
mnist,proposed,8192,502,0.98161526,0.00843273,1.0043619
mnist,proposed,8192,503,0.98886169,0.05330314,1.00600842
mnist,proposed,8192,504,0.98561069,0.04911783,0.98453782
mnist,proposed,8192,505,0.98517725,0.01132356,0.96881455
mnist,proposed,8192,506,0.97275344,0.01098416,0.97659587
mnist,proposed,8192,507,0.98403037,0.03523198,1.0020351
mnist,proposed,8192,508,0.98268648,0.03947144,1.00183123
mnist,proposed,8192,509,0.98622896,0.00376777,0.99568719
mnist,proposed,8192,510,0.98586059,0.04812223,1.00616396
mnist,proposed,8192,511,0.98138003,0.03513625,1.03109092
mnist,proposed,8192,512,0.98640744,0.01689977,1.02512338
mnist,proposed,8192,513,0.9885824,0.05334251,0.98977335
mnist,proposed,8192,514,0.99458837,0.02712063,1.02103777
mnist,proposed,8192,515,0.99326306,0.03797968,1.01135178
mnist,proposed,8192,516,0.99159439,0.01571176,0.99801632
mnist,proposed,8192,517,0.98869018,0.08979126,0.99649964
mnist,proposed,8192,518,0.9879896,0.05321345,0.99511321
mnist,proposed,8192,519,0.98751145,0.0703377,0.99920717
mnist,proposed,8192,520,0.99612038,0.04451391,0.98437451
mnist,proposed,8192,521,0.98259282,0.04727811,1.01913158
mnist,proposed,8192,522,0.98168385,0.07624327,1.00384783
mnist,proposed,8192,523,0.9909462,0.04349425,1.00000967
mnist,proposed,8192,524,0.98745227,0.0300383,0.97767694
mnist,proposed,8192,525,0.97974375,0.02122189,0.98837638
mnist,proposed,8192,526,0.98732837,0.0595128,1.00493751
mnist,proposed,8192,527,0.98637598,0.018546,0.98565769
mnist,proposed,8192,528,0.98746504,0.00609347,0.99857853
mnist,proposed,8192,529,0.98159925,0.00164613,0.98847585
mnist,proposed,8192,530,0.99190625,0.06060559,0.99182027
mnist,proposed,8192,531,0.98925338,0.01961415,0.99927036
mnist,proposed,8192,532,0.99438255,0.11185576,0.99369514
mnist,proposed,8192,533,0.98316975,0.01993126,1.0216133
mnist,proposed,8192,534,0.99172571,0.07808107,0.98847418
mnist,proposed,8192,535,0.99235955,0.05073476,1.00446856
mnist,proposed,8192,536,0.98688187,0.04135985,0.99224188
mnist,proposed,8192,537,0.98211403,0.02621655,1.01202704
mnist,proposed,8192,538,0.98345775,0.03224636,1.01356695
mnist,proposed,8192,539,0.99236944,0.05578713,0.96783475
mnist,proposed,8192,540,0.98657917,0.13215729,1.01107594
mnist,proposed,8192,541,0.98474888,0.01359453,0.98596342
mnist,proposed,8192,542,0.99082893,0.00408262,1.00190282
mnist,proposed,8192,543,0.99678337,0.0388929,0.9804463
mnist,proposed,8192,544,0.99172045,0.02604295,1.0012297
mnist,proposed,8192,545,0.98447975,0.09280323,0.98700771
mnist,proposed,8192,546,0.98775623,0.03678251,0.97312128
mnist,proposed,8192,547,0.98908094,0.07845682,1.02220198
mnist,proposed,8192,548,0.99124889,0.12255907,0.98922279
mnist,proposed,8192,549,0.98664367,0.09979455,0.99208362
mnist,proposed,8192,550,0.9932563,0.01780256,0.99382882
mnist,proposed,8192,551,0.98346301,0.07286151,1.0321149
mnist,proposed,8192,552,0.98308076,0.01860383,0.97795557
mnist,proposed,8192,553,0.99350154,0.03697791,1.01179709
mnist,proposed,8192,554,0.98100084,0.04726281,1.00889405
mnist,proposed,8192,555,0.98673122,0.01440862,0.96176922
mnist,proposed,8192,556,0.99157497,0.04320757,1.00081156
mnist,proposed,8192,557,0.99018902,0.05556184,1.00618528
mnist,proposed,8192,558,0.99809772,0.12483741,1.00337337
mnist,proposed,8192,559,0.98220423,0.04598492,0.98911959
mnist,proposed,8192,560,0.99567907,0.047618,0.9907159
mnist,proposed,8192,561,0.98409946,0.05272907,0.98709447
mnist,proposed,8192,562,0.99287885,0.05296392,1.02115994
mnist,proposed,8192,563,0.97096408,0.01916952,0.99980212
mnist,proposed,8192,564,0.98486259,0.02075661,0.99940974
mnist,proposed,8192,565,0.99473693,0.04918077,1.03432735
mnist,proposed,8192,566,0.99502518,0.08365888,0.97754483
mnist,proposed,8192,567,0.97424905,0.13796935,1.00124441
mnist,proposed,8192,568,0.98450524,0.01923735,0.97652495
mnist,proposed,8192,569,0.9785195,0.02940362,1.004355
mnist,proposed,8192,570,0.97080466,0.03486012,1.00197582
mnist,proposed,8192,571,0.96888589,0.02889802,0.99949433
mnist,proposed,8192,572,0.98738698,0.03371848,1.00843869
mnist,proposed,8192,573,0.98533535,0.02271374,1.00282631
mnist,proposed,8192,574,0.98830392,0.03380709,0.97004517
mnist,proposed,8192,575,0.9905509,0.04956348,0.98645696
mnist,proposed,8192,576,0.98864647,0.02768452,1.02010874
mnist,proposed,8192,577,0.9928397,0.00823176,1.00560279
mnist,proposed,8192,578,0.98058954,0.0542934,0.97656717
mnist,proposed,8192,579,0.98729537,0.01730778,0.98177515
mnist,proposed,8192,580,0.98513133,0.02080199,0.99971198
mnist,proposed,8192,581,0.99525987,0.02993881,0.98564237
mnist,proposed,8192,582,0.99527344,0.0287336,1.043837
mnist,proposed,8192,583,0.98289944,0.00920629,0.99232256
mnist,proposed,8192,584,0.97986646,0.04567948,0.98696478
mnist,proposed,8192,585,0.99628423,0.06323979,0.99729942
mnist,proposed,8192,586,0.99550773,0.02458086,1.0196741
mnist,proposed,8192,587,0.99110392,0.16152474,1.01333749
mnist,proposed,8192,588,0.978239,0.08288478,0.98709114
mnist,proposed,8192,589,0.99196767,0.05948699,1.00378079
mnist,proposed,8192,590,0.99077669,0.03938267,0.99563029
mnist,proposed,8192,591,0.98682405,0.01860268,0.99872323
mnist,proposed,8192,592,0.98534289,0.01129041,0.98763704
mnist,proposed,8192,593,0.9796454,0.00063748,1.00063518
mnist,proposed,8192,594,0.98713372,0.01320142,0.98630957
mnist,proposed,8192,595,0.99293337,0.0144683,1.00499301
mnist,proposed,8192,596,0.99561597,0.00019185,1.00441464
mnist,proposed,8192,597,0.98681476,0.02517379,0.98739428
mnist,proposed,8192,598,0.97520751,0.05407905,0.98932189
mnist,proposed,8192,599,0.98800645,0.06425235,1.01385183
mnist,proposed,8192,600,0.97999574,0.09152599,1.01765258
mnist,proposed,8192,601,0.98629692,0.00272203,0.9982938
mnist,proposed,8192,602,0.98494044,0.00309088,0.97330781
mnist,proposed,8192,603,0.98172005,0.02074747,1.00369468
mnist,proposed,8192,604,0.98068707,0.03038079,1.02225518
mnist,proposed,8192,605,0.9928502,0.0003544,1.01478704
mnist,proposed,8192,606,0.99128889,0.03617115,0.99667815
mnist,proposed,8192,607,0.99573936,0.07050249,0.98275067
mnist,proposed,8192,608,0.97695081,0.02077483,0.97907318
mnist,proposed,8192,609,0.98225154,0.04911834,1.00007876
mnist,proposed,8192,610,0.9898241,0.08976402,0.99230903
mnist,proposed,8192,611,0.98164639,0.10092691,0.98673318
mnist,proposed,8192,612,0.9841215,0.11147144,1.0068539
mnist,proposed,8192,613,0.97700833,0.03937519,1.01250035
mnist,proposed,8192,614,0.99635005,0.04786188,0.99795545
mnist,proposed,8192,615,0.98443682,0.06294509,1.0153093
mnist,proposed,8192,616,0.97353534,0.0533003,1.02434795
mnist,proposed,8192,617,0.99001034,0.00914013,1.0267128
mnist,proposed,8192,618,0.99213575,0.07540111,0.99466945
mnist,proposed,8192,619,0.98187383,0.06331832,0.99077967
mnist,proposed,8192,620,0.985545,0.04170614,0.97755353
mnist,proposed,8192,621,0.98716947,0.00279311,0.99863695
mnist,proposed,8192,622,0.98564125,0.08726003,1.03059554
mnist,proposed,8192,623,0.98922316,0.05774743,1.00799308
mnist,proposed,8192,624,0.97677103,0.02171038,1.03472232
mnist,proposed,8192,625,0.98793759,0.05086378,1.0106016
mnist,proposed,8192,626,0.98092076,0.00987416,1.01360058
mnist,proposed,8192,627,0.9784045,0.08875332,0.9954465
mnist,proposed,8192,628,0.97672971,0.10731294,1.02023706
mnist,proposed,8192,629,0.98813819,0.09405048,0.99022523
mnist,proposed,8192,630,0.98194433,0.06447966,1.00080419
mnist,proposed,8192,631,0.98350609,0.06166133,1.00637729
mnist,proposed,8192,632,0.98318464,0.06121042,1.00140741
mnist,proposed,8192,633,0.99162626,0.01738106,0.97428296
mnist,proposed,8192,634,0.99160774,0.0113316,1.00675311
mnist,proposed,8192,635,0.99041479,0.02800239,1.00428066
mnist,proposed,8192,636,0.98663784,0.03096675,0.99698449
mnist,proposed,8192,637,0.98965855,0.13560282,0.99126731
mnist,proposed,8192,638,0.98153074,0.04869812,0.99913548
mnist,proposed,8192,639,0.98889212,0.00240463,1.00655669
mnist,proposed,8192,640,0.98114504,0.0002718,1.00934802
mnist,proposed,8192,641,0.99090625,0.01785128,1.00661626
mnist,proposed,8192,642,0.99675866,0.04296137,1.01424998
mnist,proposed,8192,643,0.98749404,0.03571263,1.00745536
mnist,proposed,8192,644,0.98859888,0.04270307,1.0140928
mnist,proposed,8192,645,0.98489554,0.06153213,1.02040281
mnist,proposed,8192,646,0.97811474,0.02726585,1.01427111
mnist,proposed,8192,647,0.98808679,0.08060631,0.99734837
mnist,proposed,8192,648,0.98485244,0.1158998,0.99713027
mnist,proposed,8192,649,0.97797169,0.02287496,1.01508725
mnist,proposed,8192,650,0.98381235,0.01319419,1.00142556
mnist,proposed,8192,651,0.98585175,0.10546717,1.01288272
mnist,proposed,8192,652,0.98738315,0.07099672,0.97666952
mnist,proposed,8192,653,0.98214925,0.02127366,1.01655645
mnist,proposed,8192,654,0.98233031,0.07374745,1.00349387
mnist,proposed,8192,655,0.98095904,0.00444772,0.99674912
mnist,proposed,8192,656,0.98975304,0.00698857,0.98570421
mnist,proposed,8192,657,0.98953826,0.02652101,0.989684
mnist,proposed,8192,658,0.999,0.01215636,1.01896496
mnist,proposed,8192,659,0.98969638,0.10258371,1.00618799
mnist,proposed,8192,660,0.99003511,0.0075935,1.00349445
mnist,proposed,8192,661,0.98739009,0.03618214,0.99802209
mnist,proposed,8192,662,0.98860828,0.04491892,0.96918913
mnist,proposed,8192,663,0.9878072,0.08415902,0.990297
mnist,proposed,8192,664,0.99143283,0.03093798,1.03518748
mnist,proposed,8192,665,0.98720355,0.04357852,1.0120377
mnist,proposed,8192,666,0.98303171,0.06364072,0.97368291
mnist,proposed,8192,667,0.9821947,0.01062398,1.02094502
mnist,proposed,8192,668,0.99424203,0.0667502,0.98609085
mnist,proposed,8192,669,0.999,0.05703819,0.99879144
mnist,proposed,8192,670,0.98501869,0.0051251,0.97817119
mnist,proposed,8192,671,0.98174207,0.0147318,0.98732134
mnist,proposed,8192,672,0.97443087,0.04374765,1.00549118
mnist,proposed,8192,673,0.96731087,0.09160082,0.99537115
mnist,proposed,8192,674,0.98861348,0.01396058,0.98745239
mnist,proposed,8192,675,0.9896884,0.01764239,0.9806755
mnist,proposed,8192,676,0.98942415,0.00650219,0.95231867
mnist,proposed,8192,677,0.98637126,0.01550693,1.00426519
mnist,proposed,8192,678,0.98357266,0.10812378,0.98989939
mnist,proposed,8192,679,0.98417651,0.04803419,1.02602672
mnist,proposed,8192,680,0.99552311,0.01100598,0.983682
mnist,proposed,8192,681,0.99163548,0.07332837,1.00049061
mnist,proposed,8192,682,0.98886962,0.11305884,0.98375528
mnist,proposed,8192,683,0.99199955,0.08491744,1.00043576
mnist,proposed,8192,684,0.97694503,0.00855376,0.99573746
mnist,proposed,8192,685,0.999,0.06730557,1.00693472
mnist,proposed,8192,686,0.99456972,0.01538422,0.99339286
mnist,proposed,8192,687,0.99178758,0.00260364,0.99801576
mnist,proposed,8192,688,0.97935821,0.08183499,0.98433808
mnist,proposed,8192,689,0.99005015,0.02208962,0.97456489
mnist,proposed,8192,690,0.982085,0.00609876,1.00315111
mnist,proposed,8192,691,0.996905,0.02187233,0.98889839
mnist,proposed,8192,692,0.98089667,0.07428398,1.00481119
mnist,proposed,8192,693,0.99177659,0.06022523,0.99047475
mnist,proposed,8192,694,0.98080367,0.09523654,0.99487961
mnist,proposed,8192,695,0.98298689,0.01417871,0.99460815
mnist,proposed,8192,696,0.98336697,0.01960609,0.99441437
mnist,proposed,8192,697,0.98556944,0.07976772,1.01366792
mnist,proposed,8192,698,0.99062574,0.0390532,0.98383266
mnist,proposed,8192,699,0.99702264,0.00442299,0.99287196
mnist,proposed,8192,700,0.99684133,0.04397882,1.02203279
mnist,proposed,8192,701,0.98838027,0.06420054,1.0125956
mnist,proposed,8192,702,0.98418485,0.02076794,0.97988951
mnist,proposed,8192,703,0.9971584,0.06337728,1.01838869
mnist,proposed,8192,704,0.98182374,0.02742735,0.99961559
mnist,proposed,8192,705,0.98156834,0.03150422,1.0180448
mnist,proposed,8192,706,0.98347016,0.07546394,1.01305828
mnist,proposed,8192,707,0.97750178,0.07753825,1.01619033
mnist,proposed,8192,708,0.98636486,0.10172465,0.97695059
mnist,proposed,8192,709,0.97980774,0.04629557,0.99690363
mnist,proposed,8192,710,0.99437892,0.01497047,0.98826906
mnist,proposed,8192,711,0.98746481,0.05395106,1.04439415
mnist,proposed,8192,712,0.99749871,0.01282174,0.99770686
mnist,proposed,8192,713,0.98390475,0.02210362,0.99772265
mnist,proposed,8192,714,0.9768558,0.05166539,1.00347376
mnist,proposed,8192,715,0.98410708,0.0900532,1.00300557
mnist,proposed,8192,716,0.99158086,0.02985429,0.99267237
mnist,proposed,8192,717,0.99063145,0.0704686,0.99474113
mnist,proposed,8192,718,0.9771496,0.03313161,1.02293982
mnist,proposed,8192,719,0.98945596,0.04412055,1.01416379
mnist,proposed,8192,720,0.98572706,0.04639923,1.00921211
mnist,proposed,8192,721,0.98294336,0.01887603,0.97724607
mnist,proposed,8192,722,0.98773835,0.08991702,1.00270222
mnist,proposed,8192,723,0.99338842,0.02846532,0.99960949
mnist,proposed,8192,724,0.98512309,0.08852487,1.01459352
mnist,proposed,8192,725,0.99680553,0.02357823,0.99359099
mnist,proposed,8192,726,0.99303308,0.00525892,0.97771611
mnist,proposed,8192,727,0.97040947,0.00109758,1.00756093
mnist,proposed,8192,728,0.99357543,0.01687691,0.98737752
mnist,proposed,8192,729,0.98828839,0.00616873,1.0021311
mnist,proposed,8192,730,0.98192824,0.04435617,0.98382299
mnist,proposed,8192,731,0.98745002,0.02539849,1.00001233
mnist,proposed,8192,732,0.99480853,0.0710892,1.03199703
mnist,proposed,8192,733,0.98402318,0.05261872,1.00026186
mnist,proposed,8192,734,0.98237733,0.04934087,1.01438808
mnist,proposed,8192,735,0.97911636,0.00186905,0.98077291
mnist,proposed,8192,736,0.99036859,0.02520616,1.00019824
mnist,proposed,8192,737,0.9789322,0.02153391,0.98340983
mnist,proposed,8192,738,0.98822362,0.02384106,1.00942717
mnist,proposed,8192,739,0.98231151,0.05084394,1.00270814
mnist,proposed,8192,740,0.98616308,0.09815582,1.01504384
mnist,proposed,8192,741,0.98950171,0.02674274,1.01126827
mnist,proposed,8192,742,0.98182042,0.0079602,1.00577318
mnist,proposed,8192,743,0.98975367,0.06342898,0.99531964
mnist,proposed,8192,744,0.99326896,0.01268102,0.99569921
mnist,proposed,8192,745,0.98624459,0.00183575,1.01508633
mnist,proposed,8192,746,0.98123272,0.07559864,0.98571158
mnist,proposed,8192,747,0.99773822,0.01301784,0.96827935
mnist,proposed,8192,748,0.98692578,0.02904332,0.99564017
mnist,proposed,8192,749,0.99130786,0.00162813,0.96769106
mnist,proposed,8192,750,0.9791681,0.04237857,1.02511102
mnist,proposed,8192,751,0.99497348,0.05419183,1.01414273
mnist,proposed,8192,752,0.97827667,0.11240057,1.01712818
mnist,proposed,8192,753,0.98826047,0.01058831,1.00077968
mnist,proposed,8192,754,0.99221467,0.01977936,0.9949011
mnist,proposed,8192,755,0.97980612,0.07815982,1.01004238
mnist,proposed,8192,756,0.98880341,0.03914531,1.02245558
mnist,proposed,8192,757,0.98110675,0.00816783,1.00088847
mnist,proposed,8192,758,0.98797626,0.0962374,1.04048108
mnist,proposed,8192,759,0.98560286,0.14008866,1.00005577
mnist,proposed,8192,760,0.98217243,0.01608368,1.00430615
mnist,proposed,8192,761,0.99790795,0.02190113,1.00096198
mnist,proposed,8192,762,0.98535565,0.00451773,1.00850957
mnist,proposed,8192,763,0.98809713,0.06503189,1.00715629
mnist,proposed,8192,764,0.99006201,0.05875493,1.01573962
mnist,proposed,8192,765,0.98250474,0.12953098,0.99021932
mnist,proposed,8192,766,0.99244544,0.09466728,0.99974511
mnist,proposed,8192,767,0.99164021,0.01421126,0.98806369
mnist,proposed,8192,768,0.99854123,0.02207296,0.9874599
mnist,proposed,8192,769,0.97906811,0.00471915,1.00415505
mnist,proposed,8192,770,0.98059694,0.00528586,0.98480919
mnist,proposed,8192,771,0.9831844,0.05716867,1.01397534
mnist,proposed,8192,772,0.98285637,0.01305442,0.98837465
mnist,proposed,8192,773,0.98500327,0.02454903,0.97985876
mnist,proposed,8192,774,0.98358612,0.04182248,1.01026859
mnist,proposed,8192,775,0.97545929,0.02503497,1.02764779
mnist,proposed,8192,776,0.99195926,0.00509919,0.98173677
mnist,proposed,8192,777,0.98179548,0.00121866,1.02175915
mnist,proposed,8192,778,0.99233483,0.00833587,1.00538237
mnist,proposed,8192,779,0.98728119,0.03727025,0.96863956
mnist,proposed,8192,780,0.97913629,0.00990469,0.98990142
mnist,proposed,8192,781,0.999,0.03329963,0.99810917
mnist,proposed,8192,782,0.97693799,0.08812528,0.99439983
mnist,proposed,8192,783,0.98727768,0.10778565,1.01145843
mnist,proposed,8192,784,0.99266748,0.09874121,0.9823402
mnist,proposed,8192,785,0.98166284,0.07461155,0.97473048
mnist,proposed,8192,786,0.99392563,0.08112331,1.00702557
mnist,proposed,8192,787,0.98165105,0.02232914,1.00430016
mnist,proposed,8192,788,0.99155661,0.07028862,1.0102459
mnist,proposed,8192,789,0.9862665,0.05087145,1.01194944
mnist,proposed,8192,790,0.97967616,0.07021632,0.98857604
mnist,proposed,8192,791,0.987394,0.01772592,1.00681734
mnist,proposed,8192,792,0.98327737,0.03146892,1.00392974
mnist,proposed,8192,793,0.99136145,0.01189987,1.00085957
mnist,proposed,8192,794,0.98972407,0.00545824,1.01065771
mnist,proposed,8192,795,0.97901567,0.01818687,1.02126884
mnist,proposed,8192,796,0.99225913,0.0730083,1.01241125
mnist,proposed,8192,797,0.98554921,0.03954292,0.98493642
mnist,proposed,8192,798,0.98317433,0.0433419,0.9918442
mnist,proposed,8192,799,0.98947279,0.07697288,0.99005136
mnist,proposed,8192,800,0.98266342,0.00094935,0.99609673
mnist,proposed,8192,801,0.99518785,0.00893911,1.00941044
mnist,proposed,8192,802,0.97363304,0.06349221,0.98483881
mnist,proposed,8192,803,0.99132873,0.0625987,0.99208067
mnist,proposed,8192,804,0.98175957,0.11514975,1.00170164
mnist,proposed,8192,805,0.98601242,0.06509164,0.99517535
mnist,proposed,8192,806,0.99096382,0.04463571,0.99728854
mnist,proposed,8192,807,0.99480102,0.03767359,1.00019602
mnist,proposed,8192,808,0.97598452,0.01098039,1.03138237
mnist,proposed,8192,809,0.98881466,0.00279031,0.98178794
mnist,proposed,8192,810,0.98244761,0.03300444,0.98719788
mnist,proposed,8192,811,0.999,0.0767812,1.0036401
mnist,proposed,8192,812,0.98498585,0.09493645,0.99976958
mnist,proposed,8192,813,0.99570722,0.04779967,1.00309365
mnist,proposed,8192,814,0.97795568,0.0081772,1.02719275
mnist,proposed,8192,815,0.97366464,0.05334047,0.99651756
mnist,proposed,8192,816,0.99532741,0.09141315,0.98705167
mnist,proposed,8192,817,0.9933544,0.09569402,1.00590883
mnist,proposed,8192,818,0.98171126,0.04876241,1.02670696
mnist,proposed,8192,819,0.98352782,0.03754556,0.99551476
mnist,proposed,8192,820,0.99030731,0.05074492,1.01659491
mnist,proposed,8192,821,0.98402077,0.02491232,0.98653521
mnist,proposed,8192,822,0.98817703,0.04538543,0.98877684
mnist,proposed,8192,823,0.98352219,0.02350763,1.00153251
mnist,proposed,8192,824,0.9778829,0.00012433,0.99948581
mnist,proposed,8192,825,0.98622878,0.06836607,1.0019473
mnist,proposed,8192,826,0.98976327,0.06089267,1.0004017
mnist,proposed,8192,827,0.9798453,0.01695714,1.00282515
mnist,proposed,8192,828,0.98669336,0.06733861,0.98734786
mnist,proposed,8192,829,0.98967641,0.06188925,0.98356784
mnist,proposed,8192,830,0.9892836,0.00694838,1.00780317
mnist,proposed,8192,831,0.99356165,0.00959557,0.98210317
mnist,proposed,8192,832,0.98937515,0.03602506,0.99618416
mnist,proposed,8192,833,0.9927054,0.10754491,1.0062117
mnist,proposed,8192,834,0.99034282,0.0461692,0.99721776
mnist,proposed,8192,835,0.99607285,0.0458535,1.00992938
mnist,proposed,8192,836,0.99090489,0.06472029,0.99726661
mnist,proposed,8192,837,0.97988292,0.03208152,0.99858392
mnist,proposed,8192,838,0.999,0.01297143,1.01307685
mnist,proposed,8192,839,0.98761375,0.01571805,1.01580975
mnist,proposed,8192,840,0.99283824,0.07100067,0.99399131
mnist,proposed,8192,841,0.98440832,0.0015204,0.98534803
mnist,proposed,8192,842,0.98517018,0.01560772,1.00621927
mnist,proposed,8192,843,0.99555156,0.00506077,1.00974516
mnist,proposed,8192,844,0.97634495,0.00991958,0.99249772
mnist,proposed,8192,845,0.98922512,0.07457946,0.99300769
mnist,proposed,8192,846,0.98597121,0.06538928,1.00449049
mnist,proposed,8192,847,0.98492002,0.09699568,0.9988911
mnist,proposed,8192,848,0.98990531,0.00517564,1.00229989
mnist,proposed,8192,849,0.98706344,0.03638375,1.0012875
mnist,proposed,8192,850,0.98634771,0.1166191,0.99933711
mnist,proposed,8192,851,0.99331282,0.05895574,0.99606745
mnist,proposed,8192,852,0.98082397,0.13744003,1.00596177
mnist,proposed,8192,853,0.98371366,0.024786,0.97921051
mnist,proposed,8192,854,0.999,0.01819893,0.9754208
mnist,proposed,8192,855,0.9835198,0.03624383,0.98796921
mnist,proposed,8192,856,0.9877448,0.01669656,0.99457035
mnist,proposed,8192,857,0.99321407,0.03131506,1.01886161
mnist,proposed,8192,858,0.9840252,0.0309717,1.0206775
mnist,proposed,8192,859,0.988257,0.02159443,0.99878879
mnist,proposed,8192,860,0.98883779,0.03432275,1.00316306
mnist,proposed,8192,861,0.99571291,0.11866323,1.01166096
mnist,proposed,8192,862,0.98565174,0.00537492,1.01081925
mnist,proposed,8192,863,0.97844334,0.02627522,1.00043898
mnist,proposed,8192,864,0.98062839,0.05814566,0.99558852
mnist,proposed,8192,865,0.98097507,0.00514219,1.01853766
mnist,proposed,8192,866,0.97828548,0.01901281,1.0067916
mnist,proposed,8192,867,0.97670856,0.06822832,0.99520567
mnist,proposed,8192,868,0.98753743,0.03266727,1.00406047
mnist,proposed,8192,869,0.98900525,0.06066887,0.98851841
mnist,proposed,8192,870,0.98457372,0.02814014,1.0199784
mnist,proposed,8192,871,0.98969318,0.07868494,0.99290153
mnist,proposed,8192,872,0.99498128,0.00624709,0.99920081
mnist,proposed,8192,873,0.99601672,0.01109846,1.01333243
mnist,proposed,8192,874,0.98129156,0.00795678,1.02645494
mnist,proposed,8192,875,0.99079866,0.0029135,1.00846394
mnist,proposed,8192,876,0.9821508,0.02713544,1.01290972
mnist,proposed,8192,877,0.98862341,0.04781056,0.99410686
mnist,proposed,8192,878,0.97787778,0.00540424,0.96748124
mnist,proposed,8192,879,0.98801312,0.02935061,1.02327191
mnist,proposed,8192,880,0.98442039,0.0833662,0.99754531
mnist,proposed,8192,881,0.98688516,0.09454457,1.0165944
mnist,proposed,8192,882,0.99233895,0.03799717,1.00065201
mnist,proposed,8192,883,0.99385399,0.06770849,1.01377634
mnist,proposed,8192,884,0.99501699,0.01061641,0.99715236
mnist,proposed,8192,885,0.98191219,0.00348072,0.98288203
mnist,proposed,8192,886,0.98813732,0.03988302,0.97310764
mnist,proposed,8192,887,0.99536134,0.00298851,0.96908195
mnist,proposed,8192,888,0.99696064,0.06991406,1.02686675
mnist,proposed,8192,889,0.97998714,0.06618341,1.01759355
mnist,proposed,8192,890,0.97763154,0.02391662,0.98368021
mnist,proposed,8192,891,0.99428929,0.02371898,0.988137
mnist,proposed,8192,892,0.98663738,0.00667364,0.97240535
mnist,proposed,8192,893,0.98929558,0.04368612,1.00657667
mnist,proposed,8192,894,0.98132212,0.00434221,0.99941206
mnist,proposed,8192,895,0.99819157,0.02271711,1.02163004
mnist,proposed,8192,896,0.98193322,0.02568679,1.00803048
mnist,proposed,8192,897,0.99309414,0.01746521,1.01430918
mnist,proposed,8192,898,0.97556311,0.05396576,1.01737682
mnist,proposed,8192,899,0.98121548,0.06348048,1.00365466
mnist,proposed,8192,900,0.99579107,0.02840096,0.99677051
mnist,proposed,8192,901,0.98866087,0.02651001,1.00679168
mnist,proposed,8192,902,0.99397136,0.01982615,1.00011905
mnist,proposed,8192,903,0.9804173,0.04829991,0.99022322
mnist,proposed,8192,904,0.98244839,0.05079652,1.00184381
mnist,proposed,8192,905,0.98458733,0.02570795,1.04128751
mnist,proposed,8192,906,0.99432548,0.0163723,0.99723465
mnist,proposed,8192,907,0.98591318,0.04656074,1.00442247
mnist,proposed,8192,908,0.99309323,0.01004023,0.98487261
mnist,proposed,8192,909,0.98973277,0.00370072,0.99481913
mnist,proposed,8192,910,0.98230234,0.06046689,1.01260319
mnist,proposed,8192,911,0.983136,0.00122679,0.99149347
mnist,proposed,8192,912,0.99486421,0.02633577,1.00125459
mnist,proposed,8192,913,0.98453178,0.08429394,1.00755394
mnist,proposed,8192,914,0.98939405,0.05825803,1.01288991
mnist,proposed,8192,915,0.99526355,0.00219844,1.00058247
mnist,proposed,8192,916,0.96960826,0.03033316,1.00939251
mnist,proposed,8192,917,0.98215721,0.02441283,1.02753227
mnist,proposed,8192,918,0.99686471,0.01080253,1.02544676
mnist,proposed,8192,919,0.97859287,0.02666888,1.01253462
mnist,proposed,8192,920,0.98150245,0.01246963,1.01500905
mnist,proposed,8192,921,0.999,0.05659572,1.00165022
mnist,proposed,8192,922,0.98633476,0.00204788,0.9988163
mnist,proposed,8192,923,0.99476312,0.01131341,1.01116676
mnist,proposed,8192,924,0.98324134,0.02566285,0.99494084
mnist,proposed,8192,925,0.98466984,0.01640897,0.99361455
mnist,proposed,8192,926,0.98842335,0.0530719,0.99793117
mnist,proposed,8192,927,0.98237341,0.12032334,0.99044511
mnist,proposed,8192,928,0.98168212,0.00938861,0.98211379
mnist,proposed,8192,929,0.99206433,0.01924351,1.00033956
mnist,proposed,8192,930,0.9780312,0.0429221,0.972066
mnist,proposed,8192,931,0.98211609,0.01923969,1.01341868
mnist,proposed,8192,932,0.98439813,0.09589712,1.01904019
mnist,proposed,8192,933,0.98036344,0.10350076,1.00870719
mnist,proposed,8192,934,0.99061753,0.00876385,1.01704083
mnist,proposed,8192,935,0.99286488,0.00122027,0.98998196
mnist,proposed,8192,936,0.9954189,0.00395139,0.98945516
mnist,proposed,8192,937,0.99171475,0.04196781,1.00142435
mnist,proposed,8192,938,0.99040222,0.1294419,1.01549838
mnist,proposed,8192,939,0.99365216,0.01679763,1.01309554
mnist,proposed,8192,940,0.97452316,0.02377165,0.98236904
mnist,proposed,8192,941,0.98288493,0.03251533,1.00677361
mnist,proposed,8192,942,0.98993981,0.08579416,1.01586622
mnist,proposed,8192,943,0.98102866,0.02178405,1.01003567
mnist,proposed,8192,944,0.98701785,0.0219577,1.00751169
mnist,proposed,8192,945,0.99221008,0.09431905,1.01147001
mnist,proposed,8192,946,0.98087271,0.00628982,1.00423513
mnist,proposed,8192,947,0.99722788,0.01737977,0.9766247
mnist,proposed,8192,948,0.99707221,0.05576025,1.02243925
mnist,proposed,8192,949,0.98711127,0.00547886,0.98867056
mnist,proposed,8192,950,0.99332272,0.01837855,0.97782091
mnist,proposed,8192,951,0.99170798,0.04197397,0.98088473
mnist,proposed,8192,952,0.98422984,0.03317823,0.96254136
mnist,proposed,8192,953,0.98503512,0.00601005,1.0123588
mnist,proposed,8192,954,0.97506358,0.09544207,1.00223458
mnist,proposed,8192,955,0.98984881,0.00880226,0.99362634
mnist,proposed,8192,956,0.97990074,0.03248517,0.9955509
mnist,proposed,8192,957,0.98741445,0.04292873,1.01632924
mnist,proposed,8192,958,0.98748313,0.0375758,0.99802801
mnist,proposed,8192,959,0.98648968,0.00204526,0.99619966
mnist,proposed,8192,960,0.99205643,0.03269995,0.99724735
mnist,proposed,8192,961,0.9928252,0.02333955,1.00887431
mnist,proposed,8192,962,0.9862322,0.06040915,1.00502029
mnist,proposed,8192,963,0.98311432,0.07628634,1.00832418
mnist,proposed,8192,964,0.98930504,0.03979724,1.03889153
mnist,proposed,8192,965,0.99261657,0.04171412,0.96329953
mnist,proposed,8192,966,0.98500099,0.06638143,0.9731948
mnist,proposed,8192,967,0.97124706,0.06607915,0.99490542
mnist,proposed,8192,968,0.98197929,0.02087358,1.02727513
mnist,proposed,8192,969,0.98709189,0.02443183,1.01902779
mnist,proposed,8192,970,0.9864051,0.06633039,0.99773838
mnist,proposed,8192,971,0.97977738,0.01756611,0.99815366
mnist,proposed,8192,972,0.99158348,0.02049254,1.0049129
mnist,proposed,8192,973,0.98555547,0.08152736,1.00072763
mnist,proposed,8192,974,0.97986428,0.03814967,0.99563001
mnist,proposed,8192,975,0.97987672,0.04645271,0.97443481
mnist,proposed,8192,976,0.9834355,0.0356021,0.99444579
mnist,proposed,8192,977,0.98659432,0.07194433,0.99392585
mnist,proposed,8192,978,0.99163348,0.00607572,1.00760486
mnist,proposed,8192,979,0.97479458,0.06308694,0.99021079
mnist,proposed,8192,980,0.99304319,0.03128552,0.9958696
mnist,proposed,8192,981,0.99201986,0.06865427,1.01124013
mnist,proposed,8192,982,0.97694498,0.02577733,1.01007815
mnist,proposed,8192,983,0.97151442,0.01912959,1.00196908
mnist,proposed,8192,984,0.98884247,0.09708785,1.01944267
mnist,proposed,8192,985,0.99099349,0.04414919,0.9873638
mnist,proposed,8192,986,0.98300579,0.00498659,0.99075515
mnist,proposed,8192,987,0.99439218,0.03425396,1.02395636
mnist,proposed,8192,988,0.98375342,0.04378908,1.0047333
mnist,proposed,8192,989,0.98086581,0.03582051,1.00251302
mnist,proposed,8192,990,0.99801407,0.03779425,1.00661717
mnist,proposed,8192,991,0.98212814,0.004756,0.99433596
mnist,proposed,8192,992,0.97601214,0.01041569,0.97811489
mnist,proposed,8192,993,0.98955889,0.01516018,1.01446897
mnist,proposed,8192,994,0.9902333,0.01559096,0.98518221
mnist,proposed,8192,995,0.9788436,0.00628831,1.00490642
mnist,proposed,8192,996,0.98881923,0.08907429,1.01204741
mnist,proposed,8192,997,0.98183137,0.04419377,0.99405971
mnist,proposed,8192,998,0.98518035,0.07443642,0.96461799
mnist,proposed,8192,999,0.9722,0.01329697,0.99052923
mnist,fixed_phase,42,0,0.93813744,0.02369591,0.98598825
mnist,fixed_phase,42,1,0.93628752,0.07279692,0.98330125
mnist,fixed_phase,42,2,0.94409591,0.03300798,0.99264612
mnist,fixed_phase,42,3,0.94357992,0.01110714,1.00051581
mnist,fixed_phase,42,4,0.93921509,0.13182601,0.98873398
mnist,fixed_phase,42,5,0.9530755,0.07670216,1.0085738
mnist,fixed_phase,42,6,0.93913151,0.05575643,0.97529134
mnist,fixed_phase,42,7,0.94741501,0.00683362,1.02823295
mnist,fixed_phase,42,8,0.94202699,0.08383693,0.99414355
mnist,fixed_phase,42,9,0.93495342,0.04858876,0.99784347
mnist,fixed_phase,42,10,0.94214771,0.00232092,0.99752689
mnist,fixed_phase,42,11,0.9367447,0.00202626,0.9887641
mnist,fixed_phase,42,12,0.93442538,0.00918019,0.97373369
mnist,fixed_phase,42,13,0.94369723,0.03056639,0.96535224
mnist,fixed_phase,42,14,0.94262304,0.00830863,0.97805831
mnist,fixed_phase,42,15,0.93023885,0.02376872,1.00349329
mnist,fixed_phase,42,16,0.93796286,0.03979884,1.00418536
mnist,fixed_phase,42,17,0.94970467,0.01453581,0.98602432
mnist,fixed_phase,42,18,0.93686137,0.05270342,0.99980741
mnist,fixed_phase,42,19,0.94043203,0.08444148,0.99476449
mnist,fixed_phase,42,20,0.93315301,0.04681414,0.99495043
mnist,fixed_phase,42,21,0.94420257,0.02961849,1.0121519
mnist,fixed_phase,42,22,0.93377661,0.07842288,1.00254181
mnist,fixed_phase,42,23,0.9388285,0.03717181,1.0001794
mnist,fixed_phase,42,24,0.94189855,0.16115253,1.00116142
mnist,fixed_phase,42,25,0.94020576,0.02332626,1.00031733
mnist,fixed_phase,42,26,0.93786351,0.06412527,0.99258474
mnist,fixed_phase,42,27,0.93044485,0.01149109,1.02607983
mnist,fixed_phase,42,28,0.94128615,0.03354976,1.01633256
mnist,fixed_phase,42,29,0.94419073,0.04508857,1.00868723
mnist,fixed_phase,42,30,0.9389715,0.01608054,1.01980822
mnist,fixed_phase,42,31,0.93561053,0.01233463,1.01827195
mnist,fixed_phase,42,32,0.94464116,0.0523347,1.02670023
mnist,fixed_phase,42,33,0.93832106,0.03794153,0.98720315
mnist,fixed_phase,42,34,0.93949755,0.01754308,1.01857961
mnist,fixed_phase,42,35,0.93415846,0.00963772,0.98001596
mnist,fixed_phase,42,36,0.92889786,0.09151601,0.96289103
mnist,fixed_phase,42,37,0.93318018,0.03200414,1.01694148
mnist,fixed_phase,42,38,0.9398844,0.0382326,0.98640588
mnist,fixed_phase,42,39,0.94061119,0.04930534,0.99613572
mnist,fixed_phase,42,40,0.94485885,0.01987713,0.98485388
mnist,fixed_phase,42,41,0.93857154,0.0587217,0.99230739
mnist,fixed_phase,42,42,0.93378481,0.0317422,0.99684825
mnist,fixed_phase,42,43,0.93688324,0.07203062,1.00076414
mnist,fixed_phase,42,44,0.95077132,0.09924821,1.01342551
mnist,fixed_phase,42,45,0.93666404,0.01630453,0.99987803
mnist,fixed_phase,42,46,0.93622112,0.00171435,1.01113364
mnist,fixed_phase,42,47,0.93343803,0.11258437,0.96686995
mnist,fixed_phase,42,48,0.94445977,0.06763159,1.01266599
mnist,fixed_phase,42,49,0.93982365,0.04385396,1.00110778
mnist,fixed_phase,42,50,0.94141032,0.0385757,0.98991308
mnist,fixed_phase,42,51,0.93711703,0.01933959,1.01064091
mnist,fixed_phase,42,52,0.94145571,0.08795807,1.00076658
mnist,fixed_phase,42,53,0.94126832,0.0202847,1.01528329
mnist,fixed_phase,42,54,0.9434302,0.02779982,0.97956427
mnist,fixed_phase,42,55,0.95240956,0.09397118,1.03575098
mnist,fixed_phase,42,56,0.94486984,0.06671803,0.99817309
mnist,fixed_phase,42,57,0.93668078,0.02186365,1.01793575
mnist,fixed_phase,42,58,0.94094966,0.02702705,1.0266046
mnist,fixed_phase,42,59,0.94423661,0.00957877,0.96726033
mnist,fixed_phase,42,60,0.94277882,0.01033854,1.02218473
mnist,fixed_phase,42,61,0.94648118,0.01069548,1.01200708
mnist,fixed_phase,42,62,0.94411472,0.03374786,0.99611328
mnist,fixed_phase,42,63,0.94499924,0.03486789,0.9892088
mnist,fixed_phase,42,64,0.94456048,0.05539798,1.00581732
mnist,fixed_phase,42,65,0.93336391,0.00663156,0.98334087
mnist,fixed_phase,42,66,0.94329117,0.0299227,1.01228923
mnist,fixed_phase,42,67,0.93950025,0.07307206,1.00061164
mnist,fixed_phase,42,68,0.94168441,0.06219897,0.99190591
mnist,fixed_phase,42,69,0.94876459,0.01049554,0.98578113
mnist,fixed_phase,42,70,0.95395939,0.01525426,1.00513168
mnist,fixed_phase,42,71,0.93300555,0.03822462,0.99902164
mnist,fixed_phase,42,72,0.95080435,0.00137437,0.98873719
mnist,fixed_phase,42,73,0.94132017,0.03678888,0.98937651
mnist,fixed_phase,42,74,0.93709897,0.06482827,0.99914224
mnist,fixed_phase,42,75,0.93173725,0.00500382,1.01115557
mnist,fixed_phase,42,76,0.93240706,0.0460006,0.99933496
mnist,fixed_phase,42,77,0.93535619,0.05013189,0.99894334
mnist,fixed_phase,42,78,0.95038278,0.04702847,0.9977694
mnist,fixed_phase,42,79,0.93741235,0.02682734,1.00129701
mnist,fixed_phase,42,80,0.92988313,0.08418441,0.98706963
mnist,fixed_phase,42,81,0.93699486,0.08768124,1.00136913
mnist,fixed_phase,42,82,0.95036745,0.06969081,0.97264532
mnist,fixed_phase,42,83,0.93196272,0.00115517,1.02539216
mnist,fixed_phase,42,84,0.93998198,0.00365115,1.02059153
mnist,fixed_phase,42,85,0.9394975,0.06544155,0.99392326
mnist,fixed_phase,42,86,0.94086468,0.0524831,1.02060876
mnist,fixed_phase,42,87,0.93277299,0.02229415,1.02591433
mnist,fixed_phase,42,88,0.93889763,0.01480885,1.00105083
mnist,fixed_phase,42,89,0.93163494,0.01238803,1.01819068
mnist,fixed_phase,42,90,0.9376457,0.05374975,0.99237761
mnist,fixed_phase,42,91,0.94302395,0.02607489,0.98772199
mnist,fixed_phase,42,92,0.94172413,0.06668403,0.97552745
mnist,fixed_phase,42,93,0.93965953,0.01111299,0.99710462
mnist,fixed_phase,42,94,0.93780026,0.03823297,1.01748362
mnist,fixed_phase,42,95,0.94546701,0.05945418,0.98650254
mnist,fixed_phase,42,96,0.94086191,0.04093588,1.01404647
mnist,fixed_phase,42,97,0.92676655,0.02861381,1.00075319
mnist,fixed_phase,42,98,0.93753147,0.05660954,1.02802021
mnist,fixed_phase,42,99,0.93859256,0.00454706,0.98908662
mnist,fixed_phase,42,100,0.93756774,0.03003234,0.98616365
mnist,fixed_phase,42,101,0.93299067,0.03607084,0.97104546
mnist,fixed_phase,42,102,0.95452782,0.0016451,0.98231324
mnist,fixed_phase,42,103,0.94476966,0.05338554,1.00673265
mnist,fixed_phase,42,104,0.93412088,0.02660227,1.00348384
mnist,fixed_phase,42,105,0.94111544,0.00068143,0.9791825
mnist,fixed_phase,42,106,0.9338378,0.01460096,1.01268386
mnist,fixed_phase,42,107,0.94002339,0.00334224,0.98063361
mnist,fixed_phase,42,108,0.94487814,0.07188095,0.9649867
mnist,fixed_phase,42,109,0.92157294,0.09968471,0.98953609
mnist,fixed_phase,42,110,0.94336332,0.11894173,0.98568918
mnist,fixed_phase,42,111,0.93531095,0.03090727,0.99151005
mnist,fixed_phase,42,112,0.93990655,0.02860077,0.9844348
mnist,fixed_phase,42,113,0.9335076,0.00720831,1.01417666
mnist,fixed_phase,42,114,0.93754005,0.00897414,0.99940327
mnist,fixed_phase,42,115,0.93924927,0.12526752,1.00920803
mnist,fixed_phase,42,116,0.92734653,0.03583288,1.01203378
mnist,fixed_phase,42,117,0.94507464,0.00402578,0.98321894
mnist,fixed_phase,42,118,0.94157477,0.00434562,0.97159916
mnist,fixed_phase,42,119,0.93643976,0.12734319,1.00325649
mnist,fixed_phase,42,120,0.95883649,0.04279003,0.98180142
mnist,fixed_phase,42,121,0.93606855,0.06386856,0.99123161
mnist,fixed_phase,42,122,0.93242441,0.06996593,1.01716728
mnist,fixed_phase,42,123,0.93711804,0.0290757,1.02486125
mnist,fixed_phase,42,124,0.94714793,0.1073932,0.97390336
mnist,fixed_phase,42,125,0.93416399,0.06680731,1.01220654
mnist,fixed_phase,42,126,0.93881531,0.05794855,1.00296196
mnist,fixed_phase,42,127,0.93319671,0.10651593,0.99057214
mnist,fixed_phase,42,128,0.9475217,0.08538159,1.00615576
mnist,fixed_phase,42,129,0.92689004,0.01950823,1.01690701
mnist,fixed_phase,42,130,0.93198633,0.00538153,0.9975901
mnist,fixed_phase,42,131,0.93793431,0.02855828,1.00213514
mnist,fixed_phase,42,132,0.94324778,0.00116426,1.01209304
mnist,fixed_phase,42,133,0.94277856,0.01712498,0.99292527
mnist,fixed_phase,42,134,0.93822685,0.03892351,0.98098062
mnist,fixed_phase,42,135,0.93831799,0.03186474,0.99934857
mnist,fixed_phase,42,136,0.9383052,0.04662895,1.03381104
mnist,fixed_phase,42,137,0.93789187,0.01889996,0.9999895
mnist,fixed_phase,42,138,0.94036651,0.01143501,1.01013486
mnist,fixed_phase,42,139,0.94023967,0.00078583,1.00105651
mnist,fixed_phase,42,140,0.94612192,0.01833466,1.00362713
mnist,fixed_phase,42,141,0.9394713,0.00440006,0.99291404
mnist,fixed_phase,42,142,0.93524607,0.0891668,1.0107261
mnist,fixed_phase,42,143,0.93905698,0.0120043,0.97847343
mnist,fixed_phase,42,144,0.92665904,0.02448217,1.01646971
mnist,fixed_phase,42,145,0.93813162,0.02636639,0.99237345
mnist,fixed_phase,42,146,0.93318965,0.01221607,1.01525012
mnist,fixed_phase,42,147,0.95380833,0.02709543,0.980674
mnist,fixed_phase,42,148,0.93786821,0.00697391,0.99184931
mnist,fixed_phase,42,149,0.94059405,0.03746593,0.98531472
mnist,fixed_phase,42,150,0.941139,0.02025101,1.00217595
mnist,fixed_phase,42,151,0.93862961,0.00192087,1.02557129
mnist,fixed_phase,42,152,0.94632476,0.00213042,0.9960991
mnist,fixed_phase,42,153,0.94878337,0.00399517,1.00508652
mnist,fixed_phase,42,154,0.94798155,0.06702526,1.02566025
mnist,fixed_phase,42,155,0.93554483,0.00189411,1.00594119
mnist,fixed_phase,42,156,0.93564993,0.02029699,1.01155063
mnist,fixed_phase,42,157,0.9393407,0.0488493,0.98635001
mnist,fixed_phase,42,158,0.93442918,0.03691402,0.99984079
mnist,fixed_phase,42,159,0.92913338,0.04381445,0.9911993
mnist,fixed_phase,42,160,0.94532393,0.07169749,1.00063226
mnist,fixed_phase,42,161,0.92778665,0.01844712,1.01212332
mnist,fixed_phase,42,162,0.93142071,0.07134145,1.00983682
mnist,fixed_phase,42,163,0.9338246,0.02092511,1.01085775
mnist,fixed_phase,42,164,0.94337892,0.0112441,0.99958267
mnist,fixed_phase,42,165,0.93399793,0.07772871,1.01936529
mnist,fixed_phase,42,166,0.93143888,0.02067589,0.99192588
mnist,fixed_phase,42,167,0.94644369,0.08307113,0.9848543
mnist,fixed_phase,42,168,0.94937787,0.08494427,0.99929173
mnist,fixed_phase,42,169,0.94022577,0.01762336,1.00648871
mnist,fixed_phase,42,170,0.94983983,0.0354475,1.00334514
mnist,fixed_phase,42,171,0.92772809,0.00408445,1.01022971
mnist,fixed_phase,42,172,0.93875259,0.00051736,1.00958876
mnist,fixed_phase,42,173,0.94878935,0.05191152,0.97173936
mnist,fixed_phase,42,174,0.93214834,0.03318385,0.98611905
mnist,fixed_phase,42,175,0.93971981,0.05475639,1.01300987
mnist,fixed_phase,42,176,0.93056321,0.02039749,0.99282801
mnist,fixed_phase,42,177,0.93235853,0.04086506,0.987293
mnist,fixed_phase,42,178,0.94525756,0.04720404,1.03675421
mnist,fixed_phase,42,179,0.94065993,0.03143856,1.01381523
mnist,fixed_phase,42,180,0.93701791,0.02304332,1.00182781
mnist,fixed_phase,42,181,0.93480242,0.11756646,1.00745459
mnist,fixed_phase,42,182,0.93361233,0.04686128,1.00676804
mnist,fixed_phase,42,183,0.93576972,0.03804957,1.02295127
mnist,fixed_phase,42,184,0.9434235,0.02984932,1.01314111
mnist,fixed_phase,42,185,0.93967276,0.02229986,1.01273155
mnist,fixed_phase,42,186,0.93614116,0.01221074,0.99603051
mnist,fixed_phase,42,187,0.94983735,0.0672781,1.03132886
mnist,fixed_phase,42,188,0.93909096,0.05522961,0.98016831
mnist,fixed_phase,42,189,0.93777758,0.00886844,1.01713978
mnist,fixed_phase,42,190,0.9395879,0.06022631,0.94978892
mnist,fixed_phase,42,191,0.94083541,0.01191126,1.00125398
mnist,fixed_phase,42,192,0.94723728,0.00616634,0.96486309
mnist,fixed_phase,42,193,0.94037997,0.0530688,1.00360803
mnist,fixed_phase,42,194,0.9406194,0.01024878,1.00586426
mnist,fixed_phase,42,195,0.93877733,0.03942115,0.99072809
mnist,fixed_phase,42,196,0.94393001,0.0052342,1.02165253
mnist,fixed_phase,42,197,0.94664802,0.08581636,0.99712056
mnist,fixed_phase,42,198,0.93730537,0.00468393,0.9839027
mnist,fixed_phase,42,199,0.92764164,0.08034927,0.97777783
mnist,fixed_phase,42,200,0.9345072,0.00340753,0.98344181
mnist,fixed_phase,42,201,0.93747472,0.01152245,1.00879188
mnist,fixed_phase,42,202,0.94033125,0.01146798,0.98784904
mnist,fixed_phase,42,203,0.94582083,0.01117499,0.99079784
mnist,fixed_phase,42,204,0.94143732,0.02838042,0.99971521
mnist,fixed_phase,42,205,0.94384445,0.01602381,0.97958467
mnist,fixed_phase,42,206,0.94939374,0.0752741,1.01593832
mnist,fixed_phase,42,207,0.93019125,0.05245674,1.01575369
mnist,fixed_phase,42,208,0.94210844,0.02839654,1.016582
mnist,fixed_phase,42,209,0.9444833,0.0569529,1.01686842
mnist,fixed_phase,42,210,0.94826049,0.00977908,1.02411582
mnist,fixed_phase,42,211,0.93170001,0.06562369,0.98293861
mnist,fixed_phase,42,212,0.94087746,0.03330994,1.0254363
mnist,fixed_phase,42,213,0.93828858,0.09421076,1.0092216
mnist,fixed_phase,42,214,0.93107451,0.07489827,1.00033696
mnist,fixed_phase,42,215,0.94328539,0.08847333,0.99901719
mnist,fixed_phase,42,216,0.94225366,0.05947653,1.01409527
mnist,fixed_phase,42,217,0.94346683,0.05094992,1.00167644
mnist,fixed_phase,42,218,0.94054356,0.07563628,0.98604204
mnist,fixed_phase,42,219,0.93397611,0.02382829,1.01555384
mnist,fixed_phase,42,220,0.94598299,0.02216322,0.97952117
mnist,fixed_phase,42,221,0.93611812,0.02413696,0.99304248
mnist,fixed_phase,42,222,0.93445513,0.01126308,0.98267803
mnist,fixed_phase,42,223,0.94042431,0.06608939,0.97946085
mnist,fixed_phase,42,224,0.93047859,0.05761983,0.99697289
mnist,fixed_phase,42,225,0.94334378,0.0150927,0.96099164
mnist,fixed_phase,42,226,0.93758606,0.06158977,1.00420486
mnist,fixed_phase,42,227,0.95000265,0.04508231,1.00923717
mnist,fixed_phase,42,228,0.94030831,0.01507183,1.00459402
mnist,fixed_phase,42,229,0.93814675,0.02673236,1.02716157
mnist,fixed_phase,42,230,0.94159577,0.02525994,0.99346914
mnist,fixed_phase,42,231,0.9324064,0.04132595,1.00180534
mnist,fixed_phase,42,232,0.94181786,0.0031159,0.99375226
mnist,fixed_phase,42,233,0.93605099,0.05416485,1.0080162
mnist,fixed_phase,42,234,0.94376504,0.01241023,0.99653523
mnist,fixed_phase,42,235,0.9392365,0.02196587,1.03728281
mnist,fixed_phase,42,236,0.94416787,0.13256617,1.00444706
mnist,fixed_phase,42,237,0.95316777,0.04319191,1.01009663
mnist,fixed_phase,42,238,0.93794239,0.02858727,0.99442153
mnist,fixed_phase,42,239,0.92856255,0.13557098,0.99255505
mnist,fixed_phase,42,240,0.94203555,0.0493108,1.00469671
mnist,fixed_phase,42,241,0.92859115,0.01822707,0.98389818
mnist,fixed_phase,42,242,0.9396251,0.02990486,0.9844082
mnist,fixed_phase,42,243,0.94895007,0.02818329,0.99958524
mnist,fixed_phase,42,244,0.93474127,0.01580438,1.00298357
mnist,fixed_phase,42,245,0.93983995,0.00570009,0.97836408
mnist,fixed_phase,42,246,0.94350157,0.00127479,1.01192864
mnist,fixed_phase,42,247,0.93568583,0.01424252,0.98985781
mnist,fixed_phase,42,248,0.94044266,0.00598512,1.00736827
mnist,fixed_phase,42,249,0.93313871,0.03453269,1.01009807
mnist,fixed_phase,42,250,0.94260379,0.02496848,1.00041746
mnist,fixed_phase,42,251,0.94194482,0.04096969,1.0117599
mnist,fixed_phase,42,252,0.93410365,0.03264731,1.0112249
mnist,fixed_phase,42,253,0.94071368,0.07740707,1.00513755
mnist,fixed_phase,42,254,0.94005503,0.04734956,1.00068039
mnist,fixed_phase,42,255,0.93982665,0.05846362,1.01232013
mnist,fixed_phase,42,256,0.94515616,0.0982358,1.00225195
mnist,fixed_phase,42,257,0.94986774,0.09035119,0.97533723
mnist,fixed_phase,42,258,0.9425901,0.0049637,1.00980285
mnist,fixed_phase,42,259,0.94033268,0.00034251,0.98423671
mnist,fixed_phase,42,260,0.92864984,0.0321403,1.01341808
mnist,fixed_phase,42,261,0.94424892,0.06719417,0.98200731
mnist,fixed_phase,42,262,0.94060388,0.03843159,1.00700114
mnist,fixed_phase,42,263,0.94712129,0.01349239,0.98956144
mnist,fixed_phase,42,264,0.94917853,0.06453397,1.00597735
mnist,fixed_phase,42,265,0.94055547,0.02381171,0.98913635
mnist,fixed_phase,42,266,0.95201016,0.04804097,0.99184836
mnist,fixed_phase,42,267,0.92831102,0.05417505,0.99776064
mnist,fixed_phase,42,268,0.94733806,0.0244809,1.01211131
mnist,fixed_phase,42,269,0.94184734,0.00304684,1.00815669
mnist,fixed_phase,42,270,0.93902789,0.02684551,1.00340418
mnist,fixed_phase,42,271,0.94090322,0.02478601,0.99002722
mnist,fixed_phase,42,272,0.94193691,0.04030305,1.01833242
mnist,fixed_phase,42,273,0.93932552,0.02349068,1.00010671
mnist,fixed_phase,42,274,0.93767586,0.00138249,0.99785514
mnist,fixed_phase,42,275,0.94452807,0.06753364,1.03750148
mnist,fixed_phase,42,276,0.93016845,0.07870519,1.01050344
mnist,fixed_phase,42,277,0.93258625,0.02717249,0.99450785
mnist,fixed_phase,42,278,0.93743672,0.02661455,0.98806701
mnist,fixed_phase,42,279,0.94019732,0.02525041,1.01102539
mnist,fixed_phase,42,280,0.93360236,0.0426876,0.99691518
mnist,fixed_phase,42,281,0.93948653,0.01312967,1.01657265
mnist,fixed_phase,42,282,0.9317654,0.00885598,0.99588982
mnist,fixed_phase,42,283,0.94659977,0.0033896,0.99266588
mnist,fixed_phase,42,284,0.93934394,0.09826496,0.99564298
mnist,fixed_phase,42,285,0.93529054,0.03277692,1.01010436
mnist,fixed_phase,42,286,0.94324697,0.10343228,0.97930556
mnist,fixed_phase,42,287,0.94516145,0.08944137,1.00618636
mnist,fixed_phase,42,288,0.93507244,0.0322771,0.99436989
mnist,fixed_phase,42,289,0.93812509,0.00543244,0.9968244
mnist,fixed_phase,42,290,0.9386214,0.0002539,0.99912647
mnist,fixed_phase,42,291,0.93919852,0.02257094,1.02492168
mnist,fixed_phase,42,292,0.9448396,0.02326201,0.99510064
mnist,fixed_phase,42,293,0.94628063,0.01938354,0.9965601
mnist,fixed_phase,42,294,0.94283257,0.02204737,1.02249238
mnist,fixed_phase,42,295,0.94437405,0.01364713,1.01564643
mnist,fixed_phase,42,296,0.94321254,0.03286452,0.99171773
mnist,fixed_phase,42,297,0.94061842,0.03722279,0.98667869
mnist,fixed_phase,42,298,0.94344705,0.02635597,0.99543605
mnist,fixed_phase,42,299,0.93690255,0.05562306,1.00934476
mnist,fixed_phase,42,300,0.94576164,0.08680009,0.98722517
mnist,fixed_phase,42,301,0.92961207,0.05923502,1.03448232
mnist,fixed_phase,42,302,0.93889019,0.03442844,0.99486802
mnist,fixed_phase,42,303,0.9509163,0.00818284,0.99235125
mnist,fixed_phase,42,304,0.93862198,0.05470867,0.9898168
mnist,fixed_phase,42,305,0.94519527,0.01873091,0.98861583
mnist,fixed_phase,42,306,0.93416827,0.00534332,1.00573241
mnist,fixed_phase,42,307,0.93683271,0.00214969,0.98450178
mnist,fixed_phase,42,308,0.94525918,0.00525905,1.01234984
mnist,fixed_phase,42,309,0.94231472,0.058154,0.96824935
mnist,fixed_phase,42,310,0.93298989,0.01571422,1.01956192
mnist,fixed_phase,42,311,0.9323483,0.06010783,1.00935069
mnist,fixed_phase,42,312,0.93148762,0.02858391,0.99854593
mnist,fixed_phase,42,313,0.93469935,0.0361359,0.98378132
mnist,fixed_phase,42,314,0.93659947,0.01833034,1.00594052
mnist,fixed_phase,42,315,0.94283653,0.03087024,0.99752452
mnist,fixed_phase,42,316,0.93762589,0.0544769,0.9861663
mnist,fixed_phase,42,317,0.9335076,0.0511813,1.01525532
mnist,fixed_phase,42,318,0.94502588,0.08203518,0.98996578
mnist,fixed_phase,42,319,0.93414582,0.00676414,1.0256791
mnist,fixed_phase,42,320,0.94160631,0.00404485,0.97952158
mnist,fixed_phase,42,321,0.93564713,0.12377128,0.99591858
mnist,fixed_phase,42,322,0.94980687,0.04153517,1.02679687
mnist,fixed_phase,42,323,0.95348301,0.0123687,1.00195687
mnist,fixed_phase,42,324,0.93225747,0.01976165,1.00299093
mnist,fixed_phase,42,325,0.94260817,0.02510934,1.00171115
mnist,fixed_phase,42,326,0.94642238,0.02044817,1.02090368
mnist,fixed_phase,42,327,0.94374306,0.03398232,1.02293053
mnist,fixed_phase,42,328,0.93715405,0.01821114,1.03356392
mnist,fixed_phase,42,329,0.93356767,0.04397142,1.00536297
mnist,fixed_phase,42,330,0.92717442,0.11888319,1.00138238
mnist,fixed_phase,42,331,0.94405782,0.0076049,1.0015492
mnist,fixed_phase,42,332,0.94488912,0.01973167,1.00571799
mnist,fixed_phase,42,333,0.93748554,0.02431828,0.98866642
mnist,fixed_phase,42,334,0.93494227,0.02831739,0.99570381
mnist,fixed_phase,42,335,0.93933458,0.0343045,0.97337102
mnist,fixed_phase,42,336,0.9262129,0.0347766,0.99982604
mnist,fixed_phase,42,337,0.94013278,0.00064975,1.00540881
mnist,fixed_phase,42,338,0.94255096,0.00871023,1.01413144
mnist,fixed_phase,42,339,0.94056498,0.03109268,0.9833077
mnist,fixed_phase,42,340,0.94116738,0.05996959,1.00476353
mnist,fixed_phase,42,341,0.94552303,0.00567723,0.99749095
mnist,fixed_phase,42,342,0.93068407,0.02532221,1.00490474
mnist,fixed_phase,42,343,0.94167344,0.00540659,0.99720865
mnist,fixed_phase,42,344,0.93468623,0.01949751,0.99418872
mnist,fixed_phase,42,345,0.94106737,0.02080676,0.99431252
mnist,fixed_phase,42,346,0.93978499,0.07067193,1.00919317
mnist,fixed_phase,42,347,0.95994513,0.05911553,1.00346084
mnist,fixed_phase,42,348,0.93718124,0.01966421,1.01081153
mnist,fixed_phase,42,349,0.94166087,0.04475743,1.01834654
mnist,fixed_phase,42,350,0.95245316,0.03534799,0.97129641
mnist,fixed_phase,42,351,0.93146844,0.07322995,1.00718537
mnist,fixed_phase,42,352,0.93286286,0.01201634,1.00748688
mnist,fixed_phase,42,353,0.93963401,0.00895584,0.9927619
mnist,fixed_phase,42,354,0.94551706,0.02140813,1.01148329
mnist,fixed_phase,42,355,0.94943036,0.02944879,1.01569246
mnist,fixed_phase,42,356,0.93203269,0.08307925,0.98208483
mnist,fixed_phase,42,357,0.943079,0.0210631,0.99884285
mnist,fixed_phase,42,358,0.95113327,0.02586658,0.96153236
mnist,fixed_phase,42,359,0.93378017,0.04634587,0.96430359
mnist,fixed_phase,42,360,0.93592864,0.02377557,1.01180972
mnist,fixed_phase,42,361,0.93210657,0.00124089,0.98655127
mnist,fixed_phase,42,362,0.94040226,0.02300161,1.01743452
mnist,fixed_phase,42,363,0.94154353,0.01421094,1.00224243
mnist,fixed_phase,42,364,0.93996953,0.1200685,0.99453845
mnist,fixed_phase,42,365,0.92886724,0.01027372,1.01299653
mnist,fixed_phase,42,366,0.94070245,0.02369323,0.98928278
mnist,fixed_phase,42,367,0.9320851,0.02712841,1.00230453
mnist,fixed_phase,42,368,0.94926107,0.11840437,0.99895359
mnist,fixed_phase,42,369,0.94113858,0.01452838,0.99448453
mnist,fixed_phase,42,370,0.94212761,0.01875348,0.9721664
mnist,fixed_phase,42,371,0.94376687,0.02807445,1.01304881
mnist,fixed_phase,42,372,0.94165545,0.00039162,0.99684895
mnist,fixed_phase,42,373,0.94076363,0.03744565,1.01447544
mnist,fixed_phase,42,374,0.94081071,0.01833322,1.0106327
mnist,fixed_phase,42,375,0.93739637,0.04506606,0.97414491
mnist,fixed_phase,42,376,0.94503672,0.00843751,0.97350707
mnist,fixed_phase,42,377,0.94135447,0.01998609,0.96450845
mnist,fixed_phase,42,378,0.92915989,0.06918843,1.01257574
mnist,fixed_phase,42,379,0.93320995,0.02667352,0.95611839
mnist,fixed_phase,42,380,0.94015104,0.07193887,0.99849726
mnist,fixed_phase,42,381,0.94793368,0.02767951,0.98082863
mnist,fixed_phase,42,382,0.94508684,0.05598588,1.00315694
mnist,fixed_phase,42,383,0.9397431,0.05295764,0.97417365
mnist,fixed_phase,42,384,0.94049317,0.03076553,0.98796545
mnist,fixed_phase,42,385,0.94752166,0.08865839,0.98502825
mnist,fixed_phase,42,386,0.94051664,0.09178527,1.01922518
mnist,fixed_phase,42,387,0.93042339,0.0616285,0.98315523
mnist,fixed_phase,42,388,0.92938272,0.03641458,0.98997263
mnist,fixed_phase,42,389,0.93844233,0.04890451,1.03269413
mnist,fixed_phase,42,390,0.93944186,0.0204963,0.99260325
mnist,fixed_phase,42,391,0.93332263,0.00866031,0.99707669
mnist,fixed_phase,42,392,0.93963363,0.04205448,0.95832777
mnist,fixed_phase,42,393,0.9303786,0.02425263,1.01291319
mnist,fixed_phase,42,394,0.93433631,0.01811786,0.9960766
mnist,fixed_phase,42,395,0.9337907,0.13962387,1.00190388
mnist,fixed_phase,42,396,0.93248035,0.06733852,0.99775144
mnist,fixed_phase,42,397,0.95430739,0.00157292,1.02494915
mnist,fixed_phase,42,398,0.94539798,0.00067453,0.99257327
mnist,fixed_phase,42,399,0.94524875,0.00411177,0.99757263
mnist,fixed_phase,42,400,0.94471571,0.04859839,0.98673251
mnist,fixed_phase,42,401,0.93600371,0.01450716,1.02337372
mnist,fixed_phase,42,402,0.93872688,0.05307378,0.97593093
mnist,fixed_phase,42,403,0.94057026,0.03832006,1.00197366
mnist,fixed_phase,42,404,0.93904466,0.03161319,0.98433004
mnist,fixed_phase,42,405,0.93476304,0.07814473,0.96393047
mnist,fixed_phase,42,406,0.93745044,0.05022585,1.01543307
mnist,fixed_phase,42,407,0.94249654,0.12182892,0.99755028
mnist,fixed_phase,42,408,0.94522759,0.04543349,0.99147193
mnist,fixed_phase,42,409,0.9373757,0.10994314,0.99098233
mnist,fixed_phase,42,410,0.93212288,0.00806822,1.00392899
mnist,fixed_phase,42,411,0.92869897,0.04421708,1.0066362
mnist,fixed_phase,42,412,0.94299958,0.01980892,1.01408119
mnist,fixed_phase,42,413,0.94039055,0.01001754,1.00348508
mnist,fixed_phase,42,414,0.94568538,0.00489232,1.00717928
mnist,fixed_phase,42,415,0.9478164,0.04098149,0.98786241
mnist,fixed_phase,42,416,0.93944464,0.0132282,1.01412213
mnist,fixed_phase,42,417,0.933263,0.02719217,0.98712276
mnist,fixed_phase,42,418,0.93943854,0.04519872,0.99004206
mnist,fixed_phase,42,419,0.93725063,0.04536787,0.98705168
mnist,fixed_phase,42,420,0.93890673,0.01905872,1.01199871
mnist,fixed_phase,42,421,0.93375153,0.02049925,0.99915488
mnist,fixed_phase,42,422,0.94594193,0.06490726,1.01895357
mnist,fixed_phase,42,423,0.93218071,0.03795673,1.00061025
mnist,fixed_phase,42,424,0.93058798,0.04139695,1.02389275
mnist,fixed_phase,42,425,0.93727043,0.03101922,1.00118465
mnist,fixed_phase,42,426,0.9460809,0.00447665,0.99695316
mnist,fixed_phase,42,427,0.93210347,0.00092303,0.99345156
mnist,fixed_phase,42,428,0.94434902,0.08676735,0.99532464
mnist,fixed_phase,42,429,0.93384005,0.03568405,0.9848432
mnist,fixed_phase,42,430,0.94097198,0.01592641,1.0091099
mnist,fixed_phase,42,431,0.9417601,0.04191014,0.98860858
mnist,fixed_phase,42,432,0.93632978,0.02799048,1.01524793
mnist,fixed_phase,42,433,0.93201563,0.02109844,1.00658313
mnist,fixed_phase,42,434,0.94582221,0.03787143,0.9976905
mnist,fixed_phase,42,435,0.93514366,0.09776308,1.0092372
mnist,fixed_phase,42,436,0.93682178,0.00522232,0.99960872
mnist,fixed_phase,42,437,0.93384191,0.01270884,0.99797666
mnist,fixed_phase,42,438,0.95142362,0.00475835,0.99897708
mnist,fixed_phase,42,439,0.93581255,0.02099859,0.99509676
mnist,fixed_phase,42,440,0.93475513,0.04227779,1.00148041
mnist,fixed_phase,42,441,0.94357188,0.03755084,0.98104299
mnist,fixed_phase,42,442,0.93695604,0.06054544,1.02099872
mnist,fixed_phase,42,443,0.94550098,0.03576733,0.99905168
mnist,fixed_phase,42,444,0.93066906,0.06922167,1.00148435
mnist,fixed_phase,42,445,0.92678226,0.03518633,0.99855243
mnist,fixed_phase,42,446,0.9467758,0.08502729,0.99945252
mnist,fixed_phase,42,447,0.93159985,0.05426268,0.98226003
mnist,fixed_phase,42,448,0.93281455,0.00939758,1.00244945
mnist,fixed_phase,42,449,0.9484542,0.00164151,0.99201966
mnist,fixed_phase,42,450,0.93704628,0.1063075,1.00217623
mnist,fixed_phase,42,451,0.93783119,0.03338342,1.01032291
mnist,fixed_phase,42,452,0.93960156,0.02110136,1.00673667
mnist,fixed_phase,42,453,0.94049617,0.05540742,0.97435713
mnist,fixed_phase,42,454,0.93839227,0.00682033,1.01179596
mnist,fixed_phase,42,455,0.93128045,0.11892375,0.98560738
mnist,fixed_phase,42,456,0.94857976,0.01024503,1.02388733
mnist,fixed_phase,42,457,0.94530357,0.05980037,1.02058964
mnist,fixed_phase,42,458,0.94396305,0.02567889,0.99601222
mnist,fixed_phase,42,459,0.94090628,0.03270168,0.97424493
mnist,fixed_phase,42,460,0.93905869,0.05624672,0.99913093
mnist,fixed_phase,42,461,0.9416041,0.01267429,1.01106174
mnist,fixed_phase,42,462,0.9378104,0.0280121,0.99889007
mnist,fixed_phase,42,463,0.92966381,0.00885392,0.98742142
mnist,fixed_phase,42,464,0.93287806,0.00093383,1.01605088
mnist,fixed_phase,42,465,0.93590568,0.00099186,1.00468614
mnist,fixed_phase,42,466,0.94210579,0.00281933,0.99512065
mnist,fixed_phase,42,467,0.93899993,0.04702399,0.96177672
mnist,fixed_phase,42,468,0.93685454,0.08924295,0.98830056
mnist,fixed_phase,42,469,0.92234661,0.01154454,0.98075731
mnist,fixed_phase,42,470,0.93521886,0.04931082,0.99747116
mnist,fixed_phase,42,471,0.92602037,0.09418547,0.99376021
mnist,fixed_phase,42,472,0.93191811,0.03932848,0.97600845
mnist,fixed_phase,42,473,0.9385089,0.01862651,0.9780387
mnist,fixed_phase,42,474,0.93834129,0.0352111,1.01892179
mnist,fixed_phase,42,475,0.93241242,0.02992577,1.02290115
mnist,fixed_phase,42,476,0.94427398,0.0024838,0.9982347
mnist,fixed_phase,42,477,0.93210221,0.07803025,0.99060418
mnist,fixed_phase,42,478,0.94970379,0.00540528,0.97125128
mnist,fixed_phase,42,479,0.92996186,0.02884341,1.00176743
mnist,fixed_phase,42,480,0.94312698,0.06801642,1.03155996
mnist,fixed_phase,42,481,0.94371283,0.00426477,0.95408865
mnist,fixed_phase,42,482,0.9313516,0.02343472,1.01616029
mnist,fixed_phase,42,483,0.94237547,0.07875743,0.99958655
mnist,fixed_phase,42,484,0.9380363,0.00697382,1.00746354
mnist,fixed_phase,42,485,0.9409619,0.03256004,1.01304559
mnist,fixed_phase,42,486,0.93005175,0.03393299,0.98067765
mnist,fixed_phase,42,487,0.9475376,0.0032867,0.99798763
mnist,fixed_phase,42,488,0.94065685,0.00532877,1.00394121
mnist,fixed_phase,42,489,0.94055689,0.02125655,1.00191667
mnist,fixed_phase,42,490,0.9356638,0.00823356,0.99417392
mnist,fixed_phase,42,491,0.93548113,0.09131623,1.00274472
mnist,fixed_phase,42,492,0.93393452,0.07298826,0.9917419
mnist,fixed_phase,42,493,0.93956435,0.06368602,0.99602233
mnist,fixed_phase,42,494,0.937619,0.00620474,1.01968526
mnist,fixed_phase,42,495,0.94245486,0.01010898,1.00623464
mnist,fixed_phase,42,496,0.94703253,0.06571074,1.01527231
mnist,fixed_phase,42,497,0.93739042,0.04566485,0.99223354
mnist,fixed_phase,42,498,0.93832602,0.00669767,1.00643974
mnist,fixed_phase,42,499,0.94560063,0.00491669,0.99838542
mnist,fixed_phase,42,500,0.94156827,0.03107554,0.98492808
mnist,fixed_phase,42,501,0.94049785,0.05674104,0.98268151
mnist,fixed_phase,42,502,0.93337005,0.01511945,1.01450527
mnist,fixed_phase,42,503,0.94069244,0.03749298,1.00793407
mnist,fixed_phase,42,504,0.93465091,0.00318237,0.97074035
mnist,fixed_phase,42,505,0.93767977,0.06704238,1.03185824
mnist,fixed_phase,42,506,0.94640504,0.02585972,0.99902225
mnist,fixed_phase,42,507,0.94479255,0.06388693,0.99582368
mnist,fixed_phase,42,508,0.94277074,0.01802917,1.00040624
mnist,fixed_phase,42,509,0.94458501,0.02355309,0.99967093
mnist,fixed_phase,42,510,0.94127127,0.03497538,1.00602262
mnist,fixed_phase,42,511,0.93673958,0.00206321,1.00836268
mnist,fixed_phase,42,512,0.93744592,0.01048903,0.9984885
mnist,fixed_phase,42,513,0.93896757,0.0934143,0.98927341
mnist,fixed_phase,42,514,0.93513309,0.01831694,1.00451226
mnist,fixed_phase,42,515,0.93842128,0.04836707,0.98233243
mnist,fixed_phase,42,516,0.9450752,0.05956775,1.00300751
mnist,fixed_phase,42,517,0.94064648,0.04822812,1.01345014
mnist,fixed_phase,42,518,0.94344547,0.05802777,1.01724409
mnist,fixed_phase,42,519,0.93625506,0.0467584,1.00830178
mnist,fixed_phase,42,520,0.94205334,0.01457464,1.00551084
mnist,fixed_phase,42,521,0.92691072,0.03301685,0.98604619
mnist,fixed_phase,42,522,0.93905668,0.02824388,1.00105518
mnist,fixed_phase,42,523,0.93730157,0.0309836,1.00949966
mnist,fixed_phase,42,524,0.94474855,0.0553054,0.97828769
mnist,fixed_phase,42,525,0.95139975,0.02157861,0.98363458
mnist,fixed_phase,42,526,0.9336733,0.06337676,1.0217219
mnist,fixed_phase,42,527,0.94214019,0.0330978,0.98927473
mnist,fixed_phase,42,528,0.94613964,0.0211178,1.00769661
mnist,fixed_phase,42,529,0.95009426,0.0066186,0.99272274
mnist,fixed_phase,42,530,0.93643115,0.00839623,1.00366496
mnist,fixed_phase,42,531,0.93450344,0.08395344,1.00431575
mnist,fixed_phase,42,532,0.94038598,0.01479346,0.99053108
mnist,fixed_phase,42,533,0.94304672,0.05549043,0.97650487
mnist,fixed_phase,42,534,0.93553534,0.12724348,1.00840291
mnist,fixed_phase,42,535,0.94552461,0.01299413,0.99930745
mnist,fixed_phase,42,536,0.94171552,0.07291843,0.95996474
mnist,fixed_phase,42,537,0.92548519,0.08068791,0.99389091
mnist,fixed_phase,42,538,0.93763167,0.06249404,0.98485667
mnist,fixed_phase,42,539,0.94306338,0.03946062,1.01339858
mnist,fixed_phase,42,540,0.93740572,0.00426872,0.98478071
mnist,fixed_phase,42,541,0.94100055,0.06312979,0.98401453
mnist,fixed_phase,42,542,0.938988,0.1113933,0.99922553
mnist,fixed_phase,42,543,0.93726067,0.0459758,0.98450474
mnist,fixed_phase,42,544,0.93231532,0.06795756,0.98633775
mnist,fixed_phase,42,545,0.92147683,0.07525628,1.02521453
mnist,fixed_phase,42,546,0.94686142,0.06036124,1.0027375
mnist,fixed_phase,42,547,0.93304963,0.01361994,0.99704636
mnist,fixed_phase,42,548,0.93856936,0.08124503,1.00074347
mnist,fixed_phase,42,549,0.93729179,0.07045518,1.01154949
mnist,fixed_phase,42,550,0.94450171,0.00258425,0.98370316
mnist,fixed_phase,42,551,0.9407355,0.06602333,1.00751938
mnist,fixed_phase,42,552,0.94704309,0.01357946,1.00719448
mnist,fixed_phase,42,553,0.93477651,0.04617282,1.00523905
mnist,fixed_phase,42,554,0.93463287,0.09905805,1.00095452
mnist,fixed_phase,42,555,0.94568397,0.04200613,1.0021035
mnist,fixed_phase,42,556,0.93783377,0.00311928,1.01104324
mnist,fixed_phase,42,557,0.92868557,0.08812595,1.00392428
mnist,fixed_phase,42,558,0.9425449,0.00927635,0.977737
mnist,fixed_phase,42,559,0.93205213,0.02199351,0.98280987
mnist,fixed_phase,42,560,0.94454721,0.15098056,1.02146681
mnist,fixed_phase,42,561,0.9353506,0.02412689,0.99505315
mnist,fixed_phase,42,562,0.94235576,0.08479145,0.99658704
mnist,fixed_phase,42,563,0.94254926,0.01579084,0.99641574
mnist,fixed_phase,42,564,0.94419681,0.04043968,0.9879752
mnist,fixed_phase,42,565,0.93698234,0.0096726,0.99225462
mnist,fixed_phase,42,566,0.94194377,0.01935766,0.9563082
mnist,fixed_phase,42,567,0.94153115,0.00210259,0.99474885
mnist,fixed_phase,42,568,0.93252347,0.04367216,1.02590542
mnist,fixed_phase,42,569,0.93988779,0.09404084,1.00796423
mnist,fixed_phase,42,570,0.93272561,0.1057905,0.99667875
mnist,fixed_phase,42,571,0.93974097,0.05130991,0.98746763
mnist,fixed_phase,42,572,0.93980601,0.04667082,0.99302076
mnist,fixed_phase,42,573,0.94216812,0.07308528,1.00112167
mnist,fixed_phase,42,574,0.93717936,0.00232856,1.01884183
mnist,fixed_phase,42,575,0.94117477,0.12607194,0.9923154
mnist,fixed_phase,42,576,0.94213194,0.00306331,0.99032517
mnist,fixed_phase,42,577,0.94481768,0.02293983,1.01303944
mnist,fixed_phase,42,578,0.94275799,0.01420172,1.01808618
mnist,fixed_phase,42,579,0.94455784,0.03395565,0.99272307
mnist,fixed_phase,42,580,0.93784744,0.00645583,1.01898257
mnist,fixed_phase,42,581,0.95085826,0.02895473,1.00476933
mnist,fixed_phase,42,582,0.93248536,0.11476927,0.99677337
mnist,fixed_phase,42,583,0.93693785,0.0612703,1.02243112
mnist,fixed_phase,42,584,0.93998695,0.0209528,1.01533748
mnist,fixed_phase,42,585,0.94476451,0.06693102,0.97138156
mnist,fixed_phase,42,586,0.94313921,0.00699374,1.00180338
mnist,fixed_phase,42,587,0.94472931,0.00205846,1.00402442
mnist,fixed_phase,42,588,0.94291853,0.09591221,1.00611012
mnist,fixed_phase,42,589,0.93661456,0.01681947,1.01937053
mnist,fixed_phase,42,590,0.9380912,0.01235566,1.00204734
mnist,fixed_phase,42,591,0.94029113,0.03852159,1.0127828
mnist,fixed_phase,42,592,0.94679108,0.03585207,0.98150856
mnist,fixed_phase,42,593,0.9470414,0.0377167,1.00903048
mnist,fixed_phase,42,594,0.94457369,0.02300776,1.00927973
mnist,fixed_phase,42,595,0.93875537,0.02008863,0.9787234
mnist,fixed_phase,42,596,0.93814352,0.02017382,0.98894315
mnist,fixed_phase,42,597,0.93792183,0.06778047,0.99082341
mnist,fixed_phase,42,598,0.93840992,0.00424897,1.00714794
mnist,fixed_phase,42,599,0.93384479,0.01568428,0.97797118
mnist,fixed_phase,42,600,0.94222535,0.0059883,0.99951648
mnist,fixed_phase,42,601,0.9339135,0.09443468,0.98584583
mnist,fixed_phase,42,602,0.93615491,0.02682426,1.01086902
mnist,fixed_phase,42,603,0.9397787,0.12582658,1.0021468
mnist,fixed_phase,42,604,0.94706933,0.016284,0.99662967
mnist,fixed_phase,42,605,0.9368226,0.0112556,0.97610746
mnist,fixed_phase,42,606,0.93190199,0.04554923,0.976963
mnist,fixed_phase,42,607,0.94117067,0.09422906,0.97032393
mnist,fixed_phase,42,608,0.93378948,0.03724427,1.01421418
mnist,fixed_phase,42,609,0.95148517,0.00015976,0.98462306
mnist,fixed_phase,42,610,0.9351977,0.0565324,1.037102
mnist,fixed_phase,42,611,0.93598905,0.0340243,0.99953709
mnist,fixed_phase,42,612,0.93311076,0.01323351,0.96858564
mnist,fixed_phase,42,613,0.93649135,0.02401221,0.97604558
mnist,fixed_phase,42,614,0.93644708,0.00327712,1.01922805
mnist,fixed_phase,42,615,0.94586641,0.04357119,1.00365556
mnist,fixed_phase,42,616,0.93995531,0.04344406,1.00257199
mnist,fixed_phase,42,617,0.94414542,0.01007101,0.98295654
mnist,fixed_phase,42,618,0.94135428,0.08335121,1.01159046
mnist,fixed_phase,42,619,0.94809769,0.02368168,1.00031594
mnist,fixed_phase,42,620,0.93815611,0.07299915,0.98344781
mnist,fixed_phase,42,621,0.9325777,0.0202769,0.98202403
mnist,fixed_phase,42,622,0.93426031,0.04179139,0.99971896
mnist,fixed_phase,42,623,0.94303087,0.00420461,1.0021596
mnist,fixed_phase,42,624,0.93651657,0.0053057,1.02511945
mnist,fixed_phase,42,625,0.93207908,0.05220536,0.99097878
mnist,fixed_phase,42,626,0.9370497,0.05429582,1.03093307
mnist,fixed_phase,42,627,0.94491739,0.05207716,1.02400989
mnist,fixed_phase,42,628,0.9313488,0.04451711,0.99194283
mnist,fixed_phase,42,629,0.93520498,0.00406372,0.99435326
mnist,fixed_phase,42,630,0.94766757,0.03728295,0.96660497
mnist,fixed_phase,42,631,0.94542997,0.06389096,0.98796141
mnist,fixed_phase,42,632,0.94241785,0.01924424,0.99935731
mnist,fixed_phase,42,633,0.94539936,0.03434864,0.98678269
mnist,fixed_phase,42,634,0.93836078,0.01525547,0.99590577
mnist,fixed_phase,42,635,0.93358518,0.08712733,1.00151593
mnist,fixed_phase,42,636,0.94393385,0.05566929,1.007781
mnist,fixed_phase,42,637,0.94287782,0.08231077,0.97661398
mnist,fixed_phase,42,638,0.94678037,0.01797375,0.96768501
mnist,fixed_phase,42,639,0.92869431,0.02192945,1.0117899
mnist,fixed_phase,42,640,0.9361791,0.08714914,1.0009555
mnist,fixed_phase,42,641,0.93601671,0.0475742,1.01228287
mnist,fixed_phase,42,642,0.93615179,0.05377406,0.9974056
mnist,fixed_phase,42,643,0.93875193,0.00112146,0.99353196
mnist,fixed_phase,42,644,0.9331583,0.02441614,1.0056259
mnist,fixed_phase,42,645,0.94147537,0.06296838,0.97921908
mnist,fixed_phase,42,646,0.93448909,0.01225918,1.0199015
mnist,fixed_phase,42,647,0.94788797,0.1784476,1.00755307
mnist,fixed_phase,42,648,0.92966638,0.04943784,0.99474907
mnist,fixed_phase,42,649,0.94548587,0.04484065,1.00366169
mnist,fixed_phase,42,650,0.94147439,0.0386779,1.01147893
mnist,fixed_phase,42,651,0.93816866,0.05059399,1.01357729
mnist,fixed_phase,42,652,0.93430851,0.07083528,0.99998753
mnist,fixed_phase,42,653,0.93825196,0.01235539,1.01509326
mnist,fixed_phase,42,654,0.95094883,0.00828324,1.01848002
mnist,fixed_phase,42,655,0.93383969,0.01741365,0.9992983
mnist,fixed_phase,42,656,0.9468054,0.00999846,0.982391
mnist,fixed_phase,42,657,0.9441491,0.03145278,0.9768658
mnist,fixed_phase,42,658,0.93430061,0.01280119,0.98465336
mnist,fixed_phase,42,659,0.94182835,0.05692316,0.99131024
mnist,fixed_phase,42,660,0.93637435,0.00852109,1.00772299
mnist,fixed_phase,42,661,0.94192658,0.06708658,1.01097913
mnist,fixed_phase,42,662,0.94242962,0.00155236,0.99585428
mnist,fixed_phase,42,663,0.94424455,0.09002264,1.01298654
mnist,fixed_phase,42,664,0.93514823,0.00132668,0.98429073
mnist,fixed_phase,42,665,0.93913771,0.06878268,1.00338771
mnist,fixed_phase,42,666,0.94056264,0.0728527,0.97948186
mnist,fixed_phase,42,667,0.94670201,0.02387838,0.98406698
mnist,fixed_phase,42,668,0.94026267,0.01081238,1.01076209
mnist,fixed_phase,42,669,0.94051672,0.00530765,1.03980014
mnist,fixed_phase,42,670,0.93413697,0.04603126,1.00831565
mnist,fixed_phase,42,671,0.93891499,0.0023433,1.01869946
mnist,fixed_phase,42,672,0.93581001,0.08664293,0.99431932
mnist,fixed_phase,42,673,0.94835926,0.02018762,0.97690146
mnist,fixed_phase,42,674,0.93530412,0.0328003,0.98152183
mnist,fixed_phase,42,675,0.94363208,0.00927285,0.97973651
mnist,fixed_phase,42,676,0.93937636,0.03057675,1.00637192
mnist,fixed_phase,42,677,0.94343397,0.03049612,1.00192957
mnist,fixed_phase,42,678,0.93798508,0.03524966,0.99709982
mnist,fixed_phase,42,679,0.94117901,0.04963756,0.99492973
mnist,fixed_phase,42,680,0.93053537,0.03272059,0.9863639
mnist,fixed_phase,42,681,0.92637711,0.06994886,0.99991095
mnist,fixed_phase,42,682,0.94020829,0.06372127,1.00775985
mnist,fixed_phase,42,683,0.92749583,0.01214441,1.01111776
mnist,fixed_phase,42,684,0.94341273,0.05503318,0.99674756
mnist,fixed_phase,42,685,0.94805322,0.00437125,1.03595227
mnist,fixed_phase,42,686,0.93084357,0.04537985,1.01755936
mnist,fixed_phase,42,687,0.94741896,0.07181895,0.98328673
mnist,fixed_phase,42,688,0.94810998,0.01714435,0.96845177
mnist,fixed_phase,42,689,0.93824477,0.03825233,1.02486295
mnist,fixed_phase,42,690,0.94408819,0.03458497,0.99912917
mnist,fixed_phase,42,691,0.93111803,0.07218083,0.98781848
mnist,fixed_phase,42,692,0.93803853,0.01448183,1.00519289
mnist,fixed_phase,42,693,0.92864039,0.16656639,1.00591537
mnist,fixed_phase,42,694,0.95801675,0.07083248,1.02889564
mnist,fixed_phase,42,695,0.9397973,0.05090604,1.00245874
mnist,fixed_phase,42,696,0.94254367,0.00764752,1.00138443
mnist,fixed_phase,42,697,0.9453339,0.05445822,0.9820101
mnist,fixed_phase,42,698,0.93939433,0.0131658,1.00805931
mnist,fixed_phase,42,699,0.9336154,0.03598431,0.99771155
mnist,fixed_phase,42,700,0.93410859,0.04466615,1.03297079
mnist,fixed_phase,42,701,0.93849686,0.07890503,0.9861843
mnist,fixed_phase,42,702,0.93800292,0.01413539,1.00204923
mnist,fixed_phase,42,703,0.94352133,0.05024867,1.00940298
mnist,fixed_phase,42,704,0.94629477,0.01929051,0.99596064
mnist,fixed_phase,42,705,0.93286079,0.00976182,1.00424633
mnist,fixed_phase,42,706,0.94897787,0.01908637,0.99109081
mnist,fixed_phase,42,707,0.92851479,0.01852706,0.99924504
mnist,fixed_phase,42,708,0.92522139,0.00419303,0.9809509
mnist,fixed_phase,42,709,0.9421146,0.03773705,1.01913506
mnist,fixed_phase,42,710,0.93348188,0.08313926,1.00558349
mnist,fixed_phase,42,711,0.93795967,0.04431269,1.00885599
mnist,fixed_phase,42,712,0.95138046,0.04458095,1.01169118
mnist,fixed_phase,42,713,0.94042425,0.01654408,0.99647257
mnist,fixed_phase,42,714,0.94967153,0.0292959,1.01055326
mnist,fixed_phase,42,715,0.93821085,0.03082025,1.01992675
mnist,fixed_phase,42,716,0.94294915,0.03299295,1.02298825
mnist,fixed_phase,42,717,0.94320246,0.02837949,0.98205144
mnist,fixed_phase,42,718,0.93518674,0.01231863,0.972923
mnist,fixed_phase,42,719,0.94235213,0.045368,1.01123894
mnist,fixed_phase,42,720,0.93787468,0.08926318,0.97421811
mnist,fixed_phase,42,721,0.92539568,0.00716499,1.01618179
mnist,fixed_phase,42,722,0.93804005,0.02444957,0.98906277
mnist,fixed_phase,42,723,0.93926564,0.04876731,0.98290449
mnist,fixed_phase,42,724,0.9415691,0.07485714,0.98747853
mnist,fixed_phase,42,725,0.94101448,0.08156778,0.98567166
mnist,fixed_phase,42,726,0.93843233,0.02522924,0.98963112
mnist,fixed_phase,42,727,0.92456967,0.0544353,1.02261459
mnist,fixed_phase,42,728,0.94025372,0.02033441,0.98122746
mnist,fixed_phase,42,729,0.93455469,0.00446288,0.98808787
mnist,fixed_phase,42,730,0.94369779,0.02002807,1.03142072
mnist,fixed_phase,42,731,0.93469863,0.04088064,1.00606006
mnist,fixed_phase,42,732,0.94659578,0.03233086,0.98024489
mnist,fixed_phase,42,733,0.936998,0.02911426,1.02190089
mnist,fixed_phase,42,734,0.94378711,0.01251524,0.98881721
mnist,fixed_phase,42,735,0.93458931,0.02303702,1.00559941
mnist,fixed_phase,42,736,0.95456718,0.012903,1.00574194
mnist,fixed_phase,42,737,0.94217863,0.03901456,1.02040378
mnist,fixed_phase,42,738,0.92518382,0.03155468,0.9894892
mnist,fixed_phase,42,739,0.94173684,0.07848489,1.00407681
mnist,fixed_phase,42,740,0.93698688,0.05818916,0.99711263
mnist,fixed_phase,42,741,0.94606678,0.02762783,1.00236182
mnist,fixed_phase,42,742,0.93763395,0.00071559,1.01113222
mnist,fixed_phase,42,743,0.93640098,0.00497064,0.98822263
mnist,fixed_phase,42,744,0.94056838,0.01037937,0.9860789
mnist,fixed_phase,42,745,0.94172108,0.0403012,0.98878396
mnist,fixed_phase,42,746,0.94701018,0.00393555,0.9803103
mnist,fixed_phase,42,747,0.92671845,0.04236976,0.99331565
mnist,fixed_phase,42,748,0.93970329,0.00948051,0.99071911
mnist,fixed_phase,42,749,0.94132268,0.05248032,0.9810125
mnist,fixed_phase,42,750,0.9377755,0.08514773,0.97534
mnist,fixed_phase,42,751,0.94643379,0.00790781,1.01454862
mnist,fixed_phase,42,752,0.93407601,0.01888396,1.00647143
mnist,fixed_phase,42,753,0.93262653,0.07483684,0.99652165
mnist,fixed_phase,42,754,0.9383882,0.00249769,1.02727409
mnist,fixed_phase,42,755,0.93199393,0.06171634,1.00211155
mnist,fixed_phase,42,756,0.94663093,0.01115958,0.98747558
mnist,fixed_phase,42,757,0.92489427,0.0011674,1.00326924
mnist,fixed_phase,42,758,0.92976403,0.07669954,1.00244722
mnist,fixed_phase,42,759,0.93617191,0.02956083,0.98565918
mnist,fixed_phase,42,760,0.94186345,0.01993275,1.00396025
mnist,fixed_phase,42,761,0.94303741,0.06499375,1.00521992
mnist,fixed_phase,42,762,0.95180904,0.00530177,1.01804638
mnist,fixed_phase,42,763,0.94544672,0.08400296,1.00501461
mnist,fixed_phase,42,764,0.94085665,0.03205468,1.02095562
mnist,fixed_phase,42,765,0.942492,0.00733966,1.01215069
mnist,fixed_phase,42,766,0.92655131,0.05609205,0.99898039
mnist,fixed_phase,42,767,0.94236641,0.05387479,1.00313683
mnist,fixed_phase,42,768,0.94138415,0.04112413,0.98331377
mnist,fixed_phase,42,769,0.93870507,0.03648622,1.00542904
mnist,fixed_phase,42,770,0.93215994,0.03149909,0.99415348
mnist,fixed_phase,42,771,0.93379358,0.03439234,1.01141431
mnist,fixed_phase,42,772,0.93631438,0.05757896,1.00373041
mnist,fixed_phase,42,773,0.94931739,0.0169821,0.97297573
mnist,fixed_phase,42,774,0.93943161,0.05093953,1.00025984
mnist,fixed_phase,42,775,0.94109851,0.02329045,0.97965211
mnist,fixed_phase,42,776,0.93741431,0.00758989,1.01535356
mnist,fixed_phase,42,777,0.94084356,0.01369032,0.98503705
mnist,fixed_phase,42,778,0.94830159,0.030803,1.01635731
mnist,fixed_phase,42,779,0.94283449,0.00554235,0.97750974
mnist,fixed_phase,42,780,0.95225195,0.01065889,0.95871985
mnist,fixed_phase,42,781,0.93042158,0.01542713,1.01606499
mnist,fixed_phase,42,782,0.93641149,0.10509418,0.98365721
mnist,fixed_phase,42,783,0.92928956,0.09476825,0.98729861
mnist,fixed_phase,42,784,0.94197248,0.06639193,1.00332745
mnist,fixed_phase,42,785,0.94555571,0.03737648,0.99460078
mnist,fixed_phase,42,786,0.94207198,0.01911871,1.00255316
mnist,fixed_phase,42,787,0.95010821,0.03476915,0.97567951
mnist,fixed_phase,42,788,0.9394806,0.04708831,0.99712665
mnist,fixed_phase,42,789,0.9344026,0.01021316,0.99474845
mnist,fixed_phase,42,790,0.94175953,0.1162848,0.99675732
mnist,fixed_phase,42,791,0.94605803,0.06090577,1.00001448
mnist,fixed_phase,42,792,0.93136514,0.02099061,0.99877348
mnist,fixed_phase,42,793,0.93185763,0.02787526,0.98517041
mnist,fixed_phase,42,794,0.93153941,0.03929833,1.01394293
mnist,fixed_phase,42,795,0.93842142,0.10401045,0.99679903
mnist,fixed_phase,42,796,0.94813359,0.03983704,1.00915801
mnist,fixed_phase,42,797,0.93349724,0.07782865,1.01114999
mnist,fixed_phase,42,798,0.94030402,0.0256408,0.98532258
mnist,fixed_phase,42,799,0.94348776,0.00963703,0.98419954
mnist,fixed_phase,42,800,0.94448511,0.00440104,0.98670819
mnist,fixed_phase,42,801,0.9466228,0.02155669,1.00185521
mnist,fixed_phase,42,802,0.93741803,0.00594286,0.98897051
mnist,fixed_phase,42,803,0.93785253,0.0294374,0.98166421
mnist,fixed_phase,42,804,0.93201561,0.05789192,1.02131856
mnist,fixed_phase,42,805,0.940206,0.06806224,0.98757088
mnist,fixed_phase,42,806,0.93669923,0.07316805,0.99886819
mnist,fixed_phase,42,807,0.93193187,0.01174578,1.00403481
mnist,fixed_phase,42,808,0.94107795,0.0057974,1.0203375
mnist,fixed_phase,42,809,0.93477082,0.00693683,1.0001139
mnist,fixed_phase,42,810,0.93507683,0.00444007,1.00222332
mnist,fixed_phase,42,811,0.93735238,0.0368787,1.0011166
mnist,fixed_phase,42,812,0.94004118,0.01362493,0.97201146
mnist,fixed_phase,42,813,0.93948292,0.05539483,1.02881477
mnist,fixed_phase,42,814,0.94152031,0.11809284,1.02290714
mnist,fixed_phase,42,815,0.9376505,0.01580056,1.01740604
mnist,fixed_phase,42,816,0.93053343,0.03983426,0.98763019
mnist,fixed_phase,42,817,0.94109473,0.02578405,0.98464562
mnist,fixed_phase,42,818,0.94926978,0.02110636,1.00922468
mnist,fixed_phase,42,819,0.93340147,0.03069791,0.9948206
mnist,fixed_phase,42,820,0.93535354,0.01322006,1.03773602
mnist,fixed_phase,42,821,0.92605483,0.05450672,0.99802615
mnist,fixed_phase,42,822,0.93903395,0.06496427,1.01756591
mnist,fixed_phase,42,823,0.94339961,0.03466572,0.98304045
mnist,fixed_phase,42,824,0.93052284,0.01614466,0.99952671
mnist,fixed_phase,42,825,0.93775547,0.03341134,1.00663775
mnist,fixed_phase,42,826,0.94109881,0.02465381,0.99954187
mnist,fixed_phase,42,827,0.93981514,0.04491249,0.99503698
mnist,fixed_phase,42,828,0.92267567,0.0218396,0.99509612
mnist,fixed_phase,42,829,0.94523443,0.12181162,0.98868482
mnist,fixed_phase,42,830,0.94111992,0.05493238,1.01555631
mnist,fixed_phase,42,831,0.94319032,0.0098691,1.00849472
mnist,fixed_phase,42,832,0.93414291,0.02980733,1.00299775
mnist,fixed_phase,42,833,0.93883334,0.01604988,0.98864083
mnist,fixed_phase,42,834,0.94329409,0.05573377,0.99244379
mnist,fixed_phase,42,835,0.93157582,3.286e-05,1.006541
mnist,fixed_phase,42,836,0.94476781,0.00236196,1.01467117
mnist,fixed_phase,42,837,0.94560326,0.03453573,1.00243728
mnist,fixed_phase,42,838,0.94556821,0.00687646,0.99111722
mnist,fixed_phase,42,839,0.93151125,0.10238365,0.99789718
mnist,fixed_phase,42,840,0.94707986,0.03541107,1.00535585
mnist,fixed_phase,42,841,0.9453286,0.07927482,1.00203373
mnist,fixed_phase,42,842,0.93518792,0.0450994,1.01384634
mnist,fixed_phase,42,843,0.93602369,0.02076411,1.01522291
mnist,fixed_phase,42,844,0.93191322,0.06071686,1.0123619
mnist,fixed_phase,42,845,0.93637616,0.07950683,0.98049001
mnist,fixed_phase,42,846,0.93604622,0.00801738,0.99504077
mnist,fixed_phase,42,847,0.93668302,0.03561398,0.99203615
mnist,fixed_phase,42,848,0.94154766,0.09386419,1.0028154
mnist,fixed_phase,42,849,0.94171976,0.04319586,1.02454923
mnist,fixed_phase,42,850,0.94808139,0.09832441,1.01173602
mnist,fixed_phase,42,851,0.9368989,0.02581434,0.99166436
mnist,fixed_phase,42,852,0.93670819,0.08439666,0.98229418
mnist,fixed_phase,42,853,0.95329455,0.08478396,1.01015667
mnist,fixed_phase,42,854,0.94560711,0.0347722,1.00327558
mnist,fixed_phase,42,855,0.93745542,0.02705127,1.00282255
mnist,fixed_phase,42,856,0.94126772,0.02721201,0.98026335
mnist,fixed_phase,42,857,0.92739727,0.03544245,1.0131362
mnist,fixed_phase,42,858,0.94492447,0.00374324,0.99976542
mnist,fixed_phase,42,859,0.95689745,0.03648357,1.00410026
mnist,fixed_phase,42,860,0.94548842,0.08087307,1.00094324
mnist,fixed_phase,42,861,0.94035133,0.02347455,1.01256445
mnist,fixed_phase,42,862,0.92529327,0.03385642,1.01876097
mnist,fixed_phase,42,863,0.93791396,0.00189066,0.9889719
mnist,fixed_phase,42,864,0.95791486,0.03202845,0.98262876
mnist,fixed_phase,42,865,0.94279847,0.00581672,1.00016112
mnist,fixed_phase,42,866,0.93998862,0.01905554,1.00654942
mnist,fixed_phase,42,867,0.92808833,0.06394628,1.00617349
mnist,fixed_phase,42,868,0.93909232,0.04248721,0.98041446
mnist,fixed_phase,42,869,0.9356779,0.03521421,1.00320011
mnist,fixed_phase,42,870,0.93908446,0.00977919,1.00286109
mnist,fixed_phase,42,871,0.93188406,0.02039258,1.0029894
mnist,fixed_phase,42,872,0.9531075,0.03831864,0.99157079
mnist,fixed_phase,42,873,0.93900172,0.02314925,1.00254715
mnist,fixed_phase,42,874,0.94116881,0.01924452,0.99692932
mnist,fixed_phase,42,875,0.94835499,0.06615164,1.0283942
mnist,fixed_phase,42,876,0.94554565,0.04022875,0.98500011
mnist,fixed_phase,42,877,0.93888593,0.01278639,0.9711328
mnist,fixed_phase,42,878,0.94922278,0.08207111,0.99324919
mnist,fixed_phase,42,879,0.93254305,0.03405341,0.98942336
mnist,fixed_phase,42,880,0.93682149,0.0211711,1.01639823
mnist,fixed_phase,42,881,0.95065151,0.05084569,0.99730222
mnist,fixed_phase,42,882,0.94525886,0.02632958,0.99368624
mnist,fixed_phase,42,883,0.93519229,0.02981235,1.01513302
mnist,fixed_phase,42,884,0.93897835,0.07310988,1.00640909
mnist,fixed_phase,42,885,0.93571484,0.09218221,0.99535768
mnist,fixed_phase,42,886,0.92509878,0.05281062,1.01889988
mnist,fixed_phase,42,887,0.93666233,0.05662763,1.02690582
mnist,fixed_phase,42,888,0.93733405,0.00821495,0.99977458
mnist,fixed_phase,42,889,0.94321266,0.09337005,1.01023295
mnist,fixed_phase,42,890,0.94892551,0.03976325,0.98974888
mnist,fixed_phase,42,891,0.93955561,0.05016452,1.02595146
mnist,fixed_phase,42,892,0.93965119,0.00607146,0.99607957
mnist,fixed_phase,42,893,0.95107245,0.06668802,0.99014714
mnist,fixed_phase,42,894,0.93193849,0.08252204,1.01640777
mnist,fixed_phase,42,895,0.94376799,0.06481122,0.99893954
mnist,fixed_phase,42,896,0.94880553,0.01412015,0.99331278
mnist,fixed_phase,42,897,0.93538364,0.02535172,0.97725041
mnist,fixed_phase,42,898,0.93829711,0.07664389,0.99854994
mnist,fixed_phase,42,899,0.9467944,0.02400554,1.03468404
mnist,fixed_phase,42,900,0.94400298,0.02782448,1.00339172
mnist,fixed_phase,42,901,0.93876667,0.0317684,1.00689165
mnist,fixed_phase,42,902,0.93388476,0.00766913,1.00548252
mnist,fixed_phase,42,903,0.93124825,0.09429357,1.0205704
mnist,fixed_phase,42,904,0.9454948,0.05608107,0.99130618
mnist,fixed_phase,42,905,0.93995701,0.05645036,0.99219383
mnist,fixed_phase,42,906,0.94231701,0.0113146,0.99515725
mnist,fixed_phase,42,907,0.93938566,0.03012123,0.97828045
mnist,fixed_phase,42,908,0.93713261,0.03694903,0.99142294
mnist,fixed_phase,42,909,0.92857201,0.04549795,1.00421425
mnist,fixed_phase,42,910,0.94074902,0.1072179,0.97098258
mnist,fixed_phase,42,911,0.93923725,0.01514637,0.9984574
mnist,fixed_phase,42,912,0.93312797,0.05976939,1.03175494
mnist,fixed_phase,42,913,0.93798222,0.01348661,0.99827368
mnist,fixed_phase,42,914,0.92945174,0.0738418,1.0071486
mnist,fixed_phase,42,915,0.94192448,0.02498413,1.00112512
mnist,fixed_phase,42,916,0.9374277,0.04662738,1.00023349
mnist,fixed_phase,42,917,0.94818624,0.00949718,0.98420867
mnist,fixed_phase,42,918,0.95154084,0.00286561,1.01374558
mnist,fixed_phase,42,919,0.95127594,0.00456913,1.02818071
mnist,fixed_phase,42,920,0.93942427,0.03595958,1.00732373
mnist,fixed_phase,42,921,0.94075038,0.06309886,1.00759414
mnist,fixed_phase,42,922,0.94271144,0.01855434,0.98145709
mnist,fixed_phase,42,923,0.93689836,0.05439257,1.0211987
mnist,fixed_phase,42,924,0.94247456,0.06099203,1.02329306
mnist,fixed_phase,42,925,0.95001189,0.0814721,1.01259155
mnist,fixed_phase,42,926,0.94828824,0.01368405,1.00506925
mnist,fixed_phase,42,927,0.93724998,0.035759,0.99545604
mnist,fixed_phase,42,928,0.941389,0.03686727,0.99059362
mnist,fixed_phase,42,929,0.94818986,0.09080795,1.01328042
mnist,fixed_phase,42,930,0.93677487,0.02952069,0.97728393
mnist,fixed_phase,42,931,0.94839556,0.02392231,1.00056444
mnist,fixed_phase,42,932,0.93098687,0.05198724,1.02025146
mnist,fixed_phase,42,933,0.94947478,0.04638605,1.0012749
mnist,fixed_phase,42,934,0.94606291,0.03794654,1.00856133
mnist,fixed_phase,42,935,0.93881419,0.01584505,0.97713618
mnist,fixed_phase,42,936,0.93804364,0.09364533,0.98584474
mnist,fixed_phase,42,937,0.94438367,0.06990972,0.98581253
mnist,fixed_phase,42,938,0.94388684,0.03523862,0.98116061
mnist,fixed_phase,42,939,0.94324398,0.02700307,1.00938622
mnist,fixed_phase,42,940,0.94360792,0.03285183,0.99283512
mnist,fixed_phase,42,941,0.94212026,0.00270923,0.99663378
mnist,fixed_phase,42,942,0.9451421,0.0382209,1.02582202
mnist,fixed_phase,42,943,0.95686282,0.00582054,1.01298134
mnist,fixed_phase,42,944,0.93610882,0.0161503,0.99491825
mnist,fixed_phase,42,945,0.94369835,0.03486544,1.01293019
mnist,fixed_phase,42,946,0.94107551,0.06699413,1.00599446
mnist,fixed_phase,42,947,0.93940399,0.1393933,0.9928194
mnist,fixed_phase,42,948,0.93918833,0.0344684,0.98862771
mnist,fixed_phase,42,949,0.94370955,0.03461772,0.97335536
mnist,fixed_phase,42,950,0.93367603,0.05708948,1.01269311
mnist,fixed_phase,42,951,0.94023627,0.00102206,1.03245952
mnist,fixed_phase,42,952,0.93616206,0.00940508,0.98939013
mnist,fixed_phase,42,953,0.93330388,0.00368074,1.02188728
mnist,fixed_phase,42,954,0.9441941,0.0469732,1.01477222
mnist,fixed_phase,42,955,0.94170574,0.1097908,0.99064189
mnist,fixed_phase,42,956,0.93975559,0.03206048,1.00394468
mnist,fixed_phase,42,957,0.93521333,0.04465898,1.00423289
mnist,fixed_phase,42,958,0.92526945,0.07095996,1.02136773
mnist,fixed_phase,42,959,0.93630864,0.01761418,1.00644892
mnist,fixed_phase,42,960,0.9342548,0.00477863,0.98529565
mnist,fixed_phase,42,961,0.94982727,0.03233912,1.02231672
mnist,fixed_phase,42,962,0.94073903,0.01039364,1.00595173
mnist,fixed_phase,42,963,0.94582661,0.00703082,1.01023702
mnist,fixed_phase,42,964,0.93601748,0.05660405,0.99217283
mnist,fixed_phase,42,965,0.94631189,0.0053924,1.0167558
mnist,fixed_phase,42,966,0.93743387,0.02926996,1.00621222
mnist,fixed_phase,42,967,0.93937869,0.02958495,1.00012737
mnist,fixed_phase,42,968,0.94736418,0.0670888,0.99306068
mnist,fixed_phase,42,969,0.94771675,0.05020174,0.98284226
mnist,fixed_phase,42,970,0.93729406,0.03601155,1.02711163
mnist,fixed_phase,42,971,0.92706147,0.03976559,0.99344127
mnist,fixed_phase,42,972,0.93852055,0.08826889,0.99434972
mnist,fixed_phase,42,973,0.92593532,0.02789322,0.98700319
mnist,fixed_phase,42,974,0.9447125,0.07896098,0.99952473
mnist,fixed_phase,42,975,0.92593544,0.09690674,1.00631883
mnist,fixed_phase,42,976,0.93932099,0.02230339,1.00149132
mnist,fixed_phase,42,977,0.94684646,0.01288645,0.96991965
mnist,fixed_phase,42,978,0.93892407,0.00223892,0.97378948
mnist,fixed_phase,42,979,0.9376326,0.02463997,1.01154278
mnist,fixed_phase,42,980,0.94636283,0.10673346,1.00065848
mnist,fixed_phase,42,981,0.93835163,0.09136315,0.99308762
mnist,fixed_phase,42,982,0.93816587,0.06389181,1.03129092
mnist,fixed_phase,42,983,0.95114216,0.01755121,1.00929184
mnist,fixed_phase,42,984,0.9405015,0.06611011,0.97304152
mnist,fixed_phase,42,985,0.93630242,0.03676004,1.00171507
mnist,fixed_phase,42,986,0.94851572,0.03635656,1.00187229
mnist,fixed_phase,42,987,0.93986555,0.04416443,1.0014737
mnist,fixed_phase,42,988,0.94100052,0.00461703,1.02568507
mnist,fixed_phase,42,989,0.94668643,0.02262226,0.99272353
mnist,fixed_phase,42,990,0.93728209,0.02252273,1.03136678
mnist,fixed_phase,42,991,0.93966973,0.04044893,0.99367634
mnist,fixed_phase,42,992,0.95025259,0.06029013,0.99387446
mnist,fixed_phase,42,993,0.94360261,0.03356136,1.01696069
mnist,fixed_phase,42,994,0.93478474,0.07506108,0.99821423
mnist,fixed_phase,42,995,0.93600196,0.00759619,0.99056571
mnist,fixed_phase,42,996,0.94068803,0.00922418,1.00590317
mnist,fixed_phase,42,997,0.93111202,0.00286489,1.00690968
mnist,fixed_phase,42,998,0.94429548,0.06700021,0.99861765
mnist,fixed_phase,42,999,0.93495215,0.05560457,1.0239736
mnist,fixed_phase,123,0,0.93768925,0.01724954,1.00516645
mnist,fixed_phase,123,1,0.94067177,0.02576693,1.02318807
mnist,fixed_phase,123,2,0.94185384,0.02171983,1.02024669
mnist,fixed_phase,123,3,0.93135571,0.06565526,0.99307101
mnist,fixed_phase,123,4,0.93725097,0.03231318,1.01754463
mnist,fixed_phase,123,5,0.93858032,0.06225923,0.99226621
mnist,fixed_phase,123,6,0.9439152,0.02158986,1.01831987
mnist,fixed_phase,123,7,0.95062889,0.04906062,0.97943095
mnist,fixed_phase,123,8,0.94391274,0.04601169,1.00185359
mnist,fixed_phase,123,9,0.94730071,0.14436116,1.0001916
mnist,fixed_phase,123,10,0.93737979,0.040311,0.98628423
mnist,fixed_phase,123,11,0.94201519,0.06826312,0.99312304
mnist,fixed_phase,123,12,0.94445616,0.01179054,0.99201807
mnist,fixed_phase,123,13,0.93152354,0.03466727,1.01143915
mnist,fixed_phase,123,14,0.94633971,0.12814031,0.99692789
mnist,fixed_phase,123,15,0.93751149,0.03125881,1.01503629
mnist,fixed_phase,123,16,0.9375312,0.00659808,1.01465801
mnist,fixed_phase,123,17,0.95292004,0.02014674,1.01877077
mnist,fixed_phase,123,18,0.93320783,0.04407407,0.96393038
mnist,fixed_phase,123,19,0.94330021,0.02040935,1.00894
mnist,fixed_phase,123,20,0.94059487,0.04409107,1.00532304
mnist,fixed_phase,123,21,0.93890614,0.02280433,0.98319884
mnist,fixed_phase,123,22,0.93769077,0.06282548,0.97835536
mnist,fixed_phase,123,23,0.94335396,0.07744515,1.02806775
mnist,fixed_phase,123,24,0.93316119,0.02665793,1.00972839
mnist,fixed_phase,123,25,0.94182855,0.01040312,1.01495097
mnist,fixed_phase,123,26,0.94561708,0.01844308,0.98836068
mnist,fixed_phase,123,27,0.92871385,0.03397195,1.00118908
mnist,fixed_phase,123,28,0.94642559,0.03817992,1.01960814
mnist,fixed_phase,123,29,0.93563957,0.06343459,1.01013133
mnist,fixed_phase,123,30,0.94044314,0.04603897,0.99438312
mnist,fixed_phase,123,31,0.94227213,0.06831059,0.98274297
mnist,fixed_phase,123,32,0.93919894,0.0287784,1.0018473
mnist,fixed_phase,123,33,0.93004994,0.00062994,0.98477256
mnist,fixed_phase,123,34,0.93810399,0.11815542,1.00215933
mnist,fixed_phase,123,35,0.94207479,0.04761334,1.00803599
mnist,fixed_phase,123,36,0.93548717,0.05861906,1.01218294
mnist,fixed_phase,123,37,0.9455794,0.04222015,0.98602531
mnist,fixed_phase,123,38,0.93042817,0.03819589,1.00713767
mnist,fixed_phase,123,39,0.94548602,0.05714978,0.99232322
mnist,fixed_phase,123,40,0.94380371,0.05951492,1.00169514
mnist,fixed_phase,123,41,0.95040358,0.01370066,0.99753171
mnist,fixed_phase,123,42,0.94085886,0.07110218,0.9867516
mnist,fixed_phase,123,43,0.93824199,0.05426281,0.98446151
mnist,fixed_phase,123,44,0.93345927,0.00773376,1.02172228
mnist,fixed_phase,123,45,0.93255578,0.05337814,1.01366622
mnist,fixed_phase,123,46,0.94003605,0.03355532,1.00493747
mnist,fixed_phase,123,47,0.93986123,0.0629456,1.00375227
mnist,fixed_phase,123,48,0.93616872,0.02931102,0.9743602
mnist,fixed_phase,123,49,0.94006182,0.03295106,0.99430883
mnist,fixed_phase,123,50,0.94709797,0.0226691,1.00318665
mnist,fixed_phase,123,51,0.92937892,0.03781583,0.99909903
mnist,fixed_phase,123,52,0.93416463,0.00309227,1.00436239
mnist,fixed_phase,123,53,0.9397127,0.11337167,1.0240526
mnist,fixed_phase,123,54,0.9413657,0.1009279,1.02541967
mnist,fixed_phase,123,55,0.93698364,0.04594293,1.01361689
mnist,fixed_phase,123,56,0.92826984,0.03422853,1.02619074
mnist,fixed_phase,123,57,0.9305607,0.01679241,0.96032785
mnist,fixed_phase,123,58,0.94294993,0.01900178,0.98645291
mnist,fixed_phase,123,59,0.93893227,0.09440356,0.99100503
mnist,fixed_phase,123,60,0.94970393,0.01300595,1.00695582
mnist,fixed_phase,123,61,0.9482159,0.0940227,0.9875626
mnist,fixed_phase,123,62,0.94646917,0.03625189,1.00562239
mnist,fixed_phase,123,63,0.94924189,0.08422015,1.00605538
mnist,fixed_phase,123,64,0.94047946,0.00074903,0.97733361
mnist,fixed_phase,123,65,0.93876591,0.03351483,0.99582821
mnist,fixed_phase,123,66,0.93372669,0.02348067,1.01832727
mnist,fixed_phase,123,67,0.94155828,0.01518483,0.99495634
mnist,fixed_phase,123,68,0.94091727,0.00394372,0.9908942
mnist,fixed_phase,123,69,0.93340301,0.03474406,1.0212135
mnist,fixed_phase,123,70,0.9440874,0.02676045,1.0265661
mnist,fixed_phase,123,71,0.94255639,0.04201099,0.99487872
mnist,fixed_phase,123,72,0.92584971,0.04363194,1.01772805
mnist,fixed_phase,123,73,0.94013148,0.07426044,0.97957573
mnist,fixed_phase,123,74,0.93206151,0.03955428,1.02081726
mnist,fixed_phase,123,75,0.94266349,0.00791748,0.9953802
mnist,fixed_phase,123,76,0.93376787,0.01844658,0.99698135
mnist,fixed_phase,123,77,0.9379122,0.0111232,1.00380583
mnist,fixed_phase,123,78,0.9387189,0.0039869,1.00632631
mnist,fixed_phase,123,79,0.93319005,0.01321594,0.99318715
mnist,fixed_phase,123,80,0.93687719,0.00517881,0.99121362
mnist,fixed_phase,123,81,0.93822062,0.00330448,0.98926657
mnist,fixed_phase,123,82,0.93713848,0.00730354,1.02091221
mnist,fixed_phase,123,83,0.93172045,0.02631877,0.98762733
mnist,fixed_phase,123,84,0.94277085,0.02952163,1.00179521
mnist,fixed_phase,123,85,0.95126027,0.00269357,0.96330098
mnist,fixed_phase,123,86,0.93698538,0.05980894,0.99512135
mnist,fixed_phase,123,87,0.93531912,0.01666662,0.99656765
mnist,fixed_phase,123,88,0.92808063,0.11115885,1.00969502
mnist,fixed_phase,123,89,0.93736749,0.02928872,1.02726348
mnist,fixed_phase,123,90,0.9308481,0.05335346,0.98580176
mnist,fixed_phase,123,91,0.9457727,0.08271351,1.01623544
mnist,fixed_phase,123,92,0.93652006,0.01778073,0.99480723
mnist,fixed_phase,123,93,0.93345319,0.08423735,0.98887868
mnist,fixed_phase,123,94,0.94596216,0.02529756,0.99058161
mnist,fixed_phase,123,95,0.93821308,0.00027997,1.01359095
mnist,fixed_phase,123,96,0.94425496,0.05120929,0.99392005
mnist,fixed_phase,123,97,0.92712539,0.06433737,0.99891783
mnist,fixed_phase,123,98,0.94246909,0.02868575,0.99922925
mnist,fixed_phase,123,99,0.93446461,0.01741674,1.01041415
mnist,fixed_phase,123,100,0.94685567,0.05910154,1.00166209
mnist,fixed_phase,123,101,0.94885988,0.05414859,1.01738016
mnist,fixed_phase,123,102,0.93234888,0.05536844,0.99080484
mnist,fixed_phase,123,103,0.92906233,0.03711508,1.00295544
mnist,fixed_phase,123,104,0.93929519,0.05325473,0.99632525
mnist,fixed_phase,123,105,0.93453479,0.02379297,1.01790053
mnist,fixed_phase,123,106,0.93854725,0.003068,1.00046888
mnist,fixed_phase,123,107,0.94360148,0.04154882,1.02267025
mnist,fixed_phase,123,108,0.93830937,0.02842683,0.99630268
mnist,fixed_phase,123,109,0.94251164,0.03730258,0.99646525
mnist,fixed_phase,123,110,0.93784061,0.02599018,0.9985511
mnist,fixed_phase,123,111,0.94380508,0.06020571,0.98888295
mnist,fixed_phase,123,112,0.93615589,0.01932896,1.01487615
mnist,fixed_phase,123,113,0.93587419,0.01590293,0.96717866
mnist,fixed_phase,123,114,0.9403188,0.0633834,1.02306658
mnist,fixed_phase,123,115,0.94203733,0.03307289,0.99642758
mnist,fixed_phase,123,116,0.9421406,0.00486047,1.01599887
mnist,fixed_phase,123,117,0.93789363,0.02627616,1.01091905
mnist,fixed_phase,123,118,0.95193406,0.02837448,1.01329482
mnist,fixed_phase,123,119,0.94400578,0.0592849,0.99117989
mnist,fixed_phase,123,120,0.94235221,0.06993754,1.02521655
mnist,fixed_phase,123,121,0.94599571,0.0563174,1.00103546
mnist,fixed_phase,123,122,0.93520939,0.03079878,1.00787198
mnist,fixed_phase,123,123,0.94970977,0.0720611,1.02946496
mnist,fixed_phase,123,124,0.93715442,0.04545765,0.98868254
mnist,fixed_phase,123,125,0.95119024,0.01741776,1.02507955
mnist,fixed_phase,123,126,0.93468133,0.03167441,1.02333824
mnist,fixed_phase,123,127,0.94458474,0.00108235,1.01742287
mnist,fixed_phase,123,128,0.94707787,0.0465222,1.0022489
mnist,fixed_phase,123,129,0.94103648,0.03310527,1.00074419
mnist,fixed_phase,123,130,0.93303525,0.04284363,1.01081353
mnist,fixed_phase,123,131,0.93544756,0.02616396,1.00240571
mnist,fixed_phase,123,132,0.9374895,0.05106504,1.00311079
mnist,fixed_phase,123,133,0.94015466,0.02018975,1.00487572
mnist,fixed_phase,123,134,0.9392896,0.05030006,1.0209697
mnist,fixed_phase,123,135,0.93522497,0.02127306,1.00243652
mnist,fixed_phase,123,136,0.94203728,0.04918683,0.97686083
mnist,fixed_phase,123,137,0.94111304,0.09808221,0.9972438
mnist,fixed_phase,123,138,0.93909192,0.02682266,0.99781282
mnist,fixed_phase,123,139,0.95188933,0.10338383,1.01642058
mnist,fixed_phase,123,140,0.92516884,0.06974641,1.00843526
mnist,fixed_phase,123,141,0.93344244,0.05846543,1.00888645
mnist,fixed_phase,123,142,0.93279936,0.01960366,1.01602125
mnist,fixed_phase,123,143,0.94399276,0.03887791,1.03810585
mnist,fixed_phase,123,144,0.92837617,0.00775761,1.01960935
mnist,fixed_phase,123,145,0.93055248,0.01246495,0.99422511
mnist,fixed_phase,123,146,0.94846991,0.00045461,1.02250225
mnist,fixed_phase,123,147,0.94751666,0.01943606,1.01097543
mnist,fixed_phase,123,148,0.94457643,0.03288517,0.98531558
mnist,fixed_phase,123,149,0.94032933,0.04646596,1.0126543
mnist,fixed_phase,123,150,0.93561499,0.05890082,0.99304449
mnist,fixed_phase,123,151,0.93474266,0.02050449,1.01598252
mnist,fixed_phase,123,152,0.94566369,0.04449823,1.00504623
mnist,fixed_phase,123,153,0.9314014,0.02724181,0.99898547
mnist,fixed_phase,123,154,0.94187457,0.01724299,1.02879949
mnist,fixed_phase,123,155,0.93549803,0.02204603,0.99170641
mnist,fixed_phase,123,156,0.93430001,0.01510187,0.98450724
mnist,fixed_phase,123,157,0.93889199,0.03777353,0.99194936
mnist,fixed_phase,123,158,0.93835419,0.04051331,1.00922861
mnist,fixed_phase,123,159,0.9327159,0.00597436,0.97833197
mnist,fixed_phase,123,160,0.94389038,0.01313428,1.02098078
mnist,fixed_phase,123,161,0.93640436,0.04790001,1.01867618
mnist,fixed_phase,123,162,0.93485379,0.05212891,1.0190243
mnist,fixed_phase,123,163,0.93135662,0.13697688,1.0013136
mnist,fixed_phase,123,164,0.92863009,0.07641775,1.00038085
mnist,fixed_phase,123,165,0.9374214,0.02773518,1.0192117
mnist,fixed_phase,123,166,0.94058652,0.04325398,1.01940887
mnist,fixed_phase,123,167,0.94637358,0.01820027,0.98858161
mnist,fixed_phase,123,168,0.93074647,0.01982907,0.99793906
mnist,fixed_phase,123,169,0.93501898,0.0893622,1.00174681
mnist,fixed_phase,123,170,0.93918953,0.01008877,1.00896329
mnist,fixed_phase,123,171,0.94079541,0.00282582,0.99153655
mnist,fixed_phase,123,172,0.92611712,0.0606954,1.01576945
mnist,fixed_phase,123,173,0.93931795,0.04326414,0.98715093
mnist,fixed_phase,123,174,0.93929263,0.035138,0.99716308
mnist,fixed_phase,123,175,0.94714118,0.00029364,1.00534451
mnist,fixed_phase,123,176,0.93917767,0.04673718,0.99867311
mnist,fixed_phase,123,177,0.94344221,0.01347573,1.01705131
mnist,fixed_phase,123,178,0.94490865,0.08979295,0.99573619
mnist,fixed_phase,123,179,0.93719967,0.03913826,1.00516282
mnist,fixed_phase,123,180,0.93887888,0.005389,0.97270431
mnist,fixed_phase,123,181,0.9524392,0.05108142,0.99494296
mnist,fixed_phase,123,182,0.93559297,0.0302281,1.00171861
mnist,fixed_phase,123,183,0.93964125,0.09982728,1.02319403
mnist,fixed_phase,123,184,0.92953527,0.05008516,1.02391065
mnist,fixed_phase,123,185,0.94089711,0.01144462,0.991225
mnist,fixed_phase,123,186,0.94930637,0.05789063,1.03359403
mnist,fixed_phase,123,187,0.9396811,0.00160964,1.02086396
mnist,fixed_phase,123,188,0.95097829,0.03120954,0.98783286
mnist,fixed_phase,123,189,0.9407228,0.05491313,1.01244843
mnist,fixed_phase,123,190,0.93624421,0.00096323,1.00572267
mnist,fixed_phase,123,191,0.92773465,0.01196208,0.99748683
mnist,fixed_phase,123,192,0.93882098,0.06595245,0.98448122
mnist,fixed_phase,123,193,0.94719534,0.02180095,0.9885297
mnist,fixed_phase,123,194,0.93103048,0.0552549,0.96383936
mnist,fixed_phase,123,195,0.93962038,0.07389141,0.99488449
mnist,fixed_phase,123,196,0.9406321,0.06156382,1.00046214
mnist,fixed_phase,123,197,0.94069763,0.02018896,0.99591384
mnist,fixed_phase,123,198,0.95447797,0.06096837,1.02219951
mnist,fixed_phase,123,199,0.94016535,0.00171682,1.02218003
mnist,fixed_phase,123,200,0.9476936,0.01812051,1.01443855
mnist,fixed_phase,123,201,0.94145503,0.01321951,0.99476264
mnist,fixed_phase,123,202,0.94463507,0.05189092,1.00544962
mnist,fixed_phase,123,203,0.93689033,0.05090565,0.98340641
mnist,fixed_phase,123,204,0.94691335,0.01563658,0.99418134
mnist,fixed_phase,123,205,0.93581013,0.00124006,1.01274184
mnist,fixed_phase,123,206,0.94283497,0.01405195,0.97061018
mnist,fixed_phase,123,207,0.94994998,0.00840094,0.99635656
mnist,fixed_phase,123,208,0.94633162,0.00832915,0.98377461
mnist,fixed_phase,123,209,0.93488813,0.02696073,1.00008357
mnist,fixed_phase,123,210,0.92939776,0.07167719,0.98133817
mnist,fixed_phase,123,211,0.94174266,0.08046777,0.9955003
mnist,fixed_phase,123,212,0.93687051,0.0801248,0.99598177
mnist,fixed_phase,123,213,0.94024962,0.06185029,1.00647151
mnist,fixed_phase,123,214,0.94781652,0.1420212,0.99226573
mnist,fixed_phase,123,215,0.93844031,0.12160373,1.0056383
mnist,fixed_phase,123,216,0.93267737,0.00976712,1.03370308
mnist,fixed_phase,123,217,0.9552482,0.03150365,1.00564878
mnist,fixed_phase,123,218,0.93931727,0.07224174,1.03845729
mnist,fixed_phase,123,219,0.9411251,0.10289723,1.00202613
mnist,fixed_phase,123,220,0.93083873,0.08108899,1.00396637
mnist,fixed_phase,123,221,0.93526075,0.1068492,0.97754311
mnist,fixed_phase,123,222,0.94085331,0.07690344,1.02636488
mnist,fixed_phase,123,223,0.94546571,0.04631004,0.99976681
mnist,fixed_phase,123,224,0.94526822,0.00341086,1.00173272
mnist,fixed_phase,123,225,0.94670363,0.10517341,0.98351541
mnist,fixed_phase,123,226,0.94534797,0.05344505,0.98545921
mnist,fixed_phase,123,227,0.94810176,0.00349662,0.9989516
mnist,fixed_phase,123,228,0.95791453,0.03709177,1.00872035
mnist,fixed_phase,123,229,0.93511343,0.00486309,0.94126753
mnist,fixed_phase,123,230,0.9389206,0.06045919,0.98038699
mnist,fixed_phase,123,231,0.92908836,0.0428163,1.02948
mnist,fixed_phase,123,232,0.93839923,0.09248334,0.9743898
mnist,fixed_phase,123,233,0.93726717,0.02210189,1.00099179
mnist,fixed_phase,123,234,0.93871269,0.0723006,1.00887634
mnist,fixed_phase,123,235,0.93886466,0.10794008,1.00692735
mnist,fixed_phase,123,236,0.9347476,0.04169124,1.02848236
mnist,fixed_phase,123,237,0.94031346,0.14342887,1.00962277
mnist,fixed_phase,123,238,0.9295634,0.09765059,0.99995178
mnist,fixed_phase,123,239,0.93853022,0.01680002,1.02094104
mnist,fixed_phase,123,240,0.93810568,0.03974242,1.00454563
mnist,fixed_phase,123,241,0.93594499,0.03443088,0.99221707
mnist,fixed_phase,123,242,0.93183593,0.05232592,1.01286407
mnist,fixed_phase,123,243,0.94101323,0.03230861,0.98380539
mnist,fixed_phase,123,244,0.93761789,0.00040381,0.99456989
mnist,fixed_phase,123,245,0.93603183,0.04051262,0.97146537
mnist,fixed_phase,123,246,0.94367107,0.00563471,1.01616978
mnist,fixed_phase,123,247,0.95071487,0.07765738,0.99116038
mnist,fixed_phase,123,248,0.93325475,0.06056172,1.00358813
mnist,fixed_phase,123,249,0.9328421,0.03144184,0.99536697
mnist,fixed_phase,123,250,0.94619521,0.07096578,1.00965673
mnist,fixed_phase,123,251,0.94529931,0.03048507,0.97312959
mnist,fixed_phase,123,252,0.94691132,0.04776599,0.99786673
mnist,fixed_phase,123,253,0.94176802,0.09794523,0.98503904
mnist,fixed_phase,123,254,0.94419132,0.0341438,0.99108651
mnist,fixed_phase,123,255,0.94713182,0.02585279,1.00631259
mnist,fixed_phase,123,256,0.9476391,0.01089558,0.997799
mnist,fixed_phase,123,257,0.94353597,0.05387123,1.0029437
mnist,fixed_phase,123,258,0.9365507,0.0144446,1.00694128
mnist,fixed_phase,123,259,0.93847761,0.02186818,1.01475023
mnist,fixed_phase,123,260,0.94991941,0.00948111,0.99795796
mnist,fixed_phase,123,261,0.94203954,0.00484446,0.99607948
mnist,fixed_phase,123,262,0.93318834,0.04305726,1.00797849
mnist,fixed_phase,123,263,0.9344817,0.0162557,1.02056852
mnist,fixed_phase,123,264,0.94716256,0.07805775,1.01928044
mnist,fixed_phase,123,265,0.93875052,0.12192456,1.01665286
mnist,fixed_phase,123,266,0.92544238,0.0094021,0.97682755
mnist,fixed_phase,123,267,0.93839795,0.01050339,1.00259225
mnist,fixed_phase,123,268,0.95068385,0.03120663,1.01991179
mnist,fixed_phase,123,269,0.94349298,0.05651502,1.00068917
mnist,fixed_phase,123,270,0.94235213,0.07659418,0.97754702
mnist,fixed_phase,123,271,0.94656642,0.00548063,0.97958469
mnist,fixed_phase,123,272,0.94210155,0.02178712,0.98996379
mnist,fixed_phase,123,273,0.93681097,0.00013749,0.97866144
mnist,fixed_phase,123,274,0.92213453,0.05158056,0.97481875
mnist,fixed_phase,123,275,0.93988206,0.04463629,0.99288793
mnist,fixed_phase,123,276,0.93858499,0.02283812,0.97517535
mnist,fixed_phase,123,277,0.94558464,0.05551698,0.99026044
mnist,fixed_phase,123,278,0.93692006,0.00961697,1.01129963
mnist,fixed_phase,123,279,0.94604071,0.0453305,0.98294771
mnist,fixed_phase,123,280,0.94746316,0.0278868,1.02036984
mnist,fixed_phase,123,281,0.94390958,0.05687599,0.99753485
mnist,fixed_phase,123,282,0.93169314,0.0320616,1.01522137
mnist,fixed_phase,123,283,0.92926172,0.07085047,1.00525991
mnist,fixed_phase,123,284,0.94671929,0.03914953,1.00193519
mnist,fixed_phase,123,285,0.94606598,0.06434092,1.0116294
mnist,fixed_phase,123,286,0.93881637,0.05659827,0.99660764
mnist,fixed_phase,123,287,0.9318202,0.01478918,0.99541363
mnist,fixed_phase,123,288,0.93960122,0.00139014,1.01887926
mnist,fixed_phase,123,289,0.94755206,0.01265478,0.9956038
mnist,fixed_phase,123,290,0.93526562,0.02718456,0.99298698
mnist,fixed_phase,123,291,0.94668411,0.10798945,1.0168239
mnist,fixed_phase,123,292,0.95402089,0.01442258,0.99206313
mnist,fixed_phase,123,293,0.93620055,0.04222014,1.02328001
mnist,fixed_phase,123,294,0.95287268,0.07442582,1.01174842
mnist,fixed_phase,123,295,0.93522906,0.00204883,1.00740221
mnist,fixed_phase,123,296,0.93448299,0.01929237,0.99500178
mnist,fixed_phase,123,297,0.93403626,0.0377875,1.00855798
mnist,fixed_phase,123,298,0.93806403,0.02565411,0.99767091
mnist,fixed_phase,123,299,0.93636985,0.03771482,1.00829541
mnist,fixed_phase,123,300,0.93741741,0.00342236,0.98968725
mnist,fixed_phase,123,301,0.93891482,0.03569811,0.97481091
mnist,fixed_phase,123,302,0.92860356,0.09908454,0.99708882
mnist,fixed_phase,123,303,0.93717566,0.03164003,0.99157087
mnist,fixed_phase,123,304,0.93464333,0.01563635,1.01423327
mnist,fixed_phase,123,305,0.93497107,0.07752054,0.99726004
mnist,fixed_phase,123,306,0.93672443,0.0467257,0.98011288
mnist,fixed_phase,123,307,0.94505892,0.05541883,0.9899326
mnist,fixed_phase,123,308,0.93888049,0.02555348,1.00421943
mnist,fixed_phase,123,309,0.95391775,0.03294664,1.03061779
mnist,fixed_phase,123,310,0.94866073,0.05661532,0.98865299
mnist,fixed_phase,123,311,0.92929722,0.04480014,0.98545884
mnist,fixed_phase,123,312,0.92741234,0.03067424,1.00457694
mnist,fixed_phase,123,313,0.93379066,0.02589365,1.0131944
mnist,fixed_phase,123,314,0.94552181,0.08536971,1.00165257
mnist,fixed_phase,123,315,0.93531232,0.08901457,0.99299849
mnist,fixed_phase,123,316,0.93864828,0.05061507,1.01587956
mnist,fixed_phase,123,317,0.9393346,0.02928903,0.98713606
mnist,fixed_phase,123,318,0.94718145,0.01442459,1.01259583
mnist,fixed_phase,123,319,0.93884525,0.08036641,1.00893749
mnist,fixed_phase,123,320,0.94219264,0.04554841,1.0122207
mnist,fixed_phase,123,321,0.92543465,0.07030706,0.99550318
mnist,fixed_phase,123,322,0.94024316,0.01469539,1.01098887
mnist,fixed_phase,123,323,0.94055979,0.08146224,0.9998646
mnist,fixed_phase,123,324,0.93467224,0.07114164,0.98708993
mnist,fixed_phase,123,325,0.93682757,0.02976528,1.01372669
mnist,fixed_phase,123,326,0.94472983,0.0868309,0.97764555
mnist,fixed_phase,123,327,0.94515923,0.01264408,0.98180454
mnist,fixed_phase,123,328,0.93240608,0.04894413,0.98248755
mnist,fixed_phase,123,329,0.92280742,0.0052183,1.02644915
mnist,fixed_phase,123,330,0.939089,0.0229828,0.99760803
mnist,fixed_phase,123,331,0.93862679,0.07341094,1.01385305
mnist,fixed_phase,123,332,0.93780955,0.01876522,0.97970334
mnist,fixed_phase,123,333,0.94613869,0.09195688,1.01093485
mnist,fixed_phase,123,334,0.94106479,0.01555612,1.00263216
mnist,fixed_phase,123,335,0.93211292,0.02956931,1.00611632
mnist,fixed_phase,123,336,0.94516304,0.00260129,0.97896491
mnist,fixed_phase,123,337,0.93398705,0.01193728,1.00654152
mnist,fixed_phase,123,338,0.92917901,0.01249766,1.02701271
mnist,fixed_phase,123,339,0.93506571,0.01242765,1.01067154
mnist,fixed_phase,123,340,0.94299207,0.01421103,1.00001544
mnist,fixed_phase,123,341,0.94029638,0.03919035,1.01902947
mnist,fixed_phase,123,342,0.92804008,0.02877497,1.01794801
mnist,fixed_phase,123,343,0.93760671,0.04654267,0.96823929
mnist,fixed_phase,123,344,0.93881467,0.0748752,0.98424085
mnist,fixed_phase,123,345,0.9358624,0.01242763,0.99073031
mnist,fixed_phase,123,346,0.92649677,0.02547976,1.013962
mnist,fixed_phase,123,347,0.9396342,0.08042828,0.96994797
mnist,fixed_phase,123,348,0.94670124,0.01479154,0.97518829
mnist,fixed_phase,123,349,0.93846965,0.03487312,1.00075001
mnist,fixed_phase,123,350,0.94761601,0.04826568,1.00778757
mnist,fixed_phase,123,351,0.93737029,0.02670971,0.99108557
mnist,fixed_phase,123,352,0.94035941,0.01049368,0.99886822
mnist,fixed_phase,123,353,0.93705941,0.11532695,1.00352816
mnist,fixed_phase,123,354,0.93508642,0.01538669,1.02869043
mnist,fixed_phase,123,355,0.93452605,0.01947674,1.00524927
mnist,fixed_phase,123,356,0.93246753,0.06071797,0.99626668
mnist,fixed_phase,123,357,0.94417713,0.00472795,1.00245007
mnist,fixed_phase,123,358,0.94017144,0.02922546,1.01619476
mnist,fixed_phase,123,359,0.94730792,0.07174786,1.02905192
mnist,fixed_phase,123,360,0.94348115,0.03456603,1.01575384
mnist,fixed_phase,123,361,0.9420585,0.01612199,0.99430561
mnist,fixed_phase,123,362,0.95238316,0.03650913,0.99267667
mnist,fixed_phase,123,363,0.94306244,0.01368038,1.00713686
mnist,fixed_phase,123,364,0.9450075,0.00517756,0.97885402
mnist,fixed_phase,123,365,0.94826673,0.12436597,0.97999768
mnist,fixed_phase,123,366,0.93199475,0.07147764,1.01029982
mnist,fixed_phase,123,367,0.93818704,0.00634741,1.0002154
mnist,fixed_phase,123,368,0.93516441,0.00997524,1.01839671
mnist,fixed_phase,123,369,0.94139904,0.06395538,1.01397583
mnist,fixed_phase,123,370,0.92967838,0.03266892,0.99190404
mnist,fixed_phase,123,371,0.93823112,0.07116946,0.99505204
mnist,fixed_phase,123,372,0.93860403,0.07857468,1.0123355
mnist,fixed_phase,123,373,0.93344477,0.03044955,0.97881768
mnist,fixed_phase,123,374,0.9345829,0.02979448,1.01901453
mnist,fixed_phase,123,375,0.93372119,0.01591894,1.0106751
mnist,fixed_phase,123,376,0.93424324,0.01618779,1.02102192
mnist,fixed_phase,123,377,0.94534268,0.0537754,0.97860793
mnist,fixed_phase,123,378,0.93963359,0.00089157,1.00816474
mnist,fixed_phase,123,379,0.94649151,0.02647711,0.9930118
mnist,fixed_phase,123,380,0.9402328,0.08009173,0.9879293
mnist,fixed_phase,123,381,0.92598833,0.01473329,0.98013708
mnist,fixed_phase,123,382,0.93575155,0.07821939,1.00268148
mnist,fixed_phase,123,383,0.93653417,0.00135719,0.99523985
mnist,fixed_phase,123,384,0.94575106,0.01386487,0.97977609
mnist,fixed_phase,123,385,0.94468473,0.03509806,1.02335228
mnist,fixed_phase,123,386,0.93342202,0.03230419,1.00584724
mnist,fixed_phase,123,387,0.94789002,0.01980082,1.01086603
mnist,fixed_phase,123,388,0.94663809,0.0103768,0.9967083
mnist,fixed_phase,123,389,0.93693915,0.06836257,1.00443635
mnist,fixed_phase,123,390,0.92007327,0.07642925,1.00304543
mnist,fixed_phase,123,391,0.93767698,0.09924251,0.9953859
mnist,fixed_phase,123,392,0.95194898,0.05288623,1.00751983
mnist,fixed_phase,123,393,0.93667065,0.04979074,1.00013716
mnist,fixed_phase,123,394,0.94785314,0.0368117,1.00415175
mnist,fixed_phase,123,395,0.94610531,0.02866205,0.98505133
mnist,fixed_phase,123,396,0.94241389,0.03768033,1.03475306
mnist,fixed_phase,123,397,0.93878848,0.05238875,0.96158242
mnist,fixed_phase,123,398,0.93885704,0.04646853,1.00156551
mnist,fixed_phase,123,399,0.93947541,0.05150119,0.97172476
mnist,fixed_phase,123,400,0.94088269,0.06749208,1.01130757
mnist,fixed_phase,123,401,0.93483488,0.01820317,0.97376139
mnist,fixed_phase,123,402,0.94622408,0.01601512,0.98521073
mnist,fixed_phase,123,403,0.93913157,0.07614871,0.97921181
mnist,fixed_phase,123,404,0.9478299,0.06517551,1.01353195
mnist,fixed_phase,123,405,0.93860469,0.00970387,1.01423201
mnist,fixed_phase,123,406,0.93095641,0.01007301,1.01982466
mnist,fixed_phase,123,407,0.93498411,0.01230727,0.98938187
mnist,fixed_phase,123,408,0.93812332,0.01272546,0.99763815
mnist,fixed_phase,123,409,0.94001582,0.03998152,0.99520216
mnist,fixed_phase,123,410,0.94129349,0.00196909,0.98847395
mnist,fixed_phase,123,411,0.93583034,0.00812075,0.99813691
mnist,fixed_phase,123,412,0.93970535,0.06919912,1.02572783
mnist,fixed_phase,123,413,0.93272054,0.08935567,1.00968194
mnist,fixed_phase,123,414,0.93963446,0.07188313,0.98914796
mnist,fixed_phase,123,415,0.94241959,0.01553289,1.0188441
mnist,fixed_phase,123,416,0.932761,0.06790236,0.98910147
mnist,fixed_phase,123,417,0.93933542,0.04546362,1.00975047
mnist,fixed_phase,123,418,0.9413977,0.08206889,0.99582301
mnist,fixed_phase,123,419,0.94130944,0.10753794,1.02328964
mnist,fixed_phase,123,420,0.93148239,0.0291248,0.99754522
mnist,fixed_phase,123,421,0.9492503,0.00954674,0.99869341
mnist,fixed_phase,123,422,0.94651961,0.07982684,1.012829
mnist,fixed_phase,123,423,0.9341614,0.0764372,0.98987875
mnist,fixed_phase,123,424,0.93903599,0.05702602,1.01258696
mnist,fixed_phase,123,425,0.93666302,0.03428698,1.03770455
mnist,fixed_phase,123,426,0.92034996,0.0769594,0.9692981
mnist,fixed_phase,123,427,0.94526135,0.00348847,0.99968968
mnist,fixed_phase,123,428,0.9502918,0.0133953,1.01144888
mnist,fixed_phase,123,429,0.9404854,0.00500497,0.97778939
mnist,fixed_phase,123,430,0.93291388,0.12521086,1.01456924
mnist,fixed_phase,123,431,0.93662359,0.02443702,0.98265294
mnist,fixed_phase,123,432,0.93698223,0.06391806,1.00708402
mnist,fixed_phase,123,433,0.93705783,0.01522258,0.9949438
mnist,fixed_phase,123,434,0.94777879,0.05267445,0.99884424
mnist,fixed_phase,123,435,0.93957247,0.06306101,0.99708108
mnist,fixed_phase,123,436,0.94828,0.02729677,0.99628303
mnist,fixed_phase,123,437,0.93346805,0.00900567,1.00233556
mnist,fixed_phase,123,438,0.94601255,0.01575107,0.97596666
mnist,fixed_phase,123,439,0.93915454,0.00874096,0.98563326
mnist,fixed_phase,123,440,0.93386854,0.05738745,0.9794909
mnist,fixed_phase,123,441,0.95154358,0.03563462,1.01868402
mnist,fixed_phase,123,442,0.93435236,0.0811065,0.99082144
mnist,fixed_phase,123,443,0.9387995,0.00215006,1.00235902
mnist,fixed_phase,123,444,0.94325591,0.03210264,1.03786525
mnist,fixed_phase,123,445,0.93737396,0.05400187,1.01657668
mnist,fixed_phase,123,446,0.93793681,0.11717129,0.99795767
mnist,fixed_phase,123,447,0.94800185,0.03014081,1.00577938
mnist,fixed_phase,123,448,0.93574361,0.03666673,0.98626783
mnist,fixed_phase,123,449,0.93162693,0.05137579,0.98678489
mnist,fixed_phase,123,450,0.9385167,0.14782706,1.00861126
mnist,fixed_phase,123,451,0.94022595,0.01030405,0.99597663
mnist,fixed_phase,123,452,0.93916085,0.02391732,0.99522324
mnist,fixed_phase,123,453,0.94118883,0.08919405,1.01235297
mnist,fixed_phase,123,454,0.93904672,0.02397085,1.00031207
mnist,fixed_phase,123,455,0.94442388,0.02065217,0.99489675
mnist,fixed_phase,123,456,0.94168932,0.02704116,0.9909695
mnist,fixed_phase,123,457,0.94199169,0.00046228,0.97339219
mnist,fixed_phase,123,458,0.93517547,0.04390033,1.00054221
mnist,fixed_phase,123,459,0.94207378,0.02417754,0.98262752
mnist,fixed_phase,123,460,0.92810226,0.02674222,0.99302105
mnist,fixed_phase,123,461,0.94386184,0.01194217,0.99502331
mnist,fixed_phase,123,462,0.94363197,0.03805248,0.96164707
mnist,fixed_phase,123,463,0.93745627,0.02937633,1.01210108
mnist,fixed_phase,123,464,0.93923549,0.0593355,0.98980084
mnist,fixed_phase,123,465,0.93545799,0.0438967,0.99848522
mnist,fixed_phase,123,466,0.94654628,0.00824978,1.03783577
mnist,fixed_phase,123,467,0.94991952,0.01531511,0.98787728
mnist,fixed_phase,123,468,0.9375635,0.03675068,1.01073363
mnist,fixed_phase,123,469,0.93748903,0.03253873,0.98604789
mnist,fixed_phase,123,470,0.93884739,0.06049583,1.00628714
mnist,fixed_phase,123,471,0.94703759,0.08128246,1.00479879
mnist,fixed_phase,123,472,0.94296442,0.03147318,0.98748089
mnist,fixed_phase,123,473,0.9411604,0.07445,1.01055185
mnist,fixed_phase,123,474,0.9465469,0.03677204,0.99526375
mnist,fixed_phase,123,475,0.92857928,0.00603652,0.9925373
mnist,fixed_phase,123,476,0.92681995,0.08079113,0.99574164
mnist,fixed_phase,123,477,0.93418054,0.03477806,0.97442542
mnist,fixed_phase,123,478,0.92758334,0.11237003,1.00891095
mnist,fixed_phase,123,479,0.93719816,0.04881148,0.98932785
mnist,fixed_phase,123,480,0.9270811,0.06985887,0.99051512
mnist,fixed_phase,123,481,0.9388882,0.06767861,0.98670843
mnist,fixed_phase,123,482,0.93245122,0.01339281,0.99986762
mnist,fixed_phase,123,483,0.94176236,0.02631027,0.98452862
mnist,fixed_phase,123,484,0.94203117,0.02161846,0.99618987
mnist,fixed_phase,123,485,0.94075602,0.00056382,0.97670064
mnist,fixed_phase,123,486,0.9458331,0.01039621,1.016866
mnist,fixed_phase,123,487,0.93397527,0.06178976,0.97861712
mnist,fixed_phase,123,488,0.94239877,0.03881712,0.97992445
mnist,fixed_phase,123,489,0.93519405,0.03440682,1.03214344
mnist,fixed_phase,123,490,0.94118944,0.05855257,1.03954982
mnist,fixed_phase,123,491,0.94720139,0.03089905,0.97711332
mnist,fixed_phase,123,492,0.92557037,0.00302706,1.00806741
mnist,fixed_phase,123,493,0.94355943,0.00181532,0.99480435
mnist,fixed_phase,123,494,0.93383832,0.08375626,0.98279406
mnist,fixed_phase,123,495,0.94409425,0.00977769,1.01187156
mnist,fixed_phase,123,496,0.93658898,0.04415256,0.97951368
mnist,fixed_phase,123,497,0.94056464,0.10231477,0.98282255
mnist,fixed_phase,123,498,0.94415592,0.06005755,0.9774098
mnist,fixed_phase,123,499,0.95178594,0.05754401,1.03592722
mnist,fixed_phase,123,500,0.93288679,0.02829094,0.97754111
mnist,fixed_phase,123,501,0.94980241,0.05766497,0.99013355
mnist,fixed_phase,123,502,0.94516113,0.03733071,1.00724789
mnist,fixed_phase,123,503,0.9338203,0.04070385,1.0271785
mnist,fixed_phase,123,504,0.93047752,0.06903734,1.00460949
mnist,fixed_phase,123,505,0.9407031,0.02416097,0.9967663
mnist,fixed_phase,123,506,0.9393059,0.08584434,0.98435068
mnist,fixed_phase,123,507,0.94539778,0.03574182,1.0195187
mnist,fixed_phase,123,508,0.93383232,0.00584638,1.00341182
mnist,fixed_phase,123,509,0.93728749,0.02820999,0.99741555
mnist,fixed_phase,123,510,0.94298055,0.0531614,1.01474366
mnist,fixed_phase,123,511,0.94688973,0.0123896,0.99515272
mnist,fixed_phase,123,512,0.93661227,0.00988087,1.00965561
mnist,fixed_phase,123,513,0.93772058,0.05789713,0.99563854
mnist,fixed_phase,123,514,0.9387391,0.01447592,1.00670178
mnist,fixed_phase,123,515,0.94127321,0.04804666,1.01579767
mnist,fixed_phase,123,516,0.9455614,0.01491117,1.01852179
mnist,fixed_phase,123,517,0.93933423,0.03338097,0.99681041
mnist,fixed_phase,123,518,0.93262088,0.01568485,1.01160343
mnist,fixed_phase,123,519,0.9416125,0.08236688,1.0074085
mnist,fixed_phase,123,520,0.93767381,0.02604176,1.00630268
mnist,fixed_phase,123,521,0.94066006,0.00546949,0.9867663
mnist,fixed_phase,123,522,0.93595094,0.04400126,0.97053427
mnist,fixed_phase,123,523,0.93217495,0.05104621,1.00674047
mnist,fixed_phase,123,524,0.93956318,0.02313669,1.00771235
mnist,fixed_phase,123,525,0.93866726,0.04701143,1.02204474
mnist,fixed_phase,123,526,0.94372929,0.01592285,0.9835099
mnist,fixed_phase,123,527,0.93888503,0.08403581,0.98335092
mnist,fixed_phase,123,528,0.93593648,0.00537585,0.99878522
mnist,fixed_phase,123,529,0.93617931,0.02716447,1.0017334
mnist,fixed_phase,123,530,0.93636529,0.07417366,0.9951851
mnist,fixed_phase,123,531,0.93835388,0.00907843,1.00072564
mnist,fixed_phase,123,532,0.93663475,0.00103168,1.01425934
mnist,fixed_phase,123,533,0.94131709,0.00919068,1.00043234
mnist,fixed_phase,123,534,0.94376948,0.0398338,1.00786272
mnist,fixed_phase,123,535,0.93067122,0.01164083,0.98559426
mnist,fixed_phase,123,536,0.94505052,0.04026149,0.99575693
mnist,fixed_phase,123,537,0.94731549,0.04048608,1.00425317
mnist,fixed_phase,123,538,0.94183255,0.00883827,0.98010562
mnist,fixed_phase,123,539,0.93062419,0.0828072,0.99780579
mnist,fixed_phase,123,540,0.94722114,0.00050355,0.9950457
mnist,fixed_phase,123,541,0.94527353,0.02800064,0.99988651
mnist,fixed_phase,123,542,0.93690567,0.03441618,0.99667747
mnist,fixed_phase,123,543,0.94166838,0.01255447,0.98880293
mnist,fixed_phase,123,544,0.93623984,0.00558122,0.99841
mnist,fixed_phase,123,545,0.92930862,0.02703471,0.9760524
mnist,fixed_phase,123,546,0.94278731,0.04416319,1.00187775
mnist,fixed_phase,123,547,0.94195262,0.0473763,0.99074804
mnist,fixed_phase,123,548,0.94562979,0.04371476,1.00790832
mnist,fixed_phase,123,549,0.93502651,0.0189048,0.98333881
mnist,fixed_phase,123,550,0.94008718,0.05916043,1.0035759
mnist,fixed_phase,123,551,0.9332637,0.03015435,0.9947043
mnist,fixed_phase,123,552,0.93337207,0.02564897,0.99725467
mnist,fixed_phase,123,553,0.93914299,0.01280928,1.00909693
mnist,fixed_phase,123,554,0.94020629,0.03913786,0.99937649
mnist,fixed_phase,123,555,0.94109272,0.13797276,1.01473494
mnist,fixed_phase,123,556,0.92580677,0.05913149,1.00359937
mnist,fixed_phase,123,557,0.92925287,0.03078709,0.98146892
mnist,fixed_phase,123,558,0.93211144,0.00071731,0.96775725
mnist,fixed_phase,123,559,0.94154532,0.11538272,1.00559967
mnist,fixed_phase,123,560,0.94510805,0.03295962,0.98943923
mnist,fixed_phase,123,561,0.94155624,0.02357984,0.97396124
mnist,fixed_phase,123,562,0.93131995,0.06215387,1.00019319
mnist,fixed_phase,123,563,0.9457316,0.1009583,1.00484178
mnist,fixed_phase,123,564,0.95215923,0.07458957,0.99141449
mnist,fixed_phase,123,565,0.9399869,0.02649263,0.99511346
mnist,fixed_phase,123,566,0.94639846,0.01760429,0.98269335
mnist,fixed_phase,123,567,0.93384519,0.01154364,0.99156034
mnist,fixed_phase,123,568,0.93634513,0.01847137,0.98581929
mnist,fixed_phase,123,569,0.94879717,0.13293901,1.00792628
mnist,fixed_phase,123,570,0.94641528,0.03311342,1.00330194
mnist,fixed_phase,123,571,0.94113623,0.07740599,0.9788224
mnist,fixed_phase,123,572,0.94408328,0.03089116,0.97403359
mnist,fixed_phase,123,573,0.94191414,0.04690085,0.98751864
mnist,fixed_phase,123,574,0.943145,0.05209524,1.01716786
mnist,fixed_phase,123,575,0.93966144,0.01962841,0.97852185
mnist,fixed_phase,123,576,0.94365999,0.05798606,1.01100501
mnist,fixed_phase,123,577,0.94270845,0.03933989,0.99847488
mnist,fixed_phase,123,578,0.93894611,0.03903999,0.98558099
mnist,fixed_phase,123,579,0.93854448,0.09480886,0.99289102
mnist,fixed_phase,123,580,0.93640992,0.08389716,0.99134142
mnist,fixed_phase,123,581,0.94544092,0.03253573,0.97599899
mnist,fixed_phase,123,582,0.94558041,0.00510801,0.99698186
mnist,fixed_phase,123,583,0.94707807,0.09722451,1.01356168
mnist,fixed_phase,123,584,0.9314705,0.11618255,0.98308276
mnist,fixed_phase,123,585,0.93714785,0.02061442,0.98498158
mnist,fixed_phase,123,586,0.93387165,0.01537896,0.98592103
mnist,fixed_phase,123,587,0.94185868,0.06219569,1.02544495
mnist,fixed_phase,123,588,0.95358297,0.00193092,0.99325385
mnist,fixed_phase,123,589,0.93786886,0.10385256,1.02677608
mnist,fixed_phase,123,590,0.94230567,0.01467046,0.97989738
mnist,fixed_phase,123,591,0.93940394,0.07836691,0.99592068
mnist,fixed_phase,123,592,0.94346838,0.04497252,1.02619581
mnist,fixed_phase,123,593,0.94595461,0.0069395,1.01839962
mnist,fixed_phase,123,594,0.9286902,0.03661959,0.97101093
mnist,fixed_phase,123,595,0.94427386,0.05368379,1.00770876
mnist,fixed_phase,123,596,0.95217112,0.01408005,1.00270889
mnist,fixed_phase,123,597,0.94037129,0.07463843,0.98517822
mnist,fixed_phase,123,598,0.94663099,0.0451968,1.01064053
mnist,fixed_phase,123,599,0.92259855,0.01994443,0.9996648
mnist,fixed_phase,123,600,0.94006375,0.00467014,0.98520782
mnist,fixed_phase,123,601,0.94317946,0.02483701,1.01620373
mnist,fixed_phase,123,602,0.93847004,0.02463263,0.98281867
mnist,fixed_phase,123,603,0.93788212,0.02197286,0.98346658
mnist,fixed_phase,123,604,0.94257419,0.01109197,0.9905817
mnist,fixed_phase,123,605,0.94424841,0.06299986,0.97654791
mnist,fixed_phase,123,606,0.94079733,0.01862585,1.007643
mnist,fixed_phase,123,607,0.94225105,0.09538251,1.01807442
mnist,fixed_phase,123,608,0.95287716,0.00756989,0.99415716
mnist,fixed_phase,123,609,0.93227298,0.01782283,1.00479517
mnist,fixed_phase,123,610,0.94203398,0.01183337,1.00837473
mnist,fixed_phase,123,611,0.93225996,0.02771086,1.01230988
mnist,fixed_phase,123,612,0.93624979,0.08344158,1.01258291
mnist,fixed_phase,123,613,0.94418091,0.07421244,0.99881999
mnist,fixed_phase,123,614,0.93959646,0.01190176,0.99237747
mnist,fixed_phase,123,615,0.9411701,0.06565515,1.02382046
mnist,fixed_phase,123,616,0.9407947,0.00797114,1.01619078
mnist,fixed_phase,123,617,0.93853875,0.02385704,1.00902881
mnist,fixed_phase,123,618,0.93292168,0.00899225,1.01992037
mnist,fixed_phase,123,619,0.93836793,0.02556688,0.96798963
mnist,fixed_phase,123,620,0.938992,0.06785851,1.00355237
mnist,fixed_phase,123,621,0.93192242,0.07674676,0.98679545
mnist,fixed_phase,123,622,0.94959979,0.03802698,0.99984578
mnist,fixed_phase,123,623,0.94835361,0.0477793,0.97755212
mnist,fixed_phase,123,624,0.93557522,0.10607095,0.98116372
mnist,fixed_phase,123,625,0.93981363,0.00227363,1.00453306
mnist,fixed_phase,123,626,0.93581882,0.05742084,0.98334202
mnist,fixed_phase,123,627,0.94605064,0.0094475,1.00097454
mnist,fixed_phase,123,628,0.94328496,0.04732121,0.99132036
mnist,fixed_phase,123,629,0.93207101,0.03802502,0.99523606
mnist,fixed_phase,123,630,0.9403786,0.03568962,0.98533232
mnist,fixed_phase,123,631,0.93930228,0.09194873,0.99204371
mnist,fixed_phase,123,632,0.947302,0.09811765,0.98784463
mnist,fixed_phase,123,633,0.94533195,0.0620747,1.02338652
mnist,fixed_phase,123,634,0.93463113,0.0149779,1.01429365
mnist,fixed_phase,123,635,0.93703172,0.09108728,0.99226044
mnist,fixed_phase,123,636,0.94211808,0.00274406,0.98634608
mnist,fixed_phase,123,637,0.94578382,0.07269195,1.02434579
mnist,fixed_phase,123,638,0.94712966,0.1347095,0.99443481
mnist,fixed_phase,123,639,0.93636257,0.01799536,1.01087358
mnist,fixed_phase,123,640,0.93420985,0.04924556,1.00119028
mnist,fixed_phase,123,641,0.93819816,0.00215853,0.98883406
mnist,fixed_phase,123,642,0.93551805,0.02804634,0.9900625
mnist,fixed_phase,123,643,0.92657168,0.03744008,0.98934849
mnist,fixed_phase,123,644,0.93976355,0.00236966,0.9811571
mnist,fixed_phase,123,645,0.93320181,0.03035267,1.01311607
mnist,fixed_phase,123,646,0.94310126,0.04601334,1.01253437
mnist,fixed_phase,123,647,0.95350395,0.09727096,0.9968396
mnist,fixed_phase,123,648,0.92520061,0.05182114,1.01680624
mnist,fixed_phase,123,649,0.94463502,0.06688373,0.99178928
mnist,fixed_phase,123,650,0.93702469,0.01625294,0.97972532
mnist,fixed_phase,123,651,0.93249179,0.02584884,1.00662082
mnist,fixed_phase,123,652,0.93435378,0.03195955,0.98834016
mnist,fixed_phase,123,653,0.94418859,0.07167054,1.00715755
mnist,fixed_phase,123,654,0.94133262,0.04675085,1.00094659
mnist,fixed_phase,123,655,0.93593853,0.0095018,0.97578625
mnist,fixed_phase,123,656,0.94509763,0.00609932,1.00720448
mnist,fixed_phase,123,657,0.93371205,0.02464138,0.99911826
mnist,fixed_phase,123,658,0.9428545,0.01476214,0.97484029
mnist,fixed_phase,123,659,0.94761286,0.03792417,1.00849705
mnist,fixed_phase,123,660,0.93011335,0.02493181,0.98083203
mnist,fixed_phase,123,661,0.93614283,0.02290031,0.99405847
mnist,fixed_phase,123,662,0.93602463,0.01456321,1.00342419
mnist,fixed_phase,123,663,0.93936214,0.08745212,0.95648681
mnist,fixed_phase,123,664,0.93863265,0.00762632,0.9791493
mnist,fixed_phase,123,665,0.93320156,0.02631427,1.00701974
mnist,fixed_phase,123,666,0.94433736,0.03503427,0.99839474
mnist,fixed_phase,123,667,0.93663182,0.0078478,0.99860836
mnist,fixed_phase,123,668,0.93698232,0.00234911,0.98742156
mnist,fixed_phase,123,669,0.94532635,0.07558019,0.97378566
mnist,fixed_phase,123,670,0.94471793,0.03467618,1.00807715
mnist,fixed_phase,123,671,0.94593636,0.03854327,0.98126358
mnist,fixed_phase,123,672,0.94071546,0.02521761,1.00750863
mnist,fixed_phase,123,673,0.93439501,0.02565041,0.96070269
mnist,fixed_phase,123,674,0.94406162,0.06237923,0.98218989
mnist,fixed_phase,123,675,0.92696524,0.07474418,1.00089628
mnist,fixed_phase,123,676,0.94562295,0.01945451,0.99261267
mnist,fixed_phase,123,677,0.93970747,0.02851449,0.97758589
mnist,fixed_phase,123,678,0.93250874,0.04993266,1.00380318
mnist,fixed_phase,123,679,0.94742988,0.05141577,1.00983517
mnist,fixed_phase,123,680,0.93025132,0.05337004,0.98445518
mnist,fixed_phase,123,681,0.93788972,0.05395009,1.03204522
mnist,fixed_phase,123,682,0.94139705,0.02455393,1.00230314
mnist,fixed_phase,123,683,0.94587312,0.04939746,0.99232361
mnist,fixed_phase,123,684,0.942939,0.04830024,1.01445045
mnist,fixed_phase,123,685,0.9456086,0.02334071,0.99157341
mnist,fixed_phase,123,686,0.93166021,0.02312152,1.00292615
mnist,fixed_phase,123,687,0.93807486,0.02847391,0.99879907
mnist,fixed_phase,123,688,0.93577852,0.04155573,0.98415358
mnist,fixed_phase,123,689,0.94778029,0.06268882,1.00480636
mnist,fixed_phase,123,690,0.94017967,0.03214719,1.00528311
mnist,fixed_phase,123,691,0.93490692,0.03162644,0.98927811
mnist,fixed_phase,123,692,0.9462765,0.01475581,1.01517853
mnist,fixed_phase,123,693,0.9452816,0.06342193,1.00014857
mnist,fixed_phase,123,694,0.94172613,0.05534448,0.99497851
mnist,fixed_phase,123,695,0.9390532,0.07028309,1.00685497
mnist,fixed_phase,123,696,0.94411289,0.07171063,0.99857037
mnist,fixed_phase,123,697,0.95002075,0.008063,1.00044631
mnist,fixed_phase,123,698,0.94330171,0.03405316,1.01624118
mnist,fixed_phase,123,699,0.94659019,0.05984249,1.00152105
mnist,fixed_phase,123,700,0.94109742,0.03335172,1.00828379
mnist,fixed_phase,123,701,0.9474138,0.0218188,0.9973835
mnist,fixed_phase,123,702,0.94660592,0.00231716,1.01924319
mnist,fixed_phase,123,703,0.94551513,0.03973937,1.02714199
mnist,fixed_phase,123,704,0.93826869,0.04369828,1.01652175
mnist,fixed_phase,123,705,0.95020454,0.00152721,1.0180059
mnist,fixed_phase,123,706,0.94510499,0.029707,1.00026503
mnist,fixed_phase,123,707,0.93967799,0.07037936,0.99665999
mnist,fixed_phase,123,708,0.94409916,0.06239044,0.98622051
mnist,fixed_phase,123,709,0.94934327,0.04150575,1.01850322
mnist,fixed_phase,123,710,0.94553951,0.00181161,0.96989208
mnist,fixed_phase,123,711,0.94174668,0.00552023,0.98011286
mnist,fixed_phase,123,712,0.93955815,0.01396512,0.98424432
mnist,fixed_phase,123,713,0.93304072,0.01098564,1.01918661
mnist,fixed_phase,123,714,0.94310763,0.03363232,0.99812663
mnist,fixed_phase,123,715,0.9545777,0.00158751,1.01324404
mnist,fixed_phase,123,716,0.94475399,0.05603182,1.01518565
mnist,fixed_phase,123,717,0.9432358,0.14778669,1.00463303
mnist,fixed_phase,123,718,0.93407454,0.03418395,0.9882493
mnist,fixed_phase,123,719,0.94708602,0.01477183,1.00749416
mnist,fixed_phase,123,720,0.95053681,0.01777535,1.00076357
mnist,fixed_phase,123,721,0.93926531,0.0460789,0.98167136
mnist,fixed_phase,123,722,0.93690415,0.03313423,0.98792526
mnist,fixed_phase,123,723,0.94087607,0.02529676,0.99553657
mnist,fixed_phase,123,724,0.93965451,0.04899769,0.99611389
mnist,fixed_phase,123,725,0.93606076,0.00455862,1.01392386
mnist,fixed_phase,123,726,0.94094684,0.00483329,0.97850329
mnist,fixed_phase,123,727,0.93151564,0.04464779,0.98551168
mnist,fixed_phase,123,728,0.93859979,0.04614083,1.0062999
mnist,fixed_phase,123,729,0.93637852,0.00620866,0.98490622
mnist,fixed_phase,123,730,0.93541933,0.08358116,1.00642196
mnist,fixed_phase,123,731,0.93136649,0.01538652,1.02051937
mnist,fixed_phase,123,732,0.93548265,0.00430992,0.99061762
mnist,fixed_phase,123,733,0.93972684,0.0653447,0.99566686
mnist,fixed_phase,123,734,0.93433655,0.01654538,1.00382899
mnist,fixed_phase,123,735,0.93550285,0.03209492,0.98289722
mnist,fixed_phase,123,736,0.94473153,0.04430396,1.01452747
mnist,fixed_phase,123,737,0.94787839,0.00627142,0.99208537
mnist,fixed_phase,123,738,0.94314095,0.0717061,0.99853691
mnist,fixed_phase,123,739,0.9447928,0.02720461,0.98798213
mnist,fixed_phase,123,740,0.93827105,0.03435662,0.99512729
mnist,fixed_phase,123,741,0.93534344,0.05604882,0.96489415
mnist,fixed_phase,123,742,0.94033123,0.06605157,1.00679703
mnist,fixed_phase,123,743,0.93520037,0.0792277,0.99522631
mnist,fixed_phase,123,744,0.93854279,0.00338179,0.98517302
mnist,fixed_phase,123,745,0.93203088,0.03139547,1.01594479
mnist,fixed_phase,123,746,0.93219112,0.0004406,1.02561763
mnist,fixed_phase,123,747,0.94572741,0.06511528,1.01039435
mnist,fixed_phase,123,748,0.94901584,0.04940642,1.00405819
mnist,fixed_phase,123,749,0.93488945,0.05106397,1.01039665
mnist,fixed_phase,123,750,0.92921635,0.01152836,1.0015466
mnist,fixed_phase,123,751,0.93855446,0.06571134,0.99491758
mnist,fixed_phase,123,752,0.94188596,0.04166505,1.00815947
mnist,fixed_phase,123,753,0.94045959,0.01358122,1.00279453
mnist,fixed_phase,123,754,0.93424536,0.11797176,1.00740505
mnist,fixed_phase,123,755,0.93836046,0.09756992,0.99892434
mnist,fixed_phase,123,756,0.93772911,0.05756461,0.98859715
mnist,fixed_phase,123,757,0.94710538,0.11234521,0.99543945
mnist,fixed_phase,123,758,0.93566449,0.02007397,1.00893206
mnist,fixed_phase,123,759,0.93794467,0.05765368,1.01668542
mnist,fixed_phase,123,760,0.93673644,0.0889818,1.04197859
mnist,fixed_phase,123,761,0.94296111,0.0822497,1.00118114
mnist,fixed_phase,123,762,0.95217682,0.02449368,0.99211305
mnist,fixed_phase,123,763,0.9405293,0.06325531,0.99466243
mnist,fixed_phase,123,764,0.93576804,0.00299875,0.99772566
mnist,fixed_phase,123,765,0.9419655,0.02356423,0.97779865
mnist,fixed_phase,123,766,0.94231473,0.02134556,0.99506964
mnist,fixed_phase,123,767,0.93574011,0.01756574,1.01073873
mnist,fixed_phase,123,768,0.93836152,0.01552389,0.97865918
mnist,fixed_phase,123,769,0.93980349,0.02270845,0.98397284
mnist,fixed_phase,123,770,0.94430039,0.02196033,1.00363407
mnist,fixed_phase,123,771,0.93958844,0.07395216,0.9817996
mnist,fixed_phase,123,772,0.94833967,0.00922231,0.98460757
mnist,fixed_phase,123,773,0.93551217,0.08179388,1.00765971
mnist,fixed_phase,123,774,0.94212513,0.00371304,1.00831411
mnist,fixed_phase,123,775,0.93783509,0.00976704,1.01070889
mnist,fixed_phase,123,776,0.9322977,0.01157935,0.9792772
mnist,fixed_phase,123,777,0.94267746,0.01418101,1.01993731
mnist,fixed_phase,123,778,0.93633403,0.06912407,0.98992547
mnist,fixed_phase,123,779,0.94098192,0.06439992,1.00491584
mnist,fixed_phase,123,780,0.92975766,0.02355559,0.984328
mnist,fixed_phase,123,781,0.95720356,0.04638944,1.01455646
mnist,fixed_phase,123,782,0.93196842,0.03609329,0.9917141
mnist,fixed_phase,123,783,0.93383854,0.00619446,1.0125936
mnist,fixed_phase,123,784,0.93501302,0.1049187,0.99972098
mnist,fixed_phase,123,785,0.94386787,0.00311356,1.01403706
mnist,fixed_phase,123,786,0.93219307,0.0788208,0.97514994
mnist,fixed_phase,123,787,0.93116122,0.03167018,1.01468672
mnist,fixed_phase,123,788,0.94776449,0.00647306,0.98831801
mnist,fixed_phase,123,789,0.93757276,0.08675336,0.99722022
mnist,fixed_phase,123,790,0.94098402,0.04380615,1.01424754
mnist,fixed_phase,123,791,0.94273932,0.00555337,0.97965932
mnist,fixed_phase,123,792,0.93716102,0.00876616,1.01566133
mnist,fixed_phase,123,793,0.94191368,0.04706773,1.0004237
mnist,fixed_phase,123,794,0.93754534,0.04401453,1.01972646
mnist,fixed_phase,123,795,0.93894067,0.04476058,0.99735197
mnist,fixed_phase,123,796,0.93378129,0.01733304,0.99028608
mnist,fixed_phase,123,797,0.93418198,0.04126936,0.99544838
mnist,fixed_phase,123,798,0.92927487,0.08158766,0.98944982
mnist,fixed_phase,123,799,0.94204652,0.02753149,1.00462818
mnist,fixed_phase,123,800,0.93966865,0.04835524,0.98898939
mnist,fixed_phase,123,801,0.94077129,0.01800012,0.99811729
mnist,fixed_phase,123,802,0.93593281,0.00859248,0.99761674
mnist,fixed_phase,123,803,0.9349077,0.05864149,1.0041985
mnist,fixed_phase,123,804,0.93948621,0.03077112,1.02764095
mnist,fixed_phase,123,805,0.9334345,0.01734706,1.00527231
mnist,fixed_phase,123,806,0.93662159,0.02706245,0.99613158
mnist,fixed_phase,123,807,0.93272541,0.01740727,0.99498846
mnist,fixed_phase,123,808,0.94247689,0.09496834,1.01160644
mnist,fixed_phase,123,809,0.94420084,0.01559138,1.0012802
mnist,fixed_phase,123,810,0.9542925,0.01696806,1.00308114
mnist,fixed_phase,123,811,0.93465508,0.02856025,1.00102698
mnist,fixed_phase,123,812,0.93474405,0.00542095,1.01479205
mnist,fixed_phase,123,813,0.94108257,0.07577278,0.99007887
mnist,fixed_phase,123,814,0.94328659,0.08858973,0.97851425
mnist,fixed_phase,123,815,0.93338028,0.01914259,1.0134372
mnist,fixed_phase,123,816,0.94566172,0.00405772,0.97746833
mnist,fixed_phase,123,817,0.93444902,0.04726782,1.01509279
mnist,fixed_phase,123,818,0.93080164,0.10433992,0.99600156
mnist,fixed_phase,123,819,0.9415926,0.01454085,0.98199296
mnist,fixed_phase,123,820,0.94602389,0.06501179,1.00770739
mnist,fixed_phase,123,821,0.93950466,0.02306943,1.01222381
mnist,fixed_phase,123,822,0.93866296,0.01084934,0.9872386
mnist,fixed_phase,123,823,0.93644764,0.01112595,0.98803628
mnist,fixed_phase,123,824,0.93592273,0.00955846,1.00535152
mnist,fixed_phase,123,825,0.94476188,0.06966655,0.99874859
mnist,fixed_phase,123,826,0.9438542,0.00382802,1.02475072
mnist,fixed_phase,123,827,0.93936399,0.03725976,1.01966131
mnist,fixed_phase,123,828,0.9475108,0.0256181,0.98631645
mnist,fixed_phase,123,829,0.95246768,0.0005956,1.03404058
mnist,fixed_phase,123,830,0.93488854,0.08318977,0.98634388
mnist,fixed_phase,123,831,0.92926099,0.08888997,1.00783318
mnist,fixed_phase,123,832,0.94032921,0.01001596,0.99254267
mnist,fixed_phase,123,833,0.94213088,0.10538356,0.97777979
mnist,fixed_phase,123,834,0.9378183,0.00517448,0.98948264
mnist,fixed_phase,123,835,0.94522137,0.02846661,1.01344115
mnist,fixed_phase,123,836,0.94678091,0.08731145,0.98226535
mnist,fixed_phase,123,837,0.94266647,0.04168645,0.99815709
mnist,fixed_phase,123,838,0.9432509,0.0461881,0.99500621
mnist,fixed_phase,123,839,0.94338688,0.03801117,0.98081234
mnist,fixed_phase,123,840,0.94182684,0.00521728,1.0135927
mnist,fixed_phase,123,841,0.93867379,0.01267935,1.01091863
mnist,fixed_phase,123,842,0.93270068,0.03515472,0.98559287
mnist,fixed_phase,123,843,0.92945728,0.0574834,1.00655364
mnist,fixed_phase,123,844,0.94035752,0.06885224,1.00652189
mnist,fixed_phase,123,845,0.94822286,0.07826708,1.02457285
mnist,fixed_phase,123,846,0.94333766,0.13266644,0.99043721
mnist,fixed_phase,123,847,0.93239625,0.10626839,0.97613805
mnist,fixed_phase,123,848,0.93174545,0.01820303,0.99371705
mnist,fixed_phase,123,849,0.94357493,0.06143574,0.98708932
mnist,fixed_phase,123,850,0.94125439,0.01436469,1.00107511
mnist,fixed_phase,123,851,0.93438308,0.03188253,0.99042925
mnist,fixed_phase,123,852,0.94666551,0.06085891,1.0054615
mnist,fixed_phase,123,853,0.93267967,0.04992368,0.96888082
mnist,fixed_phase,123,854,0.94838649,0.04351762,1.0266948
mnist,fixed_phase,123,855,0.94610147,0.09330362,0.99350498
mnist,fixed_phase,123,856,0.94516958,0.02608003,0.98070197
mnist,fixed_phase,123,857,0.93607229,0.04650513,0.98113891
mnist,fixed_phase,123,858,0.93841255,0.03066012,1.00567875
mnist,fixed_phase,123,859,0.92908625,0.06702009,0.97605801
mnist,fixed_phase,123,860,0.94429005,0.04090797,0.99898339
mnist,fixed_phase,123,861,0.93896759,0.04746324,1.00019415
mnist,fixed_phase,123,862,0.93991627,0.00748378,0.98849839
mnist,fixed_phase,123,863,0.93516615,0.06029634,0.98888767
mnist,fixed_phase,123,864,0.9436993,0.11192726,1.0226473
mnist,fixed_phase,123,865,0.92954859,0.05817989,0.98638332
mnist,fixed_phase,123,866,0.94475539,0.07010096,0.98983733
mnist,fixed_phase,123,867,0.93939948,0.01505442,0.987929
mnist,fixed_phase,123,868,0.93921622,0.01913169,1.00080976
mnist,fixed_phase,123,869,0.94006128,0.01081112,0.99457533
mnist,fixed_phase,123,870,0.92906899,0.05494062,0.99779777
mnist,fixed_phase,123,871,0.94101123,0.01064131,1.01718054
mnist,fixed_phase,123,872,0.94160635,0.05025327,0.97499662
mnist,fixed_phase,123,873,0.93220728,0.01100769,0.99284306
mnist,fixed_phase,123,874,0.92927236,0.0478627,0.98468016
mnist,fixed_phase,123,875,0.9414921,0.00913334,1.00462516
mnist,fixed_phase,123,876,0.94081718,0.04415749,0.9827343
mnist,fixed_phase,123,877,0.94402741,0.04287301,0.99297021
mnist,fixed_phase,123,878,0.94404329,0.07081307,1.00200768
mnist,fixed_phase,123,879,0.93688843,0.07334154,0.99155154
mnist,fixed_phase,123,880,0.94557746,0.02684818,1.00549536
mnist,fixed_phase,123,881,0.94049932,0.00711184,1.00978728
mnist,fixed_phase,123,882,0.93569744,0.04410853,1.0009928
mnist,fixed_phase,123,883,0.94134693,0.03814071,1.00909701
mnist,fixed_phase,123,884,0.93814162,0.02258371,0.97324561
mnist,fixed_phase,123,885,0.94997972,0.03545933,1.00791737
mnist,fixed_phase,123,886,0.94405999,0.00448198,0.99310612
mnist,fixed_phase,123,887,0.94515796,0.06498396,0.99417669
mnist,fixed_phase,123,888,0.94070184,0.05669446,0.99781609
mnist,fixed_phase,123,889,0.92162804,0.0017086,0.98068446
mnist,fixed_phase,123,890,0.9423345,0.05564067,1.00208527
mnist,fixed_phase,123,891,0.94343901,0.02738248,1.02155218
mnist,fixed_phase,123,892,0.9330017,0.03394834,1.00694143
mnist,fixed_phase,123,893,0.93728326,0.0106765,0.98654621
mnist,fixed_phase,123,894,0.94923592,0.01709305,0.98205196
mnist,fixed_phase,123,895,0.92953396,0.03984598,0.97148581
mnist,fixed_phase,123,896,0.94020771,0.02019779,1.00993284
mnist,fixed_phase,123,897,0.94727268,0.02249729,0.99235171
mnist,fixed_phase,123,898,0.93570166,0.01619082,0.99338188
mnist,fixed_phase,123,899,0.93483056,0.06006078,1.00213677
mnist,fixed_phase,123,900,0.94229309,0.02467828,0.99774071
mnist,fixed_phase,123,901,0.94066511,0.03000361,0.98876663
mnist,fixed_phase,123,902,0.93541395,0.05654441,0.9897322
mnist,fixed_phase,123,903,0.94210719,0.06205426,1.02667869
mnist,fixed_phase,123,904,0.93912179,0.00482344,1.00820389
mnist,fixed_phase,123,905,0.93736032,0.02947845,1.01139981
mnist,fixed_phase,123,906,0.95224492,0.05145312,1.02218179
mnist,fixed_phase,123,907,0.93270209,0.05476546,1.00140178
mnist,fixed_phase,123,908,0.9408826,0.08506652,0.97741419
mnist,fixed_phase,123,909,0.94089437,0.0662741,1.00971573
mnist,fixed_phase,123,910,0.94464476,0.03835188,0.99871508
mnist,fixed_phase,123,911,0.9352947,0.04556634,0.99173081
mnist,fixed_phase,123,912,0.94145777,0.00254286,1.00161515
mnist,fixed_phase,123,913,0.93583111,0.02996759,1.00649493
mnist,fixed_phase,123,914,0.93025227,0.01529908,0.99883762
mnist,fixed_phase,123,915,0.93172456,0.06772253,1.03440469
mnist,fixed_phase,123,916,0.95910358,0.02040651,1.01049177
mnist,fixed_phase,123,917,0.92705634,0.04611812,0.99175458
mnist,fixed_phase,123,918,0.93648458,0.04482375,1.00639166
mnist,fixed_phase,123,919,0.93008896,0.01645115,1.00512179
mnist,fixed_phase,123,920,0.94529116,0.0803355,1.0299867
mnist,fixed_phase,123,921,0.95246436,0.00435128,1.00611272
mnist,fixed_phase,123,922,0.93837164,0.00069504,1.01708047
mnist,fixed_phase,123,923,0.93985548,0.03625831,1.00227596
mnist,fixed_phase,123,924,0.94012039,0.02053195,0.98654456
mnist,fixed_phase,123,925,0.94774103,0.01248965,1.01817369
mnist,fixed_phase,123,926,0.94621816,0.04577857,1.01265927
mnist,fixed_phase,123,927,0.92910323,0.03282181,1.02715577
mnist,fixed_phase,123,928,0.93346864,0.16216317,0.99836902
mnist,fixed_phase,123,929,0.93614817,0.06498185,1.01331466
mnist,fixed_phase,123,930,0.94157303,0.07186945,0.9971329
mnist,fixed_phase,123,931,0.93707809,0.00945725,1.00659458
mnist,fixed_phase,123,932,0.93480206,0.02407277,1.00445508
mnist,fixed_phase,123,933,0.93487369,0.14276502,0.9639205
mnist,fixed_phase,123,934,0.93904376,0.01751253,0.98196953
mnist,fixed_phase,123,935,0.94221407,0.00096692,0.99874886
mnist,fixed_phase,123,936,0.93402304,0.0296915,1.0140884
mnist,fixed_phase,123,937,0.941224,0.0231164,0.99880509
mnist,fixed_phase,123,938,0.94509474,0.00430565,1.01204613
mnist,fixed_phase,123,939,0.93569298,0.01636184,0.99944751
mnist,fixed_phase,123,940,0.93687243,0.03705713,1.0217861
mnist,fixed_phase,123,941,0.92887462,0.03142083,1.02626235
mnist,fixed_phase,123,942,0.93991759,0.05416267,1.00402367
mnist,fixed_phase,123,943,0.94466756,0.06515218,1.02504427
mnist,fixed_phase,123,944,0.9405253,0.03541038,0.98054869
mnist,fixed_phase,123,945,0.94679079,0.08743446,0.98025505
mnist,fixed_phase,123,946,0.93628268,0.01718354,1.00600841
mnist,fixed_phase,123,947,0.93565779,0.06995405,1.00291944
mnist,fixed_phase,123,948,0.93579193,0.03582453,0.99934829
mnist,fixed_phase,123,949,0.94457869,0.00854684,1.00325766
mnist,fixed_phase,123,950,0.93650514,0.02495774,0.96075179
mnist,fixed_phase,123,951,0.93992852,0.04122442,0.97568713
mnist,fixed_phase,123,952,0.94178013,0.00872064,1.00100128
mnist,fixed_phase,123,953,0.94001309,0.0734873,0.97097837
mnist,fixed_phase,123,954,0.94415797,0.04786994,1.01066284
mnist,fixed_phase,123,955,0.93644997,0.0367805,1.00019168
mnist,fixed_phase,123,956,0.94504379,0.02270586,0.99349214
mnist,fixed_phase,123,957,0.9366535,0.05702023,1.00896617
mnist,fixed_phase,123,958,0.93805484,0.07877339,1.00603425
mnist,fixed_phase,123,959,0.94185612,0.0492009,0.99762456
mnist,fixed_phase,123,960,0.93695464,0.06542473,0.99562686
mnist,fixed_phase,123,961,0.93071372,0.00541431,0.97815187
mnist,fixed_phase,123,962,0.94281136,0.06074499,0.98465053
mnist,fixed_phase,123,963,0.94128595,0.05431351,1.00193184
mnist,fixed_phase,123,964,0.94396934,0.00770556,0.99948041
mnist,fixed_phase,123,965,0.93215603,0.02760709,0.99825815
mnist,fixed_phase,123,966,0.93166039,0.01521164,0.98736934
mnist,fixed_phase,123,967,0.94525103,0.03547883,1.00920226
mnist,fixed_phase,123,968,0.9390653,0.00652264,0.99124916
mnist,fixed_phase,123,969,0.94248544,0.01143549,1.00221477
mnist,fixed_phase,123,970,0.93351883,0.03642882,1.00903985
mnist,fixed_phase,123,971,0.93452406,0.01009838,1.01552879
mnist,fixed_phase,123,972,0.94263899,0.03852144,1.00084732
mnist,fixed_phase,123,973,0.94110016,0.02363327,0.98439102
mnist,fixed_phase,123,974,0.94637608,0.0466058,0.96687837
mnist,fixed_phase,123,975,0.94232523,0.03056542,1.01785407
mnist,fixed_phase,123,976,0.93062201,0.04417896,0.99752927
mnist,fixed_phase,123,977,0.94326206,0.10891864,1.02203003
mnist,fixed_phase,123,978,0.93887403,0.00288276,1.00879632
mnist,fixed_phase,123,979,0.94315541,0.01447882,1.00147712
mnist,fixed_phase,123,980,0.942335,0.05456325,0.98134704
mnist,fixed_phase,123,981,0.93959238,0.00712396,0.9995588
mnist,fixed_phase,123,982,0.94190176,0.0704112,1.01364342
mnist,fixed_phase,123,983,0.93693684,0.04296054,0.9987222
mnist,fixed_phase,123,984,0.9359343,0.00847183,1.02480812
mnist,fixed_phase,123,985,0.94125941,0.05689584,1.00264126
mnist,fixed_phase,123,986,0.94512581,0.08383737,1.02094516
mnist,fixed_phase,123,987,0.94694421,0.05705778,1.02564953
mnist,fixed_phase,123,988,0.94400855,0.03413552,1.02330596
mnist,fixed_phase,123,989,0.9263544,0.14897118,0.97522437
mnist,fixed_phase,123,990,0.93430333,0.13543745,1.01834578
mnist,fixed_phase,123,991,0.93581744,0.0363264,1.0005666
mnist,fixed_phase,123,992,0.93804701,0.01290569,1.0095474
mnist,fixed_phase,123,993,0.94842023,0.07391445,0.99396145
mnist,fixed_phase,123,994,0.92980979,0.03066633,1.01550046
mnist,fixed_phase,123,995,0.94434294,0.01689968,0.99320929
mnist,fixed_phase,123,996,0.9402738,0.05220454,1.00886348
mnist,fixed_phase,123,997,0.93907831,0.0350869,1.00530568
mnist,fixed_phase,123,998,0.94440428,0.07125282,1.01521468
mnist,fixed_phase,123,999,0.93591929,0.02225949,1.01226291
mnist,fixed_phase,256,0,0.93543305,0.05833132,1.02824965
mnist,fixed_phase,256,1,0.94538067,0.07062167,0.96963227
mnist,fixed_phase,256,2,0.93777467,0.03389655,0.9985401
mnist,fixed_phase,256,3,0.93832936,0.10549371,0.94874379
mnist,fixed_phase,256,4,0.94204417,0.04715144,0.99586299
mnist,fixed_phase,256,5,0.9313128,0.01007163,0.99275629
mnist,fixed_phase,256,6,0.94064892,0.05201847,1.01997589
mnist,fixed_phase,256,7,0.9330603,0.0010536,1.00249533
mnist,fixed_phase,256,8,0.94478111,0.05958449,1.01644534
mnist,fixed_phase,256,9,0.94586686,0.00776454,1.00950533
mnist,fixed_phase,256,10,0.9412124,0.02633253,1.01801872
mnist,fixed_phase,256,11,0.9418565,0.0450181,0.99774715
mnist,fixed_phase,256,12,0.93805358,0.05351279,0.98755008
mnist,fixed_phase,256,13,0.94843537,0.02155522,0.99568901
mnist,fixed_phase,256,14,0.94345367,0.04011758,0.98356917
mnist,fixed_phase,256,15,0.93667638,0.03254802,1.01705619
mnist,fixed_phase,256,16,0.93938993,0.10319203,0.98690264
mnist,fixed_phase,256,17,0.93191223,0.10087069,0.99509807
mnist,fixed_phase,256,18,0.94058107,0.02785487,1.01427367
mnist,fixed_phase,256,19,0.94363226,0.09155946,0.99185855
mnist,fixed_phase,256,20,0.93330867,0.00423515,0.98053744
mnist,fixed_phase,256,21,0.93756042,0.01024383,1.0056729
mnist,fixed_phase,256,22,0.93300582,0.07519452,1.00048631
mnist,fixed_phase,256,23,0.93752627,0.00226712,1.00845418
mnist,fixed_phase,256,24,0.9396025,0.0313728,1.01110863
mnist,fixed_phase,256,25,0.94305268,0.0502675,1.00430077
mnist,fixed_phase,256,26,0.93431295,0.04423682,0.99282322
mnist,fixed_phase,256,27,0.93536268,0.05547062,1.00668183
mnist,fixed_phase,256,28,0.93623552,0.16976449,1.0191513
mnist,fixed_phase,256,29,0.94104474,0.10766058,1.02295002
mnist,fixed_phase,256,30,0.94022626,0.01433689,1.01542817
mnist,fixed_phase,256,31,0.94415827,0.07950333,0.98892284
mnist,fixed_phase,256,32,0.94215032,0.0394118,0.99293008
mnist,fixed_phase,256,33,0.95286404,0.03086937,1.00257938
mnist,fixed_phase,256,34,0.9371721,0.01464543,1.0144716
mnist,fixed_phase,256,35,0.9398905,0.00749265,1.0260292
mnist,fixed_phase,256,36,0.94997767,0.04698145,1.00456641
mnist,fixed_phase,256,37,0.93700102,0.04134599,0.98854502
mnist,fixed_phase,256,38,0.94356667,0.03911325,1.01456525
mnist,fixed_phase,256,39,0.94471216,0.00901502,1.01001267
mnist,fixed_phase,256,40,0.93752121,0.03222807,1.01405177
mnist,fixed_phase,256,41,0.9290232,0.08022235,0.99358896
mnist,fixed_phase,256,42,0.94447673,0.09779007,1.00329349
mnist,fixed_phase,256,43,0.93736791,0.12535781,1.00753678
mnist,fixed_phase,256,44,0.92760657,0.01868505,0.96681587
mnist,fixed_phase,256,45,0.9443331,0.00810586,0.99973329
mnist,fixed_phase,256,46,0.93947594,0.02444129,1.00314336
mnist,fixed_phase,256,47,0.94331094,0.01107344,0.99089413
mnist,fixed_phase,256,48,0.93909698,0.07616268,1.00893199
mnist,fixed_phase,256,49,0.93914919,0.04630537,0.99398589
mnist,fixed_phase,256,50,0.93683102,0.04313448,1.0352612
mnist,fixed_phase,256,51,0.93629046,0.05854024,0.97858103
mnist,fixed_phase,256,52,0.94081465,0.02010722,1.00088352
mnist,fixed_phase,256,53,0.94151226,0.02938272,0.98649695
mnist,fixed_phase,256,54,0.93805627,0.01851759,1.01812321
mnist,fixed_phase,256,55,0.93693163,0.05305241,1.0452345
mnist,fixed_phase,256,56,0.94499619,0.04682619,1.0039297
mnist,fixed_phase,256,57,0.92868347,0.00873327,1.00746118
mnist,fixed_phase,256,58,0.92998787,0.09152995,0.99272718
mnist,fixed_phase,256,59,0.93432856,0.05176176,1.01578408
mnist,fixed_phase,256,60,0.9401818,0.0822235,0.99751365
mnist,fixed_phase,256,61,0.92834484,0.02978952,1.02295843
mnist,fixed_phase,256,62,0.9365079,0.07306888,0.94256374
mnist,fixed_phase,256,63,0.93656552,0.1181303,1.00566362
mnist,fixed_phase,256,64,0.93697369,0.06189332,1.00015198
mnist,fixed_phase,256,65,0.93790016,0.02449804,0.99533104
mnist,fixed_phase,256,66,0.94174546,0.03751127,1.02574062
mnist,fixed_phase,256,67,0.94800062,0.05491294,0.99130264
mnist,fixed_phase,256,68,0.929468,0.03259127,0.97922682
mnist,fixed_phase,256,69,0.93860708,0.0290161,0.99295538
mnist,fixed_phase,256,70,0.94016537,0.03667205,1.00173373
mnist,fixed_phase,256,71,0.94637574,0.03582245,1.02002499
mnist,fixed_phase,256,72,0.94517674,0.02728457,1.01480697
mnist,fixed_phase,256,73,0.9417577,0.02585922,0.98916461
mnist,fixed_phase,256,74,0.94390752,0.02212268,0.9979318
mnist,fixed_phase,256,75,0.94032365,0.00923439,0.99412314
mnist,fixed_phase,256,76,0.94729725,0.03091888,0.98101261
mnist,fixed_phase,256,77,0.94469499,0.00081982,0.99668281
mnist,fixed_phase,256,78,0.94029334,0.06202103,0.98797597
mnist,fixed_phase,256,79,0.94523306,0.01595342,0.99155025
mnist,fixed_phase,256,80,0.94027821,0.0875208,0.97694863
mnist,fixed_phase,256,81,0.93938708,0.02078236,0.98888124
mnist,fixed_phase,256,82,0.94657591,0.02543839,1.00442756
mnist,fixed_phase,256,83,0.94114133,0.02078865,1.02332393
mnist,fixed_phase,256,84,0.93770473,0.0506043,1.02473485
mnist,fixed_phase,256,85,0.93158314,0.00569407,0.99497178
mnist,fixed_phase,256,86,0.92904296,0.08421352,0.99876928
mnist,fixed_phase,256,87,0.93997988,0.06614269,0.98859567
mnist,fixed_phase,256,88,0.94321212,0.02983985,1.01991671
mnist,fixed_phase,256,89,0.94417419,0.02249163,0.9900376
mnist,fixed_phase,256,90,0.93389572,0.00644089,0.98479468
mnist,fixed_phase,256,91,0.94001717,0.01354299,0.99331926
mnist,fixed_phase,256,92,0.92574689,0.03192788,1.0093379
mnist,fixed_phase,256,93,0.94770714,0.04261926,1.00238902
mnist,fixed_phase,256,94,0.94750959,0.0187625,1.00319744
mnist,fixed_phase,256,95,0.9399599,0.09523083,0.99190534
mnist,fixed_phase,256,96,0.93237338,0.05571879,0.99783433
mnist,fixed_phase,256,97,0.92677754,0.03264144,0.98744652
mnist,fixed_phase,256,98,0.94112294,0.02925581,0.99052524
mnist,fixed_phase,256,99,0.94030892,0.01627274,1.00476904
mnist,fixed_phase,256,100,0.93726382,0.01500102,1.00212597
mnist,fixed_phase,256,101,0.93786448,0.02496517,0.99278285
mnist,fixed_phase,256,102,0.9363897,0.01046507,1.00108828
mnist,fixed_phase,256,103,0.94486275,0.02693321,0.97993264
mnist,fixed_phase,256,104,0.93029039,0.08736921,0.99317849
mnist,fixed_phase,256,105,0.93625012,0.01008398,0.99919458
mnist,fixed_phase,256,106,0.94361914,0.1061285,0.98310728
mnist,fixed_phase,256,107,0.94157042,0.04724676,1.01552776
mnist,fixed_phase,256,108,0.9396122,0.01326763,0.98140884
mnist,fixed_phase,256,109,0.94916957,0.05716838,0.97209673
mnist,fixed_phase,256,110,0.94801905,0.07175727,0.97573974
mnist,fixed_phase,256,111,0.93890396,0.0194319,0.98971327
mnist,fixed_phase,256,112,0.93081386,0.05890702,0.99975329
mnist,fixed_phase,256,113,0.94772403,0.03622647,0.99458387
mnist,fixed_phase,256,114,0.93863513,0.04238014,1.01439738
mnist,fixed_phase,256,115,0.94603119,0.04127694,1.00051188
mnist,fixed_phase,256,116,0.95603014,0.08247613,0.99627659
mnist,fixed_phase,256,117,0.93311123,0.00609443,0.98642169
mnist,fixed_phase,256,118,0.93943404,0.00421389,0.96367289
mnist,fixed_phase,256,119,0.94122669,0.060476,1.00247777
mnist,fixed_phase,256,120,0.93138291,0.11847764,0.98948568
mnist,fixed_phase,256,121,0.94161887,0.03195086,0.99628437
mnist,fixed_phase,256,122,0.93303489,0.02555327,1.0139262
mnist,fixed_phase,256,123,0.92825463,0.04001561,1.01445625
mnist,fixed_phase,256,124,0.92646423,0.11259113,1.00389518
mnist,fixed_phase,256,125,0.94726113,0.03161445,1.02504131
mnist,fixed_phase,256,126,0.94388443,0.07706004,1.01730234
mnist,fixed_phase,256,127,0.93596736,0.04945745,1.01781142
mnist,fixed_phase,256,128,0.9383459,0.0720839,1.02517685
mnist,fixed_phase,256,129,0.94259362,0.03970932,1.03184206
mnist,fixed_phase,256,130,0.93351677,0.06777284,0.99116287
mnist,fixed_phase,256,131,0.93647487,0.04390794,1.00774901
mnist,fixed_phase,256,132,0.9298021,0.00123883,1.00368127
mnist,fixed_phase,256,133,0.93597318,0.09476089,1.00787077
mnist,fixed_phase,256,134,0.95211123,0.07318813,0.99304291
mnist,fixed_phase,256,135,0.94644616,0.08539571,1.01798938
mnist,fixed_phase,256,136,0.93623904,0.01286948,1.02050108
mnist,fixed_phase,256,137,0.94893291,0.01697106,1.01532624
mnist,fixed_phase,256,138,0.93668921,0.08791995,0.99997174
mnist,fixed_phase,256,139,0.9354785,0.00996048,0.98544086
mnist,fixed_phase,256,140,0.94723109,0.0698284,0.98288042
mnist,fixed_phase,256,141,0.94567874,0.03402668,1.01049767
mnist,fixed_phase,256,142,0.92105453,0.03637867,0.9792685
mnist,fixed_phase,256,143,0.9401744,0.00249294,1.00089176
mnist,fixed_phase,256,144,0.9266344,0.05355105,0.99316057
mnist,fixed_phase,256,145,0.9377073,0.03356986,0.99142467
mnist,fixed_phase,256,146,0.9208489,0.00789882,1.01414665
mnist,fixed_phase,256,147,0.94181178,0.05126863,0.99061119
mnist,fixed_phase,256,148,0.94248727,0.06465261,1.01551665
mnist,fixed_phase,256,149,0.93510615,0.05682799,1.00522687
mnist,fixed_phase,256,150,0.94115333,0.00881369,1.00683901
mnist,fixed_phase,256,151,0.939969,0.01891566,1.00647491
mnist,fixed_phase,256,152,0.94295469,0.04304497,0.9991102
mnist,fixed_phase,256,153,0.94354449,0.00350357,0.98789868
mnist,fixed_phase,256,154,0.93498798,0.04352707,1.02387116
mnist,fixed_phase,256,155,0.94176047,0.00661677,0.98385631
mnist,fixed_phase,256,156,0.93711142,0.02892317,0.97880021
mnist,fixed_phase,256,157,0.93934328,0.05825548,0.98869576
mnist,fixed_phase,256,158,0.94476567,0.05874894,0.99835362
mnist,fixed_phase,256,159,0.94444303,0.01039151,1.01461807
mnist,fixed_phase,256,160,0.93908786,0.03326063,1.00529352
mnist,fixed_phase,256,161,0.9468688,0.07068845,0.99120879
mnist,fixed_phase,256,162,0.94562755,0.00690166,1.01697398
mnist,fixed_phase,256,163,0.93698023,0.05154366,1.00059275
mnist,fixed_phase,256,164,0.94582055,0.09637574,1.00553442
mnist,fixed_phase,256,165,0.94700845,0.04159189,0.98857557
mnist,fixed_phase,256,166,0.93103843,0.00347172,0.97945296
mnist,fixed_phase,256,167,0.94410905,0.04771334,0.97464901
mnist,fixed_phase,256,168,0.93570113,0.00201476,1.02009426
mnist,fixed_phase,256,169,0.94054265,0.00362006,1.00565041
mnist,fixed_phase,256,170,0.94521071,0.0336044,0.99464928
mnist,fixed_phase,256,171,0.94046794,0.00640751,1.02000224
mnist,fixed_phase,256,172,0.94275756,0.01973278,1.00820611
mnist,fixed_phase,256,173,0.94604796,0.018394,0.98534269
mnist,fixed_phase,256,174,0.93337242,0.01383055,0.99881252
mnist,fixed_phase,256,175,0.94200698,0.00548531,0.98755929
mnist,fixed_phase,256,176,0.94017087,0.02222718,0.96326383
mnist,fixed_phase,256,177,0.9342718,0.09102579,1.00001336
mnist,fixed_phase,256,178,0.93882673,0.05929859,1.01050568
mnist,fixed_phase,256,179,0.94233921,0.017236,0.99340449
mnist,fixed_phase,256,180,0.93652026,0.04921544,0.9833805
mnist,fixed_phase,256,181,0.94456182,0.02795575,1.02345207
mnist,fixed_phase,256,182,0.93150325,0.02185878,0.99176548
mnist,fixed_phase,256,183,0.94704217,0.00417377,1.00509969
mnist,fixed_phase,256,184,0.93337089,0.06368962,0.9782681
mnist,fixed_phase,256,185,0.94234047,0.03873408,0.98257021
mnist,fixed_phase,256,186,0.92923777,0.04186802,1.00403854
mnist,fixed_phase,256,187,0.94503233,0.0534294,0.99802089
mnist,fixed_phase,256,188,0.93754434,0.1133337,1.00634354
mnist,fixed_phase,256,189,0.93820784,0.08916592,0.97291987
mnist,fixed_phase,256,190,0.94937526,0.05938916,0.97556632
mnist,fixed_phase,256,191,0.94101504,0.04677998,0.99372892
mnist,fixed_phase,256,192,0.94136827,0.02209174,1.02217449
mnist,fixed_phase,256,193,0.93650564,0.05061591,0.97716353
mnist,fixed_phase,256,194,0.9394076,0.03259715,0.98864568
mnist,fixed_phase,256,195,0.93338585,0.005927,0.97228269
mnist,fixed_phase,256,196,0.94491035,0.01270075,0.99164055
mnist,fixed_phase,256,197,0.9419465,0.06365441,0.99498766
mnist,fixed_phase,256,198,0.94042392,0.06555999,1.0006928
mnist,fixed_phase,256,199,0.93838249,0.02206603,0.99483408
mnist,fixed_phase,256,200,0.94145921,0.02776281,0.98377264
mnist,fixed_phase,256,201,0.93474237,0.03887289,0.9764095
mnist,fixed_phase,256,202,0.93943011,0.02850421,1.02753895
mnist,fixed_phase,256,203,0.95239199,0.04276489,0.99119213
mnist,fixed_phase,256,204,0.93295373,0.00380157,0.98616892
mnist,fixed_phase,256,205,0.93428782,0.05694214,0.99288459
mnist,fixed_phase,256,206,0.94627296,0.02302191,1.0024054
mnist,fixed_phase,256,207,0.93209893,0.01873728,0.9984778
mnist,fixed_phase,256,208,0.94563154,0.01152433,1.01440196
mnist,fixed_phase,256,209,0.94313371,0.00609101,0.988806
mnist,fixed_phase,256,210,0.94423807,0.00909086,1.0098214
mnist,fixed_phase,256,211,0.94082779,0.01237515,0.99081584
mnist,fixed_phase,256,212,0.95316141,0.0354475,0.99968074
mnist,fixed_phase,256,213,0.93802019,0.09365541,1.01303082
mnist,fixed_phase,256,214,0.93236773,0.0876937,0.99760421
mnist,fixed_phase,256,215,0.93415467,0.01761852,0.98659783
mnist,fixed_phase,256,216,0.94485109,0.05890277,1.01660449
mnist,fixed_phase,256,217,0.93510814,0.05257332,0.9897605
mnist,fixed_phase,256,218,0.92795717,0.02933505,1.00800874
mnist,fixed_phase,256,219,0.93609673,0.03150689,0.97823254
mnist,fixed_phase,256,220,0.95058009,0.05025219,1.00809074
mnist,fixed_phase,256,221,0.94233382,0.04378419,1.03408719
mnist,fixed_phase,256,222,0.94084443,0.07233903,0.99091819
mnist,fixed_phase,256,223,0.936942,0.02346671,1.0143193
mnist,fixed_phase,256,224,0.93994788,0.11449665,0.99396064
mnist,fixed_phase,256,225,0.93266559,0.03785767,0.98857504
mnist,fixed_phase,256,226,0.94622755,0.01332841,1.00204693
mnist,fixed_phase,256,227,0.92366453,0.02386251,0.97638474
mnist,fixed_phase,256,228,0.93205076,0.01501372,1.02337447
mnist,fixed_phase,256,229,0.94165739,0.02513297,0.97913929
mnist,fixed_phase,256,230,0.93977945,0.00020387,0.99712641
mnist,fixed_phase,256,231,0.94394219,0.06422588,1.02603718
mnist,fixed_phase,256,232,0.93097445,0.04137787,0.99576672
mnist,fixed_phase,256,233,0.94517537,0.05132754,0.99248224
mnist,fixed_phase,256,234,0.94054347,0.03504927,0.98582756
mnist,fixed_phase,256,235,0.93831386,0.07779919,0.99804954
mnist,fixed_phase,256,236,0.94330518,0.04338771,1.00291142
mnist,fixed_phase,256,237,0.94112845,0.0756356,1.00982835
mnist,fixed_phase,256,238,0.93936915,0.01782428,0.99696665
mnist,fixed_phase,256,239,0.93434254,0.03009485,1.02450382
mnist,fixed_phase,256,240,0.94122336,0.10997403,1.00982938
mnist,fixed_phase,256,241,0.94711266,0.01214941,0.99574925
mnist,fixed_phase,256,242,0.93510123,0.07091059,0.99402646
mnist,fixed_phase,256,243,0.93738628,0.0340266,0.96601912
mnist,fixed_phase,256,244,0.93633453,0.04342411,0.99951804
mnist,fixed_phase,256,245,0.92711594,0.06641772,1.00031937
mnist,fixed_phase,256,246,0.94613886,0.06464235,1.00383784
mnist,fixed_phase,256,247,0.95675595,0.01098202,1.02370083
mnist,fixed_phase,256,248,0.93414339,0.07503975,0.99585506
mnist,fixed_phase,256,249,0.94245775,0.06243851,0.98871263
mnist,fixed_phase,256,250,0.94357237,0.04550652,1.02003036
mnist,fixed_phase,256,251,0.94629385,0.04078825,0.98815044
mnist,fixed_phase,256,252,0.94618892,0.02358842,0.99530073
mnist,fixed_phase,256,253,0.94757164,0.02248593,1.00372476
mnist,fixed_phase,256,254,0.94793469,0.00141519,1.00362922
mnist,fixed_phase,256,255,0.95225993,0.04823976,1.00190296
mnist,fixed_phase,256,256,0.93809352,0.02530913,0.99730952
mnist,fixed_phase,256,257,0.94322433,0.01020878,1.00725619
mnist,fixed_phase,256,258,0.9493117,0.0459607,1.00164572
mnist,fixed_phase,256,259,0.93552329,0.00347257,1.00058456
mnist,fixed_phase,256,260,0.95210819,0.1097233,1.01022209
mnist,fixed_phase,256,261,0.94283884,0.02244057,1.04819961
mnist,fixed_phase,256,262,0.93859507,0.09075462,1.00512651
mnist,fixed_phase,256,263,0.94546144,0.02373421,0.99041595
mnist,fixed_phase,256,264,0.91945653,0.07411315,0.98688294
mnist,fixed_phase,256,265,0.94916402,0.03129963,0.9962697
mnist,fixed_phase,256,266,0.94119805,0.01320728,0.98186477
mnist,fixed_phase,256,267,0.95078209,0.05993325,0.9936394
mnist,fixed_phase,256,268,0.94902049,0.03775121,1.0248843
mnist,fixed_phase,256,269,0.93828625,0.02439273,1.02129358
mnist,fixed_phase,256,270,0.95213054,0.16219364,1.00077332
mnist,fixed_phase,256,271,0.94152704,0.08897146,1.01427175
mnist,fixed_phase,256,272,0.94406148,0.00706546,0.98389453
mnist,fixed_phase,256,273,0.94088679,0.01975725,1.00940843
mnist,fixed_phase,256,274,0.93474725,0.00921974,1.02984275
mnist,fixed_phase,256,275,0.93229015,0.08726928,1.02661819
mnist,fixed_phase,256,276,0.93777101,0.04795912,0.98194245
mnist,fixed_phase,256,277,0.93202123,0.01691253,1.02307876
mnist,fixed_phase,256,278,0.9481122,0.06226175,1.01530524
mnist,fixed_phase,256,279,0.94372705,0.0399705,1.0004813
mnist,fixed_phase,256,280,0.9415719,0.00235786,0.98474136
mnist,fixed_phase,256,281,0.93877942,0.00811829,1.00044085
mnist,fixed_phase,256,282,0.93203026,0.00139236,1.01827806
mnist,fixed_phase,256,283,0.94953165,0.0347761,0.99581653
mnist,fixed_phase,256,284,0.93256995,0.00962052,0.99735734
mnist,fixed_phase,256,285,0.94202838,0.00081879,1.02585712
mnist,fixed_phase,256,286,0.93057827,0.0934115,1.02483544
mnist,fixed_phase,256,287,0.9303839,0.02024386,0.99944648
mnist,fixed_phase,256,288,0.94052167,0.0370106,0.97820983
mnist,fixed_phase,256,289,0.93677544,0.0149013,0.97930607
mnist,fixed_phase,256,290,0.93678138,0.01447378,0.95848696
mnist,fixed_phase,256,291,0.94249085,0.02253973,0.98296733
mnist,fixed_phase,256,292,0.93923089,0.02583826,1.01015211
mnist,fixed_phase,256,293,0.9388723,0.08604518,0.98994939
mnist,fixed_phase,256,294,0.93275019,0.01235032,0.98284631
mnist,fixed_phase,256,295,0.94181587,0.06317515,1.02278502
mnist,fixed_phase,256,296,0.93379239,0.05442174,0.98768031
mnist,fixed_phase,256,297,0.94541948,0.05326392,0.97959397
mnist,fixed_phase,256,298,0.92974698,0.05802054,0.98847579
mnist,fixed_phase,256,299,0.94225272,0.10397669,0.99648518
mnist,fixed_phase,256,300,0.93568836,0.01258884,0.98823076
mnist,fixed_phase,256,301,0.94056638,0.03656259,0.99298778
mnist,fixed_phase,256,302,0.93187826,0.05388199,1.00075487
mnist,fixed_phase,256,303,0.94110831,0.09842483,1.00862881
mnist,fixed_phase,256,304,0.95044739,0.03210219,1.00090253
mnist,fixed_phase,256,305,0.92911615,0.0360027,1.02974876
mnist,fixed_phase,256,306,0.9436703,0.00104045,1.0049678
mnist,fixed_phase,256,307,0.93568096,0.05297628,0.99960785
mnist,fixed_phase,256,308,0.93431277,0.03325912,1.01477539
mnist,fixed_phase,256,309,0.9422705,0.03157075,1.01195487
mnist,fixed_phase,256,310,0.94253095,0.02050681,0.9734594
mnist,fixed_phase,256,311,0.93124677,0.02181026,1.01555501
mnist,fixed_phase,256,312,0.9280435,0.01262005,0.9946293
mnist,fixed_phase,256,313,0.94641841,0.08990286,0.98833843
mnist,fixed_phase,256,314,0.95249651,0.01974282,1.05210025
mnist,fixed_phase,256,315,0.93255563,0.10734181,0.9903087
mnist,fixed_phase,256,316,0.94065091,0.05774583,1.01714353
mnist,fixed_phase,256,317,0.93702003,0.11453613,0.97605011
mnist,fixed_phase,256,318,0.93707633,0.03015733,1.02165274
mnist,fixed_phase,256,319,0.93842663,0.03297825,0.99659453
mnist,fixed_phase,256,320,0.93766127,0.09104306,1.03451018
mnist,fixed_phase,256,321,0.93534797,0.02513519,1.00219288
mnist,fixed_phase,256,322,0.93175734,0.01270159,0.9925982
mnist,fixed_phase,256,323,0.94534371,0.08443356,1.01100819
mnist,fixed_phase,256,324,0.93989238,0.01472626,1.00498357
mnist,fixed_phase,256,325,0.93360725,0.04477011,0.99378334
mnist,fixed_phase,256,326,0.94054506,0.08404952,0.96766104
mnist,fixed_phase,256,327,0.95392795,0.00432976,0.97853118
mnist,fixed_phase,256,328,0.94022945,0.05682828,0.9876607
mnist,fixed_phase,256,329,0.94596164,0.04208791,1.00421952
mnist,fixed_phase,256,330,0.93841554,0.02725978,1.0110097
mnist,fixed_phase,256,331,0.94661457,0.06692513,1.01891512
mnist,fixed_phase,256,332,0.92758801,0.0407191,0.99196704
mnist,fixed_phase,256,333,0.94243296,0.03653595,0.97214673
mnist,fixed_phase,256,334,0.93722722,0.01479618,0.98313359
mnist,fixed_phase,256,335,0.93380852,0.0137776,1.01558305
mnist,fixed_phase,256,336,0.94326345,0.00191327,0.98201909
mnist,fixed_phase,256,337,0.93183811,0.00490941,1.00149367
mnist,fixed_phase,256,338,0.94663536,0.01994004,1.00392054
mnist,fixed_phase,256,339,0.94846727,0.09415663,0.98994676
mnist,fixed_phase,256,340,0.9429881,0.05773918,1.00646073
mnist,fixed_phase,256,341,0.94338772,0.02877854,0.9926332
mnist,fixed_phase,256,342,0.94882302,0.0037916,1.00257212
mnist,fixed_phase,256,343,0.93422155,0.02429923,1.01533984
mnist,fixed_phase,256,344,0.94651488,0.07698594,0.99759362
mnist,fixed_phase,256,345,0.92775439,0.01991529,1.00404934
mnist,fixed_phase,256,346,0.94982169,0.04412328,0.99469331
mnist,fixed_phase,256,347,0.92956056,0.03462858,1.02965507
mnist,fixed_phase,256,348,0.94172058,0.01719074,1.0119874
mnist,fixed_phase,256,349,0.95166059,0.00398404,1.0194076
mnist,fixed_phase,256,350,0.92783402,0.04961445,1.01109078
mnist,fixed_phase,256,351,0.95585274,0.02861444,0.99995142
mnist,fixed_phase,256,352,0.95450804,0.04228616,0.99970427
mnist,fixed_phase,256,353,0.94849631,0.05774338,0.97876138
mnist,fixed_phase,256,354,0.94322481,0.00493018,1.02392049
mnist,fixed_phase,256,355,0.93599752,0.05816433,1.00554664
mnist,fixed_phase,256,356,0.94132828,0.01289892,1.00629845
mnist,fixed_phase,256,357,0.9439296,0.07708344,0.9979679
mnist,fixed_phase,256,358,0.94863143,0.02556,1.0199259
mnist,fixed_phase,256,359,0.93755813,0.04178217,0.98425432
mnist,fixed_phase,256,360,0.94120035,0.08669499,0.99861803
mnist,fixed_phase,256,361,0.94524222,0.12495156,1.0117627
mnist,fixed_phase,256,362,0.94065383,0.02247156,0.99635071
mnist,fixed_phase,256,363,0.94649655,0.09212234,0.99250258
mnist,fixed_phase,256,364,0.938256,0.03278889,0.98641463
mnist,fixed_phase,256,365,0.95099367,0.06018803,1.01260518
mnist,fixed_phase,256,366,0.94155703,0.05069587,0.96774059
mnist,fixed_phase,256,367,0.92802904,0.04285753,1.00881939
mnist,fixed_phase,256,368,0.94110818,0.01994566,1.00564216
mnist,fixed_phase,256,369,0.94477735,0.07505375,1.02568864
mnist,fixed_phase,256,370,0.94412313,0.05413678,1.01200258
mnist,fixed_phase,256,371,0.93254892,0.06517893,1.01165641
mnist,fixed_phase,256,372,0.94567773,0.04277117,0.99609576
mnist,fixed_phase,256,373,0.94072523,0.03527087,0.97745992
mnist,fixed_phase,256,374,0.94156681,0.02005816,1.00567539
mnist,fixed_phase,256,375,0.93517929,0.01093134,0.97559334
mnist,fixed_phase,256,376,0.94178812,0.01450943,0.99158041
mnist,fixed_phase,256,377,0.93120122,0.05296758,1.00776392
mnist,fixed_phase,256,378,0.94272789,0.03152715,0.98873043
mnist,fixed_phase,256,379,0.93762323,0.03290425,1.00133589
mnist,fixed_phase,256,380,0.93457135,0.00779873,0.99268166
mnist,fixed_phase,256,381,0.93577199,0.0424709,1.02177761
mnist,fixed_phase,256,382,0.93596667,0.03457419,1.02932108
mnist,fixed_phase,256,383,0.94306636,0.11088067,0.99290924
mnist,fixed_phase,256,384,0.94607082,0.05767847,1.01365715
mnist,fixed_phase,256,385,0.93141933,0.01770218,0.99028812
mnist,fixed_phase,256,386,0.93016044,0.0015932,1.01001286
mnist,fixed_phase,256,387,0.93160727,0.06368679,0.9980926
mnist,fixed_phase,256,388,0.9417203,0.0553475,0.97296779
mnist,fixed_phase,256,389,0.94205978,0.06927492,0.98578461
mnist,fixed_phase,256,390,0.9298733,0.05079252,0.9979506
mnist,fixed_phase,256,391,0.93903994,0.07282577,1.0011715
mnist,fixed_phase,256,392,0.93711772,0.00591526,1.01212429
mnist,fixed_phase,256,393,0.93429741,0.01104319,0.98592273
mnist,fixed_phase,256,394,0.94416835,0.00193237,0.99849649
mnist,fixed_phase,256,395,0.94469565,0.10526143,0.99944383
mnist,fixed_phase,256,396,0.93222372,0.01862514,0.99734346
mnist,fixed_phase,256,397,0.93120821,0.03903674,0.99132715
mnist,fixed_phase,256,398,0.93985923,0.03008508,1.01384497
mnist,fixed_phase,256,399,0.94367322,0.0151349,0.99981391
mnist,fixed_phase,256,400,0.94744858,0.024109,1.00850549
mnist,fixed_phase,256,401,0.93946479,0.01387165,1.01222476
mnist,fixed_phase,256,402,0.93807054,0.00279587,1.00625129
mnist,fixed_phase,256,403,0.93881046,0.05722973,0.98386287
mnist,fixed_phase,256,404,0.94779148,0.04203432,0.99615003
mnist,fixed_phase,256,405,0.94575183,0.00926122,1.01172203
mnist,fixed_phase,256,406,0.93930896,0.04886009,0.98924211
mnist,fixed_phase,256,407,0.92986034,0.00183548,0.99082363
mnist,fixed_phase,256,408,0.93310857,0.00033053,0.9961601
mnist,fixed_phase,256,409,0.92931524,0.04165206,0.98940326
mnist,fixed_phase,256,410,0.94242176,0.00726767,1.00780236
mnist,fixed_phase,256,411,0.94769257,0.01695073,0.97654822
mnist,fixed_phase,256,412,0.93570097,0.04019641,0.98495432
mnist,fixed_phase,256,413,0.93997599,0.10345402,0.99061783
mnist,fixed_phase,256,414,0.94360101,0.08219064,1.00818709
mnist,fixed_phase,256,415,0.9376337,0.00866628,0.98314483
mnist,fixed_phase,256,416,0.94643074,0.04559674,1.02410057
mnist,fixed_phase,256,417,0.94161629,0.01487002,1.02883873
mnist,fixed_phase,256,418,0.94468535,0.03608585,0.99380105
mnist,fixed_phase,256,419,0.94290906,0.04543817,0.98006271
mnist,fixed_phase,256,420,0.94245784,0.01463876,1.01839291
mnist,fixed_phase,256,421,0.94172553,0.04953647,0.98421586
mnist,fixed_phase,256,422,0.93293771,0.04195888,1.00070111
mnist,fixed_phase,256,423,0.94119869,0.04915092,1.00351892
mnist,fixed_phase,256,424,0.93749633,0.01768517,0.98701312
mnist,fixed_phase,256,425,0.93651295,0.04541862,1.01142494
mnist,fixed_phase,256,426,0.93731813,0.02298131,1.00755925
mnist,fixed_phase,256,427,0.93620955,0.02517198,1.02808504
mnist,fixed_phase,256,428,0.93903519,0.040026,1.00236216
mnist,fixed_phase,256,429,0.93306563,0.04022217,0.97967201
mnist,fixed_phase,256,430,0.9393657,0.00043286,0.98844478
mnist,fixed_phase,256,431,0.9426608,0.02452448,1.00438864
mnist,fixed_phase,256,432,0.92622276,0.0074468,1.01523281
mnist,fixed_phase,256,433,0.94909734,0.05567558,0.99383112
mnist,fixed_phase,256,434,0.94178363,0.08386829,1.01916528
mnist,fixed_phase,256,435,0.9372743,0.01791639,1.00884205
mnist,fixed_phase,256,436,0.93711106,0.04930944,1.00082237
mnist,fixed_phase,256,437,0.93503317,0.05037693,1.00471093
mnist,fixed_phase,256,438,0.95158102,0.0442914,0.98674967
mnist,fixed_phase,256,439,0.94342075,0.00799312,0.96311606
mnist,fixed_phase,256,440,0.94705956,0.00105122,1.01542882
mnist,fixed_phase,256,441,0.93547726,0.03928284,1.01401236
mnist,fixed_phase,256,442,0.93708936,0.03661982,1.017607
mnist,fixed_phase,256,443,0.9428849,0.03113257,1.00007698
mnist,fixed_phase,256,444,0.93246272,0.04853848,0.99327107
mnist,fixed_phase,256,445,0.93752208,0.00925147,0.96823437
mnist,fixed_phase,256,446,0.94612277,0.02197636,0.99518518
mnist,fixed_phase,256,447,0.93666969,0.0379355,1.00863768
mnist,fixed_phase,256,448,0.93124593,0.01079729,1.0118144
mnist,fixed_phase,256,449,0.94399584,0.05375829,1.01850363
mnist,fixed_phase,256,450,0.94087839,0.07208181,0.99105552
mnist,fixed_phase,256,451,0.94494863,0.04393348,0.9939864
mnist,fixed_phase,256,452,0.94269694,0.15032753,1.0188226
mnist,fixed_phase,256,453,0.93878183,0.02398841,0.99267603
mnist,fixed_phase,256,454,0.9437125,0.02732283,1.01521237
mnist,fixed_phase,256,455,0.92889956,0.03801782,0.99837484
mnist,fixed_phase,256,456,0.93565743,0.02065044,1.00880172
mnist,fixed_phase,256,457,0.94405029,0.02514446,0.97002882
mnist,fixed_phase,256,458,0.9382906,0.02700765,0.98992409
mnist,fixed_phase,256,459,0.93403001,0.00691714,1.01624132
mnist,fixed_phase,256,460,0.93540297,0.02305214,1.03082351
mnist,fixed_phase,256,461,0.94034887,0.04817389,1.00957781
mnist,fixed_phase,256,462,0.94176421,0.00800029,1.01083584
mnist,fixed_phase,256,463,0.94642196,0.11949239,1.00314993
mnist,fixed_phase,256,464,0.93948857,0.0684734,1.00398925
mnist,fixed_phase,256,465,0.93465887,0.13066744,0.99197019
mnist,fixed_phase,256,466,0.94553374,0.09845668,0.99555815
mnist,fixed_phase,256,467,0.94584846,0.03074713,1.01999858
mnist,fixed_phase,256,468,0.94218688,0.01650446,0.9848331
mnist,fixed_phase,256,469,0.9442666,0.00650888,1.0191861
mnist,fixed_phase,256,470,0.94032604,0.00109463,0.97361722
mnist,fixed_phase,256,471,0.94602939,0.00510635,1.00476738
mnist,fixed_phase,256,472,0.93468948,0.02756578,1.00057361
mnist,fixed_phase,256,473,0.9389977,0.0268927,1.01136469
mnist,fixed_phase,256,474,0.94428399,0.02533639,1.0226929
mnist,fixed_phase,256,475,0.94344758,0.07094427,0.99635769
mnist,fixed_phase,256,476,0.93885298,0.00791878,0.99354292
mnist,fixed_phase,256,477,0.940479,0.03749336,0.98591649
mnist,fixed_phase,256,478,0.942172,0.05385004,1.01131685
mnist,fixed_phase,256,479,0.9388475,0.0271313,0.98312296
mnist,fixed_phase,256,480,0.94707791,0.05516031,1.0050407
mnist,fixed_phase,256,481,0.9378734,0.04298724,1.01568412
mnist,fixed_phase,256,482,0.94394829,0.01849547,0.98211865
mnist,fixed_phase,256,483,0.93139706,0.07430845,0.99922693
mnist,fixed_phase,256,484,0.9484087,0.00091608,0.9951536
mnist,fixed_phase,256,485,0.94616533,0.00527981,0.97603785
mnist,fixed_phase,256,486,0.94160978,0.04161443,1.0140005
mnist,fixed_phase,256,487,0.93962294,0.04270475,0.98628707
mnist,fixed_phase,256,488,0.93345962,0.00511802,0.99307035
mnist,fixed_phase,256,489,0.95554116,0.00424626,0.98202266
mnist,fixed_phase,256,490,0.94065395,0.06340077,1.00073918
mnist,fixed_phase,256,491,0.94195001,0.02611044,0.98608998
mnist,fixed_phase,256,492,0.9320543,0.09014373,0.98586167
mnist,fixed_phase,256,493,0.93363136,0.01216014,1.02246361
mnist,fixed_phase,256,494,0.94223457,0.07352756,1.01774389
mnist,fixed_phase,256,495,0.93836435,0.04204967,1.009709
mnist,fixed_phase,256,496,0.93547345,0.0840643,0.98422052
mnist,fixed_phase,256,497,0.93854803,0.00319813,0.97340075
mnist,fixed_phase,256,498,0.93893576,0.03975848,1.00182827
mnist,fixed_phase,256,499,0.95256792,0.07327065,0.99038959
mnist,fixed_phase,256,500,0.93897281,0.02503829,0.99844912
mnist,fixed_phase,256,501,0.94712161,0.00302587,0.98951472
mnist,fixed_phase,256,502,0.94039612,0.02929098,1.00538398
mnist,fixed_phase,256,503,0.94330737,0.03839738,0.98780332
mnist,fixed_phase,256,504,0.93122859,0.00929363,1.00237318
mnist,fixed_phase,256,505,0.93033602,0.032356,1.00362401
mnist,fixed_phase,256,506,0.94942661,0.07756732,0.99231893
mnist,fixed_phase,256,507,0.92911007,0.01275754,0.99006563
mnist,fixed_phase,256,508,0.93883411,0.15423951,0.99701873
mnist,fixed_phase,256,509,0.93999141,0.03155728,0.99131211
mnist,fixed_phase,256,510,0.93235015,0.06006454,1.00026617
mnist,fixed_phase,256,511,0.94160665,0.04604632,1.00751339
mnist,fixed_phase,256,512,0.9427439,0.03480542,0.98191185
mnist,fixed_phase,256,513,0.93903829,0.05885629,1.00089468
mnist,fixed_phase,256,514,0.92610508,0.01637121,0.9915524
mnist,fixed_phase,256,515,0.93500488,0.1320773,1.01637446
mnist,fixed_phase,256,516,0.93906149,0.01580864,1.00772144
mnist,fixed_phase,256,517,0.93902802,0.09627035,0.98714779
mnist,fixed_phase,256,518,0.94430562,0.0152931,0.99168019
mnist,fixed_phase,256,519,0.9421001,0.00144314,1.00415524
mnist,fixed_phase,256,520,0.94545954,0.02639822,0.98498253
mnist,fixed_phase,256,521,0.9497428,0.09195115,1.01499322
mnist,fixed_phase,256,522,0.93612658,0.0137743,1.0013785
mnist,fixed_phase,256,523,0.94801012,0.00964254,0.99769963
mnist,fixed_phase,256,524,0.94340042,0.03262384,0.97965943
mnist,fixed_phase,256,525,0.94598346,0.0296182,1.03044011
mnist,fixed_phase,256,526,0.93792557,0.04554467,1.00760472
mnist,fixed_phase,256,527,0.94735539,0.05956143,0.99812774
mnist,fixed_phase,256,528,0.94389439,0.01735086,0.97906603
mnist,fixed_phase,256,529,0.93612851,0.08030659,0.99551726
mnist,fixed_phase,256,530,0.93223621,0.04032017,1.02953204
mnist,fixed_phase,256,531,0.94157486,0.03524651,0.98315159
mnist,fixed_phase,256,532,0.92494505,0.07348648,1.01407457
mnist,fixed_phase,256,533,0.93256017,0.04322591,1.00996968
mnist,fixed_phase,256,534,0.94345466,0.07212934,1.01482181
mnist,fixed_phase,256,535,0.93924298,0.02179975,1.00063416
mnist,fixed_phase,256,536,0.94873986,0.02818721,0.99252866
mnist,fixed_phase,256,537,0.93973049,0.05046811,0.9893375
mnist,fixed_phase,256,538,0.94491311,0.0044862,1.00319482
mnist,fixed_phase,256,539,0.94280042,0.0320886,0.97794439
mnist,fixed_phase,256,540,0.94650498,0.01357373,0.98552447
mnist,fixed_phase,256,541,0.93767832,0.04332858,1.00610372
mnist,fixed_phase,256,542,0.93419507,0.02301847,1.00269987
mnist,fixed_phase,256,543,0.93412597,0.05490606,0.98881411
mnist,fixed_phase,256,544,0.93695053,0.00828766,0.99519884
mnist,fixed_phase,256,545,0.92300224,0.00541258,1.00007855
mnist,fixed_phase,256,546,0.9411329,0.06956726,1.01878144
mnist,fixed_phase,256,547,0.94385225,0.03371035,1.02692769
mnist,fixed_phase,256,548,0.93404348,0.02079297,1.00539069
mnist,fixed_phase,256,549,0.93432852,0.06399935,1.00300073
mnist,fixed_phase,256,550,0.94234209,0.00461432,0.98155038
mnist,fixed_phase,256,551,0.93146069,0.04384029,1.00787527
mnist,fixed_phase,256,552,0.93874965,0.05412419,1.02910317
mnist,fixed_phase,256,553,0.94513627,0.10165047,1.01677615
mnist,fixed_phase,256,554,0.94123819,0.07635826,0.99344675
mnist,fixed_phase,256,555,0.94878603,0.01801918,1.00916393
mnist,fixed_phase,256,556,0.9437015,0.00401205,0.98495893
mnist,fixed_phase,256,557,0.94088134,0.05382025,1.00243255
mnist,fixed_phase,256,558,0.94157053,0.01397446,0.98881859
mnist,fixed_phase,256,559,0.94529017,0.0397698,0.98204691
mnist,fixed_phase,256,560,0.94622924,0.04590104,1.02291954
mnist,fixed_phase,256,561,0.94686862,0.01501425,0.98388711
mnist,fixed_phase,256,562,0.94383805,0.04802427,1.01502174
mnist,fixed_phase,256,563,0.94328849,0.00781854,0.98176545
mnist,fixed_phase,256,564,0.9415009,0.03982587,0.97741896
mnist,fixed_phase,256,565,0.93721809,0.02822152,1.00572128
mnist,fixed_phase,256,566,0.948476,0.00587762,0.97882698
mnist,fixed_phase,256,567,0.93905116,0.00440479,0.99266078
mnist,fixed_phase,256,568,0.9469602,0.06841698,0.97084058
mnist,fixed_phase,256,569,0.94041821,0.05329565,1.00683047
mnist,fixed_phase,256,570,0.93455096,0.00764227,0.98175307
mnist,fixed_phase,256,571,0.93789629,0.08185892,1.01130865
mnist,fixed_phase,256,572,0.94487405,0.03188889,1.01752085
mnist,fixed_phase,256,573,0.93738887,0.10321129,1.03346038
mnist,fixed_phase,256,574,0.9372679,0.05145498,1.00017365
mnist,fixed_phase,256,575,0.93625444,0.04282824,1.00880803
mnist,fixed_phase,256,576,0.94585009,0.01223498,0.98435685
mnist,fixed_phase,256,577,0.93399747,0.01490968,1.01453679
mnist,fixed_phase,256,578,0.9445687,0.06244438,1.02046244
mnist,fixed_phase,256,579,0.94648768,0.02784526,1.00762535
mnist,fixed_phase,256,580,0.93318196,0.00567584,0.98780443
mnist,fixed_phase,256,581,0.94657471,0.05274618,0.98264336
mnist,fixed_phase,256,582,0.93253989,0.01632307,1.00562913
mnist,fixed_phase,256,583,0.95225061,0.01641241,1.00541632
mnist,fixed_phase,256,584,0.93312792,0.00859651,1.03478771
mnist,fixed_phase,256,585,0.95975006,0.0070023,1.00576955
mnist,fixed_phase,256,586,0.93496319,0.04849752,1.01670393
mnist,fixed_phase,256,587,0.94080594,0.06143703,1.00939201
mnist,fixed_phase,256,588,0.94086216,0.00332203,0.98759917
mnist,fixed_phase,256,589,0.93472956,0.05103559,1.00272819
mnist,fixed_phase,256,590,0.92614287,0.05282641,0.98790385
mnist,fixed_phase,256,591,0.93906674,0.0238218,0.98899739
mnist,fixed_phase,256,592,0.93253929,0.00534284,0.99737933
mnist,fixed_phase,256,593,0.94333623,0.02928333,0.97641623
mnist,fixed_phase,256,594,0.95059398,0.00536402,0.99661367
mnist,fixed_phase,256,595,0.9566621,0.00034228,1.02641949
mnist,fixed_phase,256,596,0.94720899,0.02365016,0.98225596
mnist,fixed_phase,256,597,0.94476862,0.08707531,1.00778535
mnist,fixed_phase,256,598,0.93435536,0.00379828,0.99938039
mnist,fixed_phase,256,599,0.93147454,0.06003702,0.99096078
mnist,fixed_phase,256,600,0.95179055,0.03113621,1.0021459
mnist,fixed_phase,256,601,0.93188016,0.02986408,1.00923524
mnist,fixed_phase,256,602,0.936377,0.06345815,0.99912856
mnist,fixed_phase,256,603,0.94610604,0.02917564,1.02929184
mnist,fixed_phase,256,604,0.9339417,0.0104222,1.02635782
mnist,fixed_phase,256,605,0.93228412,0.03218794,0.98792777
mnist,fixed_phase,256,606,0.9312035,0.05155268,0.98605201
mnist,fixed_phase,256,607,0.94386322,0.00220975,1.00503313
mnist,fixed_phase,256,608,0.95041489,0.0208005,1.00382653
mnist,fixed_phase,256,609,0.94860258,0.01863718,0.98708571
mnist,fixed_phase,256,610,0.930059,0.05267456,1.00379322
mnist,fixed_phase,256,611,0.93945226,0.03019951,0.99375542
mnist,fixed_phase,256,612,0.93498111,0.03843495,1.00942352
mnist,fixed_phase,256,613,0.94606764,0.025701,1.00635181
mnist,fixed_phase,256,614,0.93426278,0.04096145,0.99486404
mnist,fixed_phase,256,615,0.95064605,0.05310431,1.01562235
mnist,fixed_phase,256,616,0.94197784,0.02778827,0.99503693
mnist,fixed_phase,256,617,0.93193782,0.07512905,0.98815466
mnist,fixed_phase,256,618,0.93862397,0.04324457,1.00278575
mnist,fixed_phase,256,619,0.95043352,0.00556285,1.00792926
mnist,fixed_phase,256,620,0.94128028,0.01763483,0.990179
mnist,fixed_phase,256,621,0.95094107,0.02183667,1.00890601
mnist,fixed_phase,256,622,0.94193819,0.03657648,0.98001015
mnist,fixed_phase,256,623,0.93902696,0.00256834,0.98591505
mnist,fixed_phase,256,624,0.94362301,0.01310788,1.00105228
mnist,fixed_phase,256,625,0.93747711,0.05326821,1.00598897
mnist,fixed_phase,256,626,0.94365428,0.07023879,1.00711778
mnist,fixed_phase,256,627,0.94219375,0.07186826,0.9956494
mnist,fixed_phase,256,628,0.93343538,0.13029379,1.00587105
mnist,fixed_phase,256,629,0.9306863,0.04575653,1.0124684
mnist,fixed_phase,256,630,0.93370684,0.07275525,1.00805311
mnist,fixed_phase,256,631,0.93997097,0.03433641,0.99638485
mnist,fixed_phase,256,632,0.94590349,0.02926662,1.03062228
mnist,fixed_phase,256,633,0.93618859,0.00592759,0.99176581
mnist,fixed_phase,256,634,0.9364522,0.03925731,1.00846986
mnist,fixed_phase,256,635,0.94020923,0.12083659,1.00161389
mnist,fixed_phase,256,636,0.93251744,0.0060552,1.00915346
mnist,fixed_phase,256,637,0.92920313,0.06404681,0.99165859
mnist,fixed_phase,256,638,0.94507625,0.11897882,0.99357083
mnist,fixed_phase,256,639,0.93962772,0.01340916,1.02727275
mnist,fixed_phase,256,640,0.94608991,0.01256517,1.00723346
mnist,fixed_phase,256,641,0.94035378,0.02963542,1.0084283
mnist,fixed_phase,256,642,0.94278737,0.03083758,0.98289454
mnist,fixed_phase,256,643,0.94135458,0.06391534,0.981394
mnist,fixed_phase,256,644,0.9424484,0.05244638,0.99663356
mnist,fixed_phase,256,645,0.9317177,0.12048143,0.99297245
mnist,fixed_phase,256,646,0.92835155,0.09404166,1.00129465
mnist,fixed_phase,256,647,0.93644373,0.04772879,1.001075
mnist,fixed_phase,256,648,0.94114672,0.01192828,1.01679423
mnist,fixed_phase,256,649,0.93517826,0.00895823,1.01333657
mnist,fixed_phase,256,650,0.93952399,0.02083133,0.99711662
mnist,fixed_phase,256,651,0.93594773,0.10407631,0.97342395
mnist,fixed_phase,256,652,0.93750757,0.02830233,0.99128597
mnist,fixed_phase,256,653,0.93625108,0.01437004,0.97499076
mnist,fixed_phase,256,654,0.93249233,0.05351565,0.98320281
mnist,fixed_phase,256,655,0.93476089,0.10048517,1.0020124
mnist,fixed_phase,256,656,0.93125382,0.05259783,0.98745784
mnist,fixed_phase,256,657,0.94516786,0.00638949,1.01248466
mnist,fixed_phase,256,658,0.93819151,0.00262393,1.02108885
mnist,fixed_phase,256,659,0.93419028,0.01795329,0.99349017
mnist,fixed_phase,256,660,0.94651365,0.07987069,1.02020923
mnist,fixed_phase,256,661,0.93298786,0.05171413,1.0134099
mnist,fixed_phase,256,662,0.93887635,0.07483548,0.98690792
mnist,fixed_phase,256,663,0.93305667,0.01408115,1.0015175
mnist,fixed_phase,256,664,0.9427918,0.0494044,0.97302606
mnist,fixed_phase,256,665,0.94696441,0.07500808,1.0010001
mnist,fixed_phase,256,666,0.94286681,0.05789412,1.00622159
mnist,fixed_phase,256,667,0.93397348,0.02365356,0.98522287
mnist,fixed_phase,256,668,0.94533469,0.03743711,0.98891948
mnist,fixed_phase,256,669,0.94750545,0.03562931,1.00364138
mnist,fixed_phase,256,670,0.94983437,0.01454134,0.992392
mnist,fixed_phase,256,671,0.94131761,0.02234918,1.00769863
mnist,fixed_phase,256,672,0.94433526,9.281e-05,1.00491699
mnist,fixed_phase,256,673,0.9348964,0.02205398,0.99128146
mnist,fixed_phase,256,674,0.93590695,0.02532433,0.97551577
mnist,fixed_phase,256,675,0.94662918,0.03023504,0.98705698
mnist,fixed_phase,256,676,0.94207608,0.05484906,1.02137887
mnist,fixed_phase,256,677,0.94196228,0.04830919,1.02122533
mnist,fixed_phase,256,678,0.94541552,0.0667617,0.99984565
mnist,fixed_phase,256,679,0.93564,0.00592386,0.98628372
mnist,fixed_phase,256,680,0.93062905,0.03855148,1.01820553
mnist,fixed_phase,256,681,0.94237749,0.02582743,1.01125768
mnist,fixed_phase,256,682,0.95156205,0.01419912,0.99733399
mnist,fixed_phase,256,683,0.93636349,0.0695949,1.02354022
mnist,fixed_phase,256,684,0.93708363,0.04296239,1.00970338
mnist,fixed_phase,256,685,0.94584494,0.04580044,0.99518389
mnist,fixed_phase,256,686,0.94027851,0.00245382,1.02211582
mnist,fixed_phase,256,687,0.94331168,0.0013463,1.00329203
mnist,fixed_phase,256,688,0.94453232,0.00073937,1.00086762
mnist,fixed_phase,256,689,0.94158599,0.016832,1.03730796
mnist,fixed_phase,256,690,0.9460784,0.0608399,0.98770674
mnist,fixed_phase,256,691,0.93483879,0.00266603,1.01531456
mnist,fixed_phase,256,692,0.94428423,0.04486771,0.97808197
mnist,fixed_phase,256,693,0.94900064,0.07414006,1.03131388
mnist,fixed_phase,256,694,0.93346596,0.06666637,0.98324093
mnist,fixed_phase,256,695,0.93583897,0.05423968,1.01875626
mnist,fixed_phase,256,696,0.94083815,0.00555039,0.98237244
mnist,fixed_phase,256,697,0.94533053,0.02312873,1.01884438
mnist,fixed_phase,256,698,0.93891381,0.05768632,0.9932199
mnist,fixed_phase,256,699,0.94111123,0.02019113,0.98344325
mnist,fixed_phase,256,700,0.93119719,0.05360444,1.02755566
mnist,fixed_phase,256,701,0.94017224,0.01953082,1.01462905
mnist,fixed_phase,256,702,0.93619643,0.01176085,1.00750198
mnist,fixed_phase,256,703,0.94233768,0.03634377,0.97707321
mnist,fixed_phase,256,704,0.93306797,0.0089961,0.98355468
mnist,fixed_phase,256,705,0.93614148,0.04114915,0.99606281
mnist,fixed_phase,256,706,0.9363428,0.00732521,1.01507717
mnist,fixed_phase,256,707,0.94126039,0.01281334,1.01334279
mnist,fixed_phase,256,708,0.93485042,0.03329815,1.00254396
mnist,fixed_phase,256,709,0.95386728,0.04654556,0.96465826
mnist,fixed_phase,256,710,0.94085126,0.03814774,0.98657521
mnist,fixed_phase,256,711,0.93952607,0.02192873,0.99858034
mnist,fixed_phase,256,712,0.93619946,0.0467689,0.98081292
mnist,fixed_phase,256,713,0.94088917,0.01663601,0.96609157
mnist,fixed_phase,256,714,0.9324044,0.00185039,1.0104401
mnist,fixed_phase,256,715,0.93435558,0.06482439,1.0057665
mnist,fixed_phase,256,716,0.9290268,0.02687626,1.01537029
mnist,fixed_phase,256,717,0.93876762,0.06610968,1.01503516
mnist,fixed_phase,256,718,0.93125657,0.0138186,0.9892785
mnist,fixed_phase,256,719,0.93583168,0.0044644,1.00350625
mnist,fixed_phase,256,720,0.93379476,0.01820018,0.98547647
mnist,fixed_phase,256,721,0.93900291,0.00939338,1.00504825
mnist,fixed_phase,256,722,0.93914431,0.07701784,0.98772923
mnist,fixed_phase,256,723,0.93577452,0.03663991,1.01313266
mnist,fixed_phase,256,724,0.9306825,0.03313923,1.01606821
mnist,fixed_phase,256,725,0.93772105,0.0422258,0.99732679
mnist,fixed_phase,256,726,0.94045819,0.03372315,0.99163139
mnist,fixed_phase,256,727,0.93233882,0.06722795,0.97636103
mnist,fixed_phase,256,728,0.93959763,0.05576088,0.97207906
mnist,fixed_phase,256,729,0.94447032,0.01194456,1.02574173
mnist,fixed_phase,256,730,0.93561772,0.01380721,0.9894389
mnist,fixed_phase,256,731,0.95088313,0.01460444,0.9836823
mnist,fixed_phase,256,732,0.93819181,0.03162359,0.99682827
mnist,fixed_phase,256,733,0.94400721,0.01280619,1.00038645
mnist,fixed_phase,256,734,0.93643166,0.00446074,0.9848126
mnist,fixed_phase,256,735,0.93334737,0.01746912,0.98200556
mnist,fixed_phase,256,736,0.93343292,0.0323364,1.0070984
mnist,fixed_phase,256,737,0.94568981,0.04284752,1.00721822
mnist,fixed_phase,256,738,0.94117204,0.04982957,0.99532367
mnist,fixed_phase,256,739,0.94743774,0.04507372,1.01044827
mnist,fixed_phase,256,740,0.93397601,0.0755505,0.98155974
mnist,fixed_phase,256,741,0.94132412,0.0238201,1.005954
mnist,fixed_phase,256,742,0.94343894,0.05041121,1.00038507
mnist,fixed_phase,256,743,0.94632066,0.05320016,1.01456996
mnist,fixed_phase,256,744,0.95340335,0.01162063,1.00498931
mnist,fixed_phase,256,745,0.9389934,0.05597629,0.99868864
mnist,fixed_phase,256,746,0.9381138,0.06209994,0.99682923
mnist,fixed_phase,256,747,0.93707739,0.0061838,0.99651253
mnist,fixed_phase,256,748,0.93554633,0.07014988,1.01909283
mnist,fixed_phase,256,749,0.94538698,0.00278043,1.0097605
mnist,fixed_phase,256,750,0.93131064,0.08027774,1.00403167
mnist,fixed_phase,256,751,0.93819401,0.05538403,0.99161292
mnist,fixed_phase,256,752,0.95088671,0.01013817,1.00061993
mnist,fixed_phase,256,753,0.94383124,0.01442393,0.98755758
mnist,fixed_phase,256,754,0.9407839,0.02157784,1.00415603
mnist,fixed_phase,256,755,0.94576099,0.05744834,0.99132579
mnist,fixed_phase,256,756,0.93905224,0.03961617,1.00419637
mnist,fixed_phase,256,757,0.93448739,0.05889749,1.00283633
mnist,fixed_phase,256,758,0.94743612,0.01677035,0.99056634
mnist,fixed_phase,256,759,0.94668414,0.08122663,1.01050868
mnist,fixed_phase,256,760,0.94803053,0.03675278,1.03611362
mnist,fixed_phase,256,761,0.94241698,0.00383868,1.0148428
mnist,fixed_phase,256,762,0.93497322,0.04439951,1.01833252
mnist,fixed_phase,256,763,0.94698061,0.05473363,1.00576353
mnist,fixed_phase,256,764,0.93215094,0.00728708,1.02006415
mnist,fixed_phase,256,765,0.93795096,0.01545392,1.00406811
mnist,fixed_phase,256,766,0.94399129,0.11365489,1.00209338
mnist,fixed_phase,256,767,0.93896908,0.03277871,1.00743437
mnist,fixed_phase,256,768,0.94185755,0.08254423,1.00443101
mnist,fixed_phase,256,769,0.93530412,0.0244341,1.00534363
mnist,fixed_phase,256,770,0.94860475,0.06673593,0.99660304
mnist,fixed_phase,256,771,0.93375875,0.0451326,1.01230522
mnist,fixed_phase,256,772,0.94074666,0.06489286,0.99762363
mnist,fixed_phase,256,773,0.94625431,0.04874625,0.99729167
mnist,fixed_phase,256,774,0.93930382,0.04066972,0.99414789
mnist,fixed_phase,256,775,0.93027752,0.07668447,0.97563486
mnist,fixed_phase,256,776,0.93725652,0.00388459,0.99696337
mnist,fixed_phase,256,777,0.93314414,0.01329699,1.01127243
mnist,fixed_phase,256,778,0.93345035,0.08176511,0.99238128
mnist,fixed_phase,256,779,0.93794563,0.00498016,0.98792771
mnist,fixed_phase,256,780,0.93440402,0.00519802,1.03357758
mnist,fixed_phase,256,781,0.94071207,0.07079562,0.99628526
mnist,fixed_phase,256,782,0.93001848,0.05067823,1.05464926
mnist,fixed_phase,256,783,0.93379895,0.03637951,1.02242805
mnist,fixed_phase,256,784,0.93133531,0.04354673,1.01501271
mnist,fixed_phase,256,785,0.95349153,0.05556423,0.9909901
mnist,fixed_phase,256,786,0.93085178,0.0191363,0.99342188
mnist,fixed_phase,256,787,0.94427695,0.01044151,0.99791524
mnist,fixed_phase,256,788,0.93646357,0.06931753,0.97132636
mnist,fixed_phase,256,789,0.93766679,0.01783943,1.01597216
mnist,fixed_phase,256,790,0.94538407,0.04919793,1.01399477
mnist,fixed_phase,256,791,0.94566821,0.07361341,0.98803375
mnist,fixed_phase,256,792,0.94359975,0.04601542,1.01159812
mnist,fixed_phase,256,793,0.94488936,0.01254533,0.99926356
mnist,fixed_phase,256,794,0.93611603,0.06660209,1.0177716
mnist,fixed_phase,256,795,0.93162195,0.01357428,0.98924889
mnist,fixed_phase,256,796,0.92900348,0.02996982,1.01648669
mnist,fixed_phase,256,797,0.93009225,0.03936269,0.99615075
mnist,fixed_phase,256,798,0.9399535,0.04304351,1.01996501
mnist,fixed_phase,256,799,0.93200034,0.12461612,1.00325825
mnist,fixed_phase,256,800,0.95010809,0.01215966,1.00225236
mnist,fixed_phase,256,801,0.94822878,0.00073219,1.01008455
mnist,fixed_phase,256,802,0.93007025,0.00327267,0.99675169
mnist,fixed_phase,256,803,0.93700926,0.07847174,1.01568689
mnist,fixed_phase,256,804,0.93012219,0.0622105,1.00523393
mnist,fixed_phase,256,805,0.93382409,0.06438475,0.99269495
mnist,fixed_phase,256,806,0.93627516,0.00154046,0.9844124
mnist,fixed_phase,256,807,0.94917422,0.04110121,0.98000968
mnist,fixed_phase,256,808,0.93390643,0.03719288,0.99706651
mnist,fixed_phase,256,809,0.93506302,0.06402512,0.97205515
mnist,fixed_phase,256,810,0.93909363,0.01849494,1.02186159
mnist,fixed_phase,256,811,0.93750103,0.05406259,0.97972804
mnist,fixed_phase,256,812,0.94302665,0.10382481,1.02122581
mnist,fixed_phase,256,813,0.94272865,0.0169678,1.00186983
mnist,fixed_phase,256,814,0.94226373,0.00388661,0.99905079
mnist,fixed_phase,256,815,0.95193875,0.02538961,1.01564318
mnist,fixed_phase,256,816,0.95223031,0.02730151,1.01084064
mnist,fixed_phase,256,817,0.93683823,0.10660248,0.96593291
mnist,fixed_phase,256,818,0.94386059,0.03144234,0.98389679
mnist,fixed_phase,256,819,0.94413506,0.02320912,0.96296844
mnist,fixed_phase,256,820,0.93339927,0.01340711,1.01897562
mnist,fixed_phase,256,821,0.93479877,0.06940615,0.99622598
mnist,fixed_phase,256,822,0.95262105,0.00438922,1.01765759
mnist,fixed_phase,256,823,0.93275996,0.02729056,0.99599387
mnist,fixed_phase,256,824,0.93825382,0.03177675,1.0002565
mnist,fixed_phase,256,825,0.93606732,0.03137791,1.02953721
mnist,fixed_phase,256,826,0.9326264,0.01178785,1.00294983
mnist,fixed_phase,256,827,0.94782903,0.06623904,0.99945109
mnist,fixed_phase,256,828,0.93887166,0.0216102,0.98910405
mnist,fixed_phase,256,829,0.94396427,0.06775158,1.0125749
mnist,fixed_phase,256,830,0.95611935,0.00938058,1.00264886
mnist,fixed_phase,256,831,0.93648831,0.05130728,0.98706345
mnist,fixed_phase,256,832,0.93807083,0.06331787,0.98328595
mnist,fixed_phase,256,833,0.93649099,0.02424899,1.01096745
mnist,fixed_phase,256,834,0.9504148,0.00805806,1.00912189
mnist,fixed_phase,256,835,0.94471893,0.06024978,1.00047581
mnist,fixed_phase,256,836,0.93390009,0.05999068,0.99923672
mnist,fixed_phase,256,837,0.9278938,0.04513161,0.98448605
mnist,fixed_phase,256,838,0.93668706,0.00988126,0.97635826
mnist,fixed_phase,256,839,0.94120385,0.07339703,1.02009649
mnist,fixed_phase,256,840,0.94495754,0.08011147,0.99449997
mnist,fixed_phase,256,841,0.94552397,0.01526947,0.99447173
mnist,fixed_phase,256,842,0.93551319,0.10292934,0.99443393
mnist,fixed_phase,256,843,0.94942278,0.05531998,1.01089753
mnist,fixed_phase,256,844,0.9329837,0.06959715,0.9768763
mnist,fixed_phase,256,845,0.9343828,0.01843732,0.99547928
mnist,fixed_phase,256,846,0.93331073,0.02836416,0.98776802
mnist,fixed_phase,256,847,0.94587146,0.02931493,1.0038502
mnist,fixed_phase,256,848,0.95075893,0.00355805,0.99333024
mnist,fixed_phase,256,849,0.94129948,0.03346581,1.00665789
mnist,fixed_phase,256,850,0.94412721,0.03174831,1.00906264
mnist,fixed_phase,256,851,0.94083778,0.01669582,0.98553476
mnist,fixed_phase,256,852,0.94549669,0.03391577,1.00037216
mnist,fixed_phase,256,853,0.94815064,0.02852096,1.02484179
mnist,fixed_phase,256,854,0.92953591,0.08944417,0.99909737
mnist,fixed_phase,256,855,0.9425437,0.0434799,0.98519788
mnist,fixed_phase,256,856,0.94075306,0.10382092,1.01711733
mnist,fixed_phase,256,857,0.94775646,0.00089386,1.00531596
mnist,fixed_phase,256,858,0.955683,0.04050245,1.02574467
mnist,fixed_phase,256,859,0.952555,0.00188015,0.99982055
mnist,fixed_phase,256,860,0.93464705,0.04596021,1.00140519
mnist,fixed_phase,256,861,0.93525385,0.04207969,1.0137992
mnist,fixed_phase,256,862,0.94121675,0.04057682,1.03109269
mnist,fixed_phase,256,863,0.93001809,0.03098221,0.97994711
mnist,fixed_phase,256,864,0.94258013,0.0084347,0.99142625
mnist,fixed_phase,256,865,0.93908192,0.03519482,0.9968497
mnist,fixed_phase,256,866,0.93538883,0.05251477,0.99518075
mnist,fixed_phase,256,867,0.94358394,0.02332385,1.00225324
mnist,fixed_phase,256,868,0.93688826,0.04239996,0.99951679
mnist,fixed_phase,256,869,0.93961686,0.10907839,1.0106006
mnist,fixed_phase,256,870,0.9367893,0.03813627,0.98395622
mnist,fixed_phase,256,871,0.9448414,0.02252145,1.02179578
mnist,fixed_phase,256,872,0.94454959,0.07451654,1.01669697
mnist,fixed_phase,256,873,0.93724293,0.1317959,0.99288577
mnist,fixed_phase,256,874,0.93887759,0.01165313,1.00946533
mnist,fixed_phase,256,875,0.9355369,0.01094005,1.00133061
mnist,fixed_phase,256,876,0.936032,0.01382725,1.00973585
mnist,fixed_phase,256,877,0.94512133,0.02299627,1.01601745
mnist,fixed_phase,256,878,0.9332175,0.06030884,0.98904251
mnist,fixed_phase,256,879,0.95242898,0.00102126,0.99758857
mnist,fixed_phase,256,880,0.93694688,0.0048362,1.01159362
mnist,fixed_phase,256,881,0.93775779,0.0773359,0.98395495
mnist,fixed_phase,256,882,0.93339945,0.04727497,1.02607313
mnist,fixed_phase,256,883,0.94633748,0.01241965,1.01726203
mnist,fixed_phase,256,884,0.93712227,0.08058814,1.02235375
mnist,fixed_phase,256,885,0.94353359,0.0268409,0.99639519
mnist,fixed_phase,256,886,0.94239698,0.03730113,1.00646672
mnist,fixed_phase,256,887,0.94910002,0.02017911,0.98843366
mnist,fixed_phase,256,888,0.93340194,0.05591602,1.02143676
mnist,fixed_phase,256,889,0.94180046,0.03851219,0.99329721
mnist,fixed_phase,256,890,0.95004809,0.03711587,0.98665593
mnist,fixed_phase,256,891,0.94003517,0.07536056,0.9887614
mnist,fixed_phase,256,892,0.92836234,0.04552039,1.00263789
mnist,fixed_phase,256,893,0.94088415,0.02622182,0.98052669
mnist,fixed_phase,256,894,0.93638708,0.05197774,0.99205986
mnist,fixed_phase,256,895,0.94309538,0.00128484,0.98547414
mnist,fixed_phase,256,896,0.93749762,0.00410878,0.97616537
mnist,fixed_phase,256,897,0.93036416,0.00528009,1.02397403
mnist,fixed_phase,256,898,0.94428743,0.00441469,0.99478941
mnist,fixed_phase,256,899,0.92870644,0.02263902,1.00913518
mnist,fixed_phase,256,900,0.93349664,0.01332373,1.01196911
mnist,fixed_phase,256,901,0.93902792,0.05467731,1.02317905
mnist,fixed_phase,256,902,0.94300545,0.07976011,0.99295955
mnist,fixed_phase,256,903,0.94525557,0.01539658,0.97975258
mnist,fixed_phase,256,904,0.94510699,0.02206084,1.01714271
mnist,fixed_phase,256,905,0.93898638,0.0164183,0.97668351
mnist,fixed_phase,256,906,0.93221038,0.0284022,0.98054409
mnist,fixed_phase,256,907,0.93454415,0.01581183,1.0149342
mnist,fixed_phase,256,908,0.94082555,0.04311897,1.00875361
mnist,fixed_phase,256,909,0.93458299,0.05889125,0.98681645
mnist,fixed_phase,256,910,0.94178099,0.01957416,1.01519326
mnist,fixed_phase,256,911,0.93600243,0.02844378,0.99207746
mnist,fixed_phase,256,912,0.95077036,0.04789673,0.97980677
mnist,fixed_phase,256,913,0.92531643,0.00957841,0.99150407
mnist,fixed_phase,256,914,0.93547277,0.02015538,1.00020318
mnist,fixed_phase,256,915,0.94648059,0.00136641,1.00728995
mnist,fixed_phase,256,916,0.93588086,0.082491,1.02860025
mnist,fixed_phase,256,917,0.949311,0.00980206,0.99718554
mnist,fixed_phase,256,918,0.94459804,0.09109354,1.00916649
mnist,fixed_phase,256,919,0.94847703,0.02663063,0.99740802
mnist,fixed_phase,256,920,0.93906798,0.09199922,0.99223489
mnist,fixed_phase,256,921,0.93541579,0.0549738,1.011773
mnist,fixed_phase,256,922,0.93655298,0.06790908,0.99700756
mnist,fixed_phase,256,923,0.94433467,0.13358643,0.99870439
mnist,fixed_phase,256,924,0.96202683,0.02582414,1.0056641
mnist,fixed_phase,256,925,0.94091646,0.02741811,0.99985312
mnist,fixed_phase,256,926,0.94265219,0.02666956,1.00704794
mnist,fixed_phase,256,927,0.94506901,0.03395613,0.99407089
mnist,fixed_phase,256,928,0.9459925,0.02034473,0.99581445
mnist,fixed_phase,256,929,0.94290288,0.02488948,0.97067575
mnist,fixed_phase,256,930,0.94257774,0.02880593,0.97401882
mnist,fixed_phase,256,931,0.93694462,0.08275608,0.98432679
mnist,fixed_phase,256,932,0.94516557,0.00304575,0.98409298
mnist,fixed_phase,256,933,0.94125015,0.06528684,1.01932752
mnist,fixed_phase,256,934,0.93450008,0.01805553,1.00716958
mnist,fixed_phase,256,935,0.94802249,0.01900535,0.99404592
mnist,fixed_phase,256,936,0.93323491,0.05129197,1.00257889
mnist,fixed_phase,256,937,0.94455357,0.08197059,1.01372348
mnist,fixed_phase,256,938,0.94034847,0.01497298,1.01045
mnist,fixed_phase,256,939,0.93064876,0.08769729,1.00362341
mnist,fixed_phase,256,940,0.94227418,0.06281465,1.02426831
mnist,fixed_phase,256,941,0.94401232,0.04382015,0.9808396
mnist,fixed_phase,256,942,0.94159326,0.0867159,0.97240152
mnist,fixed_phase,256,943,0.93901544,0.00845338,1.00278083
mnist,fixed_phase,256,944,0.94042062,0.00084813,1.01746357
mnist,fixed_phase,256,945,0.93640115,0.00209244,1.01552122
mnist,fixed_phase,256,946,0.93623779,0.02373186,0.9763244
mnist,fixed_phase,256,947,0.94521641,0.06042879,1.00135042
mnist,fixed_phase,256,948,0.93688829,0.01283553,0.98643349
mnist,fixed_phase,256,949,0.93992755,0.0719768,1.00135681
mnist,fixed_phase,256,950,0.93245674,0.00502198,1.0078376
mnist,fixed_phase,256,951,0.93533649,0.01888329,0.98115035
mnist,fixed_phase,256,952,0.94123134,0.07321553,0.98562195
mnist,fixed_phase,256,953,0.94041243,0.03147987,1.01511054
mnist,fixed_phase,256,954,0.93953817,0.05091469,1.00680993
mnist,fixed_phase,256,955,0.95082036,0.03926231,1.02217536
mnist,fixed_phase,256,956,0.93977866,0.0023295,1.01241653
mnist,fixed_phase,256,957,0.94228673,0.00902618,1.01026824
mnist,fixed_phase,256,958,0.94553871,0.0738207,0.98758027
mnist,fixed_phase,256,959,0.93701707,0.05226968,0.99776701
mnist,fixed_phase,256,960,0.9384577,0.01387259,0.98992167
mnist,fixed_phase,256,961,0.939217,0.01074344,0.98769144
mnist,fixed_phase,256,962,0.94260125,0.06852793,1.02457367
mnist,fixed_phase,256,963,0.94108164,0.02407767,0.99533067
mnist,fixed_phase,256,964,0.93694389,0.08746917,1.00505198
mnist,fixed_phase,256,965,0.94108168,0.10081039,1.00687506
mnist,fixed_phase,256,966,0.92708187,0.00285363,1.0128308
mnist,fixed_phase,256,967,0.93822153,0.05708981,0.99521175
mnist,fixed_phase,256,968,0.942271,0.05640722,1.01546937
mnist,fixed_phase,256,969,0.93822734,0.02903811,1.0162768
mnist,fixed_phase,256,970,0.94189252,0.05556222,1.00502247
mnist,fixed_phase,256,971,0.93735227,0.07468383,1.00265952
mnist,fixed_phase,256,972,0.93577883,0.00094766,0.99699481
mnist,fixed_phase,256,973,0.92955085,0.06192158,1.03188814
mnist,fixed_phase,256,974,0.94363719,0.04178378,0.99635002
mnist,fixed_phase,256,975,0.93765206,0.01984651,0.99595294
mnist,fixed_phase,256,976,0.94143124,0.05332875,1.00330502
mnist,fixed_phase,256,977,0.93729165,0.0055661,0.9804459
mnist,fixed_phase,256,978,0.94968365,0.04635125,0.99708296
mnist,fixed_phase,256,979,0.94247174,0.01470017,1.00699165
mnist,fixed_phase,256,980,0.93694272,0.01085881,0.97994131
mnist,fixed_phase,256,981,0.93984828,0.04535195,0.97880463
mnist,fixed_phase,256,982,0.9346235,0.05230247,0.99792764
mnist,fixed_phase,256,983,0.9358009,0.06462094,1.00011405
mnist,fixed_phase,256,984,0.94473748,0.03412481,0.9914761
mnist,fixed_phase,256,985,0.9302424,0.01659741,1.00029263
mnist,fixed_phase,256,986,0.94112063,0.0087255,1.01788914
mnist,fixed_phase,256,987,0.93078288,0.0173212,0.97618099
mnist,fixed_phase,256,988,0.95431472,0.06126166,1.01720816
mnist,fixed_phase,256,989,0.94551685,0.0579953,1.02369877
mnist,fixed_phase,256,990,0.93576692,0.04156025,0.99975546
mnist,fixed_phase,256,991,0.94310317,0.03686703,1.00899871
mnist,fixed_phase,256,992,0.95224295,0.03044681,0.98554171
mnist,fixed_phase,256,993,0.94388211,0.02427009,0.98514943
mnist,fixed_phase,256,994,0.93332448,0.02185248,0.97782761
mnist,fixed_phase,256,995,0.94204282,0.04273615,1.00754281
mnist,fixed_phase,256,996,0.94096561,0.10244576,0.97668013
mnist,fixed_phase,256,997,0.93400576,0.03475435,0.99833611
mnist,fixed_phase,256,998,0.94525112,0.08408741,0.98977717
mnist,fixed_phase,256,999,0.92567653,0.07792288,1.01385822
mnist,fixed_phase,512,0,0.93644134,0.01633795,1.0062838
mnist,fixed_phase,512,1,0.93207896,0.07757749,0.98532102
mnist,fixed_phase,512,2,0.93980709,0.00644478,0.98747239
mnist,fixed_phase,512,3,0.93269043,0.09097972,1.00266792
mnist,fixed_phase,512,4,0.94168756,0.05756357,1.01326267
mnist,fixed_phase,512,5,0.94852,0.03449734,0.99397846
mnist,fixed_phase,512,6,0.94274528,0.10224551,1.01951684
mnist,fixed_phase,512,7,0.94320678,0.00411757,0.99050548
mnist,fixed_phase,512,8,0.94360675,0.05509132,0.99911052
mnist,fixed_phase,512,9,0.93413402,0.01659838,1.01048632
mnist,fixed_phase,512,10,0.93430878,0.08905009,0.99607197
mnist,fixed_phase,512,11,0.9459934,0.02796576,1.00361
mnist,fixed_phase,512,12,0.93434485,0.00888305,1.00859183
mnist,fixed_phase,512,13,0.94332109,0.08103458,1.02360921
mnist,fixed_phase,512,14,0.93808485,0.01014965,0.97010632
mnist,fixed_phase,512,15,0.94243546,0.02999847,0.99793959
mnist,fixed_phase,512,16,0.94285287,0.07881939,1.00187943
mnist,fixed_phase,512,17,0.93824943,0.07923587,0.99750711
mnist,fixed_phase,512,18,0.93637982,0.02783503,1.02207097
mnist,fixed_phase,512,19,0.94241899,0.06211339,0.99886272
mnist,fixed_phase,512,20,0.94715014,0.04072019,0.99201939
mnist,fixed_phase,512,21,0.92759507,0.02154955,1.00254562
mnist,fixed_phase,512,22,0.93247265,0.00010159,1.02457818
mnist,fixed_phase,512,23,0.94377779,0.02818484,0.99826148
mnist,fixed_phase,512,24,0.93893692,0.00140823,1.00550729
mnist,fixed_phase,512,25,0.92933686,0.08020601,1.00325496
mnist,fixed_phase,512,26,0.94097877,0.05475833,1.00324461
mnist,fixed_phase,512,27,0.94505036,0.05292927,0.99753152
mnist,fixed_phase,512,28,0.93784243,0.00786188,1.00499887
mnist,fixed_phase,512,29,0.93882224,0.04060612,1.02184505
mnist,fixed_phase,512,30,0.94090174,0.01464526,0.99073557
mnist,fixed_phase,512,31,0.94041937,0.0064576,0.97583601
mnist,fixed_phase,512,32,0.93729218,0.01533973,1.02127357
mnist,fixed_phase,512,33,0.94405639,0.01753673,0.98637276
mnist,fixed_phase,512,34,0.93273378,0.00825663,0.99667025
mnist,fixed_phase,512,35,0.95182029,0.04631897,1.0143448
mnist,fixed_phase,512,36,0.94083427,0.03580245,0.98979636
mnist,fixed_phase,512,37,0.9429567,0.02054254,0.98834528
mnist,fixed_phase,512,38,0.93364653,0.01746779,1.00537201
mnist,fixed_phase,512,39,0.93978838,0.14309894,1.02015113
mnist,fixed_phase,512,40,0.94483346,0.0843348,0.98471059
mnist,fixed_phase,512,41,0.9375394,0.01786089,0.96693713
mnist,fixed_phase,512,42,0.94629019,0.04435869,0.98943902
mnist,fixed_phase,512,43,0.93679469,0.03173026,1.01525119
mnist,fixed_phase,512,44,0.94057243,0.01802758,0.99980943
mnist,fixed_phase,512,45,0.93992483,0.01433707,0.94772328
mnist,fixed_phase,512,46,0.93840862,0.00667454,0.99893076
mnist,fixed_phase,512,47,0.93507014,0.05867093,1.00120292
mnist,fixed_phase,512,48,0.94635834,0.00874598,0.99173204
mnist,fixed_phase,512,49,0.94683673,0.0460607,1.0061427
mnist,fixed_phase,512,50,0.93434079,0.0630705,0.98995991
mnist,fixed_phase,512,51,0.93568361,0.05686456,1.01509475
mnist,fixed_phase,512,52,0.92970681,0.06851914,1.01246867
mnist,fixed_phase,512,53,0.93510443,0.00459003,1.00863373
mnist,fixed_phase,512,54,0.94510934,0.05506503,1.00855175
mnist,fixed_phase,512,55,0.93841845,0.03500676,0.98652485
mnist,fixed_phase,512,56,0.93616175,0.02691269,0.9896713
mnist,fixed_phase,512,57,0.94643703,0.01143028,1.00530414
mnist,fixed_phase,512,58,0.94062832,0.06495681,1.00501633
mnist,fixed_phase,512,59,0.93665662,0.03254647,1.00891573
mnist,fixed_phase,512,60,0.93677118,0.04818231,0.97797371
mnist,fixed_phase,512,61,0.94413175,0.0652142,1.01123389
mnist,fixed_phase,512,62,0.9348011,0.08163518,0.99730115
mnist,fixed_phase,512,63,0.93807709,0.10695257,0.94380296
mnist,fixed_phase,512,64,0.93573807,0.02767208,0.99418453
mnist,fixed_phase,512,65,0.93757933,0.05013929,1.02156087
mnist,fixed_phase,512,66,0.94302482,0.04776353,1.00503987
mnist,fixed_phase,512,67,0.93408872,0.0172749,1.02365605
mnist,fixed_phase,512,68,0.93780684,0.0734576,0.97996405
mnist,fixed_phase,512,69,0.94030287,0.05314693,1.00058035
mnist,fixed_phase,512,70,0.93066448,0.02663498,0.99759322
mnist,fixed_phase,512,71,0.93999276,0.02797778,0.96700937
mnist,fixed_phase,512,72,0.93540555,0.03693382,0.99268986
mnist,fixed_phase,512,73,0.93681493,0.00195639,0.97585976
mnist,fixed_phase,512,74,0.93814413,0.01070224,0.99976058
mnist,fixed_phase,512,75,0.93605025,0.07319347,0.9935697
mnist,fixed_phase,512,76,0.93950323,0.02253461,0.97324686
mnist,fixed_phase,512,77,0.93537433,0.02464296,0.98317757
mnist,fixed_phase,512,78,0.92978074,0.01333153,1.00575814
mnist,fixed_phase,512,79,0.94605776,0.15932382,1.02564005
mnist,fixed_phase,512,80,0.94688864,0.05722393,0.9707581
mnist,fixed_phase,512,81,0.9446705,0.01861335,0.98140173
mnist,fixed_phase,512,82,0.9449312,0.02415441,0.98597173
mnist,fixed_phase,512,83,0.94156133,0.08508618,0.99174858
mnist,fixed_phase,512,84,0.94605988,0.07619866,0.98987915
mnist,fixed_phase,512,85,0.94957722,0.03419291,0.99025546
mnist,fixed_phase,512,86,0.95093853,0.00145198,0.99275376
mnist,fixed_phase,512,87,0.93992671,0.05272295,0.99314261
mnist,fixed_phase,512,88,0.94117022,0.03925472,0.99125895
mnist,fixed_phase,512,89,0.93919369,0.00222263,0.98541288
mnist,fixed_phase,512,90,0.94832481,0.07799619,1.01281577
mnist,fixed_phase,512,91,0.93521264,0.04871936,0.98334649
mnist,fixed_phase,512,92,0.93267765,0.05242427,1.0200465
mnist,fixed_phase,512,93,0.93786622,0.02744188,1.00836395
mnist,fixed_phase,512,94,0.94086087,0.00083365,1.00854774
mnist,fixed_phase,512,95,0.93781329,0.03313787,1.006524
mnist,fixed_phase,512,96,0.94319359,0.00220336,0.99767583
mnist,fixed_phase,512,97,0.94466934,0.0246405,1.00870967
mnist,fixed_phase,512,98,0.93061655,0.05761186,0.97264237
mnist,fixed_phase,512,99,0.93476475,0.03270006,1.01028051
mnist,fixed_phase,512,100,0.94370579,0.05322938,0.99475975
mnist,fixed_phase,512,101,0.93063788,0.0092989,1.02173661
mnist,fixed_phase,512,102,0.94534575,0.0124988,0.99862102
mnist,fixed_phase,512,103,0.9393107,0.12643769,0.99859265
mnist,fixed_phase,512,104,0.93575265,0.02010665,1.02206973
mnist,fixed_phase,512,105,0.94069892,0.02792606,1.00890474
mnist,fixed_phase,512,106,0.93373781,0.0378416,0.99016942
mnist,fixed_phase,512,107,0.94477974,0.02963714,0.97261906
mnist,fixed_phase,512,108,0.93777079,0.08268528,0.97940438
mnist,fixed_phase,512,109,0.94171943,0.1411715,1.01148517
mnist,fixed_phase,512,110,0.9332285,0.00285959,1.00774674
mnist,fixed_phase,512,111,0.93456703,0.02555839,1.01253259
mnist,fixed_phase,512,112,0.9448257,0.04261892,1.00165138
mnist,fixed_phase,512,113,0.92967487,0.01058488,1.01109611
mnist,fixed_phase,512,114,0.92694981,0.02832729,1.02557048
mnist,fixed_phase,512,115,0.93244181,0.00513474,0.99945648
mnist,fixed_phase,512,116,0.94254252,0.01008936,0.99018889
mnist,fixed_phase,512,117,0.93382842,0.022123,0.95989618
mnist,fixed_phase,512,118,0.93914996,0.11898928,1.00634388
mnist,fixed_phase,512,119,0.94309353,0.0214475,1.00409087
mnist,fixed_phase,512,120,0.93873986,0.0315937,1.01877156
mnist,fixed_phase,512,121,0.9440105,0.03298512,1.01418746
mnist,fixed_phase,512,122,0.93546246,0.02403893,0.99477369
mnist,fixed_phase,512,123,0.92608095,0.01467636,0.9866096
mnist,fixed_phase,512,124,0.93548779,0.03289189,0.99731722
mnist,fixed_phase,512,125,0.94193393,0.00072075,1.00876377
mnist,fixed_phase,512,126,0.93733683,0.08005974,1.00489549
mnist,fixed_phase,512,127,0.93822485,0.10269241,1.01182336
mnist,fixed_phase,512,128,0.93789295,0.1320799,0.98118539
mnist,fixed_phase,512,129,0.93918151,0.01584039,0.9937378
mnist,fixed_phase,512,130,0.95089078,0.00189834,0.96986828
mnist,fixed_phase,512,131,0.94452627,0.0714252,0.99555393
mnist,fixed_phase,512,132,0.93536942,0.03929243,1.00514519
mnist,fixed_phase,512,133,0.93481478,0.07002198,1.0274745
mnist,fixed_phase,512,134,0.93460012,0.02786206,1.01094323
mnist,fixed_phase,512,135,0.94355758,0.0446033,1.00290916
mnist,fixed_phase,512,136,0.93271353,0.03709436,0.97446243
mnist,fixed_phase,512,137,0.94254459,0.0335651,0.99900959
mnist,fixed_phase,512,138,0.93841591,0.01412419,0.99101533
mnist,fixed_phase,512,139,0.93107795,0.06252603,1.00682188
mnist,fixed_phase,512,140,0.94023845,0.05529,1.00376377
mnist,fixed_phase,512,141,0.93744119,0.05931636,1.02269891
mnist,fixed_phase,512,142,0.94106459,0.01504481,0.9957397
mnist,fixed_phase,512,143,0.94460881,0.02511773,0.97787357
mnist,fixed_phase,512,144,0.94719139,0.09608715,1.01621579
mnist,fixed_phase,512,145,0.93940172,0.02666055,1.00774441
mnist,fixed_phase,512,146,0.93570626,0.07667148,1.00395564
mnist,fixed_phase,512,147,0.94173328,0.02416384,1.01217405
mnist,fixed_phase,512,148,0.94875412,0.04996412,1.013663
mnist,fixed_phase,512,149,0.93998147,0.0652301,1.00310611
mnist,fixed_phase,512,150,0.94458768,0.00527938,0.98700962
mnist,fixed_phase,512,151,0.93638816,0.01599796,1.01781395
mnist,fixed_phase,512,152,0.92838278,0.01163752,1.02092297
mnist,fixed_phase,512,153,0.9383075,0.04406404,1.01564718
mnist,fixed_phase,512,154,0.94048483,0.00705344,1.00624815
mnist,fixed_phase,512,155,0.94204855,0.01051282,0.99087875
mnist,fixed_phase,512,156,0.93949889,0.11087931,0.98684094
mnist,fixed_phase,512,157,0.94026482,0.03850246,0.97518647
mnist,fixed_phase,512,158,0.93809005,0.0062499,0.98001179
mnist,fixed_phase,512,159,0.94595112,0.00792331,0.98919235
mnist,fixed_phase,512,160,0.94554966,0.01213781,0.97616136
mnist,fixed_phase,512,161,0.94250518,0.00493936,1.00377299
mnist,fixed_phase,512,162,0.93579109,0.08717362,0.98657551
mnist,fixed_phase,512,163,0.93941341,0.03950301,0.98994525
mnist,fixed_phase,512,164,0.93628664,0.01529067,0.98720405
mnist,fixed_phase,512,165,0.93821345,0.07716692,1.00829227
mnist,fixed_phase,512,166,0.93317161,0.04736397,0.99056699
mnist,fixed_phase,512,167,0.9328156,0.01070067,1.02370058
mnist,fixed_phase,512,168,0.93398887,0.00089058,1.00832748
mnist,fixed_phase,512,169,0.94131495,0.00887805,1.00318189
mnist,fixed_phase,512,170,0.93963037,0.02342212,0.97734704
mnist,fixed_phase,512,171,0.94122391,0.01944934,0.97787209
mnist,fixed_phase,512,172,0.95013931,0.00487057,1.00110717
mnist,fixed_phase,512,173,0.93504048,0.06155446,0.98655695
mnist,fixed_phase,512,174,0.94454302,0.00458015,1.00055649
mnist,fixed_phase,512,175,0.94567912,0.02165091,0.99821231
mnist,fixed_phase,512,176,0.94518187,0.00500985,0.99371896
mnist,fixed_phase,512,177,0.9399505,0.05313522,1.01476003
mnist,fixed_phase,512,178,0.94228396,0.07318071,1.01360188
mnist,fixed_phase,512,179,0.93658431,0.03853637,0.9687197
mnist,fixed_phase,512,180,0.94213929,0.00397721,0.99299838
mnist,fixed_phase,512,181,0.93385323,0.05671277,0.99450741
mnist,fixed_phase,512,182,0.93401703,0.06441641,1.02044093
mnist,fixed_phase,512,183,0.94015007,0.00560482,0.99922447
mnist,fixed_phase,512,184,0.92990847,0.07406536,0.99188094
mnist,fixed_phase,512,185,0.93203384,0.07758677,1.00565051
mnist,fixed_phase,512,186,0.9431777,0.06414635,1.00757401
mnist,fixed_phase,512,187,0.92805224,0.0030337,1.01439168
mnist,fixed_phase,512,188,0.94232169,0.09525281,0.99430277
mnist,fixed_phase,512,189,0.94191027,0.04565222,1.00605569
mnist,fixed_phase,512,190,0.94761716,0.09482012,0.97361676
mnist,fixed_phase,512,191,0.93943033,0.03193282,1.00650892
mnist,fixed_phase,512,192,0.94784109,0.03951773,1.00082645
mnist,fixed_phase,512,193,0.94494402,0.01822024,1.01057606
mnist,fixed_phase,512,194,0.93860133,0.07974023,0.99116978
mnist,fixed_phase,512,195,0.95042644,0.04040475,1.00029681
mnist,fixed_phase,512,196,0.93411313,0.06455779,0.97180732
mnist,fixed_phase,512,197,0.93786549,0.08028733,0.98236385
mnist,fixed_phase,512,198,0.9458816,0.02097118,1.01976395
mnist,fixed_phase,512,199,0.93832494,0.03242311,0.97464013
mnist,fixed_phase,512,200,0.93978891,0.00572886,0.98021599
mnist,fixed_phase,512,201,0.92640754,0.05410695,0.98416874
mnist,fixed_phase,512,202,0.94388152,0.06122332,1.00117235
mnist,fixed_phase,512,203,0.93530586,0.00310496,1.0152715
mnist,fixed_phase,512,204,0.93786988,0.03125693,1.00238361
mnist,fixed_phase,512,205,0.94216543,0.0314566,0.98808751
mnist,fixed_phase,512,206,0.94688402,0.01019027,1.011707
mnist,fixed_phase,512,207,0.95079238,0.04013698,0.98995076
mnist,fixed_phase,512,208,0.93504182,0.00798368,1.00503067
mnist,fixed_phase,512,209,0.92729969,0.04892185,0.97414398
mnist,fixed_phase,512,210,0.94897811,0.05082957,1.01682408
mnist,fixed_phase,512,211,0.93414285,0.03690304,1.00099287
mnist,fixed_phase,512,212,0.94033594,0.02782735,0.97318159
mnist,fixed_phase,512,213,0.94388069,0.03407056,0.99951223
mnist,fixed_phase,512,214,0.94064407,0.08209048,0.97908585
mnist,fixed_phase,512,215,0.9413065,0.05700307,1.00729956
mnist,fixed_phase,512,216,0.9310203,0.10499846,0.9655027
mnist,fixed_phase,512,217,0.92691778,0.01237136,0.99931828
mnist,fixed_phase,512,218,0.94467184,0.03639833,0.98629449
mnist,fixed_phase,512,219,0.94415983,0.06460186,0.99878324
mnist,fixed_phase,512,220,0.93249388,0.01197447,0.9887957
mnist,fixed_phase,512,221,0.93717495,0.09235471,0.98749683
mnist,fixed_phase,512,222,0.95145562,0.00802654,1.02821003
mnist,fixed_phase,512,223,0.94141757,0.05535413,0.97853786
mnist,fixed_phase,512,224,0.94026526,0.02636368,1.0316118
mnist,fixed_phase,512,225,0.94101751,0.14585993,1.00312172
mnist,fixed_phase,512,226,0.94388652,0.00152591,0.99691732
mnist,fixed_phase,512,227,0.93850537,0.06016357,0.99662304
mnist,fixed_phase,512,228,0.93534692,0.0059716,1.00192164
mnist,fixed_phase,512,229,0.94263473,0.01791398,0.99634773
mnist,fixed_phase,512,230,0.93416611,0.03806863,1.03139409
mnist,fixed_phase,512,231,0.93315546,0.07261947,0.98145842
mnist,fixed_phase,512,232,0.9411518,0.10442465,0.99514421
mnist,fixed_phase,512,233,0.94944674,0.04187604,0.989231
mnist,fixed_phase,512,234,0.94208552,0.06678044,0.98325231
mnist,fixed_phase,512,235,0.93626809,0.01268898,1.01438488
mnist,fixed_phase,512,236,0.93824968,0.02496793,1.0137307
mnist,fixed_phase,512,237,0.94006815,0.08185148,1.00329225
mnist,fixed_phase,512,238,0.93937023,0.01580126,1.00770263
mnist,fixed_phase,512,239,0.93752156,0.0621167,1.02266859
mnist,fixed_phase,512,240,0.93893497,0.04066649,1.00158521
mnist,fixed_phase,512,241,0.93646109,0.04842091,0.99236504
mnist,fixed_phase,512,242,0.93984574,0.00939092,0.99238999
mnist,fixed_phase,512,243,0.94075256,0.04211832,1.00442408
mnist,fixed_phase,512,244,0.94207696,0.0735481,0.99849083
mnist,fixed_phase,512,245,0.92997878,0.03308925,0.9822678
mnist,fixed_phase,512,246,0.94306455,0.08635359,1.01857361
mnist,fixed_phase,512,247,0.94313976,0.0150172,1.01249808
mnist,fixed_phase,512,248,0.93195761,0.04750675,0.98988566
mnist,fixed_phase,512,249,0.93855083,0.01405153,0.97944365
mnist,fixed_phase,512,250,0.93863258,0.05102721,1.00789115
mnist,fixed_phase,512,251,0.94214238,0.039956,1.01914357
mnist,fixed_phase,512,252,0.9509318,0.0056519,0.98487123
mnist,fixed_phase,512,253,0.94007484,0.05658687,0.98339593
mnist,fixed_phase,512,254,0.94536721,0.02758426,1.00719424
mnist,fixed_phase,512,255,0.9383344,0.00992464,0.98581313
mnist,fixed_phase,512,256,0.94176423,0.00663552,1.00892034
mnist,fixed_phase,512,257,0.94683149,0.08735494,1.00433811
mnist,fixed_phase,512,258,0.93901651,0.00218922,0.99772764
mnist,fixed_phase,512,259,0.93958541,0.05242969,1.01285418
mnist,fixed_phase,512,260,0.93642013,0.00947751,0.99853201
mnist,fixed_phase,512,261,0.94529905,0.04271102,1.01350378
mnist,fixed_phase,512,262,0.94157545,0.07194374,0.98031357
mnist,fixed_phase,512,263,0.9500066,0.07224688,1.03509469
mnist,fixed_phase,512,264,0.93443463,0.00130037,0.9707661
mnist,fixed_phase,512,265,0.9342523,0.07227471,1.00486613
mnist,fixed_phase,512,266,0.93571091,0.0267917,0.99458107
mnist,fixed_phase,512,267,0.93279972,0.0316196,0.99286813
mnist,fixed_phase,512,268,0.93908237,0.01402438,0.99761628
mnist,fixed_phase,512,269,0.94525614,0.07043847,0.98821246
mnist,fixed_phase,512,270,0.94063557,0.03865421,1.01371142
mnist,fixed_phase,512,271,0.93554702,0.08796927,1.02306934
mnist,fixed_phase,512,272,0.92388956,0.0432443,1.008987
mnist,fixed_phase,512,273,0.93297002,0.04497489,0.99930933
mnist,fixed_phase,512,274,0.94424182,0.04568785,0.99674521
mnist,fixed_phase,512,275,0.93164341,0.09420058,0.99245558
mnist,fixed_phase,512,276,0.93427986,0.03466138,1.02649479
mnist,fixed_phase,512,277,0.92979689,0.06892598,1.00022404
mnist,fixed_phase,512,278,0.94214892,0.091239,0.99312283
mnist,fixed_phase,512,279,0.93709548,0.03246622,0.96461215
mnist,fixed_phase,512,280,0.9342339,0.02867889,0.99074448
mnist,fixed_phase,512,281,0.94914188,0.0103654,1.02213701
mnist,fixed_phase,512,282,0.93723157,0.02952486,0.98432193
mnist,fixed_phase,512,283,0.93696435,0.01315475,1.02142713
mnist,fixed_phase,512,284,0.93517992,0.08519389,1.00144306
mnist,fixed_phase,512,285,0.94837299,0.05738345,1.01529067
mnist,fixed_phase,512,286,0.94723228,0.12748337,1.01438426
mnist,fixed_phase,512,287,0.94321518,0.06427804,0.99322944
mnist,fixed_phase,512,288,0.94181729,0.00193121,0.95355379
mnist,fixed_phase,512,289,0.93614149,0.01721619,1.03359117
mnist,fixed_phase,512,290,0.93932269,0.0154548,1.01792398
mnist,fixed_phase,512,291,0.93798609,0.04592738,1.00906426
mnist,fixed_phase,512,292,0.93879552,0.08842364,0.99073993
mnist,fixed_phase,512,293,0.94545377,0.05097368,0.99374881
mnist,fixed_phase,512,294,0.93524559,0.04789712,0.98002811
mnist,fixed_phase,512,295,0.94378905,0.04810063,1.01042454
mnist,fixed_phase,512,296,0.94001869,0.07933363,0.99128785
mnist,fixed_phase,512,297,0.94698578,0.01514609,1.01736492
mnist,fixed_phase,512,298,0.94235224,0.00645911,1.00732865
mnist,fixed_phase,512,299,0.93337438,0.08518314,0.99141877
mnist,fixed_phase,512,300,0.94036333,0.01263361,0.98904829
mnist,fixed_phase,512,301,0.94653767,0.02363641,1.00468488
mnist,fixed_phase,512,302,0.93561831,0.0311601,1.01474542
mnist,fixed_phase,512,303,0.93712092,0.06018436,1.00217379
mnist,fixed_phase,512,304,0.93792885,0.02053628,0.99712472
mnist,fixed_phase,512,305,0.94133952,0.05531419,1.01324923
mnist,fixed_phase,512,306,0.94164266,0.00840731,0.99640735
mnist,fixed_phase,512,307,0.94599427,0.02863791,0.98438533
mnist,fixed_phase,512,308,0.94537042,0.04261738,1.00875107
mnist,fixed_phase,512,309,0.93497112,0.03026186,1.01634768
mnist,fixed_phase,512,310,0.94216326,0.05505168,0.99269793
mnist,fixed_phase,512,311,0.94296397,0.00814346,1.01931585
mnist,fixed_phase,512,312,0.94266175,0.0555896,1.01052957
mnist,fixed_phase,512,313,0.93242545,0.0425263,0.98456374
mnist,fixed_phase,512,314,0.93692026,0.0156063,1.0238749
mnist,fixed_phase,512,315,0.93265073,0.03048958,1.00884188
mnist,fixed_phase,512,316,0.94569035,0.0491897,1.00506967
mnist,fixed_phase,512,317,0.94382016,0.09062382,0.99372377
mnist,fixed_phase,512,318,0.93589453,0.03194055,0.98786974
mnist,fixed_phase,512,319,0.93442807,0.03478245,0.99928769
mnist,fixed_phase,512,320,0.94043969,0.06121467,1.00588143
mnist,fixed_phase,512,321,0.93269387,0.03566034,1.0011244
mnist,fixed_phase,512,322,0.94536725,0.01997356,0.98804341
mnist,fixed_phase,512,323,0.93334936,0.08272021,0.97801668
mnist,fixed_phase,512,324,0.93967266,0.017117,1.02404161
mnist,fixed_phase,512,325,0.9377984,0.02751063,1.02323709
mnist,fixed_phase,512,326,0.94027725,0.11975854,0.99993191
mnist,fixed_phase,512,327,0.94698655,0.03283373,0.99603354
mnist,fixed_phase,512,328,0.94050931,0.02505879,0.96955978
mnist,fixed_phase,512,329,0.94597085,0.05219566,0.98240656
mnist,fixed_phase,512,330,0.94952434,0.04623481,1.01576245
mnist,fixed_phase,512,331,0.95257875,0.15124372,1.01131721
mnist,fixed_phase,512,332,0.92943834,0.07369605,1.00639798
mnist,fixed_phase,512,333,0.93727685,0.03470663,1.00534668
mnist,fixed_phase,512,334,0.93459969,0.03576952,1.00361813
mnist,fixed_phase,512,335,0.93833338,0.00086654,1.00612377
mnist,fixed_phase,512,336,0.94322908,0.11044006,0.9980791
mnist,fixed_phase,512,337,0.95256405,0.00708007,0.9884591
mnist,fixed_phase,512,338,0.93316119,0.06320836,0.988756
mnist,fixed_phase,512,339,0.94513914,0.03579727,1.03089163
mnist,fixed_phase,512,340,0.95660015,0.00721179,0.98334859
mnist,fixed_phase,512,341,0.93356919,0.01701751,0.99203313
mnist,fixed_phase,512,342,0.9429623,0.02627122,0.99470177
mnist,fixed_phase,512,343,0.94342877,0.11170904,1.01425374
mnist,fixed_phase,512,344,0.94879692,0.00468176,1.00867661
mnist,fixed_phase,512,345,0.93474748,0.05725443,0.99648813
mnist,fixed_phase,512,346,0.93639468,0.02538782,1.00089975
mnist,fixed_phase,512,347,0.9381879,0.06754445,1.00663944
mnist,fixed_phase,512,348,0.93475426,0.10120222,0.99972373
mnist,fixed_phase,512,349,0.94594006,0.01515206,0.98908736
mnist,fixed_phase,512,350,0.94047796,0.05026264,1.0226518
mnist,fixed_phase,512,351,0.93442059,0.01599524,0.95885108
mnist,fixed_phase,512,352,0.94543423,0.01561295,1.00334239
mnist,fixed_phase,512,353,0.93707242,0.00938149,0.99645449
mnist,fixed_phase,512,354,0.93358181,0.00329977,0.97279828
mnist,fixed_phase,512,355,0.93332259,0.05127335,1.04387114
mnist,fixed_phase,512,356,0.93314566,0.02462274,0.99547873
mnist,fixed_phase,512,357,0.931608,0.05071829,0.9671104
mnist,fixed_phase,512,358,0.94209647,0.02319039,0.99138303
mnist,fixed_phase,512,359,0.95105471,0.01948321,1.02364465
mnist,fixed_phase,512,360,0.94217206,0.07559529,1.01066558
mnist,fixed_phase,512,361,0.93684433,0.09344574,1.00097653
mnist,fixed_phase,512,362,0.93541298,0.016548,1.00154376
mnist,fixed_phase,512,363,0.9396695,0.02479146,1.01484
mnist,fixed_phase,512,364,0.93749695,0.01332038,0.98988437
mnist,fixed_phase,512,365,0.93719801,0.08659527,1.00373234
mnist,fixed_phase,512,366,0.9438915,0.00916108,1.00391402
mnist,fixed_phase,512,367,0.93828372,0.0159689,1.01145639
mnist,fixed_phase,512,368,0.93881951,0.02921804,0.95979488
mnist,fixed_phase,512,369,0.94116758,0.03323233,0.9904428
mnist,fixed_phase,512,370,0.93739972,0.07270053,0.99947134
mnist,fixed_phase,512,371,0.92635879,0.01536352,1.03239729
mnist,fixed_phase,512,372,0.9342063,0.06437506,1.00446075
mnist,fixed_phase,512,373,0.93160214,0.04406174,1.01776072
mnist,fixed_phase,512,374,0.94777813,0.05284411,0.98536345
mnist,fixed_phase,512,375,0.94650152,0.00455379,1.00707406
mnist,fixed_phase,512,376,0.93124976,0.02204708,0.97865644
mnist,fixed_phase,512,377,0.93745012,0.02594236,0.99285523
mnist,fixed_phase,512,378,0.94583474,0.03612476,0.97655328
mnist,fixed_phase,512,379,0.93288052,0.05336663,0.98538917
mnist,fixed_phase,512,380,0.94162559,0.00490998,0.99450895
mnist,fixed_phase,512,381,0.93726421,0.03132391,1.01133605
mnist,fixed_phase,512,382,0.9356605,0.04745295,0.99749158
mnist,fixed_phase,512,383,0.93300777,0.06586507,0.98914326
mnist,fixed_phase,512,384,0.94871143,0.01260758,0.98633432
mnist,fixed_phase,512,385,0.94549283,0.02600067,0.99604121
mnist,fixed_phase,512,386,0.93777458,0.04875012,1.02681161
mnist,fixed_phase,512,387,0.94158116,0.07027487,0.98069084
mnist,fixed_phase,512,388,0.94437985,0.07168933,1.02065573
mnist,fixed_phase,512,389,0.93942967,0.13025592,0.98447031
mnist,fixed_phase,512,390,0.93787642,0.07411789,1.0045736
mnist,fixed_phase,512,391,0.93598872,0.02192993,1.0038356
mnist,fixed_phase,512,392,0.94947675,0.03648698,1.01505466
mnist,fixed_phase,512,393,0.9425346,0.02252786,0.9658608
mnist,fixed_phase,512,394,0.94721525,0.07568975,0.99591302
mnist,fixed_phase,512,395,0.93156357,0.0331958,1.02403156
mnist,fixed_phase,512,396,0.94207482,0.06705783,1.00324019
mnist,fixed_phase,512,397,0.93663718,0.0854613,0.98532951
mnist,fixed_phase,512,398,0.93922028,0.00644065,1.0123495
mnist,fixed_phase,512,399,0.93649192,0.0136756,1.00537845
mnist,fixed_phase,512,400,0.93214645,0.05482664,0.9869748
mnist,fixed_phase,512,401,0.94392876,0.03015104,0.99305684
mnist,fixed_phase,512,402,0.94831143,0.08182063,1.01800359
mnist,fixed_phase,512,403,0.93325344,0.04590387,0.99352548
mnist,fixed_phase,512,404,0.94820428,0.05456298,0.99396706
mnist,fixed_phase,512,405,0.94510407,0.02778206,1.01745337
mnist,fixed_phase,512,406,0.935968,0.03117081,0.99681953
mnist,fixed_phase,512,407,0.94382764,0.05697756,1.00030894
mnist,fixed_phase,512,408,0.93300552,0.02460783,0.97944352
mnist,fixed_phase,512,409,0.94027997,0.09245824,0.99679487
mnist,fixed_phase,512,410,0.93638236,0.12466518,0.98323238
mnist,fixed_phase,512,411,0.94351189,0.07563554,0.99673434
mnist,fixed_phase,512,412,0.94276338,0.02500416,0.99963617
mnist,fixed_phase,512,413,0.93362351,0.10952764,1.02630468
mnist,fixed_phase,512,414,0.93397661,0.02039331,0.98486374
mnist,fixed_phase,512,415,0.93109319,0.03650108,1.02187663
mnist,fixed_phase,512,416,0.93950993,0.00559057,1.01795404
mnist,fixed_phase,512,417,0.93843366,0.05248656,1.01383371
mnist,fixed_phase,512,418,0.9462982,0.00527959,1.00510364
mnist,fixed_phase,512,419,0.92939499,0.09095927,0.99955274
mnist,fixed_phase,512,420,0.94305726,0.02016167,0.98638067
mnist,fixed_phase,512,421,0.94296638,0.01723826,0.97405889
mnist,fixed_phase,512,422,0.9346477,0.0851507,1.0224854
mnist,fixed_phase,512,423,0.93598911,0.02792138,0.99903128
mnist,fixed_phase,512,424,0.94156621,0.00338675,0.99741219
mnist,fixed_phase,512,425,0.93638286,0.01162298,1.01006911
mnist,fixed_phase,512,426,0.9361928,0.09933291,0.99992874
mnist,fixed_phase,512,427,0.93675821,0.00498686,1.00788371
mnist,fixed_phase,512,428,0.94514709,0.00537051,0.9959688
mnist,fixed_phase,512,429,0.93468994,0.00745039,0.99130397
mnist,fixed_phase,512,430,0.9380555,0.06158397,0.97961449
mnist,fixed_phase,512,431,0.95279819,0.03385618,1.01967951
mnist,fixed_phase,512,432,0.94807024,0.06543826,0.99006906
mnist,fixed_phase,512,433,0.93251313,0.02919486,1.0189771
mnist,fixed_phase,512,434,0.94714153,0.03583793,1.02344662
mnist,fixed_phase,512,435,0.93310354,0.01119097,1.01231402
mnist,fixed_phase,512,436,0.93822589,0.01773418,0.97424547
mnist,fixed_phase,512,437,0.93532123,0.05496219,1.01172456
mnist,fixed_phase,512,438,0.94080783,0.0831221,1.02349475
mnist,fixed_phase,512,439,0.93435975,0.04734856,1.01508673
mnist,fixed_phase,512,440,0.94653709,0.08176286,1.00328772
mnist,fixed_phase,512,441,0.94417967,0.06029543,1.01170801
mnist,fixed_phase,512,442,0.94610322,0.00984694,0.9976503
mnist,fixed_phase,512,443,0.94199773,0.00016163,0.99763792
mnist,fixed_phase,512,444,0.93126109,0.0757345,1.01231627
mnist,fixed_phase,512,445,0.9447525,0.06170772,0.98285977
mnist,fixed_phase,512,446,0.94150478,0.01177704,0.99756413
mnist,fixed_phase,512,447,0.94510772,0.10968983,1.01291639
mnist,fixed_phase,512,448,0.93791967,0.06431337,0.99526372
mnist,fixed_phase,512,449,0.93746993,0.04576215,0.98584569
mnist,fixed_phase,512,450,0.94273589,0.00339513,1.01829329
mnist,fixed_phase,512,451,0.94439522,0.00324993,0.98496045
mnist,fixed_phase,512,452,0.94711833,0.11711358,0.99155098
mnist,fixed_phase,512,453,0.9472974,0.01749235,0.99998371
mnist,fixed_phase,512,454,0.94363319,0.0544852,1.031674
mnist,fixed_phase,512,455,0.94493223,0.08926753,1.01035098
mnist,fixed_phase,512,456,0.94160138,0.04338797,0.98801711
mnist,fixed_phase,512,457,0.94663663,0.003506,1.00193459
mnist,fixed_phase,512,458,0.9416237,0.05741247,1.03350063
mnist,fixed_phase,512,459,0.94024115,0.05211639,1.01277642
mnist,fixed_phase,512,460,0.93515571,0.00856508,0.99439332
mnist,fixed_phase,512,461,0.93963535,0.00166724,0.98794325
mnist,fixed_phase,512,462,0.9438259,0.02681123,0.99166763
mnist,fixed_phase,512,463,0.93921825,0.00911491,1.01939067
mnist,fixed_phase,512,464,0.94341643,0.05785664,1.00635575
mnist,fixed_phase,512,465,0.93225378,0.00260085,1.00463812
mnist,fixed_phase,512,466,0.9369578,0.04372842,0.99752734
mnist,fixed_phase,512,467,0.94004356,0.04279935,0.98939363
mnist,fixed_phase,512,468,0.93764116,0.04463756,1.01957724
mnist,fixed_phase,512,469,0.93888245,0.00685931,0.99894212
mnist,fixed_phase,512,470,0.93861552,0.05515067,0.99080726
mnist,fixed_phase,512,471,0.94395728,0.00794705,0.98157334
mnist,fixed_phase,512,472,0.94142206,0.00221482,1.0092366
mnist,fixed_phase,512,473,0.93830407,0.01123082,1.00164173
mnist,fixed_phase,512,474,0.934009,0.02530651,0.99724301
mnist,fixed_phase,512,475,0.95233612,0.21266559,1.00219846
mnist,fixed_phase,512,476,0.93442533,0.07954288,0.99185394
mnist,fixed_phase,512,477,0.93887566,0.01707725,1.00891894
mnist,fixed_phase,512,478,0.93742961,0.01900325,0.99593706
mnist,fixed_phase,512,479,0.94481045,0.00840505,1.00377308
mnist,fixed_phase,512,480,0.94782959,0.02823847,1.00074693
mnist,fixed_phase,512,481,0.95014323,0.04812431,0.98867442
mnist,fixed_phase,512,482,0.93171067,0.03112064,0.99939704
mnist,fixed_phase,512,483,0.93770719,0.07160453,1.00112705
mnist,fixed_phase,512,484,0.94265726,0.0396949,1.00702735
mnist,fixed_phase,512,485,0.93915232,0.02119268,1.01063854
mnist,fixed_phase,512,486,0.93906988,0.03260291,1.01707902
mnist,fixed_phase,512,487,0.94958624,0.03407955,1.01021303
mnist,fixed_phase,512,488,0.95230673,0.03499778,0.98633019
mnist,fixed_phase,512,489,0.93719618,0.03730294,1.00927592
mnist,fixed_phase,512,490,0.93246179,0.02632802,1.00478064
mnist,fixed_phase,512,491,0.93634467,0.01098179,1.02147968
mnist,fixed_phase,512,492,0.93771555,0.02699124,1.01156945
mnist,fixed_phase,512,493,0.93323379,0.07151108,1.02444834
mnist,fixed_phase,512,494,0.93896058,0.03630348,1.00746864
mnist,fixed_phase,512,495,0.94641916,0.09482984,0.99666278
mnist,fixed_phase,512,496,0.94612331,0.03342384,0.98914489
mnist,fixed_phase,512,497,0.93199578,0.08467986,0.97713469
mnist,fixed_phase,512,498,0.94588024,0.0154296,1.00136557
mnist,fixed_phase,512,499,0.94204161,0.09630402,0.98498461
mnist,fixed_phase,512,500,0.94472004,0.05377336,1.00547686
mnist,fixed_phase,512,501,0.93086976,0.08747194,1.0093033
mnist,fixed_phase,512,502,0.94814447,0.01177095,1.02810968
mnist,fixed_phase,512,503,0.94039534,0.00167128,0.98729895
mnist,fixed_phase,512,504,0.93911773,0.01357366,0.99988296
mnist,fixed_phase,512,505,0.93338376,0.05561648,1.01631034
mnist,fixed_phase,512,506,0.93157311,0.01160981,1.00750952
mnist,fixed_phase,512,507,0.94131442,0.04330939,0.98170691
mnist,fixed_phase,512,508,0.94105445,0.07934182,1.02132219
mnist,fixed_phase,512,509,0.93777585,0.00619279,1.00454335
mnist,fixed_phase,512,510,0.94026588,0.02287406,0.99246777
mnist,fixed_phase,512,511,0.93503844,0.14516835,0.9956954
mnist,fixed_phase,512,512,0.94156789,0.00785217,0.95392442
mnist,fixed_phase,512,513,0.94477771,0.01293582,1.01741041
mnist,fixed_phase,512,514,0.93754287,0.0234995,0.97410486
mnist,fixed_phase,512,515,0.94505727,0.02875629,0.99170957
mnist,fixed_phase,512,516,0.93758744,0.06125169,1.01746102
mnist,fixed_phase,512,517,0.93891522,0.00024352,0.97589749
mnist,fixed_phase,512,518,0.93236358,0.1307379,0.97800783
mnist,fixed_phase,512,519,0.93647501,0.01144867,0.99915879
mnist,fixed_phase,512,520,0.94321203,0.02856031,0.98384332
mnist,fixed_phase,512,521,0.94249918,0.01397068,0.99126299
mnist,fixed_phase,512,522,0.93816264,0.05675268,0.98255783
mnist,fixed_phase,512,523,0.93893469,0.02645482,0.9801064
mnist,fixed_phase,512,524,0.92739289,0.08756367,0.95959157
mnist,fixed_phase,512,525,0.94042134,0.06215152,0.97665045
mnist,fixed_phase,512,526,0.9418479,0.01818143,0.98915515
mnist,fixed_phase,512,527,0.94283152,0.04280638,1.00190154
mnist,fixed_phase,512,528,0.9532991,0.03093817,1.001134
mnist,fixed_phase,512,529,0.94381103,0.05444006,1.00182564
mnist,fixed_phase,512,530,0.94781544,0.02722174,0.99482868
mnist,fixed_phase,512,531,0.9403623,0.02354868,0.99972914
mnist,fixed_phase,512,532,0.94170106,0.00893056,0.98061123
mnist,fixed_phase,512,533,0.93949486,0.00060198,0.98943413
mnist,fixed_phase,512,534,0.94672279,0.02992847,1.00817766
mnist,fixed_phase,512,535,0.94154611,0.04360129,1.0003664
mnist,fixed_phase,512,536,0.9336667,0.02103591,0.99560361
mnist,fixed_phase,512,537,0.9357788,0.0598304,0.97123988
mnist,fixed_phase,512,538,0.93810521,0.00706893,1.00275746
mnist,fixed_phase,512,539,0.947989,0.01964311,0.9857965
mnist,fixed_phase,512,540,0.94698901,0.07157111,0.97795745
mnist,fixed_phase,512,541,0.9403813,0.06166452,1.00002941
mnist,fixed_phase,512,542,0.93836451,0.02096738,0.99802429
mnist,fixed_phase,512,543,0.9322376,0.05619269,0.99342094
mnist,fixed_phase,512,544,0.93419821,0.03740421,0.98514996
mnist,fixed_phase,512,545,0.95278759,0.07353847,0.98081883
mnist,fixed_phase,512,546,0.94306862,0.04814867,1.01129661
mnist,fixed_phase,512,547,0.93293759,0.00343152,1.01101911
mnist,fixed_phase,512,548,0.93125522,0.01446257,0.9972784
mnist,fixed_phase,512,549,0.93977422,0.05344524,0.97585475
mnist,fixed_phase,512,550,0.94034647,0.06871268,0.99544599
mnist,fixed_phase,512,551,0.93540938,0.07546537,1.03006588
mnist,fixed_phase,512,552,0.93517654,0.09717346,1.02754934
mnist,fixed_phase,512,553,0.93651441,0.06926347,1.00027354
mnist,fixed_phase,512,554,0.93765029,0.07937844,1.01087567
mnist,fixed_phase,512,555,0.9435678,0.01816147,1.02227292
mnist,fixed_phase,512,556,0.93579677,0.0042407,1.01182288
mnist,fixed_phase,512,557,0.9326945,0.061506,1.00859448
mnist,fixed_phase,512,558,0.93767216,0.08372186,0.99935914
mnist,fixed_phase,512,559,0.94579237,0.01462062,1.00278774
mnist,fixed_phase,512,560,0.93599987,0.09145963,1.00077246
mnist,fixed_phase,512,561,0.94177663,0.09145198,0.99031114
mnist,fixed_phase,512,562,0.93789533,0.00853642,0.97614864
mnist,fixed_phase,512,563,0.93052808,0.01405931,1.01297715
mnist,fixed_phase,512,564,0.92680988,0.06349988,0.97698479
mnist,fixed_phase,512,565,0.9413029,0.0068335,1.00537782
mnist,fixed_phase,512,566,0.93977574,0.07407341,0.98987022
mnist,fixed_phase,512,567,0.93566837,0.05643307,0.96976452
mnist,fixed_phase,512,568,0.94493074,0.00515405,1.00815646
mnist,fixed_phase,512,569,0.93881316,0.0015222,0.98817493
mnist,fixed_phase,512,570,0.94875861,0.00592808,0.99745209
mnist,fixed_phase,512,571,0.94035159,0.0141019,1.00067216
mnist,fixed_phase,512,572,0.94521875,0.04193651,0.99516304
mnist,fixed_phase,512,573,0.94161447,0.03104192,1.01274013
mnist,fixed_phase,512,574,0.94884094,0.01220955,1.01509463
mnist,fixed_phase,512,575,0.928575,0.12131921,1.00432376
mnist,fixed_phase,512,576,0.9441098,0.05108504,0.98260287
mnist,fixed_phase,512,577,0.930971,0.10032847,1.0155335
mnist,fixed_phase,512,578,0.94359551,0.0870378,1.01423387
mnist,fixed_phase,512,579,0.93903858,0.03060732,1.02089088
mnist,fixed_phase,512,580,0.93128804,0.04247287,1.02125378
mnist,fixed_phase,512,581,0.92907641,0.06898828,0.98758947
mnist,fixed_phase,512,582,0.93498037,0.10100776,0.97414467
mnist,fixed_phase,512,583,0.93781974,0.03837705,1.02982705
mnist,fixed_phase,512,584,0.9437941,0.14562737,0.99507102
mnist,fixed_phase,512,585,0.93377433,0.11528177,0.97319766
mnist,fixed_phase,512,586,0.96024819,0.04441197,0.99700747
mnist,fixed_phase,512,587,0.93976903,0.02903625,1.0017839
mnist,fixed_phase,512,588,0.94228898,0.03789139,1.026408
mnist,fixed_phase,512,589,0.93656906,0.06286529,1.0017654
mnist,fixed_phase,512,590,0.93931937,0.01721109,0.99423734
mnist,fixed_phase,512,591,0.93497775,0.03118049,1.00950221
mnist,fixed_phase,512,592,0.94292172,0.06521129,0.98959744
mnist,fixed_phase,512,593,0.93831398,0.10547986,1.01216416
mnist,fixed_phase,512,594,0.94536963,0.0311872,1.01639612
mnist,fixed_phase,512,595,0.94261115,0.06962715,1.00664753
mnist,fixed_phase,512,596,0.93647026,0.00626677,1.00916001
mnist,fixed_phase,512,597,0.94104739,0.06703151,0.99652823
mnist,fixed_phase,512,598,0.93914231,0.00783927,0.98051621
mnist,fixed_phase,512,599,0.94189093,0.01660467,0.95175424
mnist,fixed_phase,512,600,0.93597881,0.03772284,1.01555336
mnist,fixed_phase,512,601,0.93626293,0.01654521,0.98320585
mnist,fixed_phase,512,602,0.9328237,0.02684431,1.00933798
mnist,fixed_phase,512,603,0.9338173,0.0802616,1.00030383
mnist,fixed_phase,512,604,0.94184123,0.07020603,1.03125257
mnist,fixed_phase,512,605,0.93220682,0.04425985,0.99593014
mnist,fixed_phase,512,606,0.94044552,0.02098862,0.99288119
mnist,fixed_phase,512,607,0.93469564,0.06879671,1.00438236
mnist,fixed_phase,512,608,0.93585685,0.05481866,1.00479529
mnist,fixed_phase,512,609,0.93713858,0.0052115,1.02035473
mnist,fixed_phase,512,610,0.93144507,0.01786666,0.9953918
mnist,fixed_phase,512,611,0.94775081,0.01567712,0.98079935
mnist,fixed_phase,512,612,0.93772972,0.04120911,1.01281227
mnist,fixed_phase,512,613,0.9390717,0.01561613,0.97924193
mnist,fixed_phase,512,614,0.93028235,0.03993734,0.99883849
mnist,fixed_phase,512,615,0.9428984,0.03495955,0.99302953
mnist,fixed_phase,512,616,0.93109102,0.09035008,0.96896393
mnist,fixed_phase,512,617,0.93635344,0.01869844,1.02506158
mnist,fixed_phase,512,618,0.94184716,0.05494995,0.98774521
mnist,fixed_phase,512,619,0.94321355,0.02029702,1.00615905
mnist,fixed_phase,512,620,0.94603908,0.03078199,0.99007894
mnist,fixed_phase,512,621,0.9465237,0.00605304,0.98523757
mnist,fixed_phase,512,622,0.94148577,0.00616376,0.99590955
mnist,fixed_phase,512,623,0.93950583,0.05023699,1.0244803
mnist,fixed_phase,512,624,0.94828514,0.01580287,1.00758562
mnist,fixed_phase,512,625,0.94115266,0.01530766,0.9906903
mnist,fixed_phase,512,626,0.94448851,0.10534144,0.99925208
mnist,fixed_phase,512,627,0.94251838,0.00280307,0.98973112
mnist,fixed_phase,512,628,0.94239498,0.09246545,1.01431601
mnist,fixed_phase,512,629,0.93703691,0.05239585,1.0198626
mnist,fixed_phase,512,630,0.93866081,0.01933069,1.00438915
mnist,fixed_phase,512,631,0.93733058,0.02880668,0.98518473
mnist,fixed_phase,512,632,0.93953895,0.05402166,0.99211587
mnist,fixed_phase,512,633,0.9493444,0.01534716,0.99164827
mnist,fixed_phase,512,634,0.93866525,0.03749005,1.01513313
mnist,fixed_phase,512,635,0.94266249,0.16537568,0.98874831
mnist,fixed_phase,512,636,0.93257458,0.0921716,0.99409683
mnist,fixed_phase,512,637,0.94150433,0.02972815,0.97816703
mnist,fixed_phase,512,638,0.95249352,0.03996297,1.01422812
mnist,fixed_phase,512,639,0.93625714,0.04217097,0.99414899
mnist,fixed_phase,512,640,0.94444435,0.00522185,1.00341644
mnist,fixed_phase,512,641,0.94407279,0.01078626,0.99456293
mnist,fixed_phase,512,642,0.93294096,0.01719261,1.00691642
mnist,fixed_phase,512,643,0.94672256,0.04035611,1.01165582
mnist,fixed_phase,512,644,0.94084939,0.04492522,1.0070252
mnist,fixed_phase,512,645,0.93936588,0.04895741,1.00844517
mnist,fixed_phase,512,646,0.94803058,0.02829713,1.00381847
mnist,fixed_phase,512,647,0.93871057,0.00692636,1.001091
mnist,fixed_phase,512,648,0.94820715,0.03563861,0.99245157
mnist,fixed_phase,512,649,0.93810142,0.02580055,1.00289343
mnist,fixed_phase,512,650,0.94263681,0.05178388,0.97541094
mnist,fixed_phase,512,651,0.94755628,0.06736289,0.98773887
mnist,fixed_phase,512,652,0.93389147,0.07520369,1.00871438
mnist,fixed_phase,512,653,0.93513011,0.03910056,0.99492813
mnist,fixed_phase,512,654,0.93720962,0.03702141,1.02859716
mnist,fixed_phase,512,655,0.93877145,0.06314472,0.99431106
mnist,fixed_phase,512,656,0.94429217,0.05063963,1.00653571
mnist,fixed_phase,512,657,0.93120411,0.08063293,0.98945208
mnist,fixed_phase,512,658,0.93428861,0.05743976,1.00521851
mnist,fixed_phase,512,659,0.94049246,0.05184828,1.00518831
mnist,fixed_phase,512,660,0.94710333,0.08771022,0.99517447
mnist,fixed_phase,512,661,0.94317034,0.04886064,1.00350172
mnist,fixed_phase,512,662,0.94407618,0.01035106,0.99886139
mnist,fixed_phase,512,663,0.93882411,0.11608867,0.99027296
mnist,fixed_phase,512,664,0.94496729,0.00541244,0.99506998
mnist,fixed_phase,512,665,0.92796867,0.02538153,1.00111096
mnist,fixed_phase,512,666,0.93998392,0.01772809,1.01587829
mnist,fixed_phase,512,667,0.9355067,0.01104029,0.96386994
mnist,fixed_phase,512,668,0.94889381,0.02139835,0.99311883
mnist,fixed_phase,512,669,0.92246957,0.03954076,0.99364702
mnist,fixed_phase,512,670,0.93969542,0.07177007,1.02238108
mnist,fixed_phase,512,671,0.94496549,0.03873136,0.99554656
mnist,fixed_phase,512,672,0.95258531,0.00314598,0.9970749
mnist,fixed_phase,512,673,0.93439694,0.02931052,0.97941758
mnist,fixed_phase,512,674,0.94080604,0.06532285,0.99348845
mnist,fixed_phase,512,675,0.94113724,0.02670698,0.99396049
mnist,fixed_phase,512,676,0.93828034,0.00241352,1.00703395
mnist,fixed_phase,512,677,0.93588183,0.0645786,0.99062591
mnist,fixed_phase,512,678,0.94492722,0.00802236,1.0074124
mnist,fixed_phase,512,679,0.94017237,0.04394055,0.98266166
mnist,fixed_phase,512,680,0.95018724,0.02392978,1.00108281
mnist,fixed_phase,512,681,0.93607738,0.00857524,0.97726189
mnist,fixed_phase,512,682,0.94535488,0.05355872,0.99327466
mnist,fixed_phase,512,683,0.93644318,0.03649037,0.99218935
mnist,fixed_phase,512,684,0.9382368,0.0072104,1.02185467
mnist,fixed_phase,512,685,0.9421801,0.10621642,0.99178521
mnist,fixed_phase,512,686,0.93818401,0.0059598,1.0033993
mnist,fixed_phase,512,687,0.94316377,0.03210728,0.98216729
mnist,fixed_phase,512,688,0.93688039,0.01573724,0.9830978
mnist,fixed_phase,512,689,0.94000207,0.07143322,1.00286334
mnist,fixed_phase,512,690,0.94352251,0.07776984,1.00296881
mnist,fixed_phase,512,691,0.94006979,0.01083062,0.99913774
mnist,fixed_phase,512,692,0.94334873,0.06371677,1.01475525
mnist,fixed_phase,512,693,0.93980629,0.0021444,1.0120835
mnist,fixed_phase,512,694,0.93014447,0.01466368,0.99577472
mnist,fixed_phase,512,695,0.94855538,0.02265166,0.99299435
mnist,fixed_phase,512,696,0.92645323,0.1146736,1.01999548
mnist,fixed_phase,512,697,0.94334386,0.06258419,0.98514603
mnist,fixed_phase,512,698,0.943213,0.09260345,1.01153912
mnist,fixed_phase,512,699,0.95226328,0.06342397,0.98578255
mnist,fixed_phase,512,700,0.95021033,0.03988514,1.00562871
mnist,fixed_phase,512,701,0.93448655,0.02638545,0.99465283
mnist,fixed_phase,512,702,0.93431839,0.0434207,1.0079454
mnist,fixed_phase,512,703,0.93417729,0.06453232,1.02602663
mnist,fixed_phase,512,704,0.93876552,0.04276347,0.99721441
mnist,fixed_phase,512,705,0.93674007,0.01200789,0.98911061
mnist,fixed_phase,512,706,0.93453511,0.02036006,0.99019231
mnist,fixed_phase,512,707,0.93414641,0.06960544,0.98902299
mnist,fixed_phase,512,708,0.9364777,0.06635425,0.98170418
mnist,fixed_phase,512,709,0.93979754,0.05729768,0.97092612
mnist,fixed_phase,512,710,0.93529342,0.00154934,1.02582186
mnist,fixed_phase,512,711,0.9382024,0.10853461,0.98594428
mnist,fixed_phase,512,712,0.93430988,0.02220003,1.03757062
mnist,fixed_phase,512,713,0.93967897,0.03727293,0.99794528
mnist,fixed_phase,512,714,0.9442819,0.03047996,1.00932056
mnist,fixed_phase,512,715,0.95848333,0.02998434,0.98837017
mnist,fixed_phase,512,716,0.9450378,0.0680804,0.99008968
mnist,fixed_phase,512,717,0.94484892,0.02064394,0.98596332
mnist,fixed_phase,512,718,0.94246805,0.00345785,1.01883303
mnist,fixed_phase,512,719,0.93925932,0.01595735,0.98828653
mnist,fixed_phase,512,720,0.93090147,0.0016641,1.00638714
mnist,fixed_phase,512,721,0.93653748,0.03838508,0.97223439
mnist,fixed_phase,512,722,0.93088923,0.11505286,0.98630955
mnist,fixed_phase,512,723,0.94017463,0.00357872,1.02741459
mnist,fixed_phase,512,724,0.93649732,0.05775071,1.00189099
mnist,fixed_phase,512,725,0.93773802,0.05936658,0.99144588
mnist,fixed_phase,512,726,0.9311789,0.07929687,1.02570131
mnist,fixed_phase,512,727,0.94337463,0.09699494,0.99553788
mnist,fixed_phase,512,728,0.93831963,0.02829303,1.01097648
mnist,fixed_phase,512,729,0.93930565,0.10618507,0.99858134
mnist,fixed_phase,512,730,0.93249468,0.07849586,1.01150622
mnist,fixed_phase,512,731,0.9488383,0.06379422,1.01024629
mnist,fixed_phase,512,732,0.94203392,0.03933887,0.99272792
mnist,fixed_phase,512,733,0.93826033,0.03733668,0.99783894
mnist,fixed_phase,512,734,0.94002197,0.03013972,0.99140213
mnist,fixed_phase,512,735,0.93928395,0.07830576,1.00121459
mnist,fixed_phase,512,736,0.93839081,0.01442154,1.02824271
mnist,fixed_phase,512,737,0.93763942,0.00502866,1.00296751
mnist,fixed_phase,512,738,0.94325123,0.02674391,1.01245809
mnist,fixed_phase,512,739,0.94095435,0.02959935,1.01784906
mnist,fixed_phase,512,740,0.94448696,0.03729063,1.01074322
mnist,fixed_phase,512,741,0.93888149,0.03748946,0.9843162
mnist,fixed_phase,512,742,0.94159221,0.05295907,0.97400411
mnist,fixed_phase,512,743,0.93674468,1.015e-05,0.993907
mnist,fixed_phase,512,744,0.92882483,0.10260152,1.01936785
mnist,fixed_phase,512,745,0.94312115,0.03103048,1.00752174
mnist,fixed_phase,512,746,0.93507128,0.05962745,1.01429805
mnist,fixed_phase,512,747,0.93711346,0.09097931,0.98049385
mnist,fixed_phase,512,748,0.93602919,0.0609235,1.0039765
mnist,fixed_phase,512,749,0.93727018,0.03961141,1.00892522
mnist,fixed_phase,512,750,0.95079282,0.00474455,0.96746047
mnist,fixed_phase,512,751,0.93998356,0.04565742,1.00404775
mnist,fixed_phase,512,752,0.94599949,0.00582142,1.00298344
mnist,fixed_phase,512,753,0.94761698,0.05024223,0.99513746
mnist,fixed_phase,512,754,0.93205799,0.04196406,1.01970532
mnist,fixed_phase,512,755,0.93540217,0.07173807,1.01285021
mnist,fixed_phase,512,756,0.93958581,0.05670364,0.99022733
mnist,fixed_phase,512,757,0.94344176,0.01438325,1.01542664
mnist,fixed_phase,512,758,0.9346576,0.02891267,1.01036367
mnist,fixed_phase,512,759,0.93697432,0.01986178,0.99910839
mnist,fixed_phase,512,760,0.94080259,0.06649526,1.00796988
mnist,fixed_phase,512,761,0.93422912,0.0100116,1.01876062
mnist,fixed_phase,512,762,0.94119896,0.03601281,1.00799145
mnist,fixed_phase,512,763,0.93433382,0.04714778,1.00603359
mnist,fixed_phase,512,764,0.93847291,0.02096426,1.01612936
mnist,fixed_phase,512,765,0.93642281,0.05513796,1.02300372
mnist,fixed_phase,512,766,0.94496343,0.04338337,0.99998517
mnist,fixed_phase,512,767,0.95061815,0.01835634,1.00274533
mnist,fixed_phase,512,768,0.94191252,0.02095422,0.97494059
mnist,fixed_phase,512,769,0.94215978,0.03593992,0.97915209
mnist,fixed_phase,512,770,0.95791105,0.1387335,1.01808511
mnist,fixed_phase,512,771,0.93453092,0.02624225,0.98928579
mnist,fixed_phase,512,772,0.94087932,0.10820339,1.00446517
mnist,fixed_phase,512,773,0.93879582,0.09182421,1.00153625
mnist,fixed_phase,512,774,0.93034912,0.03114014,0.97547113
mnist,fixed_phase,512,775,0.94422489,0.08327864,1.00413466
mnist,fixed_phase,512,776,0.95224178,0.00984354,1.00655042
mnist,fixed_phase,512,777,0.94043494,0.00500105,0.99908354
mnist,fixed_phase,512,778,0.94242978,0.0352572,1.01824832
mnist,fixed_phase,512,779,0.93518263,0.06247237,1.00521588
mnist,fixed_phase,512,780,0.94350113,0.01916591,0.96608768
mnist,fixed_phase,512,781,0.93713559,0.03964456,1.00294499
mnist,fixed_phase,512,782,0.93937758,0.03702728,1.01479501
mnist,fixed_phase,512,783,0.92618753,0.01473454,0.9858865
mnist,fixed_phase,512,784,0.94102753,0.07342019,1.01124779
mnist,fixed_phase,512,785,0.9377666,0.0278292,1.01607796
mnist,fixed_phase,512,786,0.92920534,0.03501122,1.00703752
mnist,fixed_phase,512,787,0.94218401,0.07049041,1.00334065
mnist,fixed_phase,512,788,0.94438499,0.05001969,1.00627512
mnist,fixed_phase,512,789,0.93243835,0.00258907,0.96579192
mnist,fixed_phase,512,790,0.93031651,0.00264933,1.01237765
mnist,fixed_phase,512,791,0.93391103,0.04952157,1.02509589
mnist,fixed_phase,512,792,0.93291541,0.00566537,0.96671398
mnist,fixed_phase,512,793,0.93879113,0.0144795,0.99479627
mnist,fixed_phase,512,794,0.94033008,0.0328221,1.00374072
mnist,fixed_phase,512,795,0.94368045,0.02257479,1.01544139
mnist,fixed_phase,512,796,0.95533145,0.02873546,1.00652328
mnist,fixed_phase,512,797,0.93774695,0.04121095,1.00391834
mnist,fixed_phase,512,798,0.93691601,0.08246561,1.0188604
mnist,fixed_phase,512,799,0.94941026,0.0520959,1.0254531
mnist,fixed_phase,512,800,0.94191474,0.00869237,0.97746958
mnist,fixed_phase,512,801,0.937136,0.06934167,0.97486932
mnist,fixed_phase,512,802,0.92667074,0.00341258,0.99868982
mnist,fixed_phase,512,803,0.94777666,0.0108733,0.99421544
mnist,fixed_phase,512,804,0.93812097,0.02633938,0.99353853
mnist,fixed_phase,512,805,0.93673973,0.05147503,1.00848121
mnist,fixed_phase,512,806,0.93818102,0.01445004,1.02436293
mnist,fixed_phase,512,807,0.95292698,0.00356319,0.98935502
mnist,fixed_phase,512,808,0.93638017,0.06912851,1.00454883
mnist,fixed_phase,512,809,0.92902338,0.05721749,1.0357341
mnist,fixed_phase,512,810,0.94092692,0.08613488,0.98490522
mnist,fixed_phase,512,811,0.94720146,0.03358843,1.03059249
mnist,fixed_phase,512,812,0.94310765,0.03936759,0.98888499
mnist,fixed_phase,512,813,0.93504002,0.02762964,0.99911974
mnist,fixed_phase,512,814,0.93866252,0.029802,0.98368607
mnist,fixed_phase,512,815,0.94028761,0.03819124,1.03834547
mnist,fixed_phase,512,816,0.93687283,0.0129987,1.00399526
mnist,fixed_phase,512,817,0.93339967,0.02346404,1.02261575
mnist,fixed_phase,512,818,0.93576193,0.00490439,0.97714716
mnist,fixed_phase,512,819,0.94564931,0.01146121,1.00787258
mnist,fixed_phase,512,820,0.94119165,0.0156399,0.99341446
mnist,fixed_phase,512,821,0.93794314,0.02464992,0.97926339
mnist,fixed_phase,512,822,0.93644077,0.00430898,0.96393813
mnist,fixed_phase,512,823,0.94991392,0.0096536,0.99769983
mnist,fixed_phase,512,824,0.9463542,0.02364162,1.00101938
mnist,fixed_phase,512,825,0.93792871,0.02316512,0.9864798
mnist,fixed_phase,512,826,0.9328467,0.02529286,1.00993
mnist,fixed_phase,512,827,0.93158677,0.0622758,0.99627759
mnist,fixed_phase,512,828,0.93669591,0.01231841,0.99253201
mnist,fixed_phase,512,829,0.94833188,0.05909396,0.99744279
mnist,fixed_phase,512,830,0.93922239,0.03509429,0.98810884
mnist,fixed_phase,512,831,0.92519851,0.04314035,0.99442869
mnist,fixed_phase,512,832,0.93548245,0.0219322,1.02124266
mnist,fixed_phase,512,833,0.93568948,0.01154556,0.99816587
mnist,fixed_phase,512,834,0.94044338,0.00265057,1.00063771
mnist,fixed_phase,512,835,0.94227812,0.13482521,1.01921724
mnist,fixed_phase,512,836,0.93669588,0.01817231,0.9884323
mnist,fixed_phase,512,837,0.93508867,0.06014256,0.99704753
mnist,fixed_phase,512,838,0.92598371,0.00207562,1.01827767
mnist,fixed_phase,512,839,0.92765911,0.02966403,1.00033915
mnist,fixed_phase,512,840,0.93795532,0.01296222,0.9915134
mnist,fixed_phase,512,841,0.92976912,0.00089423,1.02100026
mnist,fixed_phase,512,842,0.9446355,0.0013001,0.98627257
mnist,fixed_phase,512,843,0.93846568,0.00268293,1.03517916
mnist,fixed_phase,512,844,0.92593993,0.0262393,0.97580085
mnist,fixed_phase,512,845,0.93295572,0.02062945,1.00225917
mnist,fixed_phase,512,846,0.9486241,0.01145957,1.0207032
mnist,fixed_phase,512,847,0.94199293,0.035225,0.98850929
mnist,fixed_phase,512,848,0.94054558,0.02454254,1.01313956
mnist,fixed_phase,512,849,0.9368085,0.03731233,1.00434048
mnist,fixed_phase,512,850,0.94113986,0.01072924,0.97377585
mnist,fixed_phase,512,851,0.93107932,0.12535621,1.00734295
mnist,fixed_phase,512,852,0.94289464,0.04188538,1.00598197
mnist,fixed_phase,512,853,0.93635951,0.10585382,1.02448186
mnist,fixed_phase,512,854,0.94323071,0.0469967,0.98537815
mnist,fixed_phase,512,855,0.94033503,0.00759412,0.99303548
mnist,fixed_phase,512,856,0.94824377,0.09801493,1.003995
mnist,fixed_phase,512,857,0.92821376,0.06471852,1.00309578
mnist,fixed_phase,512,858,0.93620134,0.03673006,0.9985066
mnist,fixed_phase,512,859,0.93988634,0.03878416,0.98204401
mnist,fixed_phase,512,860,0.94200413,0.00764068,0.99289158
mnist,fixed_phase,512,861,0.94093086,0.01125674,1.02716996
mnist,fixed_phase,512,862,0.93652696,0.06572272,0.99991023
mnist,fixed_phase,512,863,0.94778793,0.00118923,1.01413056
mnist,fixed_phase,512,864,0.93760427,0.07044368,1.02263395
mnist,fixed_phase,512,865,0.93718133,0.02904266,1.00879883
mnist,fixed_phase,512,866,0.93551157,0.04149043,0.9932811
mnist,fixed_phase,512,867,0.93157247,0.05557774,0.98680889
mnist,fixed_phase,512,868,0.93556915,0.02522719,1.00822048
mnist,fixed_phase,512,869,0.93981606,0.04110951,1.00750412
mnist,fixed_phase,512,870,0.94664904,0.02969739,0.98305863
mnist,fixed_phase,512,871,0.92533924,0.01845221,1.00959855
mnist,fixed_phase,512,872,0.93574367,0.00705407,0.99865516
mnist,fixed_phase,512,873,0.9497651,0.03326247,0.99270027
mnist,fixed_phase,512,874,0.94161266,0.01386943,1.01840147
mnist,fixed_phase,512,875,0.9282157,0.04946804,1.00588997
mnist,fixed_phase,512,876,0.93139434,0.03080198,1.00096878
mnist,fixed_phase,512,877,0.94580549,0.07824392,0.99132257
mnist,fixed_phase,512,878,0.94262495,0.00453157,0.99076583
mnist,fixed_phase,512,879,0.93819464,0.04064288,0.98475105
mnist,fixed_phase,512,880,0.94194424,0.04178036,0.99442041
mnist,fixed_phase,512,881,0.94147107,0.06144446,0.97490747
mnist,fixed_phase,512,882,0.93611377,0.05952352,0.99718359
mnist,fixed_phase,512,883,0.93496381,0.01576317,1.00102277
mnist,fixed_phase,512,884,0.94944621,0.03327296,0.99343632
mnist,fixed_phase,512,885,0.94680296,0.00452602,0.99714708
mnist,fixed_phase,512,886,0.94041687,0.03974537,0.982794
mnist,fixed_phase,512,887,0.94202995,0.04473573,0.97475796
mnist,fixed_phase,512,888,0.94186424,0.0097954,0.99114065
mnist,fixed_phase,512,889,0.94166898,0.05730303,0.97537881
mnist,fixed_phase,512,890,0.94088614,0.01280634,1.00943576
mnist,fixed_phase,512,891,0.94771115,0.03854646,0.98223236
mnist,fixed_phase,512,892,0.94070094,0.00899291,0.99870577
mnist,fixed_phase,512,893,0.9346293,0.07213631,0.99947886
mnist,fixed_phase,512,894,0.94368124,0.00351171,1.01768312
mnist,fixed_phase,512,895,0.94546201,0.02695568,1.00293889
mnist,fixed_phase,512,896,0.94377049,0.03544088,0.99007562
mnist,fixed_phase,512,897,0.93788044,0.01178423,0.99027913
mnist,fixed_phase,512,898,0.94295221,0.04635283,1.01687635
mnist,fixed_phase,512,899,0.94254423,0.01298652,0.99088359
mnist,fixed_phase,512,900,0.94320822,0.05621987,1.00829445
mnist,fixed_phase,512,901,0.95699317,0.04451134,1.01542847
mnist,fixed_phase,512,902,0.94465817,0.05908624,1.00515695
mnist,fixed_phase,512,903,0.9330904,0.01685541,1.00971105
mnist,fixed_phase,512,904,0.93854642,0.04938535,1.00265981
mnist,fixed_phase,512,905,0.94654436,0.04488386,1.02335774
mnist,fixed_phase,512,906,0.94532622,0.00536821,1.01580276
mnist,fixed_phase,512,907,0.95021811,0.06076388,0.97730449
mnist,fixed_phase,512,908,0.93318993,0.03442891,0.98405065
mnist,fixed_phase,512,909,0.94117758,0.01528365,1.00170468
mnist,fixed_phase,512,910,0.94683801,0.03369037,0.97632282
mnist,fixed_phase,512,911,0.94263821,0.05531637,0.99894603
mnist,fixed_phase,512,912,0.94422987,0.03397464,0.96673938
mnist,fixed_phase,512,913,0.93675473,0.00074282,1.01495785
mnist,fixed_phase,512,914,0.94005238,0.11687988,1.01702637
mnist,fixed_phase,512,915,0.93806009,0.01950066,0.98643355
mnist,fixed_phase,512,916,0.93763972,0.07267213,1.01009704
mnist,fixed_phase,512,917,0.93579014,0.00574134,1.00639009
mnist,fixed_phase,512,918,0.93276345,0.023584,1.00477719
mnist,fixed_phase,512,919,0.94758708,0.017438,0.99199172
mnist,fixed_phase,512,920,0.95126197,0.01765324,1.00752997
mnist,fixed_phase,512,921,0.94025805,0.01001296,1.01185579
mnist,fixed_phase,512,922,0.9302793,0.01331573,0.99977266
mnist,fixed_phase,512,923,0.94393381,0.04789773,0.99622798
mnist,fixed_phase,512,924,0.94340558,0.08484392,1.01731898
mnist,fixed_phase,512,925,0.93653749,0.00165001,1.00543374
mnist,fixed_phase,512,926,0.94844353,0.02760095,0.99417114
mnist,fixed_phase,512,927,0.94433616,0.04769714,0.97397652
mnist,fixed_phase,512,928,0.93885338,0.05024708,1.01599826
mnist,fixed_phase,512,929,0.9471185,0.01426636,1.01291296
mnist,fixed_phase,512,930,0.93347306,0.099961,0.98766083
mnist,fixed_phase,512,931,0.93418415,0.01436543,0.98649111
mnist,fixed_phase,512,932,0.9341279,0.00125656,0.9925318
mnist,fixed_phase,512,933,0.93598072,0.0469818,1.00830838
mnist,fixed_phase,512,934,0.93429961,0.03098671,1.00538652
mnist,fixed_phase,512,935,0.94229392,0.09441062,0.96980089
mnist,fixed_phase,512,936,0.93912291,0.06703916,0.99712401
mnist,fixed_phase,512,937,0.93565935,0.07938587,1.00750223
mnist,fixed_phase,512,938,0.94273854,0.03089786,0.9943198
mnist,fixed_phase,512,939,0.92705213,0.06494228,0.98747949
mnist,fixed_phase,512,940,0.93813568,0.04855873,0.99624482
mnist,fixed_phase,512,941,0.93308347,0.01001807,1.00185915
mnist,fixed_phase,512,942,0.93247167,0.02666463,1.02217573
mnist,fixed_phase,512,943,0.94735447,0.05459545,1.00265412
mnist,fixed_phase,512,944,0.93858334,0.07450393,1.01512131
mnist,fixed_phase,512,945,0.94120043,0.10557894,0.99889935
mnist,fixed_phase,512,946,0.94202534,0.00990868,1.00364517
mnist,fixed_phase,512,947,0.93521254,0.04616631,0.99201025
mnist,fixed_phase,512,948,0.93822433,0.02311593,0.97120517
mnist,fixed_phase,512,949,0.94139116,0.04407837,0.98640769
mnist,fixed_phase,512,950,0.94489781,0.06274892,1.01069339
mnist,fixed_phase,512,951,0.93694107,0.01304583,1.0118378
mnist,fixed_phase,512,952,0.94242486,0.01237347,0.98379429
mnist,fixed_phase,512,953,0.93677815,0.12250594,0.98255542
mnist,fixed_phase,512,954,0.94103361,0.01209088,1.00323152
mnist,fixed_phase,512,955,0.93220916,0.03293508,1.01082519
mnist,fixed_phase,512,956,0.95015392,0.03955399,0.99236275
mnist,fixed_phase,512,957,0.94264847,0.01650531,1.01251155
mnist,fixed_phase,512,958,0.94072106,0.03144611,1.00350086
mnist,fixed_phase,512,959,0.94663932,0.00107765,0.97784349
mnist,fixed_phase,512,960,0.93631318,0.03024623,1.00940292
mnist,fixed_phase,512,961,0.94157807,0.17825286,0.99073872
mnist,fixed_phase,512,962,0.94240079,0.01038634,1.01662189
mnist,fixed_phase,512,963,0.93528572,0.02669253,1.03202275
mnist,fixed_phase,512,964,0.9331771,0.00378892,1.0028952
mnist,fixed_phase,512,965,0.93881973,0.05059609,0.98782223
mnist,fixed_phase,512,966,0.94249586,0.04215507,1.00497793
mnist,fixed_phase,512,967,0.93684687,0.03889242,0.99075543
mnist,fixed_phase,512,968,0.94670092,0.02166179,0.99764384
mnist,fixed_phase,512,969,0.94089462,0.04823257,1.00190778
mnist,fixed_phase,512,970,0.94296263,0.0052964,0.98538799
mnist,fixed_phase,512,971,0.94191229,0.01178546,0.98763512
mnist,fixed_phase,512,972,0.94754112,0.07659916,0.98862034
mnist,fixed_phase,512,973,0.94449465,0.02032187,0.9978072
mnist,fixed_phase,512,974,0.93424799,0.01960026,1.00223348
mnist,fixed_phase,512,975,0.94107264,0.01999047,0.97864695
mnist,fixed_phase,512,976,0.94730366,0.02993281,0.99570829
mnist,fixed_phase,512,977,0.93283432,0.05152511,0.98540663
mnist,fixed_phase,512,978,0.94375753,0.09406433,1.01333515
mnist,fixed_phase,512,979,0.93924513,0.00957308,0.98337879
mnist,fixed_phase,512,980,0.94367733,0.03784077,1.01449041
mnist,fixed_phase,512,981,0.93872849,0.07214119,0.98125155
mnist,fixed_phase,512,982,0.93539935,0.0481577,0.99336366
mnist,fixed_phase,512,983,0.94394252,0.06873074,0.99374521
mnist,fixed_phase,512,984,0.94830404,0.04894121,0.99624168
mnist,fixed_phase,512,985,0.9384943,0.04383737,0.96471132
mnist,fixed_phase,512,986,0.93361438,0.0163786,0.9611064
mnist,fixed_phase,512,987,0.94767541,0.03421884,1.00717168
mnist,fixed_phase,512,988,0.93045756,0.10778891,0.99953236
mnist,fixed_phase,512,989,0.94890966,0.02697075,0.98556528
mnist,fixed_phase,512,990,0.94102558,0.0243933,0.99932045
mnist,fixed_phase,512,991,0.94509602,0.08283596,1.01041121
mnist,fixed_phase,512,992,0.93646622,0.01255383,1.00166175
mnist,fixed_phase,512,993,0.9324317,0.10500386,0.99349754
mnist,fixed_phase,512,994,0.94253832,0.04669257,0.9962454
mnist,fixed_phase,512,995,0.93384356,0.08764334,0.99314042
mnist,fixed_phase,512,996,0.9458694,0.02473487,1.00316709
mnist,fixed_phase,512,997,0.93331217,0.04701289,1.00586686
mnist,fixed_phase,512,998,0.93902631,0.055243,0.99715416
mnist,fixed_phase,512,999,0.93958981,0.01090935,1.01608881
