dataset,model,seed,sample_index,measurement_probability,phase_noise_rad,optical_power
circles,fixed_amplitude,1024,0,0.91875456,0.10112423,0.98550854
circles,fixed_amplitude,1024,1,0.90612623,0.06031754,0.99159193
circles,fixed_amplitude,1024,2,0.91273008,0.00809789,0.99999236
circles,fixed_amplitude,1024,3,0.91925451,0.06369667,1.00484268
circles,fixed_amplitude,1024,4,0.91820748,0.01251909,1.00142015
circles,fixed_amplitude,1024,5,0.92366071,0.0769853,0.99335392
circles,fixed_amplitude,1024,6,0.9152692,0.0536145,1.00491822
circles,fixed_amplitude,1024,7,0.90927606,0.03326957,1.00363143
circles,fixed_amplitude,1024,8,0.90835171,0.01271907,0.98967676
circles,fixed_amplitude,1024,9,0.92064702,0.02996759,0.97953028
circles,fixed_amplitude,1024,10,0.92100577,0.04075916,0.9810341
circles,fixed_amplitude,1024,11,0.92281452,0.04212079,1.01313327
circles,fixed_amplitude,1024,12,0.91811846,0.03500907,1.01083668
circles,fixed_amplitude,1024,13,0.91436146,0.04464569,0.99652132
circles,fixed_amplitude,1024,14,0.90774227,0.00245347,1.01773969
circles,fixed_amplitude,1024,15,0.91192774,0.02470582,0.98761029
circles,fixed_amplitude,1024,16,0.9123912,0.05764688,1.00020006
circles,fixed_amplitude,1024,17,0.91391216,0.03804506,1.01813
circles,fixed_amplitude,1024,18,0.9198568,0.00684064,1.02689755
circles,fixed_amplitude,1024,19,0.91357724,0.06437253,0.99861447
circles,fixed_amplitude,1024,20,0.91980408,0.00294058,0.99688866
circles,fixed_amplitude,1024,21,0.91850408,0.02897639,0.99389323
circles,fixed_amplitude,1024,22,0.91805037,0.04893692,0.96430426
circles,fixed_amplitude,1024,23,0.92736141,0.05054044,1.01698978
circles,fixed_amplitude,1024,24,0.91084572,0.02120657,0.99680423
circles,fixed_amplitude,1024,25,0.91926799,0.00797509,0.996789
circles,fixed_amplitude,1024,26,0.91994034,0.12693798,0.9906413
circles,fixed_amplitude,1024,27,0.91848534,0.11165402,0.98085641
circles,fixed_amplitude,1024,28,0.90858706,0.09197865,1.01233856
circles,fixed_amplitude,1024,29,0.9234047,0.04419242,1.02456297
circles,fixed_amplitude,1024,30,0.92093635,0.0430646,0.98557017
circles,fixed_amplitude,1024,31,0.91371298,0.05102129,0.99813728
circles,fixed_amplitude,1024,32,0.91732021,0.03836203,1.00687917
circles,fixed_amplitude,1024,33,0.92384241,0.04453324,1.00316657
circles,fixed_amplitude,1024,34,0.92394211,0.0512519,1.01228626
circles,fixed_amplitude,1024,35,0.91223542,0.05608329,1.01198238
circles,fixed_amplitude,1024,36,0.91314962,0.04431189,1.0044817
circles,fixed_amplitude,1024,37,0.91704279,0.00602032,0.98810748
circles,fixed_amplitude,1024,38,0.92208643,0.03748912,1.00522969
circles,fixed_amplitude,1024,39,0.91321941,0.12098757,0.97221424
circles,fixed_amplitude,1024,40,0.91175181,0.04880892,1.01308176
circles,fixed_amplitude,1024,41,0.91569471,0.07667229,1.02305267
circles,fixed_amplitude,1024,42,0.92350044,0.06974889,0.99856945
circles,fixed_amplitude,1024,43,0.92289781,0.01075479,1.01762671
circles,fixed_amplitude,1024,44,0.92340267,0.06042645,0.99426589
circles,fixed_amplitude,1024,45,0.9205365,0.11006669,1.0038791
circles,fixed_amplitude,1024,46,0.91328832,0.02253517,0.99840302
circles,fixed_amplitude,1024,47,0.90488922,0.0342525,1.03818987
circles,fixed_amplitude,1024,48,0.92472289,0.03586522,1.00773648
circles,fixed_amplitude,1024,49,0.91001733,0.14422221,0.99285335
circles,fixed_amplitude,1024,50,0.92402888,0.05242054,1.0295405
circles,fixed_amplitude,1024,51,0.92668292,0.00421114,1.03222999
circles,fixed_amplitude,1024,52,0.91798267,0.03981386,1.00110214
circles,fixed_amplitude,1024,53,0.91760177,0.02094996,1.00021374
circles,fixed_amplitude,1024,54,0.90980165,0.13318171,0.98960746
circles,fixed_amplitude,1024,55,0.91596297,0.04799655,1.0169637
circles,fixed_amplitude,1024,56,0.91609473,0.01369423,1.00562849
circles,fixed_amplitude,1024,57,0.91723202,0.03423042,0.97506609
circles,fixed_amplitude,1024,58,0.92171617,0.06383719,1.00429346
circles,fixed_amplitude,1024,59,0.91771397,0.00725797,0.97188145
circles,fixed_amplitude,1024,60,0.92805517,0.04138735,1.02118427
circles,fixed_amplitude,1024,61,0.90825713,0.00489948,1.01010788
circles,fixed_amplitude,1024,62,0.90693384,0.04000678,1.01768215
circles,fixed_amplitude,1024,63,0.92325997,0.09859641,1.00405973
circles,fixed_amplitude,1024,64,0.91023501,0.05505451,0.99843814
circles,fixed_amplitude,1024,65,0.91333731,0.05524249,0.99497833
circles,fixed_amplitude,1024,66,0.91591263,0.06050459,0.9957404
circles,fixed_amplitude,1024,67,0.92128339,0.00991461,0.97464062
circles,fixed_amplitude,1024,68,0.92543652,0.07221524,1.01260039
circles,fixed_amplitude,1024,69,0.91803812,0.03023742,1.00438271
circles,fixed_amplitude,1024,70,0.91766079,0.03578785,1.00242544
circles,fixed_amplitude,1024,71,0.91706459,0.05253449,0.9937837
circles,fixed_amplitude,1024,72,0.91936553,0.08119871,1.00485117
circles,fixed_amplitude,1024,73,0.92201652,0.04344072,1.02911843
circles,fixed_amplitude,1024,74,0.91876343,0.05697481,1.01503928
circles,fixed_amplitude,1024,75,0.91694167,0.00276056,0.99643966
circles,fixed_amplitude,1024,76,0.92250091,0.06117493,0.99639075
circles,fixed_amplitude,1024,77,0.91748059,0.01083994,1.0006916
circles,fixed_amplitude,1024,78,0.92077714,0.05058742,0.9782937
circles,fixed_amplitude,1024,79,0.90640692,0.00614127,0.98593297
circles,fixed_amplitude,1024,80,0.90760413,0.05251339,0.98907108
circles,fixed_amplitude,1024,81,0.9085145,0.03233544,0.98883378
circles,fixed_amplitude,1024,82,0.91275102,0.03923038,0.98868018
circles,fixed_amplitude,1024,83,0.91838427,0.02408039,1.00391503
circles,fixed_amplitude,1024,84,0.91076448,0.04138235,0.98788881
circles,fixed_amplitude,1024,85,0.92351584,0.07293596,1.03019732
circles,fixed_amplitude,1024,86,0.91621589,0.01846527,0.98530507
circles,fixed_amplitude,1024,87,0.92295376,0.06911593,1.00088184
circles,fixed_amplitude,1024,88,0.91952155,0.04463994,1.00799497
circles,fixed_amplitude,1024,89,0.91082321,0.02037068,1.00221353
circles,fixed_amplitude,1024,90,0.92103028,0.01324553,1.02193538
circles,fixed_amplitude,1024,91,0.91132437,0.00855679,1.00912531
circles,fixed_amplitude,1024,92,0.91349216,0.02857701,1.02616059
circles,fixed_amplitude,1024,93,0.922631,0.04837316,1.0161616
circles,fixed_amplitude,1024,94,0.92217964,0.03964217,1.02596858
circles,fixed_amplitude,1024,95,0.9239604,0.04144653,1.00148904
circles,fixed_amplitude,1024,96,0.91562924,0.07590136,1.00876722
circles,fixed_amplitude,1024,97,0.91964077,0.03844172,1.03005573
circles,fixed_amplitude,1024,98,0.90724185,0.07326409,0.98139508
circles,fixed_amplitude,1024,99,0.90921611,0.0698918,1.03196567
circles,fixed_amplitude,1024,100,0.90685055,0.01732599,1.02068989
circles,fixed_amplitude,1024,101,0.90789337,0.09699236,0.99671067
circles,fixed_amplitude,1024,102,0.91955059,0.02786396,0.99558057
circles,fixed_amplitude,1024,103,0.91707363,0.07599644,1.00585516
circles,fixed_amplitude,1024,104,0.91179308,0.01266907,0.97288811
circles,fixed_amplitude,1024,105,0.91290495,0.00344397,1.00439429
circles,fixed_amplitude,1024,106,0.91455488,0.09233532,0.99889605
circles,fixed_amplitude,1024,107,0.92185234,0.02749179,1.01758406
circles,fixed_amplitude,1024,108,0.91627805,0.03165474,1.03968922
circles,fixed_amplitude,1024,109,0.92081213,0.04150656,0.98128662
circles,fixed_amplitude,1024,110,0.90671896,0.04591311,0.97338589
circles,fixed_amplitude,1024,111,0.91553542,0.07733463,0.99679587
circles,fixed_amplitude,1024,112,0.91928804,0.0260863,0.98463177
circles,fixed_amplitude,1024,113,0.91569241,0.07709252,1.0105496
circles,fixed_amplitude,1024,114,0.91567848,0.11265229,1.0135998
circles,fixed_amplitude,1024,115,0.90610864,0.02974713,0.99362907
circles,fixed_amplitude,1024,116,0.91944634,0.00203794,1.00372194
circles,fixed_amplitude,1024,117,0.92055343,0.00894321,0.99299616
circles,fixed_amplitude,1024,118,0.91691581,0.10669419,0.99749865
circles,fixed_amplitude,1024,119,0.9184389,0.09102248,1.00211445
circles,fixed_amplitude,1024,120,0.92105472,0.02516579,0.99037325
circles,fixed_amplitude,1024,121,0.92370745,0.0139359,0.99785297
circles,fixed_amplitude,1024,122,0.9152138,0.04606548,0.9965252
circles,fixed_amplitude,1024,123,0.92485174,0.01465049,1.01420727
circles,fixed_amplitude,1024,124,0.9237034,0.0143313,0.9963013
circles,fixed_amplitude,1024,125,0.92630358,0.0158394,0.9910217
circles,fixed_amplitude,1024,126,0.92710746,0.01510228,1.00182639
circles,fixed_amplitude,1024,127,0.91700313,0.06817725,0.98959231
circles,fixed_amplitude,1024,128,0.92054368,0.0251263,0.97051978
circles,fixed_amplitude,1024,129,0.92150945,0.03573707,0.99512281
circles,fixed_amplitude,1024,130,0.92229466,0.03266978,0.95786335
circles,fixed_amplitude,1024,131,0.91787549,0.00553618,0.97598627
circles,fixed_amplitude,1024,132,0.91844839,0.03982205,1.01890776
circles,fixed_amplitude,1024,133,0.9170881,0.07803321,0.99606604
circles,fixed_amplitude,1024,134,0.91610154,0.02107992,0.99728166
circles,fixed_amplitude,1024,135,0.90990394,0.03680874,1.01601453
circles,fixed_amplitude,1024,136,0.91591278,0.04773845,1.00555442
circles,fixed_amplitude,1024,137,0.90360659,0.07260004,1.02214141
circles,fixed_amplitude,1024,138,0.9215864,0.03353658,1.00603251
circles,fixed_amplitude,1024,139,0.91892478,0.00047689,0.97894705
circles,fixed_amplitude,1024,140,0.91115566,0.06903978,0.96696736
circles,fixed_amplitude,1024,141,0.92418092,0.07495341,1.00920951
circles,fixed_amplitude,1024,142,0.9151697,0.04615088,1.0064327
circles,fixed_amplitude,1024,143,0.91312047,0.00655323,0.99916506
circles,fixed_amplitude,1024,144,0.91179618,0.04862745,0.99226865
circles,fixed_amplitude,1024,145,0.92367627,0.04126701,0.98339898
circles,fixed_amplitude,1024,146,0.9151168,0.05504948,1.00899995
circles,fixed_amplitude,1024,147,0.92616073,0.00124257,1.00615485
circles,fixed_amplitude,1024,148,0.91685875,0.04173917,0.97993691
circles,fixed_amplitude,1024,149,0.91901439,0.07743114,0.9679849
circles,fixed_amplitude,1024,150,0.91335103,0.03086369,1.00295874
circles,fixed_amplitude,1024,151,0.92462247,0.001408,0.99893095
circles,fixed_amplitude,1024,152,0.92149463,0.04897731,1.00399278
circles,fixed_amplitude,1024,153,0.9234308,0.00163915,0.97566353
circles,fixed_amplitude,1024,154,0.91162037,0.03245525,1.01025354
circles,fixed_amplitude,1024,155,0.92071785,0.00940083,1.01867501
circles,fixed_amplitude,1024,156,0.92275967,0.06676283,0.99527888
circles,fixed_amplitude,1024,157,0.91706455,0.0163644,1.00208988
circles,fixed_amplitude,1024,158,0.91754884,0.04575161,1.00547081
circles,fixed_amplitude,1024,159,0.91813429,0.00102429,0.97122334
circles,fixed_amplitude,1024,160,0.90562102,0.04670031,0.99444509
circles,fixed_amplitude,1024,161,0.9097116,0.07838693,0.97460013
circles,fixed_amplitude,1024,162,0.91336684,0.04626793,0.98199864
circles,fixed_amplitude,1024,163,0.91420438,0.00773201,0.99569805
circles,fixed_amplitude,1024,164,0.91384207,0.01706056,0.99479263
circles,fixed_amplitude,1024,165,0.91420204,0.06259733,1.00035268
circles,fixed_amplitude,1024,166,0.91707015,0.07877592,0.98378789
circles,fixed_amplitude,1024,167,0.92357567,0.00031112,1.00235836
circles,fixed_amplitude,1024,168,0.9225889,0.03634403,1.02508054
circles,fixed_amplitude,1024,169,0.91867139,0.02686371,1.00477227
circles,fixed_amplitude,1024,170,0.92560073,0.06620877,1.00707893
circles,fixed_amplitude,1024,171,0.92679102,0.04556284,1.01534693
circles,fixed_amplitude,1024,172,0.92097832,0.01006642,1.00973358
circles,fixed_amplitude,1024,173,0.92219303,0.05993009,1.01567479
circles,fixed_amplitude,1024,174,0.92019875,0.01815033,1.02047838
circles,fixed_amplitude,1024,175,0.91571565,0.01773932,1.00555714
circles,fixed_amplitude,1024,176,0.91644252,0.00695946,1.00537829
circles,fixed_amplitude,1024,177,0.90403965,0.04630305,0.98782429
circles,fixed_amplitude,1024,178,0.91546168,0.04581872,1.01803054
circles,fixed_amplitude,1024,179,0.91684514,0.03336446,1.00906349
circles,fixed_amplitude,1024,180,0.91624737,0.06470005,0.9989211
circles,fixed_amplitude,1024,181,0.90573216,0.00703355,0.99290275
circles,fixed_amplitude,1024,182,0.92264597,0.03148989,1.00199631
circles,fixed_amplitude,1024,183,0.91612859,0.02697613,1.021281
circles,fixed_amplitude,1024,184,0.89285946,0.08763959,0.98137212
circles,fixed_amplitude,1024,185,0.91807207,0.04050767,1.01052136
circles,fixed_amplitude,1024,186,0.90277184,0.01980108,0.9963627
circles,fixed_amplitude,1024,187,0.90963144,0.00898786,1.00960258
circles,fixed_amplitude,1024,188,0.91642294,0.06145397,1.01265589
circles,fixed_amplitude,1024,189,0.92095513,0.03942124,0.98246084
circles,fixed_amplitude,1024,190,0.91965375,0.05296285,1.02139298
circles,fixed_amplitude,1024,191,0.93205389,0.02515819,0.98678319
circles,fixed_amplitude,1024,192,0.91743988,0.05530091,1.02839514
circles,fixed_amplitude,1024,193,0.91041836,0.01065664,0.99328265
circles,fixed_amplitude,1024,194,0.91271492,0.00357624,0.99671202
circles,fixed_amplitude,1024,195,0.921017,0.03011024,0.99408572
circles,fixed_amplitude,1024,196,0.92403335,0.04096132,0.99717513
circles,fixed_amplitude,1024,197,0.91319307,0.07716353,1.00573201
circles,fixed_amplitude,1024,198,0.91487203,0.01354508,0.99852569
circles,fixed_amplitude,1024,199,0.91500201,0.00891576,1.01295597
circles,fixed_amplitude,1024,200,0.91071178,0.03709353,1.00247758
circles,fixed_amplitude,1024,201,0.91525188,0.01564215,1.00020026
circles,fixed_amplitude,1024,202,0.91933577,0.0284001,1.00025756
circles,fixed_amplitude,1024,203,0.91809721,0.00507325,0.9742697
circles,fixed_amplitude,1024,204,0.90950308,0.00090069,0.99929481
circles,fixed_amplitude,1024,205,0.91531304,0.04864653,0.9898493
circles,fixed_amplitude,1024,206,0.92158505,0.02325417,0.99100891
circles,fixed_amplitude,1024,207,0.92037862,0.073407,0.99568523
circles,fixed_amplitude,1024,208,0.91640668,0.06960431,1.02381679
circles,fixed_amplitude,1024,209,0.9127663,0.04831901,1.01431698
circles,fixed_amplitude,1024,210,0.91613903,0.00182501,1.02433193
circles,fixed_amplitude,1024,211,0.91866199,0.00084362,0.9903471
circles,fixed_amplitude,1024,212,0.92336619,0.00741775,0.99771566
circles,fixed_amplitude,1024,213,0.91879824,0.04056462,1.01141802
circles,fixed_amplitude,1024,214,0.91156569,0.10465941,0.98876568
circles,fixed_amplitude,1024,215,0.92332709,0.02466872,0.97993282
circles,fixed_amplitude,1024,216,0.92262449,0.02364533,0.9675837
circles,fixed_amplitude,1024,217,0.9205352,0.04221915,0.98724621
circles,fixed_amplitude,1024,218,0.90536774,0.08238523,0.99216116
circles,fixed_amplitude,1024,219,0.92307527,0.07428935,0.993852
circles,fixed_amplitude,1024,220,0.9245598,0.03078653,0.98120562
circles,fixed_amplitude,1024,221,0.91250364,0.07980833,0.99483608
circles,fixed_amplitude,1024,222,0.91619146,0.0206571,0.99051408
circles,fixed_amplitude,1024,223,0.92362994,0.03807807,1.02181434
circles,fixed_amplitude,1024,224,0.91749018,0.05534301,0.97987808
circles,fixed_amplitude,1024,225,0.91768148,0.02989658,0.99278508
circles,fixed_amplitude,1024,226,0.91030639,0.11294985,1.02171586
circles,fixed_amplitude,1024,227,0.91258425,0.0159911,1.01945459
circles,fixed_amplitude,1024,228,0.91999529,0.07305671,1.01159323
circles,fixed_amplitude,1024,229,0.91727902,0.03106883,0.97822175
circles,fixed_amplitude,1024,230,0.91961646,0.00498858,1.00248223
circles,fixed_amplitude,1024,231,0.91666871,0.07448903,1.03066199
circles,fixed_amplitude,1024,232,0.90686685,0.00735034,1.0090283
circles,fixed_amplitude,1024,233,0.90177756,0.01268105,0.99905819
circles,fixed_amplitude,1024,234,0.91535768,0.03298355,1.00590583
circles,fixed_amplitude,1024,235,0.91992732,0.00603959,0.96937291
circles,fixed_amplitude,1024,236,0.92094826,0.0071248,1.00810877
circles,fixed_amplitude,1024,237,0.91732417,0.04072346,0.98337587
circles,fixed_amplitude,1024,238,0.91192286,0.09613072,0.98748654
circles,fixed_amplitude,1024,239,0.91125279,0.00111559,1.03561073
circles,fixed_amplitude,1024,240,0.92126595,0.08050598,0.99371028
circles,fixed_amplitude,1024,241,0.91956205,0.01031931,0.99364324
circles,fixed_amplitude,1024,242,0.91517187,0.10546906,0.99500726
circles,fixed_amplitude,1024,243,0.91894287,0.05473711,0.98415235
circles,fixed_amplitude,1024,244,0.92003107,0.14634575,0.98421391
circles,fixed_amplitude,1024,245,0.91845893,0.00825928,1.02337982
circles,fixed_amplitude,1024,246,0.91520173,0.03377534,1.00463684
circles,fixed_amplitude,1024,247,0.91496024,0.10059121,0.99349685
circles,fixed_amplitude,1024,248,0.91018335,0.07490659,0.99364417
circles,fixed_amplitude,1024,249,0.92090013,0.01770562,1.00183663
circles,fixed_amplitude,1024,250,0.91031193,0.1224239,0.99153684
circles,fixed_amplitude,1024,251,0.91445497,0.08097185,0.99815672
circles,fixed_amplitude,1024,252,0.91172841,0.02183042,0.98752054
circles,fixed_amplitude,1024,253,0.92773581,0.09706215,0.96793851
circles,fixed_amplitude,1024,254,0.92162133,0.04565649,0.98882301
circles,fixed_amplitude,1024,255,0.9154171,0.08675088,1.0258775
circles,fixed_amplitude,1024,256,0.91656499,0.01897612,0.98679977
circles,fixed_amplitude,1024,257,0.91434718,0.07076284,1.01684119
circles,fixed_amplitude,1024,258,0.91489684,0.00377503,1.02336096
circles,fixed_amplitude,1024,259,0.92032886,0.07693785,0.98222974
circles,fixed_amplitude,1024,260,0.91412197,0.02967107,1.02817602
circles,fixed_amplitude,1024,261,0.92212309,0.01900795,0.99275684
circles,fixed_amplitude,1024,262,0.91851542,0.03501972,0.99647622
circles,fixed_amplitude,1024,263,0.91361795,0.02375062,1.01828002
circles,fixed_amplitude,1024,264,0.9126993,0.06007212,1.01972592
circles,fixed_amplitude,1024,265,0.92500238,0.07437991,1.02956631
circles,fixed_amplitude,1024,266,0.92553997,0.04654678,0.99796478
circles,fixed_amplitude,1024,267,0.91558103,0.03679957,0.99303378
circles,fixed_amplitude,1024,268,0.90888086,0.01505006,1.00523815
circles,fixed_amplitude,1024,269,0.91642569,0.01364034,0.99512596
circles,fixed_amplitude,1024,270,0.91686943,0.06592077,1.02499077
circles,fixed_amplitude,1024,271,0.92386543,0.04935427,0.98615963
circles,fixed_amplitude,1024,272,0.92546717,0.00394282,0.99271534
circles,fixed_amplitude,1024,273,0.9132493,0.01502799,0.97089634
circles,fixed_amplitude,1024,274,0.91412668,0.08621779,0.99588448
circles,fixed_amplitude,1024,275,0.91899364,0.08518127,0.99343375
circles,fixed_amplitude,1024,276,0.91698379,0.03915336,0.98794397
circles,fixed_amplitude,1024,277,0.93145276,0.08331502,0.98823943
circles,fixed_amplitude,1024,278,0.91282138,0.03539095,0.9990207
circles,fixed_amplitude,1024,279,0.92868364,0.00594362,1.01219934
circles,fixed_amplitude,1024,280,0.908074,0.02355277,1.03021667
circles,fixed_amplitude,1024,281,0.91858149,0.03100799,0.9972002
circles,fixed_amplitude,1024,282,0.9172691,0.00860509,1.01429903
circles,fixed_amplitude,1024,283,0.90993918,0.0005217,0.9713033
circles,fixed_amplitude,1024,284,0.92041566,0.05905561,0.99918013
circles,fixed_amplitude,1024,285,0.90845462,0.04003902,0.99506496
circles,fixed_amplitude,1024,286,0.91568093,0.03218711,1.00586754
circles,fixed_amplitude,1024,287,0.92374055,0.03947722,0.99896753
circles,fixed_amplitude,1024,288,0.91298291,0.06528865,1.01042217
circles,fixed_amplitude,1024,289,0.91571125,0.01529293,1.00317496
circles,fixed_amplitude,1024,290,0.91545224,0.04945733,0.99464317
circles,fixed_amplitude,1024,291,0.91958535,0.02279901,0.98720687
circles,fixed_amplitude,1024,292,0.91749052,0.05512481,0.99271408
circles,fixed_amplitude,1024,293,0.90923371,0.04432787,1.00797063
circles,fixed_amplitude,1024,294,0.90789925,0.00308501,1.00798771
circles,fixed_amplitude,1024,295,0.91615358,0.01462043,1.01482448
circles,fixed_amplitude,1024,296,0.92351708,0.07058299,0.98916478
circles,fixed_amplitude,1024,297,0.91911344,0.03979043,0.99264232
circles,fixed_amplitude,1024,298,0.91210308,0.02500106,0.99162987
circles,fixed_amplitude,1024,299,0.91507123,0.010997,1.01556781
circles,fixed_amplitude,1024,300,0.91615147,0.0511692,1.03482918
circles,fixed_amplitude,1024,301,0.922341,0.00367265,0.9893633
circles,fixed_amplitude,1024,302,0.91319408,0.02993177,1.00832869
circles,fixed_amplitude,1024,303,0.92644379,0.01011506,1.00646502
circles,fixed_amplitude,1024,304,0.91552798,0.03397166,1.00792464
circles,fixed_amplitude,1024,305,0.93117532,0.02149332,1.00343253
circles,fixed_amplitude,1024,306,0.91355956,0.01504493,0.98051801
circles,fixed_amplitude,1024,307,0.90511136,0.06610102,0.99262853
circles,fixed_amplitude,1024,308,0.91139677,0.01082417,0.99628195
circles,fixed_amplitude,1024,309,0.89989309,0.01529466,1.00081241
circles,fixed_amplitude,1024,310,0.90870055,0.05772297,1.00438792
circles,fixed_amplitude,1024,311,0.91974236,0.05250374,1.0013607
circles,fixed_amplitude,1024,312,0.91548612,0.01884646,0.98774334
circles,fixed_amplitude,1024,313,0.91969141,0.00317398,1.01890516
circles,fixed_amplitude,1024,314,0.91786841,0.00186988,0.97613453
circles,fixed_amplitude,1024,315,0.91401586,0.02570848,0.99801712
circles,fixed_amplitude,1024,316,0.91906191,0.00954778,0.97576365
circles,fixed_amplitude,1024,317,0.91476042,0.086193,1.02071882
circles,fixed_amplitude,1024,318,0.91617918,0.01330329,1.0183148
circles,fixed_amplitude,1024,319,0.91240467,0.01082345,1.01328036
circles,fixed_amplitude,1024,320,0.92221133,0.02590927,1.00778967
circles,fixed_amplitude,1024,321,0.91869183,0.04324439,1.01060365
circles,fixed_amplitude,1024,322,0.91634231,0.00316848,0.97390541
circles,fixed_amplitude,1024,323,0.91491771,0.13007022,1.01186729
circles,fixed_amplitude,1024,324,0.91219202,0.00259003,0.9763759
circles,fixed_amplitude,1024,325,0.91983212,0.04749537,0.99873049
circles,fixed_amplitude,1024,326,0.90793196,0.02167412,0.98051099
circles,fixed_amplitude,1024,327,0.92006307,0.01801556,0.97601223
circles,fixed_amplitude,1024,328,0.91240417,0.00302166,1.01149791
circles,fixed_amplitude,1024,329,0.92254317,0.08730346,0.9959882
circles,fixed_amplitude,1024,330,0.91718662,0.01310318,0.99442391
circles,fixed_amplitude,1024,331,0.91558712,0.05477393,0.99742762
circles,fixed_amplitude,1024,332,0.91875461,0.07810607,0.99693827
circles,fixed_amplitude,1024,333,0.9247761,0.00998761,0.98254061
circles,fixed_amplitude,1024,334,0.90725853,0.03509374,1.0010957
circles,fixed_amplitude,1024,335,0.92550908,0.05875454,1.01310287
circles,fixed_amplitude,1024,336,0.91761425,0.03536736,0.99612994
circles,fixed_amplitude,1024,337,0.91342173,0.00782291,1.00905991
circles,fixed_amplitude,1024,338,0.91989707,0.00955537,1.00987539
circles,fixed_amplitude,1024,339,0.91846741,0.01439602,0.97826098
circles,fixed_amplitude,1024,340,0.9099232,0.00122362,1.03272927
circles,fixed_amplitude,1024,341,0.90781632,0.01059722,0.98769678
circles,fixed_amplitude,1024,342,0.91242682,0.09152185,0.9679122
circles,fixed_amplitude,1024,343,0.91392737,0.07900435,0.98480641
circles,fixed_amplitude,1024,344,0.91239346,0.01753915,1.00961404
circles,fixed_amplitude,1024,345,0.91560696,0.03807689,1.03519827
circles,fixed_amplitude,1024,346,0.92873453,0.06551869,0.99927999
circles,fixed_amplitude,1024,347,0.92104177,0.03419348,1.00839742
circles,fixed_amplitude,1024,348,0.91193579,0.04063878,1.0192481
circles,fixed_amplitude,1024,349,0.92498459,0.0030108,0.9934492
circles,fixed_amplitude,1024,350,0.91448746,0.03383053,1.01815923
circles,fixed_amplitude,1024,351,0.92636975,0.01316007,1.02499838
circles,fixed_amplitude,1024,352,0.91179739,0.03919013,0.99006833
circles,fixed_amplitude,1024,353,0.90743072,0.04992474,0.99536404
circles,fixed_amplitude,1024,354,0.91510766,0.06490129,1.03696879
circles,fixed_amplitude,1024,355,0.91032978,0.08741,0.99604027
circles,fixed_amplitude,1024,356,0.91804736,0.03193284,1.01113004
circles,fixed_amplitude,1024,357,0.9136324,0.02772338,1.01864524
circles,fixed_amplitude,1024,358,0.92210796,0.03244065,0.9788094
circles,fixed_amplitude,1024,359,0.91503471,0.05986307,1.00274334
circles,fixed_amplitude,1024,360,0.92141924,0.04752813,1.01921928
circles,fixed_amplitude,1024,361,0.91941655,0.0609584,1.01536967
circles,fixed_amplitude,1024,362,0.92213888,0.01405365,0.99805945
circles,fixed_amplitude,1024,363,0.91384173,0.01758809,0.99338617
circles,fixed_amplitude,1024,364,0.92116608,0.02207059,0.99467182
circles,fixed_amplitude,1024,365,0.91816194,0.04675199,1.00916451
circles,fixed_amplitude,1024,366,0.90676131,0.05082362,1.02967386
circles,fixed_amplitude,1024,367,0.91722014,0.06232429,1.01226952
circles,fixed_amplitude,1024,368,0.91118755,0.03174119,1.00014154
circles,fixed_amplitude,1024,369,0.91452565,0.07429798,0.99365821
circles,fixed_amplitude,1024,370,0.92208455,0.03144322,1.02348586
circles,fixed_amplitude,1024,371,0.91681182,0.06907003,0.99936551
circles,fixed_amplitude,1024,372,0.91630655,0.00550654,1.00083096
circles,fixed_amplitude,1024,373,0.90631616,0.00375302,0.99896546
circles,fixed_amplitude,1024,374,0.91304712,0.10266335,1.01636095
circles,fixed_amplitude,1024,375,0.92454475,0.03799193,1.01124718
circles,fixed_amplitude,1024,376,0.91448184,0.03350702,0.97457808
circles,fixed_amplitude,1024,377,0.91690194,0.08946669,0.99292488
circles,fixed_amplitude,1024,378,0.91786725,0.0214086,1.0217878
circles,fixed_amplitude,1024,379,0.925239,0.13802228,1.01949435
circles,fixed_amplitude,1024,380,0.92588596,0.02259528,0.9693653
circles,fixed_amplitude,1024,381,0.91807552,0.03275061,0.996674
circles,fixed_amplitude,1024,382,0.91426535,0.04524961,0.98534089
circles,fixed_amplitude,1024,383,0.93460428,0.10591327,1.0056035
circles,fixed_amplitude,1024,384,0.93402141,0.07152009,0.99582939
circles,fixed_amplitude,1024,385,0.92024886,0.06480383,0.99015715
circles,fixed_amplitude,1024,386,0.91524865,0.01995881,1.0338884
circles,fixed_amplitude,1024,387,0.91856465,0.02042724,1.05505265
circles,fixed_amplitude,1024,388,0.92793313,0.0927422,0.97107201
circles,fixed_amplitude,1024,389,0.91946364,0.01506648,1.02276393
circles,fixed_amplitude,1024,390,0.91206706,0.12373472,0.99801317
circles,fixed_amplitude,1024,391,0.92029646,0.02063482,0.98959217
circles,fixed_amplitude,1024,392,0.91604455,0.04595261,0.97405332
circles,fixed_amplitude,1024,393,0.91542005,0.00888771,1.0045528
circles,fixed_amplitude,1024,394,0.93129572,0.04011332,0.99175554
circles,fixed_amplitude,1024,395,0.91090913,0.0071229,1.01297963
circles,fixed_amplitude,1024,396,0.91456,0.02684373,0.95521304
circles,fixed_amplitude,1024,397,0.91573696,0.02982278,0.99936487
circles,fixed_amplitude,1024,398,0.90783322,0.03635574,1.04855019
circles,fixed_amplitude,1024,399,0.92044764,0.07298447,1.00506965
circles,fixed_amplitude,1024,400,0.92439741,0.00431622,0.9806198
circles,fixed_amplitude,1024,401,0.92071339,0.0257978,0.99866244
circles,fixed_amplitude,1024,402,0.92119033,0.01954438,1.01636687
circles,fixed_amplitude,1024,403,0.92769259,0.01578903,0.98828893
circles,fixed_amplitude,1024,404,0.91936311,0.05903227,0.99190105
circles,fixed_amplitude,1024,405,0.91685604,0.0388501,1.01629963
circles,fixed_amplitude,1024,406,0.91665896,0.0469332,1.00115408
circles,fixed_amplitude,1024,407,0.90776519,0.05038547,1.01373404
circles,fixed_amplitude,1024,408,0.91455756,0.02204354,0.99066899
circles,fixed_amplitude,1024,409,0.90828769,0.03821256,0.98734107
circles,fixed_amplitude,1024,410,0.90686877,0.02504247,0.99680169
circles,fixed_amplitude,1024,411,0.91407728,0.02213419,0.98299228
circles,fixed_amplitude,1024,412,0.93083273,0.03146777,0.99453015
circles,fixed_amplitude,1024,413,0.90714828,0.00037885,0.99800186
circles,fixed_amplitude,1024,414,0.91545831,0.01391561,1.00314368
circles,fixed_amplitude,1024,415,0.91033802,0.06795585,0.98154077
circles,fixed_amplitude,1024,416,0.91796296,0.05381426,1.01647946
circles,fixed_amplitude,1024,417,0.9227354,0.06215555,1.00549649
circles,fixed_amplitude,1024,418,0.92109867,0.02269778,1.0240606
circles,fixed_amplitude,1024,419,0.90743293,0.05584877,0.99010926
circles,fixed_amplitude,1024,420,0.92253852,0.03810414,0.99952428
circles,fixed_amplitude,1024,421,0.90785887,0.04019231,1.01320223
circles,fixed_amplitude,1024,422,0.91388626,0.02999411,1.00179269
circles,fixed_amplitude,1024,423,0.92049315,0.10243143,0.98852102
circles,fixed_amplitude,1024,424,0.91124289,0.02753652,0.9922356
circles,fixed_amplitude,1024,425,0.92261964,0.01458179,0.99208543
circles,fixed_amplitude,1024,426,0.92284402,0.01383785,0.99398604
circles,fixed_amplitude,1024,427,0.91161987,0.00220935,1.0020998
circles,fixed_amplitude,1024,428,0.91718861,0.11332345,0.98827797
circles,fixed_amplitude,1024,429,0.92241616,0.04104799,0.98382232
circles,fixed_amplitude,1024,430,0.91654796,0.0664878,0.99515178
circles,fixed_amplitude,1024,431,0.91116304,0.03689461,1.01604163
circles,fixed_amplitude,1024,432,0.9199847,0.02149778,1.00079131
circles,fixed_amplitude,1024,433,0.92159206,0.03763894,0.98740571
circles,fixed_amplitude,1024,434,0.9247118,0.03087327,0.99763894
circles,fixed_amplitude,1024,435,0.92161857,0.05233049,0.99942414
circles,fixed_amplitude,1024,436,0.90841614,0.00272716,1.01069492
circles,fixed_amplitude,1024,437,0.91445943,0.02929167,0.97793172
circles,fixed_amplitude,1024,438,0.92640839,0.08738784,0.99490588
circles,fixed_amplitude,1024,439,0.91551797,0.02668144,0.96906128
circles,fixed_amplitude,1024,440,0.92182791,0.04029509,1.01475935
circles,fixed_amplitude,1024,441,0.92641751,0.01394789,1.00315814
circles,fixed_amplitude,1024,442,0.93196571,0.02763201,1.01044995
circles,fixed_amplitude,1024,443,0.91015276,0.08636841,1.02860147
circles,fixed_amplitude,1024,444,0.92336077,0.02047006,1.00099889
circles,fixed_amplitude,1024,445,0.90978535,0.02594949,0.98843244
circles,fixed_amplitude,1024,446,0.93064915,0.03176415,1.00247427
circles,fixed_amplitude,1024,447,0.9148717,0.0670301,0.99794297
circles,fixed_amplitude,1024,448,0.91051773,0.06375375,0.98514898
circles,fixed_amplitude,1024,449,0.92717478,8.695e-05,1.00518318
circles,fixed_amplitude,1024,450,0.9118645,0.00229873,1.00371723
circles,fixed_amplitude,1024,451,0.92134314,0.03551979,0.99312969
circles,fixed_amplitude,1024,452,0.91221338,0.02149907,0.99678319
circles,fixed_amplitude,1024,453,0.9208622,0.01444503,0.99762014
circles,fixed_amplitude,1024,454,0.9071834,0.10539174,1.00606124
circles,fixed_amplitude,1024,455,0.919757,0.01692542,1.00000056
circles,fixed_amplitude,1024,456,0.91608478,0.06917684,1.00214046
circles,fixed_amplitude,1024,457,0.90966941,0.07448559,1.00566787
circles,fixed_amplitude,1024,458,0.92438523,0.01981068,1.02533327
circles,fixed_amplitude,1024,459,0.91431236,0.04996646,1.01660273
circles,fixed_amplitude,1024,460,0.9224488,0.06571796,1.02063121
circles,fixed_amplitude,1024,461,0.9282261,0.06636123,1.02361688
circles,fixed_amplitude,1024,462,0.9221148,0.00841303,1.00625652
circles,fixed_amplitude,1024,463,0.91748309,0.02320385,1.02316083
circles,fixed_amplitude,1024,464,0.915229,0.01162595,1.01024259
circles,fixed_amplitude,1024,465,0.9060855,0.05687465,0.99081116
circles,fixed_amplitude,1024,466,0.91138584,0.03209552,0.99673138
circles,fixed_amplitude,1024,467,0.91367086,0.01739832,1.00538723
circles,fixed_amplitude,1024,468,0.91680856,0.04576832,0.98561583
circles,fixed_amplitude,1024,469,0.91052482,0.0603204,0.98100637
circles,fixed_amplitude,1024,470,0.91886718,0.06005689,1.00206383
circles,fixed_amplitude,1024,471,0.92596609,0.05784638,1.00720138
circles,fixed_amplitude,1024,472,0.91485191,0.02269616,1.02015077
circles,fixed_amplitude,1024,473,0.92217042,0.01071509,0.9977292
circles,fixed_amplitude,1024,474,0.91976257,0.11767672,0.97531067
circles,fixed_amplitude,1024,475,0.9111719,0.0991373,1.0026665
circles,fixed_amplitude,1024,476,0.91543979,0.03086884,1.01273942
circles,fixed_amplitude,1024,477,0.92057677,0.10276868,0.97590864
circles,fixed_amplitude,1024,478,0.91482294,0.06853269,0.99568044
circles,fixed_amplitude,1024,479,0.9110212,0.07209167,0.9988781
circles,fixed_amplitude,1024,480,0.91119872,0.0001865,0.99896052
circles,fixed_amplitude,1024,481,0.91300933,0.04850909,0.98463637
circles,fixed_amplitude,1024,482,0.92377026,0.02995162,1.00953605
circles,fixed_amplitude,1024,483,0.92259911,0.03614912,0.99999451
circles,fixed_amplitude,1024,484,0.91436436,0.05760148,0.99242122
circles,fixed_amplitude,1024,485,0.90939251,0.1316022,0.97754702
circles,fixed_amplitude,1024,486,0.91744615,0.0433556,0.98879516
circles,fixed_amplitude,1024,487,0.91774441,0.09469685,1.00040383
circles,fixed_amplitude,1024,488,0.9219017,0.07373075,1.02311214
circles,fixed_amplitude,1024,489,0.92339317,0.09086615,1.02017302
circles,fixed_amplitude,1024,490,0.92216477,0.00061673,0.99440995
circles,fixed_amplitude,1024,491,0.92518352,0.00203643,1.00693359
circles,fixed_amplitude,1024,492,0.91990661,0.09464352,1.01417137
circles,fixed_amplitude,1024,493,0.91915206,0.03934573,0.97838755
circles,fixed_amplitude,1024,494,0.92282586,0.05791839,1.03080503
circles,fixed_amplitude,1024,495,0.91957683,0.04905867,1.01515173
circles,fixed_amplitude,1024,496,0.91242036,0.07708749,0.97695406
circles,fixed_amplitude,1024,497,0.91598048,0.0019237,1.00748027
circles,fixed_amplitude,1024,498,0.90964388,0.02987156,1.00095898
circles,fixed_amplitude,1024,499,0.9184613,0.04807122,1.01097761
circles,fixed_amplitude,1024,500,0.9202834,0.04371192,1.00081684
circles,fixed_amplitude,1024,501,0.91604952,0.00931572,0.97570826
circles,fixed_amplitude,1024,502,0.91962171,0.04688669,0.99843929
circles,fixed_amplitude,1024,503,0.91422672,0.00907377,1.00822806
circles,fixed_amplitude,1024,504,0.91659581,0.05936842,1.01786623
circles,fixed_amplitude,1024,505,0.92852848,0.0123251,1.015252
circles,fixed_amplitude,1024,506,0.90582397,0.00352795,1.01481302
circles,fixed_amplitude,1024,507,0.92025769,0.03156887,0.962216
circles,fixed_amplitude,1024,508,0.91596874,0.00337998,1.02133619
circles,fixed_amplitude,1024,509,0.92434313,0.06983427,1.00520291
circles,fixed_amplitude,1024,510,0.90878446,0.06171563,1.01220998
circles,fixed_amplitude,1024,511,0.91155174,0.07898595,1.00020297
circles,fixed_amplitude,1024,512,0.93190708,0.00266574,0.99679491
circles,fixed_amplitude,1024,513,0.91807847,0.00093564,0.99582284
circles,fixed_amplitude,1024,514,0.91495681,0.03255237,1.00695214
circles,fixed_amplitude,1024,515,0.92344566,0.0183655,1.00660872
circles,fixed_amplitude,1024,516,0.92210333,0.0039363,0.99576502
circles,fixed_amplitude,1024,517,0.90712649,0.07578348,1.02352242
circles,fixed_amplitude,1024,518,0.92062236,0.01953557,0.98834658
circles,fixed_amplitude,1024,519,0.91352509,0.03320504,0.99203541
circles,fixed_amplitude,1024,520,0.91561349,0.0617669,0.9901034
circles,fixed_amplitude,1024,521,0.91223218,0.00152462,1.00941004
circles,fixed_amplitude,1024,522,0.91169231,0.08387361,0.9907897
circles,fixed_amplitude,1024,523,0.91624332,0.0057099,1.0112192
circles,fixed_amplitude,1024,524,0.92191972,0.00956736,1.00199718
circles,fixed_amplitude,1024,525,0.8991231,0.03202074,1.00510423
circles,fixed_amplitude,1024,526,0.91182798,0.01126066,0.98915429
circles,fixed_amplitude,1024,527,0.90741476,0.00608414,0.97691866
circles,fixed_amplitude,1024,528,0.92128199,0.01350317,0.99348788
circles,fixed_amplitude,1024,529,0.92231062,0.0902658,1.01546803
circles,fixed_amplitude,1024,530,0.91450777,0.0098599,1.0050741
circles,fixed_amplitude,1024,531,0.9098048,0.02371885,1.00613123
circles,fixed_amplitude,1024,532,0.91958833,0.0406955,1.00666064
circles,fixed_amplitude,1024,533,0.91406338,0.07115386,1.00283601
circles,fixed_amplitude,1024,534,0.90645849,0.03547858,1.0053652
circles,fixed_amplitude,1024,535,0.92424502,0.00136644,1.01255289
circles,fixed_amplitude,1024,536,0.91164384,0.02153481,1.01955484
circles,fixed_amplitude,1024,537,0.90808155,0.0678455,1.00205757
circles,fixed_amplitude,1024,538,0.91395532,0.03416141,0.99796464
circles,fixed_amplitude,1024,539,0.93121606,0.02484691,1.01578862
circles,fixed_amplitude,1024,540,0.91146986,0.0598122,0.98736015
circles,fixed_amplitude,1024,541,0.91734464,0.02687826,1.02836475
circles,fixed_amplitude,1024,542,0.91692725,0.02482786,0.98583758
circles,fixed_amplitude,1024,543,0.91148875,0.0322178,1.00794494
circles,fixed_amplitude,1024,544,0.90344902,0.0654329,1.00866851
circles,fixed_amplitude,1024,545,0.92175346,0.12524913,1.01996612
circles,fixed_amplitude,1024,546,0.90464992,0.03179224,0.98175646
circles,fixed_amplitude,1024,547,0.91737563,0.03614308,0.97409734
circles,fixed_amplitude,1024,548,0.91589895,0.03596888,0.98371465
circles,fixed_amplitude,1024,549,0.92531043,0.02656086,1.01317525
circles,fixed_amplitude,1024,550,0.91983804,0.01489451,1.01102792
circles,fixed_amplitude,1024,551,0.91224296,0.07988119,0.99738025
circles,fixed_amplitude,1024,552,0.91673568,0.02358321,0.98478205
circles,fixed_amplitude,1024,553,0.91864562,0.00647096,1.00451391
circles,fixed_amplitude,1024,554,0.92495861,0.00503362,0.9895795
circles,fixed_amplitude,1024,555,0.90909489,0.02879035,1.00616722
circles,fixed_amplitude,1024,556,0.91417423,0.00352438,1.00439334
circles,fixed_amplitude,1024,557,0.91243569,0.06410695,1.00546636
circles,fixed_amplitude,1024,558,0.92312806,0.02619785,0.97210621
circles,fixed_amplitude,1024,559,0.914124,0.04212272,0.99690747
circles,fixed_amplitude,1024,560,0.91296033,0.04029276,1.01222305
circles,fixed_amplitude,1024,561,0.91916961,0.10785406,1.00760465
circles,fixed_amplitude,1024,562,0.91727523,0.05229118,0.97001905
circles,fixed_amplitude,1024,563,0.90200028,0.03763388,0.99001659
circles,fixed_amplitude,1024,564,0.91242902,0.03669507,0.98921586
circles,fixed_amplitude,1024,565,0.90838988,0.02375557,0.99449962
circles,fixed_amplitude,1024,566,0.9272175,0.01223352,1.03051474
circles,fixed_amplitude,1024,567,0.91295017,0.00487014,0.97118134
circles,fixed_amplitude,1024,568,0.90889241,0.07340784,0.97507545
circles,fixed_amplitude,1024,569,0.90971234,0.03705634,1.02206865
circles,fixed_amplitude,1024,570,0.92127131,0.00231201,1.00116633
circles,fixed_amplitude,1024,571,0.90789939,0.06374557,1.01010651
circles,fixed_amplitude,1024,572,0.92126745,0.00417514,0.98972564
circles,fixed_amplitude,1024,573,0.91220471,0.08760983,1.00252409
circles,fixed_amplitude,1024,574,0.90773109,0.09212942,1.01998066
circles,fixed_amplitude,1024,575,0.9095383,0.06669895,0.9994123
circles,fixed_amplitude,1024,576,0.91942303,0.03205407,0.99317508
circles,fixed_amplitude,1024,577,0.9117812,0.00908481,1.00246115
circles,fixed_amplitude,1024,578,0.9076198,0.12355032,0.99847583
circles,fixed_amplitude,1024,579,0.9092196,0.04857507,1.00145934
circles,fixed_amplitude,1024,580,0.91781172,0.14957967,1.01927664
circles,fixed_amplitude,1024,581,0.91694149,0.0186994,0.99029021
circles,fixed_amplitude,1024,582,0.92001951,0.04888592,1.01748599
circles,fixed_amplitude,1024,583,0.92280427,0.0086026,0.98164143
circles,fixed_amplitude,1024,584,0.91902089,0.01469569,1.01199566
circles,fixed_amplitude,1024,585,0.91549988,0.0013867,0.98211781
circles,fixed_amplitude,1024,586,0.93102812,0.02767182,0.9854588
circles,fixed_amplitude,1024,587,0.92538827,0.06634385,1.01731061
circles,fixed_amplitude,1024,588,0.91403203,0.04017157,1.02582131
circles,fixed_amplitude,1024,589,0.91441719,0.05722585,1.00467041
circles,fixed_amplitude,1024,590,0.92638582,0.03133099,0.9969235
circles,fixed_amplitude,1024,591,0.91804824,0.03954822,1.00074676
circles,fixed_amplitude,1024,592,0.91886133,0.02613397,0.97646633
circles,fixed_amplitude,1024,593,0.92139072,0.02456924,0.99654517
circles,fixed_amplitude,1024,594,0.91452665,0.00682056,0.98240667
circles,fixed_amplitude,1024,595,0.91095363,0.06199888,0.97309745
circles,fixed_amplitude,1024,596,0.91830352,0.05408492,0.98821668
circles,fixed_amplitude,1024,597,0.91344313,0.02507941,0.98855402
circles,fixed_amplitude,1024,598,0.92125859,0.00098903,1.00371521
circles,fixed_amplitude,1024,599,0.9153467,0.06484442,0.99922194
circles,fixed_amplitude,1024,600,0.92229907,0.03764357,0.98155678
circles,fixed_amplitude,1024,601,0.91330119,0.06123629,1.03580057
circles,fixed_amplitude,1024,602,0.91394636,0.05759178,0.98996249
circles,fixed_amplitude,1024,603,0.91125093,0.03039742,0.98625579
circles,fixed_amplitude,1024,604,0.916779,0.03688318,0.9926014
circles,fixed_amplitude,1024,605,0.91608755,0.06084505,1.02018971
circles,fixed_amplitude,1024,606,0.91572252,0.07842321,0.9851601
circles,fixed_amplitude,1024,607,0.91994764,0.10994546,0.95326593
circles,fixed_amplitude,1024,608,0.91328485,0.05060023,1.0007388
circles,fixed_amplitude,1024,609,0.90872976,0.00735955,1.00419881
circles,fixed_amplitude,1024,610,0.91655614,0.006328,0.97712651
circles,fixed_amplitude,1024,611,0.91679963,0.06201019,1.01095371
circles,fixed_amplitude,1024,612,0.90890669,0.00140251,0.99942905
circles,fixed_amplitude,1024,613,0.92181497,0.03272617,0.9943293
circles,fixed_amplitude,1024,614,0.91924848,0.0254462,0.97686865
circles,fixed_amplitude,1024,615,0.9160824,0.03584699,1.01721916
circles,fixed_amplitude,1024,616,0.90967986,0.055941,1.02091756
circles,fixed_amplitude,1024,617,0.91446439,0.02603157,0.9898206
circles,fixed_amplitude,1024,618,0.92232368,0.03915268,1.00592412
circles,fixed_amplitude,1024,619,0.91338416,0.01739814,1.02069682
circles,fixed_amplitude,1024,620,0.92030845,0.00574116,0.99866862
circles,fixed_amplitude,1024,621,0.91096983,0.00726594,0.9923198
circles,fixed_amplitude,1024,622,0.92540012,0.03127599,1.00198753
circles,fixed_amplitude,1024,623,0.91315967,0.00309939,1.00201182
circles,fixed_amplitude,1024,624,0.91340991,0.04634974,1.00262041
circles,fixed_amplitude,1024,625,0.91968462,0.03917498,0.98599089
circles,fixed_amplitude,1024,626,0.91223028,0.00673863,1.00317468
circles,fixed_amplitude,1024,627,0.91744287,0.0083549,1.01519373
circles,fixed_amplitude,1024,628,0.92290145,0.04063219,0.98843209
circles,fixed_amplitude,1024,629,0.91095881,0.03099491,1.00779629
circles,fixed_amplitude,1024,630,0.92795699,0.04872971,0.98250472
circles,fixed_amplitude,1024,631,0.91506766,0.01795492,0.99509188
circles,fixed_amplitude,1024,632,0.91961745,0.04326552,1.00970683
circles,fixed_amplitude,1024,633,0.91814882,0.02515788,0.99709944
circles,fixed_amplitude,1024,634,0.9148902,0.0392936,1.01607346
circles,fixed_amplitude,1024,635,0.91911524,0.06438054,0.99113195
circles,fixed_amplitude,1024,636,0.92233847,0.09400042,1.00891395
circles,fixed_amplitude,1024,637,0.91063466,0.04224745,1.00205771
circles,fixed_amplitude,1024,638,0.91304934,0.08656582,0.99760163
circles,fixed_amplitude,1024,639,0.92204338,0.05404831,0.98194393
circles,fixed_amplitude,1024,640,0.93405223,0.02639536,0.95976775
circles,fixed_amplitude,1024,641,0.90987174,0.04397096,0.99797177
circles,fixed_amplitude,1024,642,0.90915672,0.06555515,1.00047634
circles,fixed_amplitude,1024,643,0.90830176,0.02931146,0.99785327
circles,fixed_amplitude,1024,644,0.91985534,0.01672582,1.0228146
circles,fixed_amplitude,1024,645,0.91604656,0.00019403,0.98815561
circles,fixed_amplitude,1024,646,0.92308883,0.01576692,1.00979246
circles,fixed_amplitude,1024,647,0.91739824,0.05239896,0.99027639
circles,fixed_amplitude,1024,648,0.91017764,0.0303487,1.01836409
circles,fixed_amplitude,1024,649,0.91224285,0.01762515,1.02140636
circles,fixed_amplitude,1024,650,0.912585,0.02983916,1.00204675
circles,fixed_amplitude,1024,651,0.91829054,0.00824348,1.01509773
circles,fixed_amplitude,1024,652,0.92058092,0.03327528,1.01377936
circles,fixed_amplitude,1024,653,0.9215563,0.07156009,0.96181029
circles,fixed_amplitude,1024,654,0.91442728,0.01059576,0.99069886
circles,fixed_amplitude,1024,655,0.92566767,0.0572256,0.96583058
circles,fixed_amplitude,1024,656,0.91580917,0.04245419,1.01845255
circles,fixed_amplitude,1024,657,0.92201583,0.04624395,0.99291538
circles,fixed_amplitude,1024,658,0.92104467,0.05463778,1.00739566
circles,fixed_amplitude,1024,659,0.9141825,0.01686689,1.03959241
circles,fixed_amplitude,1024,660,0.91482595,0.043969,0.9967152
circles,fixed_amplitude,1024,661,0.92251117,0.02694039,0.99085849
circles,fixed_amplitude,1024,662,0.9171433,0.0194857,1.00251316
circles,fixed_amplitude,1024,663,0.90158485,0.02764544,0.99453875
circles,fixed_amplitude,1024,664,0.90767794,0.05672115,0.9931555
circles,fixed_amplitude,1024,665,0.90997252,0.03102735,0.99349394
circles,fixed_amplitude,1024,666,0.91215952,0.05984918,1.02498327
circles,fixed_amplitude,1024,667,0.91522249,0.04623544,0.99840494
circles,fixed_amplitude,1024,668,0.91526073,0.03927338,1.02744068
circles,fixed_amplitude,1024,669,0.92635351,0.04042585,0.98576652
circles,fixed_amplitude,1024,670,0.91777009,0.07521233,1.01196805
circles,fixed_amplitude,1024,671,0.92242888,0.02838729,0.99726783
circles,fixed_amplitude,1024,672,0.9181608,0.01292454,1.0064574
circles,fixed_amplitude,1024,673,0.91484862,0.02739654,0.97106964
circles,fixed_amplitude,1024,674,0.91391243,0.11268345,1.00430426
circles,fixed_amplitude,1024,675,0.91315801,0.00545238,1.00310902
circles,fixed_amplitude,1024,676,0.910211,0.04505058,0.99706567
circles,fixed_amplitude,1024,677,0.92004731,0.04222927,0.98811153
circles,fixed_amplitude,1024,678,0.91921557,0.04818852,1.00093338
circles,fixed_amplitude,1024,679,0.92058755,0.03513368,1.03318528
circles,fixed_amplitude,1024,680,0.91816445,0.12161989,1.0025855
circles,fixed_amplitude,1024,681,0.92217304,0.0599107,0.97815084
circles,fixed_amplitude,1024,682,0.91226708,0.00642426,0.99962407
circles,fixed_amplitude,1024,683,0.90133317,0.06238121,1.00040079
circles,fixed_amplitude,1024,684,0.90786223,0.02982795,0.98509888
circles,fixed_amplitude,1024,685,0.92264818,0.05034904,1.03472091
circles,fixed_amplitude,1024,686,0.90883163,0.01903136,0.99357452
circles,fixed_amplitude,1024,687,0.92264386,0.05724051,1.0024698
circles,fixed_amplitude,1024,688,0.91583712,0.02280804,1.00927056
circles,fixed_amplitude,1024,689,0.91042369,0.00961574,0.98613312
circles,fixed_amplitude,1024,690,0.92439051,0.01677301,0.97212796
circles,fixed_amplitude,1024,691,0.90590186,0.05050042,1.01041747
circles,fixed_amplitude,1024,692,0.91058598,0.04860664,0.99091906
circles,fixed_amplitude,1024,693,0.91141557,0.0316467,1.01571755
circles,fixed_amplitude,1024,694,0.91036296,0.00865153,1.01344999
circles,fixed_amplitude,1024,695,0.91703344,0.06277345,0.9832046
circles,fixed_amplitude,1024,696,0.91522861,0.05458979,0.99979578
circles,fixed_amplitude,1024,697,0.92095119,0.0142323,1.00610127
circles,fixed_amplitude,1024,698,0.91129592,0.02988594,0.98745385
circles,fixed_amplitude,1024,699,0.91913655,0.05595114,0.98311463
circles,fixed_amplitude,1024,700,0.91648834,0.04960747,0.97619075
circles,fixed_amplitude,1024,701,0.91818034,0.03923653,1.00646137
circles,fixed_amplitude,1024,702,0.91684291,0.04807851,1.00768699
circles,fixed_amplitude,1024,703,0.91975514,0.02234394,0.98337166
circles,fixed_amplitude,1024,704,0.90868768,0.01918132,0.98929406
circles,fixed_amplitude,1024,705,0.9244897,0.00260243,1.01393916
circles,fixed_amplitude,1024,706,0.92053895,0.01220349,0.99063338
circles,fixed_amplitude,1024,707,0.91605432,0.02305853,0.99816905
circles,fixed_amplitude,1024,708,0.90299602,0.07928986,1.00433603
circles,fixed_amplitude,1024,709,0.92068597,0.04602702,0.99107798
circles,fixed_amplitude,1024,710,0.9236127,0.06635756,0.99378707
circles,fixed_amplitude,1024,711,0.91229348,0.08983831,0.97004835
circles,fixed_amplitude,1024,712,0.91978342,0.00855205,0.99519159
circles,fixed_amplitude,1024,713,0.9122101,0.07053459,0.98977493
circles,fixed_amplitude,1024,714,0.91632111,0.07586667,0.9978438
circles,fixed_amplitude,1024,715,0.91378715,0.09892945,0.98358443
circles,fixed_amplitude,1024,716,0.91917861,0.03159341,1.0050157
circles,fixed_amplitude,1024,717,0.91420494,0.06432925,0.9972866
circles,fixed_amplitude,1024,718,0.91325713,0.0812825,0.99595206
circles,fixed_amplitude,1024,719,0.9173169,0.06516728,1.02601815
circles,fixed_amplitude,1024,720,0.91812267,0.08446239,0.98508574
circles,fixed_amplitude,1024,721,0.92281044,0.02095035,0.99108925
circles,fixed_amplitude,1024,722,0.91709717,0.00674464,0.99555309
circles,fixed_amplitude,1024,723,0.91605767,0.00162994,0.98829131
circles,fixed_amplitude,1024,724,0.92041117,0.02444613,0.99661089
circles,fixed_amplitude,1024,725,0.91314168,1.15e-05,1.01358454
circles,fixed_amplitude,1024,726,0.90973535,0.02719179,1.0176576
circles,fixed_amplitude,1024,727,0.91939633,0.04904691,0.99487939
circles,fixed_amplitude,1024,728,0.91930295,0.02125039,1.01634113
circles,fixed_amplitude,1024,729,0.90919937,0.00545877,0.97130932
circles,fixed_amplitude,1024,730,0.91794086,0.16837562,1.00331645
circles,fixed_amplitude,1024,731,0.91403321,0.02551183,1.00303461
circles,fixed_amplitude,1024,732,0.91518913,0.04475186,0.99608268
circles,fixed_amplitude,1024,733,0.91617114,0.07530744,1.012009
circles,fixed_amplitude,1024,734,0.92269812,0.00714955,0.98005121
circles,fixed_amplitude,1024,735,0.91361234,0.0127042,0.98748484
circles,fixed_amplitude,1024,736,0.91813894,0.01260638,0.99596333
circles,fixed_amplitude,1024,737,0.92561372,0.06868037,0.97286172
circles,fixed_amplitude,1024,738,0.91207693,0.06298683,1.01066706
circles,fixed_amplitude,1024,739,0.91400311,0.06196172,0.99368564
circles,fixed_amplitude,1024,740,0.92292467,0.03618726,0.98901408
circles,fixed_amplitude,1024,741,0.91506774,0.06386231,0.99710881
circles,fixed_amplitude,1024,742,0.92040547,0.04885629,0.98299044
circles,fixed_amplitude,1024,743,0.92106795,0.01671368,0.98016956
circles,fixed_amplitude,1024,744,0.91579255,0.03620591,0.98854266
circles,fixed_amplitude,1024,745,0.92276622,0.07749718,0.99638986
circles,fixed_amplitude,1024,746,0.9183783,0.01505822,0.95905127
circles,fixed_amplitude,1024,747,0.92008521,0.0115255,0.9979359
circles,fixed_amplitude,1024,748,0.91232051,0.0210529,1.0057547
circles,fixed_amplitude,1024,749,0.91501047,0.04509514,0.97293514
circles,fixed_amplitude,1024,750,0.92830101,0.07657777,0.98456275
circles,fixed_amplitude,1024,751,0.91009719,0.02115904,1.01157703
circles,fixed_amplitude,1024,752,0.92531345,0.00788925,1.00351705
circles,fixed_amplitude,1024,753,0.93155666,0.01958178,1.020625
circles,fixed_amplitude,1024,754,0.91780473,0.09656948,1.00687706
circles,fixed_amplitude,1024,755,0.91939819,0.01181651,0.98698876
circles,fixed_amplitude,1024,756,0.92673367,0.01556331,0.99122016
circles,fixed_amplitude,1024,757,0.91946156,0.02503381,0.99486057
circles,fixed_amplitude,1024,758,0.9194875,0.01614931,1.00838164
circles,fixed_amplitude,1024,759,0.91405997,0.05456708,1.00671344
circles,fixed_amplitude,1024,760,0.92489306,0.02042796,0.98882753
circles,fixed_amplitude,1024,761,0.91070955,0.02603517,1.02155733
circles,fixed_amplitude,1024,762,0.91345552,0.0490293,0.99545998
circles,fixed_amplitude,1024,763,0.91164848,0.00864109,1.01786723
circles,fixed_amplitude,1024,764,0.91242676,0.02439368,0.98863191
circles,fixed_amplitude,1024,765,0.91418092,0.00994272,1.01566058
circles,fixed_amplitude,1024,766,0.91054202,0.01404,1.03319422
circles,fixed_amplitude,1024,767,0.91399107,0.00639149,1.00765736
circles,fixed_amplitude,1024,768,0.91991082,0.030917,1.00800396
circles,fixed_amplitude,1024,769,0.92202979,0.06488029,0.99000137
circles,fixed_amplitude,1024,770,0.91731803,0.04035933,0.97175349
circles,fixed_amplitude,1024,771,0.91494041,0.08236331,0.99165899
circles,fixed_amplitude,1024,772,0.91261014,0.01707735,0.99035888
circles,fixed_amplitude,1024,773,0.91025365,0.03490388,0.95586089
circles,fixed_amplitude,1024,774,0.91272287,0.01326152,1.01151881
circles,fixed_amplitude,1024,775,0.92286325,0.03821315,1.0153425
circles,fixed_amplitude,1024,776,0.91851183,0.02879582,1.01754106
circles,fixed_amplitude,1024,777,0.92390198,0.0743542,0.97730089
circles,fixed_amplitude,1024,778,0.9158405,0.12738798,0.98648674
circles,fixed_amplitude,1024,779,0.91493297,0.04018565,1.01752733
circles,fixed_amplitude,1024,780,0.91006604,0.01983876,0.9769793
circles,fixed_amplitude,1024,781,0.91846784,0.10950299,1.00464927
circles,fixed_amplitude,1024,782,0.91911108,0.03388904,0.99141657
circles,fixed_amplitude,1024,783,0.93073711,0.01467406,1.01775481
circles,fixed_amplitude,1024,784,0.91215545,0.01108392,0.99388936
circles,fixed_amplitude,1024,785,0.91656628,0.00762937,1.01055348
circles,fixed_amplitude,1024,786,0.92557446,0.00722631,0.98407009
circles,fixed_amplitude,1024,787,0.91301824,0.06273844,1.01069989
circles,fixed_amplitude,1024,788,0.92221018,0.01758973,1.00888496
circles,fixed_amplitude,1024,789,0.9290985,0.01968265,1.02392343
circles,fixed_amplitude,1024,790,0.91782938,0.05682213,0.96224881
circles,fixed_amplitude,1024,791,0.91054054,0.08842941,0.9960068
circles,fixed_amplitude,1024,792,0.90256462,0.0299775,1.00793725
circles,fixed_amplitude,1024,793,0.92010606,0.03733617,0.98504213
circles,fixed_amplitude,1024,794,0.92853979,0.04263046,1.00797425
circles,fixed_amplitude,1024,795,0.92105798,0.0412977,0.98784108
circles,fixed_amplitude,1024,796,0.90599633,0.03708009,1.01909316
circles,fixed_amplitude,1024,797,0.91913611,0.04869958,0.95727641
circles,fixed_amplitude,1024,798,0.9126823,0.0116078,0.99226351
circles,fixed_amplitude,1024,799,0.90485631,0.07930748,1.01218631
circles,fixed_amplitude,1024,800,0.91691092,0.01806378,1.00436698
circles,fixed_amplitude,1024,801,0.91429034,0.03432264,0.98877506
circles,fixed_amplitude,1024,802,0.91204289,0.03195625,1.01049566
circles,fixed_amplitude,1024,803,0.91595904,0.09972906,1.01265404
circles,fixed_amplitude,1024,804,0.91469963,0.01331054,1.00044664
circles,fixed_amplitude,1024,805,0.92416363,0.00715493,1.00638088
circles,fixed_amplitude,1024,806,0.91516934,0.03339839,1.01907633
circles,fixed_amplitude,1024,807,0.91790225,0.01806925,0.97163397
circles,fixed_amplitude,1024,808,0.91634401,0.04575249,0.98217134
circles,fixed_amplitude,1024,809,0.91102868,0.01342685,1.01686978
circles,fixed_amplitude,1024,810,0.9195547,0.06012765,0.99952028
circles,fixed_amplitude,1024,811,0.9126676,0.01454481,1.01784912
circles,fixed_amplitude,1024,812,0.93145216,0.01281909,1.00036201
circles,fixed_amplitude,1024,813,0.91595369,0.0153787,0.9893756
circles,fixed_amplitude,1024,814,0.92335472,0.00864704,0.99564068
circles,fixed_amplitude,1024,815,0.91360072,0.00767694,1.03390789
circles,fixed_amplitude,1024,816,0.90804869,0.03224385,0.99446148
circles,fixed_amplitude,1024,817,0.91147595,0.02172295,1.00169472
circles,fixed_amplitude,1024,818,0.92089601,0.00420441,0.98262407
circles,fixed_amplitude,1024,819,0.91245873,0.04309208,1.00874248
circles,fixed_amplitude,1024,820,0.90881999,0.07427228,1.0175092
circles,fixed_amplitude,1024,821,0.91999509,0.03839764,1.0076489
circles,fixed_amplitude,1024,822,0.91991922,0.03789391,1.02783091
circles,fixed_amplitude,1024,823,0.90929556,0.02229112,0.99312049
circles,fixed_amplitude,1024,824,0.91180243,0.0560372,1.00814572
circles,fixed_amplitude,1024,825,0.92362686,0.00599721,0.99308053
circles,fixed_amplitude,1024,826,0.90549645,0.01145961,0.97912546
circles,fixed_amplitude,1024,827,0.91182576,0.00912487,0.99837035
circles,fixed_amplitude,1024,828,0.92198738,0.03805546,1.020901
circles,fixed_amplitude,1024,829,0.91072856,0.02095145,0.98641785
circles,fixed_amplitude,1024,830,0.91691284,0.00842478,0.99446958
circles,fixed_amplitude,1024,831,0.911419,0.00172623,1.00105087
circles,fixed_amplitude,1024,832,0.92050627,0.02427822,0.99025912
circles,fixed_amplitude,1024,833,0.91484643,0.01161849,1.01533213
circles,fixed_amplitude,1024,834,0.92046629,0.09602421,1.01388204
circles,fixed_amplitude,1024,835,0.91720126,0.00334804,1.01883477
circles,fixed_amplitude,1024,836,0.92436749,0.07145133,1.00440462
circles,fixed_amplitude,1024,837,0.90908212,0.04173764,1.0201761
circles,fixed_amplitude,1024,838,0.92117067,0.12053233,0.99950549
circles,fixed_amplitude,1024,839,0.91964531,0.00718289,0.99222876
circles,fixed_amplitude,1024,840,0.92402228,0.04348775,0.98356682
circles,fixed_amplitude,1024,841,0.91208128,0.04724166,0.98783889
circles,fixed_amplitude,1024,842,0.91129937,0.00058046,0.99687574
circles,fixed_amplitude,1024,843,0.92234645,0.00611212,1.0159959
circles,fixed_amplitude,1024,844,0.92269331,0.07111182,0.98426815
circles,fixed_amplitude,1024,845,0.92546621,0.03361987,1.00211473
circles,fixed_amplitude,1024,846,0.91389777,0.01095594,1.01527012
circles,fixed_amplitude,1024,847,0.91674143,0.03388435,0.99242045
circles,fixed_amplitude,1024,848,0.91572879,0.01222971,1.00982526
circles,fixed_amplitude,1024,849,0.91393794,0.07083015,1.00979607
circles,fixed_amplitude,1024,850,0.91459748,0.04659786,1.00401694
circles,fixed_amplitude,1024,851,0.91486684,0.05157216,1.02078949
circles,fixed_amplitude,1024,852,0.911092,0.06323442,1.00051284
circles,fixed_amplitude,1024,853,0.92325862,0.10644281,1.02346548
circles,fixed_amplitude,1024,854,0.90903187,0.02150651,1.01726588
circles,fixed_amplitude,1024,855,0.91998301,0.03538803,0.99011276
circles,fixed_amplitude,1024,856,0.91705148,0.04599761,0.97962207
circles,fixed_amplitude,1024,857,0.91681894,0.01450894,0.98857708
circles,fixed_amplitude,1024,858,0.91190008,0.00688658,1.01906584
circles,fixed_amplitude,1024,859,0.92169447,0.02290097,1.00818872
circles,fixed_amplitude,1024,860,0.91069029,0.00175471,1.00640146
circles,fixed_amplitude,1024,861,0.91519337,0.06950596,0.99124997
circles,fixed_amplitude,1024,862,0.90889566,0.01532599,0.97988107
circles,fixed_amplitude,1024,863,0.91651607,0.00646509,0.98569567
circles,fixed_amplitude,1024,864,0.91359691,0.01220861,0.99547303
circles,fixed_amplitude,1024,865,0.90943754,0.0613026,1.00964526
circles,fixed_amplitude,1024,866,0.92272054,0.13437653,0.99352174
circles,fixed_amplitude,1024,867,0.91500599,0.03624955,0.9830183
circles,fixed_amplitude,1024,868,0.92572907,0.02704257,1.02041274
circles,fixed_amplitude,1024,869,0.91042967,0.02990889,1.01681246
circles,fixed_amplitude,1024,870,0.90660791,0.02439896,1.00434023
circles,fixed_amplitude,1024,871,0.90593388,0.0125068,1.0166146
circles,fixed_amplitude,1024,872,0.90855656,0.0391586,0.98955541
circles,fixed_amplitude,1024,873,0.90736779,0.13948107,1.00986549
circles,fixed_amplitude,1024,874,0.91881719,0.03130044,0.97688175
circles,fixed_amplitude,1024,875,0.91491317,0.01997623,0.99253427
circles,fixed_amplitude,1024,876,0.91214777,0.05799492,1.00002001
circles,fixed_amplitude,1024,877,0.92457139,0.04461605,0.99764237
circles,fixed_amplitude,1024,878,0.91421854,0.00411017,1.01185498
circles,fixed_amplitude,1024,879,0.90569501,0.02391758,1.00308376
circles,fixed_amplitude,1024,880,0.91675678,0.021082,0.98158218
circles,fixed_amplitude,1024,881,0.9166473,0.01821492,1.00076987
circles,fixed_amplitude,1024,882,0.92079205,0.00695802,1.01304319
circles,fixed_amplitude,1024,883,0.911477,0.02969353,0.99457056
circles,fixed_amplitude,1024,884,0.91831198,0.01741253,1.00720559
circles,fixed_amplitude,1024,885,0.9049688,0.01044248,1.01460124
circles,fixed_amplitude,1024,886,0.90586698,0.03270792,1.02234813
circles,fixed_amplitude,1024,887,0.91811842,0.05036675,1.00033107
circles,fixed_amplitude,1024,888,0.91966036,0.03016052,1.00019521
circles,fixed_amplitude,1024,889,0.91772369,0.00107006,1.01620395
circles,fixed_amplitude,1024,890,0.92207987,0.10532416,1.01948101
circles,fixed_amplitude,1024,891,0.91459183,0.07059301,1.01659393
circles,fixed_amplitude,1024,892,0.90914859,0.0339826,1.01079553
circles,fixed_amplitude,1024,893,0.92285114,0.08882435,0.99308759
circles,fixed_amplitude,1024,894,0.92059182,0.0132928,1.01041597
circles,fixed_amplitude,1024,895,0.9143957,0.03472703,0.99288813
circles,fixed_amplitude,1024,896,0.91262015,0.00384369,1.00350173
circles,fixed_amplitude,1024,897,0.92136927,0.02969149,0.9981328
circles,fixed_amplitude,1024,898,0.92106533,0.0169946,0.98324935
circles,fixed_amplitude,1024,899,0.92637801,0.11135708,0.97864531
circles,fixed_amplitude,1024,900,0.91529459,0.05588068,1.00472127
circles,fixed_amplitude,1024,901,0.91490196,0.06872746,1.00577176
circles,fixed_amplitude,1024,902,0.91332441,0.01604653,0.9801278
circles,fixed_amplitude,1024,903,0.92094267,0.00916272,0.98644393
circles,fixed_amplitude,1024,904,0.91672237,0.00472892,0.99883667
circles,fixed_amplitude,1024,905,0.91734569,0.06606313,0.98429656
circles,fixed_amplitude,1024,906,0.90995064,0.04120535,1.00480443
circles,fixed_amplitude,1024,907,0.91328767,0.02563965,0.96913736
circles,fixed_amplitude,1024,908,0.91750646,0.01729283,0.98859279
circles,fixed_amplitude,1024,909,0.91142624,0.02480151,1.00851023
circles,fixed_amplitude,1024,910,0.91757143,0.03372428,1.00507484
circles,fixed_amplitude,1024,911,0.90918663,0.02284443,1.02403828
circles,fixed_amplitude,1024,912,0.92116823,0.01592234,1.02360988
circles,fixed_amplitude,1024,913,0.91226068,0.10372722,1.02625844
circles,fixed_amplitude,1024,914,0.90010001,0.01634194,1.00816863
circles,fixed_amplitude,1024,915,0.9111637,0.00662706,0.99248034
circles,fixed_amplitude,1024,916,0.90571416,0.02738833,1.01866334
circles,fixed_amplitude,1024,917,0.91827674,0.06897868,0.97149608
circles,fixed_amplitude,1024,918,0.92061212,0.05120602,0.97571673
circles,fixed_amplitude,1024,919,0.91537513,0.14205666,0.99781085
circles,fixed_amplitude,1024,920,0.91884478,0.07482282,1.02755638
circles,fixed_amplitude,1024,921,0.92296224,0.01307331,0.98588912
circles,fixed_amplitude,1024,922,0.90826926,0.04218865,1.03315925
circles,fixed_amplitude,1024,923,0.91317713,0.03439669,0.99199601
circles,fixed_amplitude,1024,924,0.91619125,0.03212646,1.01590134
circles,fixed_amplitude,1024,925,0.9099809,0.035281,1.02098497
circles,fixed_amplitude,1024,926,0.91011834,0.02774317,1.02839893
circles,fixed_amplitude,1024,927,0.923405,0.07811231,0.98125054
circles,fixed_amplitude,1024,928,0.91321749,0.01322629,1.00431823
circles,fixed_amplitude,1024,929,0.90802038,0.06139557,1.02023569
circles,fixed_amplitude,1024,930,0.91538484,0.13317792,1.03429194
circles,fixed_amplitude,1024,931,0.91501577,0.02109773,1.02242749
circles,fixed_amplitude,1024,932,0.91740717,0.04305657,0.99510467
circles,fixed_amplitude,1024,933,0.91089089,0.02439683,1.01398675
circles,fixed_amplitude,1024,934,0.90752393,0.0041173,1.01514397
circles,fixed_amplitude,1024,935,0.91683949,0.07851781,0.99801166
circles,fixed_amplitude,1024,936,0.91321659,0.06217669,0.99673715
circles,fixed_amplitude,1024,937,0.90786527,0.00233436,0.97837635
circles,fixed_amplitude,1024,938,0.91556164,0.03643386,1.02039857
circles,fixed_amplitude,1024,939,0.9257925,0.05647406,0.98116084
circles,fixed_amplitude,1024,940,0.92473535,0.02181622,1.01956317
circles,fixed_amplitude,1024,941,0.91722953,0.10779468,1.00298139
circles,fixed_amplitude,1024,942,0.91562085,0.01635494,1.01408576
circles,fixed_amplitude,1024,943,0.91394678,0.07065016,0.99890787
circles,fixed_amplitude,1024,944,0.9177494,0.03069171,1.01179902
circles,fixed_amplitude,1024,945,0.91804728,0.00482169,0.99682674
circles,fixed_amplitude,1024,946,0.91478751,0.08602713,0.99621355
circles,fixed_amplitude,1024,947,0.90818464,0.02224076,0.98211059
circles,fixed_amplitude,1024,948,0.90439445,0.07535889,1.01241831
circles,fixed_amplitude,1024,949,0.92319439,0.06136333,1.02766118
circles,fixed_amplitude,1024,950,0.91778737,0.0094685,0.9963828
circles,fixed_amplitude,1024,951,0.91036702,0.07200784,0.99048465
circles,fixed_amplitude,1024,952,0.92294503,0.05547062,0.97553383
circles,fixed_amplitude,1024,953,0.91110993,0.09540568,0.98509456
circles,fixed_amplitude,1024,954,0.91775829,0.05494654,1.00889566
circles,fixed_amplitude,1024,955,0.92640845,0.00339195,1.01234143
circles,fixed_amplitude,1024,956,0.91997994,0.0039053,1.00211303
circles,fixed_amplitude,1024,957,0.91683101,0.00678514,0.97948574
circles,fixed_amplitude,1024,958,0.91188263,0.03223653,1.00853004
circles,fixed_amplitude,1024,959,0.91442055,0.00778772,1.00451805
circles,fixed_amplitude,1024,960,0.91252191,0.04919779,1.00197255
circles,fixed_amplitude,1024,961,0.9130092,0.04949502,0.97778931
circles,fixed_amplitude,1024,962,0.91669028,0.05713769,1.01345879
circles,fixed_amplitude,1024,963,0.9211812,0.00049069,0.9850059
circles,fixed_amplitude,1024,964,0.91187022,0.04161589,1.02050212
circles,fixed_amplitude,1024,965,0.91879269,0.05220485,0.97995355
circles,fixed_amplitude,1024,966,0.93004426,0.0474636,0.98416567
circles,fixed_amplitude,1024,967,0.91479214,0.09934252,1.00690527
circles,fixed_amplitude,1024,968,0.90749889,0.0593606,1.01666783
circles,fixed_amplitude,1024,969,0.91503892,0.05382696,1.01386813
circles,fixed_amplitude,1024,970,0.91786506,0.02827818,0.99570619
circles,fixed_amplitude,1024,971,0.92325322,0.01514184,0.98382502
circles,fixed_amplitude,1024,972,0.91659536,0.00287574,1.03129294
circles,fixed_amplitude,1024,973,0.91974688,0.00277515,0.97478449
circles,fixed_amplitude,1024,974,0.91002751,0.05069294,0.98365678
circles,fixed_amplitude,1024,975,0.91543486,0.06788909,0.99113335
circles,fixed_amplitude,1024,976,0.92136024,0.089846,1.00520388
circles,fixed_amplitude,1024,977,0.92456113,0.03437488,1.02899047
circles,fixed_amplitude,1024,978,0.90666363,0.06508702,0.99169257
circles,fixed_amplitude,1024,979,0.91635317,0.00671983,1.0042999
circles,fixed_amplitude,1024,980,0.92748073,0.05877887,0.99964424
circles,fixed_amplitude,1024,981,0.91883877,0.12786989,1.00580355
circles,fixed_amplitude,1024,982,0.9167398,0.00217591,0.99368308
circles,fixed_amplitude,1024,983,0.9158007,0.10462035,1.00596916
circles,fixed_amplitude,1024,984,0.90953984,0.02807795,0.98225513
circles,fixed_amplitude,1024,985,0.91440176,0.07155492,0.99757931
circles,fixed_amplitude,1024,986,0.91267954,0.0187388,1.01295753
circles,fixed_amplitude,1024,987,0.91226327,0.03774845,1.01515276
circles,fixed_amplitude,1024,988,0.9108849,0.0294116,1.01208472
circles,fixed_amplitude,1024,989,0.92203073,0.00349905,1.01466134
circles,fixed_amplitude,1024,990,0.91217041,0.06854342,1.01241274
circles,fixed_amplitude,1024,991,0.90521285,0.03794851,0.99712465
circles,fixed_amplitude,1024,992,0.916726,0.04486987,1.00817395
circles,fixed_amplitude,1024,993,0.91458505,0.04128781,1.01167431
circles,fixed_amplitude,1024,994,0.9267768,0.10437983,1.0219498
circles,fixed_amplitude,1024,995,0.92000077,0.02254889,0.97940003
circles,fixed_amplitude,1024,996,0.90381697,0.00556933,0.99324132
circles,fixed_amplitude,1024,997,0.91659685,0.06385845,1.01323579
circles,fixed_amplitude,1024,998,0.91625374,0.02265183,1.0023954
circles,fixed_amplitude,1024,999,0.93375955,0.02130832,0.99952553
circles,fixed_amplitude,2024,0,0.9246581,0.03810658,1.0275945
circles,fixed_amplitude,2024,1,0.91490261,0.04807854,1.00137936
circles,fixed_amplitude,2024,2,0.91365514,0.00951777,0.98523434
circles,fixed_amplitude,2024,3,0.92016775,0.01005788,1.0033747
circles,fixed_amplitude,2024,4,0.91610525,0.08726248,0.99827834
circles,fixed_amplitude,2024,5,0.9193555,0.01510537,0.9966939
circles,fixed_amplitude,2024,6,0.91540621,0.00547749,0.98881678
circles,fixed_amplitude,2024,7,0.9154739,0.05624991,0.98441011
circles,fixed_amplitude,2024,8,0.90913438,0.00986427,1.04233956
circles,fixed_amplitude,2024,9,0.91899808,0.02052087,1.02155106
circles,fixed_amplitude,2024,10,0.91948335,0.02401029,1.031803
circles,fixed_amplitude,2024,11,0.91926288,0.02640785,1.00931619
circles,fixed_amplitude,2024,12,0.9156317,0.03090515,0.99142581
circles,fixed_amplitude,2024,13,0.91938482,0.09149227,0.99397155
circles,fixed_amplitude,2024,14,0.92000869,0.01904254,1.00259805
circles,fixed_amplitude,2024,15,0.9211935,0.01816355,1.00563754
circles,fixed_amplitude,2024,16,0.92126518,0.09756948,1.02977306
circles,fixed_amplitude,2024,17,0.90860598,0.04989035,1.00385233
circles,fixed_amplitude,2024,18,0.92205311,0.05145161,0.99712766
circles,fixed_amplitude,2024,19,0.90400077,0.02790519,1.00221261
circles,fixed_amplitude,2024,20,0.92644,0.01532655,1.00565941
circles,fixed_amplitude,2024,21,0.91262021,0.01533295,0.98946375
circles,fixed_amplitude,2024,22,0.91373784,0.02919873,1.00792414
circles,fixed_amplitude,2024,23,0.90582606,0.04747957,0.99445564
circles,fixed_amplitude,2024,24,0.92206759,0.02688494,1.0182652
circles,fixed_amplitude,2024,25,0.93237682,0.03126213,1.01554468
circles,fixed_amplitude,2024,26,0.92034296,0.02811215,0.98274035
circles,fixed_amplitude,2024,27,0.90821452,0.04829697,0.99341754
circles,fixed_amplitude,2024,28,0.91431899,0.03579364,1.01155745
circles,fixed_amplitude,2024,29,0.91529637,0.0235302,0.98080037
circles,fixed_amplitude,2024,30,0.91125928,0.02730711,1.00226243
circles,fixed_amplitude,2024,31,0.92122883,0.00781149,1.01834693
circles,fixed_amplitude,2024,32,0.90963894,0.04971621,0.9869327
circles,fixed_amplitude,2024,33,0.92387351,0.12881931,1.01317176
circles,fixed_amplitude,2024,34,0.90834426,0.05385465,1.00404785
circles,fixed_amplitude,2024,35,0.9185875,0.04732106,0.97555689
circles,fixed_amplitude,2024,36,0.92245076,0.00049012,1.00549663
circles,fixed_amplitude,2024,37,0.91957051,0.03507624,1.01643944
circles,fixed_amplitude,2024,38,0.9149707,0.09676281,1.0124712
circles,fixed_amplitude,2024,39,0.91384257,0.03720013,0.97250047
circles,fixed_amplitude,2024,40,0.91073997,0.04664101,1.00566081
circles,fixed_amplitude,2024,41,0.92621807,0.02935568,1.00935199
circles,fixed_amplitude,2024,42,0.92002313,0.04522121,1.00193413
circles,fixed_amplitude,2024,43,0.90741892,0.05404418,0.97962859
circles,fixed_amplitude,2024,44,0.92168142,0.01230258,1.01429467
circles,fixed_amplitude,2024,45,0.91182869,0.03035341,0.9773389
circles,fixed_amplitude,2024,46,0.92530416,0.0005693,1.00642525
circles,fixed_amplitude,2024,47,0.92208069,0.01884223,0.98017532
circles,fixed_amplitude,2024,48,0.92171744,0.07682856,0.9761996
circles,fixed_amplitude,2024,49,0.92180369,0.01034078,0.95773961
circles,fixed_amplitude,2024,50,0.91425726,0.01711495,0.99703871
circles,fixed_amplitude,2024,51,0.9107101,0.02815154,0.99401595
circles,fixed_amplitude,2024,52,0.91428631,0.00319153,0.9780787
circles,fixed_amplitude,2024,53,0.91921104,0.01413772,1.00590271
circles,fixed_amplitude,2024,54,0.92207733,0.03699331,1.01528023
circles,fixed_amplitude,2024,55,0.91293593,0.03710092,1.03005136
circles,fixed_amplitude,2024,56,0.92244886,0.01691055,0.95813266
circles,fixed_amplitude,2024,57,0.91678225,0.01529538,1.02491535
circles,fixed_amplitude,2024,58,0.91261118,0.06434108,0.96252276
circles,fixed_amplitude,2024,59,0.92147266,0.03433958,0.98343093
circles,fixed_amplitude,2024,60,0.90847024,0.01290422,0.98263906
circles,fixed_amplitude,2024,61,0.91065425,0.00165854,0.98245065
circles,fixed_amplitude,2024,62,0.91443971,0.00889804,1.02245138
circles,fixed_amplitude,2024,63,0.90540631,0.03010448,1.03561771
circles,fixed_amplitude,2024,64,0.9167042,0.02968619,0.98966256
circles,fixed_amplitude,2024,65,0.91916643,0.03820712,1.02067839
circles,fixed_amplitude,2024,66,0.92169167,0.02945588,1.00566846
circles,fixed_amplitude,2024,67,0.91423732,0.08694753,0.98304713
circles,fixed_amplitude,2024,68,0.91822838,0.00664876,1.00021758
circles,fixed_amplitude,2024,69,0.91755627,0.0225805,0.96782922
circles,fixed_amplitude,2024,70,0.91964175,0.03176338,1.00435536
circles,fixed_amplitude,2024,71,0.92101618,0.05583445,1.02026041
circles,fixed_amplitude,2024,72,0.91003805,0.00411483,0.98351419
circles,fixed_amplitude,2024,73,0.9147638,0.01897241,1.01854587
circles,fixed_amplitude,2024,74,0.93166235,0.01440612,0.9991514
circles,fixed_amplitude,2024,75,0.92530332,0.00591249,0.99716632
circles,fixed_amplitude,2024,76,0.90776289,0.02779621,0.98013319
circles,fixed_amplitude,2024,77,0.91303375,0.01419584,0.99686338
circles,fixed_amplitude,2024,78,0.91863767,0.00766716,0.99118771
circles,fixed_amplitude,2024,79,0.90793837,0.0459571,1.01996539
circles,fixed_amplitude,2024,80,0.91611322,0.11352711,0.98476029
circles,fixed_amplitude,2024,81,0.92409571,0.02748649,1.04305102
circles,fixed_amplitude,2024,82,0.92709439,0.01819847,1.0042289
circles,fixed_amplitude,2024,83,0.93345936,0.06094292,0.99722637
circles,fixed_amplitude,2024,84,0.92292012,0.04823121,1.01887675
circles,fixed_amplitude,2024,85,0.91293115,0.07010225,1.01474026
circles,fixed_amplitude,2024,86,0.91992429,0.0013463,1.00917553
circles,fixed_amplitude,2024,87,0.92123603,0.04752171,0.97251025
circles,fixed_amplitude,2024,88,0.90754344,0.18037345,0.99422523
circles,fixed_amplitude,2024,89,0.91041231,0.00645585,0.99519485
circles,fixed_amplitude,2024,90,0.91578987,0.02798744,1.0000672
circles,fixed_amplitude,2024,91,0.91761019,0.05693248,0.99897137
circles,fixed_amplitude,2024,92,0.9069057,0.07433999,0.9856145
circles,fixed_amplitude,2024,93,0.91313651,0.05781952,1.00678382
circles,fixed_amplitude,2024,94,0.91985858,0.0246126,0.99210623
circles,fixed_amplitude,2024,95,0.91528073,0.08351078,0.98971649
circles,fixed_amplitude,2024,96,0.90566136,0.02517756,0.99365323
circles,fixed_amplitude,2024,97,0.91150035,0.00420629,0.98690932
circles,fixed_amplitude,2024,98,0.91569083,0.01408626,1.00336598
circles,fixed_amplitude,2024,99,0.91066651,0.00115923,1.00402193
circles,fixed_amplitude,2024,100,0.91757875,0.01262701,0.95885685
circles,fixed_amplitude,2024,101,0.91681694,0.03897373,0.99879984
circles,fixed_amplitude,2024,102,0.91656191,0.05196358,1.00910674
circles,fixed_amplitude,2024,103,0.9245834,0.03515071,1.00421134
circles,fixed_amplitude,2024,104,0.90666401,0.05657619,1.00836471
circles,fixed_amplitude,2024,105,0.92781611,0.07101824,0.98314145
circles,fixed_amplitude,2024,106,0.91339333,0.00308135,1.01850667
circles,fixed_amplitude,2024,107,0.92065046,0.00982928,1.00305541
circles,fixed_amplitude,2024,108,0.90809143,0.04794133,0.99868697
circles,fixed_amplitude,2024,109,0.90939483,0.09286842,0.99186928
circles,fixed_amplitude,2024,110,0.90441746,0.02252644,0.97538479
circles,fixed_amplitude,2024,111,0.92087605,0.01392896,1.01950414
circles,fixed_amplitude,2024,112,0.91079517,0.11595189,0.99804785
circles,fixed_amplitude,2024,113,0.91258417,0.05852771,0.99224517
circles,fixed_amplitude,2024,114,0.91472479,0.02755875,0.99199393
circles,fixed_amplitude,2024,115,0.91652797,0.02800173,0.98461808
circles,fixed_amplitude,2024,116,0.91939837,0.01812012,1.01647352
circles,fixed_amplitude,2024,117,0.92112578,0.08447469,0.97963128
circles,fixed_amplitude,2024,118,0.91597373,0.00076851,1.02115586
circles,fixed_amplitude,2024,119,0.91569413,0.04620433,0.97353536
circles,fixed_amplitude,2024,120,0.91841481,0.02095411,1.01637284
circles,fixed_amplitude,2024,121,0.9235956,0.0492386,0.99451943
circles,fixed_amplitude,2024,122,0.929378,0.03206922,0.99596224
circles,fixed_amplitude,2024,123,0.91474291,0.04132431,0.9910459
circles,fixed_amplitude,2024,124,0.92569557,0.05752858,1.00967966
circles,fixed_amplitude,2024,125,0.91389278,0.02845853,1.03098278
circles,fixed_amplitude,2024,126,0.92216234,0.02629747,1.02343292
circles,fixed_amplitude,2024,127,0.92517054,0.06268075,0.9993259
circles,fixed_amplitude,2024,128,0.91614706,0.00650688,1.00025399
circles,fixed_amplitude,2024,129,0.91735288,0.01513147,0.99543384
circles,fixed_amplitude,2024,130,0.91609523,0.06006471,0.99858248
circles,fixed_amplitude,2024,131,0.9127446,0.00270525,0.98160898
circles,fixed_amplitude,2024,132,0.91190776,0.00320209,0.97979794
circles,fixed_amplitude,2024,133,0.91368709,0.01099316,0.99512984
circles,fixed_amplitude,2024,134,0.91401383,0.00489688,0.9896073
circles,fixed_amplitude,2024,135,0.91468155,0.05045901,1.00226575
circles,fixed_amplitude,2024,136,0.92313656,0.00807426,0.99868991
circles,fixed_amplitude,2024,137,0.91211037,0.02159499,1.0022254
circles,fixed_amplitude,2024,138,0.91601431,0.03071085,0.99165162
circles,fixed_amplitude,2024,139,0.90290272,0.04501536,0.9730578
circles,fixed_amplitude,2024,140,0.91950066,0.03425705,1.03537373
circles,fixed_amplitude,2024,141,0.92139641,0.0077004,0.99870232
circles,fixed_amplitude,2024,142,0.92061326,0.00321485,0.98017627
circles,fixed_amplitude,2024,143,0.91468156,0.0164108,0.98171752
circles,fixed_amplitude,2024,144,0.91751336,0.03101675,1.00207569
circles,fixed_amplitude,2024,145,0.9155669,0.10188589,1.02574159
circles,fixed_amplitude,2024,146,0.93042933,0.03656731,0.98211848
circles,fixed_amplitude,2024,147,0.92112559,0.03364622,0.97478168
circles,fixed_amplitude,2024,148,0.91571128,0.01213672,1.02270627
circles,fixed_amplitude,2024,149,0.92240599,0.02044221,0.98736534
circles,fixed_amplitude,2024,150,0.91894428,0.01646996,0.99624703
circles,fixed_amplitude,2024,151,0.91687127,0.02893985,1.00622641
circles,fixed_amplitude,2024,152,0.9174921,0.01330359,0.97925542
circles,fixed_amplitude,2024,153,0.9178332,0.02600507,0.96875356
circles,fixed_amplitude,2024,154,0.92298338,0.09546522,1.00978585
circles,fixed_amplitude,2024,155,0.9312001,0.02775147,1.02538728
circles,fixed_amplitude,2024,156,0.90993181,0.07501264,1.00961703
circles,fixed_amplitude,2024,157,0.91914784,0.06159845,1.01602951
circles,fixed_amplitude,2024,158,0.91967675,0.04070807,0.98340347
circles,fixed_amplitude,2024,159,0.90011031,0.05737045,0.98924165
circles,fixed_amplitude,2024,160,0.90371355,0.00936077,0.99768417
circles,fixed_amplitude,2024,161,0.91805979,0.0387209,0.99809774
circles,fixed_amplitude,2024,162,0.91381393,0.02516606,1.01024335
circles,fixed_amplitude,2024,163,0.92080063,0.00128771,1.01180994
circles,fixed_amplitude,2024,164,0.91618958,0.01867029,1.02842999
circles,fixed_amplitude,2024,165,0.90808589,0.001801,0.99377961
circles,fixed_amplitude,2024,166,0.91244331,0.04451018,0.9883975
circles,fixed_amplitude,2024,167,0.91434737,0.05435021,1.0229192
circles,fixed_amplitude,2024,168,0.92285351,0.06766953,0.99938334
circles,fixed_amplitude,2024,169,0.91157155,0.02801196,0.98085679
circles,fixed_amplitude,2024,170,0.92126229,0.02715683,0.98894032
circles,fixed_amplitude,2024,171,0.92749882,0.0370191,1.00261121
circles,fixed_amplitude,2024,172,0.91493886,0.04262724,1.00760116
circles,fixed_amplitude,2024,173,0.91537624,0.01530969,1.00933537
circles,fixed_amplitude,2024,174,0.93232547,0.03707282,0.98178694
circles,fixed_amplitude,2024,175,0.91458248,0.02685796,0.99699171
circles,fixed_amplitude,2024,176,0.9114222,0.02830044,1.0101423
circles,fixed_amplitude,2024,177,0.91107185,0.09069821,0.998772
circles,fixed_amplitude,2024,178,0.92447711,0.01367435,0.99493637
circles,fixed_amplitude,2024,179,0.90594329,0.08490749,1.01800625
circles,fixed_amplitude,2024,180,0.90906166,0.00571105,1.0066453
circles,fixed_amplitude,2024,181,0.91783356,0.11848376,1.01611015
circles,fixed_amplitude,2024,182,0.90905495,0.06592213,0.99984208
circles,fixed_amplitude,2024,183,0.91788706,0.04978833,0.99995288
circles,fixed_amplitude,2024,184,0.9195161,0.02178769,0.99216969
circles,fixed_amplitude,2024,185,0.92061825,0.0809448,0.96921298
circles,fixed_amplitude,2024,186,0.92502919,0.0241627,0.99692044
circles,fixed_amplitude,2024,187,0.91473852,0.00503685,0.99903948
circles,fixed_amplitude,2024,188,0.92165047,0.14313009,1.01592291
circles,fixed_amplitude,2024,189,0.91156308,0.03748148,0.98304494
circles,fixed_amplitude,2024,190,0.91519004,0.04223559,0.97708318
circles,fixed_amplitude,2024,191,0.91746131,0.03396586,1.01648962
circles,fixed_amplitude,2024,192,0.91133264,0.03795181,1.00315894
circles,fixed_amplitude,2024,193,0.92041989,0.02448076,1.00835148
circles,fixed_amplitude,2024,194,0.91364811,0.04310571,1.00228375
circles,fixed_amplitude,2024,195,0.91056295,0.06085378,0.99582829
circles,fixed_amplitude,2024,196,0.91551135,0.04578314,0.99156459
circles,fixed_amplitude,2024,197,0.91354914,0.01292431,0.99019319
circles,fixed_amplitude,2024,198,0.91998213,0.01431125,0.99171398
circles,fixed_amplitude,2024,199,0.91399303,0.01235149,0.99184843
circles,fixed_amplitude,2024,200,0.91888999,0.05545306,0.98371686
circles,fixed_amplitude,2024,201,0.91192212,0.04364613,0.97808359
circles,fixed_amplitude,2024,202,0.92164353,0.00049556,1.01327271
circles,fixed_amplitude,2024,203,0.91352118,0.03507272,0.97818868
circles,fixed_amplitude,2024,204,0.92289969,0.1196493,0.96757036
circles,fixed_amplitude,2024,205,0.91733604,0.03516855,0.99191783
circles,fixed_amplitude,2024,206,0.92485029,0.08301663,1.01245845
circles,fixed_amplitude,2024,207,0.91279431,0.04548447,0.99231172
circles,fixed_amplitude,2024,208,0.90757412,0.01435984,1.01743757
circles,fixed_amplitude,2024,209,0.91716832,0.03712877,1.01881039
circles,fixed_amplitude,2024,210,0.9191121,0.06571872,1.01096426
circles,fixed_amplitude,2024,211,0.92564784,0.02936414,1.02011902
circles,fixed_amplitude,2024,212,0.91913973,0.03391826,0.98422915
circles,fixed_amplitude,2024,213,0.90444979,0.0471729,1.00216994
circles,fixed_amplitude,2024,214,0.91489027,0.0150024,1.01534318
circles,fixed_amplitude,2024,215,0.91383332,0.02128201,1.03001253
circles,fixed_amplitude,2024,216,0.91910717,0.0233594,1.02303187
circles,fixed_amplitude,2024,217,0.91156099,0.06762374,0.98959731
circles,fixed_amplitude,2024,218,0.91661738,0.03360577,1.03309433
circles,fixed_amplitude,2024,219,0.90961486,0.03249874,1.02065548
circles,fixed_amplitude,2024,220,0.92102339,0.00715727,0.99625181
circles,fixed_amplitude,2024,221,0.91873577,0.09251839,0.97563092
circles,fixed_amplitude,2024,222,0.90720739,0.0596792,0.9874989
circles,fixed_amplitude,2024,223,0.92749134,0.0798452,0.98815395
circles,fixed_amplitude,2024,224,0.91934277,0.02868166,0.99721216
circles,fixed_amplitude,2024,225,0.91452598,0.15169135,0.99334473
circles,fixed_amplitude,2024,226,0.89819567,0.01579833,0.98690898
circles,fixed_amplitude,2024,227,0.92091385,0.01489858,0.98929958
circles,fixed_amplitude,2024,228,0.92183682,0.02109674,1.00407019
circles,fixed_amplitude,2024,229,0.91964797,0.01731703,0.99417526
circles,fixed_amplitude,2024,230,0.91387359,0.01186569,1.00251951
circles,fixed_amplitude,2024,231,0.9210048,0.00381438,1.0179505
circles,fixed_amplitude,2024,232,0.90746993,0.06225503,0.97178089
circles,fixed_amplitude,2024,233,0.91024733,0.00413914,0.98046853
circles,fixed_amplitude,2024,234,0.91976696,0.01925197,1.01195847
circles,fixed_amplitude,2024,235,0.91114653,0.0494313,0.9954378
circles,fixed_amplitude,2024,236,0.90962644,0.01629635,0.9872982
circles,fixed_amplitude,2024,237,0.92076902,0.07189501,1.00141172
circles,fixed_amplitude,2024,238,0.9186268,0.01248106,0.99645614
circles,fixed_amplitude,2024,239,0.91669905,0.04785178,0.98334668
circles,fixed_amplitude,2024,240,0.90809314,0.08523892,1.00391146
circles,fixed_amplitude,2024,241,0.92007544,0.0489389,0.99214322
circles,fixed_amplitude,2024,242,0.91757927,0.00407392,0.99222449
circles,fixed_amplitude,2024,243,0.90690703,0.05586671,1.02898956
circles,fixed_amplitude,2024,244,0.91752595,0.00021611,1.02698421
circles,fixed_amplitude,2024,245,0.92073307,0.01625707,1.00527711
circles,fixed_amplitude,2024,246,0.92443749,0.02545313,1.03824545
circles,fixed_amplitude,2024,247,0.91143933,0.03524851,1.02954701
circles,fixed_amplitude,2024,248,0.9163184,0.02966341,0.99004283
circles,fixed_amplitude,2024,249,0.92023025,0.03644937,1.01774068
circles,fixed_amplitude,2024,250,0.91827118,0.07956239,1.00419365
circles,fixed_amplitude,2024,251,0.91849284,0.05260275,1.00416856
circles,fixed_amplitude,2024,252,0.91344238,0.01936264,1.02163652
circles,fixed_amplitude,2024,253,0.91457479,0.00774327,0.97772533
circles,fixed_amplitude,2024,254,0.9242738,0.00276864,0.98043918
circles,fixed_amplitude,2024,255,0.91687242,0.11952025,1.01309636
circles,fixed_amplitude,2024,256,0.92499757,0.01457452,1.00921639
circles,fixed_amplitude,2024,257,0.91404779,0.00369459,1.00962124
circles,fixed_amplitude,2024,258,0.90778205,0.04490791,0.98442706
circles,fixed_amplitude,2024,259,0.90454821,0.03026758,0.98450981
circles,fixed_amplitude,2024,260,0.91315371,0.03385353,0.97886702
circles,fixed_amplitude,2024,261,0.91004551,0.04624691,0.97256226
circles,fixed_amplitude,2024,262,0.91509756,0.01219753,1.01710275
circles,fixed_amplitude,2024,263,0.92607487,0.00989807,0.99716335
circles,fixed_amplitude,2024,264,0.90571182,0.04674855,1.00434788
circles,fixed_amplitude,2024,265,0.92093683,0.07211973,0.99275347
circles,fixed_amplitude,2024,266,0.91987478,0.05580513,1.0006214
circles,fixed_amplitude,2024,267,0.90838896,0.02640736,1.0141012
circles,fixed_amplitude,2024,268,0.90692944,0.01812985,1.01880608
circles,fixed_amplitude,2024,269,0.92181544,0.00510245,0.98176119
circles,fixed_amplitude,2024,270,0.919906,0.04488066,0.98766121
circles,fixed_amplitude,2024,271,0.91354446,0.07855627,0.99616284
circles,fixed_amplitude,2024,272,0.91093663,0.01415397,1.0022531
circles,fixed_amplitude,2024,273,0.92399487,0.07118421,0.98525537
circles,fixed_amplitude,2024,274,0.91667909,0.10502046,0.98650956
circles,fixed_amplitude,2024,275,0.90822029,0.11587381,1.0112398
circles,fixed_amplitude,2024,276,0.92037122,0.00448354,1.00585638
circles,fixed_amplitude,2024,277,0.91868973,0.07662358,1.01207499
circles,fixed_amplitude,2024,278,0.91484435,0.00277087,0.99432708
circles,fixed_amplitude,2024,279,0.91799039,0.040237,1.01340446
circles,fixed_amplitude,2024,280,0.9279995,0.03114637,1.02054571
circles,fixed_amplitude,2024,281,0.90601235,0.08731935,0.99694998
circles,fixed_amplitude,2024,282,0.9303082,0.02023437,1.00478028
circles,fixed_amplitude,2024,283,0.91959942,0.02254122,1.01766329
circles,fixed_amplitude,2024,284,0.91624301,0.0564204,1.01592794
circles,fixed_amplitude,2024,285,0.92751427,0.03284339,0.99504538
circles,fixed_amplitude,2024,286,0.91073305,0.06165366,0.99987263
circles,fixed_amplitude,2024,287,0.91191351,0.04020182,1.01348549
circles,fixed_amplitude,2024,288,0.9216427,0.10318551,1.00251693
circles,fixed_amplitude,2024,289,0.91761817,0.02348599,1.02529446
circles,fixed_amplitude,2024,290,0.91885454,0.09568963,0.99841994
circles,fixed_amplitude,2024,291,0.91533641,0.02225643,1.02156647
circles,fixed_amplitude,2024,292,0.91597204,0.04306042,0.99265964
circles,fixed_amplitude,2024,293,0.91424543,0.03817701,0.9967938
circles,fixed_amplitude,2024,294,0.91751968,0.057967,0.96820238
circles,fixed_amplitude,2024,295,0.91284077,0.09871335,1.00068276
circles,fixed_amplitude,2024,296,0.91941701,0.10953557,0.99414744
circles,fixed_amplitude,2024,297,0.9271098,0.02389703,0.9983522
circles,fixed_amplitude,2024,298,0.92090384,0.08980059,1.00104762
circles,fixed_amplitude,2024,299,0.92193959,0.03545503,1.00851027
circles,fixed_amplitude,2024,300,0.92271358,0.0477819,1.01654222
circles,fixed_amplitude,2024,301,0.91735732,0.02344075,1.01217427
circles,fixed_amplitude,2024,302,0.92449311,0.00417709,1.0274295
circles,fixed_amplitude,2024,303,0.91410589,0.01929001,1.01223341
circles,fixed_amplitude,2024,304,0.91629105,0.02988982,1.01196862
circles,fixed_amplitude,2024,305,0.9262525,0.02120084,1.02356906
circles,fixed_amplitude,2024,306,0.91085155,0.01056756,1.00396044
circles,fixed_amplitude,2024,307,0.91354066,0.05850689,0.97769484
circles,fixed_amplitude,2024,308,0.91700604,0.04180097,1.03426638
circles,fixed_amplitude,2024,309,0.91630385,0.04999167,1.00090895
circles,fixed_amplitude,2024,310,0.9125147,0.04214389,1.00914757
circles,fixed_amplitude,2024,311,0.92341918,0.02980553,1.02369408
circles,fixed_amplitude,2024,312,0.92696142,0.08990194,1.02850178
circles,fixed_amplitude,2024,313,0.90869107,0.06635459,1.00139057
circles,fixed_amplitude,2024,314,0.91965503,0.02473771,0.96563471
circles,fixed_amplitude,2024,315,0.91346673,0.06011465,0.98307016
circles,fixed_amplitude,2024,316,0.92201891,0.01049123,0.98273801
circles,fixed_amplitude,2024,317,0.91317253,0.01218154,0.9986191
circles,fixed_amplitude,2024,318,0.92223626,0.02375938,1.00731205
circles,fixed_amplitude,2024,319,0.91677031,0.02078131,0.98497651
circles,fixed_amplitude,2024,320,0.92263856,0.00486992,0.97835935
circles,fixed_amplitude,2024,321,0.9160587,0.05317502,0.98311834
circles,fixed_amplitude,2024,322,0.91381561,0.06922036,0.99796938
circles,fixed_amplitude,2024,323,0.91784964,0.05391883,0.99567408
circles,fixed_amplitude,2024,324,0.9149002,0.0094912,1.01420741
circles,fixed_amplitude,2024,325,0.90440211,0.05895639,1.00314036
circles,fixed_amplitude,2024,326,0.90628253,0.01303147,1.01871778
circles,fixed_amplitude,2024,327,0.91752816,0.03775522,0.99114928
circles,fixed_amplitude,2024,328,0.92127765,0.0666858,0.99698067
circles,fixed_amplitude,2024,329,0.91439586,0.0045016,0.98548407
circles,fixed_amplitude,2024,330,0.90795043,0.03370491,1.01463048
circles,fixed_amplitude,2024,331,0.90975046,0.02288216,0.97096034
circles,fixed_amplitude,2024,332,0.91399818,0.11556399,0.98750409
circles,fixed_amplitude,2024,333,0.90564572,0.04057495,0.9995698
circles,fixed_amplitude,2024,334,0.92419273,0.0843103,1.00700205
circles,fixed_amplitude,2024,335,0.9193163,0.03547188,1.0014971
circles,fixed_amplitude,2024,336,0.9254453,0.02571584,1.00135442
circles,fixed_amplitude,2024,337,0.90890092,0.01530638,0.98754549
circles,fixed_amplitude,2024,338,0.91849021,0.07479075,0.99361428
circles,fixed_amplitude,2024,339,0.91805712,0.01270746,0.99016981
circles,fixed_amplitude,2024,340,0.90946097,0.14159346,0.99026132
circles,fixed_amplitude,2024,341,0.92165388,0.02039696,1.01469487
circles,fixed_amplitude,2024,342,0.91942877,0.01720901,1.0171114
circles,fixed_amplitude,2024,343,0.90349419,0.00694262,0.99134093
circles,fixed_amplitude,2024,344,0.91380445,0.03129706,1.00481161
circles,fixed_amplitude,2024,345,0.9145385,0.02746447,1.00491331
circles,fixed_amplitude,2024,346,0.91621194,0.06063999,0.99363864
circles,fixed_amplitude,2024,347,0.92369999,0.07956126,0.99712062
circles,fixed_amplitude,2024,348,0.91749954,0.01378251,0.9930027
circles,fixed_amplitude,2024,349,0.91015362,0.05613457,0.98279224
circles,fixed_amplitude,2024,350,0.89736423,0.02723052,1.00982606
circles,fixed_amplitude,2024,351,0.9156341,0.00458901,0.99966817
circles,fixed_amplitude,2024,352,0.92033138,0.00599731,1.02505271
circles,fixed_amplitude,2024,353,0.91223776,0.03276321,0.97024136
circles,fixed_amplitude,2024,354,0.90677668,0.05305694,1.01104831
circles,fixed_amplitude,2024,355,0.90650585,0.04866088,1.00429829
circles,fixed_amplitude,2024,356,0.92121426,0.08590423,0.97912098
circles,fixed_amplitude,2024,357,0.91510157,0.04269353,1.01209007
circles,fixed_amplitude,2024,358,0.92378728,0.01170898,1.01437067
circles,fixed_amplitude,2024,359,0.91907798,0.02592984,0.9842482
circles,fixed_amplitude,2024,360,0.91396165,0.07592836,1.01722726
circles,fixed_amplitude,2024,361,0.91616057,0.00719515,1.01444832
circles,fixed_amplitude,2024,362,0.91277106,0.08208293,0.99993316
circles,fixed_amplitude,2024,363,0.91766685,0.00828061,0.99731083
circles,fixed_amplitude,2024,364,0.93189897,0.06834703,1.01296146
circles,fixed_amplitude,2024,365,0.9013774,0.01620912,0.98832991
circles,fixed_amplitude,2024,366,0.9222519,0.06186891,1.00539355
circles,fixed_amplitude,2024,367,0.92270438,0.06665789,0.9981117
circles,fixed_amplitude,2024,368,0.91937763,0.05772963,0.98133716
circles,fixed_amplitude,2024,369,0.92163607,0.039348,0.99789484
circles,fixed_amplitude,2024,370,0.91045633,0.05323088,1.00307628
circles,fixed_amplitude,2024,371,0.91405449,0.06134735,1.01666244
circles,fixed_amplitude,2024,372,0.92026704,0.03300057,0.98566393
circles,fixed_amplitude,2024,373,0.91939399,0.03402922,0.98517427
circles,fixed_amplitude,2024,374,0.91287174,0.01089376,1.01605527
circles,fixed_amplitude,2024,375,0.91031296,0.04055854,0.99243069
circles,fixed_amplitude,2024,376,0.89789787,0.05251499,0.96137917
circles,fixed_amplitude,2024,377,0.9228095,0.04768518,1.02762107
circles,fixed_amplitude,2024,378,0.91100648,0.03650011,0.99010827
circles,fixed_amplitude,2024,379,0.92615025,0.01452866,0.98874313
circles,fixed_amplitude,2024,380,0.91715778,0.0249231,1.00852392
circles,fixed_amplitude,2024,381,0.92322226,0.05106879,1.00530649
circles,fixed_amplitude,2024,382,0.92768285,0.01229745,0.98811191
circles,fixed_amplitude,2024,383,0.93118068,0.01326961,1.01012517
circles,fixed_amplitude,2024,384,0.91224097,0.03750875,0.97670442
circles,fixed_amplitude,2024,385,0.90784881,0.02780889,0.98808443
circles,fixed_amplitude,2024,386,0.91292019,0.00741933,0.99390908
circles,fixed_amplitude,2024,387,0.91244169,0.00794796,1.01106594
circles,fixed_amplitude,2024,388,0.91925786,0.01433766,0.96984743
circles,fixed_amplitude,2024,389,0.91652035,0.03089339,1.0038345
circles,fixed_amplitude,2024,390,0.907416,0.00354719,0.99790141
circles,fixed_amplitude,2024,391,0.91943011,0.08599748,0.9984127
circles,fixed_amplitude,2024,392,0.93372266,0.03831146,1.00606307
circles,fixed_amplitude,2024,393,0.91524022,0.06875716,0.98471249
circles,fixed_amplitude,2024,394,0.91523609,0.03108982,1.00752507
circles,fixed_amplitude,2024,395,0.91811845,0.02171341,1.00571263
circles,fixed_amplitude,2024,396,0.91968493,0.02463523,0.99716132
circles,fixed_amplitude,2024,397,0.9297082,0.01329529,0.99366241
circles,fixed_amplitude,2024,398,0.91134909,0.06365508,0.98799352
circles,fixed_amplitude,2024,399,0.91168147,0.06173862,1.01199765
circles,fixed_amplitude,2024,400,0.91658403,0.02519851,0.99562444
circles,fixed_amplitude,2024,401,0.91114655,0.01131561,1.00068422
circles,fixed_amplitude,2024,402,0.92308145,0.07017415,1.02766732
circles,fixed_amplitude,2024,403,0.92541888,0.00412009,1.01126776
circles,fixed_amplitude,2024,404,0.91609446,0.03404753,0.98650092
circles,fixed_amplitude,2024,405,0.91678395,0.00638264,0.98998377
circles,fixed_amplitude,2024,406,0.91570758,0.00098463,0.98725539
circles,fixed_amplitude,2024,407,0.91082801,0.08248541,0.97140068
circles,fixed_amplitude,2024,408,0.91890496,0.0214623,1.03320009
circles,fixed_amplitude,2024,409,0.91526679,0.01524024,1.00597416
circles,fixed_amplitude,2024,410,0.91800666,0.02434928,0.98201472
circles,fixed_amplitude,2024,411,0.91035212,0.02206743,1.01465882
circles,fixed_amplitude,2024,412,0.91600273,0.05113136,0.9785273
circles,fixed_amplitude,2024,413,0.91875891,0.06809168,0.99095727
circles,fixed_amplitude,2024,414,0.92054067,0.01836701,0.98662451
circles,fixed_amplitude,2024,415,0.91627473,0.07249485,0.97689728
circles,fixed_amplitude,2024,416,0.91674851,0.01739499,1.0139228
circles,fixed_amplitude,2024,417,0.92013231,0.02520653,0.98901386
circles,fixed_amplitude,2024,418,0.92259155,0.00391375,0.99148433
circles,fixed_amplitude,2024,419,0.91626817,0.01970134,0.99484445
circles,fixed_amplitude,2024,420,0.91457781,0.00891319,1.009903
circles,fixed_amplitude,2024,421,0.91433074,0.05814758,1.01839551
circles,fixed_amplitude,2024,422,0.91855779,0.07808158,1.00536156
circles,fixed_amplitude,2024,423,0.9106832,0.06360532,1.00816443
circles,fixed_amplitude,2024,424,0.92430891,0.01941619,1.00072232
circles,fixed_amplitude,2024,425,0.90789557,0.01176243,1.00927594
circles,fixed_amplitude,2024,426,0.92588079,0.00329294,0.9989637
circles,fixed_amplitude,2024,427,0.91471398,0.05919061,1.0052939
circles,fixed_amplitude,2024,428,0.92119558,0.00765401,0.98610087
circles,fixed_amplitude,2024,429,0.9015777,0.02401818,0.98834386
circles,fixed_amplitude,2024,430,0.92034692,0.08882683,0.97579267
circles,fixed_amplitude,2024,431,0.91180958,0.00177683,1.02235332
circles,fixed_amplitude,2024,432,0.91457719,0.01547602,0.99114681
circles,fixed_amplitude,2024,433,0.90647248,0.02478196,0.99919997
circles,fixed_amplitude,2024,434,0.92074596,0.04066031,0.99854385
circles,fixed_amplitude,2024,435,0.91748439,0.00948942,1.02554827
circles,fixed_amplitude,2024,436,0.91259419,0.02127327,0.98962342
circles,fixed_amplitude,2024,437,0.9068658,0.0142767,0.99253321
circles,fixed_amplitude,2024,438,0.91085459,0.07470518,1.00230428
circles,fixed_amplitude,2024,439,0.9098182,0.01852352,1.00462826
circles,fixed_amplitude,2024,440,0.91264432,0.15087211,1.00688254
circles,fixed_amplitude,2024,441,0.92414418,0.01308837,0.99121266
circles,fixed_amplitude,2024,442,0.92601461,0.0231918,0.99812551
circles,fixed_amplitude,2024,443,0.91590002,0.05302475,0.99429219
circles,fixed_amplitude,2024,444,0.92754176,0.0417598,1.03549985
circles,fixed_amplitude,2024,445,0.90353001,0.01558545,0.97354404
circles,fixed_amplitude,2024,446,0.91619905,0.00548117,0.99315447
circles,fixed_amplitude,2024,447,0.91963531,0.07092222,0.98812089
circles,fixed_amplitude,2024,448,0.91419706,0.04640526,0.99670713
circles,fixed_amplitude,2024,449,0.9149778,0.14370494,1.00475992
circles,fixed_amplitude,2024,450,0.91484213,0.02325258,0.99232879
circles,fixed_amplitude,2024,451,0.92473693,0.06503588,1.01576459
circles,fixed_amplitude,2024,452,0.91344158,0.0111491,1.00945689
circles,fixed_amplitude,2024,453,0.90396051,0.03541775,1.00021004
circles,fixed_amplitude,2024,454,0.92318264,0.02939989,0.99990434
circles,fixed_amplitude,2024,455,0.90957647,0.00944276,0.9937326
circles,fixed_amplitude,2024,456,0.91499505,0.02110837,0.99283169
circles,fixed_amplitude,2024,457,0.92349485,0.06319123,0.99651768
circles,fixed_amplitude,2024,458,0.9134716,0.00323017,1.0260837
circles,fixed_amplitude,2024,459,0.92126278,0.04015373,1.02289238
circles,fixed_amplitude,2024,460,0.91521629,0.02249111,0.97905442
circles,fixed_amplitude,2024,461,0.91725783,0.08307531,1.00446724
circles,fixed_amplitude,2024,462,0.91971298,0.06047351,0.99246513
circles,fixed_amplitude,2024,463,0.91127321,0.0040948,0.97285779
circles,fixed_amplitude,2024,464,0.91245653,0.02946007,1.00633312
circles,fixed_amplitude,2024,465,0.91542704,0.01565468,1.00428598
circles,fixed_amplitude,2024,466,0.91783705,0.13035157,0.99195454
circles,fixed_amplitude,2024,467,0.91757636,0.02953262,1.01972016
circles,fixed_amplitude,2024,468,0.91476672,0.00586726,0.98852047
circles,fixed_amplitude,2024,469,0.91821863,0.07099231,1.02656407
circles,fixed_amplitude,2024,470,0.92254527,0.00042102,0.99567134
circles,fixed_amplitude,2024,471,0.91709562,0.03403127,1.02628233
circles,fixed_amplitude,2024,472,0.90966932,0.02190531,0.98240963
circles,fixed_amplitude,2024,473,0.91870832,0.01992736,0.98334624
circles,fixed_amplitude,2024,474,0.91438709,0.04743403,0.98695101
circles,fixed_amplitude,2024,475,0.92111762,0.08021409,0.99005926
circles,fixed_amplitude,2024,476,0.91715338,0.04473408,0.99069952
circles,fixed_amplitude,2024,477,0.91534688,0.01175166,1.00045812
circles,fixed_amplitude,2024,478,0.91791072,0.05011086,1.00131861
circles,fixed_amplitude,2024,479,0.91346104,0.03412198,1.00408524
circles,fixed_amplitude,2024,480,0.91749611,0.02049729,1.00260007
circles,fixed_amplitude,2024,481,0.91649222,0.02162454,0.98573914
circles,fixed_amplitude,2024,482,0.9224254,0.04087306,1.0092884
circles,fixed_amplitude,2024,483,0.91489531,0.02160758,0.98672979
circles,fixed_amplitude,2024,484,0.91621264,0.03628502,0.9745809
circles,fixed_amplitude,2024,485,0.9126364,0.04279376,0.99541643
circles,fixed_amplitude,2024,486,0.92002385,0.03316294,1.02210881
circles,fixed_amplitude,2024,487,0.91296737,0.05873219,0.99746544
circles,fixed_amplitude,2024,488,0.91566441,0.06126801,0.97721997
circles,fixed_amplitude,2024,489,0.9190027,0.01367,1.00760843
circles,fixed_amplitude,2024,490,0.91926091,0.06431248,1.01861875
circles,fixed_amplitude,2024,491,0.91947134,0.09484111,1.00885743
circles,fixed_amplitude,2024,492,0.91374613,0.06808187,0.99156667
circles,fixed_amplitude,2024,493,0.90984755,0.01881532,1.01288517
circles,fixed_amplitude,2024,494,0.91564494,0.01459073,0.99726365
circles,fixed_amplitude,2024,495,0.91521591,0.04492286,1.01297258
circles,fixed_amplitude,2024,496,0.9149553,0.01508667,0.98224609
circles,fixed_amplitude,2024,497,0.92103762,0.08395096,1.00640694
circles,fixed_amplitude,2024,498,0.91519466,0.0255361,1.01780933
circles,fixed_amplitude,2024,499,0.91763249,0.00517933,1.00296369
circles,fixed_amplitude,2024,500,0.9108875,0.04575333,0.9984233
circles,fixed_amplitude,2024,501,0.91337342,0.00509203,1.0001183
circles,fixed_amplitude,2024,502,0.92251334,0.0865796,0.99814324
circles,fixed_amplitude,2024,503,0.91327019,0.0205237,1.00947639
circles,fixed_amplitude,2024,504,0.90974025,0.04747073,0.98570079
circles,fixed_amplitude,2024,505,0.90696746,0.05330397,0.98959131
circles,fixed_amplitude,2024,506,0.90510895,0.09128355,1.02994409
circles,fixed_amplitude,2024,507,0.91745246,0.0042583,0.99559147
circles,fixed_amplitude,2024,508,0.91804075,0.02804102,0.99019621
circles,fixed_amplitude,2024,509,0.93164989,0.0312479,1.00028906
circles,fixed_amplitude,2024,510,0.92394996,0.054261,1.00418742
circles,fixed_amplitude,2024,511,0.92466016,0.05748488,0.99448337
circles,fixed_amplitude,2024,512,0.92099604,0.04387568,1.01116744
circles,fixed_amplitude,2024,513,0.9050595,0.00241427,1.00186913
circles,fixed_amplitude,2024,514,0.89992141,0.04528575,0.99519325
circles,fixed_amplitude,2024,515,0.92198969,0.01732499,1.0161114
circles,fixed_amplitude,2024,516,0.90828837,0.0191608,0.99763189
circles,fixed_amplitude,2024,517,0.92076701,0.00239019,0.98723581
circles,fixed_amplitude,2024,518,0.92068179,0.08516016,0.99364557
circles,fixed_amplitude,2024,519,0.91478266,0.12521467,1.00067849
circles,fixed_amplitude,2024,520,0.90596952,0.04879849,1.01862702
circles,fixed_amplitude,2024,521,0.91478002,0.03657218,1.00082291
circles,fixed_amplitude,2024,522,0.92430895,0.07347624,0.97865174
circles,fixed_amplitude,2024,523,0.92742333,0.12540584,1.00712692
circles,fixed_amplitude,2024,524,0.90915199,0.00663678,1.00106715
circles,fixed_amplitude,2024,525,0.90380958,0.00071593,1.0264934
circles,fixed_amplitude,2024,526,0.92612473,0.07095852,1.02818491
circles,fixed_amplitude,2024,527,0.90781595,0.01554738,1.00803257
circles,fixed_amplitude,2024,528,0.9157724,0.00770056,1.01373961
circles,fixed_amplitude,2024,529,0.92227739,0.10022102,0.96869062
circles,fixed_amplitude,2024,530,0.90655195,0.02457791,0.98705297
circles,fixed_amplitude,2024,531,0.90721755,0.06427559,1.03423755
circles,fixed_amplitude,2024,532,0.9162058,0.04966494,0.98401542
circles,fixed_amplitude,2024,533,0.90639512,0.0484065,1.00093661
circles,fixed_amplitude,2024,534,0.91366734,0.02770538,1.01040327
circles,fixed_amplitude,2024,535,0.92606414,0.0423734,1.00016678
circles,fixed_amplitude,2024,536,0.91476121,0.00227439,1.00332308
circles,fixed_amplitude,2024,537,0.91057147,0.00558898,0.98791574
circles,fixed_amplitude,2024,538,0.921573,0.11486729,0.99503246
circles,fixed_amplitude,2024,539,0.9152799,0.05586546,1.02022863
circles,fixed_amplitude,2024,540,0.92095873,0.03231463,0.99453364
circles,fixed_amplitude,2024,541,0.91548806,0.08778495,1.02660998
circles,fixed_amplitude,2024,542,0.91623691,0.04990417,0.98950966
circles,fixed_amplitude,2024,543,0.9108067,0.02882848,0.97107174
circles,fixed_amplitude,2024,544,0.92413743,0.0373883,1.00394743
circles,fixed_amplitude,2024,545,0.915208,0.06522026,1.03967659
circles,fixed_amplitude,2024,546,0.91635927,0.07244388,0.98786634
circles,fixed_amplitude,2024,547,0.91471858,0.03144442,0.97911393
circles,fixed_amplitude,2024,548,0.91632243,0.08293418,0.99901118
circles,fixed_amplitude,2024,549,0.92426945,0.02651034,1.0138687
circles,fixed_amplitude,2024,550,0.90745513,0.01657413,1.01387336
circles,fixed_amplitude,2024,551,0.91596349,0.07568491,1.00743394
circles,fixed_amplitude,2024,552,0.91928568,0.00698601,0.98831248
circles,fixed_amplitude,2024,553,0.91953064,0.03045701,0.98490246
circles,fixed_amplitude,2024,554,0.9184813,0.01446319,0.98139505
circles,fixed_amplitude,2024,555,0.91921205,0.00854278,0.98501661
circles,fixed_amplitude,2024,556,0.92827828,0.03029204,1.00884344
circles,fixed_amplitude,2024,557,0.92553887,0.01726361,0.99885398
circles,fixed_amplitude,2024,558,0.91168208,0.00737497,0.98939684
circles,fixed_amplitude,2024,559,0.92514923,0.00114964,0.99713112
circles,fixed_amplitude,2024,560,0.92139267,0.06377771,0.98452004
circles,fixed_amplitude,2024,561,0.91642084,0.04195857,1.02964813
circles,fixed_amplitude,2024,562,0.9222982,0.10029118,0.98448863
circles,fixed_amplitude,2024,563,0.91146629,0.0276821,0.99672679
circles,fixed_amplitude,2024,564,0.90898035,0.0280296,1.0078648
circles,fixed_amplitude,2024,565,0.91195833,0.02711227,1.01556263
circles,fixed_amplitude,2024,566,0.91286936,0.01522941,1.00930188
circles,fixed_amplitude,2024,567,0.92226861,0.04439219,0.98562012
circles,fixed_amplitude,2024,568,0.91962492,0.03714594,1.00658447
circles,fixed_amplitude,2024,569,0.92146046,0.04286121,1.01956878
circles,fixed_amplitude,2024,570,0.92854096,0.02753537,0.97854053
circles,fixed_amplitude,2024,571,0.91225069,0.10915034,1.00363429
circles,fixed_amplitude,2024,572,0.90951758,0.04749568,1.00007962
circles,fixed_amplitude,2024,573,0.91379688,0.0058366,1.01712987
circles,fixed_amplitude,2024,574,0.92266123,0.08079244,1.00614606
circles,fixed_amplitude,2024,575,0.92066574,0.02160397,0.97095047
circles,fixed_amplitude,2024,576,0.92275685,0.11891024,0.98752419
circles,fixed_amplitude,2024,577,0.91031114,0.00895585,0.99673437
circles,fixed_amplitude,2024,578,0.9246414,0.06694144,0.98911123
circles,fixed_amplitude,2024,579,0.91168832,0.03589224,1.00224551
circles,fixed_amplitude,2024,580,0.90865744,0.03152589,0.97489111
circles,fixed_amplitude,2024,581,0.91350239,0.00206103,0.99192541
circles,fixed_amplitude,2024,582,0.9139032,0.02140902,1.02151137
circles,fixed_amplitude,2024,583,0.91820634,0.00526316,1.01389736
circles,fixed_amplitude,2024,584,0.90717829,0.01406064,0.99490655
circles,fixed_amplitude,2024,585,0.91429522,0.12166435,1.0199322
circles,fixed_amplitude,2024,586,0.91801047,0.02068473,0.99514719
circles,fixed_amplitude,2024,587,0.9063872,0.02092944,1.00631782
circles,fixed_amplitude,2024,588,0.90141698,0.01667676,0.98944664
circles,fixed_amplitude,2024,589,0.91594328,0.01306369,0.99414757
circles,fixed_amplitude,2024,590,0.91614481,0.04035073,0.98790428
circles,fixed_amplitude,2024,591,0.92284673,0.00615509,1.021338
circles,fixed_amplitude,2024,592,0.91606542,0.09166551,1.01648897
circles,fixed_amplitude,2024,593,0.92334162,0.02414264,0.98519675
circles,fixed_amplitude,2024,594,0.904343,0.00170372,1.01083472
circles,fixed_amplitude,2024,595,0.91841567,0.09633454,0.98162182
circles,fixed_amplitude,2024,596,0.92339854,0.00700882,1.00994083
circles,fixed_amplitude,2024,597,0.92110454,0.03565218,0.98863909
circles,fixed_amplitude,2024,598,0.92150945,0.05846541,0.98242266
circles,fixed_amplitude,2024,599,0.91826701,8.877e-05,0.9866493
circles,fixed_amplitude,2024,600,0.91836076,0.00544881,0.98551229
circles,fixed_amplitude,2024,601,0.92704257,0.03718641,1.01346043
circles,fixed_amplitude,2024,602,0.92200644,0.0324213,0.97757776
circles,fixed_amplitude,2024,603,0.91509655,0.05012881,0.99562971
circles,fixed_amplitude,2024,604,0.92090169,0.03115735,0.99585599
circles,fixed_amplitude,2024,605,0.91374419,0.01564461,1.03005346
circles,fixed_amplitude,2024,606,0.91213479,0.01025341,0.97999433
circles,fixed_amplitude,2024,607,0.91373678,0.00224895,0.96070588
circles,fixed_amplitude,2024,608,0.91165178,0.00071862,1.00495598
circles,fixed_amplitude,2024,609,0.91333136,0.10435704,0.98405072
circles,fixed_amplitude,2024,610,0.91831285,0.03201974,1.00904419
circles,fixed_amplitude,2024,611,0.91888088,0.03729898,1.00857172
circles,fixed_amplitude,2024,612,0.91168928,0.06182186,0.97690131
circles,fixed_amplitude,2024,613,0.91370022,0.06302349,0.97787552
circles,fixed_amplitude,2024,614,0.91463418,0.07720826,1.00769397
circles,fixed_amplitude,2024,615,0.91609457,0.0404737,1.04789499
circles,fixed_amplitude,2024,616,0.91732211,0.04141461,1.01111539
circles,fixed_amplitude,2024,617,0.92237,0.10469434,1.02145971
circles,fixed_amplitude,2024,618,0.91672708,0.045126,0.99822756
circles,fixed_amplitude,2024,619,0.9156511,0.00318927,0.99005912
circles,fixed_amplitude,2024,620,0.92063943,0.04043371,0.98871043
circles,fixed_amplitude,2024,621,0.91475892,0.04297809,1.0186785
circles,fixed_amplitude,2024,622,0.91914592,0.00619403,0.97951633
circles,fixed_amplitude,2024,623,0.91631326,0.00397615,0.98991713
circles,fixed_amplitude,2024,624,0.91075101,0.12708382,0.98644979
circles,fixed_amplitude,2024,625,0.90893081,0.0739088,0.98340601
circles,fixed_amplitude,2024,626,0.91479511,0.01064327,1.01369356
circles,fixed_amplitude,2024,627,0.92483166,0.07232751,0.99031869
circles,fixed_amplitude,2024,628,0.91752402,0.01496572,1.01909343
circles,fixed_amplitude,2024,629,0.91313222,0.00111525,0.98567709
circles,fixed_amplitude,2024,630,0.91802984,0.03885172,1.01589996
circles,fixed_amplitude,2024,631,0.91124733,0.14124997,1.00792206
circles,fixed_amplitude,2024,632,0.91416395,0.04477389,0.98611938
circles,fixed_amplitude,2024,633,0.91257109,0.10748999,1.02542358
circles,fixed_amplitude,2024,634,0.9162459,0.00458979,0.99793215
circles,fixed_amplitude,2024,635,0.92524835,0.02432823,0.99726299
circles,fixed_amplitude,2024,636,0.91256396,0.00211818,0.9900941
circles,fixed_amplitude,2024,637,0.92895244,0.02824984,1.00173365
circles,fixed_amplitude,2024,638,0.92214605,0.03786977,1.00977077
circles,fixed_amplitude,2024,639,0.91589307,0.04058493,1.00034668
circles,fixed_amplitude,2024,640,0.92177642,0.01250433,0.9999834
circles,fixed_amplitude,2024,641,0.91273152,0.04357822,1.01615684
circles,fixed_amplitude,2024,642,0.92126288,0.01243115,1.00897997
circles,fixed_amplitude,2024,643,0.91432236,0.06357297,0.99882671
circles,fixed_amplitude,2024,644,0.91834696,0.06146094,0.98779127
circles,fixed_amplitude,2024,645,0.92292648,0.00574422,1.02644791
circles,fixed_amplitude,2024,646,0.91822163,0.02187056,0.9976515
circles,fixed_amplitude,2024,647,0.90858034,0.03755649,1.00354656
circles,fixed_amplitude,2024,648,0.92013707,0.0179484,1.0276464
circles,fixed_amplitude,2024,649,0.91921903,0.04771966,1.0072828
circles,fixed_amplitude,2024,650,0.91989376,0.0069272,0.99819658
circles,fixed_amplitude,2024,651,0.91248143,0.00540739,1.00841323
circles,fixed_amplitude,2024,652,0.9151465,0.01466689,1.00586669
circles,fixed_amplitude,2024,653,0.92248675,0.04794258,0.99900644
circles,fixed_amplitude,2024,654,0.91193261,0.02884225,0.98875294
circles,fixed_amplitude,2024,655,0.91517728,0.00065186,1.01393812
circles,fixed_amplitude,2024,656,0.91017522,0.13047068,1.00283943
circles,fixed_amplitude,2024,657,0.92468094,0.09713565,1.00222131
circles,fixed_amplitude,2024,658,0.91486435,0.01747377,1.00725121
circles,fixed_amplitude,2024,659,0.91451718,0.01262915,0.9928605
circles,fixed_amplitude,2024,660,0.92317687,0.00307388,1.00813876
circles,fixed_amplitude,2024,661,0.92501584,0.02763338,0.96178615
circles,fixed_amplitude,2024,662,0.91486491,0.07382426,1.00335072
circles,fixed_amplitude,2024,663,0.92647547,0.01404103,1.00130441
circles,fixed_amplitude,2024,664,0.9162954,0.0588007,1.02129844
circles,fixed_amplitude,2024,665,0.91770359,0.01374886,0.99670384
circles,fixed_amplitude,2024,666,0.91026607,0.0137854,1.00827179
circles,fixed_amplitude,2024,667,0.90925893,0.02639808,0.99219153
circles,fixed_amplitude,2024,668,0.93283862,0.04132814,0.99492022
circles,fixed_amplitude,2024,669,0.91095028,0.01164273,1.00940228
circles,fixed_amplitude,2024,670,0.91514855,0.09392177,1.00108366
circles,fixed_amplitude,2024,671,0.90843325,0.08196721,0.9643305
circles,fixed_amplitude,2024,672,0.91875994,0.06210444,1.00049507
circles,fixed_amplitude,2024,673,0.91356485,0.06485364,1.02190664
circles,fixed_amplitude,2024,674,0.90764316,0.07219697,0.98685335
circles,fixed_amplitude,2024,675,0.91561734,0.0156661,1.0172572
circles,fixed_amplitude,2024,676,0.92548821,0.0237563,1.00292348
circles,fixed_amplitude,2024,677,0.91987678,0.05045187,1.02201158
circles,fixed_amplitude,2024,678,0.91509378,0.06130862,1.01279502
circles,fixed_amplitude,2024,679,0.92211692,0.04199454,0.99823499
circles,fixed_amplitude,2024,680,0.9116992,0.00275725,0.98015812
circles,fixed_amplitude,2024,681,0.92380438,0.05660779,1.00727298
circles,fixed_amplitude,2024,682,0.91230643,0.00277107,1.00078105
circles,fixed_amplitude,2024,683,0.91730006,0.1331354,1.01713941
circles,fixed_amplitude,2024,684,0.91424233,0.0145414,1.04192949
circles,fixed_amplitude,2024,685,0.91360964,0.05013137,0.99714932
circles,fixed_amplitude,2024,686,0.90808606,0.02387521,0.98305663
circles,fixed_amplitude,2024,687,0.92622129,0.00815046,1.013871
circles,fixed_amplitude,2024,688,0.92039441,0.01439554,1.00068566
circles,fixed_amplitude,2024,689,0.91727426,0.01918333,1.01301234
circles,fixed_amplitude,2024,690,0.91159909,0.07289326,1.02315726
circles,fixed_amplitude,2024,691,0.91901246,0.0246629,1.00614117
circles,fixed_amplitude,2024,692,0.9135804,0.03066644,1.00939372
circles,fixed_amplitude,2024,693,0.91689206,0.1043032,0.99679823
circles,fixed_amplitude,2024,694,0.91159553,0.02577353,0.98974513
circles,fixed_amplitude,2024,695,0.913245,0.02661319,1.01733435
circles,fixed_amplitude,2024,696,0.92638138,0.02524905,0.98934053
circles,fixed_amplitude,2024,697,0.91440708,0.00608284,0.99916658
circles,fixed_amplitude,2024,698,0.92128437,0.08040412,1.01253237
circles,fixed_amplitude,2024,699,0.91140766,0.05500147,0.99435668
circles,fixed_amplitude,2024,700,0.90134415,0.01178992,1.00548083
circles,fixed_amplitude,2024,701,0.92000414,0.11298526,0.98116057
circles,fixed_amplitude,2024,702,0.91808357,0.0420367,0.98316315
circles,fixed_amplitude,2024,703,0.92017489,0.15928074,0.99453831
circles,fixed_amplitude,2024,704,0.91765505,0.03379474,0.99738421
circles,fixed_amplitude,2024,705,0.92511896,0.01429327,0.9829527
circles,fixed_amplitude,2024,706,0.91138388,0.03828016,1.03039054
circles,fixed_amplitude,2024,707,0.91997631,0.00195555,0.98463102
circles,fixed_amplitude,2024,708,0.91299745,0.0225867,0.97971164
circles,fixed_amplitude,2024,709,0.92790509,0.10248851,0.98798997
circles,fixed_amplitude,2024,710,0.91698531,0.03178251,0.99602366
circles,fixed_amplitude,2024,711,0.91579615,0.03390409,0.98949511
circles,fixed_amplitude,2024,712,0.91455747,0.08438997,1.00851906
circles,fixed_amplitude,2024,713,0.9149931,0.00400587,0.99425608
circles,fixed_amplitude,2024,714,0.91627969,0.03178249,1.01687035
circles,fixed_amplitude,2024,715,0.91436644,0.07075494,0.97791504
circles,fixed_amplitude,2024,716,0.92774809,0.00545328,0.98042944
circles,fixed_amplitude,2024,717,0.9139675,0.0016887,0.97878352
circles,fixed_amplitude,2024,718,0.90938236,0.00372451,1.01735381
circles,fixed_amplitude,2024,719,0.92507631,0.04465477,0.99193246
circles,fixed_amplitude,2024,720,0.91731365,0.03976799,0.99660818
circles,fixed_amplitude,2024,721,0.92160266,0.0110956,1.01501012
circles,fixed_amplitude,2024,722,0.92303576,0.02616125,1.01556859
circles,fixed_amplitude,2024,723,0.92260278,0.06954304,0.99361992
circles,fixed_amplitude,2024,724,0.92348604,0.0309771,0.99768982
circles,fixed_amplitude,2024,725,0.90972778,0.01732384,1.02261821
circles,fixed_amplitude,2024,726,0.91212942,0.00831192,0.99684514
circles,fixed_amplitude,2024,727,0.91689205,0.01275632,1.00003466
circles,fixed_amplitude,2024,728,0.91565237,0.02767843,1.0178157
circles,fixed_amplitude,2024,729,0.92068323,0.00634768,1.02042533
circles,fixed_amplitude,2024,730,0.9089366,0.02081699,1.01603188
circles,fixed_amplitude,2024,731,0.92343858,0.04142132,1.00220584
circles,fixed_amplitude,2024,732,0.92195544,0.08864226,1.00019053
circles,fixed_amplitude,2024,733,0.92152401,0.01738489,0.9948225
circles,fixed_amplitude,2024,734,0.91741057,0.04713359,1.00439634
circles,fixed_amplitude,2024,735,0.91010863,0.02926396,1.00585817
circles,fixed_amplitude,2024,736,0.90529964,0.03124889,0.99175173
circles,fixed_amplitude,2024,737,0.91061089,0.00412709,1.00188322
circles,fixed_amplitude,2024,738,0.90702748,0.06448718,1.01459883
circles,fixed_amplitude,2024,739,0.91036908,0.03496837,1.02005395
circles,fixed_amplitude,2024,740,0.91094672,0.1025697,1.00461918
circles,fixed_amplitude,2024,741,0.91415517,0.02328203,1.01154217
circles,fixed_amplitude,2024,742,0.91951241,0.02763066,0.97639651
circles,fixed_amplitude,2024,743,0.91813794,0.03004261,0.98267075
circles,fixed_amplitude,2024,744,0.90963367,0.03399036,1.0146189
circles,fixed_amplitude,2024,745,0.91513186,0.06614577,1.01837726
circles,fixed_amplitude,2024,746,0.92132767,0.02479822,1.00303724
circles,fixed_amplitude,2024,747,0.92464817,0.06022294,0.98613975
circles,fixed_amplitude,2024,748,0.91941967,0.01374099,1.01638052
circles,fixed_amplitude,2024,749,0.91205619,0.00607342,0.9874174
circles,fixed_amplitude,2024,750,0.91793129,0.02007476,1.00119329
circles,fixed_amplitude,2024,751,0.91287449,0.05555707,0.97481706
circles,fixed_amplitude,2024,752,0.91605194,0.00394112,1.00697087
circles,fixed_amplitude,2024,753,0.91561198,0.00419577,1.02044705
circles,fixed_amplitude,2024,754,0.92618171,0.03549665,0.9874992
circles,fixed_amplitude,2024,755,0.91911223,0.03247717,1.00437759
circles,fixed_amplitude,2024,756,0.91287758,0.0146812,0.99430299
circles,fixed_amplitude,2024,757,0.91292973,0.09938885,1.02150064
circles,fixed_amplitude,2024,758,0.91164651,0.01765148,0.99657235
circles,fixed_amplitude,2024,759,0.91132093,0.03350056,0.98383423
circles,fixed_amplitude,2024,760,0.91484273,0.05740349,1.00708933
circles,fixed_amplitude,2024,761,0.91081038,0.00157977,0.9933748
circles,fixed_amplitude,2024,762,0.91513205,0.00282232,0.9895868
circles,fixed_amplitude,2024,763,0.93192264,0.02360583,1.00270691
circles,fixed_amplitude,2024,764,0.90870826,0.06679021,1.00877582
circles,fixed_amplitude,2024,765,0.91351566,0.01397574,1.00561365
circles,fixed_amplitude,2024,766,0.92388422,0.01196024,1.02532452
circles,fixed_amplitude,2024,767,0.92972754,0.08092223,0.97660333
circles,fixed_amplitude,2024,768,0.92185366,0.02630074,0.97781023
circles,fixed_amplitude,2024,769,0.92001567,0.04867881,0.99740627
circles,fixed_amplitude,2024,770,0.9184772,0.02988509,0.99480467
circles,fixed_amplitude,2024,771,0.91230228,0.04533204,0.98465941
circles,fixed_amplitude,2024,772,0.92293464,0.04812596,0.98855762
circles,fixed_amplitude,2024,773,0.9170614,0.16972527,0.98613789
circles,fixed_amplitude,2024,774,0.91811148,0.14980381,0.96872335
circles,fixed_amplitude,2024,775,0.91511493,0.03238006,0.98882959
circles,fixed_amplitude,2024,776,0.91879789,0.07592787,0.96839845
circles,fixed_amplitude,2024,777,0.92696385,0.01547989,1.01653844
circles,fixed_amplitude,2024,778,0.9170955,0.03006161,0.99106402
circles,fixed_amplitude,2024,779,0.9163872,0.01632784,1.01569185
circles,fixed_amplitude,2024,780,0.91630516,0.01936302,0.99226957
circles,fixed_amplitude,2024,781,0.91531331,0.07770907,1.00969458
circles,fixed_amplitude,2024,782,0.92002706,0.04354116,1.0209021
circles,fixed_amplitude,2024,783,0.91360451,0.00795605,0.98472515
circles,fixed_amplitude,2024,784,0.92224536,0.01699972,0.9913111
circles,fixed_amplitude,2024,785,0.9148864,0.0399656,1.0078233
circles,fixed_amplitude,2024,786,0.92030382,0.05924354,1.02291819
circles,fixed_amplitude,2024,787,0.91676356,0.1050867,0.98614919
circles,fixed_amplitude,2024,788,0.92381684,0.0861633,0.96982591
circles,fixed_amplitude,2024,789,0.90468934,0.00248192,1.0207485
circles,fixed_amplitude,2024,790,0.91299579,0.08258162,0.99633101
circles,fixed_amplitude,2024,791,0.92177762,0.02677926,1.01181911
circles,fixed_amplitude,2024,792,0.89883398,0.04307401,0.98994487
circles,fixed_amplitude,2024,793,0.91667264,0.04475604,1.00917469
circles,fixed_amplitude,2024,794,0.91956234,0.01621413,1.00218703
circles,fixed_amplitude,2024,795,0.92008557,0.000273,1.00461909
circles,fixed_amplitude,2024,796,0.91789801,0.02397779,0.98096486
circles,fixed_amplitude,2024,797,0.90511668,0.05149155,0.99384233
circles,fixed_amplitude,2024,798,0.92490228,0.04031683,1.01048896
circles,fixed_amplitude,2024,799,0.92647466,0.03362753,0.97694327
circles,fixed_amplitude,2024,800,0.91379137,0.04973777,0.98459859
circles,fixed_amplitude,2024,801,0.92416919,0.05620955,1.00691681
circles,fixed_amplitude,2024,802,0.90996964,0.04937277,0.97895651
circles,fixed_amplitude,2024,803,0.90927981,0.0313817,1.02610862
circles,fixed_amplitude,2024,804,0.91911871,0.02626002,0.99847989
circles,fixed_amplitude,2024,805,0.91816739,0.11218311,0.99636722
circles,fixed_amplitude,2024,806,0.90373936,0.0061666,1.02248708
circles,fixed_amplitude,2024,807,0.91679654,0.00522359,1.00302395
circles,fixed_amplitude,2024,808,0.91869872,0.03735576,1.01673339
circles,fixed_amplitude,2024,809,0.91568602,0.07620432,1.02175931
circles,fixed_amplitude,2024,810,0.91974121,0.03635385,1.02803348
circles,fixed_amplitude,2024,811,0.9175171,0.04882326,0.99495424
circles,fixed_amplitude,2024,812,0.91783156,0.01005638,1.01706552
circles,fixed_amplitude,2024,813,0.91805556,0.08986179,0.97936549
circles,fixed_amplitude,2024,814,0.9163315,0.00891304,0.98086851
circles,fixed_amplitude,2024,815,0.92049181,0.07174676,0.99310263
circles,fixed_amplitude,2024,816,0.91506827,0.06631888,1.00777474
circles,fixed_amplitude,2024,817,0.93101211,0.03760124,1.01044926
circles,fixed_amplitude,2024,818,0.91745184,0.04775307,1.00230686
circles,fixed_amplitude,2024,819,0.91936518,0.04151994,0.98295631
circles,fixed_amplitude,2024,820,0.90822355,0.03031411,1.00130151
circles,fixed_amplitude,2024,821,0.91210971,0.06014315,1.01405775
circles,fixed_amplitude,2024,822,0.91438831,0.0258925,1.01511536
circles,fixed_amplitude,2024,823,0.91152483,0.01078468,0.99765047
circles,fixed_amplitude,2024,824,0.91830197,0.02705042,1.0199289
circles,fixed_amplitude,2024,825,0.91001963,0.05593519,0.98682695
circles,fixed_amplitude,2024,826,0.91659101,0.04158628,1.00437411
circles,fixed_amplitude,2024,827,0.91674715,0.10152559,1.0072464
circles,fixed_amplitude,2024,828,0.91988357,0.00891539,1.0078153
circles,fixed_amplitude,2024,829,0.92086652,0.02198764,0.99152343
circles,fixed_amplitude,2024,830,0.9126978,0.06154487,1.017494
circles,fixed_amplitude,2024,831,0.9121507,0.00973577,1.01330417
circles,fixed_amplitude,2024,832,0.9200191,0.03050839,0.99355146
circles,fixed_amplitude,2024,833,0.90729464,0.03112011,0.99963629
circles,fixed_amplitude,2024,834,0.91655545,0.06222609,0.99072386
circles,fixed_amplitude,2024,835,0.91008162,0.04488042,0.99148741
circles,fixed_amplitude,2024,836,0.92550492,0.00362631,1.00206636
circles,fixed_amplitude,2024,837,0.92263724,0.02315545,0.97920984
circles,fixed_amplitude,2024,838,0.91147806,0.01581826,1.02022718
circles,fixed_amplitude,2024,839,0.91947517,0.05339905,1.02007661
circles,fixed_amplitude,2024,840,0.92217929,0.0415439,0.97459031
circles,fixed_amplitude,2024,841,0.91593542,0.05742974,1.01226514
circles,fixed_amplitude,2024,842,0.92830723,0.06758818,1.01947508
circles,fixed_amplitude,2024,843,0.92280847,0.03456961,0.98663205
circles,fixed_amplitude,2024,844,0.92541328,0.0553007,1.01460824
circles,fixed_amplitude,2024,845,0.91487517,0.0155572,1.00848232
circles,fixed_amplitude,2024,846,0.91400086,0.01399889,0.99625929
circles,fixed_amplitude,2024,847,0.91220794,0.04337963,0.99101405
circles,fixed_amplitude,2024,848,0.92083023,0.00834712,1.00670505
circles,fixed_amplitude,2024,849,0.92975029,0.0850962,0.99432426
circles,fixed_amplitude,2024,850,0.90943856,0.07019257,0.99470006
circles,fixed_amplitude,2024,851,0.91076345,0.02845263,0.98471506
circles,fixed_amplitude,2024,852,0.91819907,0.008861,0.99001984
circles,fixed_amplitude,2024,853,0.91214562,0.03067595,1.00026878
circles,fixed_amplitude,2024,854,0.91300181,0.09304235,0.98557186
circles,fixed_amplitude,2024,855,0.9084899,0.01139407,1.01240718
circles,fixed_amplitude,2024,856,0.92019516,0.00945866,0.99271036
circles,fixed_amplitude,2024,857,0.91567443,0.0888278,1.00112579
circles,fixed_amplitude,2024,858,0.9169889,0.09224709,0.99095912
circles,fixed_amplitude,2024,859,0.91651924,0.01633289,0.99782071
circles,fixed_amplitude,2024,860,0.9192213,0.08800731,1.0011345
circles,fixed_amplitude,2024,861,0.91660883,0.06745585,0.99689111
circles,fixed_amplitude,2024,862,0.9205716,0.08586714,1.02127567
circles,fixed_amplitude,2024,863,0.91449019,0.00473909,1.00952598
circles,fixed_amplitude,2024,864,0.9161426,0.00743098,1.02679319
circles,fixed_amplitude,2024,865,0.91643327,0.02013208,0.99261031
circles,fixed_amplitude,2024,866,0.91951303,0.02603913,0.99032129
circles,fixed_amplitude,2024,867,0.91245791,0.01267327,0.96845177
circles,fixed_amplitude,2024,868,0.91048785,0.00993431,1.0234139
circles,fixed_amplitude,2024,869,0.91897718,0.01097666,1.01388727
circles,fixed_amplitude,2024,870,0.92183236,0.06638341,0.99697292
circles,fixed_amplitude,2024,871,0.91801351,0.04886931,0.98684671
circles,fixed_amplitude,2024,872,0.91095781,0.05023967,1.02102879
circles,fixed_amplitude,2024,873,0.93095722,0.06161226,1.01243224
circles,fixed_amplitude,2024,874,0.91731143,0.0579103,1.01334632
circles,fixed_amplitude,2024,875,0.92518041,0.01366295,1.00281099
circles,fixed_amplitude,2024,876,0.92217597,0.03317777,1.00622219
circles,fixed_amplitude,2024,877,0.91191557,0.12490275,0.98028505
circles,fixed_amplitude,2024,878,0.91747385,0.04370864,1.00767908
circles,fixed_amplitude,2024,879,0.91175547,0.03378318,0.98488636
circles,fixed_amplitude,2024,880,0.91843179,0.05157738,0.98485267
circles,fixed_amplitude,2024,881,0.91634569,0.03810846,1.00020119
circles,fixed_amplitude,2024,882,0.92099028,0.00744568,0.98118166
circles,fixed_amplitude,2024,883,0.92704565,0.01464471,0.98886922
circles,fixed_amplitude,2024,884,0.9181254,0.06339313,0.9735033
circles,fixed_amplitude,2024,885,0.91206368,0.06016783,1.00310995
circles,fixed_amplitude,2024,886,0.9103724,0.06789715,0.99543762
circles,fixed_amplitude,2024,887,0.90566733,0.02215794,1.00347443
circles,fixed_amplitude,2024,888,0.9137929,0.02531767,1.01010284
circles,fixed_amplitude,2024,889,0.91564264,0.06434648,0.96725688
circles,fixed_amplitude,2024,890,0.92488927,0.04857866,0.99382912
circles,fixed_amplitude,2024,891,0.92623538,0.06479302,1.01576956
circles,fixed_amplitude,2024,892,0.90608789,0.07996814,1.00081069
circles,fixed_amplitude,2024,893,0.91458316,0.00626643,1.00319199
circles,fixed_amplitude,2024,894,0.91989014,0.01837466,0.98572655
circles,fixed_amplitude,2024,895,0.91662972,0.06684614,0.97468019
circles,fixed_amplitude,2024,896,0.91928166,0.11298969,1.00858364
circles,fixed_amplitude,2024,897,0.92182493,0.05035146,0.98881678
circles,fixed_amplitude,2024,898,0.92224156,0.02953345,1.00859956
circles,fixed_amplitude,2024,899,0.91751489,0.00156686,0.99506364
circles,fixed_amplitude,2024,900,0.93646606,0.00877437,0.99250383
circles,fixed_amplitude,2024,901,0.91951008,0.03838962,1.00462981
circles,fixed_amplitude,2024,902,0.91640245,0.01329905,0.97439047
circles,fixed_amplitude,2024,903,0.92131559,0.01687593,1.03019118
circles,fixed_amplitude,2024,904,0.92215467,0.04418377,0.98627712
circles,fixed_amplitude,2024,905,0.91364929,0.04396339,1.03378492
circles,fixed_amplitude,2024,906,0.91404425,0.02439519,1.00188004
circles,fixed_amplitude,2024,907,0.92486026,0.01931196,0.99775498
circles,fixed_amplitude,2024,908,0.90500413,0.07615238,0.99669634
circles,fixed_amplitude,2024,909,0.91980487,0.02891867,0.98524817
circles,fixed_amplitude,2024,910,0.91984373,0.00106818,1.00699097
circles,fixed_amplitude,2024,911,0.92804352,0.06692137,1.01815418
circles,fixed_amplitude,2024,912,0.91001677,0.10640543,1.0212195
circles,fixed_amplitude,2024,913,0.90535692,0.0824959,0.99389029
circles,fixed_amplitude,2024,914,0.91666729,0.0022458,0.99142222
circles,fixed_amplitude,2024,915,0.91920254,0.05296147,1.00672752
circles,fixed_amplitude,2024,916,0.90790243,0.09989706,1.03430994
circles,fixed_amplitude,2024,917,0.9105386,0.02771888,1.01821416
circles,fixed_amplitude,2024,918,0.91554555,0.1484515,0.99867903
circles,fixed_amplitude,2024,919,0.92680505,0.03605144,0.99371063
circles,fixed_amplitude,2024,920,0.91823502,0.05964112,1.01653221
circles,fixed_amplitude,2024,921,0.91011704,0.04632641,0.98050688
circles,fixed_amplitude,2024,922,0.91904734,0.02902926,0.98938245
circles,fixed_amplitude,2024,923,0.91885005,0.00942613,1.01388951
circles,fixed_amplitude,2024,924,0.91997953,0.04506116,0.9835972
circles,fixed_amplitude,2024,925,0.91439077,0.02110297,1.01011476
circles,fixed_amplitude,2024,926,0.91957415,0.04327072,0.9878014
circles,fixed_amplitude,2024,927,0.91255422,0.01482757,1.01158019
circles,fixed_amplitude,2024,928,0.91710012,0.09680649,0.98217265
circles,fixed_amplitude,2024,929,0.91338489,0.01866041,0.99690898
circles,fixed_amplitude,2024,930,0.92128185,0.05350604,1.0044902
circles,fixed_amplitude,2024,931,0.92556044,0.00484262,1.00710834
circles,fixed_amplitude,2024,932,0.91549199,0.05758528,0.97647467
circles,fixed_amplitude,2024,933,0.9194942,0.02055766,0.98580994
circles,fixed_amplitude,2024,934,0.91305013,0.0560762,0.99758955
circles,fixed_amplitude,2024,935,0.91837972,0.00665015,1.00120272
circles,fixed_amplitude,2024,936,0.91726267,0.04622427,0.98147417
circles,fixed_amplitude,2024,937,0.92515941,0.01745741,0.97089702
circles,fixed_amplitude,2024,938,0.91790726,0.08340211,1.00246468
circles,fixed_amplitude,2024,939,0.92788716,0.00880181,1.00703593
circles,fixed_amplitude,2024,940,0.90582496,0.0217722,1.01758509
circles,fixed_amplitude,2024,941,0.91471856,0.00085604,0.99812069
circles,fixed_amplitude,2024,942,0.93540474,0.0134321,0.96753059
circles,fixed_amplitude,2024,943,0.90932562,0.06338585,1.01955909
circles,fixed_amplitude,2024,944,0.92041738,0.02808436,0.98352434
circles,fixed_amplitude,2024,945,0.92296837,0.04081263,1.00097727
circles,fixed_amplitude,2024,946,0.92121165,0.02631819,0.99612429
circles,fixed_amplitude,2024,947,0.91064385,0.02063256,1.02238951
circles,fixed_amplitude,2024,948,0.90824254,0.00846604,0.98142759
circles,fixed_amplitude,2024,949,0.91803512,0.00045113,1.00194762
circles,fixed_amplitude,2024,950,0.91515726,0.03168542,0.98826908
circles,fixed_amplitude,2024,951,0.91721842,0.00730597,0.9927474
circles,fixed_amplitude,2024,952,0.91335002,0.00238762,0.97919301
circles,fixed_amplitude,2024,953,0.91120688,0.09187866,1.00147181
circles,fixed_amplitude,2024,954,0.92368417,0.02463541,1.01440394
circles,fixed_amplitude,2024,955,0.91800445,0.02736897,0.99976945
circles,fixed_amplitude,2024,956,0.91248262,0.00737123,0.97022398
circles,fixed_amplitude,2024,957,0.91680955,0.02278269,0.99991156
circles,fixed_amplitude,2024,958,0.92917711,0.01822454,0.99908426
circles,fixed_amplitude,2024,959,0.91202938,0.04711252,1.01539201
circles,fixed_amplitude,2024,960,0.91943205,0.05914433,1.01188013
circles,fixed_amplitude,2024,961,0.92227873,0.07867169,0.98959325
circles,fixed_amplitude,2024,962,0.92225299,0.01200659,1.0142373
circles,fixed_amplitude,2024,963,0.92647003,0.04108986,0.98648039
circles,fixed_amplitude,2024,964,0.91106634,0.04783084,0.99798903
circles,fixed_amplitude,2024,965,0.91574322,0.06610217,1.01266273
circles,fixed_amplitude,2024,966,0.92414626,0.03667834,1.01367031
circles,fixed_amplitude,2024,967,0.91483013,0.03495822,1.01559405
circles,fixed_amplitude,2024,968,0.91814693,0.08635708,1.0026784
circles,fixed_amplitude,2024,969,0.91141592,0.01171268,1.00124815
circles,fixed_amplitude,2024,970,0.9157604,0.01067259,0.99367366
circles,fixed_amplitude,2024,971,0.91244463,0.0159985,0.98722166
circles,fixed_amplitude,2024,972,0.92325089,0.00269907,0.98199318
circles,fixed_amplitude,2024,973,0.91806782,0.04947826,1.01713733
circles,fixed_amplitude,2024,974,0.91501133,0.01478649,1.02519537
circles,fixed_amplitude,2024,975,0.92302699,0.08832754,0.97521506
circles,fixed_amplitude,2024,976,0.91764597,0.00141548,0.99911216
circles,fixed_amplitude,2024,977,0.91524348,0.06175608,1.02189245
circles,fixed_amplitude,2024,978,0.91247895,0.06742367,1.01028684
circles,fixed_amplitude,2024,979,0.91219206,0.03448551,1.00968923
circles,fixed_amplitude,2024,980,0.92008145,0.09436816,1.01294045
circles,fixed_amplitude,2024,981,0.92508674,0.01080105,0.99346461
circles,fixed_amplitude,2024,982,0.90891207,0.02750844,0.98113013
circles,fixed_amplitude,2024,983,0.91820887,0.00106671,1.00861346
circles,fixed_amplitude,2024,984,0.92604077,0.01147401,0.99117886
circles,fixed_amplitude,2024,985,0.91854916,0.03592927,0.99369555
circles,fixed_amplitude,2024,986,0.92153072,0.03570121,1.00081823
circles,fixed_amplitude,2024,987,0.90151469,0.05944385,1.00382717
circles,fixed_amplitude,2024,988,0.92230579,0.04534454,1.01359338
circles,fixed_amplitude,2024,989,0.91338999,0.09099668,0.99797959
circles,fixed_amplitude,2024,990,0.92004322,0.02072082,1.00455504
circles,fixed_amplitude,2024,991,0.91319784,0.00695736,1.00137924
circles,fixed_amplitude,2024,992,0.91182767,0.03773093,1.01533832
circles,fixed_amplitude,2024,993,0.91878066,0.06035689,1.00909113
circles,fixed_amplitude,2024,994,0.9098624,0.0621454,0.96505299
circles,fixed_amplitude,2024,995,0.91168218,0.06519458,0.99629914
circles,fixed_amplitude,2024,996,0.90954452,0.04966908,1.01815114
circles,fixed_amplitude,2024,997,0.90937769,0.02273505,1.01204013
circles,fixed_amplitude,2024,998,0.92207435,0.00136004,0.98038425
circles,fixed_amplitude,2024,999,0.9220557,0.08619702,1.00265913
circles,fixed_amplitude,4096,0,0.91463841,0.02243596,1.00290583
circles,fixed_amplitude,4096,1,0.91094944,0.06753117,0.98468717
circles,fixed_amplitude,4096,2,0.91762284,0.01867451,0.99231323
circles,fixed_amplitude,4096,3,0.91999596,0.10497605,1.02142316
circles,fixed_amplitude,4096,4,0.92528718,0.05052186,0.99705854
circles,fixed_amplitude,4096,5,0.92469237,0.03326981,1.01468563
circles,fixed_amplitude,4096,6,0.91666258,0.01129885,0.98809642
circles,fixed_amplitude,4096,7,0.93308317,0.06952431,1.01166014
circles,fixed_amplitude,4096,8,0.92276207,0.04297147,1.00858474
circles,fixed_amplitude,4096,9,0.92006451,0.08100733,1.02434542
circles,fixed_amplitude,4096,10,0.91184445,0.05146474,1.00004811
circles,fixed_amplitude,4096,11,0.91742405,0.06903132,1.01886145
circles,fixed_amplitude,4096,12,0.91030717,0.02952605,0.9902982
circles,fixed_amplitude,4096,13,0.91071324,0.07523807,0.9682082
circles,fixed_amplitude,4096,14,0.92052286,0.03552203,0.97974622
circles,fixed_amplitude,4096,15,0.91032019,0.00098038,1.02896002
circles,fixed_amplitude,4096,16,0.91275874,0.00357248,1.02081521
circles,fixed_amplitude,4096,17,0.90403075,0.09894671,1.0041972
circles,fixed_amplitude,4096,18,0.91579478,0.01638976,1.00152019
circles,fixed_amplitude,4096,19,0.90437016,0.06130525,1.01898171
circles,fixed_amplitude,4096,20,0.91899869,0.02600521,0.99553146
circles,fixed_amplitude,4096,21,0.92015415,0.04610231,1.01924151
circles,fixed_amplitude,4096,22,0.92018015,0.01688859,0.99530844
circles,fixed_amplitude,4096,23,0.92109139,0.02163806,0.98457785
circles,fixed_amplitude,4096,24,0.90969087,0.01079103,1.03458327
circles,fixed_amplitude,4096,25,0.91915344,0.04329973,0.99618162
circles,fixed_amplitude,4096,26,0.92398409,0.00349282,0.98760307
circles,fixed_amplitude,4096,27,0.91333564,0.05718465,0.99518272
circles,fixed_amplitude,4096,28,0.90511641,0.04047398,0.99049714
circles,fixed_amplitude,4096,29,0.91360135,0.03577424,1.01723795
circles,fixed_amplitude,4096,30,0.91531548,0.04640661,1.00280505
circles,fixed_amplitude,4096,31,0.92439445,0.01557497,1.00886932
circles,fixed_amplitude,4096,32,0.91173386,0.00961457,1.00944384
circles,fixed_amplitude,4096,33,0.9161212,0.00474745,0.97214345
circles,fixed_amplitude,4096,34,0.914225,0.05519464,0.98291658
circles,fixed_amplitude,4096,35,0.91218352,0.05188018,0.98345715
circles,fixed_amplitude,4096,36,0.92606462,0.08288175,0.99936837
circles,fixed_amplitude,4096,37,0.91304524,0.00324658,1.0047612
circles,fixed_amplitude,4096,38,0.92385688,0.04097258,0.99686727
circles,fixed_amplitude,4096,39,0.91649281,0.01551259,1.01448534
circles,fixed_amplitude,4096,40,0.92415732,0.04686487,1.00105938
circles,fixed_amplitude,4096,41,0.90740514,0.05553369,0.98973944
circles,fixed_amplitude,4096,42,0.91530028,0.00696821,1.019943
circles,fixed_amplitude,4096,43,0.91766469,0.01661132,1.00502561
circles,fixed_amplitude,4096,44,0.92896973,0.0308953,0.99542148
circles,fixed_amplitude,4096,45,0.91820728,0.00210143,1.01418106
circles,fixed_amplitude,4096,46,0.92424473,0.01038997,0.99376727
circles,fixed_amplitude,4096,47,0.91831981,0.04330984,1.00093679
circles,fixed_amplitude,4096,48,0.91330485,0.07269046,0.98886596
circles,fixed_amplitude,4096,49,0.92531415,0.05159908,0.97516229
circles,fixed_amplitude,4096,50,0.91445998,0.08258007,1.00015769
circles,fixed_amplitude,4096,51,0.92253089,0.00444558,0.98370716
circles,fixed_amplitude,4096,52,0.91808944,0.01388644,0.99734883
circles,fixed_amplitude,4096,53,0.9224844,0.05247584,1.00572121
circles,fixed_amplitude,4096,54,0.91036578,0.01590884,0.98969029
circles,fixed_amplitude,4096,55,0.92223937,0.00164685,0.98760608
circles,fixed_amplitude,4096,56,0.91380037,0.10739966,0.98315421
circles,fixed_amplitude,4096,57,0.92249606,0.02633799,0.97914151
circles,fixed_amplitude,4096,58,0.92352427,0.00237625,0.99199295
circles,fixed_amplitude,4096,59,0.91855109,0.02774826,1.00047875
circles,fixed_amplitude,4096,60,0.9237724,0.04479469,0.99436187
circles,fixed_amplitude,4096,61,0.91547499,0.00209374,1.01577961
circles,fixed_amplitude,4096,62,0.90699296,0.08529739,0.99952253
circles,fixed_amplitude,4096,63,0.91799136,0.05893563,1.0283748
circles,fixed_amplitude,4096,64,0.90907865,0.06614915,1.01940384
circles,fixed_amplitude,4096,65,0.91173029,0.00454398,1.0262219
circles,fixed_amplitude,4096,66,0.91991865,0.05547279,1.00789411
circles,fixed_amplitude,4096,67,0.91664743,0.09372466,0.99459585
circles,fixed_amplitude,4096,68,0.91318081,0.04141432,0.99845953
circles,fixed_amplitude,4096,69,0.91020816,0.05781218,1.0101311
circles,fixed_amplitude,4096,70,0.92894675,0.02359552,1.00151445
circles,fixed_amplitude,4096,71,0.91504719,0.01670787,1.0067751
circles,fixed_amplitude,4096,72,0.91776666,0.00260996,0.99853494
circles,fixed_amplitude,4096,73,0.92059759,0.10514203,1.00890705
circles,fixed_amplitude,4096,74,0.90971848,0.00145829,1.00816695
circles,fixed_amplitude,4096,75,0.92009624,0.06713441,0.98486272
circles,fixed_amplitude,4096,76,0.90890465,0.02564581,0.99525272
circles,fixed_amplitude,4096,77,0.90810747,0.07634318,1.02533519
circles,fixed_amplitude,4096,78,0.91880597,0.0095689,1.00701377
circles,fixed_amplitude,4096,79,0.91351026,0.02601399,1.01452003
circles,fixed_amplitude,4096,80,0.92323416,0.09710599,0.99639267
circles,fixed_amplitude,4096,81,0.91014812,0.06351772,1.0134309
circles,fixed_amplitude,4096,82,0.91749877,0.0299687,1.01158255
circles,fixed_amplitude,4096,83,0.92189309,0.03312948,1.00340185
circles,fixed_amplitude,4096,84,0.91715916,0.07592227,0.99700139
circles,fixed_amplitude,4096,85,0.91927176,0.02696571,0.99366875
circles,fixed_amplitude,4096,86,0.91244175,0.02539754,0.98102326
circles,fixed_amplitude,4096,87,0.92223993,0.00434713,0.99672117
circles,fixed_amplitude,4096,88,0.92208683,0.04924931,1.03107894
circles,fixed_amplitude,4096,89,0.91980992,0.00371695,1.00299952
circles,fixed_amplitude,4096,90,0.93096709,0.01126646,1.00091657
circles,fixed_amplitude,4096,91,0.91210517,0.01984897,1.00149651
circles,fixed_amplitude,4096,92,0.92170186,0.15915097,0.97691665
circles,fixed_amplitude,4096,93,0.92042426,0.03908805,0.99339668
circles,fixed_amplitude,4096,94,0.91714238,0.02029411,0.99289198
circles,fixed_amplitude,4096,95,0.92218092,0.00832712,0.99166455
circles,fixed_amplitude,4096,96,0.92829648,0.04742998,1.00824124
circles,fixed_amplitude,4096,97,0.92004156,0.01444507,0.98371143
circles,fixed_amplitude,4096,98,0.91357656,0.04051909,1.00134153
circles,fixed_amplitude,4096,99,0.91511542,0.00977564,0.99053899
circles,fixed_amplitude,4096,100,0.9188739,0.02479779,0.96717433
circles,fixed_amplitude,4096,101,0.91792553,0.04876512,1.01860827
circles,fixed_amplitude,4096,102,0.91311186,0.058187,0.99124168
circles,fixed_amplitude,4096,103,0.91783686,0.00102214,1.0226544
circles,fixed_amplitude,4096,104,0.9124949,0.03480265,1.00483619
circles,fixed_amplitude,4096,105,0.9212384,0.03613136,0.99207273
circles,fixed_amplitude,4096,106,0.91733176,0.11644138,0.9954957
circles,fixed_amplitude,4096,107,0.91956927,0.00250247,1.01602281
circles,fixed_amplitude,4096,108,0.91770092,0.10327266,0.98359493
circles,fixed_amplitude,4096,109,0.92331253,0.03794606,0.99469178
circles,fixed_amplitude,4096,110,0.90789959,0.04923796,0.99339331
circles,fixed_amplitude,4096,111,0.92188138,0.02902761,1.00849631
circles,fixed_amplitude,4096,112,0.91122364,0.03752156,0.98986926
circles,fixed_amplitude,4096,113,0.91861932,0.01387297,0.99513925
circles,fixed_amplitude,4096,114,0.91648539,0.01858364,0.9957181
circles,fixed_amplitude,4096,115,0.92320144,0.05189324,1.01167459
circles,fixed_amplitude,4096,116,0.92385379,0.05566745,1.02940355
circles,fixed_amplitude,4096,117,0.91605628,0.07974497,0.97190741
circles,fixed_amplitude,4096,118,0.92226688,0.00839618,1.01430824
circles,fixed_amplitude,4096,119,0.92120744,0.04889255,0.99383009
circles,fixed_amplitude,4096,120,0.91463031,0.10711433,1.01408133
circles,fixed_amplitude,4096,121,0.92083462,0.03070763,1.00257151
circles,fixed_amplitude,4096,122,0.91103322,0.00803856,0.99274786
circles,fixed_amplitude,4096,123,0.90679781,0.03437398,1.00449916
circles,fixed_amplitude,4096,124,0.92502658,0.04866024,1.00938751
circles,fixed_amplitude,4096,125,0.91133828,0.02654553,0.9855747
circles,fixed_amplitude,4096,126,0.91066171,0.00327179,0.99695159
circles,fixed_amplitude,4096,127,0.9148454,0.05946649,0.98590846
circles,fixed_amplitude,4096,128,0.92272455,0.05209062,0.97599509
circles,fixed_amplitude,4096,129,0.91047252,0.01861992,0.99505843
circles,fixed_amplitude,4096,130,0.9060806,0.05009254,0.98182096
circles,fixed_amplitude,4096,131,0.91417221,0.08691538,1.00119754
circles,fixed_amplitude,4096,132,0.91431511,0.00255418,1.0017105
circles,fixed_amplitude,4096,133,0.91642725,0.02589796,0.98719924
circles,fixed_amplitude,4096,134,0.90514016,0.04698945,1.00825394
circles,fixed_amplitude,4096,135,0.91782201,0.07390972,0.99051608
circles,fixed_amplitude,4096,136,0.9170536,0.07212683,0.99986868
circles,fixed_amplitude,4096,137,0.91188261,0.0329734,0.99363182
circles,fixed_amplitude,4096,138,0.9189323,0.13185507,1.02347585
circles,fixed_amplitude,4096,139,0.92027607,0.03347261,0.99942809
circles,fixed_amplitude,4096,140,0.90867013,0.02369474,0.98655884
circles,fixed_amplitude,4096,141,0.9220359,0.02739817,0.9916196
circles,fixed_amplitude,4096,142,0.9168675,0.07510338,0.97956831
circles,fixed_amplitude,4096,143,0.91895213,0.00287254,0.99384603
circles,fixed_amplitude,4096,144,0.91646556,0.03067882,0.9927264
circles,fixed_amplitude,4096,145,0.91790033,0.08598585,1.01356389
circles,fixed_amplitude,4096,146,0.91703671,0.0500446,1.01332335
circles,fixed_amplitude,4096,147,0.92115309,0.01617017,1.02537562
circles,fixed_amplitude,4096,148,0.91802037,0.03574882,1.00778579
circles,fixed_amplitude,4096,149,0.91245236,0.04824582,1.01972649
circles,fixed_amplitude,4096,150,0.92783584,0.00239748,0.98799046
circles,fixed_amplitude,4096,151,0.90920601,0.04788419,1.01345599
circles,fixed_amplitude,4096,152,0.91518625,0.02084625,1.00435824
circles,fixed_amplitude,4096,153,0.92414677,0.00834488,0.99614474
circles,fixed_amplitude,4096,154,0.91290817,0.11966738,1.01229695
circles,fixed_amplitude,4096,155,0.9227866,0.06044752,0.99131702
circles,fixed_amplitude,4096,156,0.91062875,0.08010937,0.99479258
circles,fixed_amplitude,4096,157,0.91563737,0.07438777,0.99906892
circles,fixed_amplitude,4096,158,0.91363892,0.05244907,0.98671941
circles,fixed_amplitude,4096,159,0.91491829,0.00773108,0.99246983
circles,fixed_amplitude,4096,160,0.91886256,0.0367876,1.01465905
circles,fixed_amplitude,4096,161,0.91091613,0.054306,1.00745157
circles,fixed_amplitude,4096,162,0.90328049,0.05757319,1.02302802
circles,fixed_amplitude,4096,163,0.9212486,0.02500941,0.99487645
circles,fixed_amplitude,4096,164,0.92191454,0.03605778,0.99482787
circles,fixed_amplitude,4096,165,0.91928847,0.04942356,0.98643109
circles,fixed_amplitude,4096,166,0.92455143,0.00820491,1.02707087
circles,fixed_amplitude,4096,167,0.92054659,0.02538717,1.0158247
circles,fixed_amplitude,4096,168,0.92636655,0.05977987,0.98225131
circles,fixed_amplitude,4096,169,0.91317314,0.04037174,1.0271059
circles,fixed_amplitude,4096,170,0.92365154,0.06172054,0.99843096
circles,fixed_amplitude,4096,171,0.90951913,0.08031357,0.99834867
circles,fixed_amplitude,4096,172,0.92199497,0.00668713,1.00304873
circles,fixed_amplitude,4096,173,0.9180119,0.0438851,1.00772919
circles,fixed_amplitude,4096,174,0.91199786,0.00179907,1.01273655
circles,fixed_amplitude,4096,175,0.91315554,0.0248772,1.02050104
circles,fixed_amplitude,4096,176,0.90468508,0.05124503,1.01125237
circles,fixed_amplitude,4096,177,0.92016165,0.06938464,0.97531663
circles,fixed_amplitude,4096,178,0.9105838,0.01594686,0.98910568
circles,fixed_amplitude,4096,179,0.90904826,0.04797389,0.9740617
circles,fixed_amplitude,4096,180,0.91435305,0.05862099,0.97668888
circles,fixed_amplitude,4096,181,0.91298238,0.02851078,0.98306543
circles,fixed_amplitude,4096,182,0.91484434,0.012908,1.02135686
circles,fixed_amplitude,4096,183,0.91631611,0.00234698,0.99160897
circles,fixed_amplitude,4096,184,0.91050257,0.08899489,1.01299131
circles,fixed_amplitude,4096,185,0.90897571,0.06115302,1.03560096
circles,fixed_amplitude,4096,186,0.91937769,0.05404582,1.00659266
circles,fixed_amplitude,4096,187,0.92026924,0.09974844,0.99860001
circles,fixed_amplitude,4096,188,0.91671255,0.05812176,0.97629306
circles,fixed_amplitude,4096,189,0.91220741,0.00337582,0.99013282
circles,fixed_amplitude,4096,190,0.90931295,0.00832534,0.99579085
circles,fixed_amplitude,4096,191,0.91524545,0.07148208,0.9919907
circles,fixed_amplitude,4096,192,0.91895522,0.06852886,1.01020882
circles,fixed_amplitude,4096,193,0.91021543,0.00587839,0.99531819
circles,fixed_amplitude,4096,194,0.9192652,0.07397045,1.02397915
circles,fixed_amplitude,4096,195,0.91350097,0.05830582,1.03315837
circles,fixed_amplitude,4096,196,0.92329005,0.02202674,0.99742437
circles,fixed_amplitude,4096,197,0.92875634,0.05349531,1.00394043
circles,fixed_amplitude,4096,198,0.91122548,0.07227895,1.01768717
circles,fixed_amplitude,4096,199,0.91990568,0.08741798,1.00284304
circles,fixed_amplitude,4096,200,0.90879825,0.03413728,0.98450856
circles,fixed_amplitude,4096,201,0.90989816,0.06801963,1.03138913
circles,fixed_amplitude,4096,202,0.91581096,0.02610912,0.99896106
circles,fixed_amplitude,4096,203,0.91491053,0.01489101,0.98211583
circles,fixed_amplitude,4096,204,0.91029372,0.11547192,0.9973922
circles,fixed_amplitude,4096,205,0.90534865,0.00218488,1.0009996
circles,fixed_amplitude,4096,206,0.91656386,0.06632014,0.99637262
circles,fixed_amplitude,4096,207,0.92263353,0.01618009,1.02305573
circles,fixed_amplitude,4096,208,0.92684805,0.10036122,0.99088288
circles,fixed_amplitude,4096,209,0.92813395,0.0521369,0.99454786
circles,fixed_amplitude,4096,210,0.91544914,0.08284626,1.00861853
circles,fixed_amplitude,4096,211,0.91453312,0.00455611,0.9883866
circles,fixed_amplitude,4096,212,0.91717643,0.00490523,0.9924543
circles,fixed_amplitude,4096,213,0.90925791,0.10482703,0.986792
circles,fixed_amplitude,4096,214,0.91608989,0.00401021,1.00449655
circles,fixed_amplitude,4096,215,0.91702282,0.01052301,0.97660421
circles,fixed_amplitude,4096,216,0.91741194,0.03287887,1.00779136
circles,fixed_amplitude,4096,217,0.91678284,0.05032612,0.99274037
circles,fixed_amplitude,4096,218,0.9198024,0.03322755,0.9986332
circles,fixed_amplitude,4096,219,0.92129854,0.0355587,0.9852183
circles,fixed_amplitude,4096,220,0.91291129,0.02559916,1.02254445
circles,fixed_amplitude,4096,221,0.90529432,0.01870409,0.98963623
circles,fixed_amplitude,4096,222,0.91276923,0.04311354,1.00230831
circles,fixed_amplitude,4096,223,0.92083673,0.07106599,1.01335034
circles,fixed_amplitude,4096,224,0.91768519,0.04101841,1.00028114
circles,fixed_amplitude,4096,225,0.91200763,0.02190107,1.00075037
circles,fixed_amplitude,4096,226,0.91341865,0.10477694,1.01079535
circles,fixed_amplitude,4096,227,0.91955926,0.07789127,0.98412408
circles,fixed_amplitude,4096,228,0.91586993,0.06984402,0.99434651
circles,fixed_amplitude,4096,229,0.91723882,0.0790215,0.979067
circles,fixed_amplitude,4096,230,0.91941507,0.06713872,1.00266913
circles,fixed_amplitude,4096,231,0.91183725,0.0815222,0.98783183
circles,fixed_amplitude,4096,232,0.91334731,0.03660554,1.00682911
circles,fixed_amplitude,4096,233,0.90936316,0.0431988,0.99669777
circles,fixed_amplitude,4096,234,0.92444887,0.03659749,0.99210913
circles,fixed_amplitude,4096,235,0.92003187,0.06084015,1.02206455
circles,fixed_amplitude,4096,236,0.91890402,0.01722176,0.98341818
circles,fixed_amplitude,4096,237,0.91338005,0.02983252,0.9856264
circles,fixed_amplitude,4096,238,0.91329465,0.00013839,0.99895286
circles,fixed_amplitude,4096,239,0.91627533,0.01535074,1.00762481
circles,fixed_amplitude,4096,240,0.91115265,0.06996816,0.96576702
circles,fixed_amplitude,4096,241,0.91662256,0.05276047,1.01776938
circles,fixed_amplitude,4096,242,0.91751045,0.07259315,0.99391415
circles,fixed_amplitude,4096,243,0.91788366,0.04690902,0.99636913
circles,fixed_amplitude,4096,244,0.91064623,0.07520681,0.98962623
circles,fixed_amplitude,4096,245,0.9195232,0.00071574,0.98631575
circles,fixed_amplitude,4096,246,0.92100282,0.08108577,0.98034443
circles,fixed_amplitude,4096,247,0.90983159,0.00947228,0.9971932
circles,fixed_amplitude,4096,248,0.91807971,0.07680237,1.02807102
circles,fixed_amplitude,4096,249,0.91695938,0.00354972,0.99799985
circles,fixed_amplitude,4096,250,0.92782869,0.01203942,0.98742483
circles,fixed_amplitude,4096,251,0.91032083,0.0551142,0.99784059
circles,fixed_amplitude,4096,252,0.905859,0.01029256,1.00908004
circles,fixed_amplitude,4096,253,0.93037705,0.02128334,1.00460039
circles,fixed_amplitude,4096,254,0.91557935,0.01657331,0.99763021
circles,fixed_amplitude,4096,255,0.91906776,0.03094754,1.00001287
circles,fixed_amplitude,4096,256,0.92791203,0.02940241,1.00700173
circles,fixed_amplitude,4096,257,0.91935535,0.09733091,1.01209334
circles,fixed_amplitude,4096,258,0.92213077,0.02129716,0.97808188
circles,fixed_amplitude,4096,259,0.9181845,0.01846352,1.02742191
circles,fixed_amplitude,4096,260,0.91337763,0.01325941,0.99337601
circles,fixed_amplitude,4096,261,0.93037605,0.02496437,1.028406
circles,fixed_amplitude,4096,262,0.92138687,0.01239496,1.00151865
circles,fixed_amplitude,4096,263,0.92020218,0.06330429,1.00198265
circles,fixed_amplitude,4096,264,0.91593457,0.04867576,0.98956623
circles,fixed_amplitude,4096,265,0.91327044,0.01326108,1.0053475
circles,fixed_amplitude,4096,266,0.92072151,0.02099151,0.98975684
circles,fixed_amplitude,4096,267,0.91949714,0.00420834,1.00654333
circles,fixed_amplitude,4096,268,0.9234217,0.04605386,0.9834247
circles,fixed_amplitude,4096,269,0.91386276,0.03012811,1.00968955
circles,fixed_amplitude,4096,270,0.90696564,0.08284117,0.99484653
circles,fixed_amplitude,4096,271,0.91852186,0.03466351,0.99739587
circles,fixed_amplitude,4096,272,0.91025283,0.08445598,1.01104863
circles,fixed_amplitude,4096,273,0.91776904,0.01923582,0.99063539
circles,fixed_amplitude,4096,274,0.91086134,0.05414346,1.02709993
circles,fixed_amplitude,4096,275,0.92210206,0.00477995,1.00693194
circles,fixed_amplitude,4096,276,0.91967951,0.03444444,0.99647907
circles,fixed_amplitude,4096,277,0.91694881,0.00031965,0.99785211
circles,fixed_amplitude,4096,278,0.92541204,0.01519575,1.00291509
circles,fixed_amplitude,4096,279,0.91445387,0.04453153,0.98936208
circles,fixed_amplitude,4096,280,0.91973179,0.05204177,1.01510534
circles,fixed_amplitude,4096,281,0.90318486,0.01557358,0.97686677
circles,fixed_amplitude,4096,282,0.92509357,0.00937504,1.00930772
circles,fixed_amplitude,4096,283,0.92737048,0.02747264,0.9821883
circles,fixed_amplitude,4096,284,0.90827042,0.07673143,1.02361579
circles,fixed_amplitude,4096,285,0.9112263,0.08633229,1.0250911
circles,fixed_amplitude,4096,286,0.91112351,0.07428193,0.99330424
circles,fixed_amplitude,4096,287,0.9216388,0.07517138,0.98722484
circles,fixed_amplitude,4096,288,0.90649008,0.00592307,0.97603077
circles,fixed_amplitude,4096,289,0.9132395,0.06931519,1.01801815
circles,fixed_amplitude,4096,290,0.91631071,0.0676222,1.00269919
circles,fixed_amplitude,4096,291,0.91406669,0.07733506,1.00999332
circles,fixed_amplitude,4096,292,0.92165741,0.03351779,1.00284008
circles,fixed_amplitude,4096,293,0.90768662,0.00035903,0.98287254
circles,fixed_amplitude,4096,294,0.9220558,0.00326994,1.0004199
circles,fixed_amplitude,4096,295,0.90736819,0.01963628,1.03641716
circles,fixed_amplitude,4096,296,0.91204895,0.03690578,1.0035453
circles,fixed_amplitude,4096,297,0.92201327,0.0290277,0.97617265
circles,fixed_amplitude,4096,298,0.91289654,0.03762848,0.96053584
circles,fixed_amplitude,4096,299,0.9141515,0.01822321,0.97049198
circles,fixed_amplitude,4096,300,0.91463759,0.03239194,1.00499015
circles,fixed_amplitude,4096,301,0.91463261,0.04894246,0.99269441
circles,fixed_amplitude,4096,302,0.90921993,0.05795227,0.98873151
circles,fixed_amplitude,4096,303,0.92336997,0.02091897,0.95637411
circles,fixed_amplitude,4096,304,0.92576111,0.04950785,0.99726398
circles,fixed_amplitude,4096,305,0.92716014,0.04135923,0.99592197
circles,fixed_amplitude,4096,306,0.90545061,0.11241126,1.01967238
circles,fixed_amplitude,4096,307,0.90798843,0.03166922,1.00056818
circles,fixed_amplitude,4096,308,0.9147724,0.02555224,1.02083095
circles,fixed_amplitude,4096,309,0.92584435,0.00463954,1.00335736
circles,fixed_amplitude,4096,310,0.91780987,0.00988618,1.00483257
circles,fixed_amplitude,4096,311,0.91552973,0.06743613,0.98773509
circles,fixed_amplitude,4096,312,0.91802473,0.06373793,1.011076
circles,fixed_amplitude,4096,313,0.91717079,0.02494303,1.00659912
circles,fixed_amplitude,4096,314,0.92126825,0.00971701,0.97647716
circles,fixed_amplitude,4096,315,0.91373006,0.00140641,1.00030471
circles,fixed_amplitude,4096,316,0.91316169,0.01667834,1.01245904
circles,fixed_amplitude,4096,317,0.92647811,0.0769971,1.01086911
circles,fixed_amplitude,4096,318,0.91409052,0.03728904,0.97465654
circles,fixed_amplitude,4096,319,0.91507094,0.07547032,1.01875623
circles,fixed_amplitude,4096,320,0.92911895,0.0186614,1.00043041
circles,fixed_amplitude,4096,321,0.92465968,0.02892707,1.03132427
circles,fixed_amplitude,4096,322,0.90718718,0.05681647,1.00865729
circles,fixed_amplitude,4096,323,0.91359762,0.00458226,0.99314191
circles,fixed_amplitude,4096,324,0.9162549,0.01549491,0.99636837
circles,fixed_amplitude,4096,325,0.91901944,0.02992195,0.98884654
circles,fixed_amplitude,4096,326,0.91500583,0.09709162,0.99515604
circles,fixed_amplitude,4096,327,0.91610552,0.01290034,0.96867917
circles,fixed_amplitude,4096,328,0.91699393,0.01276591,1.01502641
circles,fixed_amplitude,4096,329,0.91524463,0.01061958,1.01429214
circles,fixed_amplitude,4096,330,0.92276279,0.02019703,0.98728386
circles,fixed_amplitude,4096,331,0.90942538,0.00997083,1.00698192
circles,fixed_amplitude,4096,332,0.92008319,0.02836811,0.98728687
circles,fixed_amplitude,4096,333,0.91238394,0.09623172,0.99016129
circles,fixed_amplitude,4096,334,0.91013364,0.05601113,0.98178562
circles,fixed_amplitude,4096,335,0.91340456,0.01200867,1.01246105
circles,fixed_amplitude,4096,336,0.91729931,0.0904718,0.99552973
circles,fixed_amplitude,4096,337,0.91349695,0.07953783,1.02024787
circles,fixed_amplitude,4096,338,0.90866272,0.07854417,0.99996133
circles,fixed_amplitude,4096,339,0.91696878,0.08238173,0.99086983
circles,fixed_amplitude,4096,340,0.91665445,0.06517935,0.99849208
circles,fixed_amplitude,4096,341,0.91336972,0.05352354,1.01431097
circles,fixed_amplitude,4096,342,0.92272509,0.02187576,0.99946142
circles,fixed_amplitude,4096,343,0.90385188,0.01795235,0.98617731
circles,fixed_amplitude,4096,344,0.91005577,0.08198947,1.00676014
circles,fixed_amplitude,4096,345,0.91597479,0.05301646,0.99378525
circles,fixed_amplitude,4096,346,0.92040767,0.12170247,1.00849311
circles,fixed_amplitude,4096,347,0.91818631,0.05025346,0.98331924
circles,fixed_amplitude,4096,348,0.91586329,0.06652766,1.02062948
circles,fixed_amplitude,4096,349,0.90775067,0.08617434,0.98174794
circles,fixed_amplitude,4096,350,0.92137762,0.02987389,0.99612359
circles,fixed_amplitude,4096,351,0.91071295,0.07142565,0.98590885
circles,fixed_amplitude,4096,352,0.9267136,0.04442842,0.99837307
circles,fixed_amplitude,4096,353,0.93174623,0.02446036,1.0162232
circles,fixed_amplitude,4096,354,0.91705755,0.02648867,1.0095062
circles,fixed_amplitude,4096,355,0.90247647,0.07478878,0.98758673
circles,fixed_amplitude,4096,356,0.91220927,0.09630726,0.99551201
circles,fixed_amplitude,4096,357,0.91255845,0.05503181,0.98405253
circles,fixed_amplitude,4096,358,0.91537158,0.0111349,1.01367692
circles,fixed_amplitude,4096,359,0.91726298,0.02031282,1.00594892
circles,fixed_amplitude,4096,360,0.91656866,0.03313583,0.98269983
circles,fixed_amplitude,4096,361,0.9118644,0.13294738,0.99980355
circles,fixed_amplitude,4096,362,0.92454786,0.10128062,1.01106539
circles,fixed_amplitude,4096,363,0.91753301,0.02304384,1.00660769
circles,fixed_amplitude,4096,364,0.91049861,0.03043994,1.01367496
circles,fixed_amplitude,4096,365,0.92645416,0.0174341,1.02010003
circles,fixed_amplitude,4096,366,0.9042594,0.11969423,0.97368633
circles,fixed_amplitude,4096,367,0.91838597,0.00272059,0.98831131
circles,fixed_amplitude,4096,368,0.91745996,0.05535839,0.9985313
circles,fixed_amplitude,4096,369,0.92599926,0.09800844,0.97921994
circles,fixed_amplitude,4096,370,0.9153037,0.00621585,0.95693094
circles,fixed_amplitude,4096,371,0.92182188,0.02493907,1.00407812
circles,fixed_amplitude,4096,372,0.92564039,0.01268224,0.99830044
circles,fixed_amplitude,4096,373,0.9251671,0.05004304,0.99542562
circles,fixed_amplitude,4096,374,0.91472549,0.02093919,1.00576061
circles,fixed_amplitude,4096,375,0.91165109,0.01684558,0.98673373
circles,fixed_amplitude,4096,376,0.9134534,0.01898818,0.96565511
circles,fixed_amplitude,4096,377,0.92020086,0.04077356,1.01434667
circles,fixed_amplitude,4096,378,0.93260907,0.1447059,1.0245792
circles,fixed_amplitude,4096,379,0.91538344,0.02806788,1.03547554
circles,fixed_amplitude,4096,380,0.91497578,0.00026412,1.00321972
circles,fixed_amplitude,4096,381,0.91899048,0.01664356,1.04893415
circles,fixed_amplitude,4096,382,0.91726182,0.03778259,0.98131166
circles,fixed_amplitude,4096,383,0.92213904,0.04154524,1.00034514
circles,fixed_amplitude,4096,384,0.90712084,0.00751578,1.00384534
circles,fixed_amplitude,4096,385,0.91841556,0.00441444,1.00306744
circles,fixed_amplitude,4096,386,0.92199077,0.01655181,0.99942479
circles,fixed_amplitude,4096,387,0.91581508,0.07422233,1.00364049
circles,fixed_amplitude,4096,388,0.91714045,0.02464203,1.00245593
circles,fixed_amplitude,4096,389,0.91571975,0.01648163,0.97631411
circles,fixed_amplitude,4096,390,0.91251026,0.006795,0.98364781
circles,fixed_amplitude,4096,391,0.91346575,0.00791384,1.00490118
circles,fixed_amplitude,4096,392,0.91622739,0.04840743,0.99319033
circles,fixed_amplitude,4096,393,0.91952007,0.01837509,0.98396661
circles,fixed_amplitude,4096,394,0.90508017,0.01495926,0.98207661
circles,fixed_amplitude,4096,395,0.91700512,0.05491042,1.01489034
circles,fixed_amplitude,4096,396,0.91250528,0.05640629,0.99031573
circles,fixed_amplitude,4096,397,0.91130486,0.07088451,1.02595718
circles,fixed_amplitude,4096,398,0.92531073,0.04495675,0.97944122
circles,fixed_amplitude,4096,399,0.9192514,0.00370046,0.97889481
circles,fixed_amplitude,4096,400,0.91345857,0.02443494,1.02594933
circles,fixed_amplitude,4096,401,0.92621161,0.06109491,0.97478664
circles,fixed_amplitude,4096,402,0.91564494,0.00538582,1.01079039
circles,fixed_amplitude,4096,403,0.92211864,0.12575973,0.98300138
circles,fixed_amplitude,4096,404,0.912616,0.02747297,1.022331
circles,fixed_amplitude,4096,405,0.92042471,0.08043032,0.99334226
circles,fixed_amplitude,4096,406,0.91373699,0.05906852,0.97727489
circles,fixed_amplitude,4096,407,0.91868746,0.04604326,0.99386161
circles,fixed_amplitude,4096,408,0.9170648,0.06504209,1.01125747
circles,fixed_amplitude,4096,409,0.91854985,0.04006883,0.99002741
circles,fixed_amplitude,4096,410,0.9164228,0.08285921,0.98667464
circles,fixed_amplitude,4096,411,0.91686219,0.05783878,0.98908091
circles,fixed_amplitude,4096,412,0.92514166,0.01650116,1.01021617
circles,fixed_amplitude,4096,413,0.91732895,0.02725526,1.00585286
circles,fixed_amplitude,4096,414,0.9115085,0.02188333,0.98969905
circles,fixed_amplitude,4096,415,0.91447038,0.02504457,1.00829094
circles,fixed_amplitude,4096,416,0.92661694,0.07139983,0.96574136
circles,fixed_amplitude,4096,417,0.92757669,0.03825602,1.00735453
circles,fixed_amplitude,4096,418,0.91927063,0.00937409,1.00114886
circles,fixed_amplitude,4096,419,0.91278642,0.00485226,1.05246137
circles,fixed_amplitude,4096,420,0.9224443,0.04210778,0.99998427
circles,fixed_amplitude,4096,421,0.91658709,0.0641606,1.02309768
circles,fixed_amplitude,4096,422,0.9162313,0.13044252,0.99775539
circles,fixed_amplitude,4096,423,0.92395672,0.07945331,0.98171468
circles,fixed_amplitude,4096,424,0.91611948,0.08687133,0.98951811
circles,fixed_amplitude,4096,425,0.92331311,0.06367175,0.98778799
circles,fixed_amplitude,4096,426,0.91443963,0.0608997,1.00472242
circles,fixed_amplitude,4096,427,0.9181528,0.0133635,0.98506508
circles,fixed_amplitude,4096,428,0.92165717,0.00032527,1.00665027
circles,fixed_amplitude,4096,429,0.91925411,0.04178857,1.02356621
circles,fixed_amplitude,4096,430,0.91723175,0.00325867,0.99174264
circles,fixed_amplitude,4096,431,0.91476898,0.00143177,1.01121333
circles,fixed_amplitude,4096,432,0.9259438,0.05667748,0.95222493
circles,fixed_amplitude,4096,433,0.92708676,0.00705748,0.99550255
circles,fixed_amplitude,4096,434,0.91222968,0.01121132,1.02771046
circles,fixed_amplitude,4096,435,0.92444179,0.10665077,1.02183256
circles,fixed_amplitude,4096,436,0.91547046,0.0356698,0.99971112
circles,fixed_amplitude,4096,437,0.90591067,0.01845423,0.97169577
circles,fixed_amplitude,4096,438,0.90610238,0.16395952,1.02083233
circles,fixed_amplitude,4096,439,0.91348976,0.05631304,1.03563404
circles,fixed_amplitude,4096,440,0.91901388,0.0878411,1.00497138
circles,fixed_amplitude,4096,441,0.92750166,0.03754133,1.02394804
circles,fixed_amplitude,4096,442,0.92111571,0.00132774,1.01392865
circles,fixed_amplitude,4096,443,0.91393073,0.07063147,1.00023855
circles,fixed_amplitude,4096,444,0.91380017,0.06482677,1.00293143
circles,fixed_amplitude,4096,445,0.91949808,0.00413194,0.99105969
circles,fixed_amplitude,4096,446,0.92172581,0.00413243,1.01030801
circles,fixed_amplitude,4096,447,0.91191881,0.1064492,1.01166791
circles,fixed_amplitude,4096,448,0.91070056,0.0326753,0.99208919
circles,fixed_amplitude,4096,449,0.91905149,0.08382512,1.00106527
circles,fixed_amplitude,4096,450,0.91993036,0.02859368,1.0179579
circles,fixed_amplitude,4096,451,0.92182839,0.01857329,0.99208348
circles,fixed_amplitude,4096,452,0.9125551,0.01759481,1.01471797
circles,fixed_amplitude,4096,453,0.91752016,0.01988677,0.99332311
circles,fixed_amplitude,4096,454,0.91491759,0.10748802,1.01206134
circles,fixed_amplitude,4096,455,0.91071751,0.0525793,1.00291287
circles,fixed_amplitude,4096,456,0.91775697,0.05771917,0.99359122
circles,fixed_amplitude,4096,457,0.91166894,0.06073561,0.99056144
circles,fixed_amplitude,4096,458,0.9228693,0.03166998,0.9918067
circles,fixed_amplitude,4096,459,0.90878621,0.04561408,0.97746747
circles,fixed_amplitude,4096,460,0.92124511,0.06368967,1.00133881
circles,fixed_amplitude,4096,461,0.91693657,0.01723401,1.01194104
circles,fixed_amplitude,4096,462,0.90758202,0.0541445,1.01795306
circles,fixed_amplitude,4096,463,0.91600926,0.06047471,1.01598699
circles,fixed_amplitude,4096,464,0.92244882,0.00895779,0.97573719
circles,fixed_amplitude,4096,465,0.91581428,0.05657244,0.98441281
circles,fixed_amplitude,4096,466,0.91535881,0.03166606,1.0180786
circles,fixed_amplitude,4096,467,0.91812487,0.02160349,0.99456591
circles,fixed_amplitude,4096,468,0.92023762,0.02524833,0.96310134
circles,fixed_amplitude,4096,469,0.93147028,0.04078941,1.00678778
circles,fixed_amplitude,4096,470,0.92694781,0.04136474,1.02838195
circles,fixed_amplitude,4096,471,0.91588583,0.04501962,1.01418134
circles,fixed_amplitude,4096,472,0.9132839,0.05091043,0.99592754
circles,fixed_amplitude,4096,473,0.91335904,0.04128282,0.98866691
circles,fixed_amplitude,4096,474,0.92289082,0.07397998,1.00235419
circles,fixed_amplitude,4096,475,0.91170002,0.0132533,0.99211658
circles,fixed_amplitude,4096,476,0.91439727,0.10850263,0.97325464
circles,fixed_amplitude,4096,477,0.91794217,0.08360105,0.99820078
circles,fixed_amplitude,4096,478,0.91603532,0.04439693,1.00765266
circles,fixed_amplitude,4096,479,0.91550494,0.06019482,1.01448068
circles,fixed_amplitude,4096,480,0.92363332,0.10623267,1.00261298
circles,fixed_amplitude,4096,481,0.91767335,0.07839101,1.00752692
circles,fixed_amplitude,4096,482,0.91592095,0.01369774,0.98772988
circles,fixed_amplitude,4096,483,0.91832742,0.03774913,0.99683228
circles,fixed_amplitude,4096,484,0.91520179,0.0318597,1.00512231
circles,fixed_amplitude,4096,485,0.91931812,0.10136904,0.94911549
circles,fixed_amplitude,4096,486,0.91501945,0.04651158,1.0082284
circles,fixed_amplitude,4096,487,0.90945817,0.0306327,1.0003334
circles,fixed_amplitude,4096,488,0.91520332,0.01728086,0.98780309
circles,fixed_amplitude,4096,489,0.90251221,0.04269413,0.99838966
circles,fixed_amplitude,4096,490,0.92255551,0.02122333,0.97602453
circles,fixed_amplitude,4096,491,0.92030001,0.04826363,1.00696685
circles,fixed_amplitude,4096,492,0.91120401,0.0586779,1.02169686
circles,fixed_amplitude,4096,493,0.92457669,0.00922258,1.01002923
circles,fixed_amplitude,4096,494,0.91711666,0.01350165,1.02311393
circles,fixed_amplitude,4096,495,0.92230474,0.00509051,1.00121008
circles,fixed_amplitude,4096,496,0.9187483,0.09291281,0.99605333
circles,fixed_amplitude,4096,497,0.91362454,0.00036101,0.97530552
circles,fixed_amplitude,4096,498,0.91860152,0.0018679,0.98831815
circles,fixed_amplitude,4096,499,0.9156186,0.07011428,0.98477777
circles,fixed_amplitude,4096,500,0.91735453,0.02206821,0.98217634
circles,fixed_amplitude,4096,501,0.91686384,0.02963271,0.99605979
circles,fixed_amplitude,4096,502,0.90240892,4.151e-05,0.99562204
circles,fixed_amplitude,4096,503,0.91442443,0.07223202,1.01442791
circles,fixed_amplitude,4096,504,0.92408494,0.02336924,1.01812765
circles,fixed_amplitude,4096,505,0.91361249,0.08682654,0.99675
circles,fixed_amplitude,4096,506,0.93207925,0.05736941,0.99171703
circles,fixed_amplitude,4096,507,0.92228628,0.0037033,0.99670342
circles,fixed_amplitude,4096,508,0.92269691,0.04801768,1.01410298
circles,fixed_amplitude,4096,509,0.92303263,0.07799349,1.0087133
circles,fixed_amplitude,4096,510,0.91409704,0.00548699,0.97674807
circles,fixed_amplitude,4096,511,0.91582998,0.0261707,1.00354533
circles,fixed_amplitude,4096,512,0.91247464,0.07278989,1.0112606
circles,fixed_amplitude,4096,513,0.90675555,0.05551069,1.00143381
circles,fixed_amplitude,4096,514,0.91039323,0.08664452,0.98090981
circles,fixed_amplitude,4096,515,0.90802748,0.07915073,0.99967056
circles,fixed_amplitude,4096,516,0.92151568,0.0412532,0.98574497
circles,fixed_amplitude,4096,517,0.91063931,0.02949092,1.00316873
circles,fixed_amplitude,4096,518,0.90863997,0.13197452,0.98440821
circles,fixed_amplitude,4096,519,0.91140826,0.04941617,1.01404929
circles,fixed_amplitude,4096,520,0.90725499,0.04622503,1.00253216
circles,fixed_amplitude,4096,521,0.90952143,0.08413517,1.01695557
circles,fixed_amplitude,4096,522,0.92507469,0.0587425,0.96974258
circles,fixed_amplitude,4096,523,0.91249492,0.07755592,0.98070834
circles,fixed_amplitude,4096,524,0.92624498,0.04998502,1.00257476
circles,fixed_amplitude,4096,525,0.9156661,0.01785373,0.98649739
circles,fixed_amplitude,4096,526,0.91424413,0.07238989,1.0164811
circles,fixed_amplitude,4096,527,0.91195399,0.01233516,0.99805316
circles,fixed_amplitude,4096,528,0.91216294,0.04350657,0.99828368
circles,fixed_amplitude,4096,529,0.92802867,0.06447061,0.9998496
circles,fixed_amplitude,4096,530,0.92353259,0.07683145,1.00353939
circles,fixed_amplitude,4096,531,0.9198273,0.08598077,1.01130463
circles,fixed_amplitude,4096,532,0.90483499,0.10706555,1.00337612
circles,fixed_amplitude,4096,533,0.91308833,0.02899083,1.00668073
circles,fixed_amplitude,4096,534,0.90674111,0.01467049,1.03218864
circles,fixed_amplitude,4096,535,0.91486981,0.05465844,0.99006553
circles,fixed_amplitude,4096,536,0.9198001,0.05541523,1.0085117
circles,fixed_amplitude,4096,537,0.92276427,0.01266718,0.9882956
circles,fixed_amplitude,4096,538,0.91157007,0.0288688,1.00928295
circles,fixed_amplitude,4096,539,0.92934032,0.04285312,0.98241876
circles,fixed_amplitude,4096,540,0.91018728,0.01596819,0.98750934
circles,fixed_amplitude,4096,541,0.90591629,0.04003528,1.01609071
circles,fixed_amplitude,4096,542,0.9104357,0.02037481,0.99934935
circles,fixed_amplitude,4096,543,0.91449024,0.04079888,0.98535208
circles,fixed_amplitude,4096,544,0.91260442,0.02823209,1.01793603
circles,fixed_amplitude,4096,545,0.91561653,0.04559532,1.01023177
circles,fixed_amplitude,4096,546,0.91654365,0.00598777,0.99509182
circles,fixed_amplitude,4096,547,0.90473077,0.027929,1.00344638
circles,fixed_amplitude,4096,548,0.91570791,0.01406008,0.99832226
circles,fixed_amplitude,4096,549,0.91392537,0.0316363,0.99999177
circles,fixed_amplitude,4096,550,0.91621738,0.07541949,1.02314338
circles,fixed_amplitude,4096,551,0.92061011,0.10197076,0.99252871
circles,fixed_amplitude,4096,552,0.92090837,0.03168508,0.99021798
circles,fixed_amplitude,4096,553,0.91186072,0.05545894,1.00751337
circles,fixed_amplitude,4096,554,0.92461016,0.08523433,1.00520827
circles,fixed_amplitude,4096,555,0.91097379,0.01848563,0.99331661
circles,fixed_amplitude,4096,556,0.92678478,0.04712622,0.9852045
circles,fixed_amplitude,4096,557,0.92866811,0.07431031,1.01439981
circles,fixed_amplitude,4096,558,0.92293077,0.07387841,0.98835309
circles,fixed_amplitude,4096,559,0.91351217,0.05736463,0.97463768
circles,fixed_amplitude,4096,560,0.91990175,0.08810623,1.0094465
circles,fixed_amplitude,4096,561,0.91669539,0.00149852,1.02075044
circles,fixed_amplitude,4096,562,0.91395388,0.07113909,1.01021341
circles,fixed_amplitude,4096,563,0.91598277,0.0029701,1.00832985
circles,fixed_amplitude,4096,564,0.91161898,0.0098199,1.01053512
circles,fixed_amplitude,4096,565,0.9099427,0.05947017,0.98428446
circles,fixed_amplitude,4096,566,0.92929498,0.09195719,1.00210626
circles,fixed_amplitude,4096,567,0.91655218,0.00122485,1.01423596
circles,fixed_amplitude,4096,568,0.91906377,0.05359056,0.98840422
circles,fixed_amplitude,4096,569,0.91869445,0.01527378,1.02470799
circles,fixed_amplitude,4096,570,0.91002007,0.07289548,0.98636617
circles,fixed_amplitude,4096,571,0.9133272,0.01333758,0.98579913
circles,fixed_amplitude,4096,572,0.90844332,0.05363714,1.01535909
circles,fixed_amplitude,4096,573,0.9289348,0.04185113,0.99157877
circles,fixed_amplitude,4096,574,0.91981768,0.00353131,0.98838879
circles,fixed_amplitude,4096,575,0.9109833,0.00952307,1.01646914
circles,fixed_amplitude,4096,576,0.9159595,0.0293751,1.02127761
circles,fixed_amplitude,4096,577,0.91530697,0.07804514,0.99117349
circles,fixed_amplitude,4096,578,0.91980377,0.02901286,0.99242366
circles,fixed_amplitude,4096,579,0.9133813,0.01536135,1.00225185
circles,fixed_amplitude,4096,580,0.91533059,0.00010058,0.99452298
circles,fixed_amplitude,4096,581,0.92333858,0.004231,0.98586565
circles,fixed_amplitude,4096,582,0.92340899,0.01465014,0.99197484
circles,fixed_amplitude,4096,583,0.91302873,0.07166125,0.98566769
circles,fixed_amplitude,4096,584,0.91640058,0.00084003,1.0194094
circles,fixed_amplitude,4096,585,0.92310312,0.04224199,1.01206671
circles,fixed_amplitude,4096,586,0.91537279,0.03177257,0.99690516
circles,fixed_amplitude,4096,587,0.92067618,0.02282722,0.98162569
circles,fixed_amplitude,4096,588,0.92314608,0.03802778,0.99857987
circles,fixed_amplitude,4096,589,0.91733666,0.02600228,0.96283624
circles,fixed_amplitude,4096,590,0.92299789,0.0110199,1.00374072
circles,fixed_amplitude,4096,591,0.91930873,0.01799246,0.9975191
circles,fixed_amplitude,4096,592,0.91760349,0.04886349,1.00823948
circles,fixed_amplitude,4096,593,0.91409268,0.02500118,1.00022474
circles,fixed_amplitude,4096,594,0.91464494,0.01850357,0.98589302
circles,fixed_amplitude,4096,595,0.9141381,0.00022971,1.00466275
circles,fixed_amplitude,4096,596,0.92089473,0.02329219,1.00402677
circles,fixed_amplitude,4096,597,0.90974596,0.02410772,0.98930204
circles,fixed_amplitude,4096,598,0.90792686,0.04756057,0.98450735
circles,fixed_amplitude,4096,599,0.92081668,0.06084979,0.99869071
circles,fixed_amplitude,4096,600,0.92054075,0.13113544,1.01807165
circles,fixed_amplitude,4096,601,0.91975013,0.04537823,1.00836705
circles,fixed_amplitude,4096,602,0.91707036,0.08600008,1.020188
circles,fixed_amplitude,4096,603,0.91738737,0.02475641,1.01977163
circles,fixed_amplitude,4096,604,0.92113125,0.04965163,1.02103364
circles,fixed_amplitude,4096,605,0.91129137,0.03094135,0.9967233
circles,fixed_amplitude,4096,606,0.91508331,0.05888201,0.99554788
circles,fixed_amplitude,4096,607,0.91680536,0.02981131,1.00687264
circles,fixed_amplitude,4096,608,0.90849684,0.00170428,1.00938185
circles,fixed_amplitude,4096,609,0.92253175,0.01988679,1.02517017
circles,fixed_amplitude,4096,610,0.91974972,0.01151965,0.99741275
circles,fixed_amplitude,4096,611,0.91339224,0.00568642,1.00169495
circles,fixed_amplitude,4096,612,0.91201329,0.0070235,0.96885891
circles,fixed_amplitude,4096,613,0.91015671,0.04392043,1.00831681
circles,fixed_amplitude,4096,614,0.91671174,0.03687356,0.98486294
circles,fixed_amplitude,4096,615,0.90932121,0.00264139,1.02392449
circles,fixed_amplitude,4096,616,0.91487997,0.02642928,1.00518308
circles,fixed_amplitude,4096,617,0.92151373,0.01376376,1.02008379
circles,fixed_amplitude,4096,618,0.91938763,0.00520173,0.99806799
circles,fixed_amplitude,4096,619,0.90815074,0.03448343,1.0077528
circles,fixed_amplitude,4096,620,0.90978324,0.09929485,1.03649912
circles,fixed_amplitude,4096,621,0.92110129,0.11390942,1.00621324
circles,fixed_amplitude,4096,622,0.92507695,0.03662291,0.99366409
circles,fixed_amplitude,4096,623,0.92045318,0.00775351,1.00792581
circles,fixed_amplitude,4096,624,0.91122114,0.11832353,0.99512112
circles,fixed_amplitude,4096,625,0.91497096,0.0074326,0.99771678
circles,fixed_amplitude,4096,626,0.91134396,0.01359456,1.01808429
circles,fixed_amplitude,4096,627,0.92122924,0.07149396,0.99379218
circles,fixed_amplitude,4096,628,0.92288491,0.04343273,0.99057025
circles,fixed_amplitude,4096,629,0.91794038,0.04814896,0.99371049
circles,fixed_amplitude,4096,630,0.92072454,0.0713395,1.03443009
circles,fixed_amplitude,4096,631,0.92200174,0.05293018,1.01117349
circles,fixed_amplitude,4096,632,0.91466099,0.05938159,1.0017308
circles,fixed_amplitude,4096,633,0.91675612,0.00974735,1.02124487
circles,fixed_amplitude,4096,634,0.91704148,0.02959593,1.0289954
circles,fixed_amplitude,4096,635,0.91679345,0.02905588,1.00827502
circles,fixed_amplitude,4096,636,0.91290234,0.03606956,0.99513546
circles,fixed_amplitude,4096,637,0.91426903,0.1293955,1.01582088
circles,fixed_amplitude,4096,638,0.9119626,0.06464061,1.0181634
circles,fixed_amplitude,4096,639,0.90802395,0.00090901,1.02180917
circles,fixed_amplitude,4096,640,0.91311515,0.00961264,1.01437808
circles,fixed_amplitude,4096,641,0.9163475,0.11286161,1.01205229
circles,fixed_amplitude,4096,642,0.9059589,0.04470715,0.99884147
circles,fixed_amplitude,4096,643,0.91805322,0.14343246,1.00291533
circles,fixed_amplitude,4096,644,0.91022434,0.02232131,0.99269708
circles,fixed_amplitude,4096,645,0.92434144,0.05332823,0.99114904
circles,fixed_amplitude,4096,646,0.91963568,0.07017577,0.99076359
circles,fixed_amplitude,4096,647,0.91660643,0.00551984,1.04194886
circles,fixed_amplitude,4096,648,0.92080894,0.03155834,1.00125721
circles,fixed_amplitude,4096,649,0.92885306,0.06320913,0.98002822
circles,fixed_amplitude,4096,650,0.92028818,0.05665041,0.99427633
circles,fixed_amplitude,4096,651,0.91941535,0.05656135,1.01431262
circles,fixed_amplitude,4096,652,0.92050718,0.00905233,1.00782141
circles,fixed_amplitude,4096,653,0.9168895,0.00587916,1.00392794
circles,fixed_amplitude,4096,654,0.91140415,0.10131648,0.99933175
circles,fixed_amplitude,4096,655,0.91301343,0.02427472,1.01225339
circles,fixed_amplitude,4096,656,0.91193617,0.03537404,0.99333557
circles,fixed_amplitude,4096,657,0.91891274,0.03591293,0.99927085
circles,fixed_amplitude,4096,658,0.91654407,0.00503681,1.00445903
circles,fixed_amplitude,4096,659,0.91360977,0.06018461,0.98297667
circles,fixed_amplitude,4096,660,0.92113067,0.00376914,0.97925872
circles,fixed_amplitude,4096,661,0.91224154,0.05532284,1.00733664
circles,fixed_amplitude,4096,662,0.9295591,0.00766925,0.98166317
circles,fixed_amplitude,4096,663,0.91304809,0.00478018,0.98769431
circles,fixed_amplitude,4096,664,0.91952891,0.05185653,0.99435681
circles,fixed_amplitude,4096,665,0.91558662,0.00323225,1.02529521
circles,fixed_amplitude,4096,666,0.92053758,0.00019952,1.01234046
circles,fixed_amplitude,4096,667,0.91914468,0.05315689,1.0012227
circles,fixed_amplitude,4096,668,0.91093916,0.03251206,0.99347302
circles,fixed_amplitude,4096,669,0.91854909,0.07184415,1.01473821
circles,fixed_amplitude,4096,670,0.91119929,0.02742845,1.00754217
circles,fixed_amplitude,4096,671,0.91769411,0.0142399,1.0012355
circles,fixed_amplitude,4096,672,0.92295062,0.00104412,0.99625546
circles,fixed_amplitude,4096,673,0.9214806,0.0182389,1.04289663
circles,fixed_amplitude,4096,674,0.91174497,0.01803328,1.00362014
circles,fixed_amplitude,4096,675,0.91942029,0.00544622,0.99902651
circles,fixed_amplitude,4096,676,0.91338647,0.00859756,0.99184003
circles,fixed_amplitude,4096,677,0.92689846,0.04992265,0.99077516
circles,fixed_amplitude,4096,678,0.90840768,0.06843137,1.00065404
circles,fixed_amplitude,4096,679,0.91501368,0.03597324,1.01389799
circles,fixed_amplitude,4096,680,0.92094646,0.06957646,0.98479114
circles,fixed_amplitude,4096,681,0.90549369,0.00609628,1.01068794
circles,fixed_amplitude,4096,682,0.91115506,0.10129094,0.99092296
circles,fixed_amplitude,4096,683,0.909623,0.0106086,1.00413139
circles,fixed_amplitude,4096,684,0.92679032,0.03129833,0.99178836
circles,fixed_amplitude,4096,685,0.91747115,0.06423891,1.00703201
circles,fixed_amplitude,4096,686,0.91264129,0.023897,0.98697389
circles,fixed_amplitude,4096,687,0.91664532,0.04291834,0.98708678
circles,fixed_amplitude,4096,688,0.91289719,0.02035378,0.99084771
circles,fixed_amplitude,4096,689,0.91664088,0.05313693,0.98731697
circles,fixed_amplitude,4096,690,0.91789064,0.13673507,1.0104293
circles,fixed_amplitude,4096,691,0.91485525,0.0148934,1.01008068
circles,fixed_amplitude,4096,692,0.92179446,0.03786022,0.99202956
circles,fixed_amplitude,4096,693,0.91971922,0.04400303,1.01469547
circles,fixed_amplitude,4096,694,0.9137972,0.04470328,0.99489097
circles,fixed_amplitude,4096,695,0.90153331,0.02402819,0.99366472
circles,fixed_amplitude,4096,696,0.91212509,0.02411877,0.99153938
circles,fixed_amplitude,4096,697,0.91178235,0.02420905,0.95291862
circles,fixed_amplitude,4096,698,0.92420109,0.00087712,1.00082421
circles,fixed_amplitude,4096,699,0.9259004,0.00448836,0.98195491
circles,fixed_amplitude,4096,700,0.91044981,0.05705178,1.0127396
circles,fixed_amplitude,4096,701,0.91055949,0.06662671,1.00005351
circles,fixed_amplitude,4096,702,0.92854293,0.09899632,0.97221357
circles,fixed_amplitude,4096,703,0.91681632,0.00901708,1.01379834
circles,fixed_amplitude,4096,704,0.92581351,0.02985075,0.99066289
circles,fixed_amplitude,4096,705,0.92668158,0.00480292,1.00796088
circles,fixed_amplitude,4096,706,0.91434874,0.02982893,1.00446449
circles,fixed_amplitude,4096,707,0.91395997,0.02313119,1.0123419
circles,fixed_amplitude,4096,708,0.91745537,0.04284458,0.98875189
circles,fixed_amplitude,4096,709,0.90787201,0.03652177,1.000099
circles,fixed_amplitude,4096,710,0.92105806,0.02963977,1.0085155
circles,fixed_amplitude,4096,711,0.91587653,0.00987059,1.00678756
circles,fixed_amplitude,4096,712,0.92374559,0.02871529,1.01939753
circles,fixed_amplitude,4096,713,0.92196626,0.06009524,0.97089591
circles,fixed_amplitude,4096,714,0.93168075,0.01480595,1.01187934
circles,fixed_amplitude,4096,715,0.92025423,0.04836583,1.01073654
circles,fixed_amplitude,4096,716,0.9090818,0.02883807,1.01044528
circles,fixed_amplitude,4096,717,0.90969182,0.02093563,0.99164028
circles,fixed_amplitude,4096,718,0.91586848,0.01271988,1.02844988
circles,fixed_amplitude,4096,719,0.93126623,0.09912816,0.99639014
circles,fixed_amplitude,4096,720,0.91011659,0.02761153,1.01093218
circles,fixed_amplitude,4096,721,0.91798127,0.12327159,0.97385631
circles,fixed_amplitude,4096,722,0.90458059,0.0670527,0.99635331
circles,fixed_amplitude,4096,723,0.91487343,0.0318666,0.98174531
circles,fixed_amplitude,4096,724,0.92187455,0.07694408,0.97286844
circles,fixed_amplitude,4096,725,0.92169848,0.06907701,1.0156041
circles,fixed_amplitude,4096,726,0.91375704,0.08279991,1.00653867
circles,fixed_amplitude,4096,727,0.91064289,0.00547807,1.02138657
circles,fixed_amplitude,4096,728,0.92157278,0.05538639,1.0066794
circles,fixed_amplitude,4096,729,0.91590957,0.00289255,1.01880548
circles,fixed_amplitude,4096,730,0.92008394,0.00580099,1.00684873
circles,fixed_amplitude,4096,731,0.91415781,0.08059729,0.97872938
circles,fixed_amplitude,4096,732,0.91265486,0.01676794,1.00435981
circles,fixed_amplitude,4096,733,0.91403727,0.0788528,1.04340763
circles,fixed_amplitude,4096,734,0.92544807,0.05734137,1.00147031
circles,fixed_amplitude,4096,735,0.92120974,0.00990973,1.01368517
circles,fixed_amplitude,4096,736,0.92140239,0.03091489,1.01094916
circles,fixed_amplitude,4096,737,0.91019481,0.06841144,0.99851816
circles,fixed_amplitude,4096,738,0.91908969,0.02283405,0.99417193
circles,fixed_amplitude,4096,739,0.91335417,0.01929982,0.98689858
circles,fixed_amplitude,4096,740,0.91407577,0.12587468,0.98984966
circles,fixed_amplitude,4096,741,0.91385895,0.03119256,0.9916572
circles,fixed_amplitude,4096,742,0.92652394,0.01783968,0.99407573
circles,fixed_amplitude,4096,743,0.91567154,0.00364907,0.9944016
circles,fixed_amplitude,4096,744,0.91999258,0.1014088,0.96891891
circles,fixed_amplitude,4096,745,0.92793852,0.00845927,1.00873267
circles,fixed_amplitude,4096,746,0.90143086,0.07246077,1.00823201
circles,fixed_amplitude,4096,747,0.9212356,0.02454972,1.00451873
circles,fixed_amplitude,4096,748,0.92132988,0.07802637,1.01116556
circles,fixed_amplitude,4096,749,0.92279447,0.06816181,1.01282473
circles,fixed_amplitude,4096,750,0.91898566,0.09063584,1.00945735
circles,fixed_amplitude,4096,751,0.91234193,0.08336257,0.99272806
circles,fixed_amplitude,4096,752,0.91535324,0.04715589,1.01118288
circles,fixed_amplitude,4096,753,0.91151243,0.00055651,1.02660794
circles,fixed_amplitude,4096,754,0.92116005,0.0047231,0.99736895
circles,fixed_amplitude,4096,755,0.91679112,0.00251131,0.99336738
circles,fixed_amplitude,4096,756,0.91469072,0.05108616,1.00280808
circles,fixed_amplitude,4096,757,0.92075468,0.00823235,1.01588303
circles,fixed_amplitude,4096,758,0.92325291,0.02611442,0.99877408
circles,fixed_amplitude,4096,759,0.92084291,0.01352825,0.98829068
circles,fixed_amplitude,4096,760,0.91916457,0.04474659,0.97682396
circles,fixed_amplitude,4096,761,0.92346135,0.01491099,0.99359948
circles,fixed_amplitude,4096,762,0.91715462,0.03348602,0.99982758
circles,fixed_amplitude,4096,763,0.91125211,0.00734239,0.98434493
circles,fixed_amplitude,4096,764,0.92263613,0.06765386,1.00114663
circles,fixed_amplitude,4096,765,0.91971822,0.0502982,1.01211399
circles,fixed_amplitude,4096,766,0.91468975,0.05410614,1.02915787
circles,fixed_amplitude,4096,767,0.91680081,0.06059338,1.03770896
circles,fixed_amplitude,4096,768,0.92787686,0.0672534,0.98466538
circles,fixed_amplitude,4096,769,0.91609992,0.00692363,0.9974524
circles,fixed_amplitude,4096,770,0.91982309,0.05053109,0.99793802
circles,fixed_amplitude,4096,771,0.91476224,0.01184624,0.98177878
circles,fixed_amplitude,4096,772,0.92439402,0.01008002,0.98208878
circles,fixed_amplitude,4096,773,0.91169934,0.01467676,1.00279983
circles,fixed_amplitude,4096,774,0.91935179,0.02178225,0.99706034
circles,fixed_amplitude,4096,775,0.90706605,0.03218462,0.99716022
circles,fixed_amplitude,4096,776,0.90574285,0.00501933,0.96932758
circles,fixed_amplitude,4096,777,0.91680895,0.04612993,1.02781899
circles,fixed_amplitude,4096,778,0.91763229,0.01813225,0.98074538
circles,fixed_amplitude,4096,779,0.91617591,0.05101331,1.01848319
circles,fixed_amplitude,4096,780,0.92697355,0.04805134,0.98633759
circles,fixed_amplitude,4096,781,0.90692058,0.06233305,1.00209465
circles,fixed_amplitude,4096,782,0.91550099,0.05637244,1.00742446
circles,fixed_amplitude,4096,783,0.91922443,0.00621033,0.99495418
circles,fixed_amplitude,4096,784,0.91442276,0.00113013,0.98911029
circles,fixed_amplitude,4096,785,0.92963964,0.04694697,1.00823617
circles,fixed_amplitude,4096,786,0.90418451,0.07001714,1.00152937
circles,fixed_amplitude,4096,787,0.917427,0.06436081,1.01687659
circles,fixed_amplitude,4096,788,0.91747476,0.04005141,0.99347562
circles,fixed_amplitude,4096,789,0.91133544,0.02602644,1.01448109
circles,fixed_amplitude,4096,790,0.928324,0.01626237,1.00810994
circles,fixed_amplitude,4096,791,0.91257796,0.00169357,0.99479599
circles,fixed_amplitude,4096,792,0.91169527,0.12469612,0.99111618
circles,fixed_amplitude,4096,793,0.91201433,0.0303464,1.01408032
circles,fixed_amplitude,4096,794,0.92558084,0.02055665,1.00035939
circles,fixed_amplitude,4096,795,0.91765607,0.01929348,1.02512286
circles,fixed_amplitude,4096,796,0.91538463,0.02185103,1.00958462
circles,fixed_amplitude,4096,797,0.9064463,0.01811199,0.9922971
circles,fixed_amplitude,4096,798,0.91438387,0.03004908,0.99731418
circles,fixed_amplitude,4096,799,0.91775717,0.08083129,0.98381894
circles,fixed_amplitude,4096,800,0.90878947,0.03798733,1.00910944
circles,fixed_amplitude,4096,801,0.91500799,0.00258762,0.98665124
circles,fixed_amplitude,4096,802,0.9182576,0.0158589,0.99016241
circles,fixed_amplitude,4096,803,0.91333982,0.03177291,1.01463645
circles,fixed_amplitude,4096,804,0.91959878,0.03762397,0.99006918
circles,fixed_amplitude,4096,805,0.90791942,0.02274224,0.99857833
circles,fixed_amplitude,4096,806,0.91391479,0.06437736,1.01664566
circles,fixed_amplitude,4096,807,0.92068913,0.0488446,0.98595991
circles,fixed_amplitude,4096,808,0.91270884,0.03640439,0.97955975
circles,fixed_amplitude,4096,809,0.90593263,0.05866144,1.01290731
circles,fixed_amplitude,4096,810,0.9088408,0.0339897,1.02376913
circles,fixed_amplitude,4096,811,0.91129699,0.00609723,1.00132447
circles,fixed_amplitude,4096,812,0.90450095,0.00958127,0.99252845
circles,fixed_amplitude,4096,813,0.91115704,0.01963436,0.98205129
circles,fixed_amplitude,4096,814,0.90754335,0.11466953,0.98540768
circles,fixed_amplitude,4096,815,0.92014298,0.01352213,1.00725655
circles,fixed_amplitude,4096,816,0.91904284,0.07749183,0.9791144
circles,fixed_amplitude,4096,817,0.92089457,0.01481361,0.97730509
circles,fixed_amplitude,4096,818,0.91360118,0.04064427,1.00830833
circles,fixed_amplitude,4096,819,0.92196562,0.04935942,0.99756257
circles,fixed_amplitude,4096,820,0.91276129,0.03714756,1.01508698
circles,fixed_amplitude,4096,821,0.92425769,0.01092869,1.01678543
circles,fixed_amplitude,4096,822,0.92374866,0.01234852,1.00080702
circles,fixed_amplitude,4096,823,0.91469807,0.00174396,0.9956322
circles,fixed_amplitude,4096,824,0.91222957,0.04148507,1.00183865
circles,fixed_amplitude,4096,825,0.92191501,0.01045736,1.0090718
circles,fixed_amplitude,4096,826,0.91973094,0.10398036,1.00096088
circles,fixed_amplitude,4096,827,0.91990802,0.0671868,0.98395134
circles,fixed_amplitude,4096,828,0.9120828,0.04351231,0.9927652
circles,fixed_amplitude,4096,829,0.91754734,0.02874808,1.02338511
circles,fixed_amplitude,4096,830,0.91520784,0.02048122,0.98468965
circles,fixed_amplitude,4096,831,0.91590318,0.00882316,0.98624401
circles,fixed_amplitude,4096,832,0.91926146,0.06367129,1.01316469
circles,fixed_amplitude,4096,833,0.91575772,0.03348552,0.96318974
circles,fixed_amplitude,4096,834,0.90718441,0.0231935,1.01171485
circles,fixed_amplitude,4096,835,0.9060612,0.0252869,1.00699032
circles,fixed_amplitude,4096,836,0.91606258,0.0024652,1.00795952
circles,fixed_amplitude,4096,837,0.91157531,0.00890315,1.00111909
circles,fixed_amplitude,4096,838,0.92720942,0.0191949,0.96772358
circles,fixed_amplitude,4096,839,0.90344093,0.02970527,0.99685618
circles,fixed_amplitude,4096,840,0.90965673,0.10959609,1.00729637
circles,fixed_amplitude,4096,841,0.92856975,0.02728283,0.98258198
circles,fixed_amplitude,4096,842,0.91955721,0.08114448,0.9952541
circles,fixed_amplitude,4096,843,0.91091785,0.00327391,0.99402462
circles,fixed_amplitude,4096,844,0.91897585,0.04125423,1.03721282
circles,fixed_amplitude,4096,845,0.91778977,0.01317628,0.98660653
circles,fixed_amplitude,4096,846,0.91389567,0.02911973,0.99979356
circles,fixed_amplitude,4096,847,0.9252552,0.04207784,1.00340688
circles,fixed_amplitude,4096,848,0.92996591,0.08654964,0.99242486
circles,fixed_amplitude,4096,849,0.91490618,0.1281086,0.98911981
circles,fixed_amplitude,4096,850,0.91902751,0.01293512,0.98515074
circles,fixed_amplitude,4096,851,0.91843375,0.07514282,0.99083625
circles,fixed_amplitude,4096,852,0.91179709,0.03409176,0.98100968
circles,fixed_amplitude,4096,853,0.92101941,0.06050084,1.0030515
circles,fixed_amplitude,4096,854,0.91877813,0.05678686,1.03577607
circles,fixed_amplitude,4096,855,0.91260016,0.08155085,1.00473421
circles,fixed_amplitude,4096,856,0.90549249,0.00345974,0.99074358
circles,fixed_amplitude,4096,857,0.90887135,0.04146188,0.97043807
circles,fixed_amplitude,4096,858,0.92441944,0.1124535,0.98499843
circles,fixed_amplitude,4096,859,0.9067959,0.01633579,1.00540517
circles,fixed_amplitude,4096,860,0.92055512,0.07059899,0.99935163
circles,fixed_amplitude,4096,861,0.91529287,0.0896427,0.99301399
circles,fixed_amplitude,4096,862,0.9204748,0.02919359,1.00809967
circles,fixed_amplitude,4096,863,0.92309069,0.02693932,1.00827509
circles,fixed_amplitude,4096,864,0.92285719,0.01376336,0.99401123
circles,fixed_amplitude,4096,865,0.9153956,0.01841351,1.02347945
circles,fixed_amplitude,4096,866,0.93069359,6.017e-05,0.98655081
circles,fixed_amplitude,4096,867,0.9147732,0.0465112,0.99239291
circles,fixed_amplitude,4096,868,0.90956549,0.04745986,1.00987524
circles,fixed_amplitude,4096,869,0.91902107,0.04378059,0.99892282
circles,fixed_amplitude,4096,870,0.9204892,0.01203542,0.98711467
circles,fixed_amplitude,4096,871,0.92451103,0.02314692,1.00903921
circles,fixed_amplitude,4096,872,0.90720467,0.05484603,0.98690042
circles,fixed_amplitude,4096,873,0.91547237,0.08369984,1.01164496
circles,fixed_amplitude,4096,874,0.92203103,0.04850691,1.02239242
circles,fixed_amplitude,4096,875,0.91200321,0.05659018,1.00543689
circles,fixed_amplitude,4096,876,0.92002894,0.00583264,1.00457614
circles,fixed_amplitude,4096,877,0.90727789,0.00071214,1.01873238
circles,fixed_amplitude,4096,878,0.92171451,0.07935589,0.98807199
circles,fixed_amplitude,4096,879,0.91640028,0.01606485,1.01608144
circles,fixed_amplitude,4096,880,0.91679592,0.03112853,0.95290669
circles,fixed_amplitude,4096,881,0.91639512,0.02755009,1.00713959
circles,fixed_amplitude,4096,882,0.92158607,0.00918453,0.97202639
circles,fixed_amplitude,4096,883,0.92765334,0.02719785,1.00509711
circles,fixed_amplitude,4096,884,0.91988927,0.01335329,0.98202514
circles,fixed_amplitude,4096,885,0.91850069,0.07938164,1.01363467
circles,fixed_amplitude,4096,886,0.92317976,0.04692245,1.00539791
circles,fixed_amplitude,4096,887,0.90439236,0.03207901,1.01694303
circles,fixed_amplitude,4096,888,0.91024574,0.0748541,1.01606568
circles,fixed_amplitude,4096,889,0.91788848,0.0528282,0.99952523
circles,fixed_amplitude,4096,890,0.915208,0.0044671,1.02752177
circles,fixed_amplitude,4096,891,0.91573563,0.05644848,1.01960725
circles,fixed_amplitude,4096,892,0.90811983,0.05195012,1.00930668
circles,fixed_amplitude,4096,893,0.91057563,0.0578304,0.98622748
circles,fixed_amplitude,4096,894,0.91642526,0.00276333,1.01524741
circles,fixed_amplitude,4096,895,0.91914396,0.00688762,0.97868483
circles,fixed_amplitude,4096,896,0.91508307,0.03490242,1.03614502
circles,fixed_amplitude,4096,897,0.90214766,0.00030068,1.02007112
circles,fixed_amplitude,4096,898,0.91340019,0.02887843,1.01102588
circles,fixed_amplitude,4096,899,0.91566797,0.01777922,1.01404311
circles,fixed_amplitude,4096,900,0.91842886,0.01452963,0.99802256
circles,fixed_amplitude,4096,901,0.91803407,0.0114399,0.98965312
circles,fixed_amplitude,4096,902,0.92353463,0.00297082,1.01458322
circles,fixed_amplitude,4096,903,0.9137496,0.02984438,1.04002118
circles,fixed_amplitude,4096,904,0.91152916,0.00289363,0.97599669
circles,fixed_amplitude,4096,905,0.92707435,0.00346914,0.98839807
circles,fixed_amplitude,4096,906,0.92756073,0.07572477,1.00837356
circles,fixed_amplitude,4096,907,0.91061617,0.04006484,0.99077074
circles,fixed_amplitude,4096,908,0.91013265,0.03659959,1.0026834
circles,fixed_amplitude,4096,909,0.92075924,0.0043766,1.01065561
circles,fixed_amplitude,4096,910,0.90668924,0.0124094,1.00516589
circles,fixed_amplitude,4096,911,0.91782766,0.01722814,1.01290484
circles,fixed_amplitude,4096,912,0.90855715,0.07302522,0.98813478
circles,fixed_amplitude,4096,913,0.91441103,0.07362438,1.01855046
circles,fixed_amplitude,4096,914,0.91351721,0.01167194,0.98690013
circles,fixed_amplitude,4096,915,0.91157974,0.04560522,1.01582606
circles,fixed_amplitude,4096,916,0.91305428,0.088799,0.99279553
circles,fixed_amplitude,4096,917,0.91610292,0.01530153,0.99928368
circles,fixed_amplitude,4096,918,0.91992106,0.00562214,1.00568919
circles,fixed_amplitude,4096,919,0.91426851,0.08319538,0.97589633
circles,fixed_amplitude,4096,920,0.91307374,0.01629387,1.00516598
circles,fixed_amplitude,4096,921,0.92041798,0.00777201,1.02187596
circles,fixed_amplitude,4096,922,0.91647968,0.03697703,1.00382598
circles,fixed_amplitude,4096,923,0.9267127,0.04066869,1.03219339
circles,fixed_amplitude,4096,924,0.91891554,0.01695963,1.01526448
circles,fixed_amplitude,4096,925,0.91606979,0.03304354,1.01158167
circles,fixed_amplitude,4096,926,0.91502388,0.13695289,1.01767227
circles,fixed_amplitude,4096,927,0.90733293,0.10589807,0.9952958
circles,fixed_amplitude,4096,928,0.91965311,0.02880067,1.00754363
circles,fixed_amplitude,4096,929,0.91209161,0.08429408,1.04094841
circles,fixed_amplitude,4096,930,0.91984305,0.05479167,0.98831426
circles,fixed_amplitude,4096,931,0.91807593,0.05516772,1.02348753
circles,fixed_amplitude,4096,932,0.90777054,0.0060569,0.98709732
circles,fixed_amplitude,4096,933,0.92748792,0.02067649,1.0186569
circles,fixed_amplitude,4096,934,0.90248833,0.03460495,0.99096992
circles,fixed_amplitude,4096,935,0.90954847,0.05727298,0.99431971
circles,fixed_amplitude,4096,936,0.93549474,0.02378594,0.98255035
circles,fixed_amplitude,4096,937,0.9176829,0.05485707,0.99199045
circles,fixed_amplitude,4096,938,0.9130156,0.00683085,1.01696702
circles,fixed_amplitude,4096,939,0.91724746,0.01886181,0.97966405
circles,fixed_amplitude,4096,940,0.92305307,0.03788411,0.99068216
circles,fixed_amplitude,4096,941,0.91989607,0.02842118,0.98841387
circles,fixed_amplitude,4096,942,0.90317689,0.04156071,0.99861796
circles,fixed_amplitude,4096,943,0.91686473,0.03466813,1.00684975
circles,fixed_amplitude,4096,944,0.90897666,0.04730521,1.02239117
circles,fixed_amplitude,4096,945,0.91671013,0.00820901,0.98460047
circles,fixed_amplitude,4096,946,0.90914228,0.08298517,1.0024906
circles,fixed_amplitude,4096,947,0.91270176,0.04385956,1.00768353
circles,fixed_amplitude,4096,948,0.91263772,0.02568992,0.98374681
circles,fixed_amplitude,4096,949,0.90874061,0.04013133,1.01214902
circles,fixed_amplitude,4096,950,0.91478002,0.01994273,1.00911457
circles,fixed_amplitude,4096,951,0.91343468,0.01968457,0.9996567
circles,fixed_amplitude,4096,952,0.92094495,0.07191577,1.01256839
circles,fixed_amplitude,4096,953,0.9145573,0.00825452,1.01613552
circles,fixed_amplitude,4096,954,0.90397827,0.00609552,0.98360157
circles,fixed_amplitude,4096,955,0.91735963,0.04087327,1.00834943
circles,fixed_amplitude,4096,956,0.91437539,0.01715313,1.00260216
circles,fixed_amplitude,4096,957,0.91027979,0.03077179,0.99929315
circles,fixed_amplitude,4096,958,0.91990601,0.02215474,0.98466924
circles,fixed_amplitude,4096,959,0.91671115,0.02517333,1.02152609
circles,fixed_amplitude,4096,960,0.9293893,0.09170562,1.00815228
circles,fixed_amplitude,4096,961,0.91573183,0.0237121,1.0036059
circles,fixed_amplitude,4096,962,0.91534747,0.02665937,0.99765509
circles,fixed_amplitude,4096,963,0.91712785,0.01424951,1.01083103
circles,fixed_amplitude,4096,964,0.92873807,0.02230704,1.01550804
circles,fixed_amplitude,4096,965,0.91743124,0.02853622,0.999522
circles,fixed_amplitude,4096,966,0.92435221,0.01313785,0.98177716
circles,fixed_amplitude,4096,967,0.91966596,0.11456819,1.01939782
circles,fixed_amplitude,4096,968,0.90767307,0.11438614,1.00402188
circles,fixed_amplitude,4096,969,0.90817532,0.0099744,1.0045156
circles,fixed_amplitude,4096,970,0.92425458,0.00902625,1.00978163
circles,fixed_amplitude,4096,971,0.9168293,0.02263104,1.00387852
circles,fixed_amplitude,4096,972,0.91803979,0.03427671,0.9939202
circles,fixed_amplitude,4096,973,0.92458251,0.0952935,1.00808005
circles,fixed_amplitude,4096,974,0.91238914,0.0631947,1.00594601
circles,fixed_amplitude,4096,975,0.91219106,0.03537202,1.01100453
circles,fixed_amplitude,4096,976,0.93164689,0.03118192,1.02461473
circles,fixed_amplitude,4096,977,0.91964021,0.00837171,1.00779221
circles,fixed_amplitude,4096,978,0.91900683,0.09709601,1.01728567
circles,fixed_amplitude,4096,979,0.90564213,0.0692755,0.98888953
circles,fixed_amplitude,4096,980,0.9120704,0.0167513,0.99552923
circles,fixed_amplitude,4096,981,0.91704583,0.01523019,1.00490653
circles,fixed_amplitude,4096,982,0.91143872,0.00250346,0.96462019
circles,fixed_amplitude,4096,983,0.92330259,0.08700659,0.98673767
circles,fixed_amplitude,4096,984,0.91936998,0.00553479,1.003667
circles,fixed_amplitude,4096,985,0.91986952,0.02976977,1.00146643
circles,fixed_amplitude,4096,986,0.90970305,0.07715292,1.01104762
circles,fixed_amplitude,4096,987,0.92637665,0.01616585,0.967184
circles,fixed_amplitude,4096,988,0.91791731,0.04309918,1.02534429
circles,fixed_amplitude,4096,989,0.91309327,0.02917296,1.03732195
circles,fixed_amplitude,4096,990,0.91016342,0.023138,0.98089683
circles,fixed_amplitude,4096,991,0.91952722,0.06526594,1.00499759
circles,fixed_amplitude,4096,992,0.9123352,0.02699203,0.99925927
circles,fixed_amplitude,4096,993,0.91779288,0.01771175,0.99852344
circles,fixed_amplitude,4096,994,0.92279472,0.0787225,0.98975381
circles,fixed_amplitude,4096,995,0.90928084,0.03101201,1.00746609
circles,fixed_amplitude,4096,996,0.91543449,0.01622927,1.02912074
circles,fixed_amplitude,4096,997,0.92313706,0.00600084,1.01741176
circles,fixed_amplitude,4096,998,0.9283963,0.02655063,1.00996636
circles,fixed_amplitude,4096,999,0.91288804,0.03711222,1.02175479
circles,fixed_amplitude,8192,0,0.90983702,0.05048223,1.00712362
circles,fixed_amplitude,8192,1,0.90326414,0.01075608,0.96711513
circles,fixed_amplitude,8192,2,0.91660162,0.0396412,1.01103581
circles,fixed_amplitude,8192,3,0.9178605,0.05266117,0.99476385
circles,fixed_amplitude,8192,4,0.91455638,0.067353,0.99171292
circles,fixed_amplitude,8192,5,0.90869477,0.06244912,1.01210734
circles,fixed_amplitude,8192,6,0.91990997,0.00134797,1.02312616
circles,fixed_amplitude,8192,7,0.91696944,0.06737091,1.00178055
circles,fixed_amplitude,8192,8,0.92105442,0.00613157,1.00279935
circles,fixed_amplitude,8192,9,0.9122403,0.01712038,0.98430706
circles,fixed_amplitude,8192,10,0.91556466,0.01959994,1.0234436
circles,fixed_amplitude,8192,11,0.90892063,0.01237097,0.98463959
circles,fixed_amplitude,8192,12,0.91264715,0.03485679,1.01446369
circles,fixed_amplitude,8192,13,0.92023113,0.06851475,1.03626253
circles,fixed_amplitude,8192,14,0.91283728,0.02421524,0.9991207
circles,fixed_amplitude,8192,15,0.90693676,0.04338832,1.01070712
circles,fixed_amplitude,8192,16,0.91853802,0.08204244,1.02066663
circles,fixed_amplitude,8192,17,0.91685546,0.0576774,1.02518039
circles,fixed_amplitude,8192,18,0.90378749,3.982e-05,1.01341671
circles,fixed_amplitude,8192,19,0.91119909,0.0009031,0.98248038
circles,fixed_amplitude,8192,20,0.90647365,0.0397502,0.9964035
circles,fixed_amplitude,8192,21,0.91423651,0.02642546,1.00073826
circles,fixed_amplitude,8192,22,0.90985999,0.01334817,1.00353864
circles,fixed_amplitude,8192,23,0.9218107,0.01561477,1.00090665
circles,fixed_amplitude,8192,24,0.91680424,0.01493036,1.00139774
circles,fixed_amplitude,8192,25,0.91095192,0.13540506,0.99151305
circles,fixed_amplitude,8192,26,0.926833,0.08939154,1.01078684
circles,fixed_amplitude,8192,27,0.92335873,0.04528433,1.01854597
circles,fixed_amplitude,8192,28,0.913918,0.09361356,1.00479401
circles,fixed_amplitude,8192,29,0.91689826,0.07837898,0.99979898
circles,fixed_amplitude,8192,30,0.92084842,0.03851325,1.00633566
circles,fixed_amplitude,8192,31,0.91682359,0.01365587,1.00511642
circles,fixed_amplitude,8192,32,0.91776581,0.00067845,0.9762899
circles,fixed_amplitude,8192,33,0.9115728,0.04766234,0.99601177
circles,fixed_amplitude,8192,34,0.91682243,0.02053829,1.00407584
circles,fixed_amplitude,8192,35,0.9155184,0.02258389,0.99211462
circles,fixed_amplitude,8192,36,0.91166292,0.05342176,0.98164561
circles,fixed_amplitude,8192,37,0.93135227,0.00222532,0.98740979
circles,fixed_amplitude,8192,38,0.9144442,0.02903041,0.99418258
circles,fixed_amplitude,8192,39,0.91181814,0.08024419,0.98310319
circles,fixed_amplitude,8192,40,0.91880343,0.03430034,0.99999035
circles,fixed_amplitude,8192,41,0.92180237,0.05484413,1.00320452
circles,fixed_amplitude,8192,42,0.91787612,0.09947063,1.0016876
circles,fixed_amplitude,8192,43,0.91625753,0.04517764,1.02078747
circles,fixed_amplitude,8192,44,0.93043445,0.02103228,0.98538083
circles,fixed_amplitude,8192,45,0.92209713,0.05243255,0.99417551
circles,fixed_amplitude,8192,46,0.91227879,0.0748121,0.9845168
circles,fixed_amplitude,8192,47,0.9168903,0.01643296,1.0168134
circles,fixed_amplitude,8192,48,0.90566093,0.07219891,1.02414361
circles,fixed_amplitude,8192,49,0.91721202,0.03681127,1.00859367
circles,fixed_amplitude,8192,50,0.91558075,0.04751918,0.99016369
circles,fixed_amplitude,8192,51,0.92506454,0.05559474,0.98203275
circles,fixed_amplitude,8192,52,0.9092944,0.03414606,0.98218578
circles,fixed_amplitude,8192,53,0.90520026,0.00101818,1.03499908
circles,fixed_amplitude,8192,54,0.91404028,0.07238191,0.98079677
circles,fixed_amplitude,8192,55,0.91429015,0.0226273,0.97772232
circles,fixed_amplitude,8192,56,0.92839539,0.01341358,1.01806276
circles,fixed_amplitude,8192,57,0.91714484,0.01222949,0.98603268
circles,fixed_amplitude,8192,58,0.91800374,0.05097326,1.03286621
circles,fixed_amplitude,8192,59,0.92430341,0.14163962,1.01777688
circles,fixed_amplitude,8192,60,0.90888951,0.07197302,0.98845509
circles,fixed_amplitude,8192,61,0.91196942,0.05784635,1.01415259
circles,fixed_amplitude,8192,62,0.91773797,0.0257377,0.97560244
circles,fixed_amplitude,8192,63,0.90769786,0.01966578,1.0152713
circles,fixed_amplitude,8192,64,0.9166053,0.0611138,0.99767744
circles,fixed_amplitude,8192,65,0.92122034,0.02870227,0.99233516
circles,fixed_amplitude,8192,66,0.90761929,0.03473453,0.98796419
circles,fixed_amplitude,8192,67,0.91097897,0.00965128,1.00308236
circles,fixed_amplitude,8192,68,0.91027782,0.0213943,0.98961156
circles,fixed_amplitude,8192,69,0.91386794,0.07545758,0.98661173
circles,fixed_amplitude,8192,70,0.91676978,0.05374524,1.00349449
circles,fixed_amplitude,8192,71,0.91461836,0.07222647,1.00646751
circles,fixed_amplitude,8192,72,0.90248104,0.01266442,1.00467658
circles,fixed_amplitude,8192,73,0.91151971,0.02243101,1.02204582
circles,fixed_amplitude,8192,74,0.92086717,0.00169454,0.9918199
circles,fixed_amplitude,8192,75,0.91774142,0.03581672,1.02543646
circles,fixed_amplitude,8192,76,0.92001449,0.08866254,1.02365345
circles,fixed_amplitude,8192,77,0.91235928,0.11218459,1.01257951
circles,fixed_amplitude,8192,78,0.92429519,0.00322849,0.98978047
circles,fixed_amplitude,8192,79,0.91368564,0.00767026,1.00775463
circles,fixed_amplitude,8192,80,0.91140506,0.01556295,1.0081717
circles,fixed_amplitude,8192,81,0.9247916,0.00241565,1.00209632
circles,fixed_amplitude,8192,82,0.92203523,0.00507965,1.00593003
circles,fixed_amplitude,8192,83,0.92044269,0.03523333,1.00345293
circles,fixed_amplitude,8192,84,0.91586437,0.01828869,0.99947558
circles,fixed_amplitude,8192,85,0.91094379,0.14176616,1.00841052
circles,fixed_amplitude,8192,86,0.9160393,0.05997535,0.98388708
circles,fixed_amplitude,8192,87,0.91210569,0.0715977,1.01663179
circles,fixed_amplitude,8192,88,0.91066611,0.04833052,1.02195826
circles,fixed_amplitude,8192,89,0.91105307,0.02080846,0.98543625
circles,fixed_amplitude,8192,90,0.92184992,0.04727222,1.02158294
circles,fixed_amplitude,8192,91,0.92955519,0.05453974,0.99973764
circles,fixed_amplitude,8192,92,0.91254961,0.04675215,0.99908619
circles,fixed_amplitude,8192,93,0.91557538,0.06642291,0.9864614
circles,fixed_amplitude,8192,94,0.919489,0.08041828,1.01696816
circles,fixed_amplitude,8192,95,0.92102165,0.05152668,1.02699707
circles,fixed_amplitude,8192,96,0.91164127,0.03021532,0.98584785
circles,fixed_amplitude,8192,97,0.91732641,0.07915329,1.00105425
circles,fixed_amplitude,8192,98,0.9240079,0.02884837,1.04207209
circles,fixed_amplitude,8192,99,0.91687218,0.04174142,0.99030365
circles,fixed_amplitude,8192,100,0.92505847,0.03138689,0.97509853
circles,fixed_amplitude,8192,101,0.92597217,0.04812667,0.96401651
circles,fixed_amplitude,8192,102,0.91094704,0.04722115,1.01499996
circles,fixed_amplitude,8192,103,0.91718544,0.02738171,0.98705373
circles,fixed_amplitude,8192,104,0.90772467,0.0470711,1.01722303
circles,fixed_amplitude,8192,105,0.92205328,0.06107424,1.0046227
circles,fixed_amplitude,8192,106,0.92682,0.05034342,1.00413649
circles,fixed_amplitude,8192,107,0.92100605,0.02852499,1.03067983
circles,fixed_amplitude,8192,108,0.92830151,0.0551662,0.99559518
circles,fixed_amplitude,8192,109,0.91119326,0.02142481,0.99667998
circles,fixed_amplitude,8192,110,0.91029821,0.00104324,0.99587658
circles,fixed_amplitude,8192,111,0.93209506,0.02626694,0.99075875
circles,fixed_amplitude,8192,112,0.91117141,0.04339979,0.98828015
circles,fixed_amplitude,8192,113,0.90813321,0.04360308,1.01120863
circles,fixed_amplitude,8192,114,0.91570044,0.0785345,1.00615131
circles,fixed_amplitude,8192,115,0.92658848,0.00027855,0.98768221
circles,fixed_amplitude,8192,116,0.91193748,0.02808158,0.97924468
circles,fixed_amplitude,8192,117,0.9073416,0.04943297,0.99711059
circles,fixed_amplitude,8192,118,0.91904821,0.00384823,1.00004001
circles,fixed_amplitude,8192,119,0.92052772,0.04884822,0.99318197
circles,fixed_amplitude,8192,120,0.92617917,0.05140424,1.01217765
circles,fixed_amplitude,8192,121,0.91265828,0.0957998,0.99761192
circles,fixed_amplitude,8192,122,0.9305132,0.04474939,1.03014506
circles,fixed_amplitude,8192,123,0.91511969,0.02663192,1.01196985
circles,fixed_amplitude,8192,124,0.92318478,0.01498995,0.98267951
circles,fixed_amplitude,8192,125,0.90903076,0.02074487,0.98913046
circles,fixed_amplitude,8192,126,0.92240794,0.02249146,0.95271802
circles,fixed_amplitude,8192,127,0.91923048,0.10547028,1.01498114
circles,fixed_amplitude,8192,128,0.9056908,0.00984707,1.00158487
circles,fixed_amplitude,8192,129,0.91805565,0.01322982,1.00496429
circles,fixed_amplitude,8192,130,0.91569892,0.04037347,0.99852333
circles,fixed_amplitude,8192,131,0.91375435,0.02279542,1.00397215
circles,fixed_amplitude,8192,132,0.90526213,0.01304965,1.0027895
circles,fixed_amplitude,8192,133,0.91895348,0.04447186,1.01633829
circles,fixed_amplitude,8192,134,0.92224699,0.11466094,0.97716378
circles,fixed_amplitude,8192,135,0.91700901,0.02009084,1.03458366
circles,fixed_amplitude,8192,136,0.91887373,0.0732671,1.00889596
circles,fixed_amplitude,8192,137,0.92134548,0.00785748,0.99730193
circles,fixed_amplitude,8192,138,0.91501584,0.12643047,1.00720035
circles,fixed_amplitude,8192,139,0.91281699,0.00470767,0.9635015
circles,fixed_amplitude,8192,140,0.91365031,0.03051253,1.0007157
circles,fixed_amplitude,8192,141,0.92189718,0.02333795,0.99034083
circles,fixed_amplitude,8192,142,0.91948308,0.04378916,1.01335235
circles,fixed_amplitude,8192,143,0.91839668,0.01912681,1.03263206
circles,fixed_amplitude,8192,144,0.91976097,0.01577958,0.99189885
circles,fixed_amplitude,8192,145,0.91722323,0.01021616,0.9946013
circles,fixed_amplitude,8192,146,0.91585069,0.0371887,0.99836838
circles,fixed_amplitude,8192,147,0.91687618,0.06402438,1.0052672
circles,fixed_amplitude,8192,148,0.9097144,0.00386956,0.98807569
circles,fixed_amplitude,8192,149,0.90784522,0.02041502,0.98295003
circles,fixed_amplitude,8192,150,0.91634706,0.00018976,0.97610801
circles,fixed_amplitude,8192,151,0.91861189,0.03193476,0.98592878
circles,fixed_amplitude,8192,152,0.91743938,0.0395348,1.00945516
circles,fixed_amplitude,8192,153,0.90915677,0.03272663,0.97650491
circles,fixed_amplitude,8192,154,0.91500842,0.04952365,0.98633692
circles,fixed_amplitude,8192,155,0.91165875,0.09045119,1.00804627
circles,fixed_amplitude,8192,156,0.93161863,0.02846282,0.97930499
circles,fixed_amplitude,8192,157,0.91922147,0.04882234,1.01960079
circles,fixed_amplitude,8192,158,0.90812151,0.00496116,1.00654197
circles,fixed_amplitude,8192,159,0.90900382,0.16938313,0.99578354
circles,fixed_amplitude,8192,160,0.91290421,0.04734985,1.00307037
circles,fixed_amplitude,8192,161,0.92170868,0.03940807,1.00791506
circles,fixed_amplitude,8192,162,0.91007837,0.04032068,1.00433502
circles,fixed_amplitude,8192,163,0.91112806,0.02734113,0.98278394
circles,fixed_amplitude,8192,164,0.92055566,0.01290335,1.02318942
circles,fixed_amplitude,8192,165,0.91502978,0.06756002,0.99093413
circles,fixed_amplitude,8192,166,0.92065683,0.0466606,1.00151027
circles,fixed_amplitude,8192,167,0.92231721,0.09247176,1.00902309
circles,fixed_amplitude,8192,168,0.9275981,0.02117469,0.97686257
circles,fixed_amplitude,8192,169,0.91880472,0.03261938,1.00050067
circles,fixed_amplitude,8192,170,0.91295872,0.03531452,1.00093403
circles,fixed_amplitude,8192,171,0.91294419,0.01789131,0.97084719
circles,fixed_amplitude,8192,172,0.916518,0.03502536,1.00266794
circles,fixed_amplitude,8192,173,0.91317711,0.0004628,1.00108769
circles,fixed_amplitude,8192,174,0.92155621,0.0205789,0.99146329
circles,fixed_amplitude,8192,175,0.9143645,0.05295382,1.00391689
circles,fixed_amplitude,8192,176,0.91578491,0.0413996,0.9680701
circles,fixed_amplitude,8192,177,0.9106418,0.00707105,1.00635923
circles,fixed_amplitude,8192,178,0.91868184,0.01900875,0.99715179
circles,fixed_amplitude,8192,179,0.90905361,0.07191849,1.0171423
circles,fixed_amplitude,8192,180,0.91935618,0.00032745,0.99090559
circles,fixed_amplitude,8192,181,0.91697765,0.00151099,1.02891694
circles,fixed_amplitude,8192,182,0.92624753,0.00861492,0.98296851
circles,fixed_amplitude,8192,183,0.91608229,0.06732831,1.0241995
circles,fixed_amplitude,8192,184,0.92667002,0.02043036,0.9968754
circles,fixed_amplitude,8192,185,0.91919824,0.05633957,0.98496581
circles,fixed_amplitude,8192,186,0.91592601,0.00296538,0.99387003
circles,fixed_amplitude,8192,187,0.91889205,0.05190321,1.00510232
circles,fixed_amplitude,8192,188,0.91493728,0.05822862,0.97925598
circles,fixed_amplitude,8192,189,0.91703745,0.0349908,0.99696418
circles,fixed_amplitude,8192,190,0.91808394,0.01422247,1.0157734
circles,fixed_amplitude,8192,191,0.91276447,0.01645345,0.98124389
circles,fixed_amplitude,8192,192,0.9082222,0.05672997,1.00875863
circles,fixed_amplitude,8192,193,0.91475984,0.02997203,1.0164687
circles,fixed_amplitude,8192,194,0.91381024,0.00799668,1.00094579
circles,fixed_amplitude,8192,195,0.91612727,0.04244892,0.99949992
circles,fixed_amplitude,8192,196,0.92472018,0.08793486,0.96281614
circles,fixed_amplitude,8192,197,0.9157768,0.0319037,1.00206868
circles,fixed_amplitude,8192,198,0.90298685,0.06290879,0.99961757
circles,fixed_amplitude,8192,199,0.91181296,0.03702212,0.98254063
circles,fixed_amplitude,8192,200,0.91271896,0.00339271,1.0010162
circles,fixed_amplitude,8192,201,0.92329673,0.07362204,0.99459423
circles,fixed_amplitude,8192,202,0.9140486,0.00649261,1.00509452
circles,fixed_amplitude,8192,203,0.91882216,0.03260365,0.98757887
circles,fixed_amplitude,8192,204,0.9099879,0.0831933,0.99336238
circles,fixed_amplitude,8192,205,0.92273923,0.00200216,1.02943684
circles,fixed_amplitude,8192,206,0.91401277,0.02780361,1.00077061
circles,fixed_amplitude,8192,207,0.92403597,0.11240048,1.01579944
circles,fixed_amplitude,8192,208,0.91729243,0.01721095,1.01845107
circles,fixed_amplitude,8192,209,0.92025163,0.02369115,0.9850594
circles,fixed_amplitude,8192,210,0.92904815,0.09835929,0.9756113
circles,fixed_amplitude,8192,211,0.92000851,0.02604568,0.98029217
circles,fixed_amplitude,8192,212,0.92184734,0.01034372,1.00937967
circles,fixed_amplitude,8192,213,0.91588381,0.05592819,1.00270322
circles,fixed_amplitude,8192,214,0.92272803,0.02924391,1.00526065
circles,fixed_amplitude,8192,215,0.91219522,0.06825915,1.01697742
circles,fixed_amplitude,8192,216,0.90509826,0.00582528,0.98882392
circles,fixed_amplitude,8192,217,0.91455422,0.1199606,1.02112227
circles,fixed_amplitude,8192,218,0.92505069,0.02028518,0.97071465
circles,fixed_amplitude,8192,219,0.90916717,0.00246904,0.98823292
circles,fixed_amplitude,8192,220,0.91323321,0.01556798,1.01648407
circles,fixed_amplitude,8192,221,0.90865587,0.06300098,1.01216642
circles,fixed_amplitude,8192,222,0.92046835,0.0065212,1.0015228
circles,fixed_amplitude,8192,223,0.92225027,0.07337833,0.99660083
circles,fixed_amplitude,8192,224,0.91867879,0.01346081,1.00526135
circles,fixed_amplitude,8192,225,0.92004861,0.04023852,0.98237958
circles,fixed_amplitude,8192,226,0.90755938,0.00655164,0.98979421
circles,fixed_amplitude,8192,227,0.91405317,0.00105459,1.00345961
circles,fixed_amplitude,8192,228,0.91102005,0.03918922,0.98808225
circles,fixed_amplitude,8192,229,0.92695157,0.0527424,1.00986958
circles,fixed_amplitude,8192,230,0.92123773,0.0298787,0.99765514
circles,fixed_amplitude,8192,231,0.91185953,0.07366817,1.02601596
circles,fixed_amplitude,8192,232,0.92653701,0.09324902,1.00490629
circles,fixed_amplitude,8192,233,0.91520833,0.03155835,0.99393285
circles,fixed_amplitude,8192,234,0.91660193,0.09969145,0.99356288
circles,fixed_amplitude,8192,235,0.91897764,0.03953084,0.99318942
circles,fixed_amplitude,8192,236,0.91557997,0.00851914,0.98866828
circles,fixed_amplitude,8192,237,0.90930184,0.0243714,1.02065494
circles,fixed_amplitude,8192,238,0.92973901,0.088322,1.02896901
circles,fixed_amplitude,8192,239,0.90943428,0.06871665,1.00911611
circles,fixed_amplitude,8192,240,0.91843454,0.09899749,1.00072715
circles,fixed_amplitude,8192,241,0.9342083,0.09174274,1.00679286
circles,fixed_amplitude,8192,242,0.91471018,0.01550235,1.01360213
circles,fixed_amplitude,8192,243,0.92156475,0.02765141,0.99008355
circles,fixed_amplitude,8192,244,0.9193563,0.01503678,0.96817202
circles,fixed_amplitude,8192,245,0.91604903,0.12007391,1.00340367
circles,fixed_amplitude,8192,246,0.91051108,0.01522551,0.99899042
circles,fixed_amplitude,8192,247,0.9258945,0.01039877,0.99273028
circles,fixed_amplitude,8192,248,0.92138189,0.01441886,0.99678581
circles,fixed_amplitude,8192,249,0.91894789,0.03821758,0.98843792
circles,fixed_amplitude,8192,250,0.92062157,0.01932073,0.99609409
circles,fixed_amplitude,8192,251,0.91677892,0.09300245,1.02046309
circles,fixed_amplitude,8192,252,0.91725286,0.08881096,1.02305541
circles,fixed_amplitude,8192,253,0.92040495,0.03988117,1.00419188
circles,fixed_amplitude,8192,254,0.91881745,0.00626124,1.00483395
circles,fixed_amplitude,8192,255,0.91747055,0.02792567,1.00214948
circles,fixed_amplitude,8192,256,0.92086041,0.04920962,0.99101972
circles,fixed_amplitude,8192,257,0.90947528,0.02138556,0.98137499
circles,fixed_amplitude,8192,258,0.92019359,0.03659226,0.98817432
circles,fixed_amplitude,8192,259,0.91453645,0.05256003,0.99919658
circles,fixed_amplitude,8192,260,0.91800034,0.00037552,0.98796236
circles,fixed_amplitude,8192,261,0.92748042,0.02696773,0.98852304
circles,fixed_amplitude,8192,262,0.91599667,0.03089685,0.99524491
circles,fixed_amplitude,8192,263,0.91208063,0.00460331,1.00519918
circles,fixed_amplitude,8192,264,0.90859679,0.04344812,1.02206334
circles,fixed_amplitude,8192,265,0.92207034,0.02166564,1.01208006
circles,fixed_amplitude,8192,266,0.92415877,0.06235813,0.99298034
circles,fixed_amplitude,8192,267,0.91348699,0.01087758,0.99284169
circles,fixed_amplitude,8192,268,0.92567378,0.03231393,1.01817436
circles,fixed_amplitude,8192,269,0.92029668,0.04711151,0.99148871
circles,fixed_amplitude,8192,270,0.92394448,0.00176016,1.00467344
circles,fixed_amplitude,8192,271,0.91229206,0.01041593,1.02237831
circles,fixed_amplitude,8192,272,0.91678361,0.05189045,1.00218445
circles,fixed_amplitude,8192,273,0.91797748,0.04177196,1.00793551
circles,fixed_amplitude,8192,274,0.92189504,0.02322499,1.01092839
circles,fixed_amplitude,8192,275,0.92311849,0.03044774,1.01974531
circles,fixed_amplitude,8192,276,0.91711875,0.02504212,1.01536372
circles,fixed_amplitude,8192,277,0.92225826,0.02769915,0.98202836
circles,fixed_amplitude,8192,278,0.91367767,0.01045325,0.99715043
circles,fixed_amplitude,8192,279,0.91510708,0.06632268,0.99853091
circles,fixed_amplitude,8192,280,0.92088886,0.00049977,1.02625049
circles,fixed_amplitude,8192,281,0.91106162,0.02485086,1.00178536
circles,fixed_amplitude,8192,282,0.91035354,0.0427142,1.00315365
circles,fixed_amplitude,8192,283,0.9171792,0.02633632,1.00322405
circles,fixed_amplitude,8192,284,0.92226372,0.02737246,1.0125124
circles,fixed_amplitude,8192,285,0.91142629,0.05493055,1.00249352
circles,fixed_amplitude,8192,286,0.92414963,0.03057594,0.99349161
circles,fixed_amplitude,8192,287,0.91435128,0.04986598,0.99720109
circles,fixed_amplitude,8192,288,0.91932299,0.01643657,1.01736587
circles,fixed_amplitude,8192,289,0.90820979,0.03857352,1.00760378
circles,fixed_amplitude,8192,290,0.909316,0.04769268,0.99591416
circles,fixed_amplitude,8192,291,0.91265541,0.02570559,1.01441664
circles,fixed_amplitude,8192,292,0.91526379,0.03470454,0.99957769
circles,fixed_amplitude,8192,293,0.91940442,0.04997519,1.00928154
circles,fixed_amplitude,8192,294,0.91652399,0.02060792,1.00671436
circles,fixed_amplitude,8192,295,0.91983376,0.02503433,1.00698092
circles,fixed_amplitude,8192,296,0.92256737,0.04892429,0.99540898
circles,fixed_amplitude,8192,297,0.91809596,0.06593165,1.00513516
circles,fixed_amplitude,8192,298,0.91029616,0.00404043,0.98677307
circles,fixed_amplitude,8192,299,0.92468554,0.01760593,1.02723873
circles,fixed_amplitude,8192,300,0.91752313,0.09353745,0.99986661
circles,fixed_amplitude,8192,301,0.91780829,0.02006896,1.00412669
circles,fixed_amplitude,8192,302,0.91146166,0.0078491,0.99223561
circles,fixed_amplitude,8192,303,0.90902832,0.05966931,0.9925076
circles,fixed_amplitude,8192,304,0.92147631,0.0861282,0.98626055
circles,fixed_amplitude,8192,305,0.91527097,0.00292033,1.00955824
circles,fixed_amplitude,8192,306,0.92528101,0.0063013,0.98801245
circles,fixed_amplitude,8192,307,0.91302765,0.01584739,0.97192436
circles,fixed_amplitude,8192,308,0.92216104,0.06651815,1.00819011
circles,fixed_amplitude,8192,309,0.91414223,0.00357202,1.00076695
circles,fixed_amplitude,8192,310,0.9257662,0.02262838,1.00174411
circles,fixed_amplitude,8192,311,0.91799118,0.0104293,1.02523777
circles,fixed_amplitude,8192,312,0.91869509,0.02384125,1.03244057
circles,fixed_amplitude,8192,313,0.91264591,0.01876493,0.99761222
circles,fixed_amplitude,8192,314,0.91554511,0.0561985,1.00115593
circles,fixed_amplitude,8192,315,0.91938525,0.04519966,0.9984775
circles,fixed_amplitude,8192,316,0.92189598,0.04605629,0.98946225
circles,fixed_amplitude,8192,317,0.91936689,0.08457391,0.99696938
circles,fixed_amplitude,8192,318,0.92023058,0.06248175,1.02107947
circles,fixed_amplitude,8192,319,0.9126683,0.0343109,1.01592358
circles,fixed_amplitude,8192,320,0.91864625,0.05167533,1.00821542
circles,fixed_amplitude,8192,321,0.91492886,0.00102915,0.97754598
circles,fixed_amplitude,8192,322,0.91992093,0.05159257,0.9756587
circles,fixed_amplitude,8192,323,0.91811168,0.00686608,0.99902708
circles,fixed_amplitude,8192,324,0.91533809,0.03610709,0.96850091
circles,fixed_amplitude,8192,325,0.92226768,0.03661108,1.02185603
circles,fixed_amplitude,8192,326,0.92020628,0.03760961,1.01340469
circles,fixed_amplitude,8192,327,0.92190384,0.03352474,0.99579834
circles,fixed_amplitude,8192,328,0.91577122,0.07085103,1.01594363
circles,fixed_amplitude,8192,329,0.91748176,0.0691046,1.00890783
circles,fixed_amplitude,8192,330,0.91960185,0.01305421,0.99261806
circles,fixed_amplitude,8192,331,0.92503656,0.0045038,1.00000534
circles,fixed_amplitude,8192,332,0.91848534,0.00271947,1.00196421
circles,fixed_amplitude,8192,333,0.91139338,0.09473323,0.99569279
circles,fixed_amplitude,8192,334,0.90621182,0.01325402,1.00655081
circles,fixed_amplitude,8192,335,0.90777047,0.02910008,0.98080231
circles,fixed_amplitude,8192,336,0.91818643,0.03045719,1.00119932
circles,fixed_amplitude,8192,337,0.92326728,0.01502115,0.99893749
circles,fixed_amplitude,8192,338,0.92286174,0.00171296,0.97791785
circles,fixed_amplitude,8192,339,0.9196455,0.12515135,1.0048238
circles,fixed_amplitude,8192,340,0.90827139,0.09553096,0.99519773
circles,fixed_amplitude,8192,341,0.92179239,0.03783706,0.99604731
circles,fixed_amplitude,8192,342,0.91618509,0.0305397,0.99994764
circles,fixed_amplitude,8192,343,0.91798302,0.07634785,1.00863705
circles,fixed_amplitude,8192,344,0.92126463,0.06262061,0.99616262
circles,fixed_amplitude,8192,345,0.91915018,0.00625214,1.00179897
circles,fixed_amplitude,8192,346,0.90647339,0.00257972,1.0192661
circles,fixed_amplitude,8192,347,0.91115715,0.03086826,0.99497675
circles,fixed_amplitude,8192,348,0.91307191,0.013851,1.00618499
circles,fixed_amplitude,8192,349,0.92282692,0.00846409,0.97593573
circles,fixed_amplitude,8192,350,0.92060144,0.01448311,1.0105841
circles,fixed_amplitude,8192,351,0.92767396,0.03471653,1.01846799
circles,fixed_amplitude,8192,352,0.91401423,0.03663054,0.9730966
circles,fixed_amplitude,8192,353,0.92491284,0.00272503,1.00343542
circles,fixed_amplitude,8192,354,0.9242189,0.06389876,1.02625483
circles,fixed_amplitude,8192,355,0.9191223,0.07738871,0.98115725
circles,fixed_amplitude,8192,356,0.91308616,0.06510082,0.98243987
circles,fixed_amplitude,8192,357,0.92905257,0.0294546,1.02002868
circles,fixed_amplitude,8192,358,0.9177335,0.07248924,1.02447191
circles,fixed_amplitude,8192,359,0.91137463,0.12354984,0.97355564
circles,fixed_amplitude,8192,360,0.91618833,0.0426608,0.98521945
circles,fixed_amplitude,8192,361,0.92040834,0.01194618,0.99211777
circles,fixed_amplitude,8192,362,0.91143081,0.03654725,1.00258585
circles,fixed_amplitude,8192,363,0.91932082,0.03236802,0.99324417
circles,fixed_amplitude,8192,364,0.91202641,0.12166221,1.00263958
circles,fixed_amplitude,8192,365,0.91776864,0.01205946,1.0015772
circles,fixed_amplitude,8192,366,0.91998562,0.02613254,1.01036361
circles,fixed_amplitude,8192,367,0.91781861,0.05533461,1.03313058
circles,fixed_amplitude,8192,368,0.92595881,0.02332721,1.00920427
circles,fixed_amplitude,8192,369,0.90545783,0.08277144,1.01617202
circles,fixed_amplitude,8192,370,0.91811634,0.04646317,1.00135224
circles,fixed_amplitude,8192,371,0.90154663,0.03643003,0.9974189
circles,fixed_amplitude,8192,372,0.91602733,0.06144086,1.0035412
circles,fixed_amplitude,8192,373,0.91605558,0.01429173,0.99366775
circles,fixed_amplitude,8192,374,0.91805623,0.0339551,1.00719952
circles,fixed_amplitude,8192,375,0.9196666,0.09198741,0.98842891
circles,fixed_amplitude,8192,376,0.92534267,0.10716258,1.00573711
circles,fixed_amplitude,8192,377,0.92099872,0.01499671,0.99859033
circles,fixed_amplitude,8192,378,0.91445788,0.0317422,1.02350426
circles,fixed_amplitude,8192,379,0.91187711,0.02188587,1.00605681
circles,fixed_amplitude,8192,380,0.91771302,0.05776044,1.00681395
circles,fixed_amplitude,8192,381,0.93106995,0.03322001,1.00113817
circles,fixed_amplitude,8192,382,0.9185789,0.00087481,0.98969313
circles,fixed_amplitude,8192,383,0.91987621,7.408e-05,1.0238892
circles,fixed_amplitude,8192,384,0.90241531,0.01979815,0.99052109
circles,fixed_amplitude,8192,385,0.90922415,0.0156392,0.98934202
circles,fixed_amplitude,8192,386,0.91397093,0.00496409,0.99027514
circles,fixed_amplitude,8192,387,0.93012488,0.05285707,1.0074809
circles,fixed_amplitude,8192,388,0.92408731,0.02399808,1.03325499
circles,fixed_amplitude,8192,389,0.93040185,0.00828356,1.01412024
circles,fixed_amplitude,8192,390,0.90545753,0.01794359,0.99352227
circles,fixed_amplitude,8192,391,0.92348672,0.00115709,1.00015838
circles,fixed_amplitude,8192,392,0.91571334,0.03935207,1.00998268
circles,fixed_amplitude,8192,393,0.91770892,0.02865902,1.01495226
circles,fixed_amplitude,8192,394,0.91893763,0.09365704,1.01165615
circles,fixed_amplitude,8192,395,0.92277382,0.05151704,1.01494828
circles,fixed_amplitude,8192,396,0.9022688,0.03563843,1.01705656
circles,fixed_amplitude,8192,397,0.91336422,0.00166187,0.99744656
circles,fixed_amplitude,8192,398,0.91454703,0.09290423,0.99134196
circles,fixed_amplitude,8192,399,0.92320197,0.02137507,1.01730739
circles,fixed_amplitude,8192,400,0.91098592,0.00979885,1.01755782
circles,fixed_amplitude,8192,401,0.91873428,0.05829216,0.98727033
circles,fixed_amplitude,8192,402,0.92406366,0.0011746,1.00281058
circles,fixed_amplitude,8192,403,0.91881032,0.07156485,0.99724447
circles,fixed_amplitude,8192,404,0.92554191,0.0904096,1.02500983
circles,fixed_amplitude,8192,405,0.92624489,0.04538484,0.98618763
circles,fixed_amplitude,8192,406,0.91219063,0.08905952,0.99815486
circles,fixed_amplitude,8192,407,0.91654914,0.01126756,0.97366959
circles,fixed_amplitude,8192,408,0.91824357,0.13199618,0.99736672
circles,fixed_amplitude,8192,409,0.91359302,0.02848579,0.99116256
circles,fixed_amplitude,8192,410,0.91851716,0.00468937,1.00590982
circles,fixed_amplitude,8192,411,0.924087,0.04963264,0.99113546
circles,fixed_amplitude,8192,412,0.92337114,0.03835347,0.96743185
circles,fixed_amplitude,8192,413,0.92087671,0.06285273,0.98808739
circles,fixed_amplitude,8192,414,0.91266632,0.04409891,0.99245373
circles,fixed_amplitude,8192,415,0.91182235,0.01858476,1.02136182
circles,fixed_amplitude,8192,416,0.91154573,0.01902037,1.0026768
circles,fixed_amplitude,8192,417,0.90676386,0.03751226,1.00791982
circles,fixed_amplitude,8192,418,0.92199587,0.05735789,1.00994201
circles,fixed_amplitude,8192,419,0.92042406,0.06236165,1.00572037
circles,fixed_amplitude,8192,420,0.91862416,0.03909444,0.99337389
circles,fixed_amplitude,8192,421,0.90620036,0.06719113,1.00249191
circles,fixed_amplitude,8192,422,0.90662943,0.0110109,1.00360131
circles,fixed_amplitude,8192,423,0.92463673,0.06325788,1.00179736
circles,fixed_amplitude,8192,424,0.91881457,0.02717845,0.94949192
circles,fixed_amplitude,8192,425,0.91216824,0.00138247,0.99301083
circles,fixed_amplitude,8192,426,0.91636811,0.02641079,1.01457763
circles,fixed_amplitude,8192,427,0.91849216,0.01428866,0.99886898
circles,fixed_amplitude,8192,428,0.92311415,0.08600189,1.0118453
circles,fixed_amplitude,8192,429,0.90034154,0.01008774,1.02023341
circles,fixed_amplitude,8192,430,0.91273291,0.08706609,0.98670767
circles,fixed_amplitude,8192,431,0.92539324,0.03166384,0.99292807
circles,fixed_amplitude,8192,432,0.91221365,0.04151058,1.01004678
circles,fixed_amplitude,8192,433,0.91261287,0.01167627,0.99880257
circles,fixed_amplitude,8192,434,0.91583824,0.02687075,1.0266761
circles,fixed_amplitude,8192,435,0.91609757,0.03730595,1.0314524
circles,fixed_amplitude,8192,436,0.91479099,0.08324437,1.00233907
circles,fixed_amplitude,8192,437,0.91962918,0.09515082,0.98706586
circles,fixed_amplitude,8192,438,0.92250391,0.00541093,1.03472943
circles,fixed_amplitude,8192,439,0.92050594,0.01505959,0.96777123
circles,fixed_amplitude,8192,440,0.91360218,0.10921399,0.99462886
circles,fixed_amplitude,8192,441,0.92291387,0.06818323,0.99462705
circles,fixed_amplitude,8192,442,0.92023361,0.00082318,0.99492507
circles,fixed_amplitude,8192,443,0.92083167,0.05458173,1.01788455
circles,fixed_amplitude,8192,444,0.91834213,0.0843173,0.988678
circles,fixed_amplitude,8192,445,0.91758542,0.01512891,0.98946543
circles,fixed_amplitude,8192,446,0.92037602,0.05182291,0.9792313
circles,fixed_amplitude,8192,447,0.92056683,0.11484549,0.9842773
circles,fixed_amplitude,8192,448,0.92039742,0.02099445,0.97209596
circles,fixed_amplitude,8192,449,0.91628131,0.04465897,0.99530622
circles,fixed_amplitude,8192,450,0.91017785,0.01336558,0.9718552
circles,fixed_amplitude,8192,451,0.9174582,0.05462006,0.98885152
circles,fixed_amplitude,8192,452,0.92602857,0.01055355,1.0274941
circles,fixed_amplitude,8192,453,0.91147561,0.07463297,1.00027519
circles,fixed_amplitude,8192,454,0.92249684,8.373e-05,1.00153587
circles,fixed_amplitude,8192,455,0.91776811,0.01762815,0.99928493
circles,fixed_amplitude,8192,456,0.92801585,0.02698562,1.00243081
circles,fixed_amplitude,8192,457,0.91634002,0.03199106,1.01502945
circles,fixed_amplitude,8192,458,0.92813024,0.0345688,0.98217809
circles,fixed_amplitude,8192,459,0.915507,0.09612103,0.99957052
circles,fixed_amplitude,8192,460,0.92410472,0.0350012,0.9845216
circles,fixed_amplitude,8192,461,0.91729968,0.06829971,0.99520353
circles,fixed_amplitude,8192,462,0.90834734,0.01575119,1.0272018
circles,fixed_amplitude,8192,463,0.91920642,0.06932156,0.99050457
circles,fixed_amplitude,8192,464,0.91906846,0.08658977,1.00445051
circles,fixed_amplitude,8192,465,0.91448185,0.12233331,1.01016101
circles,fixed_amplitude,8192,466,0.91041701,0.04398159,1.0139809
circles,fixed_amplitude,8192,467,0.91924874,0.09279242,1.00498323
circles,fixed_amplitude,8192,468,0.92013633,0.05692708,1.00601224
circles,fixed_amplitude,8192,469,0.90821694,0.06449701,1.02672042
circles,fixed_amplitude,8192,470,0.90543497,0.01436988,1.01196309
circles,fixed_amplitude,8192,471,0.9180272,0.05068386,1.01177029
circles,fixed_amplitude,8192,472,0.90705041,0.06459056,1.00552724
circles,fixed_amplitude,8192,473,0.91865408,0.01036508,1.01712748
circles,fixed_amplitude,8192,474,0.92485657,0.05100391,0.99651452
circles,fixed_amplitude,8192,475,0.91849527,0.01676921,1.01082644
circles,fixed_amplitude,8192,476,0.91805259,0.04630681,1.00799729
circles,fixed_amplitude,8192,477,0.92644338,0.02753357,0.99443001
circles,fixed_amplitude,8192,478,0.91461387,0.03523233,0.9860265
circles,fixed_amplitude,8192,479,0.91918904,0.02183752,0.99755949
circles,fixed_amplitude,8192,480,0.92864187,0.03187057,1.01417253
circles,fixed_amplitude,8192,481,0.91134275,0.02584084,0.98678185
circles,fixed_amplitude,8192,482,0.91087317,0.03820503,0.97551793
circles,fixed_amplitude,8192,483,0.91254787,0.08445595,0.98773765
circles,fixed_amplitude,8192,484,0.92397833,0.08387417,0.98063194
circles,fixed_amplitude,8192,485,0.92127757,0.07999975,0.97764365
circles,fixed_amplitude,8192,486,0.91168693,0.02149418,0.99445055
circles,fixed_amplitude,8192,487,0.91573895,0.03524272,1.00594903
circles,fixed_amplitude,8192,488,0.92519734,0.03227342,1.00484269
circles,fixed_amplitude,8192,489,0.91610828,0.07890506,0.99854674
circles,fixed_amplitude,8192,490,0.90575323,0.05480355,0.98751677
circles,fixed_amplitude,8192,491,0.92585132,0.12261035,1.0250651
circles,fixed_amplitude,8192,492,0.90851224,0.00315249,1.00528291
circles,fixed_amplitude,8192,493,0.90730587,0.0399751,0.99891882
circles,fixed_amplitude,8192,494,0.9162858,0.08391026,1.01514137
circles,fixed_amplitude,8192,495,0.90553942,0.03838778,1.03662799
circles,fixed_amplitude,8192,496,0.92669706,0.01990043,1.00834419
circles,fixed_amplitude,8192,497,0.91973407,0.03237637,1.02052777
circles,fixed_amplitude,8192,498,0.92177179,0.06769679,1.02366663
circles,fixed_amplitude,8192,499,0.91354307,0.05938706,0.9897337
circles,fixed_amplitude,8192,500,0.91060906,0.03333336,1.02349933
circles,fixed_amplitude,8192,501,0.90855382,0.0027164,1.00754975
circles,fixed_amplitude,8192,502,0.91801336,0.05020353,0.99399066
circles,fixed_amplitude,8192,503,0.91877223,0.0724023,0.97928334
circles,fixed_amplitude,8192,504,0.93089943,0.02218795,0.9954103
circles,fixed_amplitude,8192,505,0.91624438,0.09882837,1.03075497
circles,fixed_amplitude,8192,506,0.91239297,0.0243186,1.00189141
circles,fixed_amplitude,8192,507,0.90891447,0.03810455,1.00309114
circles,fixed_amplitude,8192,508,0.91445924,0.0947574,0.97800703
circles,fixed_amplitude,8192,509,0.9133438,0.03863984,1.01555059
circles,fixed_amplitude,8192,510,0.91632958,0.08844516,1.00411071
circles,fixed_amplitude,8192,511,0.91328848,0.03038368,1.0033358
circles,fixed_amplitude,8192,512,0.91131358,0.04079123,1.00978136
circles,fixed_amplitude,8192,513,0.91403923,0.0663149,1.00366533
circles,fixed_amplitude,8192,514,0.92052997,0.00456128,1.018848
circles,fixed_amplitude,8192,515,0.92530219,0.01753547,0.92776935
circles,fixed_amplitude,8192,516,0.91078233,0.05068461,1.00518882
circles,fixed_amplitude,8192,517,0.91839729,0.02931789,0.99595065
circles,fixed_amplitude,8192,518,0.90932683,0.03001653,1.01907148
circles,fixed_amplitude,8192,519,0.91480114,0.07225282,0.99677255
circles,fixed_amplitude,8192,520,0.91583758,5.26e-06,0.99014578
circles,fixed_amplitude,8192,521,0.92296152,0.0419257,0.99406933
circles,fixed_amplitude,8192,522,0.90978067,0.01212641,0.98742147
circles,fixed_amplitude,8192,523,0.92017742,0.04505613,1.00203771
circles,fixed_amplitude,8192,524,0.91131627,0.01093214,0.99084109
circles,fixed_amplitude,8192,525,0.90916312,0.05041842,1.01072741
circles,fixed_amplitude,8192,526,0.91510407,0.04137508,0.99628117
circles,fixed_amplitude,8192,527,0.91224947,0.01092712,0.96603893
circles,fixed_amplitude,8192,528,0.91879972,0.05425537,1.0000522
circles,fixed_amplitude,8192,529,0.91920471,0.07155014,1.01446582
circles,fixed_amplitude,8192,530,0.9165821,0.0635788,1.01186832
circles,fixed_amplitude,8192,531,0.92339105,0.05766768,1.04017552
circles,fixed_amplitude,8192,532,0.91486042,0.02363861,1.01217706
circles,fixed_amplitude,8192,533,0.92360364,0.03192803,1.01848072
circles,fixed_amplitude,8192,534,0.92437942,0.0103739,0.99964201
circles,fixed_amplitude,8192,535,0.91662129,0.01319511,1.01387348
circles,fixed_amplitude,8192,536,0.91215688,0.03674992,1.00480723
circles,fixed_amplitude,8192,537,0.90815817,0.05595978,1.00032356
circles,fixed_amplitude,8192,538,0.92100314,0.00463063,0.97324459
circles,fixed_amplitude,8192,539,0.92567242,0.00602121,1.00087172
circles,fixed_amplitude,8192,540,0.90734002,0.03514266,1.01744253
circles,fixed_amplitude,8192,541,0.90964252,0.02064615,0.9956113
circles,fixed_amplitude,8192,542,0.92247618,0.03367853,0.99603105
circles,fixed_amplitude,8192,543,0.91561391,0.02441858,1.01155744
circles,fixed_amplitude,8192,544,0.92046955,0.01853928,1.02314463
circles,fixed_amplitude,8192,545,0.91042908,0.07101727,1.00527459
circles,fixed_amplitude,8192,546,0.91304112,0.03978599,1.00963229
circles,fixed_amplitude,8192,547,0.92330911,0.0558663,1.00756402
circles,fixed_amplitude,8192,548,0.91874084,0.03473446,0.98843022
circles,fixed_amplitude,8192,549,0.91628399,0.0526579,0.9904161
circles,fixed_amplitude,8192,550,0.91903663,0.04055424,0.98292644
circles,fixed_amplitude,8192,551,0.92072875,0.05371311,1.01014208
circles,fixed_amplitude,8192,552,0.91823875,0.14703813,1.00248441
circles,fixed_amplitude,8192,553,0.91651386,0.06556162,0.98829368
circles,fixed_amplitude,8192,554,0.9162255,0.03997993,1.00888865
circles,fixed_amplitude,8192,555,0.90750267,0.05661959,1.01843286
circles,fixed_amplitude,8192,556,0.92224421,0.03803896,0.99413184
circles,fixed_amplitude,8192,557,0.91966391,0.01055165,1.01791611
circles,fixed_amplitude,8192,558,0.91071851,0.02912832,1.00459529
circles,fixed_amplitude,8192,559,0.91477224,0.0322652,1.00493915
circles,fixed_amplitude,8192,560,0.92074642,0.0301488,1.00041
circles,fixed_amplitude,8192,561,0.91553186,0.02814574,1.02422927
circles,fixed_amplitude,8192,562,0.92456234,0.00677745,1.00515564
circles,fixed_amplitude,8192,563,0.91130882,0.10383885,0.98465669
circles,fixed_amplitude,8192,564,0.90981374,0.0143041,0.99860881
circles,fixed_amplitude,8192,565,0.91156922,0.0740107,0.95752177
circles,fixed_amplitude,8192,566,0.91823169,0.08648765,0.97386119
circles,fixed_amplitude,8192,567,0.91848325,0.02340681,0.97226009
circles,fixed_amplitude,8192,568,0.9178452,0.02947621,1.02373893
circles,fixed_amplitude,8192,569,0.91947299,0.02028477,1.00954812
circles,fixed_amplitude,8192,570,0.91553872,0.05179493,0.98651618
circles,fixed_amplitude,8192,571,0.9213592,0.01538262,1.01078161
circles,fixed_amplitude,8192,572,0.91031712,0.06719952,0.98260913
circles,fixed_amplitude,8192,573,0.91200297,0.03497046,0.98364132
circles,fixed_amplitude,8192,574,0.92322358,0.05928244,1.01242705
circles,fixed_amplitude,8192,575,0.910854,0.05409712,1.01504816
circles,fixed_amplitude,8192,576,0.91861162,0.00492432,0.99503585
circles,fixed_amplitude,8192,577,0.91514608,0.01552868,0.97882383
circles,fixed_amplitude,8192,578,0.921152,0.07435848,0.99816242
circles,fixed_amplitude,8192,579,0.91764247,0.01688025,1.02125221
circles,fixed_amplitude,8192,580,0.92500166,0.09402754,0.99407983
circles,fixed_amplitude,8192,581,0.91555628,0.05960036,0.99597574
circles,fixed_amplitude,8192,582,0.91309413,0.04313671,1.02194726
circles,fixed_amplitude,8192,583,0.92204226,0.06624581,0.99801953
circles,fixed_amplitude,8192,584,0.91603861,0.05696679,0.9938089
circles,fixed_amplitude,8192,585,0.91809527,0.03602154,1.01696523
circles,fixed_amplitude,8192,586,0.92487262,0.00052794,0.98778514
circles,fixed_amplitude,8192,587,0.92116528,0.0624486,0.98947278
circles,fixed_amplitude,8192,588,0.90889268,0.02223657,0.9966748
circles,fixed_amplitude,8192,589,0.92051065,0.05105464,1.02556737
circles,fixed_amplitude,8192,590,0.91408296,0.04591622,0.99609943
circles,fixed_amplitude,8192,591,0.91894708,0.05509269,0.99719059
circles,fixed_amplitude,8192,592,0.9205064,0.05391939,0.98634506
circles,fixed_amplitude,8192,593,0.92096467,0.00096081,0.96756676
circles,fixed_amplitude,8192,594,0.92236547,0.00287773,0.99724813
circles,fixed_amplitude,8192,595,0.91976662,0.08241764,0.97418606
circles,fixed_amplitude,8192,596,0.9236142,0.07493756,0.99165657
circles,fixed_amplitude,8192,597,0.91887543,0.00768032,1.01097732
circles,fixed_amplitude,8192,598,0.92419011,0.02249805,0.98679521
circles,fixed_amplitude,8192,599,0.91465443,0.02563749,1.02441939
circles,fixed_amplitude,8192,600,0.92066938,0.05387121,1.00287845
circles,fixed_amplitude,8192,601,0.9099896,0.04294308,0.97329529
circles,fixed_amplitude,8192,602,0.90857362,0.00274084,1.00363963
circles,fixed_amplitude,8192,603,0.91724083,0.04493623,1.02813239
circles,fixed_amplitude,8192,604,0.92504426,0.00488874,1.00691254
circles,fixed_amplitude,8192,605,0.91602903,0.02252041,1.01109177
circles,fixed_amplitude,8192,606,0.92687904,0.03174897,1.00269098
circles,fixed_amplitude,8192,607,0.93046031,0.06152032,0.99104007
circles,fixed_amplitude,8192,608,0.9231214,0.0091886,1.03339784
circles,fixed_amplitude,8192,609,0.91421373,0.01325347,0.9975476
circles,fixed_amplitude,8192,610,0.90922383,0.06107083,1.02249918
circles,fixed_amplitude,8192,611,0.91288628,0.03104933,1.01515605
circles,fixed_amplitude,8192,612,0.90332708,0.00632899,0.99147331
circles,fixed_amplitude,8192,613,0.91057598,0.06473952,1.01157362
circles,fixed_amplitude,8192,614,0.92203279,0.09948204,0.97594099
circles,fixed_amplitude,8192,615,0.90986285,0.03172667,0.97596945
circles,fixed_amplitude,8192,616,0.91303036,0.04693589,1.00152209
circles,fixed_amplitude,8192,617,0.91458247,0.00923024,1.00920183
circles,fixed_amplitude,8192,618,0.91849679,0.00284984,1.01029606
circles,fixed_amplitude,8192,619,0.91109171,0.06493812,1.00788118
circles,fixed_amplitude,8192,620,0.91164456,0.02843217,0.99052924
circles,fixed_amplitude,8192,621,0.9167996,0.00223961,0.98354851
circles,fixed_amplitude,8192,622,0.91991208,0.01689246,0.98913979
circles,fixed_amplitude,8192,623,0.91090626,0.0287115,1.0001827
circles,fixed_amplitude,8192,624,0.92043148,0.00915219,1.00344821
circles,fixed_amplitude,8192,625,0.91679622,0.00389725,0.99166997
circles,fixed_amplitude,8192,626,0.92385884,0.02708446,1.02592488
circles,fixed_amplitude,8192,627,0.91048603,0.05413668,0.98973774
circles,fixed_amplitude,8192,628,0.92179871,0.01576511,0.99687787
circles,fixed_amplitude,8192,629,0.92513091,0.014529,1.02328083
circles,fixed_amplitude,8192,630,0.91924424,0.00801617,1.02385021
circles,fixed_amplitude,8192,631,0.91073118,0.12801121,0.97588052
circles,fixed_amplitude,8192,632,0.90444854,0.013566,1.00306895
circles,fixed_amplitude,8192,633,0.91300799,0.09992289,0.98976822
circles,fixed_amplitude,8192,634,0.91116897,0.05123875,1.00082281
circles,fixed_amplitude,8192,635,0.91583834,0.03118719,1.01686671
circles,fixed_amplitude,8192,636,0.91438268,0.09596331,0.97927289
circles,fixed_amplitude,8192,637,0.92346374,0.04067577,1.00135244
circles,fixed_amplitude,8192,638,0.91209605,0.08117893,1.03996282
circles,fixed_amplitude,8192,639,0.91223244,0.10742432,1.02457926
circles,fixed_amplitude,8192,640,0.91543632,0.12014458,1.00399753
circles,fixed_amplitude,8192,641,0.92246241,0.01361833,0.99149661
circles,fixed_amplitude,8192,642,0.91522676,0.06207535,1.01300535
circles,fixed_amplitude,8192,643,0.92190496,0.00278276,0.99989969
circles,fixed_amplitude,8192,644,0.91640079,0.03351731,1.00640019
circles,fixed_amplitude,8192,645,0.91624531,0.05497632,1.01278244
circles,fixed_amplitude,8192,646,0.9168579,0.02901272,1.01657207
circles,fixed_amplitude,8192,647,0.90282358,0.09451872,1.01557527
circles,fixed_amplitude,8192,648,0.91678048,0.0203114,1.02644933
circles,fixed_amplitude,8192,649,0.92048296,0.06323042,1.02459463
circles,fixed_amplitude,8192,650,0.92090336,0.0308204,1.00536305
circles,fixed_amplitude,8192,651,0.92345505,0.02627004,1.01862566
circles,fixed_amplitude,8192,652,0.92784765,0.02476574,1.00624581
circles,fixed_amplitude,8192,653,0.91848487,0.01358386,0.98320462
circles,fixed_amplitude,8192,654,0.91388616,0.06874195,0.99244144
circles,fixed_amplitude,8192,655,0.91063764,0.0344388,0.99565892
circles,fixed_amplitude,8192,656,0.90856762,0.04325765,0.98576028
circles,fixed_amplitude,8192,657,0.92587446,0.06560207,0.9703177
circles,fixed_amplitude,8192,658,0.93944504,0.03499621,1.0165428
circles,fixed_amplitude,8192,659,0.91995498,0.08454073,1.00865585
circles,fixed_amplitude,8192,660,0.91764957,0.0054206,0.99234302
circles,fixed_amplitude,8192,661,0.92034366,0.03033124,1.00709151
circles,fixed_amplitude,8192,662,0.91039251,0.01959641,1.0377788
circles,fixed_amplitude,8192,663,0.91163054,0.10053105,1.00892069
circles,fixed_amplitude,8192,664,0.92214024,0.01603137,1.00202238
circles,fixed_amplitude,8192,665,0.92327773,0.01732423,0.98962601
circles,fixed_amplitude,8192,666,0.91482063,0.0059372,1.01278452
circles,fixed_amplitude,8192,667,0.922048,0.07506407,1.02679364
circles,fixed_amplitude,8192,668,0.92222571,0.07228697,0.98241765
circles,fixed_amplitude,8192,669,0.91678721,0.05636603,1.01899477
circles,fixed_amplitude,8192,670,0.9252813,0.02047868,0.99891209
circles,fixed_amplitude,8192,671,0.92685494,0.06283289,0.99636878
circles,fixed_amplitude,8192,672,0.92340308,0.01991382,0.99829046
circles,fixed_amplitude,8192,673,0.91924754,0.01630382,1.01140871
circles,fixed_amplitude,8192,674,0.92319745,0.02739825,1.0020818
circles,fixed_amplitude,8192,675,0.9187462,0.04747866,0.96726627
circles,fixed_amplitude,8192,676,0.91695164,0.0110591,0.9973591
circles,fixed_amplitude,8192,677,0.91311022,0.03347934,0.99952518
circles,fixed_amplitude,8192,678,0.91218415,0.03267676,0.98765113
circles,fixed_amplitude,8192,679,0.91517857,0.02268898,1.01606264
circles,fixed_amplitude,8192,680,0.91562151,0.00068742,1.00914932
circles,fixed_amplitude,8192,681,0.91448789,0.06156248,0.98660504
circles,fixed_amplitude,8192,682,0.90928201,0.05615793,0.99243029
circles,fixed_amplitude,8192,683,0.92369568,0.09741318,0.97971314
circles,fixed_amplitude,8192,684,0.9108122,0.07547025,0.96895796
circles,fixed_amplitude,8192,685,0.91798968,0.06502323,0.97433842
circles,fixed_amplitude,8192,686,0.91935189,0.02623438,0.97017239
circles,fixed_amplitude,8192,687,0.92686915,0.03632562,1.01371938
circles,fixed_amplitude,8192,688,0.92174657,0.01312892,1.02332089
circles,fixed_amplitude,8192,689,0.92178464,0.02524669,1.00251035
circles,fixed_amplitude,8192,690,0.91773158,0.04902438,1.01975092
circles,fixed_amplitude,8192,691,0.92238165,0.0662259,1.00276139
circles,fixed_amplitude,8192,692,0.90950818,0.02668989,1.0085238
circles,fixed_amplitude,8192,693,0.91026108,0.03375875,1.01207671
circles,fixed_amplitude,8192,694,0.92050346,0.04339533,1.0024684
circles,fixed_amplitude,8192,695,0.91815648,0.00436397,1.01768558
circles,fixed_amplitude,8192,696,0.91759011,0.00529964,0.98370706
circles,fixed_amplitude,8192,697,0.91804396,0.01506475,1.00744684
circles,fixed_amplitude,8192,698,0.91782055,0.06618546,0.99063129
circles,fixed_amplitude,8192,699,0.92090457,0.02195997,1.02177875
circles,fixed_amplitude,8192,700,0.91129353,0.04362809,1.00636021
circles,fixed_amplitude,8192,701,0.91893499,0.01222136,0.99070107
circles,fixed_amplitude,8192,702,0.90980661,0.00058537,0.95887163
circles,fixed_amplitude,8192,703,0.90629193,0.09492257,1.02707842
circles,fixed_amplitude,8192,704,0.9165804,0.00633589,0.98705785
circles,fixed_amplitude,8192,705,0.91878655,0.09582049,0.99320213
circles,fixed_amplitude,8192,706,0.91287313,0.0581951,0.96846786
circles,fixed_amplitude,8192,707,0.90602345,0.04727283,1.00835321
circles,fixed_amplitude,8192,708,0.92361088,0.02514138,1.00050313
circles,fixed_amplitude,8192,709,0.91239709,0.00529149,1.01630794
circles,fixed_amplitude,8192,710,0.91314169,0.00892062,0.99906636
circles,fixed_amplitude,8192,711,0.92721816,0.06534293,0.99920479
circles,fixed_amplitude,8192,712,0.91421814,0.07265035,1.0117829
circles,fixed_amplitude,8192,713,0.92050992,0.09629818,0.99674016
circles,fixed_amplitude,8192,714,0.92719373,0.01213012,1.01061828
circles,fixed_amplitude,8192,715,0.91769847,0.10499495,1.02054997
circles,fixed_amplitude,8192,716,0.91231377,0.04692063,1.00104013
circles,fixed_amplitude,8192,717,0.9149721,0.05877318,1.02082759
circles,fixed_amplitude,8192,718,0.9175442,0.01580967,1.00280993
circles,fixed_amplitude,8192,719,0.89980191,0.04637049,1.04778023
circles,fixed_amplitude,8192,720,0.91539861,0.03575348,0.99428756
circles,fixed_amplitude,8192,721,0.91925446,0.01145418,1.00328937
circles,fixed_amplitude,8192,722,0.91432287,0.04239934,0.99611518
circles,fixed_amplitude,8192,723,0.91729983,0.07636712,0.97957851
circles,fixed_amplitude,8192,724,0.92182534,0.04029379,0.99194223
circles,fixed_amplitude,8192,725,0.92811371,0.04184932,1.01144604
circles,fixed_amplitude,8192,726,0.91885268,0.05035125,1.03131402
circles,fixed_amplitude,8192,727,0.91234523,0.08907459,1.02935082
circles,fixed_amplitude,8192,728,0.91510633,0.00544062,0.99738465
circles,fixed_amplitude,8192,729,0.92391684,0.02897803,1.02115694
circles,fixed_amplitude,8192,730,0.91681484,0.0004826,0.99878221
circles,fixed_amplitude,8192,731,0.90375098,0.01944751,1.01000964
circles,fixed_amplitude,8192,732,0.92116493,0.00032629,1.00781163
circles,fixed_amplitude,8192,733,0.91295564,0.08389209,0.99938991
circles,fixed_amplitude,8192,734,0.90599882,0.06338867,0.9844039
circles,fixed_amplitude,8192,735,0.91534226,0.06758649,0.98055786
circles,fixed_amplitude,8192,736,0.91056457,0.05971899,1.01179911
circles,fixed_amplitude,8192,737,0.91779341,0.02152096,0.98761988
circles,fixed_amplitude,8192,738,0.92184893,0.02808934,1.012834
circles,fixed_amplitude,8192,739,0.92138536,0.03423477,0.98704072
circles,fixed_amplitude,8192,740,0.92128219,0.00069361,0.96900948
circles,fixed_amplitude,8192,741,0.91674896,0.02182325,1.02809776
circles,fixed_amplitude,8192,742,0.92435397,0.01995645,1.03052651
circles,fixed_amplitude,8192,743,0.91270489,0.04478464,1.01232133
circles,fixed_amplitude,8192,744,0.92207086,0.04529248,1.00500987
circles,fixed_amplitude,8192,745,0.91274195,0.05710796,1.00160524
circles,fixed_amplitude,8192,746,0.90902553,0.04090747,0.99236356
circles,fixed_amplitude,8192,747,0.90217125,0.05416408,0.98610891
circles,fixed_amplitude,8192,748,0.91081087,0.02434265,1.01693376
circles,fixed_amplitude,8192,749,0.92136048,0.01518513,0.99720999
circles,fixed_amplitude,8192,750,0.919132,0.03432618,0.99474116
circles,fixed_amplitude,8192,751,0.91554944,0.03921009,0.97425834
circles,fixed_amplitude,8192,752,0.91567966,0.01248883,1.00437984
circles,fixed_amplitude,8192,753,0.91321349,0.02219717,0.98449802
circles,fixed_amplitude,8192,754,0.91478029,0.07873424,0.99340975
circles,fixed_amplitude,8192,755,0.91590781,0.00723391,1.02031891
circles,fixed_amplitude,8192,756,0.91506018,0.08419955,0.95790935
circles,fixed_amplitude,8192,757,0.93680784,0.03679133,1.01117193
circles,fixed_amplitude,8192,758,0.92341722,0.02467569,0.96719488
circles,fixed_amplitude,8192,759,0.91077448,0.00841665,0.99868086
circles,fixed_amplitude,8192,760,0.92129235,0.07657283,1.00586664
circles,fixed_amplitude,8192,761,0.91157174,0.00187211,1.00497078
circles,fixed_amplitude,8192,762,0.90654469,0.03493427,1.00172969
circles,fixed_amplitude,8192,763,0.92050021,0.02613035,0.97499622
circles,fixed_amplitude,8192,764,0.90883405,0.03208774,0.97405554
circles,fixed_amplitude,8192,765,0.92014708,0.07814675,1.00145631
circles,fixed_amplitude,8192,766,0.91945638,0.01779887,1.01670216
circles,fixed_amplitude,8192,767,0.91952557,0.02028661,1.02263273
circles,fixed_amplitude,8192,768,0.92143968,0.02801154,1.01370233
circles,fixed_amplitude,8192,769,0.90927589,0.04771624,0.99757111
circles,fixed_amplitude,8192,770,0.91382445,0.03633067,1.01246756
circles,fixed_amplitude,8192,771,0.92127009,0.03682534,1.02539156
circles,fixed_amplitude,8192,772,0.91074857,0.00898264,1.01176651
circles,fixed_amplitude,8192,773,0.91252497,0.09084218,0.99342724
circles,fixed_amplitude,8192,774,0.91367884,0.01178269,0.98207953
circles,fixed_amplitude,8192,775,0.92634248,0.10590205,1.0196866
circles,fixed_amplitude,8192,776,0.93225518,0.06036923,0.98209247
circles,fixed_amplitude,8192,777,0.92341522,0.07843099,0.9979755
circles,fixed_amplitude,8192,778,0.91595723,0.0472973,1.02742601
circles,fixed_amplitude,8192,779,0.91833393,0.0370318,1.01271772
circles,fixed_amplitude,8192,780,0.91814153,0.0253473,1.01174922
circles,fixed_amplitude,8192,781,0.92007747,0.01070805,1.00930326
circles,fixed_amplitude,8192,782,0.91879358,0.02197931,0.95896814
circles,fixed_amplitude,8192,783,0.91884985,0.04546248,0.99988758
circles,fixed_amplitude,8192,784,0.91688856,0.00370133,0.99907857
circles,fixed_amplitude,8192,785,0.91886704,0.0510162,0.98518285
circles,fixed_amplitude,8192,786,0.91941295,0.08289352,0.99965174
circles,fixed_amplitude,8192,787,0.9118453,0.03973213,1.00505379
circles,fixed_amplitude,8192,788,0.90816576,0.00095132,0.99844084
circles,fixed_amplitude,8192,789,0.90917325,0.04970754,1.0237186
circles,fixed_amplitude,8192,790,0.91008643,0.03945655,1.02770063
circles,fixed_amplitude,8192,791,0.92100005,0.11558754,1.03535398
circles,fixed_amplitude,8192,792,0.92110162,0.00665482,1.00203347
circles,fixed_amplitude,8192,793,0.92258616,0.00964029,1.00638504
circles,fixed_amplitude,8192,794,0.9103003,0.01885278,0.99774096
circles,fixed_amplitude,8192,795,0.92340635,0.01355195,0.98373068
circles,fixed_amplitude,8192,796,0.92196237,0.00958787,0.99121652
circles,fixed_amplitude,8192,797,0.91264433,0.06745263,1.01635626
circles,fixed_amplitude,8192,798,0.92692637,0.06428176,0.96384525
circles,fixed_amplitude,8192,799,0.91469557,0.05117588,1.00572497
circles,fixed_amplitude,8192,800,0.91567946,0.06876267,0.99788263
circles,fixed_amplitude,8192,801,0.91717074,0.00428561,1.00887583
circles,fixed_amplitude,8192,802,0.91629834,0.03319951,1.00459385
circles,fixed_amplitude,8192,803,0.91344474,0.18218999,1.01843418
circles,fixed_amplitude,8192,804,0.90982259,0.03056951,1.01502567
circles,fixed_amplitude,8192,805,0.92125968,0.02995431,0.98406249
circles,fixed_amplitude,8192,806,0.91981686,0.0229942,0.98854684
circles,fixed_amplitude,8192,807,0.91923468,0.0791139,0.98299898
circles,fixed_amplitude,8192,808,0.91748973,0.02960761,1.00068699
circles,fixed_amplitude,8192,809,0.91481442,0.01828347,1.00932917
circles,fixed_amplitude,8192,810,0.91217743,0.02706374,0.98479551
circles,fixed_amplitude,8192,811,0.91218179,0.03339876,0.97775827
circles,fixed_amplitude,8192,812,0.92994568,0.01848822,1.01253995
circles,fixed_amplitude,8192,813,0.9187909,0.04752369,1.0136941
circles,fixed_amplitude,8192,814,0.9205032,0.05597327,0.97624306
circles,fixed_amplitude,8192,815,0.92201917,0.01257466,0.99031867
circles,fixed_amplitude,8192,816,0.91444284,0.10952038,1.02429418
circles,fixed_amplitude,8192,817,0.9281687,0.02117402,1.00145338
circles,fixed_amplitude,8192,818,0.90466255,0.04680648,0.97735733
circles,fixed_amplitude,8192,819,0.91763937,0.06927739,1.01576245
circles,fixed_amplitude,8192,820,0.91768685,0.00288691,1.01604102
circles,fixed_amplitude,8192,821,0.91531477,0.06955491,0.99711825
circles,fixed_amplitude,8192,822,0.92471547,0.04698915,0.97518873
circles,fixed_amplitude,8192,823,0.92019832,0.02623854,0.99057349
circles,fixed_amplitude,8192,824,0.92038811,0.04289043,0.99760355
circles,fixed_amplitude,8192,825,0.92767206,0.02344414,1.02859113
circles,fixed_amplitude,8192,826,0.92228342,0.00470357,0.99215055
circles,fixed_amplitude,8192,827,0.92036296,0.05325047,1.00923193
circles,fixed_amplitude,8192,828,0.91897144,0.01404899,0.99924287
circles,fixed_amplitude,8192,829,0.91661525,0.01471895,1.00644516
circles,fixed_amplitude,8192,830,0.91075552,0.02541524,1.01476337
circles,fixed_amplitude,8192,831,0.91669989,0.00927638,0.97667825
circles,fixed_amplitude,8192,832,0.91814954,0.00177532,0.98925215
circles,fixed_amplitude,8192,833,0.90966641,0.11952681,1.00769499
circles,fixed_amplitude,8192,834,0.91525393,0.01854317,1.00319462
circles,fixed_amplitude,8192,835,0.91482683,0.05279757,0.99306056
circles,fixed_amplitude,8192,836,0.90235381,0.06772678,0.9790323
circles,fixed_amplitude,8192,837,0.91595847,0.0139646,0.99875706
circles,fixed_amplitude,8192,838,0.90331834,0.02611572,1.00843819
circles,fixed_amplitude,8192,839,0.92138395,0.1069591,1.00947383
circles,fixed_amplitude,8192,840,0.91602493,0.07041809,0.99225741
circles,fixed_amplitude,8192,841,0.91885855,0.11066248,0.984087
circles,fixed_amplitude,8192,842,0.91434253,0.00126506,0.99649955
circles,fixed_amplitude,8192,843,0.91588569,0.01431646,1.00995332
circles,fixed_amplitude,8192,844,0.91705688,0.09368935,1.00353207
circles,fixed_amplitude,8192,845,0.91734845,0.04938441,0.98870923
circles,fixed_amplitude,8192,846,0.92300018,0.02649595,1.00057312
circles,fixed_amplitude,8192,847,0.9197874,0.03255596,1.00856492
circles,fixed_amplitude,8192,848,0.91069622,0.03746861,0.98155759
circles,fixed_amplitude,8192,849,0.90776855,0.01404137,1.01207355
circles,fixed_amplitude,8192,850,0.92333293,0.0247944,0.98962694
circles,fixed_amplitude,8192,851,0.92184856,0.00011275,1.01194972
circles,fixed_amplitude,8192,852,0.91366742,0.02082999,0.99871572
circles,fixed_amplitude,8192,853,0.90276073,0.06100519,1.02731608
circles,fixed_amplitude,8192,854,0.92371764,0.02114241,0.99765254
circles,fixed_amplitude,8192,855,0.91261139,0.03636159,1.00700408
circles,fixed_amplitude,8192,856,0.92595761,0.08847259,0.99158232
circles,fixed_amplitude,8192,857,0.91067945,0.01006117,1.03099986
circles,fixed_amplitude,8192,858,0.92147286,0.04794128,0.99767891
circles,fixed_amplitude,8192,859,0.91849402,0.01334357,0.99472864
circles,fixed_amplitude,8192,860,0.90931692,0.02903469,0.97619248
circles,fixed_amplitude,8192,861,0.91425491,0.06245027,1.02126304
circles,fixed_amplitude,8192,862,0.91128936,0.05393586,1.00210195
circles,fixed_amplitude,8192,863,0.91842115,0.00860687,0.99361177
circles,fixed_amplitude,8192,864,0.91107101,0.11922744,1.00956683
circles,fixed_amplitude,8192,865,0.92543825,0.0092347,1.00052769
circles,fixed_amplitude,8192,866,0.91833123,0.10537127,1.00895236
circles,fixed_amplitude,8192,867,0.91673485,0.04408642,1.00349376
circles,fixed_amplitude,8192,868,0.92573065,0.0269035,1.00241168
circles,fixed_amplitude,8192,869,0.91305178,0.0750709,1.01212523
circles,fixed_amplitude,8192,870,0.9155589,0.00749174,1.02344132
circles,fixed_amplitude,8192,871,0.91410556,0.10216013,0.99010983
circles,fixed_amplitude,8192,872,0.92689887,0.00524808,0.99404956
circles,fixed_amplitude,8192,873,0.91590935,0.05048012,1.00589461
circles,fixed_amplitude,8192,874,0.91040292,0.08664214,0.98888662
circles,fixed_amplitude,8192,875,0.91659941,0.08399737,0.99853795
circles,fixed_amplitude,8192,876,0.92430927,0.01476913,1.02248027
circles,fixed_amplitude,8192,877,0.91423239,0.01324188,0.99592101
circles,fixed_amplitude,8192,878,0.90904664,0.03147826,1.02546188
circles,fixed_amplitude,8192,879,0.91540511,0.01771714,0.98378053
circles,fixed_amplitude,8192,880,0.91940254,0.03803476,0.98849307
circles,fixed_amplitude,8192,881,0.91757521,0.06199925,1.02619952
circles,fixed_amplitude,8192,882,0.90618959,0.04819566,1.01833922
circles,fixed_amplitude,8192,883,0.91706485,0.01869334,0.97785092
circles,fixed_amplitude,8192,884,0.91847635,0.00795518,0.98664207
circles,fixed_amplitude,8192,885,0.92316609,0.01215039,1.04070392
circles,fixed_amplitude,8192,886,0.91438397,0.0264484,1.02010697
circles,fixed_amplitude,8192,887,0.91953318,0.02108086,1.0382186
circles,fixed_amplitude,8192,888,0.92399406,0.05130881,0.98946905
circles,fixed_amplitude,8192,889,0.91948788,0.01876053,1.01082394
circles,fixed_amplitude,8192,890,0.91066832,0.04124049,1.02893093
circles,fixed_amplitude,8192,891,0.9170645,0.01134502,1.01176171
circles,fixed_amplitude,8192,892,0.91204587,0.00013511,0.99871139
circles,fixed_amplitude,8192,893,0.90256927,0.04590268,1.01222178
circles,fixed_amplitude,8192,894,0.92094158,0.07857922,0.96333883
circles,fixed_amplitude,8192,895,0.91731083,0.05188559,0.99575365
circles,fixed_amplitude,8192,896,0.92130381,0.04475161,1.02129013
circles,fixed_amplitude,8192,897,0.91359014,0.04919952,1.01731728
circles,fixed_amplitude,8192,898,0.91922265,0.10969397,1.01514787
circles,fixed_amplitude,8192,899,0.92912078,0.04906357,1.01463864
circles,fixed_amplitude,8192,900,0.90673278,0.01381614,0.9643628
circles,fixed_amplitude,8192,901,0.90700981,0.04220988,1.00679834
circles,fixed_amplitude,8192,902,0.91188428,0.05175517,1.02746548
circles,fixed_amplitude,8192,903,0.915428,0.09722043,0.99632928
circles,fixed_amplitude,8192,904,0.91025569,0.04448887,1.01670771
circles,fixed_amplitude,8192,905,0.91313946,0.07025449,1.03639693
circles,fixed_amplitude,8192,906,0.92194382,0.0076816,0.97870666
circles,fixed_amplitude,8192,907,0.91695395,0.01156769,0.98343508
circles,fixed_amplitude,8192,908,0.91073335,0.0870703,0.9911914
circles,fixed_amplitude,8192,909,0.9251104,0.02149404,1.0091228
circles,fixed_amplitude,8192,910,0.91703958,0.06623186,1.01261172
circles,fixed_amplitude,8192,911,0.90964318,0.00966147,1.0358956
circles,fixed_amplitude,8192,912,0.91407258,0.04958541,1.0184971
circles,fixed_amplitude,8192,913,0.90767479,0.0141002,0.99178434
circles,fixed_amplitude,8192,914,0.92135186,0.06979276,0.9727431
circles,fixed_amplitude,8192,915,0.9215027,0.06874923,1.00543434
circles,fixed_amplitude,8192,916,0.91547974,0.01607493,0.96619332
circles,fixed_amplitude,8192,917,0.91054125,0.05678864,1.03570113
circles,fixed_amplitude,8192,918,0.90441809,0.02683071,0.99661122
circles,fixed_amplitude,8192,919,0.91730049,0.01142794,1.00240058
circles,fixed_amplitude,8192,920,0.92094654,0.0457722,0.99265921
circles,fixed_amplitude,8192,921,0.90933265,0.03383678,1.01283847
circles,fixed_amplitude,8192,922,0.92003435,0.09422628,1.01366513
circles,fixed_amplitude,8192,923,0.91082725,0.05529327,1.0049421
circles,fixed_amplitude,8192,924,0.92266192,0.0185974,0.99225253
circles,fixed_amplitude,8192,925,0.91246374,0.01402502,0.99535215
circles,fixed_amplitude,8192,926,0.91834449,0.0189397,1.01107623
circles,fixed_amplitude,8192,927,0.92180772,0.0113285,1.00195652
circles,fixed_amplitude,8192,928,0.91274327,0.04476771,0.989986
circles,fixed_amplitude,8192,929,0.91712105,0.02280456,1.00085114
circles,fixed_amplitude,8192,930,0.91707015,0.09480265,1.0228982
circles,fixed_amplitude,8192,931,0.91137303,0.00349607,0.99346509
circles,fixed_amplitude,8192,932,0.91771904,0.08555078,1.00709665
circles,fixed_amplitude,8192,933,0.91229031,0.08631934,0.9935573
circles,fixed_amplitude,8192,934,0.9244216,0.04559696,1.02859157
circles,fixed_amplitude,8192,935,0.91811117,0.04741894,1.02357876
circles,fixed_amplitude,8192,936,0.91482668,0.08938533,0.99542021
circles,fixed_amplitude,8192,937,0.91434783,0.11112464,0.98609597
circles,fixed_amplitude,8192,938,0.90501971,0.01221435,1.00121596
circles,fixed_amplitude,8192,939,0.9094342,0.0293582,0.981781
circles,fixed_amplitude,8192,940,0.91310559,0.03739594,0.97005169
circles,fixed_amplitude,8192,941,0.91325537,0.08111925,1.012962
circles,fixed_amplitude,8192,942,0.91059504,0.07615022,0.99834343
circles,fixed_amplitude,8192,943,0.92176947,0.00177126,0.9790963
circles,fixed_amplitude,8192,944,0.91686145,0.03148584,1.00328078
circles,fixed_amplitude,8192,945,0.92358953,0.00095855,1.01257851
circles,fixed_amplitude,8192,946,0.91239608,0.030275,1.01379221
circles,fixed_amplitude,8192,947,0.91337693,0.08687555,0.99810268
circles,fixed_amplitude,8192,948,0.89872586,0.06999296,0.99684228
circles,fixed_amplitude,8192,949,0.91759378,0.08882531,1.00763536
circles,fixed_amplitude,8192,950,0.92267487,0.02635565,1.00653981
circles,fixed_amplitude,8192,951,0.92485244,0.07522574,0.98280862
circles,fixed_amplitude,8192,952,0.90901015,0.04867472,0.98502779
circles,fixed_amplitude,8192,953,0.91429533,0.10073542,1.011199
circles,fixed_amplitude,8192,954,0.90736062,0.03643226,1.01756893
circles,fixed_amplitude,8192,955,0.92004331,0.0035826,1.02142941
circles,fixed_amplitude,8192,956,0.93097585,0.07027638,0.99914646
circles,fixed_amplitude,8192,957,0.91521023,0.00789719,0.98616081
circles,fixed_amplitude,8192,958,0.92232974,0.07329505,1.02470408
circles,fixed_amplitude,8192,959,0.9099862,0.03625497,1.02636596
circles,fixed_amplitude,8192,960,0.89986628,0.01103188,1.01816284
circles,fixed_amplitude,8192,961,0.92695012,0.02030281,1.00780141
circles,fixed_amplitude,8192,962,0.9049236,0.06488799,0.99161339
circles,fixed_amplitude,8192,963,0.91550059,0.10260434,0.99476974
circles,fixed_amplitude,8192,964,0.91190385,0.05376852,0.99821435
circles,fixed_amplitude,8192,965,0.92477383,0.01008622,1.00717601
circles,fixed_amplitude,8192,966,0.91194364,0.00769528,1.01866188
circles,fixed_amplitude,8192,967,0.92155895,0.04426329,0.99136361
circles,fixed_amplitude,8192,968,0.92655589,0.04662964,0.99843294
circles,fixed_amplitude,8192,969,0.92454075,0.00063019,0.97893558
circles,fixed_amplitude,8192,970,0.92634725,0.01258844,0.9975921
circles,fixed_amplitude,8192,971,0.92062152,0.00332892,0.96985716
circles,fixed_amplitude,8192,972,0.91936924,0.06200156,1.00195716
circles,fixed_amplitude,8192,973,0.91349761,0.05129555,1.0039863
circles,fixed_amplitude,8192,974,0.92170004,0.12410272,0.99414267
circles,fixed_amplitude,8192,975,0.90262428,0.08305622,1.00585826
circles,fixed_amplitude,8192,976,0.92257661,0.06315889,0.99798118
circles,fixed_amplitude,8192,977,0.9292298,0.00053033,0.98763258
circles,fixed_amplitude,8192,978,0.93139981,0.04863948,0.99661408
circles,fixed_amplitude,8192,979,0.91326992,0.0331732,1.00347993
circles,fixed_amplitude,8192,980,0.91425639,0.02599161,1.02109341
circles,fixed_amplitude,8192,981,0.91781636,0.02248624,0.99897755
circles,fixed_amplitude,8192,982,0.90986103,0.00965428,0.96177332
circles,fixed_amplitude,8192,983,0.91019807,0.11360349,1.02325421
circles,fixed_amplitude,8192,984,0.91459889,0.06152471,0.97834984
circles,fixed_amplitude,8192,985,0.92063981,0.03738524,0.99302031
circles,fixed_amplitude,8192,986,0.91192578,0.02429154,0.99484588
circles,fixed_amplitude,8192,987,0.92552764,0.07840905,0.97640838
circles,fixed_amplitude,8192,988,0.91568632,0.00043249,1.00238188
circles,fixed_amplitude,8192,989,0.91933808,0.03734537,1.01542083
circles,fixed_amplitude,8192,990,0.92324393,0.10086722,1.01735473
circles,fixed_amplitude,8192,991,0.91449524,0.00752525,0.9794726
circles,fixed_amplitude,8192,992,0.92090862,0.01214065,0.98906258
circles,fixed_amplitude,8192,993,0.92859426,0.03414014,0.99962544
circles,fixed_amplitude,8192,994,0.91197312,0.0266695,0.99106821
circles,fixed_amplitude,8192,995,0.92039765,0.01812738,1.00645314
circles,fixed_amplitude,8192,996,0.9093934,0.00879992,1.01632646
circles,fixed_amplitude,8192,997,0.91250786,0.07664483,0.98370339
circles,fixed_amplitude,8192,998,0.91848528,0.06210246,1.00222184
circles,fixed_amplitude,8192,999,0.91601572,0.10733451,1.00526324
circles,random_unitary,42,0,0.87621362,0.02203859,1.00506032
circles,random_unitary,42,1,0.86993693,0.01767254,0.99429193
circles,random_unitary,42,2,0.87688576,0.01977558,0.98442965
circles,random_unitary,42,3,0.86502095,0.04499422,0.99529595
circles,random_unitary,42,4,0.86556198,0.00593841,0.97715274
circles,random_unitary,42,5,0.87863437,0.01002949,1.00986966
circles,random_unitary,42,6,0.87227835,0.00608617,1.00575834
circles,random_unitary,42,7,0.8876845,0.04071027,1.01885783
circles,random_unitary,42,8,0.8629179,0.05471088,0.98731901
circles,random_unitary,42,9,0.87199658,0.05725322,1.0093289
circles,random_unitary,42,10,0.88075362,0.03187931,1.02357194
circles,random_unitary,42,11,0.87050652,0.05271399,1.02201095
circles,random_unitary,42,12,0.88410041,0.02463269,0.98438195
circles,random_unitary,42,13,0.85474036,0.01156568,1.02439942
circles,random_unitary,42,14,0.87280988,0.05559446,0.98760355
circles,random_unitary,42,15,0.87074784,0.03803743,0.99541986
circles,random_unitary,42,16,0.86036991,0.04743342,0.99207962
circles,random_unitary,42,17,0.87468585,0.01202367,0.99183896
circles,random_unitary,42,18,0.86410358,0.08480487,0.97580698
circles,random_unitary,42,19,0.87692209,0.00912994,0.99905276
circles,random_unitary,42,20,0.87870921,0.01357938,0.98608854
circles,random_unitary,42,21,0.87279134,0.03897688,1.01780733
circles,random_unitary,42,22,0.87170122,0.03754685,0.99234008
circles,random_unitary,42,23,0.86698846,0.01798078,1.01341529
circles,random_unitary,42,24,0.86735066,0.00063503,1.00696923
circles,random_unitary,42,25,0.86708364,0.04586567,0.991427
circles,random_unitary,42,26,0.87225982,0.04805498,1.0177391
circles,random_unitary,42,27,0.87712924,0.0179129,1.03177213
circles,random_unitary,42,28,0.8670622,0.04500512,0.9922614
circles,random_unitary,42,29,0.87461013,0.05911668,1.010348
circles,random_unitary,42,30,0.86871118,0.01819524,0.99396825
circles,random_unitary,42,31,0.87705768,0.04291339,1.01457376
circles,random_unitary,42,32,0.86396219,0.04136262,1.00169159
circles,random_unitary,42,33,0.86636131,0.04430729,1.01366102
circles,random_unitary,42,34,0.87171895,0.00159348,1.00137302
circles,random_unitary,42,35,0.86862599,0.04290144,1.02669446
circles,random_unitary,42,36,0.87314516,0.02514852,1.0003676
circles,random_unitary,42,37,0.87371929,0.07823953,0.99360278
circles,random_unitary,42,38,0.88025921,0.0449617,1.00494703
circles,random_unitary,42,39,0.87945141,0.00079852,0.99669556
circles,random_unitary,42,40,0.87232744,0.03987695,1.01416882
circles,random_unitary,42,41,0.86471181,0.03442829,1.01037501
circles,random_unitary,42,42,0.88165327,0.02403862,0.9883331
circles,random_unitary,42,43,0.87360734,0.01305257,0.99590663
circles,random_unitary,42,44,0.86046574,0.02510155,1.012754
circles,random_unitary,42,45,0.8762701,0.0187196,1.02330197
circles,random_unitary,42,46,0.87200738,0.00714905,1.0102787
circles,random_unitary,42,47,0.87387129,0.01841636,1.03524336
circles,random_unitary,42,48,0.8779745,0.07190037,1.01745094
circles,random_unitary,42,49,0.87552984,0.06386167,0.99634701
circles,random_unitary,42,50,0.8697919,0.04839391,0.99763723
circles,random_unitary,42,51,0.86636023,0.04208168,1.00969133
circles,random_unitary,42,52,0.87926359,0.03071472,0.9991955
circles,random_unitary,42,53,0.87113772,0.11033556,1.00019307
circles,random_unitary,42,54,0.87257821,0.02829313,1.00356218
circles,random_unitary,42,55,0.87679479,0.00505597,0.97722143
circles,random_unitary,42,56,0.86715574,0.05325289,0.98529739
circles,random_unitary,42,57,0.86878032,0.02717057,0.99908104
circles,random_unitary,42,58,0.87803845,0.02602033,0.98099214
circles,random_unitary,42,59,0.8669193,0.09498326,1.00447721
circles,random_unitary,42,60,0.87030289,0.00699179,0.99516297
circles,random_unitary,42,61,0.87166636,0.02329682,0.99735002
circles,random_unitary,42,62,0.87063915,0.02672026,0.99735518
circles,random_unitary,42,63,0.87824747,0.02101991,0.95497234
circles,random_unitary,42,64,0.8690245,0.01282527,1.00262126
circles,random_unitary,42,65,0.86927872,0.01586947,0.97530079
circles,random_unitary,42,66,0.8720244,0.03461813,0.99316748
circles,random_unitary,42,67,0.8746684,0.01892919,1.02076959
circles,random_unitary,42,68,0.8761354,0.02916211,0.99281329
circles,random_unitary,42,69,0.87598956,0.03574307,0.99758643
circles,random_unitary,42,70,0.87602739,0.01082592,1.00611412
circles,random_unitary,42,71,0.86200426,0.00500878,1.01218112
circles,random_unitary,42,72,0.86572986,0.10605246,1.00056381
circles,random_unitary,42,73,0.87206595,0.02792474,0.99836716
circles,random_unitary,42,74,0.87320509,0.0289452,1.02254447
circles,random_unitary,42,75,0.87286567,0.02977376,1.00307985
circles,random_unitary,42,76,0.88343917,0.05909845,0.995092
circles,random_unitary,42,77,0.86870356,0.01273657,0.99259762
circles,random_unitary,42,78,0.86902154,0.00646497,0.98936829
circles,random_unitary,42,79,0.87619368,0.0072209,1.00835257
circles,random_unitary,42,80,0.86981191,0.02071213,0.99385135
circles,random_unitary,42,81,0.87913083,0.0540772,0.9830955
circles,random_unitary,42,82,0.8728913,0.06665237,0.97298804
circles,random_unitary,42,83,0.86922922,0.02372718,1.0232413
circles,random_unitary,42,84,0.87313343,0.06666521,1.00514827
circles,random_unitary,42,85,0.87540889,0.08321385,0.99232479
circles,random_unitary,42,86,0.86802055,0.01130835,0.97835863
circles,random_unitary,42,87,0.87245833,0.07593461,1.01021663
circles,random_unitary,42,88,0.87471256,0.07405595,0.99084937
circles,random_unitary,42,89,0.87518758,0.020961,0.98626871
circles,random_unitary,42,90,0.86267165,0.07702205,0.98912775
circles,random_unitary,42,91,0.88321896,0.01135541,1.01266308
circles,random_unitary,42,92,0.86535199,0.03466593,1.00504314
circles,random_unitary,42,93,0.87152677,0.05017521,1.01065966
circles,random_unitary,42,94,0.87212095,0.07873928,1.0079004
circles,random_unitary,42,95,0.8706622,0.01440321,0.99601673
circles,random_unitary,42,96,0.87594424,0.02776764,0.99252853
circles,random_unitary,42,97,0.87470532,0.13461893,0.9921762
circles,random_unitary,42,98,0.86766758,0.02032201,0.99896284
circles,random_unitary,42,99,0.86719989,0.01859847,1.0005204
circles,random_unitary,42,100,0.86433274,0.06310641,0.98979183
circles,random_unitary,42,101,0.87476207,0.06864308,1.01964429
circles,random_unitary,42,102,0.86753111,0.00549203,0.99859297
circles,random_unitary,42,103,0.86158608,0.02280589,0.99317633
circles,random_unitary,42,104,0.87654344,0.00935423,1.00989441
circles,random_unitary,42,105,0.87691674,0.07301618,1.00668228
circles,random_unitary,42,106,0.8711665,0.06875283,1.00262347
circles,random_unitary,42,107,0.86839319,0.00201929,0.99819611
circles,random_unitary,42,108,0.87307404,0.06468425,1.01773604
circles,random_unitary,42,109,0.87258911,0.06755527,1.02722964
circles,random_unitary,42,110,0.87597715,0.02576206,0.99656245
circles,random_unitary,42,111,0.86970827,0.07366358,0.98447968
circles,random_unitary,42,112,0.87169846,0.0731033,1.01074022
circles,random_unitary,42,113,0.86095078,0.04673062,0.98993833
circles,random_unitary,42,114,0.86650889,0.04974926,1.01339085
circles,random_unitary,42,115,0.86537255,0.09121182,1.01909789
circles,random_unitary,42,116,0.87313891,0.05361022,1.01691938
circles,random_unitary,42,117,0.87143964,0.01112675,0.99863439
circles,random_unitary,42,118,0.86327148,0.00883291,1.00000679
circles,random_unitary,42,119,0.87909703,0.02378808,1.01437874
circles,random_unitary,42,120,0.869382,0.02017619,0.98835068
circles,random_unitary,42,121,0.87225495,0.06049439,0.97775455
circles,random_unitary,42,122,0.87053917,0.00674936,0.998344
circles,random_unitary,42,123,0.86741369,0.02327884,1.00992081
circles,random_unitary,42,124,0.88087461,0.0208654,0.98934036
circles,random_unitary,42,125,0.86869785,0.0883593,1.00575144
circles,random_unitary,42,126,0.87958053,0.03390802,1.03009208
circles,random_unitary,42,127,0.87619854,0.06692351,0.99182235
circles,random_unitary,42,128,0.87709183,0.03700583,0.98951178
circles,random_unitary,42,129,0.86754849,0.09386716,1.02541526
circles,random_unitary,42,130,0.86630085,0.03791597,1.02750794
circles,random_unitary,42,131,0.88255771,0.05245804,0.99269227
circles,random_unitary,42,132,0.8729861,0.03476927,1.01524489
circles,random_unitary,42,133,0.85799787,0.04417772,0.99321294
circles,random_unitary,42,134,0.86517829,0.05114572,0.99270234
circles,random_unitary,42,135,0.87053467,0.04376437,0.98422602
circles,random_unitary,42,136,0.87004959,0.07959237,0.98822445
circles,random_unitary,42,137,0.86423974,0.04152753,1.00153357
circles,random_unitary,42,138,0.87664907,0.00229489,1.00829533
circles,random_unitary,42,139,0.87013186,0.02777121,0.98293685
circles,random_unitary,42,140,0.86589344,0.0289743,1.00252251
circles,random_unitary,42,141,0.8681353,0.02632785,0.96857124
circles,random_unitary,42,142,0.8701673,0.01773287,0.99822823
circles,random_unitary,42,143,0.87588742,0.00664763,0.9771398
circles,random_unitary,42,144,0.86326901,0.04444273,0.96700651
circles,random_unitary,42,145,0.87084508,0.00860587,0.99726117
circles,random_unitary,42,146,0.87802662,0.08198314,0.96278555
circles,random_unitary,42,147,0.87240492,0.04924405,1.02533478
circles,random_unitary,42,148,0.87659175,0.05564013,0.98717187
circles,random_unitary,42,149,0.86625428,0.01512588,0.97301988
circles,random_unitary,42,150,0.86756602,0.03987979,0.99226916
circles,random_unitary,42,151,0.87227562,0.02089004,0.9856405
circles,random_unitary,42,152,0.87641175,0.0423176,0.99792435
circles,random_unitary,42,153,0.87661004,0.03781124,1.010164
circles,random_unitary,42,154,0.86643972,0.01274105,1.0026799
circles,random_unitary,42,155,0.87221771,0.0247533,0.987816
circles,random_unitary,42,156,0.87306073,0.06583423,0.96354232
circles,random_unitary,42,157,0.85888987,0.13696404,1.01814136
circles,random_unitary,42,158,0.85993914,0.0455361,0.96385894
circles,random_unitary,42,159,0.88445884,0.03374127,0.99737417
circles,random_unitary,42,160,0.87032247,0.05509315,0.98672992
circles,random_unitary,42,161,0.87237663,0.08266488,0.9915096
circles,random_unitary,42,162,0.87258669,0.01721836,0.99768159
circles,random_unitary,42,163,0.87816306,0.07352065,1.00944793
circles,random_unitary,42,164,0.87275551,0.06102668,1.03198113
circles,random_unitary,42,165,0.8740781,0.00841887,1.0117725
circles,random_unitary,42,166,0.87028546,0.04905476,0.99631393
circles,random_unitary,42,167,0.86530106,0.07666363,1.00185942
circles,random_unitary,42,168,0.86150933,0.06882851,0.98935262
circles,random_unitary,42,169,0.86757266,0.02048735,1.01695489
circles,random_unitary,42,170,0.87705566,0.04895047,1.00889039
circles,random_unitary,42,171,0.87365299,0.06674304,1.00566731
circles,random_unitary,42,172,0.87204502,0.05627957,0.98002274
circles,random_unitary,42,173,0.86644598,0.00859958,1.00577093
circles,random_unitary,42,174,0.87150216,0.01531628,1.01811521
circles,random_unitary,42,175,0.87999072,0.03906784,0.98428252
circles,random_unitary,42,176,0.86677001,0.02701102,0.97874473
circles,random_unitary,42,177,0.87073333,0.00497377,0.98761572
circles,random_unitary,42,178,0.87922369,0.04141153,0.99182339
circles,random_unitary,42,179,0.86986893,0.08646629,0.99996155
circles,random_unitary,42,180,0.86911407,0.04712169,0.99960373
circles,random_unitary,42,181,0.87349233,0.13603862,1.00058813
circles,random_unitary,42,182,0.87307515,0.03787539,0.98969538
circles,random_unitary,42,183,0.86946027,0.03256235,1.00369405
circles,random_unitary,42,184,0.8737349,0.04658969,1.01359653
circles,random_unitary,42,185,0.87449286,0.0560922,1.03875724
circles,random_unitary,42,186,0.87661317,0.00259537,0.97526682
circles,random_unitary,42,187,0.87087965,0.10477922,0.98065524
circles,random_unitary,42,188,0.87347081,0.01243281,1.02201831
circles,random_unitary,42,189,0.87594732,0.00567261,1.00870602
circles,random_unitary,42,190,0.88436187,0.01166223,0.9782055
circles,random_unitary,42,191,0.86225485,0.00673133,0.97549508
circles,random_unitary,42,192,0.88454533,0.01482479,1.01916804
circles,random_unitary,42,193,0.86889301,0.0829899,1.00737393
circles,random_unitary,42,194,0.87498562,0.06526958,0.99445454
circles,random_unitary,42,195,0.86114219,0.02319575,0.98579434
circles,random_unitary,42,196,0.87261405,0.05198142,1.01129531
circles,random_unitary,42,197,0.87581991,0.09411699,1.01821657
circles,random_unitary,42,198,0.8748255,0.01911448,1.00465429
circles,random_unitary,42,199,0.88101704,0.00663554,1.00044232
circles,random_unitary,42,200,0.87385135,0.05702896,1.0132597
circles,random_unitary,42,201,0.87112059,0.03246853,0.99786621
circles,random_unitary,42,202,0.86917005,0.02851291,0.99432887
circles,random_unitary,42,203,0.87515126,0.05188577,0.98354184
circles,random_unitary,42,204,0.86440976,0.02377447,0.99953233
circles,random_unitary,42,205,0.8684078,0.03678992,0.99761527
circles,random_unitary,42,206,0.87586273,0.02834512,1.03646271
circles,random_unitary,42,207,0.87428196,0.00817387,0.9946643
circles,random_unitary,42,208,0.87389471,0.06747668,1.00793038
circles,random_unitary,42,209,0.8741535,0.02775622,0.97557219
circles,random_unitary,42,210,0.87310047,0.02728232,0.9940398
circles,random_unitary,42,211,0.85731646,0.08558161,0.98234561
circles,random_unitary,42,212,0.86682378,0.08726938,1.00578436
circles,random_unitary,42,213,0.87641003,0.02968335,0.99624103
circles,random_unitary,42,214,0.86380578,0.03519707,1.00487352
circles,random_unitary,42,215,0.87052031,0.0174492,1.03497859
circles,random_unitary,42,216,0.85714691,0.00584349,1.0234075
circles,random_unitary,42,217,0.88244284,0.00740096,0.99122637
circles,random_unitary,42,218,0.86800037,0.02461932,0.98595418
circles,random_unitary,42,219,0.86634865,0.06494646,0.96496894
circles,random_unitary,42,220,0.87685146,0.04123878,1.01630841
circles,random_unitary,42,221,0.87219689,0.07234881,0.99932091
circles,random_unitary,42,222,0.86725403,0.04676123,1.0071876
circles,random_unitary,42,223,0.86825442,0.05590691,0.97884404
circles,random_unitary,42,224,0.86900689,0.02852193,1.02106756
circles,random_unitary,42,225,0.87850497,0.04282207,0.99549313
circles,random_unitary,42,226,0.88507298,0.03562376,1.00627529
circles,random_unitary,42,227,0.87348356,0.05249719,1.02210202
circles,random_unitary,42,228,0.86825831,0.03858622,1.00355707
circles,random_unitary,42,229,0.85731279,0.03368519,1.01072088
circles,random_unitary,42,230,0.86855414,0.00356234,0.97428733
circles,random_unitary,42,231,0.88277869,0.02855609,0.99270901
circles,random_unitary,42,232,0.87072513,0.04474788,0.98114788
circles,random_unitary,42,233,0.87853914,0.0183588,1.01347927
circles,random_unitary,42,234,0.88445304,0.01970823,0.99729106
circles,random_unitary,42,235,0.87736632,0.01140197,0.99834805
circles,random_unitary,42,236,0.8654487,0.0097586,0.99859983
circles,random_unitary,42,237,0.864256,0.05867784,1.01935781
circles,random_unitary,42,238,0.86187628,0.06406527,0.9831838
circles,random_unitary,42,239,0.87868332,0.05415503,1.0090949
circles,random_unitary,42,240,0.86346321,0.09018393,0.99882707
circles,random_unitary,42,241,0.86918978,0.00256571,0.99015906
circles,random_unitary,42,242,0.87412825,0.04412092,0.99902791
circles,random_unitary,42,243,0.86327805,0.06776798,1.01449656
circles,random_unitary,42,244,0.87544644,0.01694448,1.01444081
circles,random_unitary,42,245,0.87357168,0.0418522,1.02406472
circles,random_unitary,42,246,0.87413633,0.10333002,0.97197696
circles,random_unitary,42,247,0.87750357,0.0873112,0.98025758
circles,random_unitary,42,248,0.86646342,0.0351885,0.99955466
circles,random_unitary,42,249,0.87388999,0.07225685,1.01179762
circles,random_unitary,42,250,0.8680453,0.01050521,1.00241881
circles,random_unitary,42,251,0.87289423,0.01938118,1.02662177
circles,random_unitary,42,252,0.87084342,0.04331509,1.0022158
circles,random_unitary,42,253,0.87067833,0.02984505,1.01833441
circles,random_unitary,42,254,0.86708504,0.01272957,1.01218754
circles,random_unitary,42,255,0.87313652,0.04190922,1.00531506
circles,random_unitary,42,256,0.86618131,0.00428299,1.0253316
circles,random_unitary,42,257,0.8745907,0.0972898,1.00683789
circles,random_unitary,42,258,0.87329279,0.06836145,0.98445261
circles,random_unitary,42,259,0.87872314,0.03401497,1.00513072
circles,random_unitary,42,260,0.87565913,0.005941,1.01903209
circles,random_unitary,42,261,0.8644035,3.107e-05,1.00758302
circles,random_unitary,42,262,0.86689497,0.01510459,0.94864496
circles,random_unitary,42,263,0.8738962,0.01339709,1.010535
circles,random_unitary,42,264,0.87062879,0.09497832,0.98302394
circles,random_unitary,42,265,0.87335453,0.01706246,1.02090842
circles,random_unitary,42,266,0.87156253,0.00110615,0.99079187
circles,random_unitary,42,267,0.86198668,0.00366913,0.99136611
circles,random_unitary,42,268,0.86928429,0.06027032,0.99788338
circles,random_unitary,42,269,0.86938028,0.01755378,1.01708697
circles,random_unitary,42,270,0.86836084,0.02736733,1.01015834
circles,random_unitary,42,271,0.87604401,0.02954577,0.97581348
circles,random_unitary,42,272,0.87315453,0.04742485,1.00415735
circles,random_unitary,42,273,0.86650439,0.04275338,1.00910435
circles,random_unitary,42,274,0.86702869,0.06036035,1.02601681
circles,random_unitary,42,275,0.87486606,0.07618647,0.99350091
circles,random_unitary,42,276,0.87696344,0.01437357,1.00102518
circles,random_unitary,42,277,0.87365928,0.00064444,1.00461719
circles,random_unitary,42,278,0.87325022,0.01406376,0.99904175
circles,random_unitary,42,279,0.87231478,0.13597829,1.00471368
circles,random_unitary,42,280,0.87420822,0.01578981,1.00585796
circles,random_unitary,42,281,0.87807889,0.02060822,1.01403199
circles,random_unitary,42,282,0.86712294,0.0182744,1.01985153
circles,random_unitary,42,283,0.87747516,0.05776185,0.97758806
circles,random_unitary,42,284,0.86373762,0.02412443,1.00701858
circles,random_unitary,42,285,0.87922586,0.00852134,0.99050696
circles,random_unitary,42,286,0.86621414,0.056327,1.02968541
circles,random_unitary,42,287,0.87662446,0.08602879,1.00256529
circles,random_unitary,42,288,0.86998213,0.08631198,1.01367249
circles,random_unitary,42,289,0.87249766,0.09952708,1.01723437
circles,random_unitary,42,290,0.86992502,0.0469235,1.00833042
circles,random_unitary,42,291,0.86925395,0.02835457,0.98974159
circles,random_unitary,42,292,0.88172583,0.02589671,1.02140383
circles,random_unitary,42,293,0.86748992,0.0110927,1.00202077
circles,random_unitary,42,294,0.86928605,0.02369463,1.00873306
circles,random_unitary,42,295,0.88112565,0.02520747,1.02068905
circles,random_unitary,42,296,0.86886734,0.0035002,0.9908234
circles,random_unitary,42,297,0.86640738,0.02022093,0.99550001
circles,random_unitary,42,298,0.86381336,0.11819472,0.97524533
circles,random_unitary,42,299,0.87824604,0.03297408,1.00143618
circles,random_unitary,42,300,0.86774408,0.08222825,0.99135115
circles,random_unitary,42,301,0.86936327,0.00638596,0.98332535
circles,random_unitary,42,302,0.87988303,0.13425135,0.97612311
circles,random_unitary,42,303,0.86943301,0.0242939,1.01772949
circles,random_unitary,42,304,0.85492741,0.10661863,1.02320731
circles,random_unitary,42,305,0.86768535,0.02440368,0.99780189
circles,random_unitary,42,306,0.85732317,0.02574577,0.98498584
circles,random_unitary,42,307,0.88080833,0.02345225,1.00191642
circles,random_unitary,42,308,0.86484194,0.06169504,0.98458505
circles,random_unitary,42,309,0.87321439,0.04867403,1.01571935
circles,random_unitary,42,310,0.88280361,0.01899894,1.00739102
circles,random_unitary,42,311,0.8726498,0.07002485,1.01961652
circles,random_unitary,42,312,0.8708691,0.05542935,1.01389053
circles,random_unitary,42,313,0.86958817,0.06146643,0.96846945
circles,random_unitary,42,314,0.87488312,0.08048822,0.9926167
circles,random_unitary,42,315,0.86713354,0.03738834,1.00650954
circles,random_unitary,42,316,0.87677664,0.07308617,0.99980397
circles,random_unitary,42,317,0.87061074,0.02036584,0.98681247
circles,random_unitary,42,318,0.87459353,0.01707608,1.00142759
circles,random_unitary,42,319,0.86401999,0.01666735,0.99978062
circles,random_unitary,42,320,0.87978138,0.01152536,0.99108991
circles,random_unitary,42,321,0.87715972,0.05979561,1.00986984
circles,random_unitary,42,322,0.87941909,0.06326463,1.0021225
circles,random_unitary,42,323,0.86390158,0.02006734,1.00463914
circles,random_unitary,42,324,0.87046554,0.02323536,0.97644965
circles,random_unitary,42,325,0.86727079,0.07546296,1.01132468
circles,random_unitary,42,326,0.86281705,0.13319002,0.99641028
circles,random_unitary,42,327,0.87721436,0.01928703,0.9965018
circles,random_unitary,42,328,0.85850645,0.0984389,1.01718797
circles,random_unitary,42,329,0.86636091,0.01637693,1.01222362
circles,random_unitary,42,330,0.86578054,0.07051273,0.99393797
circles,random_unitary,42,331,0.86963567,0.1024378,0.99633071
circles,random_unitary,42,332,0.86311391,0.12107333,1.00667056
circles,random_unitary,42,333,0.87685245,0.01409139,0.99768989
circles,random_unitary,42,334,0.86137498,0.02107016,0.97580091
circles,random_unitary,42,335,0.88679625,0.03117271,0.99923756
circles,random_unitary,42,336,0.87505464,0.03032668,1.00988682
circles,random_unitary,42,337,0.86217238,0.03038845,0.98476022
circles,random_unitary,42,338,0.87299624,0.05274058,0.98591576
circles,random_unitary,42,339,0.87134436,0.00948468,1.01124324
circles,random_unitary,42,340,0.87888305,0.04971204,1.00491285
circles,random_unitary,42,341,0.87658184,0.04456314,0.98668941
circles,random_unitary,42,342,0.8687574,0.03126519,1.00699255
circles,random_unitary,42,343,0.87176548,0.09597547,0.98234307
circles,random_unitary,42,344,0.87250423,0.0583515,1.00278029
circles,random_unitary,42,345,0.87811765,0.00750953,0.99643789
circles,random_unitary,42,346,0.88388627,0.11657583,0.99824668
circles,random_unitary,42,347,0.86842398,0.00314163,1.00294143
circles,random_unitary,42,348,0.87389576,0.01272197,0.99733994
circles,random_unitary,42,349,0.86152965,0.03214828,0.99137845
circles,random_unitary,42,350,0.87267989,0.07587208,1.01047773
circles,random_unitary,42,351,0.87013081,0.03001326,1.00985211
circles,random_unitary,42,352,0.86267168,0.00675696,1.00282906
circles,random_unitary,42,353,0.87362058,0.08799407,0.97921038
circles,random_unitary,42,354,0.87429035,0.04229708,1.00295822
circles,random_unitary,42,355,0.86813174,0.11192599,0.98265752
circles,random_unitary,42,356,0.87929563,0.07553267,1.00937286
circles,random_unitary,42,357,0.87827867,0.00136292,0.9945382
circles,random_unitary,42,358,0.85851865,0.01868756,1.00075665
circles,random_unitary,42,359,0.87668566,0.02046146,0.98082943
circles,random_unitary,42,360,0.8761707,0.02572677,1.00070767
circles,random_unitary,42,361,0.86468546,0.01120666,0.97907094
circles,random_unitary,42,362,0.87295907,0.01970047,1.01548106
circles,random_unitary,42,363,0.86922177,0.01299761,1.00894804
circles,random_unitary,42,364,0.86559543,0.03075536,0.9966844
circles,random_unitary,42,365,0.86944183,0.04128157,1.00960472
circles,random_unitary,42,366,0.86979591,0.05832463,0.99622802
circles,random_unitary,42,367,0.87616861,0.02032173,1.00258465
circles,random_unitary,42,368,0.87267135,0.02895446,1.00103566
circles,random_unitary,42,369,0.86485013,0.06114356,0.98706638
circles,random_unitary,42,370,0.880807,0.04109803,1.03012163
circles,random_unitary,42,371,0.87174013,0.03598473,1.01633765
circles,random_unitary,42,372,0.8743817,0.03995925,0.98673759
circles,random_unitary,42,373,0.8722094,0.01678283,1.00274248
circles,random_unitary,42,374,0.86032326,0.04275792,1.00289439
circles,random_unitary,42,375,0.86472547,0.03322805,1.00695251
circles,random_unitary,42,376,0.87171641,0.07780266,0.99378214
circles,random_unitary,42,377,0.8622967,0.05300532,0.99071734
circles,random_unitary,42,378,0.87215099,0.00673865,0.98890204
circles,random_unitary,42,379,0.87017965,0.02250885,1.00090409
circles,random_unitary,42,380,0.86960405,0.01539876,0.98860904
circles,random_unitary,42,381,0.87271193,0.01152213,1.01396738
circles,random_unitary,42,382,0.86179946,0.05789453,1.03434098
circles,random_unitary,42,383,0.86945517,0.06043491,1.01651952
circles,random_unitary,42,384,0.87210373,0.02215197,1.01691629
circles,random_unitary,42,385,0.86311241,0.13485452,1.00038966
circles,random_unitary,42,386,0.86191295,0.03661471,0.99208202
circles,random_unitary,42,387,0.87196976,0.04573909,0.97199212
circles,random_unitary,42,388,0.86959978,0.01641376,1.0253923
circles,random_unitary,42,389,0.86481656,0.10270517,0.99015456
circles,random_unitary,42,390,0.86350118,0.0133424,0.99017199
circles,random_unitary,42,391,0.87618281,0.00747969,0.95839409
circles,random_unitary,42,392,0.8700334,0.0225922,0.9978526
circles,random_unitary,42,393,0.86486235,0.06739095,0.99183033
circles,random_unitary,42,394,0.87001291,0.03678305,1.00247703
circles,random_unitary,42,395,0.86318761,0.02026534,1.01775652
circles,random_unitary,42,396,0.87089079,0.09140368,0.98624251
circles,random_unitary,42,397,0.87865465,0.04141635,1.00364197
circles,random_unitary,42,398,0.87491665,0.0746811,1.01310819
circles,random_unitary,42,399,0.8698984,0.00695604,1.01770224
circles,random_unitary,42,400,0.85833201,0.00764971,0.99654799
circles,random_unitary,42,401,0.86816166,0.04870151,1.00758802
circles,random_unitary,42,402,0.87229948,0.00054049,1.0325704
circles,random_unitary,42,403,0.86453397,0.11614543,0.9897501
circles,random_unitary,42,404,0.86881644,0.0083283,0.9883342
circles,random_unitary,42,405,0.87029541,0.01404232,0.9891634
circles,random_unitary,42,406,0.88267882,0.02839057,1.0084469
circles,random_unitary,42,407,0.88036692,0.06456415,0.99809876
circles,random_unitary,42,408,0.87104258,0.02458045,0.99115635
circles,random_unitary,42,409,0.8710752,0.05781903,0.99734436
circles,random_unitary,42,410,0.87881441,0.01431394,1.01642184
circles,random_unitary,42,411,0.87010377,0.01073818,1.00662208
circles,random_unitary,42,412,0.87586055,0.07180538,1.02082118
circles,random_unitary,42,413,0.86458234,0.00695746,0.97626049
circles,random_unitary,42,414,0.8701179,0.03153989,0.99551223
circles,random_unitary,42,415,0.86782103,0.00232192,1.01439193
circles,random_unitary,42,416,0.87331169,0.01536472,1.00097388
circles,random_unitary,42,417,0.86932058,0.04400056,0.98977495
circles,random_unitary,42,418,0.85966818,0.05088332,0.99323391
circles,random_unitary,42,419,0.86042498,0.04065575,1.01330005
circles,random_unitary,42,420,0.86193436,0.12056608,0.98649573
circles,random_unitary,42,421,0.87152144,0.01279121,1.00494997
circles,random_unitary,42,422,0.86843804,0.08858287,1.00727662
circles,random_unitary,42,423,0.86909307,0.03905421,0.98399098
circles,random_unitary,42,424,0.87076406,0.08420967,1.02761571
circles,random_unitary,42,425,0.87438535,0.123259,1.03176058
circles,random_unitary,42,426,0.87327246,0.00113313,1.00297828
circles,random_unitary,42,427,0.86980568,0.01575591,1.02671912
circles,random_unitary,42,428,0.87878591,0.00490755,0.9789894
circles,random_unitary,42,429,0.87313243,0.05452435,0.99370738
circles,random_unitary,42,430,0.86747609,0.00242414,1.01392706
circles,random_unitary,42,431,0.87654391,0.03348501,0.98243547
circles,random_unitary,42,432,0.85752861,0.08589572,0.99356396
circles,random_unitary,42,433,0.88066825,0.01911025,0.99467211
circles,random_unitary,42,434,0.86578223,0.01702504,1.00362813
circles,random_unitary,42,435,0.87211893,0.04876157,1.00628236
circles,random_unitary,42,436,0.87748744,0.05810455,1.00437717
circles,random_unitary,42,437,0.87631159,0.00974625,1.01092695
circles,random_unitary,42,438,0.8713694,0.02965863,0.98547171
circles,random_unitary,42,439,0.87089924,0.05995345,0.99870485
circles,random_unitary,42,440,0.87065087,0.02706432,0.98835429
circles,random_unitary,42,441,0.87714147,0.03796039,0.98832578
circles,random_unitary,42,442,0.87210697,0.04332498,1.02437839
circles,random_unitary,42,443,0.87350251,0.05728815,1.03105494
circles,random_unitary,42,444,0.8721469,0.03878458,1.00609142
circles,random_unitary,42,445,0.86947515,0.05271669,0.97016813
circles,random_unitary,42,446,0.86259576,0.01550578,0.99592121
circles,random_unitary,42,447,0.87731404,0.08444902,1.00227763
circles,random_unitary,42,448,0.87549677,0.02127039,1.03396889
circles,random_unitary,42,449,0.87912705,0.05107616,1.00935685
circles,random_unitary,42,450,0.8748643,0.05145388,1.02826406
circles,random_unitary,42,451,0.86703282,0.0007599,0.99183873
circles,random_unitary,42,452,0.86666563,0.04789801,0.99092537
circles,random_unitary,42,453,0.85422461,0.03523018,0.99527216
circles,random_unitary,42,454,0.87133856,0.01009028,1.00005422
circles,random_unitary,42,455,0.87900539,0.02839241,0.99307364
circles,random_unitary,42,456,0.87719905,0.11986089,0.98633909
circles,random_unitary,42,457,0.87890885,0.05845035,1.00062407
circles,random_unitary,42,458,0.8718866,0.05516981,1.00069464
circles,random_unitary,42,459,0.87181815,0.03023465,0.98680024
circles,random_unitary,42,460,0.87543984,0.07396211,0.99521517
circles,random_unitary,42,461,0.88648151,0.11588664,1.00661149
circles,random_unitary,42,462,0.8786015,0.06808739,0.99570745
circles,random_unitary,42,463,0.86501199,0.00657449,1.00318464
circles,random_unitary,42,464,0.875902,0.04345611,1.00352243
circles,random_unitary,42,465,0.86628096,0.09318537,1.0041696
circles,random_unitary,42,466,0.87190868,0.01830054,1.02671712
circles,random_unitary,42,467,0.87295529,0.01294528,1.01106416
circles,random_unitary,42,468,0.86748888,0.06939155,1.00473228
circles,random_unitary,42,469,0.87165046,0.02065989,1.02004436
circles,random_unitary,42,470,0.87403208,0.01733537,1.02915787
circles,random_unitary,42,471,0.87800318,0.00857355,0.98187072
circles,random_unitary,42,472,0.86965467,0.01623736,0.98750995
circles,random_unitary,42,473,0.88173285,0.00047496,1.00681198
circles,random_unitary,42,474,0.87236343,0.09634185,1.00150338
circles,random_unitary,42,475,0.88289558,0.00277267,1.0163474
circles,random_unitary,42,476,0.86627818,0.02887387,1.00601117
circles,random_unitary,42,477,0.86348284,0.0793892,1.00801325
circles,random_unitary,42,478,0.87633285,0.0250237,0.97776627
circles,random_unitary,42,479,0.873879,0.01661932,1.02321989
circles,random_unitary,42,480,0.86209787,0.03959742,0.98143767
circles,random_unitary,42,481,0.87694753,0.01719845,1.0067086
circles,random_unitary,42,482,0.87808575,0.00945227,1.02578274
circles,random_unitary,42,483,0.87700469,0.0117025,0.998202
circles,random_unitary,42,484,0.88255551,0.06412662,0.9957368
circles,random_unitary,42,485,0.86933627,0.03339661,0.99513714
circles,random_unitary,42,486,0.86179538,0.04294195,1.00967723
circles,random_unitary,42,487,0.86444194,0.00809175,1.02022735
circles,random_unitary,42,488,0.86935922,0.07751687,1.00307874
circles,random_unitary,42,489,0.88204833,0.01180733,0.98208625
circles,random_unitary,42,490,0.86896235,0.03247577,0.98697587
circles,random_unitary,42,491,0.8746844,0.07536803,0.97345663
circles,random_unitary,42,492,0.87113283,0.01268403,1.0174353
circles,random_unitary,42,493,0.86640682,0.04999008,1.02003434
circles,random_unitary,42,494,0.8671127,0.06639568,1.00894804
circles,random_unitary,42,495,0.86930908,0.02468484,1.0100662
circles,random_unitary,42,496,0.87027045,0.05114762,1.01200707
circles,random_unitary,42,497,0.86367078,0.10539816,1.01333184
circles,random_unitary,42,498,0.8725183,0.08405633,1.01654817
circles,random_unitary,42,499,0.88137146,0.0959214,0.99671627
circles,random_unitary,42,500,0.87166676,0.10344104,0.97595775
circles,random_unitary,42,501,0.86316576,0.00604743,1.00170923
circles,random_unitary,42,502,0.87265281,0.00321722,1.02087251
circles,random_unitary,42,503,0.87524313,0.06628453,1.01227897
circles,random_unitary,42,504,0.86448497,0.04396372,0.97891514
circles,random_unitary,42,505,0.8743691,0.06317346,0.99670693
circles,random_unitary,42,506,0.87637058,0.01383578,0.98621094
circles,random_unitary,42,507,0.86809312,0.05354039,1.00521272
circles,random_unitary,42,508,0.88225107,0.01635539,0.98225264
circles,random_unitary,42,509,0.87242199,0.01223047,1.0028275
circles,random_unitary,42,510,0.86870157,0.09316383,1.01643184
circles,random_unitary,42,511,0.8640621,0.11607064,0.99860923
circles,random_unitary,42,512,0.87458485,0.00938982,1.00655247
circles,random_unitary,42,513,0.87864171,0.02701622,1.00616395
circles,random_unitary,42,514,0.8681513,0.01129439,0.99632276
circles,random_unitary,42,515,0.87150272,0.09625616,0.99387845
circles,random_unitary,42,516,0.87726988,0.08002929,0.98631414
circles,random_unitary,42,517,0.86697554,0.04803033,0.98073766
circles,random_unitary,42,518,0.87417038,0.05800464,1.0085345
circles,random_unitary,42,519,0.87173324,0.00330378,1.02593361
circles,random_unitary,42,520,0.87117009,0.02933042,1.00647876
circles,random_unitary,42,521,0.86781399,0.00759026,1.01866411
circles,random_unitary,42,522,0.87130055,0.04489229,0.99634478
circles,random_unitary,42,523,0.8766989,0.05805554,0.99742509
circles,random_unitary,42,524,0.86859883,0.00956633,1.01631881
circles,random_unitary,42,525,0.86662401,0.02364808,1.00758942
circles,random_unitary,42,526,0.87729228,0.07577914,1.00100733
circles,random_unitary,42,527,0.87125333,0.04322331,0.97900132
circles,random_unitary,42,528,0.87711472,0.02066014,0.9974582
circles,random_unitary,42,529,0.87753936,0.05436168,1.0046815
circles,random_unitary,42,530,0.88021943,0.03595908,0.98919887
circles,random_unitary,42,531,0.87818739,0.01127051,0.99074692
circles,random_unitary,42,532,0.86128941,0.00896907,0.98563614
circles,random_unitary,42,533,0.87518905,0.00490872,0.99649828
circles,random_unitary,42,534,0.87482893,6.864e-05,1.0081246
circles,random_unitary,42,535,0.86939665,0.00593387,0.99416795
circles,random_unitary,42,536,0.866689,0.08005532,1.00382868
circles,random_unitary,42,537,0.88211512,0.02393721,1.00655482
circles,random_unitary,42,538,0.8663432,0.01314309,0.99324036
circles,random_unitary,42,539,0.8711933,0.0606827,0.97955138
circles,random_unitary,42,540,0.86581085,0.04324284,0.97636209
circles,random_unitary,42,541,0.85760088,0.01291465,0.96908607
circles,random_unitary,42,542,0.86392922,0.03375748,0.98805482
circles,random_unitary,42,543,0.88260187,3.139e-05,1.05168132
circles,random_unitary,42,544,0.87844023,0.02902811,1.03206045
circles,random_unitary,42,545,0.87508136,0.04209326,1.0116818
circles,random_unitary,42,546,0.8804867,0.03499031,0.98537865
circles,random_unitary,42,547,0.86781367,0.03215188,1.0123297
circles,random_unitary,42,548,0.86765624,0.03062392,1.00322345
circles,random_unitary,42,549,0.871658,0.02389322,1.00965511
circles,random_unitary,42,550,0.87542797,0.03431874,0.96314545
circles,random_unitary,42,551,0.87516132,0.04583615,1.00914031
circles,random_unitary,42,552,0.86619817,0.06476916,0.97765394
circles,random_unitary,42,553,0.86827214,0.05927624,0.99677011
circles,random_unitary,42,554,0.87246422,0.07470847,1.00417536
circles,random_unitary,42,555,0.86907291,0.03980438,0.98624884
circles,random_unitary,42,556,0.87375134,0.00600785,1.00758769
circles,random_unitary,42,557,0.87256281,0.0336709,0.97470553
circles,random_unitary,42,558,0.87076337,0.01433108,1.01236393
circles,random_unitary,42,559,0.87212912,0.03735989,0.99802417
circles,random_unitary,42,560,0.87905771,0.02142858,0.98858484
circles,random_unitary,42,561,0.87094732,0.07582999,0.9773582
circles,random_unitary,42,562,0.87217987,0.06829332,0.99934115
circles,random_unitary,42,563,0.86833546,0.03604525,0.98637878
circles,random_unitary,42,564,0.8660798,0.06036508,0.984989
circles,random_unitary,42,565,0.85920471,0.03622749,1.00865899
circles,random_unitary,42,566,0.86667276,0.11385779,0.98229258
circles,random_unitary,42,567,0.86608656,0.04190752,0.99965486
circles,random_unitary,42,568,0.88069589,0.08848339,0.99901592
circles,random_unitary,42,569,0.87800441,0.034738,0.98827399
circles,random_unitary,42,570,0.86365497,0.08057363,0.9899918
circles,random_unitary,42,571,0.87100968,0.01224676,1.02908345
circles,random_unitary,42,572,0.87478645,0.09401418,1.00020116
circles,random_unitary,42,573,0.88320399,0.07908464,0.9937882
circles,random_unitary,42,574,0.88246991,0.03289014,0.99749407
circles,random_unitary,42,575,0.86754293,0.03746994,0.99134762
circles,random_unitary,42,576,0.86940068,0.00797614,0.98084059
circles,random_unitary,42,577,0.87438871,0.00478822,0.98809235
circles,random_unitary,42,578,0.87761613,0.05013709,0.99395776
circles,random_unitary,42,579,0.8715963,0.02490933,0.9971925
circles,random_unitary,42,580,0.87234309,0.00696972,1.01209511
circles,random_unitary,42,581,0.87204419,0.04945981,1.00520769
circles,random_unitary,42,582,0.86855195,0.01051387,0.98989588
circles,random_unitary,42,583,0.86731956,0.1182892,1.00058428
circles,random_unitary,42,584,0.87677546,0.06692893,0.99191055
circles,random_unitary,42,585,0.86502665,0.12190872,0.98673923
circles,random_unitary,42,586,0.86968482,0.01827915,0.99141449
circles,random_unitary,42,587,0.88431162,0.01139339,1.01827846
circles,random_unitary,42,588,0.87903936,0.08941496,0.97783599
circles,random_unitary,42,589,0.87937567,0.02955252,1.02756465
circles,random_unitary,42,590,0.86842752,0.00361498,0.98115896
circles,random_unitary,42,591,0.86596739,0.03693247,0.98732893
circles,random_unitary,42,592,0.8689608,0.0238961,1.00316089
circles,random_unitary,42,593,0.87700575,0.06087545,0.99516573
circles,random_unitary,42,594,0.87305733,0.00097031,0.9893721
circles,random_unitary,42,595,0.87701025,0.04943814,1.01117783
circles,random_unitary,42,596,0.88293482,0.07992486,1.00217178
circles,random_unitary,42,597,0.87321891,0.05642284,1.01545536
circles,random_unitary,42,598,0.86647322,0.00762488,0.96734425
circles,random_unitary,42,599,0.87029587,0.03720137,0.99530839
circles,random_unitary,42,600,0.88097908,0.03835696,1.00898839
circles,random_unitary,42,601,0.86651757,0.0089489,0.97991313
circles,random_unitary,42,602,0.87142181,0.05498729,1.00366414
circles,random_unitary,42,603,0.87506141,0.00223044,1.01669175
circles,random_unitary,42,604,0.86748358,0.03093824,1.00395325
circles,random_unitary,42,605,0.87164746,0.04164045,1.02422159
circles,random_unitary,42,606,0.87775561,0.01431661,0.99952862
circles,random_unitary,42,607,0.87540859,0.016858,1.00116691
circles,random_unitary,42,608,0.8732255,0.05182891,1.00669348
circles,random_unitary,42,609,0.86604162,0.04016524,1.02435711
circles,random_unitary,42,610,0.8722419,0.01353176,0.98754858
circles,random_unitary,42,611,0.88213897,0.08096848,0.97879163
circles,random_unitary,42,612,0.87018714,0.12542892,0.97272223
circles,random_unitary,42,613,0.87294694,0.01939501,0.99430442
circles,random_unitary,42,614,0.86478071,0.01894338,1.03877066
circles,random_unitary,42,615,0.87503449,0.0029406,1.02571359
circles,random_unitary,42,616,0.86583608,0.00300878,1.02087699
circles,random_unitary,42,617,0.86182872,0.04138546,0.98410223
circles,random_unitary,42,618,0.86712347,0.01550477,0.98912867
circles,random_unitary,42,619,0.86880766,0.06635921,1.00968729
circles,random_unitary,42,620,0.86693202,0.00636333,0.99164416
circles,random_unitary,42,621,0.87206476,0.08124795,1.01310698
circles,random_unitary,42,622,0.87236088,0.00765105,1.02078482
circles,random_unitary,42,623,0.87936753,0.03301299,0.98129391
circles,random_unitary,42,624,0.871481,0.06421331,1.02325469
circles,random_unitary,42,625,0.87064432,0.007967,1.01974253
circles,random_unitary,42,626,0.8629054,0.03091206,0.98430772
circles,random_unitary,42,627,0.8715219,0.00685655,0.9668417
circles,random_unitary,42,628,0.87407855,0.04798667,1.02034318
circles,random_unitary,42,629,0.87047923,0.03444823,1.0122594
circles,random_unitary,42,630,0.87829842,0.00585675,0.99751293
circles,random_unitary,42,631,0.86002711,0.04959347,1.00370234
circles,random_unitary,42,632,0.87680243,0.07682066,1.00015642
circles,random_unitary,42,633,0.87404054,0.00529905,0.9753237
circles,random_unitary,42,634,0.87111854,0.10592998,0.97975413
circles,random_unitary,42,635,0.86591658,0.02925375,0.99872135
circles,random_unitary,42,636,0.87200247,0.04084198,1.00520984
circles,random_unitary,42,637,0.86845779,0.07077686,1.00758396
circles,random_unitary,42,638,0.87349067,0.03834336,0.96511971
circles,random_unitary,42,639,0.86801316,0.01982569,0.96769466
circles,random_unitary,42,640,0.87094871,0.06527638,0.98551528
circles,random_unitary,42,641,0.87544338,0.02344358,1.01515631
circles,random_unitary,42,642,0.87035462,0.00480976,1.02807595
circles,random_unitary,42,643,0.85815965,0.09229839,1.02052982
circles,random_unitary,42,644,0.86623045,0.0603118,1.00748274
circles,random_unitary,42,645,0.87362692,0.05093041,0.98767911
circles,random_unitary,42,646,0.87567835,0.10956241,0.99536741
circles,random_unitary,42,647,0.87002335,0.0370396,0.96500199
circles,random_unitary,42,648,0.87198963,0.03632151,1.02006239
circles,random_unitary,42,649,0.87584514,0.01989226,0.99158026
circles,random_unitary,42,650,0.85617677,0.00929949,1.00130922
circles,random_unitary,42,651,0.86916632,0.01279768,1.00641282
circles,random_unitary,42,652,0.87200235,0.03578661,0.99110264
circles,random_unitary,42,653,0.86953512,0.04021715,1.01085954
circles,random_unitary,42,654,0.86362202,0.03328511,0.98707766
circles,random_unitary,42,655,0.88223069,0.0187827,0.99418233
circles,random_unitary,42,656,0.87680511,0.00988636,0.99159294
circles,random_unitary,42,657,0.87883462,0.05183737,0.99601358
circles,random_unitary,42,658,0.86635757,0.01431437,0.97269528
circles,random_unitary,42,659,0.86893898,0.02205059,1.00152054
circles,random_unitary,42,660,0.87404689,0.07872618,1.03902518
circles,random_unitary,42,661,0.86477561,0.032395,1.00961312
circles,random_unitary,42,662,0.85541465,0.06566015,1.00178196
circles,random_unitary,42,663,0.87692525,0.03551086,0.99918601
circles,random_unitary,42,664,0.86820637,0.06161627,1.02521268
circles,random_unitary,42,665,0.88009976,0.00190187,1.00992174
circles,random_unitary,42,666,0.8723764,0.01912343,1.01418374
circles,random_unitary,42,667,0.87480669,0.01215639,1.00340874
circles,random_unitary,42,668,0.87685724,0.03350614,0.99659716
circles,random_unitary,42,669,0.87116606,0.01418772,0.99803071
circles,random_unitary,42,670,0.87021225,0.03547313,1.00269257
circles,random_unitary,42,671,0.86637646,0.02491401,0.98747341
circles,random_unitary,42,672,0.88136194,0.00035897,1.00301532
circles,random_unitary,42,673,0.85785911,0.01025964,0.99985136
circles,random_unitary,42,674,0.86865489,0.03394209,1.01586391
circles,random_unitary,42,675,0.87202813,0.01217688,0.99386055
circles,random_unitary,42,676,0.87150651,0.03548541,1.02435673
circles,random_unitary,42,677,0.86253125,0.01192021,1.00665894
circles,random_unitary,42,678,0.87060589,0.09174108,0.97213052
circles,random_unitary,42,679,0.86533356,0.00152909,1.00268366
circles,random_unitary,42,680,0.86931825,0.07328898,0.98529719
circles,random_unitary,42,681,0.87131733,0.05605385,0.99072009
circles,random_unitary,42,682,0.86768726,0.12348646,0.99911313
circles,random_unitary,42,683,0.87554535,0.016551,1.01278556
circles,random_unitary,42,684,0.86722739,0.04976667,1.03285087
circles,random_unitary,42,685,0.87814171,0.04664046,0.97587048
circles,random_unitary,42,686,0.86509157,0.03559484,1.00900974
circles,random_unitary,42,687,0.86416403,0.03425334,0.9802176
circles,random_unitary,42,688,0.8650809,0.05312762,0.98004886
circles,random_unitary,42,689,0.8734168,0.00410201,0.99592923
circles,random_unitary,42,690,0.88567074,0.0513179,1.02330168
circles,random_unitary,42,691,0.87032247,0.00442393,1.01840804
circles,random_unitary,42,692,0.8714008,0.0096947,0.96115379
circles,random_unitary,42,693,0.87052224,0.0354991,1.02359574
circles,random_unitary,42,694,0.86668281,0.08282723,0.97150047
circles,random_unitary,42,695,0.88052219,0.00527284,1.04786646
circles,random_unitary,42,696,0.86122719,0.00892344,0.98581363
circles,random_unitary,42,697,0.87976459,0.07310045,0.97973328
circles,random_unitary,42,698,0.87001694,0.0266353,1.02965356
circles,random_unitary,42,699,0.87098208,0.07315946,0.97900524
circles,random_unitary,42,700,0.86508541,0.08045103,0.99410555
circles,random_unitary,42,701,0.87035575,0.01315298,1.0099108
circles,random_unitary,42,702,0.86561738,0.11415821,1.00343071
circles,random_unitary,42,703,0.87650606,0.00420254,1.01992935
circles,random_unitary,42,704,0.87146041,0.00642563,1.00012164
circles,random_unitary,42,705,0.87842757,0.04213476,1.028004
circles,random_unitary,42,706,0.88190586,0.04753776,0.97388546
circles,random_unitary,42,707,0.87665477,0.0091003,1.0001541
circles,random_unitary,42,708,0.88178043,0.01205017,1.00032301
circles,random_unitary,42,709,0.87509485,0.1037821,0.98810477
circles,random_unitary,42,710,0.86322976,0.04548234,0.99169087
circles,random_unitary,42,711,0.86699945,0.02514367,1.00524424
circles,random_unitary,42,712,0.87465108,0.06140663,1.00912905
circles,random_unitary,42,713,0.87950727,0.03262643,1.00029311
circles,random_unitary,42,714,0.87106559,0.0960819,0.99074918
circles,random_unitary,42,715,0.87403833,0.05005246,0.99003917
circles,random_unitary,42,716,0.87909344,0.05456079,0.99515249
circles,random_unitary,42,717,0.87142603,0.01709258,0.99347034
circles,random_unitary,42,718,0.87197536,0.00447376,0.99521953
circles,random_unitary,42,719,0.86721674,0.05935086,0.97224868
circles,random_unitary,42,720,0.87355516,0.04336709,0.99463871
circles,random_unitary,42,721,0.8644928,0.03517134,0.96414997
circles,random_unitary,42,722,0.86720761,0.08521473,0.99991439
circles,random_unitary,42,723,0.8702973,0.05767903,0.99455772
circles,random_unitary,42,724,0.86686877,0.03242246,1.00725057
circles,random_unitary,42,725,0.85954561,0.00058198,0.98055745
circles,random_unitary,42,726,0.86397586,0.03581395,0.99581721
circles,random_unitary,42,727,0.8692972,0.00896025,1.00835723
circles,random_unitary,42,728,0.87565375,0.01114193,0.99109699
circles,random_unitary,42,729,0.86591125,0.06723018,0.981271
circles,random_unitary,42,730,0.87600242,0.07195292,0.99929259
circles,random_unitary,42,731,0.87256709,0.00790793,1.01850439
circles,random_unitary,42,732,0.86915531,0.04769674,0.99114255
circles,random_unitary,42,733,0.8761157,0.06922512,1.0124786
circles,random_unitary,42,734,0.88099633,0.01021474,1.03040348
circles,random_unitary,42,735,0.87065971,0.01985745,1.03165149
circles,random_unitary,42,736,0.858427,0.02910665,0.99660659
circles,random_unitary,42,737,0.87886599,0.02979631,1.00904517
circles,random_unitary,42,738,0.8793553,0.06775361,0.99201813
circles,random_unitary,42,739,0.88292978,0.07596762,0.99517132
circles,random_unitary,42,740,0.87143024,0.042089,0.9866001
circles,random_unitary,42,741,0.86649363,0.05300764,0.97953527
circles,random_unitary,42,742,0.86374356,0.00023142,1.00114184
circles,random_unitary,42,743,0.87919816,0.00685654,0.9967704
circles,random_unitary,42,744,0.85797475,0.00187455,1.02539917
circles,random_unitary,42,745,0.86692487,0.00229828,0.99977071
circles,random_unitary,42,746,0.86612078,0.06353905,0.97969166
circles,random_unitary,42,747,0.87561398,0.07475474,0.99875566
circles,random_unitary,42,748,0.87641156,0.10517615,0.99818425
circles,random_unitary,42,749,0.87285759,0.07366649,1.00317152
circles,random_unitary,42,750,0.87556346,0.0412575,0.99104345
circles,random_unitary,42,751,0.88028096,0.04884755,0.98980944
circles,random_unitary,42,752,0.87046925,0.07856751,1.02689695
circles,random_unitary,42,753,0.86841193,0.01746703,0.98305538
circles,random_unitary,42,754,0.86965313,0.00942678,0.97308411
circles,random_unitary,42,755,0.87230259,0.02556976,0.99040818
circles,random_unitary,42,756,0.87431757,0.08383996,1.03321169
circles,random_unitary,42,757,0.8712652,0.05754143,1.00054284
circles,random_unitary,42,758,0.87085686,0.03992104,0.96093124
circles,random_unitary,42,759,0.87639545,0.07624794,0.99779463
circles,random_unitary,42,760,0.8594108,0.07762451,1.00832347
circles,random_unitary,42,761,0.87095455,0.12467041,0.9927075
circles,random_unitary,42,762,0.86255868,0.01632541,1.02196873
circles,random_unitary,42,763,0.86067864,0.16195827,0.99783779
circles,random_unitary,42,764,0.87241186,0.12994502,1.03825494
circles,random_unitary,42,765,0.8783678,0.08532028,1.01298378
circles,random_unitary,42,766,0.87323279,0.06116764,0.99993215
circles,random_unitary,42,767,0.87057445,0.05267064,1.02307584
circles,random_unitary,42,768,0.86797451,0.03825079,1.01528498
circles,random_unitary,42,769,0.87035752,0.02953261,0.98427351
circles,random_unitary,42,770,0.87714558,0.0253462,0.99395302
circles,random_unitary,42,771,0.85930591,0.02216623,0.9903662
circles,random_unitary,42,772,0.87401528,0.03058879,0.99128056
circles,random_unitary,42,773,0.87540679,0.01240004,1.03446907
circles,random_unitary,42,774,0.87282398,0.07173838,1.01426636
circles,random_unitary,42,775,0.86764942,0.05216931,0.99568766
circles,random_unitary,42,776,0.87698679,0.09442618,0.98089757
circles,random_unitary,42,777,0.87540919,0.0383638,0.9789861
circles,random_unitary,42,778,0.87010638,0.00252044,1.01253054
circles,random_unitary,42,779,0.87883319,0.08629256,1.00774755
circles,random_unitary,42,780,0.87684769,0.01917916,0.99016285
circles,random_unitary,42,781,0.86494626,0.03634761,0.99614954
circles,random_unitary,42,782,0.87605685,0.08364878,0.99996546
circles,random_unitary,42,783,0.87609056,0.09901237,0.99843761
circles,random_unitary,42,784,0.87332736,0.00153724,0.99634522
circles,random_unitary,42,785,0.87203532,0.01001447,1.00126115
circles,random_unitary,42,786,0.87262583,0.00556971,0.98512538
circles,random_unitary,42,787,0.86948798,0.07592017,0.99596609
circles,random_unitary,42,788,0.87244818,0.007567,1.01251729
circles,random_unitary,42,789,0.86472723,0.05596072,0.96195687
circles,random_unitary,42,790,0.88633572,0.03811552,0.9778498
circles,random_unitary,42,791,0.86848864,0.07614855,1.02646651
circles,random_unitary,42,792,0.8668381,0.02125852,0.97885995
circles,random_unitary,42,793,0.87577873,0.05677174,0.9831949
circles,random_unitary,42,794,0.8702688,0.06928973,1.02194581
circles,random_unitary,42,795,0.86529523,0.02679668,1.01711042
circles,random_unitary,42,796,0.87317713,0.00263708,1.02540278
circles,random_unitary,42,797,0.87311078,0.07828308,1.01883664
circles,random_unitary,42,798,0.86896863,0.01946665,1.00306583
circles,random_unitary,42,799,0.8699737,0.00135164,0.99595026
circles,random_unitary,42,800,0.86544714,0.03974825,0.99623463
circles,random_unitary,42,801,0.87124816,0.00186085,1.0045365
circles,random_unitary,42,802,0.86392737,0.01810827,0.97787601
circles,random_unitary,42,803,0.87629518,0.03199474,1.00338907
circles,random_unitary,42,804,0.87417325,0.0365341,1.00556972
circles,random_unitary,42,805,0.87360165,0.04600651,1.01876743
circles,random_unitary,42,806,0.87720733,0.11778649,1.00349895
circles,random_unitary,42,807,0.87694962,0.05806005,0.98459413
circles,random_unitary,42,808,0.86465086,0.10034747,1.02978908
circles,random_unitary,42,809,0.86422792,0.0625173,1.03242644
circles,random_unitary,42,810,0.86774556,0.12241607,0.9935101
circles,random_unitary,42,811,0.86768654,0.08410485,1.04295883
circles,random_unitary,42,812,0.86847897,0.02726606,1.01003228
circles,random_unitary,42,813,0.8810521,0.046357,0.97811375
circles,random_unitary,42,814,0.88055692,0.0195434,0.9782227
circles,random_unitary,42,815,0.86212258,0.01231251,1.003691
circles,random_unitary,42,816,0.86804547,0.02919554,0.97976927
circles,random_unitary,42,817,0.8710776,0.03813109,0.98753848
circles,random_unitary,42,818,0.8748242,0.02664496,1.00458843
circles,random_unitary,42,819,0.87433556,0.05030217,0.99800768
circles,random_unitary,42,820,0.87130421,0.03256824,0.99601491
circles,random_unitary,42,821,0.86684307,0.02784406,1.01032832
circles,random_unitary,42,822,0.86374602,0.0378533,1.00647774
circles,random_unitary,42,823,0.86150461,0.06049933,1.00503266
circles,random_unitary,42,824,0.86899813,0.08185029,0.98456605
circles,random_unitary,42,825,0.86817271,0.06415855,1.00958504
circles,random_unitary,42,826,0.88168264,0.00869749,0.97741275
circles,random_unitary,42,827,0.87964722,0.00903752,0.99765282
circles,random_unitary,42,828,0.88250951,0.02733048,0.98218991
circles,random_unitary,42,829,0.87857221,0.06291769,0.99086044
circles,random_unitary,42,830,0.8643721,0.03792308,1.00394975
circles,random_unitary,42,831,0.86994724,0.01014478,0.99408573
circles,random_unitary,42,832,0.87394671,0.0394532,1.01130287
circles,random_unitary,42,833,0.8702059,0.10151406,1.00760595
circles,random_unitary,42,834,0.86350375,0.07734906,1.00626753
circles,random_unitary,42,835,0.8706667,0.02904572,1.01112542
circles,random_unitary,42,836,0.87391383,0.07606212,0.99963442
circles,random_unitary,42,837,0.8656755,0.02627754,0.97759289
circles,random_unitary,42,838,0.87166315,0.05530439,1.0039486
circles,random_unitary,42,839,0.86885602,0.03790225,1.00775974
circles,random_unitary,42,840,0.86940846,0.03266384,1.01139844
circles,random_unitary,42,841,0.87753005,0.05437535,1.02682619
circles,random_unitary,42,842,0.875863,0.01848034,1.02593287
circles,random_unitary,42,843,0.8723517,0.06346005,0.98465926
circles,random_unitary,42,844,0.86331979,0.00571978,1.0090011
circles,random_unitary,42,845,0.88196284,0.01416568,1.00195065
circles,random_unitary,42,846,0.87489144,0.03297876,1.02600749
circles,random_unitary,42,847,0.87978323,0.01266965,1.00946389
circles,random_unitary,42,848,0.87613087,0.01270275,0.96474029
circles,random_unitary,42,849,0.87026858,0.07446183,0.94788013
circles,random_unitary,42,850,0.87107919,0.04009116,1.00455277
circles,random_unitary,42,851,0.85917358,0.17506242,1.00177535
circles,random_unitary,42,852,0.87340941,0.02241133,0.96727903
circles,random_unitary,42,853,0.86579113,0.02175344,0.99840351
circles,random_unitary,42,854,0.87082645,0.05830426,1.00110478
circles,random_unitary,42,855,0.88598068,0.01084922,0.99558194
circles,random_unitary,42,856,0.87400189,0.03455581,0.99194257
circles,random_unitary,42,857,0.87038909,0.02936501,0.99210226
circles,random_unitary,42,858,0.87479946,0.04023535,1.00188448
circles,random_unitary,42,859,0.88840301,0.02333282,1.00729119
circles,random_unitary,42,860,0.87250062,0.04470816,0.99767987
circles,random_unitary,42,861,0.86708091,0.09408123,0.97784387
circles,random_unitary,42,862,0.87177258,0.01006778,0.97314374
circles,random_unitary,42,863,0.87754383,0.06260987,0.96901852
circles,random_unitary,42,864,0.87298064,0.02457914,1.02548178
circles,random_unitary,42,865,0.86860161,0.03524407,0.99396627
circles,random_unitary,42,866,0.87311256,0.0422317,1.02067871
circles,random_unitary,42,867,0.87411831,0.02948499,1.00256312
circles,random_unitary,42,868,0.88083265,0.09152581,0.99681999
circles,random_unitary,42,869,0.88225356,0.02887923,1.0063294
circles,random_unitary,42,870,0.87171922,0.04867526,0.9784446
circles,random_unitary,42,871,0.87340797,0.0602745,1.01331511
circles,random_unitary,42,872,0.88028144,0.0642286,0.99733295
circles,random_unitary,42,873,0.87123555,0.01988497,1.02560605
circles,random_unitary,42,874,0.8711006,0.02022299,0.98760223
circles,random_unitary,42,875,0.86660203,0.04155647,1.02959312
circles,random_unitary,42,876,0.87102842,0.10681214,0.97977047
circles,random_unitary,42,877,0.88041593,0.04347268,1.00981391
circles,random_unitary,42,878,0.86493995,0.03606935,1.00903994
circles,random_unitary,42,879,0.87688541,0.01266518,1.00762274
circles,random_unitary,42,880,0.86794357,0.00649066,0.99320591
circles,random_unitary,42,881,0.8672514,0.00422514,0.99956805
circles,random_unitary,42,882,0.86827765,0.03121475,0.98271345
circles,random_unitary,42,883,0.86236383,0.07433617,0.97863549
circles,random_unitary,42,884,0.86258824,0.06600953,0.98440309
circles,random_unitary,42,885,0.88178408,0.0155519,1.02253744
circles,random_unitary,42,886,0.85809813,0.10013285,0.97203799
circles,random_unitary,42,887,0.86318312,0.04521426,1.01413791
circles,random_unitary,42,888,0.87777768,0.04834988,0.99416628
circles,random_unitary,42,889,0.86580227,0.01809348,1.00363124
circles,random_unitary,42,890,0.88075499,0.00214249,1.00829925
circles,random_unitary,42,891,0.87534293,0.03701829,0.98180387
circles,random_unitary,42,892,0.86986168,0.03680336,1.01536174
circles,random_unitary,42,893,0.86706041,0.0217549,0.98794861
circles,random_unitary,42,894,0.8691247,0.00895449,1.00379962
circles,random_unitary,42,895,0.86307407,0.05414618,0.9876668
circles,random_unitary,42,896,0.87738253,0.04072712,1.00786528
circles,random_unitary,42,897,0.87035157,0.02278259,1.00866493
circles,random_unitary,42,898,0.87381518,0.0068534,0.99563363
circles,random_unitary,42,899,0.87293254,0.05812165,0.98497833
circles,random_unitary,42,900,0.86473534,0.03938307,0.97411012
circles,random_unitary,42,901,0.87417219,0.05063899,1.00491804
circles,random_unitary,42,902,0.87511654,0.0828424,1.00570285
circles,random_unitary,42,903,0.87323766,0.02800958,1.01395976
circles,random_unitary,42,904,0.87262303,0.04048536,0.99589174
circles,random_unitary,42,905,0.8792982,0.07522761,0.9923506
circles,random_unitary,42,906,0.87241541,0.06900069,1.00526278
circles,random_unitary,42,907,0.8665406,0.0177144,0.9901834
circles,random_unitary,42,908,0.86375752,0.03965735,1.007942
circles,random_unitary,42,909,0.86986505,0.02807456,0.98362988
circles,random_unitary,42,910,0.86108411,0.02032551,1.00719112
circles,random_unitary,42,911,0.87012627,0.04072885,0.99790893
circles,random_unitary,42,912,0.87526001,0.00528498,0.99970797
circles,random_unitary,42,913,0.87235408,0.06878553,0.98477179
circles,random_unitary,42,914,0.87602561,0.01775699,0.99808638
circles,random_unitary,42,915,0.86751153,0.03713785,1.00901852
circles,random_unitary,42,916,0.88263189,0.02246502,0.99532357
circles,random_unitary,42,917,0.87018571,0.02961429,0.99163954
circles,random_unitary,42,918,0.8737047,0.09819934,0.99803342
circles,random_unitary,42,919,0.86901577,0.08732149,1.01934635
circles,random_unitary,42,920,0.86561502,0.05475758,0.98043908
circles,random_unitary,42,921,0.87646678,0.06994693,1.01218337
circles,random_unitary,42,922,0.86577148,0.04511016,0.99154531
circles,random_unitary,42,923,0.87112865,0.0677469,0.98931296
circles,random_unitary,42,924,0.87446912,0.03206825,1.009244
circles,random_unitary,42,925,0.87013755,0.02160135,0.97584346
circles,random_unitary,42,926,0.87086219,0.01086059,0.9869432
circles,random_unitary,42,927,0.86545663,0.02042727,0.99710481
circles,random_unitary,42,928,0.8753645,0.03535619,0.98547648
circles,random_unitary,42,929,0.87045826,0.0199823,1.00639961
circles,random_unitary,42,930,0.86049022,0.05964627,0.98801019
circles,random_unitary,42,931,0.87679825,0.04369046,1.01193453
circles,random_unitary,42,932,0.87615812,0.02627886,0.99106382
circles,random_unitary,42,933,0.86415836,0.01262517,0.98880707
circles,random_unitary,42,934,0.87023301,0.06426048,1.02300835
circles,random_unitary,42,935,0.87756817,0.01134923,0.98294155
circles,random_unitary,42,936,0.87697715,0.00106398,0.99913193
circles,random_unitary,42,937,0.87501466,0.03050859,0.99953813
circles,random_unitary,42,938,0.87507582,0.03865979,1.01415428
circles,random_unitary,42,939,0.86821986,0.01435484,0.99856641
circles,random_unitary,42,940,0.86241904,0.02833599,1.01717639
circles,random_unitary,42,941,0.86091845,0.06718786,0.98690227
circles,random_unitary,42,942,0.8765907,0.08808983,0.9735999
circles,random_unitary,42,943,0.88401546,0.02802173,0.97241053
circles,random_unitary,42,944,0.86607599,0.00191572,0.9885248
circles,random_unitary,42,945,0.85835249,0.01676549,0.99861977
circles,random_unitary,42,946,0.86475894,0.00550912,0.98377035
circles,random_unitary,42,947,0.86860135,0.01872647,1.02857136
circles,random_unitary,42,948,0.86799031,0.04696995,0.98269636
circles,random_unitary,42,949,0.86790332,0.02265882,0.98527566
circles,random_unitary,42,950,0.87169794,0.01465904,1.00457966
circles,random_unitary,42,951,0.8648469,0.07840028,0.97682059
circles,random_unitary,42,952,0.87202403,0.07742105,0.99323589
circles,random_unitary,42,953,0.87258784,0.03141903,1.00937649
circles,random_unitary,42,954,0.8710495,0.04446969,1.01252292
circles,random_unitary,42,955,0.87614734,0.03506248,0.99881589
circles,random_unitary,42,956,0.8572412,0.01446709,1.01757023
circles,random_unitary,42,957,0.8525155,0.12098792,1.0203371
circles,random_unitary,42,958,0.86737136,0.02213534,1.00269588
circles,random_unitary,42,959,0.87015197,0.01957158,0.98128473
circles,random_unitary,42,960,0.88429843,0.04928273,0.99418262
circles,random_unitary,42,961,0.86403599,0.08909046,0.97613854
circles,random_unitary,42,962,0.87576428,0.07254788,0.97988806
circles,random_unitary,42,963,0.87274457,0.04159181,0.99221309
circles,random_unitary,42,964,0.87354726,0.07595105,0.99212052
circles,random_unitary,42,965,0.8655943,0.05254597,1.02300679
circles,random_unitary,42,966,0.87459264,0.04466162,0.95732962
circles,random_unitary,42,967,0.87563271,0.01573479,1.01579809
circles,random_unitary,42,968,0.87535478,0.04485537,1.01308942
circles,random_unitary,42,969,0.87754427,0.03495518,0.99765089
circles,random_unitary,42,970,0.86464748,0.00597424,0.99846561
circles,random_unitary,42,971,0.87232201,0.05268621,0.97879511
circles,random_unitary,42,972,0.87415493,0.01926951,0.99712429
circles,random_unitary,42,973,0.8625864,0.04043312,1.00012273
circles,random_unitary,42,974,0.87189787,0.10128924,1.01165214
circles,random_unitary,42,975,0.8596114,0.00848638,0.97624606
circles,random_unitary,42,976,0.87248767,0.03607952,0.9776839
circles,random_unitary,42,977,0.86989682,0.00885305,0.99567934
circles,random_unitary,42,978,0.87403541,0.07722436,1.00301467
circles,random_unitary,42,979,0.87357867,0.04521368,0.99348769
circles,random_unitary,42,980,0.8635135,0.0012542,1.01580521
circles,random_unitary,42,981,0.86417895,0.07890949,1.02422674
circles,random_unitary,42,982,0.87302503,0.05687089,0.98713999
circles,random_unitary,42,983,0.87071136,0.0129561,1.00683187
circles,random_unitary,42,984,0.87073933,0.04887187,0.99994728
circles,random_unitary,42,985,0.86636553,0.04410572,1.02202018
circles,random_unitary,42,986,0.87550603,0.01971207,1.01330034
circles,random_unitary,42,987,0.87413701,0.02963328,1.02780275
circles,random_unitary,42,988,0.87007353,0.0430163,0.98690346
circles,random_unitary,42,989,0.8666199,0.0506191,1.01341211
circles,random_unitary,42,990,0.87651266,0.12689819,1.01532176
circles,random_unitary,42,991,0.86615486,0.11039076,0.97943497
circles,random_unitary,42,992,0.86681494,0.03878076,0.99895103
circles,random_unitary,42,993,0.87133658,0.06715763,1.01315962
circles,random_unitary,42,994,0.87923224,0.00764955,1.00050707
circles,random_unitary,42,995,0.87133444,0.09741501,0.99049731
circles,random_unitary,42,996,0.85804341,0.05329733,1.01770745
circles,random_unitary,42,997,0.86567991,0.00856905,0.97493827
circles,random_unitary,42,998,0.87292058,0.07867544,1.00236597
circles,random_unitary,42,999,0.87107593,0.04873434,1.00871502
circles,random_unitary,123,0,0.87150503,0.01317471,0.98832875
circles,random_unitary,123,1,0.87776972,0.02366702,1.00835404
circles,random_unitary,123,2,0.86981689,0.03113655,0.98769418
circles,random_unitary,123,3,0.86708277,0.06409191,0.99892661
circles,random_unitary,123,4,0.87386532,0.03657326,0.98832305
circles,random_unitary,123,5,0.87264745,0.05549549,0.99868497
circles,random_unitary,123,6,0.85963352,0.09383807,1.01081865
circles,random_unitary,123,7,0.87012873,0.04674916,1.01134822
circles,random_unitary,123,8,0.87930469,0.02469608,1.00561687
circles,random_unitary,123,9,0.86518012,0.05243035,1.02459913
circles,random_unitary,123,10,0.87052239,0.06232572,0.99835624
circles,random_unitary,123,11,0.86693519,0.0499296,0.99135981
circles,random_unitary,123,12,0.8659656,0.11823993,0.98580791
circles,random_unitary,123,13,0.87878607,0.08669251,1.03424418
circles,random_unitary,123,14,0.86596825,0.01843692,0.99522317
circles,random_unitary,123,15,0.87337653,0.03605737,0.99613672
circles,random_unitary,123,16,0.86643645,0.00116882,0.9893483
circles,random_unitary,123,17,0.8781557,0.01807642,0.98379118
circles,random_unitary,123,18,0.8775108,0.0736661,1.01832441
circles,random_unitary,123,19,0.87324186,0.10155059,1.03032405
circles,random_unitary,123,20,0.86862355,0.07333963,1.03516706
circles,random_unitary,123,21,0.86184336,0.01981234,1.00703862
circles,random_unitary,123,22,0.87447231,0.05050317,0.99803012
circles,random_unitary,123,23,0.87309088,0.01677641,0.98727602
circles,random_unitary,123,24,0.8805214,0.00368116,0.98992072
circles,random_unitary,123,25,0.8730509,0.08150066,0.98361207
circles,random_unitary,123,26,0.86782071,0.00097932,0.99300581
circles,random_unitary,123,27,0.87277906,0.05266236,0.98617798
circles,random_unitary,123,28,0.86848134,0.00077434,1.00192187
circles,random_unitary,123,29,0.87997475,0.00357865,0.99695886
circles,random_unitary,123,30,0.86697905,0.00285635,1.00778324
circles,random_unitary,123,31,0.86593009,0.03463188,0.97451968
circles,random_unitary,123,32,0.88293499,0.08918684,1.01658411
circles,random_unitary,123,33,0.86562279,0.01730011,1.00957259
circles,random_unitary,123,34,0.86007939,0.0319882,1.00705323
circles,random_unitary,123,35,0.86569385,0.05668483,0.97970612
circles,random_unitary,123,36,0.8735792,0.04271956,1.00525113
circles,random_unitary,123,37,0.86463708,0.03566554,1.00256616
circles,random_unitary,123,38,0.87590415,0.0031021,0.99770502
circles,random_unitary,123,39,0.88084168,0.07659353,0.97064901
circles,random_unitary,123,40,0.86979523,0.01256089,0.96790272
circles,random_unitary,123,41,0.88182817,0.01466885,0.99097927
circles,random_unitary,123,42,0.87702867,0.02410897,1.00318845
circles,random_unitary,123,43,0.87487453,0.02190404,0.98638997
circles,random_unitary,123,44,0.86991044,0.02697368,0.99455695
circles,random_unitary,123,45,0.86633605,0.02874266,1.03000172
circles,random_unitary,123,46,0.87329101,0.06185797,1.0225785
circles,random_unitary,123,47,0.8642438,0.01546787,1.00042912
circles,random_unitary,123,48,0.86734599,0.04430844,1.03190392
circles,random_unitary,123,49,0.86978949,0.03672133,0.99474171
circles,random_unitary,123,50,0.8705644,0.03467076,0.99386483
circles,random_unitary,123,51,0.86871026,0.05759476,1.00305665
circles,random_unitary,123,52,0.87420356,0.14318138,1.00017574
circles,random_unitary,123,53,0.88389929,0.05685318,1.01849623
circles,random_unitary,123,54,0.87071407,0.04046156,1.00708061
circles,random_unitary,123,55,0.87281226,0.03207282,0.9991538
circles,random_unitary,123,56,0.8628033,0.1265391,1.00675068
circles,random_unitary,123,57,0.86862493,0.00943043,1.00611626
circles,random_unitary,123,58,0.87506932,0.07069128,1.00848409
circles,random_unitary,123,59,0.88204619,0.05864293,1.00060435
circles,random_unitary,123,60,0.87177746,0.0857053,0.98183302
circles,random_unitary,123,61,0.8748659,0.02944164,1.01527527
circles,random_unitary,123,62,0.86887222,0.01930731,0.99667234
circles,random_unitary,123,63,0.86723565,0.01914841,0.98790174
circles,random_unitary,123,64,0.8597225,0.03044579,0.981815
circles,random_unitary,123,65,0.88545843,0.08371416,1.00101303
circles,random_unitary,123,66,0.87350892,0.00595086,1.02010731
circles,random_unitary,123,67,0.87299441,0.00937921,1.03050905
circles,random_unitary,123,68,0.86991136,0.04905375,0.9834767
circles,random_unitary,123,69,0.87296192,0.04849512,1.03689823
circles,random_unitary,123,70,0.87060755,0.03145511,0.97306849
circles,random_unitary,123,71,0.8700831,0.00675673,0.99592632
circles,random_unitary,123,72,0.86353922,0.12337174,1.00088735
circles,random_unitary,123,73,0.88808213,0.04733753,1.020801
circles,random_unitary,123,74,0.87375134,0.02053354,1.00743375
circles,random_unitary,123,75,0.87999078,0.04785103,0.99815841
circles,random_unitary,123,76,0.87431158,0.08816886,1.01819485
circles,random_unitary,123,77,0.88338141,0.1020555,0.97752891
circles,random_unitary,123,78,0.86909159,0.06057697,1.00311317
circles,random_unitary,123,79,0.88170248,0.04532513,0.99851695
circles,random_unitary,123,80,0.8700542,0.08764214,1.01977292
circles,random_unitary,123,81,0.85842059,0.05707028,1.00514161
circles,random_unitary,123,82,0.86963525,0.00357711,0.99745048
circles,random_unitary,123,83,0.87789971,0.02682024,1.00632795
circles,random_unitary,123,84,0.87463038,0.00565178,1.00009414
circles,random_unitary,123,85,0.87359473,0.02686608,1.00035607
circles,random_unitary,123,86,0.88550696,0.03644767,0.99721918
circles,random_unitary,123,87,0.87210116,0.03341492,1.01265995
circles,random_unitary,123,88,0.87410907,0.06498246,0.987014
circles,random_unitary,123,89,0.86748543,0.05086719,1.00684813
circles,random_unitary,123,90,0.86298448,0.05497356,1.00379881
circles,random_unitary,123,91,0.86771028,0.00993039,0.99136766
circles,random_unitary,123,92,0.88502698,0.02673589,1.00930489
circles,random_unitary,123,93,0.8661284,0.05584808,1.00504771
circles,random_unitary,123,94,0.86877216,0.02851137,1.00098042
circles,random_unitary,123,95,0.8725568,0.016033,0.99801071
circles,random_unitary,123,96,0.87100478,0.01460874,1.01085098
circles,random_unitary,123,97,0.8731399,0.00131838,1.00668215
circles,random_unitary,123,98,0.8634272,0.04957202,1.01542928
circles,random_unitary,123,99,0.86961415,0.0527972,1.01252325
circles,random_unitary,123,100,0.87498969,0.01838547,1.00485777
circles,random_unitary,123,101,0.86957877,0.01794342,0.99661166
circles,random_unitary,123,102,0.87943358,0.0083647,1.00412702
circles,random_unitary,123,103,0.85229566,0.05309793,0.99838354
circles,random_unitary,123,104,0.87299573,0.02072041,1.00432891
circles,random_unitary,123,105,0.86569926,0.06146298,1.00381681
circles,random_unitary,123,106,0.87117746,0.01528108,1.00043533
circles,random_unitary,123,107,0.86864579,0.07783262,0.99686126
circles,random_unitary,123,108,0.87095453,0.00993112,0.98711721
circles,random_unitary,123,109,0.86820858,0.02365717,1.01432645
circles,random_unitary,123,110,0.86780085,0.08161891,0.96775574
circles,random_unitary,123,111,0.86045833,0.01149996,1.00494318
circles,random_unitary,123,112,0.87435012,0.01407886,1.00578426
circles,random_unitary,123,113,0.86585668,0.01367994,1.00015606
circles,random_unitary,123,114,0.87225045,0.00491294,1.04235511
circles,random_unitary,123,115,0.88046438,0.02966319,1.00186789
circles,random_unitary,123,116,0.87738916,0.10149309,1.01425107
circles,random_unitary,123,117,0.86783874,0.04879141,1.0034353
circles,random_unitary,123,118,0.87197737,0.06991407,1.00204781
circles,random_unitary,123,119,0.87398452,0.02229351,1.0089033
circles,random_unitary,123,120,0.8597666,0.0314328,1.00898988
circles,random_unitary,123,121,0.86931703,0.04626844,1.00998281
circles,random_unitary,123,122,0.87570253,0.1131949,0.97177577
circles,random_unitary,123,123,0.87763672,0.02102979,0.99866062
circles,random_unitary,123,124,0.86622648,0.11106189,1.01327394
circles,random_unitary,123,125,0.86431555,0.0163734,0.98180699
circles,random_unitary,123,126,0.87575951,0.02388925,0.98162915
circles,random_unitary,123,127,0.86614472,0.01732733,1.00881232
circles,random_unitary,123,128,0.87341736,0.06544446,1.00168204
circles,random_unitary,123,129,0.8743345,0.10160404,1.00382888
circles,random_unitary,123,130,0.86868937,0.00772011,1.02079205
circles,random_unitary,123,131,0.870772,0.02795357,0.99875577
circles,random_unitary,123,132,0.87606059,0.00941505,0.991495
circles,random_unitary,123,133,0.87329644,0.00911344,0.99455587
circles,random_unitary,123,134,0.86872873,0.02950183,0.97314229
circles,random_unitary,123,135,0.86938606,0.12290867,0.99365287
circles,random_unitary,123,136,0.87285913,0.00684703,0.97032326
circles,random_unitary,123,137,0.85916335,0.03025169,1.00369416
circles,random_unitary,123,138,0.87098688,0.01199041,0.98364518
circles,random_unitary,123,139,0.87243751,0.02890289,0.98958253
circles,random_unitary,123,140,0.86806599,0.03303083,1.0231459
circles,random_unitary,123,141,0.86449598,0.07394154,1.02083927
circles,random_unitary,123,142,0.86287047,0.0583373,0.98890626
circles,random_unitary,123,143,0.86865186,0.06223302,0.99683463
circles,random_unitary,123,144,0.87899334,0.02754622,1.03418106
circles,random_unitary,123,145,0.86773914,0.01467353,0.99182261
circles,random_unitary,123,146,0.87303005,0.1039079,1.01100307
circles,random_unitary,123,147,0.86799101,0.02022845,0.97623144
circles,random_unitary,123,148,0.87712473,0.05341392,1.01583836
circles,random_unitary,123,149,0.86970379,0.00772152,0.98573016
circles,random_unitary,123,150,0.8700599,0.03405791,1.00866107
circles,random_unitary,123,151,0.87426709,0.03456272,0.99642123
circles,random_unitary,123,152,0.86527255,0.0798119,0.997641
circles,random_unitary,123,153,0.87193091,0.04414829,0.98162297
circles,random_unitary,123,154,0.87047039,0.03418799,0.97864044
circles,random_unitary,123,155,0.87956852,0.01913154,0.9785474
circles,random_unitary,123,156,0.87352302,0.00385384,1.02424658
circles,random_unitary,123,157,0.86864809,0.12039514,1.00931379
circles,random_unitary,123,158,0.87301093,0.0819169,0.98926755
circles,random_unitary,123,159,0.87768693,0.03264518,0.98972972
circles,random_unitary,123,160,0.8767889,0.04694814,0.99778203
circles,random_unitary,123,161,0.86453787,0.04362054,1.01033585
circles,random_unitary,123,162,0.86213878,0.03388463,0.99250165
circles,random_unitary,123,163,0.86805951,0.01593754,0.9978732
circles,random_unitary,123,164,0.87823692,0.04011996,0.98295817
circles,random_unitary,123,165,0.87574275,0.04197366,1.02364774
circles,random_unitary,123,166,0.87379284,0.00233893,0.99944512
circles,random_unitary,123,167,0.87056299,0.05220609,1.0056022
circles,random_unitary,123,168,0.85555321,0.05196446,1.01137372
circles,random_unitary,123,169,0.86890066,0.11472494,0.98394349
circles,random_unitary,123,170,0.86909844,0.07917248,0.97852083
circles,random_unitary,123,171,0.8710758,0.01119539,0.98057355
circles,random_unitary,123,172,0.87401969,0.03413362,1.02654435
circles,random_unitary,123,173,0.85910384,0.03530193,0.97833555
circles,random_unitary,123,174,0.87503399,0.04847113,0.98518743
circles,random_unitary,123,175,0.87449769,0.02760489,1.01840399
circles,random_unitary,123,176,0.86997774,0.02747111,0.99374488
circles,random_unitary,123,177,0.87150105,0.02890176,1.01994863
circles,random_unitary,123,178,0.8742368,0.05969983,0.99907918
circles,random_unitary,123,179,0.8688174,0.0521904,1.00968597
circles,random_unitary,123,180,0.86284202,0.05600377,1.00450026
circles,random_unitary,123,181,0.86911306,0.01489297,1.00768941
circles,random_unitary,123,182,0.86460139,0.01434307,1.00424188
circles,random_unitary,123,183,0.86770656,0.05211969,0.99584233
circles,random_unitary,123,184,0.8638994,0.07726601,1.00144088
circles,random_unitary,123,185,0.86305613,0.07321706,1.00110001
circles,random_unitary,123,186,0.86595145,0.02806708,1.00656141
circles,random_unitary,123,187,0.86851839,0.07284096,1.0153681
circles,random_unitary,123,188,0.87588457,0.12127804,1.0371352
circles,random_unitary,123,189,0.86560485,0.0271948,1.03334927
circles,random_unitary,123,190,0.8648813,0.04201583,1.02062741
circles,random_unitary,123,191,0.87482622,0.07296053,0.98506349
circles,random_unitary,123,192,0.87186161,0.04893604,1.05787011
circles,random_unitary,123,193,0.8779178,0.02606924,0.98776798
circles,random_unitary,123,194,0.867946,0.0271526,1.00173059
circles,random_unitary,123,195,0.86236581,0.06118591,1.01001246
circles,random_unitary,123,196,0.86041287,0.0247004,0.99714056
circles,random_unitary,123,197,0.87644484,0.13360912,0.99865106
circles,random_unitary,123,198,0.87124947,0.00225171,0.98043915
circles,random_unitary,123,199,0.86431038,0.11112308,1.00368602
circles,random_unitary,123,200,0.87283514,0.02417378,1.01413214
circles,random_unitary,123,201,0.87421237,0.00576821,1.00437115
circles,random_unitary,123,202,0.87802072,0.00370984,0.98885568
circles,random_unitary,123,203,0.88194077,0.06268793,0.97806443
circles,random_unitary,123,204,0.87209198,0.03077506,1.00141266
circles,random_unitary,123,205,0.88265565,0.02780732,0.98729215
circles,random_unitary,123,206,0.86630886,0.02036526,0.98406699
circles,random_unitary,123,207,0.87871504,0.01354767,0.98120161
circles,random_unitary,123,208,0.87106901,0.03777534,1.00742775
circles,random_unitary,123,209,0.86108268,0.06170239,1.02831889
circles,random_unitary,123,210,0.86419643,0.03703196,0.99695081
circles,random_unitary,123,211,0.86541113,0.06727617,1.01195277
circles,random_unitary,123,212,0.87252786,0.00556863,0.99785143
circles,random_unitary,123,213,0.87073935,0.12445649,0.99650058
circles,random_unitary,123,214,0.87779894,0.00789235,1.00658703
circles,random_unitary,123,215,0.86508122,0.03184104,0.99997424
circles,random_unitary,123,216,0.87192264,0.09056469,1.01792229
circles,random_unitary,123,217,0.86855372,0.00037924,1.00377775
circles,random_unitary,123,218,0.87810246,0.05913658,1.01589409
circles,random_unitary,123,219,0.87621604,0.08438228,0.99036254
circles,random_unitary,123,220,0.86726828,0.00404094,0.98289132
circles,random_unitary,123,221,0.86846358,0.02902418,0.99161675
circles,random_unitary,123,222,0.87909927,0.01414797,1.00335427
circles,random_unitary,123,223,0.87395948,0.09825678,0.98607543
circles,random_unitary,123,224,0.86757854,0.00788792,1.02342188
circles,random_unitary,123,225,0.86237426,0.00146897,0.99939394
circles,random_unitary,123,226,0.86722576,0.01585737,1.00850628
circles,random_unitary,123,227,0.87733164,0.02750098,1.00077372
circles,random_unitary,123,228,0.87531464,0.05658945,1.00343881
circles,random_unitary,123,229,0.86082795,0.04169268,0.98834994
circles,random_unitary,123,230,0.86820636,0.01437259,1.01983791
circles,random_unitary,123,231,0.87885893,0.00481692,0.98969124
circles,random_unitary,123,232,0.86391785,0.07159318,0.98597936
circles,random_unitary,123,233,0.86385573,0.00354797,0.98683843
circles,random_unitary,123,234,0.86950026,0.01084488,0.98033089
circles,random_unitary,123,235,0.87124535,0.04394235,1.00568074
circles,random_unitary,123,236,0.86475035,0.01667149,1.0149638
circles,random_unitary,123,237,0.87608423,0.06611072,1.00082101
circles,random_unitary,123,238,0.85920398,0.01463417,0.99955573
circles,random_unitary,123,239,0.88249985,0.00231549,1.00897689
circles,random_unitary,123,240,0.86933778,0.00800504,1.00554477
circles,random_unitary,123,241,0.86520374,0.08695721,0.993367
circles,random_unitary,123,242,0.87087021,0.03575916,1.00725343
circles,random_unitary,123,243,0.87194297,0.06127463,1.00565342
circles,random_unitary,123,244,0.87420291,0.0211708,1.00190653
circles,random_unitary,123,245,0.87743907,0.04892564,1.00295933
circles,random_unitary,123,246,0.8696115,0.14658899,0.99891506
circles,random_unitary,123,247,0.86804482,0.02036581,1.00045985
circles,random_unitary,123,248,0.87266511,0.05565462,1.03257617
circles,random_unitary,123,249,0.87887104,0.06220074,0.97848228
circles,random_unitary,123,250,0.85672071,0.00583264,0.99523154
circles,random_unitary,123,251,0.86604126,0.01820335,0.98684736
circles,random_unitary,123,252,0.8728432,0.05982713,0.97870482
circles,random_unitary,123,253,0.86449832,0.00684889,1.00120917
circles,random_unitary,123,254,0.87311305,0.05197677,1.02892955
circles,random_unitary,123,255,0.870233,0.09451948,0.98475553
circles,random_unitary,123,256,0.86584947,0.01093944,0.99150322
circles,random_unitary,123,257,0.86267727,0.00182095,1.00262408
circles,random_unitary,123,258,0.87068847,0.03641677,0.99453901
circles,random_unitary,123,259,0.86868382,0.04035834,1.01256998
circles,random_unitary,123,260,0.87489982,0.01430931,0.98677097
circles,random_unitary,123,261,0.87842323,0.00193078,1.00101227
circles,random_unitary,123,262,0.87128216,0.00295066,1.01606206
circles,random_unitary,123,263,0.8767331,0.02248637,1.01162499
circles,random_unitary,123,264,0.86569162,0.01967571,0.99244343
circles,random_unitary,123,265,0.86818273,0.07537559,0.96913672
circles,random_unitary,123,266,0.86807314,0.13007947,1.00463121
circles,random_unitary,123,267,0.87014136,0.02741813,0.98279994
circles,random_unitary,123,268,0.87237839,0.00287851,0.98337933
circles,random_unitary,123,269,0.8695937,0.03679191,1.01982209
circles,random_unitary,123,270,0.86485597,0.07365322,0.99625309
circles,random_unitary,123,271,0.87161458,0.00090329,0.98574282
circles,random_unitary,123,272,0.86514141,0.00838092,0.99478772
circles,random_unitary,123,273,0.85572576,0.04896751,0.99538837
circles,random_unitary,123,274,0.86701341,0.01491306,0.99592217
circles,random_unitary,123,275,0.86346676,0.04387408,0.97516571
circles,random_unitary,123,276,0.87487027,0.03389723,1.01787728
circles,random_unitary,123,277,0.87694893,0.05237452,0.99455239
circles,random_unitary,123,278,0.86831631,0.05060815,1.01348316
circles,random_unitary,123,279,0.8685808,0.12970112,0.96713788
circles,random_unitary,123,280,0.87572409,0.10435344,1.01709905
circles,random_unitary,123,281,0.85772099,0.01818065,1.00249872
circles,random_unitary,123,282,0.87596616,0.00682606,1.00500706
circles,random_unitary,123,283,0.8768926,0.0120314,1.03135568
circles,random_unitary,123,284,0.86796018,0.04023908,0.99196236
circles,random_unitary,123,285,0.8635307,0.05358606,0.99327074
circles,random_unitary,123,286,0.87582328,0.01678771,0.99941129
circles,random_unitary,123,287,0.87597533,0.00477915,1.00663121
circles,random_unitary,123,288,0.86752557,0.00474133,1.02710533
circles,random_unitary,123,289,0.8627215,0.05689382,0.99516646
circles,random_unitary,123,290,0.87101587,0.02834388,1.01816253
circles,random_unitary,123,291,0.86477239,0.00822669,1.00308332
circles,random_unitary,123,292,0.85977286,0.07985458,0.98465559
circles,random_unitary,123,293,0.86396737,0.08546644,0.99599325
circles,random_unitary,123,294,0.87641305,0.09768905,1.00374127
circles,random_unitary,123,295,0.8800571,0.07730465,0.99712208
circles,random_unitary,123,296,0.88296919,0.01009718,0.98963371
circles,random_unitary,123,297,0.86840673,0.01628356,0.99703918
circles,random_unitary,123,298,0.87795842,0.04211293,1.01607657
circles,random_unitary,123,299,0.87935389,0.06102984,0.96856401
circles,random_unitary,123,300,0.86284633,0.03069552,0.98436067
circles,random_unitary,123,301,0.88022441,0.06486901,1.00084492
circles,random_unitary,123,302,0.87730096,0.06592928,1.01294977
circles,random_unitary,123,303,0.87943098,0.01673259,0.99441228
circles,random_unitary,123,304,0.8706114,0.08610396,0.99560552
circles,random_unitary,123,305,0.87365869,0.04999124,0.99509302
circles,random_unitary,123,306,0.86096375,0.00538704,0.99799815
circles,random_unitary,123,307,0.86833356,0.02208682,1.00673734
circles,random_unitary,123,308,0.8785559,0.0827312,1.01271344
circles,random_unitary,123,309,0.86550481,0.05843575,1.01868099
circles,random_unitary,123,310,0.87409013,0.04939453,0.99401995
circles,random_unitary,123,311,0.87121947,0.05771412,1.01197195
circles,random_unitary,123,312,0.86302525,0.13191848,1.00841787
circles,random_unitary,123,313,0.87304962,0.02028816,1.00299795
circles,random_unitary,123,314,0.8713145,0.0078316,1.02606229
circles,random_unitary,123,315,0.87257097,0.06889071,0.96134192
circles,random_unitary,123,316,0.87318872,0.06627369,0.9994883
circles,random_unitary,123,317,0.86807886,0.07240497,1.02633469
circles,random_unitary,123,318,0.86968597,0.01535206,1.02099044
circles,random_unitary,123,319,0.86823486,0.01176996,0.98298072
circles,random_unitary,123,320,0.8777978,0.01863196,0.99450904
circles,random_unitary,123,321,0.86766118,0.02398864,0.979341
circles,random_unitary,123,322,0.87592572,0.11850637,0.9922234
circles,random_unitary,123,323,0.87792858,0.02445752,1.00828566
circles,random_unitary,123,324,0.87495542,0.05973283,1.01230924
circles,random_unitary,123,325,0.86837588,0.04126791,1.01617814
circles,random_unitary,123,326,0.87400064,0.00431582,0.9671596
circles,random_unitary,123,327,0.87289393,0.07820415,0.97352723
circles,random_unitary,123,328,0.87227191,0.01296853,0.99984216
circles,random_unitary,123,329,0.86134431,0.00799884,1.01601046
circles,random_unitary,123,330,0.86112491,0.00947497,1.01911197
circles,random_unitary,123,331,0.88116973,0.04553947,1.00206889
circles,random_unitary,123,332,0.87640689,0.03625335,1.0356268
circles,random_unitary,123,333,0.87892724,0.04020515,0.98958479
circles,random_unitary,123,334,0.87001154,0.08885901,0.98630271
circles,random_unitary,123,335,0.86683006,0.13194942,1.02708124
circles,random_unitary,123,336,0.86974304,0.07215254,1.00325875
circles,random_unitary,123,337,0.85974519,0.06935924,0.97824018
circles,random_unitary,123,338,0.86971657,0.04823149,0.9995076
circles,random_unitary,123,339,0.87998805,0.10633153,1.01106952
circles,random_unitary,123,340,0.87312856,0.00606768,0.98204098
circles,random_unitary,123,341,0.86240313,0.05155116,0.99273119
circles,random_unitary,123,342,0.86907976,0.07270916,0.98029811
circles,random_unitary,123,343,0.87961932,0.01273098,1.03841674
circles,random_unitary,123,344,0.86169992,0.04828986,0.99557355
circles,random_unitary,123,345,0.86981703,0.08335411,0.99624812
circles,random_unitary,123,346,0.86107665,0.01162387,0.99536377
circles,random_unitary,123,347,0.87696766,0.022134,0.97663209
circles,random_unitary,123,348,0.88215389,0.05699715,0.97840722
circles,random_unitary,123,349,0.87034488,0.05978167,1.03028136
circles,random_unitary,123,350,0.87663146,0.06993401,1.02875579
circles,random_unitary,123,351,0.86728215,0.07782465,0.97730667
circles,random_unitary,123,352,0.87676803,0.06180467,0.99486001
circles,random_unitary,123,353,0.88140928,0.0732997,1.00386191
circles,random_unitary,123,354,0.87921875,0.00979748,0.98834134
circles,random_unitary,123,355,0.86685472,0.03121261,0.99176614
circles,random_unitary,123,356,0.87394557,0.00328252,0.9892244
circles,random_unitary,123,357,0.86657613,0.04095936,0.97137141
circles,random_unitary,123,358,0.86704197,0.09687993,0.9921523
circles,random_unitary,123,359,0.8826242,0.00728232,0.98347025
circles,random_unitary,123,360,0.87197133,0.01672666,1.00751269
circles,random_unitary,123,361,0.87339048,0.02858346,0.97924549
circles,random_unitary,123,362,0.88180647,0.00948456,0.99364969
circles,random_unitary,123,363,0.86589263,0.02886178,1.02400431
circles,random_unitary,123,364,0.87248709,0.01606187,1.00851848
circles,random_unitary,123,365,0.87115776,0.00308414,1.01050603
circles,random_unitary,123,366,0.86922828,0.02068186,1.00166855
circles,random_unitary,123,367,0.86753287,0.02225553,0.99086613
circles,random_unitary,123,368,0.87493489,0.04429222,0.96938077
circles,random_unitary,123,369,0.86861969,0.05988406,0.99136049
circles,random_unitary,123,370,0.87128907,0.10271553,0.98930304
circles,random_unitary,123,371,0.87530217,0.05214946,0.99729733
circles,random_unitary,123,372,0.87049887,0.00902665,1.00057774
circles,random_unitary,123,373,0.86196724,0.11993112,0.99980602
circles,random_unitary,123,374,0.87983159,0.12705007,1.00513252
circles,random_unitary,123,375,0.87703329,0.04140136,1.02026777
circles,random_unitary,123,376,0.86248533,0.06764321,0.99979836
circles,random_unitary,123,377,0.86334682,0.16393699,1.01417893
circles,random_unitary,123,378,0.87350559,0.09160416,0.98212522
circles,random_unitary,123,379,0.87381682,0.00985897,0.97406657
circles,random_unitary,123,380,0.8758663,0.02517463,1.00434196
circles,random_unitary,123,381,0.86743226,0.01665764,0.99398611
circles,random_unitary,123,382,0.8743765,0.06203973,0.99697359
circles,random_unitary,123,383,0.875691,0.05079056,0.99127611
circles,random_unitary,123,384,0.86659252,0.0420139,1.00360348
circles,random_unitary,123,385,0.87519298,0.02382395,0.98012287
circles,random_unitary,123,386,0.87688504,0.02807781,1.01470343
circles,random_unitary,123,387,0.86926442,0.01991732,0.99222806
circles,random_unitary,123,388,0.87475082,0.02014231,1.00001051
circles,random_unitary,123,389,0.88333678,0.04949212,0.99151966
circles,random_unitary,123,390,0.86898454,0.0314031,1.00322765
circles,random_unitary,123,391,0.88303017,0.09128928,0.98427019
circles,random_unitary,123,392,0.88238337,0.06352559,0.99533047
circles,random_unitary,123,393,0.8693784,0.04132241,1.02811569
circles,random_unitary,123,394,0.87447871,0.06281873,1.01405736
circles,random_unitary,123,395,0.8633085,0.0118112,1.01511251
circles,random_unitary,123,396,0.88629512,0.03664815,1.00629317
circles,random_unitary,123,397,0.87990605,0.06137374,0.99318757
circles,random_unitary,123,398,0.87014098,0.10415679,0.9845255
circles,random_unitary,123,399,0.86230289,0.08890625,1.00000176
circles,random_unitary,123,400,0.87720502,0.01911265,1.00581895
circles,random_unitary,123,401,0.87211761,0.04743625,0.97551171
circles,random_unitary,123,402,0.87752416,0.0655773,0.9857125
circles,random_unitary,123,403,0.86699737,0.04880593,1.00987234
circles,random_unitary,123,404,0.87270088,0.00953344,1.02563249
circles,random_unitary,123,405,0.86565976,0.031851,1.00251507
circles,random_unitary,123,406,0.85887344,0.03154849,1.02093604
circles,random_unitary,123,407,0.87443767,0.04666449,0.99043596
circles,random_unitary,123,408,0.8695932,0.00016145,1.01817236
circles,random_unitary,123,409,0.86590441,0.04369994,1.01392414
circles,random_unitary,123,410,0.86856255,0.03513308,1.02037923
circles,random_unitary,123,411,0.87834501,0.02870844,0.97577717
circles,random_unitary,123,412,0.87285166,0.02231734,0.985941
circles,random_unitary,123,413,0.87110257,0.0015193,1.03322854
circles,random_unitary,123,414,0.86699719,0.02413744,1.02246985
circles,random_unitary,123,415,0.86952504,0.01238593,1.01098041
circles,random_unitary,123,416,0.86302583,0.15260406,1.0143848
circles,random_unitary,123,417,0.88000801,0.09217464,0.99405302
circles,random_unitary,123,418,0.86713795,0.07602891,0.97409091
circles,random_unitary,123,419,0.87209889,0.0437854,0.98833982
circles,random_unitary,123,420,0.87913626,0.01272818,0.98126269
circles,random_unitary,123,421,0.86506361,0.08028241,0.99031463
circles,random_unitary,123,422,0.8727387,0.02796484,0.99311371
circles,random_unitary,123,423,0.86089273,0.01416408,0.98796462
circles,random_unitary,123,424,0.87422491,0.02758243,0.986398
circles,random_unitary,123,425,0.87568728,0.03880449,0.98848979
circles,random_unitary,123,426,0.87884142,0.03850873,0.97791825
circles,random_unitary,123,427,0.87401539,0.04966266,1.0098544
circles,random_unitary,123,428,0.87216553,0.09712772,0.99734768
circles,random_unitary,123,429,0.86701088,0.02895449,1.01873701
circles,random_unitary,123,430,0.86867562,0.00364123,1.00983568
circles,random_unitary,123,431,0.87377766,0.00019604,0.99897772
circles,random_unitary,123,432,0.87434213,0.09255996,1.00662534
circles,random_unitary,123,433,0.86834552,0.04307072,0.99047281
circles,random_unitary,123,434,0.86549892,0.02035201,0.97526996
circles,random_unitary,123,435,0.88231085,0.04872977,1.00847441
circles,random_unitary,123,436,0.86801447,0.0025898,0.98223617
circles,random_unitary,123,437,0.8646057,0.02842437,0.98574227
circles,random_unitary,123,438,0.8642837,0.00487323,0.9787864
circles,random_unitary,123,439,0.86957053,0.0061817,0.99534086
circles,random_unitary,123,440,0.87960251,0.02422434,1.00042266
circles,random_unitary,123,441,0.89042792,0.02708501,1.00824979
circles,random_unitary,123,442,0.88201244,0.07432971,0.99597869
circles,random_unitary,123,443,0.87084028,0.01379497,1.01151222
circles,random_unitary,123,444,0.87300656,0.06872683,0.99900779
circles,random_unitary,123,445,0.87823213,0.01222481,0.99229711
circles,random_unitary,123,446,0.87204217,0.0072887,0.98894088
circles,random_unitary,123,447,0.86666384,0.01162837,0.99939923
circles,random_unitary,123,448,0.86995663,0.02968243,0.99667459
circles,random_unitary,123,449,0.87445389,0.01525522,0.99381538
circles,random_unitary,123,450,0.8639218,0.00387007,1.0173098
circles,random_unitary,123,451,0.86327886,0.00528244,1.01323398
circles,random_unitary,123,452,0.86482824,0.01832805,0.99551022
circles,random_unitary,123,453,0.88201655,0.01691,0.98245069
circles,random_unitary,123,454,0.87508771,0.0347547,0.99548632
circles,random_unitary,123,455,0.86040085,0.10305383,0.98418805
circles,random_unitary,123,456,0.86478194,0.0087791,1.00963737
circles,random_unitary,123,457,0.86343911,0.07143953,0.99046606
circles,random_unitary,123,458,0.86575378,0.03774983,1.01729796
circles,random_unitary,123,459,0.86518697,0.05839397,0.99536423
circles,random_unitary,123,460,0.87431788,0.07081474,0.99519035
circles,random_unitary,123,461,0.87532094,0.03315058,0.99581985
circles,random_unitary,123,462,0.86375648,0.02687263,0.9862309
circles,random_unitary,123,463,0.86820838,0.00079174,1.01623433
circles,random_unitary,123,464,0.87464498,0.07191758,0.99419876
circles,random_unitary,123,465,0.87271358,0.08471404,0.98014205
circles,random_unitary,123,466,0.87116543,0.03568478,0.9704208
circles,random_unitary,123,467,0.86723343,0.02164505,0.98184909
circles,random_unitary,123,468,0.87172004,0.033765,1.02157557
circles,random_unitary,123,469,0.87070388,0.03513741,1.01033401
circles,random_unitary,123,470,0.861876,0.02593897,1.00648156
circles,random_unitary,123,471,0.86837297,0.03872401,0.97538073
circles,random_unitary,123,472,0.88586265,0.02825824,0.97866851
circles,random_unitary,123,473,0.87228722,0.05433643,0.98737704
circles,random_unitary,123,474,0.87085152,0.04211639,1.02036329
circles,random_unitary,123,475,0.87419328,0.04434748,1.00687309
circles,random_unitary,123,476,0.87182628,0.02607379,1.01005003
circles,random_unitary,123,477,0.87461413,0.04836477,0.96847109
circles,random_unitary,123,478,0.87185083,0.00845516,0.98667252
circles,random_unitary,123,479,0.8680802,0.03050842,1.00123319
circles,random_unitary,123,480,0.87091833,0.09447632,0.98016489
circles,random_unitary,123,481,0.87570641,0.05471278,1.02251284
circles,random_unitary,123,482,0.86631075,0.01420774,1.01708023
circles,random_unitary,123,483,0.86750392,0.0170852,1.0131454
circles,random_unitary,123,484,0.87708438,0.02976296,1.00954517
circles,random_unitary,123,485,0.86123324,0.07731631,1.0061313
circles,random_unitary,123,486,0.86473646,0.06041023,1.01696052
circles,random_unitary,123,487,0.87645755,0.06962142,0.97798179
circles,random_unitary,123,488,0.87191742,0.02328424,1.00379688
circles,random_unitary,123,489,0.866698,0.08344464,1.01802656
circles,random_unitary,123,490,0.86090234,0.05212097,1.03450112
circles,random_unitary,123,491,0.87306589,0.04533623,0.995693
circles,random_unitary,123,492,0.86606188,0.03757719,1.01665599
circles,random_unitary,123,493,0.87321007,0.01719602,0.9877843
circles,random_unitary,123,494,0.88065479,0.00172363,0.97547881
circles,random_unitary,123,495,0.87787948,0.06802846,1.01487651
circles,random_unitary,123,496,0.8703088,0.0949592,1.00183978
circles,random_unitary,123,497,0.8733814,0.0498063,1.00474148
circles,random_unitary,123,498,0.87315596,0.08894516,0.98796135
circles,random_unitary,123,499,0.87981151,0.00451664,1.01408278
circles,random_unitary,123,500,0.88005793,0.06014277,0.99186509
circles,random_unitary,123,501,0.86811641,0.12473036,1.03386491
circles,random_unitary,123,502,0.8693049,0.08265904,1.00884304
circles,random_unitary,123,503,0.87711124,0.03549113,0.99323603
circles,random_unitary,123,504,0.87533551,0.07841115,0.9919208
circles,random_unitary,123,505,0.87486027,0.01474507,1.01361314
circles,random_unitary,123,506,0.87447946,0.03221257,0.99546809
circles,random_unitary,123,507,0.86413842,0.04541521,1.02610474
circles,random_unitary,123,508,0.87274064,0.00161134,0.97828007
circles,random_unitary,123,509,0.86367647,0.03268551,0.99045092
circles,random_unitary,123,510,0.87974681,0.07323144,1.01961607
circles,random_unitary,123,511,0.87404539,0.04289997,1.00676716
circles,random_unitary,123,512,0.86622212,0.04364207,1.00259161
circles,random_unitary,123,513,0.8708586,0.05332041,0.99589535
circles,random_unitary,123,514,0.8752293,0.01273896,0.9864365
circles,random_unitary,123,515,0.86472093,0.01280442,1.01009022
circles,random_unitary,123,516,0.87593568,0.03696884,1.04599132
circles,random_unitary,123,517,0.8673413,0.06249653,0.99878518
circles,random_unitary,123,518,0.87107609,0.01117785,0.99297551
circles,random_unitary,123,519,0.87045336,0.03100036,0.99413632
circles,random_unitary,123,520,0.86702494,0.00495762,0.99763698
circles,random_unitary,123,521,0.86698172,0.01640624,0.99586957
circles,random_unitary,123,522,0.86954222,0.08230677,1.01082294
circles,random_unitary,123,523,0.87555266,0.04472587,1.01111105
circles,random_unitary,123,524,0.86378959,0.06894261,1.02604453
circles,random_unitary,123,525,0.87140817,0.06309305,1.00242935
circles,random_unitary,123,526,0.87348539,0.01168748,1.00923259
circles,random_unitary,123,527,0.88190039,0.01371836,1.00774748
circles,random_unitary,123,528,0.87182737,0.00916768,0.97809815
circles,random_unitary,123,529,0.87586615,0.0471518,1.01864183
circles,random_unitary,123,530,0.8647956,0.00112234,0.99281833
circles,random_unitary,123,531,0.86410062,0.01508614,0.96925482
circles,random_unitary,123,532,0.87016522,0.02258302,0.99761379
circles,random_unitary,123,533,0.86806976,0.04284917,0.98738521
circles,random_unitary,123,534,0.85872382,0.00319638,0.98788955
circles,random_unitary,123,535,0.88410701,0.02708739,1.00033717
circles,random_unitary,123,536,0.86523683,0.02498407,1.00669398
circles,random_unitary,123,537,0.86974231,0.0010173,0.99235569
circles,random_unitary,123,538,0.8753109,0.02783004,0.99233513
circles,random_unitary,123,539,0.86241332,0.12899016,0.99023957
circles,random_unitary,123,540,0.86979557,0.08034569,0.98696368
circles,random_unitary,123,541,0.87424897,0.02746261,0.98040093
circles,random_unitary,123,542,0.86499721,0.07422557,1.00867682
circles,random_unitary,123,543,0.87681257,0.02610293,0.99227375
circles,random_unitary,123,544,0.86693416,0.0150361,0.99189815
circles,random_unitary,123,545,0.86770534,0.04843256,1.03759645
circles,random_unitary,123,546,0.87182665,0.03287925,1.00235973
circles,random_unitary,123,547,0.87300841,0.03089366,1.00974011
circles,random_unitary,123,548,0.86379806,0.06243237,0.99215834
circles,random_unitary,123,549,0.88696948,0.05555088,0.99711694
circles,random_unitary,123,550,0.86602525,0.00743326,0.98497605
circles,random_unitary,123,551,0.86852673,0.00043632,1.01367184
circles,random_unitary,123,552,0.87302389,0.01428921,1.00175543
circles,random_unitary,123,553,0.86406303,0.07286497,0.99985816
circles,random_unitary,123,554,0.86638265,0.11272798,0.9947657
circles,random_unitary,123,555,0.87694891,0.01878551,0.98367985
circles,random_unitary,123,556,0.87780987,0.01250507,1.00441037
circles,random_unitary,123,557,0.86188613,0.0352042,1.01701343
circles,random_unitary,123,558,0.87411003,0.03363877,1.00341337
circles,random_unitary,123,559,0.87507248,0.01575731,0.98813984
circles,random_unitary,123,560,0.88145517,0.03584885,0.99350671
circles,random_unitary,123,561,0.87556016,0.09900586,0.97900372
circles,random_unitary,123,562,0.87351753,0.04765567,0.97830361
circles,random_unitary,123,563,0.88075342,0.02130882,1.01965834
circles,random_unitary,123,564,0.86448654,0.07191415,1.00559607
circles,random_unitary,123,565,0.87292854,0.04672966,0.99734867
circles,random_unitary,123,566,0.8753456,0.02158948,1.00283003
circles,random_unitary,123,567,0.86599404,0.05781172,1.00037603
circles,random_unitary,123,568,0.87675309,0.03898771,0.96975678
circles,random_unitary,123,569,0.87358351,0.03194684,1.03264516
circles,random_unitary,123,570,0.87216186,0.00241198,0.98288373
circles,random_unitary,123,571,0.86420877,0.03882387,0.9915358
circles,random_unitary,123,572,0.87821179,0.069899,1.00667171
circles,random_unitary,123,573,0.86777615,0.03701165,0.99259724
circles,random_unitary,123,574,0.87589059,0.08187064,1.02365885
circles,random_unitary,123,575,0.88100895,0.07857573,1.00087464
circles,random_unitary,123,576,0.87026213,0.06642759,1.01232564
circles,random_unitary,123,577,0.86603881,0.0102789,0.99227335
circles,random_unitary,123,578,0.86068629,0.03491382,1.00849267
circles,random_unitary,123,579,0.86705589,0.01851879,0.98640734
circles,random_unitary,123,580,0.87669575,0.03156721,0.99607834
circles,random_unitary,123,581,0.87971382,0.07424938,0.98612383
circles,random_unitary,123,582,0.87965603,0.02419304,1.02158287
circles,random_unitary,123,583,0.8685592,0.02809241,1.00705061
circles,random_unitary,123,584,0.86598463,0.05579657,0.98786614
circles,random_unitary,123,585,0.88075259,0.04950995,1.00491822
circles,random_unitary,123,586,0.87242118,0.03080549,0.99150843
circles,random_unitary,123,587,0.8727426,0.0257432,0.96721758
circles,random_unitary,123,588,0.87658669,0.04935245,0.99465024
circles,random_unitary,123,589,0.87149991,0.03296729,1.00272489
circles,random_unitary,123,590,0.87952089,0.03613369,0.9880215
circles,random_unitary,123,591,0.88147112,0.01033576,1.01148589
circles,random_unitary,123,592,0.8810402,0.04236066,1.00604342
circles,random_unitary,123,593,0.87893864,0.03278328,1.00778078
circles,random_unitary,123,594,0.87507027,0.00523808,1.00418716
circles,random_unitary,123,595,0.87529771,0.00105508,1.00184524
circles,random_unitary,123,596,0.87647583,0.03614281,0.97423135
circles,random_unitary,123,597,0.87638743,0.00743901,1.03084239
circles,random_unitary,123,598,0.8706176,0.00852073,1.00674831
circles,random_unitary,123,599,0.87654729,0.03418333,1.01432605
circles,random_unitary,123,600,0.871447,0.0710865,0.992131
circles,random_unitary,123,601,0.87485409,0.08362566,0.99968308
circles,random_unitary,123,602,0.87121118,0.08797571,0.98703185
circles,random_unitary,123,603,0.88092417,0.08979237,1.00365737
circles,random_unitary,123,604,0.85868979,0.10079596,1.01472539
circles,random_unitary,123,605,0.86644217,0.02984572,0.98946436
circles,random_unitary,123,606,0.86846833,0.02405406,0.98697697
circles,random_unitary,123,607,0.87303804,0.01069363,0.98272551
circles,random_unitary,123,608,0.88069603,0.03984475,0.98894553
circles,random_unitary,123,609,0.86008534,0.01181145,0.9751024
circles,random_unitary,123,610,0.87086691,0.00331581,1.04517104
circles,random_unitary,123,611,0.8682428,0.06333466,1.03785931
circles,random_unitary,123,612,0.86920404,0.06306313,1.01812103
circles,random_unitary,123,613,0.86555043,0.03101433,0.98676425
circles,random_unitary,123,614,0.86113254,0.0314978,1.01050203
circles,random_unitary,123,615,0.86516639,0.07701757,0.99733412
circles,random_unitary,123,616,0.86782892,0.03492713,1.01462952
circles,random_unitary,123,617,0.87751651,0.00665144,0.96867404
circles,random_unitary,123,618,0.87263143,0.07226494,0.96139143
circles,random_unitary,123,619,0.8771866,0.01778147,1.00783083
circles,random_unitary,123,620,0.87773486,0.00775844,1.00282523
circles,random_unitary,123,621,0.86878741,0.01822223,0.99957261
circles,random_unitary,123,622,0.86087418,0.06976049,0.99006046
circles,random_unitary,123,623,0.86819184,0.03802548,1.00257208
circles,random_unitary,123,624,0.87130142,0.10705438,1.02509064
circles,random_unitary,123,625,0.87513061,0.05982405,0.97663685
circles,random_unitary,123,626,0.87519523,0.03008136,1.01089395
circles,random_unitary,123,627,0.87610394,0.01867248,0.99077501
circles,random_unitary,123,628,0.86445663,0.02720535,1.01306369
circles,random_unitary,123,629,0.86307393,0.05821789,0.98979006
circles,random_unitary,123,630,0.86603141,0.0383815,1.00537368
circles,random_unitary,123,631,0.87467365,0.02592826,1.01675022
circles,random_unitary,123,632,0.88114996,0.02930621,1.01198564
circles,random_unitary,123,633,0.87900111,0.02119346,0.9879894
circles,random_unitary,123,634,0.87468639,0.03932132,0.98869455
circles,random_unitary,123,635,0.88534091,0.01379924,0.99068078
circles,random_unitary,123,636,0.86845537,0.03043191,0.97813554
circles,random_unitary,123,637,0.8785858,0.08777851,1.00566563
circles,random_unitary,123,638,0.87433155,0.04437862,0.9844585
circles,random_unitary,123,639,0.86861948,0.00265973,0.99019448
circles,random_unitary,123,640,0.86046555,0.03446254,1.00762168
circles,random_unitary,123,641,0.87530815,0.01916681,1.00564405
circles,random_unitary,123,642,0.88089441,0.01583795,0.98355155
circles,random_unitary,123,643,0.86102404,0.00216775,0.99011081
circles,random_unitary,123,644,0.87852073,0.0064308,0.97873598
circles,random_unitary,123,645,0.87787385,0.03418557,0.99938003
circles,random_unitary,123,646,0.87045392,0.0377449,0.99232798
circles,random_unitary,123,647,0.86795718,0.06355179,0.98926527
circles,random_unitary,123,648,0.86091197,0.03533131,0.99781876
circles,random_unitary,123,649,0.87539649,0.00202497,0.98823995
circles,random_unitary,123,650,0.8613951,0.01060944,0.99528137
circles,random_unitary,123,651,0.86271131,0.05968773,1.00616666
circles,random_unitary,123,652,0.88182054,0.07272945,1.01981997
circles,random_unitary,123,653,0.871974,0.02932307,1.01030522
circles,random_unitary,123,654,0.86700692,0.05558097,1.00299489
circles,random_unitary,123,655,0.87079488,0.00456013,0.99594267
circles,random_unitary,123,656,0.87261861,0.00887206,0.9956067
circles,random_unitary,123,657,0.86437214,0.02024121,0.98553059
circles,random_unitary,123,658,0.87801495,0.06269042,0.99238769
circles,random_unitary,123,659,0.86842279,0.08049515,1.00269095
circles,random_unitary,123,660,0.87839789,0.13328263,0.96896389
circles,random_unitary,123,661,0.87614859,0.06317968,1.00691149
circles,random_unitary,123,662,0.86799917,0.05622778,0.99762778
circles,random_unitary,123,663,0.86474847,1.435e-05,1.02012125
circles,random_unitary,123,664,0.86401808,0.09854901,1.01336801
circles,random_unitary,123,665,0.86759739,0.13997421,1.00631755
circles,random_unitary,123,666,0.87691066,0.03184426,1.00822467
circles,random_unitary,123,667,0.87133747,0.06403884,0.98073472
circles,random_unitary,123,668,0.87488376,0.00763763,1.00225541
circles,random_unitary,123,669,0.87659793,0.03349375,1.00016942
circles,random_unitary,123,670,0.8801701,0.02086573,1.00727516
circles,random_unitary,123,671,0.8675782,0.09089935,1.02590823
circles,random_unitary,123,672,0.86345766,0.07819925,0.99336737
circles,random_unitary,123,673,0.8580454,0.03084231,0.97973466
circles,random_unitary,123,674,0.86086645,0.00662323,1.02475959
circles,random_unitary,123,675,0.87764718,0.03196097,1.01035126
circles,random_unitary,123,676,0.8720642,0.00733227,0.98341767
circles,random_unitary,123,677,0.8683034,0.08313685,1.00452852
circles,random_unitary,123,678,0.87697103,0.03518701,1.02318904
circles,random_unitary,123,679,0.88200879,0.02991975,0.99814403
circles,random_unitary,123,680,0.88548106,0.03254829,1.00188962
circles,random_unitary,123,681,0.87339299,0.02919331,0.9926035
circles,random_unitary,123,682,0.87466066,0.01373346,1.01926184
circles,random_unitary,123,683,0.87222922,0.03451347,0.96536121
circles,random_unitary,123,684,0.87454444,0.05153082,0.98498463
circles,random_unitary,123,685,0.86600026,0.02895652,1.0095158
circles,random_unitary,123,686,0.88163716,0.04000487,0.99229093
circles,random_unitary,123,687,0.87778425,0.05631249,0.97626017
circles,random_unitary,123,688,0.87240853,0.01792504,1.02276819
circles,random_unitary,123,689,0.87629945,0.00169699,1.02389604
circles,random_unitary,123,690,0.87222801,0.06100887,1.01678169
circles,random_unitary,123,691,0.85856899,0.00577724,1.00681145
circles,random_unitary,123,692,0.86297254,0.01500912,0.99241868
circles,random_unitary,123,693,0.8758101,0.05857454,0.98527442
circles,random_unitary,123,694,0.87154613,0.05916001,1.00403393
circles,random_unitary,123,695,0.86921628,0.00667611,0.9890492
circles,random_unitary,123,696,0.86216176,0.0108498,1.00772843
circles,random_unitary,123,697,0.87533424,0.04805469,0.9800137
circles,random_unitary,123,698,0.85836676,0.00905619,1.0072707
circles,random_unitary,123,699,0.86580586,0.00581785,1.00177717
circles,random_unitary,123,700,0.85925401,0.12294758,0.97993277
circles,random_unitary,123,701,0.8684727,0.03049395,1.02796162
circles,random_unitary,123,702,0.86221599,0.02133668,1.01777719
circles,random_unitary,123,703,0.87741568,0.0920663,0.9975835
circles,random_unitary,123,704,0.8656716,0.06555527,1.00420857
circles,random_unitary,123,705,0.87492316,0.02964415,0.98866575
circles,random_unitary,123,706,0.87607643,0.01920033,1.00761594
circles,random_unitary,123,707,0.87055268,0.04365344,1.01560863
circles,random_unitary,123,708,0.86651354,0.02661469,0.98195953
circles,random_unitary,123,709,0.87891889,0.08581487,1.01235904
circles,random_unitary,123,710,0.8757228,0.04452386,0.99158799
circles,random_unitary,123,711,0.88862149,0.06670761,0.98226428
circles,random_unitary,123,712,0.86531862,0.04464874,0.97582192
circles,random_unitary,123,713,0.8757253,0.06256922,0.99364215
circles,random_unitary,123,714,0.87052186,0.15186099,0.98931601
circles,random_unitary,123,715,0.8710885,0.03630506,0.98636354
circles,random_unitary,123,716,0.87412691,0.06963354,1.0002009
circles,random_unitary,123,717,0.85324895,0.01819734,0.98923221
circles,random_unitary,123,718,0.86984274,0.01219734,1.0154049
circles,random_unitary,123,719,0.86075209,0.00324793,1.00772057
circles,random_unitary,123,720,0.8813792,0.02053243,1.01538424
circles,random_unitary,123,721,0.87966971,0.04290767,0.99255407
circles,random_unitary,123,722,0.86877081,0.08656085,1.00560413
circles,random_unitary,123,723,0.87328127,0.04611809,0.96800222
circles,random_unitary,123,724,0.86502243,0.03495683,0.99752899
circles,random_unitary,123,725,0.872308,0.07100488,0.97086901
circles,random_unitary,123,726,0.86066306,0.03825948,1.00161248
circles,random_unitary,123,727,0.87561156,0.03185003,1.01754116
circles,random_unitary,123,728,0.87960109,0.04585198,1.01020771
circles,random_unitary,123,729,0.86325502,0.06364967,0.99939771
circles,random_unitary,123,730,0.86762387,0.05517648,0.9975411
circles,random_unitary,123,731,0.86413586,0.07336133,0.99713372
circles,random_unitary,123,732,0.87888792,0.02241876,1.01110924
circles,random_unitary,123,733,0.87841515,0.00816141,1.01588855
circles,random_unitary,123,734,0.86596906,0.06228509,0.98856942
circles,random_unitary,123,735,0.86017819,0.10213609,0.97244428
circles,random_unitary,123,736,0.8788234,0.03059982,0.98665655
circles,random_unitary,123,737,0.87141846,0.01076883,0.98229874
circles,random_unitary,123,738,0.86528413,0.02502432,1.03268416
circles,random_unitary,123,739,0.86640453,0.02804643,0.98861642
circles,random_unitary,123,740,0.87086232,0.06763466,0.98810227
circles,random_unitary,123,741,0.87448268,0.13718504,1.01270606
circles,random_unitary,123,742,0.87791409,0.03683466,0.99627577
circles,random_unitary,123,743,0.87815376,0.01969076,0.97882998
circles,random_unitary,123,744,0.88436532,0.06366498,1.00803441
circles,random_unitary,123,745,0.8784028,0.0461475,0.98727752
circles,random_unitary,123,746,0.86981908,0.06467448,1.00936119
circles,random_unitary,123,747,0.86772026,0.08378312,0.97578935
circles,random_unitary,123,748,0.86839213,0.02689867,1.00698698
circles,random_unitary,123,749,0.87082706,0.03939812,1.0119302
circles,random_unitary,123,750,0.86681891,0.06005524,0.9962565
circles,random_unitary,123,751,0.86113348,0.10980982,0.98927375
circles,random_unitary,123,752,0.87105783,0.00736134,1.01756708
circles,random_unitary,123,753,0.86157698,0.04782106,1.00449075
circles,random_unitary,123,754,0.86824479,0.06092848,0.99205411
circles,random_unitary,123,755,0.87773822,0.02629777,1.00921155
circles,random_unitary,123,756,0.87199459,0.02684726,0.99413816
circles,random_unitary,123,757,0.86974614,0.0207499,1.00381522
circles,random_unitary,123,758,0.87095416,0.01242816,0.99275497
circles,random_unitary,123,759,0.87712584,0.0264979,1.01057957
circles,random_unitary,123,760,0.88527206,0.0332719,1.02662112
circles,random_unitary,123,761,0.87829765,0.04393974,1.00109037
circles,random_unitary,123,762,0.87206262,0.02177024,1.00656264
circles,random_unitary,123,763,0.8709859,0.00276494,1.00316558
circles,random_unitary,123,764,0.85800066,0.07761212,1.00484704
circles,random_unitary,123,765,0.87929101,0.07540356,1.0200169
circles,random_unitary,123,766,0.87018836,0.01433073,1.00848695
circles,random_unitary,123,767,0.87244912,0.02222833,1.01853819
circles,random_unitary,123,768,0.86866449,0.03771478,0.99197027
circles,random_unitary,123,769,0.88445331,0.05295322,1.02340729
circles,random_unitary,123,770,0.86851354,0.02231725,1.01560512
circles,random_unitary,123,771,0.87290291,0.00374592,1.02399558
circles,random_unitary,123,772,0.87069281,0.03940026,1.01461223
circles,random_unitary,123,773,0.87208372,0.01778606,1.00928531
circles,random_unitary,123,774,0.87780192,0.04051499,0.98535274
circles,random_unitary,123,775,0.87825551,0.08672283,0.99994148
circles,random_unitary,123,776,0.88710958,0.11090532,0.99682025
circles,random_unitary,123,777,0.87041894,0.04734171,0.97860554
circles,random_unitary,123,778,0.8771345,0.03832674,0.98919351
circles,random_unitary,123,779,0.87152913,0.02319482,0.99981616
circles,random_unitary,123,780,0.86271015,0.00375129,1.01391724
circles,random_unitary,123,781,0.8637999,0.0268323,0.99676629
circles,random_unitary,123,782,0.88309823,0.02925905,1.02649222
circles,random_unitary,123,783,0.87890345,0.01585055,0.97472123
circles,random_unitary,123,784,0.87722877,0.05406662,0.99235211
circles,random_unitary,123,785,0.87486679,0.04145481,1.0027833
circles,random_unitary,123,786,0.87519356,0.00157581,1.00280155
circles,random_unitary,123,787,0.8788652,0.03803394,0.99802718
circles,random_unitary,123,788,0.87775924,0.00322729,1.00851239
circles,random_unitary,123,789,0.87059583,0.02133487,1.03004297
circles,random_unitary,123,790,0.86701332,0.03360288,1.01480911
circles,random_unitary,123,791,0.86581565,0.02340008,1.01537541
circles,random_unitary,123,792,0.87885019,0.01417443,0.97514692
circles,random_unitary,123,793,0.87808103,0.0321725,0.99411042
circles,random_unitary,123,794,0.86560386,0.00188335,1.02052216
circles,random_unitary,123,795,0.8726846,0.04744997,0.98772255
circles,random_unitary,123,796,0.87551398,0.01582948,1.01425631
circles,random_unitary,123,797,0.86187295,0.01641436,0.99191217
circles,random_unitary,123,798,0.8604828,0.01965364,1.00612577
circles,random_unitary,123,799,0.87394614,0.02030033,1.00895032
circles,random_unitary,123,800,0.87656782,0.04957291,1.0075605
circles,random_unitary,123,801,0.88004658,0.06696648,1.00479586
circles,random_unitary,123,802,0.87137217,0.01245668,1.01269217
circles,random_unitary,123,803,0.8733067,0.04188225,0.98863093
circles,random_unitary,123,804,0.86451791,0.06294496,1.00135939
circles,random_unitary,123,805,0.86918352,0.03799979,1.02082286
circles,random_unitary,123,806,0.87163353,0.08420081,1.02110517
circles,random_unitary,123,807,0.8706773,0.07271271,0.99769305
circles,random_unitary,123,808,0.87490287,0.01404727,0.989167
circles,random_unitary,123,809,0.87967728,0.03531113,0.98143234
circles,random_unitary,123,810,0.87292244,0.05958464,0.99030821
circles,random_unitary,123,811,0.87465347,0.0271042,0.99914639
circles,random_unitary,123,812,0.87124583,0.01391323,0.99243593
circles,random_unitary,123,813,0.87586597,0.02621413,0.98160601
circles,random_unitary,123,814,0.87354662,0.0008457,0.99280467
circles,random_unitary,123,815,0.86627426,0.03424265,1.01096644
circles,random_unitary,123,816,0.8762783,0.09629808,1.02889397
circles,random_unitary,123,817,0.86769094,0.07094566,0.99730937
circles,random_unitary,123,818,0.87594502,0.08020159,1.00633615
circles,random_unitary,123,819,0.87618346,0.07446369,0.98734084
circles,random_unitary,123,820,0.86577908,0.0264186,0.98851322
circles,random_unitary,123,821,0.86421021,0.1030417,0.99113856
circles,random_unitary,123,822,0.87233997,0.04077459,0.98542969
circles,random_unitary,123,823,0.87165329,0.06048511,1.0111309
circles,random_unitary,123,824,0.86459729,0.07341078,1.0059162
circles,random_unitary,123,825,0.87057903,0.06320949,0.99708609
circles,random_unitary,123,826,0.86974265,0.00030191,1.00257869
circles,random_unitary,123,827,0.86873986,0.02406656,0.99071086
circles,random_unitary,123,828,0.87210234,0.01673992,0.99285441
circles,random_unitary,123,829,0.8693239,0.02863298,1.00160264
circles,random_unitary,123,830,0.878581,0.03803287,1.02808567
circles,random_unitary,123,831,0.87844187,0.0146047,0.99464421
circles,random_unitary,123,832,0.87550184,0.09521527,1.02039147
circles,random_unitary,123,833,0.86549557,0.00914662,0.99718871
circles,random_unitary,123,834,0.86773414,0.02319133,1.00626024
circles,random_unitary,123,835,0.866796,0.01598929,0.99744293
circles,random_unitary,123,836,0.87650051,0.08169305,0.98217522
circles,random_unitary,123,837,0.87796671,0.02484151,0.9925351
circles,random_unitary,123,838,0.86801893,0.01841085,1.00715148
circles,random_unitary,123,839,0.86376512,0.00304357,0.98165963
circles,random_unitary,123,840,0.86631291,0.0025998,1.00915256
circles,random_unitary,123,841,0.86880974,0.0488069,0.98797416
circles,random_unitary,123,842,0.87214396,0.06089523,1.01406803
circles,random_unitary,123,843,0.86364573,0.06030039,1.00009776
circles,random_unitary,123,844,0.85987001,0.06711985,1.0033806
circles,random_unitary,123,845,0.86829203,0.00834258,0.99301254
circles,random_unitary,123,846,0.86148127,0.09175064,1.01997004
circles,random_unitary,123,847,0.86977695,0.06226762,1.00309997
circles,random_unitary,123,848,0.8683377,0.03471111,1.02904955
circles,random_unitary,123,849,0.87819354,0.00536355,1.01080335
circles,random_unitary,123,850,0.86992212,0.01661174,0.9889561
circles,random_unitary,123,851,0.86260277,0.05114311,1.00342631
circles,random_unitary,123,852,0.87548687,0.00896176,1.03560803
circles,random_unitary,123,853,0.87634817,0.07104399,0.9967681
circles,random_unitary,123,854,0.86281064,0.07614483,1.00386055
circles,random_unitary,123,855,0.87392097,0.00768718,1.0332492
circles,random_unitary,123,856,0.86913943,0.01052568,0.98384398
circles,random_unitary,123,857,0.88182043,0.01847803,0.97305596
circles,random_unitary,123,858,0.87130542,0.02407582,1.0093116
circles,random_unitary,123,859,0.86904134,0.04929451,1.00993231
circles,random_unitary,123,860,0.87411444,0.01074405,0.96841572
circles,random_unitary,123,861,0.87180618,0.00431032,1.03292583
circles,random_unitary,123,862,0.87618656,0.05985225,1.01787387
circles,random_unitary,123,863,0.86845289,0.03850348,0.99567077
circles,random_unitary,123,864,0.87929232,0.10129213,1.00273707
circles,random_unitary,123,865,0.87103547,0.03064128,0.9831635
circles,random_unitary,123,866,0.88074689,0.0683369,1.00437137
circles,random_unitary,123,867,0.876294,0.02517042,0.99833955
circles,random_unitary,123,868,0.87676181,0.03698328,0.98842877
circles,random_unitary,123,869,0.87765847,0.05149167,1.00420229
circles,random_unitary,123,870,0.86439914,0.02293953,1.01104604
circles,random_unitary,123,871,0.873109,0.02972217,0.97257321
circles,random_unitary,123,872,0.8632536,0.00242011,0.98700958
circles,random_unitary,123,873,0.87852941,0.04515038,0.97618212
circles,random_unitary,123,874,0.87129899,0.03578224,1.00938563
circles,random_unitary,123,875,0.86654776,0.04832098,1.00267037
circles,random_unitary,123,876,0.87672005,0.04490685,0.98807968
circles,random_unitary,123,877,0.87022028,0.05075667,1.02204432
circles,random_unitary,123,878,0.87433076,0.00397774,1.00038018
circles,random_unitary,123,879,0.87239833,0.06472399,1.00001189
circles,random_unitary,123,880,0.8756667,0.0796045,0.99216574
circles,random_unitary,123,881,0.87105658,0.10219428,0.97723886
circles,random_unitary,123,882,0.87138125,0.0021049,1.00626586
circles,random_unitary,123,883,0.86843478,0.00200698,0.98411298
circles,random_unitary,123,884,0.86623902,0.02760669,1.01838164
circles,random_unitary,123,885,0.87514837,0.12966395,1.01194448
circles,random_unitary,123,886,0.87690145,0.01158878,1.00343662
circles,random_unitary,123,887,0.87400163,0.01250751,1.00583022
circles,random_unitary,123,888,0.86487399,0.03851844,1.00711264
circles,random_unitary,123,889,0.87335629,0.05763502,0.99978722
circles,random_unitary,123,890,0.86564666,0.05358421,0.99272946
circles,random_unitary,123,891,0.87043859,0.00954768,1.01488925
circles,random_unitary,123,892,0.86666812,0.00711104,0.99278982
circles,random_unitary,123,893,0.869699,0.07680446,0.97869779
circles,random_unitary,123,894,0.87357991,0.03295529,1.02115261
circles,random_unitary,123,895,0.86011756,0.01542975,0.98415931
circles,random_unitary,123,896,0.86704424,0.05190152,1.00128482
circles,random_unitary,123,897,0.86500019,0.17084332,1.00342216
circles,random_unitary,123,898,0.86588575,0.10371881,0.96879908
circles,random_unitary,123,899,0.87849463,0.00771186,1.00176227
circles,random_unitary,123,900,0.87811315,0.03953952,0.99032876
circles,random_unitary,123,901,0.87110235,0.02804418,0.97970339
circles,random_unitary,123,902,0.86414079,0.09929982,0.99988963
circles,random_unitary,123,903,0.87253098,0.04208701,0.99738688
circles,random_unitary,123,904,0.86982087,0.02836951,0.97939385
circles,random_unitary,123,905,0.87214663,0.01485922,1.01455304
circles,random_unitary,123,906,0.87060755,0.00841961,1.00012707
circles,random_unitary,123,907,0.86490832,0.06503762,1.0121996
circles,random_unitary,123,908,0.86428434,0.00578034,0.99792101
circles,random_unitary,123,909,0.87550441,0.02294594,0.99019807
circles,random_unitary,123,910,0.87850564,0.03458113,1.0012388
circles,random_unitary,123,911,0.87117669,0.00802143,0.99463622
circles,random_unitary,123,912,0.86388473,0.06067526,0.9853025
circles,random_unitary,123,913,0.87624806,0.02427415,0.97563254
circles,random_unitary,123,914,0.86555953,0.05693331,0.9837496
circles,random_unitary,123,915,0.87566897,0.09906463,1.00224327
circles,random_unitary,123,916,0.86288715,0.04902737,0.97931186
circles,random_unitary,123,917,0.88037425,0.03390521,1.0084649
circles,random_unitary,123,918,0.87462014,0.04964099,0.98770399
circles,random_unitary,123,919,0.86777974,0.06069971,1.00808869
circles,random_unitary,123,920,0.86806209,0.01286869,0.98648433
circles,random_unitary,123,921,0.88552152,0.03293962,0.98893771
circles,random_unitary,123,922,0.87442578,0.01236347,0.98937081
circles,random_unitary,123,923,0.87707703,0.03513973,1.01276571
circles,random_unitary,123,924,0.87727685,0.10373169,0.9956996
circles,random_unitary,123,925,0.86173157,0.01534212,0.98922971
circles,random_unitary,123,926,0.86766947,0.12749642,1.02694963
circles,random_unitary,123,927,0.86345384,0.06364414,0.99375426
circles,random_unitary,123,928,0.87464401,0.01568676,0.99874083
circles,random_unitary,123,929,0.87822225,0.01555657,1.00440344
circles,random_unitary,123,930,0.87145148,0.17055114,1.02965967
circles,random_unitary,123,931,0.87099905,0.00196172,0.96511364
circles,random_unitary,123,932,0.86690726,0.10075361,0.96709922
circles,random_unitary,123,933,0.86181714,0.02502232,1.03631198
circles,random_unitary,123,934,0.8833671,0.00057015,1.00601989
circles,random_unitary,123,935,0.87281297,0.08912719,1.01152179
circles,random_unitary,123,936,0.86474308,0.08971596,1.00159728
circles,random_unitary,123,937,0.87467116,0.0437597,1.00427204
circles,random_unitary,123,938,0.86340674,0.03560557,0.99926592
circles,random_unitary,123,939,0.8632632,0.16145645,0.98582539
circles,random_unitary,123,940,0.87548548,0.0985488,1.00866821
circles,random_unitary,123,941,0.87733518,0.01777694,1.01526946
circles,random_unitary,123,942,0.87027221,0.0028086,1.0280648
circles,random_unitary,123,943,0.87580818,0.04462945,0.99250946
circles,random_unitary,123,944,0.86402238,0.0503688,1.00217524
circles,random_unitary,123,945,0.86362427,0.02285915,1.00325847
circles,random_unitary,123,946,0.87340804,0.03012215,0.9953902
circles,random_unitary,123,947,0.86781126,0.07069391,1.00546002
circles,random_unitary,123,948,0.87889947,0.03955971,1.00206193
circles,random_unitary,123,949,0.87380901,0.06282939,1.01110051
circles,random_unitary,123,950,0.87689087,0.00619976,1.00783702
circles,random_unitary,123,951,0.86829517,0.00125762,1.01183194
circles,random_unitary,123,952,0.87819845,0.0170646,0.97848762
circles,random_unitary,123,953,0.87373069,0.01637154,0.999849
circles,random_unitary,123,954,0.87172495,0.02149963,0.9862838
circles,random_unitary,123,955,0.86418695,0.01722465,1.00556991
circles,random_unitary,123,956,0.86454852,0.03255788,0.98999598
circles,random_unitary,123,957,0.87814954,0.008179,0.99344002
circles,random_unitary,123,958,0.87372191,0.01314297,1.01204957
circles,random_unitary,123,959,0.8650237,0.04439095,0.99380805
circles,random_unitary,123,960,0.87594211,0.08231072,1.02428745
circles,random_unitary,123,961,0.85850413,0.01681144,1.0322604
circles,random_unitary,123,962,0.86607992,0.00554389,0.98735716
circles,random_unitary,123,963,0.87457257,0.03619929,1.01479003
circles,random_unitary,123,964,0.85796449,0.06260739,1.01147007
circles,random_unitary,123,965,0.87212955,0.02613522,1.00488547
circles,random_unitary,123,966,0.87155748,0.01115825,0.98416626
circles,random_unitary,123,967,0.8741688,0.0397672,0.99366487
circles,random_unitary,123,968,0.87303725,0.01337516,1.02084624
circles,random_unitary,123,969,0.86417388,0.01975105,0.98937352
circles,random_unitary,123,970,0.86177111,0.01638027,0.98828036
circles,random_unitary,123,971,0.87232621,0.06210845,1.00411414
circles,random_unitary,123,972,0.87411165,0.01854669,0.99562772
circles,random_unitary,123,973,0.86524488,0.00311965,0.99857613
circles,random_unitary,123,974,0.87193306,0.02141313,0.99731425
circles,random_unitary,123,975,0.87015701,0.04657936,1.00079396
circles,random_unitary,123,976,0.87106833,0.02688545,0.98446071
circles,random_unitary,123,977,0.87400009,0.0108041,0.99574236
circles,random_unitary,123,978,0.87462505,0.07176695,0.99065861
circles,random_unitary,123,979,0.86766626,0.03561398,1.00422261
circles,random_unitary,123,980,0.87543419,0.01233719,1.01832639
circles,random_unitary,123,981,0.87946034,0.01637269,0.99595656
circles,random_unitary,123,982,0.87216034,0.00364573,0.99769524
circles,random_unitary,123,983,0.8658559,0.01982231,1.01917068
circles,random_unitary,123,984,0.88236273,0.03358887,1.00490296
circles,random_unitary,123,985,0.85936724,0.02989052,0.98135991
circles,random_unitary,123,986,0.87471296,0.01942091,0.98462011
circles,random_unitary,123,987,0.87533983,0.00286967,1.00426724
circles,random_unitary,123,988,0.881155,0.0017699,1.03564349
circles,random_unitary,123,989,0.87535767,0.05530414,1.028142
circles,random_unitary,123,990,0.87105303,0.05683767,1.01296993
circles,random_unitary,123,991,0.88305602,0.01191307,0.98612291
circles,random_unitary,123,992,0.87097806,0.04133823,1.01857651
circles,random_unitary,123,993,0.87157073,0.00532292,0.99707083
circles,random_unitary,123,994,0.87117317,0.05361673,0.99745019
circles,random_unitary,123,995,0.87643116,0.01896612,0.99313246
circles,random_unitary,123,996,0.87175091,0.02877487,1.01895626
circles,random_unitary,123,997,0.87034878,0.00860311,0.99408959
circles,random_unitary,123,998,0.87821844,0.00891365,1.00033389
circles,random_unitary,123,999,0.8677249,0.06019845,1.00980602
circles,random_unitary,256,0,0.86182347,0.05843922,0.99142078
circles,random_unitary,256,1,0.86945432,0.03363698,1.01339823
circles,random_unitary,256,2,0.87398926,0.02915406,0.9727983
circles,random_unitary,256,3,0.85300941,0.05824915,1.01962317
circles,random_unitary,256,4,0.87135067,0.01810032,0.99886943
circles,random_unitary,256,5,0.85945837,0.03049551,0.98742723
circles,random_unitary,256,6,0.87418698,0.08438584,0.98520227
circles,random_unitary,256,7,0.86688351,0.02121057,1.01225175
circles,random_unitary,256,8,0.86175081,0.00416579,1.01570167
circles,random_unitary,256,9,0.87390852,0.0939668,0.98811128
circles,random_unitary,256,10,0.87822781,0.04854038,1.02103441
circles,random_unitary,256,11,0.88016253,0.02148658,1.00402901
circles,random_unitary,256,12,0.87906171,0.06334649,0.98543976
circles,random_unitary,256,13,0.87129711,0.06937025,0.99375323
circles,random_unitary,256,14,0.86832974,0.01503649,0.99891512
circles,random_unitary,256,15,0.87240814,0.06765474,0.99358128
circles,random_unitary,256,16,0.86451408,0.05265737,1.00954633
circles,random_unitary,256,17,0.87589153,0.02575658,0.99718026
circles,random_unitary,256,18,0.88004259,0.06716071,0.99440869
circles,random_unitary,256,19,0.87316364,0.0041571,1.01946781
circles,random_unitary,256,20,0.87567739,0.03400335,0.99300711
circles,random_unitary,256,21,0.87246086,0.01035761,1.01577373
circles,random_unitary,256,22,0.87145479,0.02214314,0.99608158
circles,random_unitary,256,23,0.86088205,0.00737648,1.02752883
circles,random_unitary,256,24,0.87415936,0.00676923,0.99746444
circles,random_unitary,256,25,0.87764554,0.06794088,1.00204622
circles,random_unitary,256,26,0.868047,0.07911291,0.99679191
circles,random_unitary,256,27,0.87750099,0.04619244,0.97598259
circles,random_unitary,256,28,0.86639115,0.04920747,0.9973706
circles,random_unitary,256,29,0.88083299,0.04950081,1.00193692
circles,random_unitary,256,30,0.86443857,0.01953725,0.99314362
circles,random_unitary,256,31,0.87246964,0.01012454,1.00255842
circles,random_unitary,256,32,0.87294053,0.0201421,0.98954967
circles,random_unitary,256,33,0.86784066,0.11344539,1.0102783
circles,random_unitary,256,34,0.86828392,0.0318537,1.02377721
circles,random_unitary,256,35,0.87577358,0.04154718,0.99172973
circles,random_unitary,256,36,0.87766279,0.04144029,0.9948579
circles,random_unitary,256,37,0.87640155,0.11272635,1.00401825
circles,random_unitary,256,38,0.8610081,0.03124943,1.02145114
circles,random_unitary,256,39,0.87594395,0.01582678,0.99382828
circles,random_unitary,256,40,0.86386001,0.03397522,1.00248765
circles,random_unitary,256,41,0.86085539,0.06111042,0.99363727
circles,random_unitary,256,42,0.8769468,0.0513386,1.01626947
circles,random_unitary,256,43,0.87104033,0.01516541,0.9661233
circles,random_unitary,256,44,0.87058146,0.03502623,1.01431738
circles,random_unitary,256,45,0.86874764,0.0229755,1.01237082
circles,random_unitary,256,46,0.87194506,0.01200808,0.98557214
circles,random_unitary,256,47,0.87272072,0.04062997,0.99783569
circles,random_unitary,256,48,0.87589952,0.07457281,1.01718373
circles,random_unitary,256,49,0.86741049,0.04208034,0.99062185
circles,random_unitary,256,50,0.86849779,0.01413944,0.98115701
circles,random_unitary,256,51,0.87031994,0.02957609,0.99889594
circles,random_unitary,256,52,0.87428518,0.00115899,1.01232354
circles,random_unitary,256,53,0.87181807,0.04826293,1.01578259
circles,random_unitary,256,54,0.87236904,0.01177845,0.98015981
circles,random_unitary,256,55,0.8821639,0.0247366,1.01566526
circles,random_unitary,256,56,0.86801633,0.01863099,1.01180324
circles,random_unitary,256,57,0.8708825,0.00905321,1.02409032
circles,random_unitary,256,58,0.87466561,0.03337616,1.00533587
circles,random_unitary,256,59,0.88136306,0.03103195,0.99998595
circles,random_unitary,256,60,0.86945312,0.02763658,0.99594591
circles,random_unitary,256,61,0.87356326,0.05656715,0.99230926
circles,random_unitary,256,62,0.87371769,0.07815246,0.99624205
circles,random_unitary,256,63,0.88224957,0.01086841,1.000223
circles,random_unitary,256,64,0.86706892,0.07248138,1.01360005
circles,random_unitary,256,65,0.87455295,0.06363064,0.99089332
circles,random_unitary,256,66,0.8746976,0.01525441,1.00638898
circles,random_unitary,256,67,0.85745933,0.0168617,0.99154351
circles,random_unitary,256,68,0.87200215,0.00910659,0.9913049
circles,random_unitary,256,69,0.87916304,0.06507793,1.02733693
circles,random_unitary,256,70,0.87536045,0.0066477,1.0109405
circles,random_unitary,256,71,0.86579615,0.00611352,0.99994575
circles,random_unitary,256,72,0.86676315,0.00121548,1.00808075
circles,random_unitary,256,73,0.87435635,0.00580342,1.03212605
circles,random_unitary,256,74,0.86559177,0.00107,1.00457093
circles,random_unitary,256,75,0.87159521,0.01011439,0.99065926
circles,random_unitary,256,76,0.86420545,0.03641103,1.00474733
circles,random_unitary,256,77,0.87734378,0.01003837,0.99295503
circles,random_unitary,256,78,0.87522197,0.02393056,0.98901275
circles,random_unitary,256,79,0.87750221,0.00667105,0.99712286
circles,random_unitary,256,80,0.87734301,0.03766698,0.99565132
circles,random_unitary,256,81,0.86620926,0.01526472,0.99149262
circles,random_unitary,256,82,0.86430922,0.00698069,1.0191777
circles,random_unitary,256,83,0.86776633,0.03167119,1.00366681
circles,random_unitary,256,84,0.87320572,0.01813152,0.98342071
circles,random_unitary,256,85,0.87212161,0.04905588,1.02516613
circles,random_unitary,256,86,0.88218669,0.00735663,0.99962249
circles,random_unitary,256,87,0.87253754,0.0441764,0.99048418
circles,random_unitary,256,88,0.86814482,0.01640784,1.02275811
circles,random_unitary,256,89,0.87631751,0.01920628,0.993362
circles,random_unitary,256,90,0.85914195,0.08819485,0.98618875
circles,random_unitary,256,91,0.87376146,0.02609173,1.00819154
circles,random_unitary,256,92,0.86956349,0.01477732,1.02043119
circles,random_unitary,256,93,0.87569592,0.00019382,1.00180384
circles,random_unitary,256,94,0.87291656,0.02874729,0.99239142
circles,random_unitary,256,95,0.8724516,0.07898855,0.98777441
circles,random_unitary,256,96,0.87741477,0.00960797,1.00979075
circles,random_unitary,256,97,0.87768338,0.03650877,0.98860893
circles,random_unitary,256,98,0.85808788,0.0163056,0.99327508
circles,random_unitary,256,99,0.86545489,0.05491251,0.97924971
circles,random_unitary,256,100,0.87489697,0.02188464,0.99553753
circles,random_unitary,256,101,0.87310626,0.03850407,0.9885707
circles,random_unitary,256,102,0.86597444,0.0274194,0.99630165
circles,random_unitary,256,103,0.86153841,0.09405869,0.99586126
circles,random_unitary,256,104,0.87193321,0.06032347,1.0136582
circles,random_unitary,256,105,0.88117352,0.0138738,0.98859525
circles,random_unitary,256,106,0.87830101,0.02468143,0.98907295
circles,random_unitary,256,107,0.87360127,0.08100506,1.02114018
circles,random_unitary,256,108,0.87491387,0.00923567,0.98898858
circles,random_unitary,256,109,0.87912417,0.03921226,0.98330243
circles,random_unitary,256,110,0.88177314,0.08602357,0.9953408
circles,random_unitary,256,111,0.8773225,0.03382436,1.01308515
circles,random_unitary,256,112,0.87456951,0.02941537,0.99709869
circles,random_unitary,256,113,0.87187791,0.02766612,1.00119872
circles,random_unitary,256,114,0.87345155,0.10528264,1.00743874
circles,random_unitary,256,115,0.85999032,0.02773652,1.02621517
circles,random_unitary,256,116,0.86612255,0.02657258,0.99567148
circles,random_unitary,256,117,0.86678634,0.01110757,1.03307067
circles,random_unitary,256,118,0.87050894,0.01841416,0.98957508
circles,random_unitary,256,119,0.87930864,0.00999341,1.00770766
circles,random_unitary,256,120,0.87972644,0.02969856,1.00203237
circles,random_unitary,256,121,0.87643889,0.00867548,0.97124437
circles,random_unitary,256,122,0.86871276,0.0989691,0.99386701
circles,random_unitary,256,123,0.86233017,0.09220672,1.00411525
circles,random_unitary,256,124,0.85791913,0.01595508,0.99376584
circles,random_unitary,256,125,0.87027643,0.00896105,1.02035449
circles,random_unitary,256,126,0.86890541,0.04417641,1.01925865
circles,random_unitary,256,127,0.87188579,0.07374418,1.00204411
circles,random_unitary,256,128,0.86625578,0.11538337,0.99771561
circles,random_unitary,256,129,0.86944311,0.0356365,1.00331192
circles,random_unitary,256,130,0.87547169,0.01705267,0.99603352
circles,random_unitary,256,131,0.87370909,0.00946206,1.01933828
circles,random_unitary,256,132,0.86890652,0.07410145,1.01004296
circles,random_unitary,256,133,0.87071647,0.02523104,1.00129506
circles,random_unitary,256,134,0.8722918,0.05423725,1.00181659
circles,random_unitary,256,135,0.86423063,0.0471316,0.99150005
circles,random_unitary,256,136,0.86202981,0.0573454,1.01361173
circles,random_unitary,256,137,0.87106548,0.06582307,0.98452404
circles,random_unitary,256,138,0.86495354,0.00947532,1.02176914
circles,random_unitary,256,139,0.87272667,0.12745323,1.00562016
circles,random_unitary,256,140,0.88335825,0.01904936,0.96319041
circles,random_unitary,256,141,0.87179089,0.02134487,0.99874944
circles,random_unitary,256,142,0.87483883,0.04393321,1.00180912
circles,random_unitary,256,143,0.8723288,0.01217735,1.00054524
circles,random_unitary,256,144,0.86515943,0.0234376,0.99036148
circles,random_unitary,256,145,0.86941032,0.00776052,0.98845226
circles,random_unitary,256,146,0.87693011,0.00253895,0.95960734
circles,random_unitary,256,147,0.86747953,0.00427034,0.99043603
circles,random_unitary,256,148,0.87169033,0.07937768,1.0027778
circles,random_unitary,256,149,0.87623599,0.01199928,0.99391071
circles,random_unitary,256,150,0.87557209,0.02461292,1.00035622
circles,random_unitary,256,151,0.86805294,0.02496116,0.99543704
circles,random_unitary,256,152,0.86806296,0.05007059,0.99009314
circles,random_unitary,256,153,0.87123209,0.01412034,0.99529848
circles,random_unitary,256,154,0.87568581,0.00454328,1.01708302
circles,random_unitary,256,155,0.87395285,0.03275716,0.98025366
circles,random_unitary,256,156,0.86968205,0.03004615,1.0024371
circles,random_unitary,256,157,0.88429936,0.01379596,0.98858796
circles,random_unitary,256,158,0.88408808,0.03903553,0.97500347
circles,random_unitary,256,159,0.88071971,0.04347935,1.00393344
circles,random_unitary,256,160,0.86987431,0.00348508,0.99284873
circles,random_unitary,256,161,0.86436856,0.09638739,1.02900772
circles,random_unitary,256,162,0.87028331,0.05728611,0.97334331
circles,random_unitary,256,163,0.86225997,0.08025905,1.04457227
circles,random_unitary,256,164,0.87104561,0.0437238,0.99290297
circles,random_unitary,256,165,0.8744858,0.03133684,1.01083536
circles,random_unitary,256,166,0.87355222,0.01408067,1.02394443
circles,random_unitary,256,167,0.87185325,0.04164453,0.980869
circles,random_unitary,256,168,0.87147507,0.0726166,1.01535631
circles,random_unitary,256,169,0.8748891,0.0160738,0.98279972
circles,random_unitary,256,170,0.87724534,0.08442027,1.01076815
circles,random_unitary,256,171,0.86303502,0.0132292,1.0404049
circles,random_unitary,256,172,0.86127651,0.0567435,1.00040899
circles,random_unitary,256,173,0.86151153,0.03452251,0.98413492
circles,random_unitary,256,174,0.87266183,0.07083694,0.97838958
circles,random_unitary,256,175,0.86818731,0.01643085,1.01163118
circles,random_unitary,256,176,0.86510985,0.08610476,0.97900282
circles,random_unitary,256,177,0.87005467,0.03150338,1.01516074
circles,random_unitary,256,178,0.86517367,0.03512054,1.02031249
circles,random_unitary,256,179,0.86735661,0.0003825,1.02114628
circles,random_unitary,256,180,0.85878096,0.0043474,1.01598553
circles,random_unitary,256,181,0.8724803,0.00654493,1.00555798
circles,random_unitary,256,182,0.87227961,0.07032534,0.98329466
circles,random_unitary,256,183,0.86348416,0.01000175,1.02223955
circles,random_unitary,256,184,0.85508398,0.04210215,0.99454324
circles,random_unitary,256,185,0.87400598,0.13177695,0.99411944
circles,random_unitary,256,186,0.86642422,0.00207202,0.99984403
circles,random_unitary,256,187,0.86958038,0.02081931,0.9894584
circles,random_unitary,256,188,0.87111207,0.06271584,1.00653928
circles,random_unitary,256,189,0.86346622,0.02453768,0.9889381
circles,random_unitary,256,190,0.87559385,0.03976065,0.98537663
circles,random_unitary,256,191,0.87399075,0.05362751,1.02941595
circles,random_unitary,256,192,0.87080894,0.07635227,1.0080334
circles,random_unitary,256,193,0.87705583,0.12564129,1.00559105
circles,random_unitary,256,194,0.8898201,0.08800597,1.00969832
circles,random_unitary,256,195,0.86921562,0.01089585,1.00026392
circles,random_unitary,256,196,0.87770115,0.03308136,1.02372868
circles,random_unitary,256,197,0.87236608,0.04839976,1.01279387
circles,random_unitary,256,198,0.87092244,0.03859675,1.01713755
circles,random_unitary,256,199,0.87868112,0.00464354,1.00565794
circles,random_unitary,256,200,0.86440039,0.03243257,1.01373158
circles,random_unitary,256,201,0.8775312,0.02403169,0.99573387
circles,random_unitary,256,202,0.86683123,0.04153581,0.99417924
circles,random_unitary,256,203,0.86838298,0.10690443,0.98276108
circles,random_unitary,256,204,0.8850105,0.04649992,0.99551005
circles,random_unitary,256,205,0.87033177,0.12517362,1.01450865
circles,random_unitary,256,206,0.87182279,0.07153672,0.99176095
circles,random_unitary,256,207,0.87673333,0.03146637,0.98751461
circles,random_unitary,256,208,0.87910405,0.05576827,1.00609504
circles,random_unitary,256,209,0.88083313,0.00054605,1.00927242
circles,random_unitary,256,210,0.87629273,0.01789108,0.99774082
circles,random_unitary,256,211,0.87050873,0.02347604,1.00126801
circles,random_unitary,256,212,0.87319273,0.01210217,0.99886028
circles,random_unitary,256,213,0.88051648,0.01166989,0.99880953
circles,random_unitary,256,214,0.86986618,0.05362562,0.9854026
circles,random_unitary,256,215,0.87877431,0.06956779,1.03410808
circles,random_unitary,256,216,0.8799926,0.0355969,0.97294415
circles,random_unitary,256,217,0.86609825,0.01650237,0.99715502
circles,random_unitary,256,218,0.86922207,0.07635076,1.01246709
circles,random_unitary,256,219,0.87512674,0.03861702,0.99163053
circles,random_unitary,256,220,0.85934684,0.00173767,1.00900508
circles,random_unitary,256,221,0.8794961,0.06630233,1.00146722
circles,random_unitary,256,222,0.86200946,0.00578516,1.00438669
circles,random_unitary,256,223,0.86619428,0.02660777,0.98435178
circles,random_unitary,256,224,0.8771137,0.04581505,0.98997949
circles,random_unitary,256,225,0.87588608,0.02926202,1.00337724
circles,random_unitary,256,226,0.86757887,0.02346481,1.00388235
circles,random_unitary,256,227,0.86275856,0.0132975,1.00953918
circles,random_unitary,256,228,0.86975537,0.00236148,1.00436613
circles,random_unitary,256,229,0.86595706,0.1061751,0.98134889
circles,random_unitary,256,230,0.87028198,0.04887982,1.01859858
circles,random_unitary,256,231,0.8720672,0.03005224,0.99894476
circles,random_unitary,256,232,0.8639502,0.01842189,1.00538932
circles,random_unitary,256,233,0.87262906,0.06971239,1.00038926
circles,random_unitary,256,234,0.87284517,0.01225818,0.99190623
circles,random_unitary,256,235,0.87425748,0.0017317,1.00679051
circles,random_unitary,256,236,0.8633959,0.05689938,1.00110978
circles,random_unitary,256,237,0.86391026,0.01409952,1.02302835
circles,random_unitary,256,238,0.86676565,0.00144609,1.01682081
circles,random_unitary,256,239,0.87206356,0.05167891,1.00990193
circles,random_unitary,256,240,0.88182347,0.0392778,1.00299121
circles,random_unitary,256,241,0.87867954,0.03435665,1.01652735
circles,random_unitary,256,242,0.85811508,0.01857982,1.02002743
circles,random_unitary,256,243,0.87019893,0.00150549,0.98958032
circles,random_unitary,256,244,0.86978006,0.04711523,0.97577086
circles,random_unitary,256,245,0.86875405,0.00694473,0.99301134
circles,random_unitary,256,246,0.87271285,0.01703243,0.98972934
circles,random_unitary,256,247,0.86366679,0.04847847,1.00650841
circles,random_unitary,256,248,0.86894721,0.03102179,1.00095175
circles,random_unitary,256,249,0.86968568,0.02385428,1.00195335
circles,random_unitary,256,250,0.86618425,0.03609449,1.00949497
circles,random_unitary,256,251,0.86471262,0.0548996,1.02077948
circles,random_unitary,256,252,0.88183386,0.02800233,1.00207195
circles,random_unitary,256,253,0.87514059,0.05398391,0.99956866
circles,random_unitary,256,254,0.87450039,0.10867804,1.01376408
circles,random_unitary,256,255,0.86245799,0.02494119,0.98682621
circles,random_unitary,256,256,0.87144351,0.07341135,0.99199163
circles,random_unitary,256,257,0.86863036,0.0267703,0.99453695
circles,random_unitary,256,258,0.87495031,0.07567862,0.97302757
circles,random_unitary,256,259,0.87073623,0.05573809,0.99048457
circles,random_unitary,256,260,0.86711099,0.03528683,1.00269132
circles,random_unitary,256,261,0.86688988,0.01130218,1.00747463
circles,random_unitary,256,262,0.87320863,0.10895556,1.00031323
circles,random_unitary,256,263,0.87462147,0.03433444,1.03015404
circles,random_unitary,256,264,0.87006288,0.03090558,0.97076623
circles,random_unitary,256,265,0.86986818,0.00205469,1.02946045
circles,random_unitary,256,266,0.8779534,0.01167088,1.00843283
circles,random_unitary,256,267,0.87419196,0.05428945,0.98365642
circles,random_unitary,256,268,0.86595328,0.00171189,1.00983175
circles,random_unitary,256,269,0.86790774,0.07276,0.98650423
circles,random_unitary,256,270,0.86388739,0.08542804,0.99683654
circles,random_unitary,256,271,0.86999756,0.02972996,0.97389477
circles,random_unitary,256,272,0.8647484,0.11156441,1.00878527
circles,random_unitary,256,273,0.87148569,0.00949195,1.01078374
circles,random_unitary,256,274,0.86527696,0.04635119,0.97865077
circles,random_unitary,256,275,0.86384161,0.00738183,1.00580082
circles,random_unitary,256,276,0.86707939,0.06326489,0.98979631
circles,random_unitary,256,277,0.86432742,0.04027345,1.00602714
circles,random_unitary,256,278,0.87451344,0.06000229,1.01499783
circles,random_unitary,256,279,0.86994929,0.06377875,1.00120691
circles,random_unitary,256,280,0.87875992,0.06705526,1.005078
circles,random_unitary,256,281,0.87054962,0.02662525,1.01351355
circles,random_unitary,256,282,0.86779283,0.09047417,0.999805
circles,random_unitary,256,283,0.86445931,0.00444988,0.9677659
circles,random_unitary,256,284,0.85879154,0.08450974,0.99965341
circles,random_unitary,256,285,0.88153046,0.01206727,0.98189911
circles,random_unitary,256,286,0.86373947,0.04350649,1.00229939
circles,random_unitary,256,287,0.85361959,0.04700645,1.00106919
circles,random_unitary,256,288,0.86480684,0.00886932,0.97093017
circles,random_unitary,256,289,0.87169466,0.00551498,1.00617685
circles,random_unitary,256,290,0.86624653,0.04971621,1.01158894
circles,random_unitary,256,291,0.86976652,0.08695653,1.01463345
circles,random_unitary,256,292,0.87173078,0.00183682,0.95916878
circles,random_unitary,256,293,0.86486409,0.09017737,1.00872587
circles,random_unitary,256,294,0.87777063,0.1660132,1.00669237
circles,random_unitary,256,295,0.86053633,0.07273578,1.0131303
circles,random_unitary,256,296,0.87085967,0.00013971,0.97931533
circles,random_unitary,256,297,0.86873267,0.03540725,1.00074611
circles,random_unitary,256,298,0.87917845,0.02535563,1.00062364
circles,random_unitary,256,299,0.86873592,0.14993141,0.99634044
circles,random_unitary,256,300,0.87148318,0.12739872,0.99828178
circles,random_unitary,256,301,0.87351005,0.01227806,1.00374115
circles,random_unitary,256,302,0.87075339,0.02339149,1.00585796
circles,random_unitary,256,303,0.88273511,0.04833443,1.01356063
circles,random_unitary,256,304,0.86970355,0.01696782,0.98790196
circles,random_unitary,256,305,0.87626545,0.05022094,0.99365224
circles,random_unitary,256,306,0.86296142,0.01702022,1.00388095
circles,random_unitary,256,307,0.86853316,0.03042881,0.99716701
circles,random_unitary,256,308,0.86681321,0.08657404,0.98274981
circles,random_unitary,256,309,0.8838618,0.05529377,1.02697173
circles,random_unitary,256,310,0.87047343,0.01480207,0.99289659
circles,random_unitary,256,311,0.87344632,0.06806196,0.97640969
circles,random_unitary,256,312,0.87846931,0.00039232,0.99229767
circles,random_unitary,256,313,0.87125927,0.05581928,0.99283856
circles,random_unitary,256,314,0.87412232,0.02813075,0.97754973
circles,random_unitary,256,315,0.88241704,0.08397689,0.98725676
circles,random_unitary,256,316,0.8689883,0.0204939,1.01717779
circles,random_unitary,256,317,0.87009687,0.10264554,1.01537485
circles,random_unitary,256,318,0.87492741,0.03791306,1.01024737
circles,random_unitary,256,319,0.86613512,0.02844729,0.99369725
circles,random_unitary,256,320,0.8718578,0.0182401,1.00936764
circles,random_unitary,256,321,0.87470176,0.02064244,0.96160274
circles,random_unitary,256,322,0.86479089,0.01249836,0.96992253
circles,random_unitary,256,323,0.88344673,0.00086343,1.0142081
circles,random_unitary,256,324,0.86933272,0.08273869,0.98451527
circles,random_unitary,256,325,0.8698091,0.06566111,1.00417017
circles,random_unitary,256,326,0.87527383,0.03064415,0.97132079
circles,random_unitary,256,327,0.87139817,0.0600427,1.00077132
circles,random_unitary,256,328,0.87214412,0.08127124,0.97292706
circles,random_unitary,256,329,0.8747236,0.00992566,0.98179282
circles,random_unitary,256,330,0.87874079,0.07115012,0.99588878
circles,random_unitary,256,331,0.87070629,0.05747047,1.01403917
circles,random_unitary,256,332,0.85676699,0.14425637,0.99469818
circles,random_unitary,256,333,0.86641655,0.06261563,1.00367305
circles,random_unitary,256,334,0.87392143,0.00718331,0.96780724
circles,random_unitary,256,335,0.86852285,0.03628404,0.98287523
circles,random_unitary,256,336,0.87232378,0.07754369,1.01655514
circles,random_unitary,256,337,0.8735917,0.00754869,0.99414574
circles,random_unitary,256,338,0.88046099,0.07642419,1.00131437
circles,random_unitary,256,339,0.87737667,0.00802919,1.00892982
circles,random_unitary,256,340,0.85801574,0.0925489,1.02331468
circles,random_unitary,256,341,0.87063997,0.09177466,0.97996159
circles,random_unitary,256,342,0.86422677,0.04288903,1.00368709
circles,random_unitary,256,343,0.87631249,7.52e-05,1.01577423
circles,random_unitary,256,344,0.86979946,0.02576315,0.99461257
circles,random_unitary,256,345,0.86680921,0.10553426,1.01207372
circles,random_unitary,256,346,0.8730783,0.02252965,0.99693246
circles,random_unitary,256,347,0.87366236,0.04694593,1.00998992
circles,random_unitary,256,348,0.87808738,0.00687609,0.98125462
circles,random_unitary,256,349,0.8750709,0.04410397,0.97571519
circles,random_unitary,256,350,0.88632592,0.08201318,0.99374845
circles,random_unitary,256,351,0.86397639,0.07941754,1.02212887
circles,random_unitary,256,352,0.87230325,0.03092191,1.00783592
circles,random_unitary,256,353,0.86639883,0.07473666,0.96915713
circles,random_unitary,256,354,0.88084122,0.01665472,0.99439667
circles,random_unitary,256,355,0.85932926,0.12148272,0.97468223
circles,random_unitary,256,356,0.86514777,0.01382964,0.98778211
circles,random_unitary,256,357,0.87238457,0.04809994,1.00486736
circles,random_unitary,256,358,0.87054457,0.00342572,1.00550556
circles,random_unitary,256,359,0.86522448,0.0054774,1.01083954
circles,random_unitary,256,360,0.86929923,0.00630127,0.99405551
circles,random_unitary,256,361,0.87587747,0.00047476,0.97691357
circles,random_unitary,256,362,0.86928239,0.02227011,0.98815424
circles,random_unitary,256,363,0.87489846,0.04298936,0.9964002
circles,random_unitary,256,364,0.86429905,0.01366694,0.99532881
circles,random_unitary,256,365,0.86515006,0.02731327,0.99231171
circles,random_unitary,256,366,0.86700586,0.06964454,1.00745165
circles,random_unitary,256,367,0.87447009,0.1108077,0.98701012
circles,random_unitary,256,368,0.8767887,0.01928897,1.00341773
circles,random_unitary,256,369,0.8697559,0.06892261,0.98343593
circles,random_unitary,256,370,0.86527088,0.01453114,1.02405574
circles,random_unitary,256,371,0.87808249,0.0212023,0.98633129
circles,random_unitary,256,372,0.87770761,0.05308451,0.98255768
circles,random_unitary,256,373,0.8623127,0.06110423,1.00469044
circles,random_unitary,256,374,0.86795323,0.02307266,0.99768218
circles,random_unitary,256,375,0.8656853,0.05254896,0.99810381
circles,random_unitary,256,376,0.86667999,0.03755676,0.96780249
circles,random_unitary,256,377,0.86114471,0.02793156,0.99299717
circles,random_unitary,256,378,0.85807561,0.02480915,1.00728624
circles,random_unitary,256,379,0.86914009,0.00661665,1.00128731
circles,random_unitary,256,380,0.86540278,0.01154865,0.99371314
circles,random_unitary,256,381,0.87880886,0.04928131,0.99840277
circles,random_unitary,256,382,0.86459903,0.02281379,1.02254382
circles,random_unitary,256,383,0.87080033,0.02694096,1.00161054
circles,random_unitary,256,384,0.8695723,0.08200037,0.97620234
circles,random_unitary,256,385,0.86695548,0.03048951,0.98272169
circles,random_unitary,256,386,0.87601298,0.02013367,1.00379512
circles,random_unitary,256,387,0.86773541,0.02358,1.01918423
circles,random_unitary,256,388,0.87069312,0.08265855,1.00642549
circles,random_unitary,256,389,0.86614226,0.02502257,1.01672447
circles,random_unitary,256,390,0.87291037,0.04373723,0.99747293
circles,random_unitary,256,391,0.87028592,0.04964443,0.99258185
circles,random_unitary,256,392,0.88304841,0.07538944,0.97264834
circles,random_unitary,256,393,0.86248425,0.06354674,1.02071646
circles,random_unitary,256,394,0.86915831,0.02935723,0.9981063
circles,random_unitary,256,395,0.8620651,0.06339756,0.99607058
circles,random_unitary,256,396,0.8687379,0.00512734,1.00200429
circles,random_unitary,256,397,0.87016639,0.05686106,0.97468489
circles,random_unitary,256,398,0.85866102,0.03028119,1.00757797
circles,random_unitary,256,399,0.87196064,0.05815484,0.98040102
circles,random_unitary,256,400,0.87606565,0.02424915,0.99327926
circles,random_unitary,256,401,0.86005624,0.06104917,0.96275661
circles,random_unitary,256,402,0.86178446,0.04221915,0.98207332
circles,random_unitary,256,403,0.85964544,0.0301187,0.99148258
circles,random_unitary,256,404,0.8701066,0.00943889,1.0066331
circles,random_unitary,256,405,0.87052189,0.05329904,1.02313382
circles,random_unitary,256,406,0.87414117,0.05033351,0.99348908
circles,random_unitary,256,407,0.86949543,0.05034861,0.97952289
circles,random_unitary,256,408,0.86529417,0.00180584,1.01630412
circles,random_unitary,256,409,0.86445685,0.01533286,1.02648638
circles,random_unitary,256,410,0.8799361,0.02820565,0.98765526
circles,random_unitary,256,411,0.87909724,0.0094637,1.00305239
circles,random_unitary,256,412,0.8674659,0.02378475,1.00960364
circles,random_unitary,256,413,0.87298292,0.04791315,1.03018495
circles,random_unitary,256,414,0.87917671,0.00790321,0.96595793
circles,random_unitary,256,415,0.87429709,0.09911244,0.98213221
circles,random_unitary,256,416,0.86777788,0.00068252,1.01991436
circles,random_unitary,256,417,0.8715344,0.0185624,0.97945619
circles,random_unitary,256,418,0.87422948,0.03385171,0.99129341
circles,random_unitary,256,419,0.87575958,0.07392481,1.01404279
circles,random_unitary,256,420,0.86433938,0.04009498,1.01302776
circles,random_unitary,256,421,0.87083217,0.01323652,1.01955994
circles,random_unitary,256,422,0.87191817,0.00662787,0.99734064
circles,random_unitary,256,423,0.87333354,0.09392163,1.0108339
circles,random_unitary,256,424,0.85703799,0.06577832,0.99943799
circles,random_unitary,256,425,0.86172001,0.00501744,1.00590376
circles,random_unitary,256,426,0.88006399,0.03779414,0.9986932
circles,random_unitary,256,427,0.87153866,0.02744057,0.99024127
circles,random_unitary,256,428,0.86444795,0.10387326,1.00415413
circles,random_unitary,256,429,0.87250212,0.04389072,1.01049525
circles,random_unitary,256,430,0.86898939,0.05955251,1.0005721
circles,random_unitary,256,431,0.86911266,0.06169383,1.03233601
circles,random_unitary,256,432,0.87674665,0.04504396,0.99650608
circles,random_unitary,256,433,0.8669946,0.00628883,0.99850396
circles,random_unitary,256,434,0.86655771,0.04317207,0.99493806
circles,random_unitary,256,435,0.86684436,0.04398087,1.00591862
circles,random_unitary,256,436,0.87627376,0.04658639,1.00457426
circles,random_unitary,256,437,0.87055136,0.00651531,1.01852865
circles,random_unitary,256,438,0.86760258,0.02270707,0.9956523
circles,random_unitary,256,439,0.88183299,0.04080854,1.02996929
circles,random_unitary,256,440,0.88200719,0.01340537,0.99521522
circles,random_unitary,256,441,0.86712036,0.04693578,1.01518589
circles,random_unitary,256,442,0.87476813,0.05421571,1.02323002
circles,random_unitary,256,443,0.87222198,0.02380187,1.00479668
circles,random_unitary,256,444,0.87004398,0.0218826,1.01399968
circles,random_unitary,256,445,0.86214594,0.0572335,1.00495497
circles,random_unitary,256,446,0.8774839,0.01605969,1.0383508
circles,random_unitary,256,447,0.86271872,0.0378566,1.02153713
circles,random_unitary,256,448,0.878603,0.02388988,0.9794883
circles,random_unitary,256,449,0.86402025,0.03208134,0.98616348
circles,random_unitary,256,450,0.86361213,0.07276775,0.99139005
circles,random_unitary,256,451,0.87051262,0.03340323,0.97620911
circles,random_unitary,256,452,0.87513065,0.05263381,0.99789365
circles,random_unitary,256,453,0.87094638,0.03300093,1.01630264
circles,random_unitary,256,454,0.85982792,0.0681403,0.99769869
circles,random_unitary,256,455,0.87626123,0.07359226,1.00983659
circles,random_unitary,256,456,0.870157,0.03840828,1.0029821
circles,random_unitary,256,457,0.87331636,0.00987992,0.98782798
circles,random_unitary,256,458,0.86906733,0.01256258,1.00319529
circles,random_unitary,256,459,0.86246035,0.00491842,1.0266752
circles,random_unitary,256,460,0.88029822,0.01737879,1.00405002
circles,random_unitary,256,461,0.87118823,0.0704395,0.98132556
circles,random_unitary,256,462,0.86793973,0.01992525,1.01151692
circles,random_unitary,256,463,0.8609665,0.0544444,1.02612632
circles,random_unitary,256,464,0.87469262,0.03814833,0.97079903
circles,random_unitary,256,465,0.86891861,0.03763471,0.97461734
circles,random_unitary,256,466,0.8788686,0.01855812,1.01561972
circles,random_unitary,256,467,0.88251519,0.01275296,0.99997839
circles,random_unitary,256,468,0.86257465,0.07378152,0.99565261
circles,random_unitary,256,469,0.87591578,0.02195719,1.0327938
circles,random_unitary,256,470,0.87038752,0.01420281,0.99221393
circles,random_unitary,256,471,0.8665165,0.05695491,0.99781858
circles,random_unitary,256,472,0.87370104,0.02127934,0.99692615
circles,random_unitary,256,473,0.86342497,0.0195279,0.96598931
circles,random_unitary,256,474,0.8676832,0.06112466,0.99812514
circles,random_unitary,256,475,0.86773965,0.03704254,0.99705875
circles,random_unitary,256,476,0.86890671,0.00269603,0.99294407
circles,random_unitary,256,477,0.88572995,0.02727337,0.99188017
circles,random_unitary,256,478,0.87099878,0.02404266,0.99465569
circles,random_unitary,256,479,0.87690096,0.03091915,0.98571062
circles,random_unitary,256,480,0.88077023,0.0112993,0.99686845
circles,random_unitary,256,481,0.87578982,0.03001298,0.99969383
circles,random_unitary,256,482,0.86908625,0.07712355,1.00531509
circles,random_unitary,256,483,0.87200793,0.02487852,1.02431283
circles,random_unitary,256,484,0.87656012,0.01724137,1.00103468
circles,random_unitary,256,485,0.87063261,0.01960111,0.98316914
circles,random_unitary,256,486,0.86487881,0.02634494,0.99207819
circles,random_unitary,256,487,0.86862028,0.03542765,0.99191225
circles,random_unitary,256,488,0.86591536,0.03350862,1.01578969
circles,random_unitary,256,489,0.86567945,0.00086434,1.00950207
circles,random_unitary,256,490,0.87030305,0.05425636,1.01870251
circles,random_unitary,256,491,0.87049697,0.02648147,0.98665773
circles,random_unitary,256,492,0.88133918,0.02450232,1.01339673
circles,random_unitary,256,493,0.87410344,0.08251896,0.97869906
circles,random_unitary,256,494,0.87940154,0.01883192,1.01572708
circles,random_unitary,256,495,0.86640146,0.02232391,0.98099014
circles,random_unitary,256,496,0.86630872,0.01714495,0.9759337
circles,random_unitary,256,497,0.86383731,0.03910248,0.98341153
circles,random_unitary,256,498,0.86491035,0.00301124,0.99016135
circles,random_unitary,256,499,0.87366669,0.00032843,0.99035728
circles,random_unitary,256,500,0.86466253,0.1102268,0.99787022
circles,random_unitary,256,501,0.87028541,0.02634823,0.98921008
circles,random_unitary,256,502,0.8683389,0.01739106,0.99638877
circles,random_unitary,256,503,0.88373162,0.02530288,0.98506065
circles,random_unitary,256,504,0.87058416,0.03250461,0.99478339
circles,random_unitary,256,505,0.87410873,0.02630255,1.02421089
circles,random_unitary,256,506,0.87086019,0.00604892,1.01373137
circles,random_unitary,256,507,0.86585721,0.00679108,1.01883599
circles,random_unitary,256,508,0.87091204,0.00749611,1.02202453
circles,random_unitary,256,509,0.87412705,0.01785945,1.00385943
circles,random_unitary,256,510,0.87252524,0.00192869,1.02168993
circles,random_unitary,256,511,0.87158037,0.00430849,0.99121923
circles,random_unitary,256,512,0.87479919,0.09959512,1.0003359
circles,random_unitary,256,513,0.8733583,0.01270684,1.01265249
circles,random_unitary,256,514,0.87318375,0.00628001,0.99305844
circles,random_unitary,256,515,0.86852558,0.07036742,1.02135013
circles,random_unitary,256,516,0.86980987,0.04930695,1.01452935
circles,random_unitary,256,517,0.86499747,0.00688434,1.01594162
circles,random_unitary,256,518,0.87043831,0.01412502,0.98267049
circles,random_unitary,256,519,0.86720951,0.01463136,0.99250966
circles,random_unitary,256,520,0.87695907,0.0733392,1.01166411
circles,random_unitary,256,521,0.86090161,0.00498212,0.9989147
circles,random_unitary,256,522,0.89128547,0.02868208,1.00670593
circles,random_unitary,256,523,0.86094964,0.03178747,0.99260357
circles,random_unitary,256,524,0.87393194,0.00018075,1.01921547
circles,random_unitary,256,525,0.85959662,0.03562867,1.02028921
circles,random_unitary,256,526,0.8632898,0.0297795,1.01765791
circles,random_unitary,256,527,0.87225942,0.07037875,0.99058745
circles,random_unitary,256,528,0.86410009,0.0208163,0.98230766
circles,random_unitary,256,529,0.8620092,0.06069675,0.9899084
circles,random_unitary,256,530,0.86613879,0.03912305,0.9993115
circles,random_unitary,256,531,0.87370889,0.04191958,1.00692243
circles,random_unitary,256,532,0.86199477,0.06412578,0.97688482
circles,random_unitary,256,533,0.86480023,0.08124127,0.99489993
circles,random_unitary,256,534,0.86880731,0.02943525,1.00676529
circles,random_unitary,256,535,0.86808369,0.03666228,1.04005134
circles,random_unitary,256,536,0.86729567,0.01284721,1.04088927
circles,random_unitary,256,537,0.87631257,0.07097803,0.96581686
circles,random_unitary,256,538,0.8648484,0.0310529,1.00313934
circles,random_unitary,256,539,0.87120869,0.00540968,1.01250683
circles,random_unitary,256,540,0.87976341,0.000988,0.99295357
circles,random_unitary,256,541,0.87940615,0.06646376,0.97409281
circles,random_unitary,256,542,0.87422528,0.07380832,0.99386212
circles,random_unitary,256,543,0.85804157,0.05119418,1.00458307
circles,random_unitary,256,544,0.869001,0.02434023,1.00308579
circles,random_unitary,256,545,0.86896784,0.02467545,0.98131831
circles,random_unitary,256,546,0.8646801,0.00486416,0.97457501
circles,random_unitary,256,547,0.87302311,0.00106873,1.00489196
circles,random_unitary,256,548,0.86066894,0.07095988,0.98033774
circles,random_unitary,256,549,0.86149418,0.02313425,0.98648665
circles,random_unitary,256,550,0.8658802,0.09542664,0.99920145
circles,random_unitary,256,551,0.87629216,0.01516363,0.99845219
circles,random_unitary,256,552,0.86842693,0.00559209,0.9869043
circles,random_unitary,256,553,0.86774344,0.00831067,1.00978725
circles,random_unitary,256,554,0.86841358,0.05743648,0.98768552
circles,random_unitary,256,555,0.87136455,0.00224217,1.00736515
circles,random_unitary,256,556,0.87349047,0.03317199,1.0038591
circles,random_unitary,256,557,0.86402712,0.01847049,0.99755403
circles,random_unitary,256,558,0.86550551,0.01009703,1.01276182
circles,random_unitary,256,559,0.87873957,0.0274979,0.99602454
circles,random_unitary,256,560,0.87863063,0.00872037,0.99815593
circles,random_unitary,256,561,0.88123419,0.01792908,1.0090418
circles,random_unitary,256,562,0.87509278,0.00420695,1.01704279
circles,random_unitary,256,563,0.87613321,0.06162688,1.02191776
circles,random_unitary,256,564,0.87839626,0.02733336,0.99159681
circles,random_unitary,256,565,0.85991453,0.00934739,0.985203
circles,random_unitary,256,566,0.87596548,0.08876679,0.98230801
circles,random_unitary,256,567,0.86809038,0.01863564,1.00750028
circles,random_unitary,256,568,0.87195259,0.05666002,0.98120646
circles,random_unitary,256,569,0.87414803,0.01310199,1.01131792
circles,random_unitary,256,570,0.87157424,0.01358968,1.0000303
circles,random_unitary,256,571,0.86789034,0.04985846,0.96248214
circles,random_unitary,256,572,0.86645099,0.02082328,0.97251769
circles,random_unitary,256,573,0.87542683,0.06892401,0.99181179
circles,random_unitary,256,574,0.86687414,0.11713564,1.00283507
circles,random_unitary,256,575,0.85692293,0.02719218,0.99477819
circles,random_unitary,256,576,0.86617346,0.00993459,1.01551522
circles,random_unitary,256,577,0.87704834,0.03663204,1.02436083
circles,random_unitary,256,578,0.87340948,0.03823553,1.01383764
circles,random_unitary,256,579,0.87144179,0.0599143,0.97711549
circles,random_unitary,256,580,0.87209809,0.01625417,0.99857173
circles,random_unitary,256,581,0.86421825,0.03384011,1.00511662
circles,random_unitary,256,582,0.87533702,0.06227486,0.98263477
circles,random_unitary,256,583,0.86755918,0.00212105,1.00683652
circles,random_unitary,256,584,0.87384377,0.04174781,0.99990754
circles,random_unitary,256,585,0.87624322,0.04343609,0.98527063
circles,random_unitary,256,586,0.86836075,0.03304477,1.00740444
circles,random_unitary,256,587,0.87905795,0.00644616,1.00099833
circles,random_unitary,256,588,0.87551601,0.01149769,1.02615099
circles,random_unitary,256,589,0.87102522,0.02724677,1.00178373
circles,random_unitary,256,590,0.87229974,0.02783832,1.02001145
circles,random_unitary,256,591,0.86614773,0.00158154,1.02407751
circles,random_unitary,256,592,0.87423269,0.0624052,1.001378
circles,random_unitary,256,593,0.87848853,0.04907136,0.9884389
circles,random_unitary,256,594,0.87649423,0.02341735,0.97680763
circles,random_unitary,256,595,0.8672187,0.05076078,0.9724515
circles,random_unitary,256,596,0.87272469,0.02887469,0.9880219
circles,random_unitary,256,597,0.87590313,0.02003098,1.00528749
circles,random_unitary,256,598,0.87328467,0.01596362,1.03057779
circles,random_unitary,256,599,0.87015401,0.03926357,0.98502288
circles,random_unitary,256,600,0.86585159,0.0386858,0.99404053
circles,random_unitary,256,601,0.87051765,0.01736648,0.99733
circles,random_unitary,256,602,0.87382184,0.08020374,1.00160856
circles,random_unitary,256,603,0.87898323,0.069719,0.97747958
circles,random_unitary,256,604,0.86716057,0.03089135,1.00501607
circles,random_unitary,256,605,0.87453063,0.01259849,1.0179256
circles,random_unitary,256,606,0.86771457,0.00871557,1.00318833
circles,random_unitary,256,607,0.87231548,0.02704001,1.01016858
circles,random_unitary,256,608,0.87561939,0.05316718,0.98036665
circles,random_unitary,256,609,0.87154373,0.03172959,0.98191825
circles,random_unitary,256,610,0.8734962,0.0368936,0.96380221
circles,random_unitary,256,611,0.8679783,0.06977495,1.00245421
circles,random_unitary,256,612,0.86974535,0.02363183,1.00555327
circles,random_unitary,256,613,0.87444108,0.07087893,1.00586047
circles,random_unitary,256,614,0.88244639,0.03648575,1.00682722
circles,random_unitary,256,615,0.87173343,0.01293778,1.01391647
circles,random_unitary,256,616,0.86837934,0.00614538,1.00037391
circles,random_unitary,256,617,0.87633234,0.0199239,1.01052374
circles,random_unitary,256,618,0.86591544,0.00383483,1.01143465
circles,random_unitary,256,619,0.88811786,0.01959441,0.99251505
circles,random_unitary,256,620,0.8608656,0.00463217,0.99856504
circles,random_unitary,256,621,0.87393414,0.03246193,1.00289543
circles,random_unitary,256,622,0.87693624,0.01547394,1.0075835
circles,random_unitary,256,623,0.86634425,0.04151971,1.01160487
circles,random_unitary,256,624,0.87439981,0.06004889,1.00661773
circles,random_unitary,256,625,0.86794893,0.01294899,0.98179737
circles,random_unitary,256,626,0.85951261,0.01735834,1.00513899
circles,random_unitary,256,627,0.87630218,0.07178332,1.02453765
circles,random_unitary,256,628,0.88272052,0.0035462,0.99401661
circles,random_unitary,256,629,0.86572842,0.01671503,1.03052044
circles,random_unitary,256,630,0.86211352,0.03749375,0.99530998
circles,random_unitary,256,631,0.87708908,0.07605225,0.99471131
circles,random_unitary,256,632,0.85782049,0.07957385,0.99809356
circles,random_unitary,256,633,0.86808625,0.01677337,1.01412398
circles,random_unitary,256,634,0.87275938,0.04783607,1.023154
circles,random_unitary,256,635,0.87198348,0.01154652,1.01689409
circles,random_unitary,256,636,0.86943799,0.04481492,1.01393477
circles,random_unitary,256,637,0.87557033,0.00603147,0.99301549
circles,random_unitary,256,638,0.87792098,0.01615591,1.02214993
circles,random_unitary,256,639,0.86540194,0.04830598,0.99323372
circles,random_unitary,256,640,0.87249271,0.05137975,1.02309596
circles,random_unitary,256,641,0.86064413,0.07393279,1.02563431
circles,random_unitary,256,642,0.86630007,0.04467654,0.98129184
circles,random_unitary,256,643,0.87210881,0.04273544,1.0118109
circles,random_unitary,256,644,0.86200493,0.03661733,0.99429599
circles,random_unitary,256,645,0.87361146,0.02057271,0.98695622
circles,random_unitary,256,646,0.87176325,0.01791585,1.00121288
circles,random_unitary,256,647,0.87146851,0.01290842,0.9796902
circles,random_unitary,256,648,0.87145685,0.10165059,0.98893464
circles,random_unitary,256,649,0.86877391,0.0579948,1.00073374
circles,random_unitary,256,650,0.87610517,0.08843349,0.97125903
circles,random_unitary,256,651,0.87156328,0.02760985,1.02359788
circles,random_unitary,256,652,0.8711868,0.01150644,0.99199515
circles,random_unitary,256,653,0.867227,0.04552435,1.01723584
circles,random_unitary,256,654,0.86804522,0.0713585,0.9877634
circles,random_unitary,256,655,0.8754111,0.06666714,1.00201264
circles,random_unitary,256,656,0.87635077,0.0573308,0.97965295
circles,random_unitary,256,657,0.86878266,0.01265744,1.01379729
circles,random_unitary,256,658,0.85880021,0.02870765,0.98527155
circles,random_unitary,256,659,0.86696645,0.01416908,0.9740741
circles,random_unitary,256,660,0.86204119,0.09303148,0.98507801
circles,random_unitary,256,661,0.87650342,0.03228029,0.98755673
circles,random_unitary,256,662,0.86547192,0.05994865,0.99467834
circles,random_unitary,256,663,0.87465766,0.00662466,0.98855876
circles,random_unitary,256,664,0.87618584,0.07297601,0.97709128
circles,random_unitary,256,665,0.875755,0.05757801,0.99439538
circles,random_unitary,256,666,0.8769061,0.07920578,0.9746987
circles,random_unitary,256,667,0.87350617,0.02588955,0.98969273
circles,random_unitary,256,668,0.86756815,0.02002972,1.00742668
circles,random_unitary,256,669,0.87873567,0.01918759,1.03396978
circles,random_unitary,256,670,0.86889964,0.12361462,1.00620589
circles,random_unitary,256,671,0.85487395,0.01670897,0.99929461
circles,random_unitary,256,672,0.86567233,0.05554767,0.99383371
circles,random_unitary,256,673,0.86672852,0.01530992,1.01916741
circles,random_unitary,256,674,0.87296071,0.04598759,0.99209322
circles,random_unitary,256,675,0.86740055,0.06090887,1.00268328
circles,random_unitary,256,676,0.87133044,0.00129799,1.01589795
circles,random_unitary,256,677,0.87384484,0.04498818,1.01932652
circles,random_unitary,256,678,0.87021156,0.078321,0.97719045
circles,random_unitary,256,679,0.86251275,0.02106645,0.98388299
circles,random_unitary,256,680,0.86816817,0.09635423,0.98788612
circles,random_unitary,256,681,0.86919574,0.11243877,1.0031974
circles,random_unitary,256,682,0.86716428,0.02908706,1.00618852
circles,random_unitary,256,683,0.86833516,0.00506412,0.99338813
circles,random_unitary,256,684,0.87005802,0.07063002,0.99383894
circles,random_unitary,256,685,0.86636552,0.0434867,1.00851853
circles,random_unitary,256,686,0.87782131,0.07564555,1.003495
circles,random_unitary,256,687,0.86820135,0.00948952,1.00718375
circles,random_unitary,256,688,0.86981179,0.05944859,1.024376
circles,random_unitary,256,689,0.87095982,0.01855461,0.9879356
circles,random_unitary,256,690,0.87028249,0.01837441,0.98568405
circles,random_unitary,256,691,0.87668975,0.04719327,0.99350954
circles,random_unitary,256,692,0.87744731,0.03168256,0.99521331
circles,random_unitary,256,693,0.86828038,0.03757495,1.01011772
circles,random_unitary,256,694,0.86079374,0.01262396,1.00922499
circles,random_unitary,256,695,0.8619785,0.07409363,1.04493373
circles,random_unitary,256,696,0.8816196,0.09927367,1.00629496
circles,random_unitary,256,697,0.87401959,0.01043141,0.98298226
circles,random_unitary,256,698,0.87457549,0.11097778,1.01382877
circles,random_unitary,256,699,0.87951906,0.00207561,1.02329914
circles,random_unitary,256,700,0.86971147,0.03457211,0.98552132
circles,random_unitary,256,701,0.87185108,0.01942539,1.00456715
circles,random_unitary,256,702,0.87148906,0.00851575,0.99850736
circles,random_unitary,256,703,0.87232336,0.02359969,1.02007228
circles,random_unitary,256,704,0.86875818,0.00949448,0.9828701
circles,random_unitary,256,705,0.86812336,0.08860649,1.00611411
circles,random_unitary,256,706,0.8740862,0.04104382,1.00694559
circles,random_unitary,256,707,0.87324864,0.11109363,1.01482231
circles,random_unitary,256,708,0.87434916,0.14167891,0.98613837
circles,random_unitary,256,709,0.86258148,0.04565669,0.98569916
circles,random_unitary,256,710,0.87403068,0.09319896,1.00140953
circles,random_unitary,256,711,0.8819637,0.03574397,0.99938242
circles,random_unitary,256,712,0.86961033,0.05375094,1.01313131
circles,random_unitary,256,713,0.88113626,0.01909991,0.97815706
circles,random_unitary,256,714,0.86594033,0.05976127,0.99824327
circles,random_unitary,256,715,0.88254003,0.07801999,1.01062407
circles,random_unitary,256,716,0.85954316,0.03129554,0.97924449
circles,random_unitary,256,717,0.87585886,0.05899938,0.98281845
circles,random_unitary,256,718,0.86319447,0.07208195,0.99585757
circles,random_unitary,256,719,0.87649367,0.0415479,0.99386741
circles,random_unitary,256,720,0.87752715,0.0131654,1.02077439
circles,random_unitary,256,721,0.87020638,0.02608255,1.0086326
circles,random_unitary,256,722,0.87947275,0.02200466,1.01452398
circles,random_unitary,256,723,0.87117127,0.0030136,1.01286495
circles,random_unitary,256,724,0.87428072,0.05854383,0.98442265
circles,random_unitary,256,725,0.8752453,0.05705575,0.99206473
circles,random_unitary,256,726,0.86149417,0.05050795,1.00400954
circles,random_unitary,256,727,0.8753319,0.04740731,1.0002572
circles,random_unitary,256,728,0.87325674,0.05349314,0.99139648
circles,random_unitary,256,729,0.86545336,0.04704543,1.01306453
circles,random_unitary,256,730,0.86701101,0.03839399,1.02364434
circles,random_unitary,256,731,0.88092359,0.01281347,1.01330789
circles,random_unitary,256,732,0.86672338,0.03043451,0.97955476
circles,random_unitary,256,733,0.87518337,0.01523156,1.01222736
circles,random_unitary,256,734,0.87702189,0.04976808,1.02521079
circles,random_unitary,256,735,0.87276472,0.00085594,0.99257235
circles,random_unitary,256,736,0.8710389,0.02714336,0.9737483
circles,random_unitary,256,737,0.87870911,0.04998043,0.99488641
circles,random_unitary,256,738,0.86792635,0.04195376,1.01428715
circles,random_unitary,256,739,0.86982858,0.07356403,1.01700474
circles,random_unitary,256,740,0.85270327,0.0458376,1.00880907
circles,random_unitary,256,741,0.86706277,0.01153507,1.02485168
circles,random_unitary,256,742,0.87642114,0.07547575,0.99409553
circles,random_unitary,256,743,0.87230411,0.03314714,1.01090522
circles,random_unitary,256,744,0.8719692,0.02712683,1.01846619
circles,random_unitary,256,745,0.86366576,0.04579162,0.99637105
circles,random_unitary,256,746,0.8710812,0.04710219,0.99587819
circles,random_unitary,256,747,0.87413163,0.06259933,1.00505184
circles,random_unitary,256,748,0.86074168,0.06659262,1.0132856
circles,random_unitary,256,749,0.87730063,0.01420203,1.02322203
circles,random_unitary,256,750,0.86521436,0.02532603,1.00026807
circles,random_unitary,256,751,0.87212948,0.01257128,1.00851663
circles,random_unitary,256,752,0.87024705,0.02768133,0.96513839
circles,random_unitary,256,753,0.87515561,0.07366789,0.99965588
circles,random_unitary,256,754,0.87464689,0.01430999,0.986593
circles,random_unitary,256,755,0.86942031,0.0055625,1.00208276
circles,random_unitary,256,756,0.86873332,0.02831299,0.95781595
circles,random_unitary,256,757,0.86910716,0.05747169,1.00798184
circles,random_unitary,256,758,0.88816735,0.09138927,1.0023895
circles,random_unitary,256,759,0.86821988,0.11384144,0.96564948
circles,random_unitary,256,760,0.8706743,0.02024908,1.02131604
circles,random_unitary,256,761,0.87005862,0.05912035,1.0014384
circles,random_unitary,256,762,0.87068759,0.02837657,0.98820888
circles,random_unitary,256,763,0.86774725,0.09108372,1.01623898
circles,random_unitary,256,764,0.87554591,0.00655643,0.9859783
circles,random_unitary,256,765,0.88007609,0.02104135,1.02610851
circles,random_unitary,256,766,0.86884067,0.01285359,1.01037842
circles,random_unitary,256,767,0.87371572,0.02837021,1.01804263
circles,random_unitary,256,768,0.86264064,0.00622454,0.99276779
circles,random_unitary,256,769,0.88173285,0.06107088,1.00549035
circles,random_unitary,256,770,0.86397843,0.04412319,1.00873207
circles,random_unitary,256,771,0.87037972,0.0649155,1.0193664
circles,random_unitary,256,772,0.86575252,0.03464092,0.99818026
circles,random_unitary,256,773,0.87006475,0.02867316,0.97577438
circles,random_unitary,256,774,0.86743701,0.09591259,1.01281675
circles,random_unitary,256,775,0.8664614,0.0259637,0.98660178
circles,random_unitary,256,776,0.8744172,0.08834134,0.99364625
circles,random_unitary,256,777,0.87668557,0.00121413,1.01230007
circles,random_unitary,256,778,0.87002416,0.06024948,0.99676581
circles,random_unitary,256,779,0.88139721,0.09452962,1.0003076
circles,random_unitary,256,780,0.88054301,0.03581541,1.00648141
circles,random_unitary,256,781,0.86771429,0.01233771,1.00459264
circles,random_unitary,256,782,0.86489716,0.00236039,0.9705551
circles,random_unitary,256,783,0.87030062,0.06480577,1.01691058
circles,random_unitary,256,784,0.86785678,0.00387754,1.00120153
circles,random_unitary,256,785,0.85812342,0.09194275,1.01140663
circles,random_unitary,256,786,0.8649168,0.0009229,1.01358416
circles,random_unitary,256,787,0.8697541,0.02402313,0.97314548
circles,random_unitary,256,788,0.86845824,0.03033167,0.96529085
circles,random_unitary,256,789,0.87210209,0.02052637,1.00086041
circles,random_unitary,256,790,0.87067436,0.01179948,0.97578061
circles,random_unitary,256,791,0.87079269,0.01951778,0.99125091
circles,random_unitary,256,792,0.87754418,0.05210713,0.98445171
circles,random_unitary,256,793,0.88396235,0.0597615,0.99253684
circles,random_unitary,256,794,0.871469,0.05612926,1.00734747
circles,random_unitary,256,795,0.86341366,0.01492886,0.98881567
circles,random_unitary,256,796,0.86777131,0.0056641,0.99811081
circles,random_unitary,256,797,0.8711592,0.02216181,1.00988049
circles,random_unitary,256,798,0.87131008,0.04051951,0.9748557
circles,random_unitary,256,799,0.86658063,0.0773957,0.99666373
circles,random_unitary,256,800,0.87473901,0.01765724,0.99588142
circles,random_unitary,256,801,0.86651464,0.01131485,0.99465177
circles,random_unitary,256,802,0.8597942,0.01502353,0.99019074
circles,random_unitary,256,803,0.87053253,0.00212663,0.99030688
circles,random_unitary,256,804,0.88133601,0.05234903,1.0024585
circles,random_unitary,256,805,0.87642562,0.01286295,0.94841724
circles,random_unitary,256,806,0.87175904,0.0822515,0.97842386
circles,random_unitary,256,807,0.86501325,0.12516535,0.99709277
circles,random_unitary,256,808,0.87002445,0.05954722,1.00456873
circles,random_unitary,256,809,0.8722309,0.02786076,1.00061984
circles,random_unitary,256,810,0.87253612,0.02789701,1.00908881
circles,random_unitary,256,811,0.87654013,0.04768979,0.99019038
circles,random_unitary,256,812,0.85667601,0.01532622,1.01035767
circles,random_unitary,256,813,0.86535855,0.02851737,0.99724269
circles,random_unitary,256,814,0.87136373,0.04485928,1.03816006
circles,random_unitary,256,815,0.8772099,0.01559424,1.0045539
circles,random_unitary,256,816,0.87970832,0.10087275,1.01701867
circles,random_unitary,256,817,0.86803486,0.03547753,0.98108385
circles,random_unitary,256,818,0.86457015,0.08002802,0.99076845
circles,random_unitary,256,819,0.86877473,0.08426693,0.97505663
circles,random_unitary,256,820,0.85803687,0.01063633,0.98324068
circles,random_unitary,256,821,0.86889602,0.00990448,0.99396841
circles,random_unitary,256,822,0.87266148,0.06572414,1.02200944
circles,random_unitary,256,823,0.87542643,0.04607839,0.9937828
circles,random_unitary,256,824,0.86548932,0.05015802,0.99078368
circles,random_unitary,256,825,0.86705029,0.01336672,1.00113887
circles,random_unitary,256,826,0.86168147,0.04694245,0.99767513
circles,random_unitary,256,827,0.87080603,0.01320329,1.03212869
circles,random_unitary,256,828,0.86853433,0.05301836,1.01857114
circles,random_unitary,256,829,0.86697464,0.09869833,0.9670752
circles,random_unitary,256,830,0.87506509,0.08530695,1.01023504
circles,random_unitary,256,831,0.86685324,0.03844474,0.99187435
circles,random_unitary,256,832,0.86887284,0.01797739,0.99075522
circles,random_unitary,256,833,0.86479331,0.06800608,1.00092066
circles,random_unitary,256,834,0.87389141,0.05167496,0.98537168
circles,random_unitary,256,835,0.86751872,0.06322577,0.99977032
circles,random_unitary,256,836,0.87166684,0.02037792,0.99275185
circles,random_unitary,256,837,0.87130319,0.06629955,0.97534315
circles,random_unitary,256,838,0.87612638,0.00934445,1.02657452
circles,random_unitary,256,839,0.87537353,0.02270127,0.98681263
circles,random_unitary,256,840,0.86393018,0.00205388,1.00864407
circles,random_unitary,256,841,0.87523524,0.0645739,0.98984192
circles,random_unitary,256,842,0.86861437,0.05009834,1.0146744
circles,random_unitary,256,843,0.88013541,0.02357772,0.97815613
circles,random_unitary,256,844,0.86972888,0.02324732,1.00802759
circles,random_unitary,256,845,0.86736635,0.00989614,1.0190942
circles,random_unitary,256,846,0.87781432,0.02848458,0.97306096
circles,random_unitary,256,847,0.87180959,0.09788984,0.99814365
circles,random_unitary,256,848,0.87758288,0.02101,0.9823623
circles,random_unitary,256,849,0.87885051,0.06539778,1.00309595
circles,random_unitary,256,850,0.87546799,0.03584464,1.01706958
circles,random_unitary,256,851,0.87404523,0.02311437,0.99743731
circles,random_unitary,256,852,0.87648494,0.02570095,1.01664434
circles,random_unitary,256,853,0.87240838,0.02795966,1.03412958
circles,random_unitary,256,854,0.87596092,0.07283505,1.01421524
circles,random_unitary,256,855,0.87771011,0.0309288,1.02333383
circles,random_unitary,256,856,0.8852697,0.01183165,0.97680315
circles,random_unitary,256,857,0.87027917,0.04464064,1.00623809
circles,random_unitary,256,858,0.87089641,0.02531019,1.00439004
circles,random_unitary,256,859,0.86482569,0.02251566,1.00222507
circles,random_unitary,256,860,0.86892192,0.03578066,0.9886671
circles,random_unitary,256,861,0.86429863,0.05114802,0.99893019
circles,random_unitary,256,862,0.86912343,0.02681566,0.98990474
circles,random_unitary,256,863,0.86673587,1.042e-05,1.01240554
circles,random_unitary,256,864,0.87119474,0.14993578,0.98988584
circles,random_unitary,256,865,0.86295722,0.04005251,0.99883023
circles,random_unitary,256,866,0.8729904,0.0830974,1.00691016
circles,random_unitary,256,867,0.87591082,0.08501592,1.01492597
circles,random_unitary,256,868,0.87727664,0.0813194,0.9911544
circles,random_unitary,256,869,0.87745926,0.00728535,1.00048869
circles,random_unitary,256,870,0.87069796,0.03369491,0.98225488
circles,random_unitary,256,871,0.87226311,0.03558782,1.00142325
circles,random_unitary,256,872,0.87451744,0.02655011,0.98414913
circles,random_unitary,256,873,0.87761481,0.0597259,1.02068234
circles,random_unitary,256,874,0.87274513,0.02988576,1.04314684
circles,random_unitary,256,875,0.8735068,0.08489207,0.98442367
circles,random_unitary,256,876,0.87743483,0.02035297,1.01382636
circles,random_unitary,256,877,0.86905786,0.02983945,1.00937304
circles,random_unitary,256,878,0.87746809,0.03537948,0.98745604
circles,random_unitary,256,879,0.87129952,0.03683152,1.01558917
circles,random_unitary,256,880,0.86578128,0.04468439,0.98570206
circles,random_unitary,256,881,0.87951047,0.07932499,0.98438006
circles,random_unitary,256,882,0.86181412,0.05478947,1.00750509
circles,random_unitary,256,883,0.85903983,0.0199914,0.989283
circles,random_unitary,256,884,0.87194504,0.04615581,0.99755786
circles,random_unitary,256,885,0.86808514,0.05280536,1.03312391
circles,random_unitary,256,886,0.8760695,0.08702552,1.00193214
circles,random_unitary,256,887,0.87194776,0.02047482,0.99069753
circles,random_unitary,256,888,0.87332696,0.05006496,1.02309068
circles,random_unitary,256,889,0.87500473,0.02330311,1.0093893
circles,random_unitary,256,890,0.88108437,0.025378,1.01149642
circles,random_unitary,256,891,0.87044966,0.00801878,0.9871507
circles,random_unitary,256,892,0.87606989,0.04761352,1.00100588
circles,random_unitary,256,893,0.87208114,0.03046604,1.03424215
circles,random_unitary,256,894,0.86495493,0.00951322,1.01037543
circles,random_unitary,256,895,0.85709975,0.01520366,0.99355496
circles,random_unitary,256,896,0.86837713,0.00550352,1.00522079
circles,random_unitary,256,897,0.87077293,0.03640394,0.99535821
circles,random_unitary,256,898,0.87906227,0.01977835,1.02849601
circles,random_unitary,256,899,0.86254737,0.04004751,1.01613611
circles,random_unitary,256,900,0.86753295,0.11665095,0.99491911
circles,random_unitary,256,901,0.86617475,0.0326724,1.00382364
circles,random_unitary,256,902,0.87260937,0.00558493,1.00637672
circles,random_unitary,256,903,0.88560135,0.01578678,0.99443204
circles,random_unitary,256,904,0.86178155,0.10905239,1.01996568
circles,random_unitary,256,905,0.86865677,0.0247872,0.98210823
circles,random_unitary,256,906,0.86564336,0.06356916,0.99490022
circles,random_unitary,256,907,0.86503715,0.03643997,1.00878557
circles,random_unitary,256,908,0.87075189,0.05571093,1.02684693
circles,random_unitary,256,909,0.8781092,0.04143511,1.02313644
circles,random_unitary,256,910,0.86078086,0.02452837,1.01686145
circles,random_unitary,256,911,0.87325148,0.01124995,0.99474461
circles,random_unitary,256,912,0.87856135,0.0413414,0.99219319
circles,random_unitary,256,913,0.87071343,0.0001401,0.99356879
circles,random_unitary,256,914,0.87441037,0.0250348,1.01153732
circles,random_unitary,256,915,0.87144128,0.02374678,0.99132909
circles,random_unitary,256,916,0.86629577,0.09001568,1.00500897
circles,random_unitary,256,917,0.87054261,0.04095354,1.01001575
circles,random_unitary,256,918,0.86740011,0.01408873,0.99216151
circles,random_unitary,256,919,0.87331104,0.0242334,0.98335307
circles,random_unitary,256,920,0.86850584,0.00184232,1.00472566
circles,random_unitary,256,921,0.87110121,0.00338869,0.99973335
circles,random_unitary,256,922,0.87904166,0.03103662,0.9932023
circles,random_unitary,256,923,0.87368648,0.00389748,0.98121562
circles,random_unitary,256,924,0.87518546,0.04053041,0.9904514
circles,random_unitary,256,925,0.87653083,0.03650601,1.00825606
circles,random_unitary,256,926,0.87036432,0.05223887,1.01187707
circles,random_unitary,256,927,0.88277111,0.00358853,1.02139484
circles,random_unitary,256,928,0.87566036,0.03311958,0.98952223
circles,random_unitary,256,929,0.8708283,0.04587284,1.00270835
circles,random_unitary,256,930,0.87691088,0.09024377,1.01608655
circles,random_unitary,256,931,0.86429631,0.04568861,0.97126921
circles,random_unitary,256,932,0.86232232,0.00852112,1.00325081
circles,random_unitary,256,933,0.87259257,0.01363811,1.00412205
circles,random_unitary,256,934,0.86359516,0.02300526,1.00328968
circles,random_unitary,256,935,0.86818363,0.01762874,1.00816471
circles,random_unitary,256,936,0.87239228,0.01997879,1.01042555
circles,random_unitary,256,937,0.87816452,0.064979,1.02361072
circles,random_unitary,256,938,0.86495976,0.05876153,1.02049995
circles,random_unitary,256,939,0.87335881,0.01848625,1.01394111
circles,random_unitary,256,940,0.86711548,0.006042,1.02314887
circles,random_unitary,256,941,0.87166196,0.00672358,0.97593083
circles,random_unitary,256,942,0.86200989,0.04349284,1.00568252
circles,random_unitary,256,943,0.88432822,0.00902147,1.00938257
circles,random_unitary,256,944,0.87819182,0.00079454,1.01767822
circles,random_unitary,256,945,0.86611042,0.01737735,1.01437557
circles,random_unitary,256,946,0.86714555,0.02103578,0.98964666
circles,random_unitary,256,947,0.87251196,0.03938713,1.00497378
circles,random_unitary,256,948,0.86646453,0.01888138,0.97692381
circles,random_unitary,256,949,0.87269585,0.14507531,0.99472565
circles,random_unitary,256,950,0.8682318,0.06737365,1.0094667
circles,random_unitary,256,951,0.87338254,0.06124092,0.99171811
circles,random_unitary,256,952,0.87192428,0.05607021,0.9981006
circles,random_unitary,256,953,0.86662055,0.0514072,1.00397148
circles,random_unitary,256,954,0.87486214,0.02197748,0.97709318
circles,random_unitary,256,955,0.86033777,0.0463147,0.97999389
circles,random_unitary,256,956,0.86913851,0.0234794,1.00769034
circles,random_unitary,256,957,0.87049222,0.03499544,0.97177498
circles,random_unitary,256,958,0.8749404,0.0070604,0.99028466
circles,random_unitary,256,959,0.87112939,0.01225072,0.97786737
circles,random_unitary,256,960,0.86312558,0.03035239,0.99692879
circles,random_unitary,256,961,0.87234412,0.01502843,0.99893892
circles,random_unitary,256,962,0.86900125,0.02048088,1.00862892
circles,random_unitary,256,963,0.87579996,0.04203415,1.0186366
circles,random_unitary,256,964,0.86435712,0.00890719,1.01861507
circles,random_unitary,256,965,0.86717519,0.01121035,1.0204055
circles,random_unitary,256,966,0.87168882,0.00821919,1.0258395
circles,random_unitary,256,967,0.86552302,0.08195789,0.99866404
circles,random_unitary,256,968,0.86619827,0.0661602,1.01757345
circles,random_unitary,256,969,0.86865911,0.03410148,0.98073559
circles,random_unitary,256,970,0.87704792,0.0166328,0.9772685
circles,random_unitary,256,971,0.88240668,0.01773543,0.9985665
circles,random_unitary,256,972,0.86930634,0.01146938,1.00158603
circles,random_unitary,256,973,0.86021809,0.06437801,1.00849087
circles,random_unitary,256,974,0.86917122,0.05463236,1.00819985
circles,random_unitary,256,975,0.87172898,0.02169378,1.02703907
circles,random_unitary,256,976,0.86572071,0.11574936,0.98544477
circles,random_unitary,256,977,0.86472911,0.03953662,1.01101044
circles,random_unitary,256,978,0.87265005,0.03294996,0.98502383
circles,random_unitary,256,979,0.87601517,0.02143921,0.97614834
circles,random_unitary,256,980,0.86443937,0.13199301,1.0077035
circles,random_unitary,256,981,0.86864141,0.0324269,0.98526035
circles,random_unitary,256,982,0.86771753,0.07380748,0.99881596
circles,random_unitary,256,983,0.8669921,0.06101227,1.0084606
circles,random_unitary,256,984,0.87182091,0.02138216,1.00418501
circles,random_unitary,256,985,0.88155863,0.06405686,1.00873716
circles,random_unitary,256,986,0.86784415,0.0633722,1.00628616
circles,random_unitary,256,987,0.87634346,0.00279348,0.97787359
circles,random_unitary,256,988,0.85761218,0.0596656,1.03096433
circles,random_unitary,256,989,0.87984932,0.02553303,1.00805941
circles,random_unitary,256,990,0.87476318,0.10171922,0.97516827
circles,random_unitary,256,991,0.88011438,0.01243373,1.01237628
circles,random_unitary,256,992,0.87663293,0.03973973,1.0018806
circles,random_unitary,256,993,0.88061374,0.02652172,1.01469339
circles,random_unitary,256,994,0.86490542,0.01376051,1.00685541
circles,random_unitary,256,995,0.8693604,0.0035067,0.96705338
circles,random_unitary,256,996,0.87016991,0.031777,1.00226485
circles,random_unitary,256,997,0.86611314,0.03275362,1.03737014
circles,random_unitary,256,998,0.882915,0.05245473,0.98262859
circles,random_unitary,256,999,0.86445706,0.03289966,1.01337064
circles,random_unitary,512,0,0.86788275,0.09614652,1.02620653
circles,random_unitary,512,1,0.87746087,0.07882718,0.99175097
circles,random_unitary,512,2,0.87515533,0.07456059,1.01004492
circles,random_unitary,512,3,0.87068187,0.01783206,0.98540823
circles,random_unitary,512,4,0.87714792,0.04845147,0.99598351
circles,random_unitary,512,5,0.87484845,0.08203229,0.99538118
circles,random_unitary,512,6,0.85933265,0.00436684,0.99571575
circles,random_unitary,512,7,0.85964169,0.02716813,0.98188673
circles,random_unitary,512,8,0.87303731,0.06209161,1.00377573
circles,random_unitary,512,9,0.88003128,0.09177185,0.9920941
circles,random_unitary,512,10,0.87008254,0.0352443,1.00795066
circles,random_unitary,512,11,0.87388968,0.01520327,1.01612812
circles,random_unitary,512,12,0.86891504,0.02015372,0.98725317
circles,random_unitary,512,13,0.87588624,0.05698521,1.00918212
circles,random_unitary,512,14,0.88332401,0.03213001,1.01842686
circles,random_unitary,512,15,0.86827205,0.00255932,1.00747958
circles,random_unitary,512,16,0.87223017,0.0340427,0.98558633
circles,random_unitary,512,17,0.87401785,0.01547849,0.98530618
circles,random_unitary,512,18,0.86920436,0.0123282,0.98123032
circles,random_unitary,512,19,0.87253166,0.02496338,0.99675455
circles,random_unitary,512,20,0.88046244,0.0519666,1.03614833
circles,random_unitary,512,21,0.87257202,0.06264592,1.01938749
circles,random_unitary,512,22,0.86586305,0.00330511,1.03037913
circles,random_unitary,512,23,0.88006676,0.01010124,0.99276788
circles,random_unitary,512,24,0.88331056,0.01139233,1.01335695
circles,random_unitary,512,25,0.87006568,0.0235482,1.00928004
circles,random_unitary,512,26,0.8706095,0.06632102,0.99390682
circles,random_unitary,512,27,0.86965641,0.0170499,0.98720858
circles,random_unitary,512,28,0.86981434,0.0448685,0.97754055
circles,random_unitary,512,29,0.85722729,0.05931863,1.00474183
circles,random_unitary,512,30,0.87761854,0.02202552,0.9818974
circles,random_unitary,512,31,0.86888243,0.00144869,1.02363187
circles,random_unitary,512,32,0.86508049,0.01029496,1.00814165
circles,random_unitary,512,33,0.87307441,0.05892842,0.99232604
circles,random_unitary,512,34,0.87065277,0.01027505,1.00399732
circles,random_unitary,512,35,0.87798717,0.06149689,0.98421283
circles,random_unitary,512,36,0.87179595,0.03475077,1.01431387
circles,random_unitary,512,37,0.87215034,0.04576307,1.02387926
circles,random_unitary,512,38,0.87437505,0.01169321,0.98117887
circles,random_unitary,512,39,0.86675151,0.09235494,1.01326772
circles,random_unitary,512,40,0.86742702,0.00182728,1.01871828
circles,random_unitary,512,41,0.861628,0.04289127,1.00344812
circles,random_unitary,512,42,0.86367798,0.04476416,1.00565136
circles,random_unitary,512,43,0.86395022,0.09765134,0.99444442
circles,random_unitary,512,44,0.87341703,0.01134298,0.99805829
circles,random_unitary,512,45,0.87912947,0.04410681,1.00770136
circles,random_unitary,512,46,0.86334695,0.0350785,1.02096941
circles,random_unitary,512,47,0.87845973,0.018449,0.9793225
circles,random_unitary,512,48,0.89285585,0.04237182,0.97248527
circles,random_unitary,512,49,0.87958494,0.08645327,0.97756107
circles,random_unitary,512,50,0.87178468,0.07070791,1.00645117
circles,random_unitary,512,51,0.87231596,0.01294522,0.9809653
circles,random_unitary,512,52,0.87994325,0.02963805,1.00379459
circles,random_unitary,512,53,0.86164924,0.04657405,1.01738988
circles,random_unitary,512,54,0.88096021,0.11183828,1.00938549
circles,random_unitary,512,55,0.8700673,0.05520622,0.99229948
circles,random_unitary,512,56,0.86514507,0.00167844,1.02045671
circles,random_unitary,512,57,0.87386962,0.03778024,0.99675612
circles,random_unitary,512,58,0.86634627,0.06507392,1.00229159
circles,random_unitary,512,59,0.8778547,0.02744618,0.99605198
circles,random_unitary,512,60,0.88083904,0.01811524,0.99723285
circles,random_unitary,512,61,0.87448745,0.06820619,1.01521676
circles,random_unitary,512,62,0.87588012,0.01264798,0.98275061
circles,random_unitary,512,63,0.87323627,0.01805525,0.99157088
circles,random_unitary,512,64,0.87486606,0.01737065,1.02656889
circles,random_unitary,512,65,0.8810174,0.03937302,0.97792327
circles,random_unitary,512,66,0.8649063,0.00309808,0.99809364
circles,random_unitary,512,67,0.86400805,0.02369652,1.02702808
circles,random_unitary,512,68,0.87485549,0.0136254,0.98598895
circles,random_unitary,512,69,0.86545632,0.05839933,1.01306834
circles,random_unitary,512,70,0.88142991,0.00184337,0.97877146
circles,random_unitary,512,71,0.86495739,0.05517062,1.00578783
circles,random_unitary,512,72,0.86780348,0.01940338,1.00706408
circles,random_unitary,512,73,0.87490849,0.0241253,1.0119882
circles,random_unitary,512,74,0.87523982,0.00821905,1.03809955
circles,random_unitary,512,75,0.87006368,0.00881219,0.96786443
circles,random_unitary,512,76,0.87990806,0.00133759,1.0046555
circles,random_unitary,512,77,0.87042604,0.00194387,0.97807281
circles,random_unitary,512,78,0.87076068,0.01205765,1.00673322
circles,random_unitary,512,79,0.87373286,0.03593884,0.98358689
circles,random_unitary,512,80,0.87248757,0.03786626,1.00187082
circles,random_unitary,512,81,0.86936832,0.01220022,1.00564459
circles,random_unitary,512,82,0.88314361,0.01140624,1.00903846
circles,random_unitary,512,83,0.87950355,5.391e-05,1.00346077
circles,random_unitary,512,84,0.8668553,0.0330643,0.99599856
circles,random_unitary,512,85,0.86409999,0.0586403,1.01463093
circles,random_unitary,512,86,0.87408658,0.03349807,1.01302119
circles,random_unitary,512,87,0.86031907,0.02760175,1.02935366
circles,random_unitary,512,88,0.86513148,0.05670369,1.006312
circles,random_unitary,512,89,0.86889234,0.02362669,1.02101883
circles,random_unitary,512,90,0.88287095,0.05513188,0.99559583
circles,random_unitary,512,91,0.87670513,0.04001242,0.98318751
circles,random_unitary,512,92,0.86968361,0.06708858,1.01686739
circles,random_unitary,512,93,0.87558621,0.02209228,0.99796938
circles,random_unitary,512,94,0.87231199,0.04886235,1.01444842
circles,random_unitary,512,95,0.87936385,0.03334874,0.98424804
circles,random_unitary,512,96,0.86926751,0.02310766,1.01350556
circles,random_unitary,512,97,0.87506221,0.01904788,0.98891179
circles,random_unitary,512,98,0.87773969,0.00828106,1.01346571
circles,random_unitary,512,99,0.8688675,0.00175046,0.98402222
circles,random_unitary,512,100,0.87283028,0.06909531,0.99004132
circles,random_unitary,512,101,0.87356612,0.05873958,1.00219959
circles,random_unitary,512,102,0.87258583,0.08837358,1.00431661
circles,random_unitary,512,103,0.87114725,0.04509197,1.01620124
circles,random_unitary,512,104,0.87289617,0.04334864,1.02872088
circles,random_unitary,512,105,0.86143069,0.00493419,0.99248545
circles,random_unitary,512,106,0.87625491,0.01738763,0.98235743
circles,random_unitary,512,107,0.8737775,0.03300196,0.99866197
circles,random_unitary,512,108,0.86753096,0.00341182,1.00704496
circles,random_unitary,512,109,0.87972227,0.02288417,0.97338946
circles,random_unitary,512,110,0.87473386,0.04913816,0.97528462
circles,random_unitary,512,111,0.86745161,0.02343712,1.00526714
circles,random_unitary,512,112,0.86812728,0.01933967,1.00273827
circles,random_unitary,512,113,0.86475506,0.00720252,1.02236422
circles,random_unitary,512,114,0.86598829,0.13124116,0.99464242
circles,random_unitary,512,115,0.86401777,0.03279242,0.98969503
circles,random_unitary,512,116,0.8661035,0.01435013,0.98843392
circles,random_unitary,512,117,0.87306505,0.01075742,0.99867236
circles,random_unitary,512,118,0.88539861,0.02283515,0.99323599
circles,random_unitary,512,119,0.87484122,0.01763602,0.99182009
circles,random_unitary,512,120,0.8750038,0.01035542,0.98879704
circles,random_unitary,512,121,0.86851895,0.10748463,1.01796169
circles,random_unitary,512,122,0.86983223,0.04105018,0.99754942
circles,random_unitary,512,123,0.87760282,0.06594149,0.99017767
circles,random_unitary,512,124,0.87183339,0.01519011,0.9852631
circles,random_unitary,512,125,0.86547455,0.02312197,0.99624832
circles,random_unitary,512,126,0.87024247,0.01840903,1.00191025
circles,random_unitary,512,127,0.88590648,0.01334171,1.03435221
circles,random_unitary,512,128,0.88347482,0.14463146,0.98403919
circles,random_unitary,512,129,0.87684465,0.02091568,1.00474062
circles,random_unitary,512,130,0.87209674,0.01942453,0.99126675
circles,random_unitary,512,131,0.87054958,0.00192602,0.99283593
circles,random_unitary,512,132,0.86184997,0.01109468,0.96707451
circles,random_unitary,512,133,0.87697184,0.01690859,0.99163525
circles,random_unitary,512,134,0.87513515,0.02955151,1.00302721
circles,random_unitary,512,135,0.87469033,0.06198537,1.01857847
circles,random_unitary,512,136,0.87145354,0.04465965,1.02581447
circles,random_unitary,512,137,0.87509996,0.043048,0.99018237
circles,random_unitary,512,138,0.87027627,0.00364215,1.00071861
circles,random_unitary,512,139,0.87153702,0.01856628,0.99017186
circles,random_unitary,512,140,0.869268,0.0240765,1.03268555
circles,random_unitary,512,141,0.8863814,0.03612011,0.99832129
circles,random_unitary,512,142,0.86099686,0.05200411,1.01077678
circles,random_unitary,512,143,0.87933574,0.027344,1.01958857
circles,random_unitary,512,144,0.86586081,0.03209717,0.99213496
circles,random_unitary,512,145,0.87513799,0.01750198,0.98619471
circles,random_unitary,512,146,0.86948125,0.01635592,0.99734064
circles,random_unitary,512,147,0.87637759,0.02115901,0.99551882
circles,random_unitary,512,148,0.87177897,0.04250027,0.98629119
circles,random_unitary,512,149,0.86911257,0.01130547,0.97322745
circles,random_unitary,512,150,0.88624799,0.11530055,0.98764472
circles,random_unitary,512,151,0.86930145,0.08888183,1.02479401
circles,random_unitary,512,152,0.87102142,0.00176176,1.00056649
circles,random_unitary,512,153,0.86568714,0.0003537,1.0263882
circles,random_unitary,512,154,0.87819936,0.05716869,1.01964139
circles,random_unitary,512,155,0.86681196,0.0522526,1.00301737
circles,random_unitary,512,156,0.86413306,0.0751001,1.01325824
circles,random_unitary,512,157,0.87899479,0.0292221,0.9963586
circles,random_unitary,512,158,0.86954551,0.01376485,1.00732091
circles,random_unitary,512,159,0.86800542,0.02318981,1.00947906
circles,random_unitary,512,160,0.87840083,0.03772033,0.98763709
circles,random_unitary,512,161,0.87494083,0.0785672,1.02065698
circles,random_unitary,512,162,0.87697499,0.05866195,0.98437517
circles,random_unitary,512,163,0.87102841,0.07094723,1.01387004
circles,random_unitary,512,164,0.87027879,0.07476559,1.00693582
circles,random_unitary,512,165,0.87911826,0.00706826,1.00588423
circles,random_unitary,512,166,0.87180219,0.02254367,0.99070408
circles,random_unitary,512,167,0.8702668,0.04346053,0.99789346
circles,random_unitary,512,168,0.87879084,0.01682102,1.01960399
circles,random_unitary,512,169,0.86664254,0.02516627,0.9918571
circles,random_unitary,512,170,0.87739651,0.03692236,1.00947661
circles,random_unitary,512,171,0.879033,0.02443784,0.97111875
circles,random_unitary,512,172,0.87837237,0.01101972,1.00868016
circles,random_unitary,512,173,0.87274785,0.01649095,0.98654438
circles,random_unitary,512,174,0.87469532,0.00847989,0.99730647
circles,random_unitary,512,175,0.87061784,0.07259783,0.98974478
circles,random_unitary,512,176,0.87069649,0.03675625,1.01518266
circles,random_unitary,512,177,0.87291281,0.10097032,1.00609585
circles,random_unitary,512,178,0.87000693,0.04313245,0.98708941
circles,random_unitary,512,179,0.87868914,0.02909014,1.00139201
circles,random_unitary,512,180,0.87362292,0.04833266,0.99604924
circles,random_unitary,512,181,0.8650313,0.00090468,0.99757653
circles,random_unitary,512,182,0.87167652,0.04695922,1.00233453
circles,random_unitary,512,183,0.8764042,0.01452582,1.00678084
circles,random_unitary,512,184,0.86044767,0.06142802,1.00472031
circles,random_unitary,512,185,0.86514119,0.0207015,0.98639393
circles,random_unitary,512,186,0.8805054,0.01625333,1.00765327
circles,random_unitary,512,187,0.86161459,0.05696513,0.99456611
circles,random_unitary,512,188,0.8793689,0.05119289,1.01424491
circles,random_unitary,512,189,0.86892041,0.07883233,0.99404735
circles,random_unitary,512,190,0.87975273,0.08085863,0.97996526
circles,random_unitary,512,191,0.86980651,0.03309123,1.01445947
circles,random_unitary,512,192,0.87852433,0.00612252,0.98896524
circles,random_unitary,512,193,0.88228637,0.01782464,1.00706821
circles,random_unitary,512,194,0.87547085,0.03663283,0.98729109
circles,random_unitary,512,195,0.87504652,0.08409091,1.00851295
circles,random_unitary,512,196,0.87245143,0.04551894,0.98117853
circles,random_unitary,512,197,0.85354856,0.01362551,1.00180009
circles,random_unitary,512,198,0.87590937,0.04030048,0.97375923
circles,random_unitary,512,199,0.86495376,0.03862381,0.99866467
circles,random_unitary,512,200,0.86240886,0.06421946,0.97290134
circles,random_unitary,512,201,0.87720959,0.05077293,1.00962409
circles,random_unitary,512,202,0.86867296,0.0071026,0.99095479
circles,random_unitary,512,203,0.8747863,0.01048489,1.00583297
circles,random_unitary,512,204,0.86778507,0.09533084,1.02813035
circles,random_unitary,512,205,0.86875958,0.00348194,0.99139238
circles,random_unitary,512,206,0.874176,0.06485856,0.97872178
circles,random_unitary,512,207,0.8648335,0.01917379,0.98663179
circles,random_unitary,512,208,0.86689497,0.00031721,1.02621549
circles,random_unitary,512,209,0.87887298,0.02682844,0.97868894
circles,random_unitary,512,210,0.87895008,0.01161479,1.00480962
circles,random_unitary,512,211,0.8704238,0.04693037,1.02524938
circles,random_unitary,512,212,0.86213652,0.04698957,1.04867802
circles,random_unitary,512,213,0.87134146,0.058127,1.00425408
circles,random_unitary,512,214,0.87598881,0.0839379,1.02983087
circles,random_unitary,512,215,0.87389594,0.07143256,1.01077616
circles,random_unitary,512,216,0.8703826,0.07774615,0.99169693
circles,random_unitary,512,217,0.87097048,0.09526435,0.99811899
circles,random_unitary,512,218,0.87339747,0.08102475,0.97821629
circles,random_unitary,512,219,0.86861738,0.06007148,0.99838862
circles,random_unitary,512,220,0.87196948,0.04096294,1.0011259
circles,random_unitary,512,221,0.87433857,0.06419291,1.00473733
circles,random_unitary,512,222,0.87535224,0.00261509,0.99466415
circles,random_unitary,512,223,0.87236895,0.00877412,0.96767828
circles,random_unitary,512,224,0.87808644,0.01172489,0.99050567
circles,random_unitary,512,225,0.87465076,0.04237761,0.98856579
circles,random_unitary,512,226,0.86242921,0.03553806,0.99527924
circles,random_unitary,512,227,0.86838064,0.02275845,1.01675756
circles,random_unitary,512,228,0.87076817,0.10542324,0.97646376
circles,random_unitary,512,229,0.87542127,0.06489694,1.01548977
circles,random_unitary,512,230,0.87466998,0.07695263,0.99519077
circles,random_unitary,512,231,0.87134842,0.09663098,0.99685273
circles,random_unitary,512,232,0.87211384,0.11998435,0.99596455
circles,random_unitary,512,233,0.8641323,0.11296348,0.98762736
circles,random_unitary,512,234,0.86882558,0.03894752,1.02507249
circles,random_unitary,512,235,0.86992863,0.02036649,1.01323952
circles,random_unitary,512,236,0.8626699,0.01702445,0.99857694
circles,random_unitary,512,237,0.8693515,0.09092072,0.99438046
circles,random_unitary,512,238,0.87398582,0.01271155,1.01749013
circles,random_unitary,512,239,0.86798789,0.06277904,1.00611418
circles,random_unitary,512,240,0.88127503,0.05205318,0.96473272
circles,random_unitary,512,241,0.88084379,0.03663636,1.00909512
circles,random_unitary,512,242,0.8695458,0.00830574,1.01084321
circles,random_unitary,512,243,0.86885091,0.00775516,0.98687716
circles,random_unitary,512,244,0.86187693,0.00586975,0.99009877
circles,random_unitary,512,245,0.87060335,0.00866939,1.00044036
circles,random_unitary,512,246,0.86484637,0.02032392,0.99768685
circles,random_unitary,512,247,0.86928149,0.00134115,0.99916569
circles,random_unitary,512,248,0.87252657,0.09459562,0.99397172
circles,random_unitary,512,249,0.86311228,0.00403812,1.00322793
circles,random_unitary,512,250,0.8761613,0.02270959,1.0192372
circles,random_unitary,512,251,0.86756144,0.00031665,0.99252943
circles,random_unitary,512,252,0.8565748,0.04644906,0.99694254
circles,random_unitary,512,253,0.87486853,0.00970512,1.02305707
circles,random_unitary,512,254,0.86241295,0.01748249,0.99129456
circles,random_unitary,512,255,0.8714321,0.03852314,0.96975005
circles,random_unitary,512,256,0.86429673,0.04360394,1.03200789
circles,random_unitary,512,257,0.87298935,0.00967263,1.02068674
circles,random_unitary,512,258,0.8731058,0.05856961,1.01011305
circles,random_unitary,512,259,0.87147738,0.06082612,1.00525667
circles,random_unitary,512,260,0.87004332,0.06694766,1.02504595
circles,random_unitary,512,261,0.87402705,0.00190911,0.98536039
circles,random_unitary,512,262,0.86171824,0.05979599,1.00081929
circles,random_unitary,512,263,0.87246867,0.11825719,1.02360196
circles,random_unitary,512,264,0.86932917,0.18321309,0.99070267
circles,random_unitary,512,265,0.86682832,0.01676041,1.01947742
circles,random_unitary,512,266,0.8690148,0.08328618,1.01791177
circles,random_unitary,512,267,0.86797088,0.0672791,1.00148786
circles,random_unitary,512,268,0.86965945,0.05729768,1.0062163
circles,random_unitary,512,269,0.87117553,0.01273593,0.97096449
circles,random_unitary,512,270,0.86809299,0.00527357,0.99527094
circles,random_unitary,512,271,0.86481893,0.00581673,1.0104011
circles,random_unitary,512,272,0.8833317,0.02280189,0.98209006
circles,random_unitary,512,273,0.8690574,0.03069099,0.98091334
circles,random_unitary,512,274,0.86709699,0.03235288,1.01107593
circles,random_unitary,512,275,0.87876541,0.07428689,1.00840975
circles,random_unitary,512,276,0.86983151,0.03277954,0.97275053
circles,random_unitary,512,277,0.88539669,0.04445589,0.97993775
circles,random_unitary,512,278,0.87414483,0.04755713,0.98269322
circles,random_unitary,512,279,0.86544488,0.00624542,0.99571754
circles,random_unitary,512,280,0.8607077,0.15144199,0.99396549
circles,random_unitary,512,281,0.85457655,0.06880459,0.99801242
circles,random_unitary,512,282,0.86524482,0.05883231,0.99111512
circles,random_unitary,512,283,0.86899856,0.01717638,1.01148855
circles,random_unitary,512,284,0.871982,0.04166937,0.99986655
circles,random_unitary,512,285,0.87875461,0.03972472,1.01313894
circles,random_unitary,512,286,0.86001439,0.01938164,0.99865914
circles,random_unitary,512,287,0.87306907,0.02375894,1.01653232
circles,random_unitary,512,288,0.87525855,0.05621358,0.99089611
circles,random_unitary,512,289,0.86412358,0.10568315,0.99211017
circles,random_unitary,512,290,0.85846483,0.0008615,0.98761017
circles,random_unitary,512,291,0.87670708,0.00426798,0.99045635
circles,random_unitary,512,292,0.87547555,0.0808482,1.00677835
circles,random_unitary,512,293,0.86928457,0.01458809,1.01529499
circles,random_unitary,512,294,0.86487784,0.0419579,1.00035917
circles,random_unitary,512,295,0.8765708,0.03298151,0.99053403
circles,random_unitary,512,296,0.87871912,0.0559955,1.00926175
circles,random_unitary,512,297,0.87739188,0.10730106,0.97434125
circles,random_unitary,512,298,0.87197187,0.04077466,0.98700259
circles,random_unitary,512,299,0.87255609,0.09953625,1.00819223
circles,random_unitary,512,300,0.8736673,0.08643435,0.97683799
circles,random_unitary,512,301,0.86563715,0.07155592,0.97146709
circles,random_unitary,512,302,0.86987156,0.08311509,0.97067916
circles,random_unitary,512,303,0.86954793,0.0429073,1.01801387
circles,random_unitary,512,304,0.87148025,0.00374979,0.99003009
circles,random_unitary,512,305,0.87389873,0.08620783,1.03766926
circles,random_unitary,512,306,0.86383558,0.0289676,0.99586687
circles,random_unitary,512,307,0.85907763,0.04281673,1.00532726
circles,random_unitary,512,308,0.88058318,0.02759109,0.99250585
circles,random_unitary,512,309,0.87137151,0.00927595,1.01891534
circles,random_unitary,512,310,0.88136138,0.02273031,1.01753774
circles,random_unitary,512,311,0.87394674,0.03610519,1.01294966
circles,random_unitary,512,312,0.87338869,0.03704672,1.00535932
circles,random_unitary,512,313,0.87339092,0.02116564,1.0271292
circles,random_unitary,512,314,0.87090778,0.07313134,1.01262967
circles,random_unitary,512,315,0.86915806,0.0597974,0.99953037
circles,random_unitary,512,316,0.87950794,0.02437942,0.99046173
circles,random_unitary,512,317,0.8691495,0.10657472,0.99964698
circles,random_unitary,512,318,0.87418687,0.07793717,0.97886047
circles,random_unitary,512,319,0.86827416,0.08381123,0.99498574
circles,random_unitary,512,320,0.87166203,0.08352956,0.99316097
circles,random_unitary,512,321,0.86614942,0.00595991,1.03517814
circles,random_unitary,512,322,0.87121769,0.04182633,1.02323825
circles,random_unitary,512,323,0.87010172,0.02479323,1.02592115
circles,random_unitary,512,324,0.87056864,0.05412595,1.01095313
circles,random_unitary,512,325,0.8683319,0.05246265,1.00674161
circles,random_unitary,512,326,0.8586792,0.01574973,1.00915815
circles,random_unitary,512,327,0.87256488,0.01650179,1.00003338
circles,random_unitary,512,328,0.88108205,0.0825352,0.97006449
circles,random_unitary,512,329,0.86941668,0.01186116,0.97818488
circles,random_unitary,512,330,0.86059712,0.03373357,1.00154836
circles,random_unitary,512,331,0.87148225,0.05246167,1.01007384
circles,random_unitary,512,332,0.86626528,0.00657373,1.02455289
circles,random_unitary,512,333,0.86280064,0.01367721,0.97658688
circles,random_unitary,512,334,0.86820239,0.01281985,0.99868255
circles,random_unitary,512,335,0.87310342,0.00444318,1.00372492
circles,random_unitary,512,336,0.88382605,0.11474001,1.02087036
circles,random_unitary,512,337,0.87815942,0.09370834,0.99665442
circles,random_unitary,512,338,0.87531742,0.00809229,1.00881196
circles,random_unitary,512,339,0.86944857,0.05867031,0.99427583
circles,random_unitary,512,340,0.87538665,0.11817511,0.99192245
circles,random_unitary,512,341,0.87420511,0.04474838,1.02354557
circles,random_unitary,512,342,0.87313375,0.04364296,1.01653428
circles,random_unitary,512,343,0.87815827,0.04336119,1.00574986
circles,random_unitary,512,344,0.86892159,0.07393717,1.00452792
circles,random_unitary,512,345,0.8732359,0.04186586,0.98410508
circles,random_unitary,512,346,0.86990358,0.0318195,0.99726325
circles,random_unitary,512,347,0.86951027,0.00418774,1.00739068
circles,random_unitary,512,348,0.87213732,0.04935171,1.00867687
circles,random_unitary,512,349,0.875581,0.13456553,0.99716779
circles,random_unitary,512,350,0.87135386,0.00075916,1.00005052
circles,random_unitary,512,351,0.87355863,0.07373384,1.0104143
circles,random_unitary,512,352,0.87153136,0.06773478,1.00143546
circles,random_unitary,512,353,0.87106864,0.0833797,0.97867409
circles,random_unitary,512,354,0.87264993,0.00389997,1.02171069
circles,random_unitary,512,355,0.87936892,0.02533036,0.98871113
circles,random_unitary,512,356,0.86650284,0.02734287,1.01717831
circles,random_unitary,512,357,0.87212106,0.02183716,1.01795011
circles,random_unitary,512,358,0.87339307,0.04616737,0.99430404
circles,random_unitary,512,359,0.87024208,0.02461821,1.01788443
circles,random_unitary,512,360,0.88075068,0.03963132,1.01876503
circles,random_unitary,512,361,0.86181821,0.05433383,0.99736153
circles,random_unitary,512,362,0.86898505,0.05351079,1.02534461
circles,random_unitary,512,363,0.87461156,0.02479851,1.00506881
circles,random_unitary,512,364,0.87436918,0.06845178,1.01291975
circles,random_unitary,512,365,0.86268735,0.03759678,0.99390523
circles,random_unitary,512,366,0.87290274,0.06769695,1.00058308
circles,random_unitary,512,367,0.88059053,0.02970404,0.99917112
circles,random_unitary,512,368,0.87762393,0.02187484,0.98518607
circles,random_unitary,512,369,0.86374639,0.12484564,0.97411929
circles,random_unitary,512,370,0.87017171,0.05179243,1.00900073
circles,random_unitary,512,371,0.86116358,0.02818052,0.97750102
circles,random_unitary,512,372,0.8721823,0.02589583,1.00640986
circles,random_unitary,512,373,0.87164562,0.0056962,0.99362777
circles,random_unitary,512,374,0.87831845,0.06428283,1.02246943
circles,random_unitary,512,375,0.87348357,0.02661191,1.00732359
circles,random_unitary,512,376,0.86892676,0.03237857,0.99107494
circles,random_unitary,512,377,0.86574619,0.01547272,1.00525871
circles,random_unitary,512,378,0.8710163,0.07545692,1.02918402
circles,random_unitary,512,379,0.87269417,0.03490672,0.9906947
circles,random_unitary,512,380,0.87806533,0.03945864,1.0128618
circles,random_unitary,512,381,0.87385705,0.01177163,0.99290441
circles,random_unitary,512,382,0.8671284,0.08037123,1.01437377
circles,random_unitary,512,383,0.87021002,0.02559638,0.99638827
circles,random_unitary,512,384,0.86286984,0.00242542,0.99759283
circles,random_unitary,512,385,0.87116615,0.05696649,0.98092429
circles,random_unitary,512,386,0.87057626,0.05511384,1.00442179
circles,random_unitary,512,387,0.87370312,0.00546767,0.98664875
circles,random_unitary,512,388,0.86931302,0.05960872,0.98920675
circles,random_unitary,512,389,0.8736101,0.0374948,1.0107196
circles,random_unitary,512,390,0.8713925,0.02755475,1.01160488
circles,random_unitary,512,391,0.87398264,0.06366569,1.03250328
circles,random_unitary,512,392,0.86619494,0.01774875,1.01392773
circles,random_unitary,512,393,0.87632725,0.0142782,1.02227526
circles,random_unitary,512,394,0.86841561,0.00172218,1.00277112
circles,random_unitary,512,395,0.87709981,0.01353837,0.99426329
circles,random_unitary,512,396,0.86323748,0.00842399,1.03164385
circles,random_unitary,512,397,0.88372418,0.02273731,1.00535376
circles,random_unitary,512,398,0.87639902,0.01764074,0.99830931
circles,random_unitary,512,399,0.87903755,0.07781792,0.97219477
circles,random_unitary,512,400,0.86388815,0.04701742,1.01182964
circles,random_unitary,512,401,0.8797092,0.03023877,0.98944153
circles,random_unitary,512,402,0.87263239,0.01578282,1.01170417
circles,random_unitary,512,403,0.87275802,0.04847323,1.01448164
circles,random_unitary,512,404,0.8750356,0.01330962,1.02052679
circles,random_unitary,512,405,0.8602006,0.04143055,0.98936971
circles,random_unitary,512,406,0.87502035,0.06175301,1.00658412
circles,random_unitary,512,407,0.86214285,0.10013406,0.98052003
circles,random_unitary,512,408,0.88260289,0.06798847,1.02132427
circles,random_unitary,512,409,0.8796367,0.06884243,0.99767722
circles,random_unitary,512,410,0.86437279,0.08628339,0.98821566
circles,random_unitary,512,411,0.87193206,0.00231052,0.98754424
circles,random_unitary,512,412,0.87352471,0.02431988,0.97576158
circles,random_unitary,512,413,0.87717889,0.00631576,1.00047595
circles,random_unitary,512,414,0.87699775,0.06985842,0.99223146
circles,random_unitary,512,415,0.86416451,0.01587048,0.98116837
circles,random_unitary,512,416,0.87700701,0.0031001,0.99243114
circles,random_unitary,512,417,0.87473038,0.03917456,1.00030963
circles,random_unitary,512,418,0.86013558,0.04882865,0.99094531
circles,random_unitary,512,419,0.8726253,0.05692306,1.0189543
circles,random_unitary,512,420,0.86984095,0.03184875,0.99898516
circles,random_unitary,512,421,0.86508775,0.07632908,1.00976115
circles,random_unitary,512,422,0.87105015,0.02177879,1.00208188
circles,random_unitary,512,423,0.8773744,0.00818219,1.03424201
circles,random_unitary,512,424,0.86311361,0.03931406,1.00983741
circles,random_unitary,512,425,0.86828972,0.01354903,1.02617892
circles,random_unitary,512,426,0.87344009,0.00461124,0.98550121
circles,random_unitary,512,427,0.8746953,0.05010711,0.99630156
circles,random_unitary,512,428,0.87279823,0.10965841,1.0065878
circles,random_unitary,512,429,0.87032961,0.05423306,0.99674389
circles,random_unitary,512,430,0.87399485,0.01219119,1.00975616
circles,random_unitary,512,431,0.87381405,0.01829955,1.00215582
circles,random_unitary,512,432,0.86656638,0.03345252,0.99687186
circles,random_unitary,512,433,0.86454593,0.07148833,0.98489505
circles,random_unitary,512,434,0.87363451,0.04106436,0.99787656
circles,random_unitary,512,435,0.86413232,0.06929791,0.99894456
circles,random_unitary,512,436,0.87092403,0.02403292,0.99757769
circles,random_unitary,512,437,0.86615435,0.03377651,0.96917849
circles,random_unitary,512,438,0.87182087,0.02596552,1.01165413
circles,random_unitary,512,439,0.8683081,0.03833299,1.01786706
circles,random_unitary,512,440,0.87368802,0.02687387,1.01717317
circles,random_unitary,512,441,0.87287635,0.00237882,1.01478673
circles,random_unitary,512,442,0.87342887,0.01858309,1.02394324
circles,random_unitary,512,443,0.87515692,0.05114649,0.9764434
circles,random_unitary,512,444,0.88274592,0.00469163,0.98054577
circles,random_unitary,512,445,0.8742771,0.05969168,0.99753837
circles,random_unitary,512,446,0.87254785,0.01864606,1.0186504
circles,random_unitary,512,447,0.87347831,0.03204158,1.00487735
circles,random_unitary,512,448,0.87544982,0.0448193,0.99637226
circles,random_unitary,512,449,0.87116869,0.0507035,0.99967506
circles,random_unitary,512,450,0.86839033,0.00312875,0.97188452
circles,random_unitary,512,451,0.87621234,0.07205506,0.99173363
circles,random_unitary,512,452,0.86845501,0.01137932,0.98416609
circles,random_unitary,512,453,0.87464595,0.07124196,1.01559769
circles,random_unitary,512,454,0.87332971,0.01108015,1.01009445
circles,random_unitary,512,455,0.8699389,0.03054355,1.01400784
circles,random_unitary,512,456,0.86979981,0.02940211,0.9824758
circles,random_unitary,512,457,0.86428492,0.06247745,1.02365161
circles,random_unitary,512,458,0.8689839,0.06767036,0.99314058
circles,random_unitary,512,459,0.87359546,0.05880389,1.01230496
circles,random_unitary,512,460,0.87067401,0.06217955,0.98288153
circles,random_unitary,512,461,0.87285537,0.05491286,0.99536883
circles,random_unitary,512,462,0.87142037,0.00652672,1.00019134
circles,random_unitary,512,463,0.87067568,0.03047226,1.0062426
circles,random_unitary,512,464,0.85895478,0.01980159,1.00634491
circles,random_unitary,512,465,0.86551209,0.02861353,1.00225602
circles,random_unitary,512,466,0.88181218,0.02978176,1.01933934
circles,random_unitary,512,467,0.86984619,0.03811882,0.98640323
circles,random_unitary,512,468,0.87686397,0.07322683,0.99482553
circles,random_unitary,512,469,0.86780494,0.07323736,0.98448819
circles,random_unitary,512,470,0.86979155,0.00936703,0.98828744
circles,random_unitary,512,471,0.87666703,0.01986625,1.02709905
circles,random_unitary,512,472,0.86097251,0.03964465,1.01733444
circles,random_unitary,512,473,0.86733921,0.00664428,0.99978414
circles,random_unitary,512,474,0.88014004,0.04080085,1.0059509
circles,random_unitary,512,475,0.87783626,0.06691162,0.99865944
circles,random_unitary,512,476,0.86946196,0.06194558,0.98248229
circles,random_unitary,512,477,0.87003984,0.048385,0.98570457
circles,random_unitary,512,478,0.87951288,0.01883584,0.98703047
circles,random_unitary,512,479,0.87591903,0.02352047,0.98142501
circles,random_unitary,512,480,0.86881501,0.05336287,1.00686639
circles,random_unitary,512,481,0.87237499,0.04953412,0.99652935
circles,random_unitary,512,482,0.86984718,0.04491472,1.00697035
circles,random_unitary,512,483,0.87401177,0.02520747,0.99258606
circles,random_unitary,512,484,0.89034733,0.02103565,0.99995519
circles,random_unitary,512,485,0.87708451,0.04274535,0.96460948
circles,random_unitary,512,486,0.88245935,0.00396599,0.99760147
circles,random_unitary,512,487,0.8797473,0.08408254,1.01107511
circles,random_unitary,512,488,0.87474144,0.06348833,1.00883607
circles,random_unitary,512,489,0.87867386,0.0630252,1.02133987
circles,random_unitary,512,490,0.87912029,0.03600629,0.99831831
circles,random_unitary,512,491,0.86292178,0.01349297,0.98411543
circles,random_unitary,512,492,0.86392722,0.01411255,0.99918712
circles,random_unitary,512,493,0.87624174,0.00776789,0.98207039
circles,random_unitary,512,494,0.86851684,0.0311729,0.98393443
circles,random_unitary,512,495,0.86962656,0.01138161,1.00492076
circles,random_unitary,512,496,0.88500851,0.01327699,1.02101754
circles,random_unitary,512,497,0.87300591,0.02325929,1.00120574
circles,random_unitary,512,498,0.86714677,0.05363777,1.02329742
circles,random_unitary,512,499,0.86731958,0.08186739,0.98043715
circles,random_unitary,512,500,0.86120284,0.04950284,1.01456886
circles,random_unitary,512,501,0.87272006,0.00710568,1.01296525
circles,random_unitary,512,502,0.87166498,0.01205787,0.99893171
circles,random_unitary,512,503,0.87408877,0.00871937,0.99435339
circles,random_unitary,512,504,0.87581975,0.0432145,0.98210758
circles,random_unitary,512,505,0.87363438,0.00314685,0.98281579
circles,random_unitary,512,506,0.87808126,0.01831278,0.97497016
circles,random_unitary,512,507,0.87717653,0.08553635,0.99455229
circles,random_unitary,512,508,0.86548043,0.06839212,0.97298379
circles,random_unitary,512,509,0.87069828,0.01343891,0.99286496
circles,random_unitary,512,510,0.86568922,0.03747157,1.0060889
circles,random_unitary,512,511,0.87555583,0.11240649,0.99829378
circles,random_unitary,512,512,0.86047585,0.02059096,0.99637392
circles,random_unitary,512,513,0.86792674,0.02412428,0.96715847
circles,random_unitary,512,514,0.87008284,0.01752157,1.021611
circles,random_unitary,512,515,0.86806723,0.01577292,0.97176496
circles,random_unitary,512,516,0.86461626,0.01010446,1.01109756
circles,random_unitary,512,517,0.86184322,0.00156375,1.01148243
circles,random_unitary,512,518,0.87531864,0.0167924,1.02742624
circles,random_unitary,512,519,0.85850262,0.00366965,0.9965387
circles,random_unitary,512,520,0.86760348,0.05528303,0.99373689
circles,random_unitary,512,521,0.8652327,0.03825715,1.0032912
circles,random_unitary,512,522,0.86978011,0.0457816,0.98812524
circles,random_unitary,512,523,0.87176393,0.06548931,0.99358927
circles,random_unitary,512,524,0.87625137,0.01161053,0.99804649
circles,random_unitary,512,525,0.85654379,0.01686022,1.01162482
circles,random_unitary,512,526,0.87255914,0.04326939,0.99673171
circles,random_unitary,512,527,0.85804056,0.00478424,0.98367285
circles,random_unitary,512,528,0.8704038,0.00535134,1.02158589
circles,random_unitary,512,529,0.86781206,0.07186119,1.00922349
circles,random_unitary,512,530,0.8706615,0.05956697,0.9687196
circles,random_unitary,512,531,0.87978321,0.07397939,0.99431267
circles,random_unitary,512,532,0.87467222,0.05715678,1.00523426
circles,random_unitary,512,533,0.86185332,0.03537538,1.01877821
circles,random_unitary,512,534,0.87340714,0.00451678,1.00322078
circles,random_unitary,512,535,0.87347172,0.11700114,0.96897975
circles,random_unitary,512,536,0.87170955,0.04764654,1.01703558
circles,random_unitary,512,537,0.88225479,0.00027112,0.99133951
circles,random_unitary,512,538,0.87695715,0.01164296,0.99326597
circles,random_unitary,512,539,0.86167192,0.0235724,1.02221948
circles,random_unitary,512,540,0.8786872,0.09178908,0.97189988
circles,random_unitary,512,541,0.86655036,0.00179253,1.02309051
circles,random_unitary,512,542,0.87592172,0.04269493,1.00556736
circles,random_unitary,512,543,0.86727086,0.00431513,1.0141757
circles,random_unitary,512,544,0.87551334,0.02020122,0.99609203
circles,random_unitary,512,545,0.87114339,0.00249644,1.00616614
circles,random_unitary,512,546,0.85936652,0.01117021,1.00242444
circles,random_unitary,512,547,0.85642223,0.101481,1.02092289
circles,random_unitary,512,548,0.87955841,0.04768831,0.99349004
circles,random_unitary,512,549,0.86698109,0.07866076,1.00671888
circles,random_unitary,512,550,0.86753643,0.00609257,0.97587316
circles,random_unitary,512,551,0.86983809,0.01971208,0.99890241
circles,random_unitary,512,552,0.8712135,0.04143239,0.99076485
circles,random_unitary,512,553,0.86378999,0.02235861,1.01680175
circles,random_unitary,512,554,0.87180664,0.00113531,1.00011851
circles,random_unitary,512,555,0.86602212,0.04562557,0.99904004
circles,random_unitary,512,556,0.87253397,0.00790443,0.99596501
circles,random_unitary,512,557,0.87702447,0.09081593,0.99952485
circles,random_unitary,512,558,0.87428633,0.05301775,1.01128148
circles,random_unitary,512,559,0.87658239,0.06620715,1.01168937
circles,random_unitary,512,560,0.8704435,0.01212102,0.98700384
circles,random_unitary,512,561,0.86740998,0.00651735,0.98920707
circles,random_unitary,512,562,0.86934895,0.02272845,1.01192083
circles,random_unitary,512,563,0.87114274,0.01297833,0.99353444
circles,random_unitary,512,564,0.87109755,0.00873812,1.01273092
circles,random_unitary,512,565,0.87175638,0.03736241,0.98175451
circles,random_unitary,512,566,0.87633105,0.00927885,1.00603499
circles,random_unitary,512,567,0.87782902,0.00484852,1.00625381
circles,random_unitary,512,568,0.87610713,0.00126228,1.01510642
circles,random_unitary,512,569,0.87655932,0.01671645,1.02969132
circles,random_unitary,512,570,0.86553211,0.00044562,1.00702829
circles,random_unitary,512,571,0.87673415,0.05952928,0.99886296
circles,random_unitary,512,572,0.87167708,0.03782208,1.0232269
circles,random_unitary,512,573,0.86817564,0.00142597,0.99409491
circles,random_unitary,512,574,0.86566645,0.05248996,0.9864675
circles,random_unitary,512,575,0.87194846,0.06690431,0.99199953
circles,random_unitary,512,576,0.86924799,0.1157476,1.00523193
circles,random_unitary,512,577,0.86905558,0.03990454,0.98533859
circles,random_unitary,512,578,0.86971202,0.01758381,1.00112753
circles,random_unitary,512,579,0.87938872,0.03073353,0.97989966
circles,random_unitary,512,580,0.86979982,0.03341657,0.99170127
circles,random_unitary,512,581,0.86358192,0.01722814,0.98021196
circles,random_unitary,512,582,0.87061173,0.05992448,1.02590498
circles,random_unitary,512,583,0.86872929,0.06131267,1.00720931
circles,random_unitary,512,584,0.87588492,0.01456759,0.98555542
circles,random_unitary,512,585,0.87113434,0.00113396,1.0050701
circles,random_unitary,512,586,0.88286456,0.05811226,0.99958314
circles,random_unitary,512,587,0.88318432,0.08245354,0.99334904
circles,random_unitary,512,588,0.86330226,0.04960934,0.97936151
circles,random_unitary,512,589,0.86018769,0.0306726,0.99313499
circles,random_unitary,512,590,0.87526322,0.05458622,0.99393515
circles,random_unitary,512,591,0.87227888,0.01949693,0.98749811
circles,random_unitary,512,592,0.87178191,0.0222239,0.98756248
circles,random_unitary,512,593,0.86669198,0.06254513,0.9592211
circles,random_unitary,512,594,0.86174243,0.08070031,1.0002641
circles,random_unitary,512,595,0.87168947,0.00867355,0.98569526
circles,random_unitary,512,596,0.86872375,0.01763442,0.98088371
circles,random_unitary,512,597,0.87229163,0.01094484,0.98516827
circles,random_unitary,512,598,0.87033306,0.06350272,1.00113356
circles,random_unitary,512,599,0.8751381,0.03309171,0.99171354
circles,random_unitary,512,600,0.87526875,0.09619011,1.01825528
circles,random_unitary,512,601,0.87929444,0.03440744,1.01221719
circles,random_unitary,512,602,0.87455339,0.10017627,0.99883834
circles,random_unitary,512,603,0.87710659,0.05579069,1.01775096
circles,random_unitary,512,604,0.88512491,0.00755016,0.98728803
circles,random_unitary,512,605,0.87461271,5.445e-05,0.9994218
circles,random_unitary,512,606,0.86433621,0.04346653,1.0009385
circles,random_unitary,512,607,0.87129869,0.06544812,1.02327434
circles,random_unitary,512,608,0.87569479,0.01296107,1.02286467
circles,random_unitary,512,609,0.86674654,0.09059291,0.98735996
circles,random_unitary,512,610,0.87685281,0.05735501,0.98334054
circles,random_unitary,512,611,0.86561669,0.04086925,1.0091037
circles,random_unitary,512,612,0.87625107,0.05141901,1.01007933
circles,random_unitary,512,613,0.88256289,0.01798023,1.01938531
circles,random_unitary,512,614,0.87576998,0.03838303,0.97671927
circles,random_unitary,512,615,0.86618291,0.07639217,0.97664215
circles,random_unitary,512,616,0.87185674,0.03340002,0.98754791
circles,random_unitary,512,617,0.8714654,0.04115509,0.96587499
circles,random_unitary,512,618,0.87532832,0.0729041,0.99207598
circles,random_unitary,512,619,0.87313491,0.03235869,0.9926667
circles,random_unitary,512,620,0.86859011,0.0108763,0.98754462
circles,random_unitary,512,621,0.86473258,0.04335473,1.01641649
circles,random_unitary,512,622,0.87740838,0.05977796,0.99970422
circles,random_unitary,512,623,0.87807271,0.14083137,0.98631202
circles,random_unitary,512,624,0.87125695,0.06372443,0.98756234
circles,random_unitary,512,625,0.87247898,0.06493605,1.01190293
circles,random_unitary,512,626,0.8687641,0.0193546,0.99820974
circles,random_unitary,512,627,0.87112007,0.01755708,1.0105442
circles,random_unitary,512,628,0.87275169,0.00906101,0.99543381
circles,random_unitary,512,629,0.86687759,0.01939368,0.98993218
circles,random_unitary,512,630,0.873631,0.01125858,1.00333164
circles,random_unitary,512,631,0.85981234,0.0107288,1.0324989
circles,random_unitary,512,632,0.87009841,0.00824962,1.0266005
circles,random_unitary,512,633,0.87746203,0.03543937,0.97769556
circles,random_unitary,512,634,0.88045158,0.05066134,0.99223948
circles,random_unitary,512,635,0.86955673,0.02311044,0.99640616
circles,random_unitary,512,636,0.87280778,0.03531026,1.00204909
circles,random_unitary,512,637,0.87862771,0.01965827,1.02352759
circles,random_unitary,512,638,0.87420473,0.07281249,1.001441
circles,random_unitary,512,639,0.86885702,0.00039905,1.00220081
circles,random_unitary,512,640,0.86470826,0.03340538,0.99704449
circles,random_unitary,512,641,0.88524341,0.05426256,0.99815121
circles,random_unitary,512,642,0.87342723,0.01864583,1.00630386
circles,random_unitary,512,643,0.87443176,0.10556178,1.01309803
circles,random_unitary,512,644,0.86292136,0.08531838,0.98066864
circles,random_unitary,512,645,0.86926207,0.13918068,0.96878694
circles,random_unitary,512,646,0.87767933,0.00715312,0.9989146
circles,random_unitary,512,647,0.87999267,0.01428883,0.99952535
circles,random_unitary,512,648,0.87864313,0.0494407,0.97043011
circles,random_unitary,512,649,0.86417126,0.00072001,1.01091009
circles,random_unitary,512,650,0.86447112,0.06558293,1.00019475
circles,random_unitary,512,651,0.87728964,0.06349036,0.98789418
circles,random_unitary,512,652,0.87242357,0.04739989,0.99569888
circles,random_unitary,512,653,0.8627609,0.05116103,0.9984072
circles,random_unitary,512,654,0.87831007,0.01440725,1.01780633
circles,random_unitary,512,655,0.86536376,0.081605,1.01361616
circles,random_unitary,512,656,0.87391061,0.01621358,1.0084862
circles,random_unitary,512,657,0.86708137,0.20325489,0.99571277
circles,random_unitary,512,658,0.87815964,0.03298101,1.00692837
circles,random_unitary,512,659,0.86907033,0.04865815,1.00822939
circles,random_unitary,512,660,0.87370097,0.01640365,0.98481325
circles,random_unitary,512,661,0.87718375,0.00933356,1.02489681
circles,random_unitary,512,662,0.86987023,0.0532569,1.00573286
circles,random_unitary,512,663,0.87586919,0.01543246,0.99079539
circles,random_unitary,512,664,0.86264552,0.02643636,1.00446283
circles,random_unitary,512,665,0.87179328,0.0351194,1.01441827
circles,random_unitary,512,666,0.87694826,0.03526247,1.01419833
circles,random_unitary,512,667,0.8701246,0.05433389,0.99182045
circles,random_unitary,512,668,0.87178111,0.02953524,1.02781458
circles,random_unitary,512,669,0.86198002,0.00440985,1.0177037
circles,random_unitary,512,670,0.87491474,0.00335325,1.00346434
circles,random_unitary,512,671,0.87386845,0.02108216,0.99808425
circles,random_unitary,512,672,0.86879051,0.01683548,0.98014644
circles,random_unitary,512,673,0.87644551,0.0650416,0.97083803
circles,random_unitary,512,674,0.86598061,0.04327575,1.0084786
circles,random_unitary,512,675,0.87571863,0.00879324,0.99714321
circles,random_unitary,512,676,0.86808955,0.00369934,1.01656036
circles,random_unitary,512,677,0.8742607,0.05371203,1.01334244
circles,random_unitary,512,678,0.87463427,0.02534591,1.00665403
circles,random_unitary,512,679,0.87279794,0.04204486,0.97681708
circles,random_unitary,512,680,0.86094255,0.06924126,1.0052658
circles,random_unitary,512,681,0.86611324,0.0697744,1.00868447
circles,random_unitary,512,682,0.87738483,0.06038559,1.01117432
circles,random_unitary,512,683,0.86688441,0.05213898,1.00572672
circles,random_unitary,512,684,0.86685944,0.01355915,1.00474704
circles,random_unitary,512,685,0.87371772,0.01798097,1.03031783
circles,random_unitary,512,686,0.87047366,0.04289036,0.98446439
circles,random_unitary,512,687,0.87223075,0.03588258,1.03568171
circles,random_unitary,512,688,0.86347633,0.02407173,0.97840512
circles,random_unitary,512,689,0.87490022,0.07488187,0.9763156
circles,random_unitary,512,690,0.86814529,0.0103372,1.01707226
circles,random_unitary,512,691,0.8784495,0.04300318,1.0202343
circles,random_unitary,512,692,0.87651308,0.00885549,1.01009331
circles,random_unitary,512,693,0.86911862,0.04756237,1.00396481
circles,random_unitary,512,694,0.86767321,0.00879214,0.99421833
circles,random_unitary,512,695,0.87800809,0.0208527,1.00711558
circles,random_unitary,512,696,0.87565792,0.03809942,0.99181024
circles,random_unitary,512,697,0.86833209,0.00714053,0.98954392
circles,random_unitary,512,698,0.87390668,0.06836397,0.98716695
circles,random_unitary,512,699,0.87506541,0.0161456,1.00471982
circles,random_unitary,512,700,0.87531874,0.02823982,0.99692164
circles,random_unitary,512,701,0.86312396,0.01789303,0.98291243
circles,random_unitary,512,702,0.86508695,0.04766526,1.00201437
circles,random_unitary,512,703,0.87882035,0.07591389,0.99937594
circles,random_unitary,512,704,0.87114839,0.02394993,1.00730237
circles,random_unitary,512,705,0.87387488,0.01481202,1.00583761
circles,random_unitary,512,706,0.8716409,0.02505214,0.99484574
circles,random_unitary,512,707,0.87692819,0.03426883,1.00388653
circles,random_unitary,512,708,0.86943151,0.09021725,0.98818037
circles,random_unitary,512,709,0.87003271,0.04688354,0.98573504
circles,random_unitary,512,710,0.86979905,0.06772744,0.99667371
circles,random_unitary,512,711,0.88052887,0.03158744,1.00462397
circles,random_unitary,512,712,0.86563763,0.02234182,1.00420159
circles,random_unitary,512,713,0.86926283,0.04406044,1.00969904
circles,random_unitary,512,714,0.87586467,0.00192634,1.0187471
circles,random_unitary,512,715,0.86543736,0.04562479,0.9876076
circles,random_unitary,512,716,0.87478143,0.00408016,1.00879612
circles,random_unitary,512,717,0.87941504,0.00186234,0.99267328
circles,random_unitary,512,718,0.87088163,0.06222134,0.98734127
circles,random_unitary,512,719,0.86608692,0.05549368,1.02328924
circles,random_unitary,512,720,0.8595963,0.0015394,0.9778761
circles,random_unitary,512,721,0.88191883,0.02138885,1.01681516
circles,random_unitary,512,722,0.8688012,0.00028385,0.97868185
circles,random_unitary,512,723,0.86248058,0.06189395,1.01278018
circles,random_unitary,512,724,0.8778209,0.08561308,0.9947167
circles,random_unitary,512,725,0.8710216,0.09209114,1.02102863
circles,random_unitary,512,726,0.86993109,0.06013536,0.97973509
circles,random_unitary,512,727,0.86547918,0.07020069,1.00643516
circles,random_unitary,512,728,0.87679155,0.05241786,0.9995018
circles,random_unitary,512,729,0.86703328,0.03174769,1.02511436
circles,random_unitary,512,730,0.8728513,0.13378221,0.98366037
circles,random_unitary,512,731,0.8663079,0.04910795,0.98170657
circles,random_unitary,512,732,0.87629391,0.01884432,0.99675761
circles,random_unitary,512,733,0.86612819,0.08729864,1.01085501
circles,random_unitary,512,734,0.87196352,0.03259606,0.99469438
circles,random_unitary,512,735,0.87315758,0.05088292,1.00483551
circles,random_unitary,512,736,0.8733511,0.00514461,1.00585226
circles,random_unitary,512,737,0.88071903,0.10010084,1.01240196
circles,random_unitary,512,738,0.87729116,0.02628146,0.98703103
circles,random_unitary,512,739,0.86516802,0.07479838,0.98487792
circles,random_unitary,512,740,0.8741819,0.06224834,1.00534824
circles,random_unitary,512,741,0.87445712,0.01434061,1.01176215
circles,random_unitary,512,742,0.87550052,0.05022374,0.98276103
circles,random_unitary,512,743,0.87096814,0.09483194,0.99901828
circles,random_unitary,512,744,0.87192214,0.02555654,0.99856455
circles,random_unitary,512,745,0.8731241,0.05480733,0.99893256
circles,random_unitary,512,746,0.8692575,0.06926425,1.0037231
circles,random_unitary,512,747,0.87428871,0.01759236,0.97893746
circles,random_unitary,512,748,0.87309436,0.02534842,1.0136876
circles,random_unitary,512,749,0.86775537,0.04396106,1.0075175
circles,random_unitary,512,750,0.86946167,0.03256631,1.00971402
circles,random_unitary,512,751,0.88129708,0.00631003,1.00730306
circles,random_unitary,512,752,0.87353503,0.00716013,0.9734555
circles,random_unitary,512,753,0.86639246,0.00333855,1.01189928
circles,random_unitary,512,754,0.88498399,0.04303924,0.99433021
circles,random_unitary,512,755,0.86765113,0.00292865,0.98691696
circles,random_unitary,512,756,0.85338317,0.09186898,0.97593062
circles,random_unitary,512,757,0.87959035,0.00605716,1.00530262
circles,random_unitary,512,758,0.86842839,0.06830425,0.99316613
circles,random_unitary,512,759,0.85845248,0.05128764,0.95893465
circles,random_unitary,512,760,0.86706059,0.09241817,1.00014739
circles,random_unitary,512,761,0.86396553,0.01848003,0.99314209
circles,random_unitary,512,762,0.8655865,0.03870519,1.04175286
circles,random_unitary,512,763,0.87459177,0.05378364,1.02523407
circles,random_unitary,512,764,0.86948162,0.05774745,1.02071422
circles,random_unitary,512,765,0.87642775,0.02757716,0.99144872
circles,random_unitary,512,766,0.86086184,0.06868278,0.98119446
circles,random_unitary,512,767,0.87609006,0.01739835,0.98124392
circles,random_unitary,512,768,0.87407755,0.02281839,0.98528742
circles,random_unitary,512,769,0.87666496,0.04104276,0.98247663
circles,random_unitary,512,770,0.86195149,0.04653379,0.98492817
circles,random_unitary,512,771,0.87371075,0.02491029,0.97114083
circles,random_unitary,512,772,0.86483441,0.06257406,1.01235204
circles,random_unitary,512,773,0.86134958,0.06495554,0.9915009
circles,random_unitary,512,774,0.87837252,0.05702742,1.00027126
circles,random_unitary,512,775,0.86678327,0.01824416,0.99359445
circles,random_unitary,512,776,0.86432717,0.06111796,0.99274304
circles,random_unitary,512,777,0.8754183,0.08580912,1.01465171
circles,random_unitary,512,778,0.87438431,0.00766742,0.99097334
circles,random_unitary,512,779,0.8639893,0.03792948,1.00097771
circles,random_unitary,512,780,0.86144734,0.06994878,0.99148873
circles,random_unitary,512,781,0.86301311,0.00034752,0.99530492
circles,random_unitary,512,782,0.86700533,0.06003624,1.00182194
circles,random_unitary,512,783,0.87534964,0.061864,1.00091145
circles,random_unitary,512,784,0.87746516,0.07165594,1.02635653
circles,random_unitary,512,785,0.87123902,0.02394639,0.99902227
circles,random_unitary,512,786,0.87053704,0.1780468,0.98330209
circles,random_unitary,512,787,0.86433527,0.06446363,0.99839341
circles,random_unitary,512,788,0.86446894,0.07486471,1.01024113
circles,random_unitary,512,789,0.87277233,0.02634128,0.98287427
circles,random_unitary,512,790,0.86981893,0.00108898,1.01292745
circles,random_unitary,512,791,0.86797663,0.04168601,1.02981025
circles,random_unitary,512,792,0.8770937,0.05306136,1.00805289
circles,random_unitary,512,793,0.88693758,0.0346348,0.99975928
circles,random_unitary,512,794,0.87041385,0.05685687,1.0086909
circles,random_unitary,512,795,0.86784603,0.01789223,0.97122039
circles,random_unitary,512,796,0.86900647,0.0788964,0.97898618
circles,random_unitary,512,797,0.86721619,0.04482262,1.00471402
circles,random_unitary,512,798,0.87119654,0.07890548,0.99727537
circles,random_unitary,512,799,0.8643003,0.03196965,1.00083974
circles,random_unitary,512,800,0.8696579,0.03306384,0.98461208
circles,random_unitary,512,801,0.86863447,0.01118037,1.00290996
circles,random_unitary,512,802,0.86328548,0.01404677,1.02421464
circles,random_unitary,512,803,0.86517038,0.01833674,0.98616118
circles,random_unitary,512,804,0.86748991,0.06428711,1.00794221
circles,random_unitary,512,805,0.87878552,0.02960716,1.01154536
circles,random_unitary,512,806,0.88007596,0.09392157,1.00200264
circles,random_unitary,512,807,0.87190955,0.0085672,0.99958556
circles,random_unitary,512,808,0.86728666,0.03375322,1.01064187
circles,random_unitary,512,809,0.87599215,0.01220643,1.00569875
circles,random_unitary,512,810,0.87965095,0.03510846,0.9997835
circles,random_unitary,512,811,0.86830538,0.08917704,0.99044692
circles,random_unitary,512,812,0.87107317,0.02921067,1.00633099
circles,random_unitary,512,813,0.87195046,0.06885448,1.01794535
circles,random_unitary,512,814,0.87694137,0.08253208,0.99186395
circles,random_unitary,512,815,0.87392451,0.02211873,1.00928034
circles,random_unitary,512,816,0.87649207,0.00621731,0.9785659
circles,random_unitary,512,817,0.86664849,0.02600788,0.99380479
circles,random_unitary,512,818,0.87124489,0.09002638,0.98223183
circles,random_unitary,512,819,0.87928806,0.01552961,0.98453302
circles,random_unitary,512,820,0.86548924,0.01434883,0.99946247
circles,random_unitary,512,821,0.86120199,0.00435004,1.02526789
circles,random_unitary,512,822,0.86068584,0.01277078,0.98448699
circles,random_unitary,512,823,0.87012838,0.0297869,0.98633785
circles,random_unitary,512,824,0.87171929,0.07025948,1.01194543
circles,random_unitary,512,825,0.86454138,0.0252216,0.98776732
circles,random_unitary,512,826,0.87323043,0.01834301,1.00321545
circles,random_unitary,512,827,0.86642279,0.01060432,1.00538194
circles,random_unitary,512,828,0.87397962,0.08254923,0.99836052
circles,random_unitary,512,829,0.87170704,0.09483739,0.99914115
circles,random_unitary,512,830,0.86518301,0.01251961,0.99238806
circles,random_unitary,512,831,0.86660817,0.0816924,1.0200193
circles,random_unitary,512,832,0.8722322,0.08563724,0.99710708
circles,random_unitary,512,833,0.87261597,0.07801772,0.98467019
circles,random_unitary,512,834,0.87382576,0.04085062,0.97433359
circles,random_unitary,512,835,0.86881464,0.03765167,0.97591452
circles,random_unitary,512,836,0.87175117,0.01528886,1.00541708
circles,random_unitary,512,837,0.86463051,0.00031904,0.9958144
circles,random_unitary,512,838,0.86835105,0.04555952,1.00227848
circles,random_unitary,512,839,0.86806494,0.00062574,0.98346423
circles,random_unitary,512,840,0.8684885,0.09321694,1.00401256
circles,random_unitary,512,841,0.88209097,0.00485981,1.01394817
circles,random_unitary,512,842,0.86742585,0.02536609,0.99938565
circles,random_unitary,512,843,0.86501256,0.08988458,0.99072597
circles,random_unitary,512,844,0.87475531,0.03482102,1.00291646
circles,random_unitary,512,845,0.87664262,0.04125321,1.01377626
circles,random_unitary,512,846,0.86427305,0.07278457,0.96782065
circles,random_unitary,512,847,0.87293693,0.01369167,1.01003292
circles,random_unitary,512,848,0.86927151,0.00301902,0.97892072
circles,random_unitary,512,849,0.86826969,0.0492911,1.01181398
circles,random_unitary,512,850,0.87313354,0.01158244,0.97555205
circles,random_unitary,512,851,0.87065275,0.0194419,0.99851926
circles,random_unitary,512,852,0.86905419,0.01150204,1.00431834
circles,random_unitary,512,853,0.85883386,0.01749028,1.00859012
circles,random_unitary,512,854,0.86707619,0.00836859,0.99195019
circles,random_unitary,512,855,0.8679642,0.00771734,0.99457353
circles,random_unitary,512,856,0.86357829,0.00436592,0.9976722
circles,random_unitary,512,857,0.8764131,0.01104907,1.02176114
circles,random_unitary,512,858,0.87277639,0.0593498,0.97822337
circles,random_unitary,512,859,0.86403761,0.04628827,1.00456502
circles,random_unitary,512,860,0.8726893,0.01388032,1.03045167
circles,random_unitary,512,861,0.87888155,0.0579802,1.00514919
circles,random_unitary,512,862,0.87590451,0.05110748,1.02314027
circles,random_unitary,512,863,0.8632811,0.00543678,0.98943199
circles,random_unitary,512,864,0.88024224,0.02304024,1.02345227
circles,random_unitary,512,865,0.86401395,0.01021729,0.9862324
circles,random_unitary,512,866,0.8725435,0.02539442,0.99890083
circles,random_unitary,512,867,0.86372669,0.00046634,0.9967645
circles,random_unitary,512,868,0.87331984,0.02633177,1.00488787
circles,random_unitary,512,869,0.86850449,0.01426087,0.96968516
circles,random_unitary,512,870,0.87156629,1.36e-06,1.00253796
circles,random_unitary,512,871,0.87834319,0.09192367,0.97838872
circles,random_unitary,512,872,0.8723155,0.01096552,0.98662717
circles,random_unitary,512,873,0.87499276,0.0880909,1.00022237
circles,random_unitary,512,874,0.87229882,0.03787776,1.02014958
circles,random_unitary,512,875,0.87348801,0.00488619,0.97631418
circles,random_unitary,512,876,0.86809963,0.02886729,0.98948637
circles,random_unitary,512,877,0.86730295,0.03353795,1.00711675
circles,random_unitary,512,878,0.86438336,0.06021956,0.9859211
circles,random_unitary,512,879,0.87048244,0.02276913,0.97422473
circles,random_unitary,512,880,0.8727429,0.01925305,0.99646735
circles,random_unitary,512,881,0.86350942,0.03484198,1.00168928
circles,random_unitary,512,882,0.87651564,0.02126825,1.00200208
circles,random_unitary,512,883,0.85749928,0.0372726,0.96206021
circles,random_unitary,512,884,0.8750785,0.00585291,0.99776408
circles,random_unitary,512,885,0.87111191,0.01239268,1.02270939
circles,random_unitary,512,886,0.8737059,0.02234578,0.97168255
circles,random_unitary,512,887,0.87723241,0.01061924,0.99305053
circles,random_unitary,512,888,0.86875101,0.1111409,1.01829115
circles,random_unitary,512,889,0.86310235,0.07854665,0.99816244
circles,random_unitary,512,890,0.87467334,0.07971671,0.98706601
circles,random_unitary,512,891,0.8721108,0.08289293,0.99657124
circles,random_unitary,512,892,0.87649303,0.01898044,0.99485993
circles,random_unitary,512,893,0.87439622,0.02992709,1.02610151
circles,random_unitary,512,894,0.87989809,0.05608942,0.99798627
circles,random_unitary,512,895,0.87728489,0.08165229,1.01358972
circles,random_unitary,512,896,0.86554873,0.01190389,0.99886471
circles,random_unitary,512,897,0.87002853,0.03365935,0.98371248
circles,random_unitary,512,898,0.86979494,0.03743182,0.99757124
circles,random_unitary,512,899,0.86112641,0.05782996,0.99799326
circles,random_unitary,512,900,0.87338084,0.0173539,0.99541235
circles,random_unitary,512,901,0.87599637,0.03758662,1.02334758
circles,random_unitary,512,902,0.86271421,0.07318219,1.00184246
circles,random_unitary,512,903,0.86532907,0.05990123,0.98942354
circles,random_unitary,512,904,0.87827459,0.02573002,0.97118863
circles,random_unitary,512,905,0.8735172,0.00510706,0.98605691
circles,random_unitary,512,906,0.87758157,0.05505193,1.0002935
circles,random_unitary,512,907,0.86407042,0.0647709,0.99655908
circles,random_unitary,512,908,0.86654904,0.00300076,1.01960415
circles,random_unitary,512,909,0.86926176,0.03024238,0.97538736
circles,random_unitary,512,910,0.86357593,0.03973472,1.01928037
circles,random_unitary,512,911,0.87211358,0.02711739,0.99634326
circles,random_unitary,512,912,0.87290204,0.04504754,1.00212572
circles,random_unitary,512,913,0.88875286,0.00904157,0.98721746
circles,random_unitary,512,914,0.86779465,0.06236432,1.01378326
circles,random_unitary,512,915,0.85890017,0.08941152,0.99645161
circles,random_unitary,512,916,0.87688618,0.03576049,1.00802738
circles,random_unitary,512,917,0.87404462,0.07723705,0.96224055
circles,random_unitary,512,918,0.86765363,0.05839887,1.02792097
circles,random_unitary,512,919,0.86803251,0.0041461,0.99944219
circles,random_unitary,512,920,0.86995374,0.01404675,1.01849522
circles,random_unitary,512,921,0.88387407,0.05542782,0.98716176
circles,random_unitary,512,922,0.87808802,0.00661144,0.96986909
circles,random_unitary,512,923,0.87275934,0.0501415,0.97927579
circles,random_unitary,512,924,0.86875954,0.02778577,0.98660909
circles,random_unitary,512,925,0.86535234,0.0008906,0.97893991
circles,random_unitary,512,926,0.87931948,0.00231659,1.02792718
circles,random_unitary,512,927,0.87131482,0.05601312,1.03978197
circles,random_unitary,512,928,0.86995726,0.0761419,1.00372018
circles,random_unitary,512,929,0.86982364,0.03376039,1.01537618
circles,random_unitary,512,930,0.87185459,0.01657756,0.97772356
circles,random_unitary,512,931,0.87542416,0.07102069,0.99446298
circles,random_unitary,512,932,0.86880019,0.03215676,1.00159258
circles,random_unitary,512,933,0.88380963,0.02701769,0.98095061
circles,random_unitary,512,934,0.86761826,0.09875261,1.00613333
circles,random_unitary,512,935,0.8742229,0.00912805,0.98510974
circles,random_unitary,512,936,0.87747889,0.05083854,1.00557076
circles,random_unitary,512,937,0.8728626,0.1263565,1.00520222
circles,random_unitary,512,938,0.87752821,0.02454047,0.99441832
circles,random_unitary,512,939,0.87465025,0.00048309,0.96385895
circles,random_unitary,512,940,0.86153801,0.01137962,0.98099761
circles,random_unitary,512,941,0.86806734,0.05401671,0.98228491
circles,random_unitary,512,942,0.88278406,0.02750005,0.97978765
circles,random_unitary,512,943,0.86941649,0.02854272,1.00149866
circles,random_unitary,512,944,0.87962611,0.07047228,1.00779234
circles,random_unitary,512,945,0.8648556,0.02391698,1.00350367
circles,random_unitary,512,946,0.88058585,0.02717476,1.00528984
circles,random_unitary,512,947,0.86586145,0.00299366,1.01481072
circles,random_unitary,512,948,0.86524643,0.04021249,1.0032895
circles,random_unitary,512,949,0.87019,0.00931381,1.01451834
circles,random_unitary,512,950,0.86801792,0.04095195,0.97773892
circles,random_unitary,512,951,0.86638019,0.02115728,0.98292505
circles,random_unitary,512,952,0.87159786,0.00190052,1.01999533
circles,random_unitary,512,953,0.8794999,0.04855738,0.98907895
circles,random_unitary,512,954,0.86854043,0.05406908,1.0075299
circles,random_unitary,512,955,0.88594734,0.05834629,1.04737977
circles,random_unitary,512,956,0.86849898,0.00560448,0.98297507
circles,random_unitary,512,957,0.88330583,0.0067551,1.00796192
circles,random_unitary,512,958,0.86680464,0.05028284,0.97683385
circles,random_unitary,512,959,0.87099045,0.00501476,0.9805901
circles,random_unitary,512,960,0.87183304,0.01298495,0.98428733
circles,random_unitary,512,961,0.86912576,0.01469916,1.00303814
circles,random_unitary,512,962,0.87833322,0.07114692,1.02201433
circles,random_unitary,512,963,0.86300157,0.06385946,0.99084566
circles,random_unitary,512,964,0.86537095,0.11370452,1.00997863
circles,random_unitary,512,965,0.86542439,0.08876738,0.99633746
circles,random_unitary,512,966,0.86868226,0.01852129,1.01100751
circles,random_unitary,512,967,0.86681754,0.02114642,0.97671712
circles,random_unitary,512,968,0.87114778,0.00516936,1.00870461
circles,random_unitary,512,969,0.87647126,0.05381168,1.00587283
circles,random_unitary,512,970,0.86865328,0.01285886,1.01641069
circles,random_unitary,512,971,0.87761919,0.00576048,1.00238506
circles,random_unitary,512,972,0.8698216,0.00835981,0.98334143
circles,random_unitary,512,973,0.88221693,0.04597322,1.0214643
circles,random_unitary,512,974,0.87067655,0.01869353,0.99572376
circles,random_unitary,512,975,0.87886853,0.01561772,1.01327366
circles,random_unitary,512,976,0.87401292,0.00029738,0.98496241
circles,random_unitary,512,977,0.88001299,0.02607975,0.98422077
circles,random_unitary,512,978,0.87232368,0.00947688,0.95858365
circles,random_unitary,512,979,0.86939986,0.0575303,0.99646815
circles,random_unitary,512,980,0.87171536,0.01632835,0.99717619
circles,random_unitary,512,981,0.87013698,0.00077064,0.989834
circles,random_unitary,512,982,0.86845056,0.03908085,1.00605785
circles,random_unitary,512,983,0.87476288,0.1129147,1.00438992
circles,random_unitary,512,984,0.88018443,0.02012607,1.00789675
circles,random_unitary,512,985,0.87198537,0.06778837,1.01321597
circles,random_unitary,512,986,0.86311464,0.0850428,1.01875525
circles,random_unitary,512,987,0.87061391,0.01413343,1.01693693
circles,random_unitary,512,988,0.87303574,0.00614625,0.96296846
circles,random_unitary,512,989,0.88201548,0.04597219,1.02796705
circles,random_unitary,512,990,0.87378819,0.00070942,1.00840315
circles,random_unitary,512,991,0.87289582,0.02464775,0.98890264
circles,random_unitary,512,992,0.86781809,0.02293184,1.00827111
circles,random_unitary,512,993,0.87493306,0.00481542,1.00235349
circles,random_unitary,512,994,0.86169052,0.01254725,0.98755854
circles,random_unitary,512,995,0.87068012,0.01925509,0.99471282
circles,random_unitary,512,996,0.86689605,0.05226975,1.02648808
circles,random_unitary,512,997,0.87126557,0.04169376,1.01256767
circles,random_unitary,512,998,0.86832852,0.03104682,1.00715148
circles,random_unitary,512,999,0.87596997,0.06770979,0.99088773
circles,random_unitary,1024,0,0.86742346,0.10910568,0.98695146
circles,random_unitary,1024,1,0.875724,0.00292692,1.00015953
circles,random_unitary,1024,2,0.86121463,0.02034573,0.98491865
circles,random_unitary,1024,3,0.8845859,0.07119876,0.99197448
circles,random_unitary,1024,4,0.8685188,0.04635774,1.02907426
circles,random_unitary,1024,5,0.88203645,0.07027083,1.0204493
circles,random_unitary,1024,6,0.86706169,0.03190035,0.98553849
circles,random_unitary,1024,7,0.87753891,0.02797752,0.96835036
circles,random_unitary,1024,8,0.8780576,0.03076268,0.97201817
circles,random_unitary,1024,9,0.87302637,0.01924381,0.99623824
circles,random_unitary,1024,10,0.88016981,0.05009158,1.00379846
circles,random_unitary,1024,11,0.87152956,0.005352,1.01675777
circles,random_unitary,1024,12,0.87285904,0.04023898,0.9933722
circles,random_unitary,1024,13,0.87072233,0.0472761,0.97595965
circles,random_unitary,1024,14,0.88219506,0.07289433,0.99511662
circles,random_unitary,1024,15,0.86297376,0.12744465,0.99572585
circles,random_unitary,1024,16,0.86808694,0.05847948,0.99533535
circles,random_unitary,1024,17,0.86685417,0.01075002,0.99684957
circles,random_unitary,1024,18,0.86367203,0.03821713,0.98647527
circles,random_unitary,1024,19,0.87180848,0.06419328,0.98532754
circles,random_unitary,1024,20,0.87481457,0.04321743,0.99199437
circles,random_unitary,1024,21,0.87811294,0.03971759,0.99688099
circles,random_unitary,1024,22,0.86619005,0.05947286,1.00304234
circles,random_unitary,1024,23,0.88016434,0.07476468,0.98536676
circles,random_unitary,1024,24,0.88013525,0.00582454,1.01869525
circles,random_unitary,1024,25,0.86867272,0.07257749,1.02623542
circles,random_unitary,1024,26,0.86265287,0.02157326,0.98517913
circles,random_unitary,1024,27,0.87040485,0.07863044,0.98992108
circles,random_unitary,1024,28,0.85815954,0.01078602,0.97742291
circles,random_unitary,1024,29,0.87285691,0.00057888,1.01008771
circles,random_unitary,1024,30,0.87248652,0.04541707,1.03554931
circles,random_unitary,1024,31,0.87988627,0.02313085,1.01526051
circles,random_unitary,1024,32,0.87053487,0.00207297,1.03442431
circles,random_unitary,1024,33,0.86537152,0.03518971,0.99808083
circles,random_unitary,1024,34,0.87021136,0.00329054,1.00268034
circles,random_unitary,1024,35,0.86575606,0.0941585,1.01176888
circles,random_unitary,1024,36,0.87473576,0.02585869,0.98930737
circles,random_unitary,1024,37,0.86892046,0.03837722,0.98243298
circles,random_unitary,1024,38,0.87043894,0.06793965,1.01690891
circles,random_unitary,1024,39,0.86856203,0.00533543,0.99058425
circles,random_unitary,1024,40,0.87326037,0.02114226,1.02013494
circles,random_unitary,1024,41,0.87883235,0.05961272,1.01143668
circles,random_unitary,1024,42,0.88434166,0.02158288,1.01412531
circles,random_unitary,1024,43,0.86875661,0.02845184,0.98255988
circles,random_unitary,1024,44,0.87321517,0.00729582,1.00648206
circles,random_unitary,1024,45,0.87233951,0.01193803,1.01063645
circles,random_unitary,1024,46,0.87145713,0.04927176,0.98883875
circles,random_unitary,1024,47,0.88062258,0.02831655,1.0056696
circles,random_unitary,1024,48,0.87128448,0.01792124,1.01133673
circles,random_unitary,1024,49,0.86746512,0.044651,1.01190068
circles,random_unitary,1024,50,0.87673021,0.07697538,0.99736013
circles,random_unitary,1024,51,0.86474823,0.07233577,0.98996004
circles,random_unitary,1024,52,0.8676941,0.06682682,0.98804533
circles,random_unitary,1024,53,0.87540457,0.10235087,1.01616512
circles,random_unitary,1024,54,0.86967918,0.0800976,0.99043488
circles,random_unitary,1024,55,0.8652617,0.00607526,1.00248266
circles,random_unitary,1024,56,0.86707895,0.03423309,1.00318785
circles,random_unitary,1024,57,0.87315825,0.02351182,0.96713053
circles,random_unitary,1024,58,0.86930632,0.01112714,0.98989374
circles,random_unitary,1024,59,0.87135441,0.01087158,0.99380948
circles,random_unitary,1024,60,0.86897808,0.0409102,0.9729088
circles,random_unitary,1024,61,0.86444787,0.00189358,0.99557047
circles,random_unitary,1024,62,0.86949429,0.05394306,0.97950838
circles,random_unitary,1024,63,0.87055394,0.03042857,0.98558882
circles,random_unitary,1024,64,0.87548298,0.00578331,1.01312437
circles,random_unitary,1024,65,0.8655561,0.03507259,1.00635541
circles,random_unitary,1024,66,0.88217915,0.03957719,1.00800102
circles,random_unitary,1024,67,0.87393955,0.00817781,1.01096107
circles,random_unitary,1024,68,0.87675165,0.1393799,1.01037846
circles,random_unitary,1024,69,0.87232891,0.11732468,1.00927307
circles,random_unitary,1024,70,0.87474383,0.04127786,0.97100856
circles,random_unitary,1024,71,0.87090577,0.00901624,1.01024463
circles,random_unitary,1024,72,0.87914513,0.01884552,1.00484406
circles,random_unitary,1024,73,0.87009788,0.10922993,1.00986544
circles,random_unitary,1024,74,0.86756159,0.05069415,0.98755847
circles,random_unitary,1024,75,0.87891078,0.00069344,0.96790288
circles,random_unitary,1024,76,0.85995431,0.00575091,1.00402383
circles,random_unitary,1024,77,0.86583692,0.00685176,0.98209416
circles,random_unitary,1024,78,0.86627976,0.06147646,0.97699146
circles,random_unitary,1024,79,0.86906624,0.03659173,1.01276186
circles,random_unitary,1024,80,0.8808091,0.03687964,0.99965785
circles,random_unitary,1024,81,0.87651812,0.0500424,0.99204097
circles,random_unitary,1024,82,0.86447085,0.03915016,0.99986683
circles,random_unitary,1024,83,0.87055113,0.07344836,0.99931547
circles,random_unitary,1024,84,0.88481403,0.04176753,1.00349666
circles,random_unitary,1024,85,0.87166861,0.03527473,0.991637
circles,random_unitary,1024,86,0.87729844,0.06496493,1.0058441
circles,random_unitary,1024,87,0.88103325,0.01079272,1.00644436
circles,random_unitary,1024,88,0.87097513,0.03319771,0.99431831
circles,random_unitary,1024,89,0.87583811,0.05300594,0.99763371
circles,random_unitary,1024,90,0.8731475,0.02060165,1.0014851
circles,random_unitary,1024,91,0.86929521,0.07220901,1.00889882
circles,random_unitary,1024,92,0.86670763,0.0369201,0.99858385
circles,random_unitary,1024,93,0.86976699,0.02583632,0.98338936
circles,random_unitary,1024,94,0.874605,0.03647244,1.00684995
circles,random_unitary,1024,95,0.87682237,0.07289384,0.98140283
circles,random_unitary,1024,96,0.87280255,0.0051875,0.98238261
circles,random_unitary,1024,97,0.87382614,0.04312987,1.00296514
circles,random_unitary,1024,98,0.87506301,0.01941273,0.99171814
circles,random_unitary,1024,99,0.879454,0.04238254,1.0117252
circles,random_unitary,1024,100,0.86164145,0.02649156,0.99056374
circles,random_unitary,1024,101,0.87809145,0.05659665,0.99015019
circles,random_unitary,1024,102,0.87529247,0.05997121,1.0099359
circles,random_unitary,1024,103,0.86952232,0.06365672,1.01330007
circles,random_unitary,1024,104,0.87560026,0.05375876,1.00255779
circles,random_unitary,1024,105,0.86847125,0.05178647,0.99206126
circles,random_unitary,1024,106,0.86649632,0.00348167,1.02716149
circles,random_unitary,1024,107,0.87219679,0.01232141,0.99492476
circles,random_unitary,1024,108,0.86953853,0.087318,0.99455572
circles,random_unitary,1024,109,0.86632737,0.01491724,0.9900312
circles,random_unitary,1024,110,0.87269576,0.06817422,1.0208587
circles,random_unitary,1024,111,0.86561158,0.03511569,0.98739744
circles,random_unitary,1024,112,0.8625558,0.05138722,1.00755269
circles,random_unitary,1024,113,0.87372689,0.00691921,1.01108999
circles,random_unitary,1024,114,0.86937613,0.07481016,1.02212732
circles,random_unitary,1024,115,0.86759995,0.01051607,0.99542099
circles,random_unitary,1024,116,0.88135715,0.02885594,1.004706
circles,random_unitary,1024,117,0.86413641,0.06385168,1.01252523
circles,random_unitary,1024,118,0.86326178,0.01225715,1.00983429
circles,random_unitary,1024,119,0.87280529,0.04274068,0.99491473
circles,random_unitary,1024,120,0.87180706,0.02833003,1.00161503
circles,random_unitary,1024,121,0.87658802,0.03370792,1.00958696
circles,random_unitary,1024,122,0.8728956,0.03122249,0.99553129
circles,random_unitary,1024,123,0.88057878,0.01526843,0.97535204
circles,random_unitary,1024,124,0.87037198,0.00432286,0.99276278
circles,random_unitary,1024,125,0.87174164,0.04052043,0.99935978
circles,random_unitary,1024,126,0.87077362,0.07804671,0.98683943
circles,random_unitary,1024,127,0.87703792,0.01785139,0.99318704
circles,random_unitary,1024,128,0.85398168,0.02507474,1.02295572
circles,random_unitary,1024,129,0.87704721,0.07153759,0.98542125
circles,random_unitary,1024,130,0.86919628,0.02017097,1.03316996
circles,random_unitary,1024,131,0.87771771,0.03942638,1.00132329
circles,random_unitary,1024,132,0.87112073,0.01986231,1.01992046
circles,random_unitary,1024,133,0.86208529,0.02325046,1.00041396
circles,random_unitary,1024,134,0.86564404,0.00822163,0.98183419
circles,random_unitary,1024,135,0.86742141,0.01369867,0.97221687
circles,random_unitary,1024,136,0.86501407,0.05886269,1.01005324
circles,random_unitary,1024,137,0.86984872,0.00269891,0.9962251
circles,random_unitary,1024,138,0.8645225,0.01296284,1.01618729
circles,random_unitary,1024,139,0.86099532,0.06286293,1.00643554
circles,random_unitary,1024,140,0.86972551,0.04797125,0.98933909
circles,random_unitary,1024,141,0.8734149,0.01226965,1.00790158
circles,random_unitary,1024,142,0.88016615,0.01639758,0.97282393
circles,random_unitary,1024,143,0.87211569,0.03473319,0.96711755
circles,random_unitary,1024,144,0.87504931,0.07798227,1.00935955
circles,random_unitary,1024,145,0.87546073,0.07872663,1.00025403
circles,random_unitary,1024,146,0.86996038,0.0670447,1.03255809
circles,random_unitary,1024,147,0.8755129,0.02993625,0.9966779
circles,random_unitary,1024,148,0.86329063,0.0873143,0.99633538
circles,random_unitary,1024,149,0.88014882,0.0188298,1.04451715
circles,random_unitary,1024,150,0.87226278,0.02686857,0.99753773
circles,random_unitary,1024,151,0.87931737,0.0028641,1.0017314
circles,random_unitary,1024,152,0.87248442,0.03566022,1.0118581
circles,random_unitary,1024,153,0.86469375,0.06405098,1.01602414
circles,random_unitary,1024,154,0.86668072,0.06399114,0.99606087
circles,random_unitary,1024,155,0.86253555,0.07707609,1.0295494
circles,random_unitary,1024,156,0.86787423,0.00468314,1.02125114
circles,random_unitary,1024,157,0.88336908,0.02017951,1.01362783
circles,random_unitary,1024,158,0.87108246,0.11105474,0.98686317
circles,random_unitary,1024,159,0.85244195,0.03534113,1.01989906
circles,random_unitary,1024,160,0.86807992,0.04925657,1.02051166
circles,random_unitary,1024,161,0.86897453,0.00322761,0.95669977
circles,random_unitary,1024,162,0.88220927,0.10909319,1.0063536
circles,random_unitary,1024,163,0.87644572,0.01500012,0.97837527
circles,random_unitary,1024,164,0.87994113,0.02005056,0.99046439
circles,random_unitary,1024,165,0.87114314,0.09762886,1.01453074
circles,random_unitary,1024,166,0.86989366,0.0636603,0.98809113
circles,random_unitary,1024,167,0.87171128,0.00349699,0.99226917
circles,random_unitary,1024,168,0.87494714,0.02771324,0.99144668
circles,random_unitary,1024,169,0.8748049,0.04265452,0.99189826
circles,random_unitary,1024,170,0.8789331,0.03339952,0.99574749
circles,random_unitary,1024,171,0.87074556,0.06549343,0.99193424
circles,random_unitary,1024,172,0.86883224,0.00664567,1.01037297
circles,random_unitary,1024,173,0.8789188,0.03841093,0.98169855
circles,random_unitary,1024,174,0.86992783,0.00711061,0.98250928
circles,random_unitary,1024,175,0.87003661,0.01362145,1.00328649
circles,random_unitary,1024,176,0.86905802,0.04675494,0.99009579
circles,random_unitary,1024,177,0.8804102,0.04004456,1.01055934
circles,random_unitary,1024,178,0.86923454,0.02235309,1.01725593
circles,random_unitary,1024,179,0.87331478,0.07752898,0.98170548
circles,random_unitary,1024,180,0.87649871,0.00155469,1.00028332
circles,random_unitary,1024,181,0.8724172,0.07599559,1.00959128
circles,random_unitary,1024,182,0.86760137,0.0322278,0.98955254
circles,random_unitary,1024,183,0.8611639,0.03814152,1.00314415
circles,random_unitary,1024,184,0.87716648,0.02111316,1.00176688
circles,random_unitary,1024,185,0.87288534,0.06842078,1.0351912
circles,random_unitary,1024,186,0.87882958,0.08170537,1.02996255
circles,random_unitary,1024,187,0.87084099,0.00366157,1.00994818
circles,random_unitary,1024,188,0.86965523,0.05743949,1.02232954
circles,random_unitary,1024,189,0.87307743,0.10001536,0.99931475
circles,random_unitary,1024,190,0.88086518,0.00148687,1.01150082
circles,random_unitary,1024,191,0.86722587,0.05292509,0.99518479
circles,random_unitary,1024,192,0.87726237,0.06060172,0.97907166
circles,random_unitary,1024,193,0.87785693,0.00025313,1.01772625
circles,random_unitary,1024,194,0.87859092,0.03616284,0.98794055
circles,random_unitary,1024,195,0.8687355,0.0490775,1.04060667
circles,random_unitary,1024,196,0.87717148,0.0101018,0.98309723
circles,random_unitary,1024,197,0.86650718,0.04766656,0.99661492
circles,random_unitary,1024,198,0.8672879,0.01037991,1.00916383
circles,random_unitary,1024,199,0.87602181,0.10962624,0.9992356
circles,random_unitary,1024,200,0.86999534,0.00272364,1.00719526
circles,random_unitary,1024,201,0.87098159,0.01243166,1.02486868
circles,random_unitary,1024,202,0.86831523,0.07054747,1.00377117
circles,random_unitary,1024,203,0.87657506,0.12662149,0.98107827
circles,random_unitary,1024,204,0.87238465,0.04551671,0.99115969
circles,random_unitary,1024,205,0.88397284,0.06572628,1.02088934
circles,random_unitary,1024,206,0.86767582,0.01621759,1.022919
circles,random_unitary,1024,207,0.86517042,0.03594771,1.00086338
circles,random_unitary,1024,208,0.86421324,0.04674876,1.00051735
circles,random_unitary,1024,209,0.87320616,0.07593445,0.97455904
circles,random_unitary,1024,210,0.87312236,0.11066207,0.99635765
circles,random_unitary,1024,211,0.86995703,0.02036496,0.99527786
circles,random_unitary,1024,212,0.86889038,0.00870911,1.05293259
circles,random_unitary,1024,213,0.86998731,0.00893571,0.97506413
circles,random_unitary,1024,214,0.86575243,0.02480042,1.00258952
circles,random_unitary,1024,215,0.86868923,0.06342171,1.02983203
circles,random_unitary,1024,216,0.86887233,0.01315684,0.99129031
circles,random_unitary,1024,217,0.86574121,0.01728311,1.0077836
circles,random_unitary,1024,218,0.86111659,0.00323167,0.99871998
circles,random_unitary,1024,219,0.87011926,0.06762972,0.99460093
circles,random_unitary,1024,220,0.87365633,0.03562378,0.97168631
circles,random_unitary,1024,221,0.86741002,0.06477509,0.9840396
circles,random_unitary,1024,222,0.86335832,0.02917157,0.99242754
circles,random_unitary,1024,223,0.87674119,0.09753534,0.99433609
circles,random_unitary,1024,224,0.87182647,0.0356333,1.00571824
circles,random_unitary,1024,225,0.87325499,0.02521599,0.99671781
circles,random_unitary,1024,226,0.87604694,0.13051807,0.97892092
circles,random_unitary,1024,227,0.87554909,0.0191337,1.00007403
circles,random_unitary,1024,228,0.8769568,0.01851145,1.00801653
circles,random_unitary,1024,229,0.86333977,0.00420284,0.99851565
circles,random_unitary,1024,230,0.86690268,7.273e-05,0.99345733
circles,random_unitary,1024,231,0.87719454,0.07428942,0.9728314
circles,random_unitary,1024,232,0.86082655,0.01086881,0.98744664
circles,random_unitary,1024,233,0.87194908,0.06542605,0.98900014
circles,random_unitary,1024,234,0.87477847,0.11207853,1.0027622
circles,random_unitary,1024,235,0.87768144,0.01211854,1.00907617
circles,random_unitary,1024,236,0.87907599,0.04327202,1.00400154
circles,random_unitary,1024,237,0.87089166,0.07240534,0.99419972
circles,random_unitary,1024,238,0.86612222,0.02185527,1.03854518
circles,random_unitary,1024,239,0.88161309,0.02028601,1.00322449
circles,random_unitary,1024,240,0.87355748,0.04490826,1.00730366
circles,random_unitary,1024,241,0.87569257,0.01520315,0.98188101
circles,random_unitary,1024,242,0.86061918,0.04509655,1.00594258
circles,random_unitary,1024,243,0.86978793,0.11129351,0.96757785
circles,random_unitary,1024,244,0.86764829,0.01331535,0.99045118
circles,random_unitary,1024,245,0.87135243,0.0214006,0.99677926
circles,random_unitary,1024,246,0.87472014,0.0049553,0.99950009
circles,random_unitary,1024,247,0.86453141,0.09959626,1.00346296
circles,random_unitary,1024,248,0.86618294,0.05365127,1.01785891
circles,random_unitary,1024,249,0.86403863,0.12834917,0.98069113
circles,random_unitary,1024,250,0.8713608,0.03311559,1.02585042
circles,random_unitary,1024,251,0.86612012,0.04049552,1.02436068
circles,random_unitary,1024,252,0.87173703,0.07808999,0.98438395
circles,random_unitary,1024,253,0.86552667,0.00947476,1.00492568
circles,random_unitary,1024,254,0.86902521,0.02833489,1.00037693
circles,random_unitary,1024,255,0.87487753,0.01375686,0.99940383
circles,random_unitary,1024,256,0.86601382,0.00016096,0.99008688
circles,random_unitary,1024,257,0.86428106,0.08557641,0.98256159
circles,random_unitary,1024,258,0.86487254,0.00987337,1.02423886
circles,random_unitary,1024,259,0.87378034,0.05413583,0.99654332
circles,random_unitary,1024,260,0.87469683,0.01244817,0.99077223
circles,random_unitary,1024,261,0.87716602,0.00070335,1.01618879
circles,random_unitary,1024,262,0.87360648,0.10918117,0.9772768
circles,random_unitary,1024,263,0.87661482,0.04234105,0.99451855
circles,random_unitary,1024,264,0.86996214,0.03152432,0.99430088
circles,random_unitary,1024,265,0.86782786,0.09995609,0.99978237
circles,random_unitary,1024,266,0.87072112,0.01976634,1.01097938
circles,random_unitary,1024,267,0.87576994,0.03029214,1.02903885
circles,random_unitary,1024,268,0.87053401,0.04858903,0.99528787
circles,random_unitary,1024,269,0.86834693,0.04026146,0.98985229
circles,random_unitary,1024,270,0.8785138,0.00448583,0.96114669
circles,random_unitary,1024,271,0.86374674,0.04997355,1.02813843
circles,random_unitary,1024,272,0.87472814,0.00560237,0.99888803
circles,random_unitary,1024,273,0.86881625,0.07216806,0.9981618
circles,random_unitary,1024,274,0.87420071,0.04728585,0.99575585
circles,random_unitary,1024,275,0.87204341,0.04677249,1.00945372
circles,random_unitary,1024,276,0.86827832,0.03294004,0.98414651
circles,random_unitary,1024,277,0.873299,0.06345592,0.99849406
circles,random_unitary,1024,278,0.87633022,0.01305046,0.9811799
circles,random_unitary,1024,279,0.87451924,0.0058334,1.01883015
circles,random_unitary,1024,280,0.87512127,0.06911696,1.00372953
circles,random_unitary,1024,281,0.87284916,0.03120658,1.02770643
circles,random_unitary,1024,282,0.85292528,0.01763742,1.00598122
circles,random_unitary,1024,283,0.87738549,0.02016304,1.01381716
circles,random_unitary,1024,284,0.8712843,0.04725952,0.97162905
circles,random_unitary,1024,285,0.86561477,0.07280772,0.97957318
circles,random_unitary,1024,286,0.86211763,0.05750785,0.98629815
circles,random_unitary,1024,287,0.85747786,0.05867863,0.96628966
circles,random_unitary,1024,288,0.86564119,0.00405087,0.99755271
circles,random_unitary,1024,289,0.86627724,0.00247975,1.02791596
circles,random_unitary,1024,290,0.88236416,0.04315301,0.96969098
circles,random_unitary,1024,291,0.87163501,0.02795708,1.00829167
circles,random_unitary,1024,292,0.85796443,0.04311279,1.022015
circles,random_unitary,1024,293,0.86713455,0.11052973,0.96930826
circles,random_unitary,1024,294,0.86690337,0.01975707,1.01490827
circles,random_unitary,1024,295,0.86341982,0.09881695,1.00200933
circles,random_unitary,1024,296,0.87398609,0.00295591,1.00004435
circles,random_unitary,1024,297,0.87002644,0.02702724,0.94943872
circles,random_unitary,1024,298,0.87192397,0.14382292,1.00139482
circles,random_unitary,1024,299,0.86302155,0.02569094,1.00141004
circles,random_unitary,1024,300,0.86825535,0.02722064,0.99361446
circles,random_unitary,1024,301,0.86742674,0.02178788,0.98084959
circles,random_unitary,1024,302,0.86031962,0.02894439,0.99946481
circles,random_unitary,1024,303,0.8677501,0.02163294,1.01478357
circles,random_unitary,1024,304,0.87519275,0.0140391,1.00389556
circles,random_unitary,1024,305,0.87255242,0.00347458,0.97283929
circles,random_unitary,1024,306,0.87354651,0.11700452,1.01071167
circles,random_unitary,1024,307,0.86523535,0.02890852,0.98875402
circles,random_unitary,1024,308,0.87847663,0.02986038,0.99345068
circles,random_unitary,1024,309,0.870837,0.0293885,0.98441533
circles,random_unitary,1024,310,0.85567088,0.05444245,1.00104726
circles,random_unitary,1024,311,0.8658327,0.0271952,1.00140146
circles,random_unitary,1024,312,0.86563158,0.02702425,1.01538847
circles,random_unitary,1024,313,0.86532911,0.01128377,1.01775017
circles,random_unitary,1024,314,0.86678576,0.03356497,0.98637033
circles,random_unitary,1024,315,0.87056035,0.03700636,0.97750533
circles,random_unitary,1024,316,0.86501,0.07343503,0.99848664
circles,random_unitary,1024,317,0.86830644,0.03028132,0.9954644
circles,random_unitary,1024,318,0.87194446,0.00160974,0.99046652
circles,random_unitary,1024,319,0.87362797,0.02291366,1.01604573
circles,random_unitary,1024,320,0.8732636,0.00498706,1.00623139
circles,random_unitary,1024,321,0.87697886,0.00207055,0.98486141
circles,random_unitary,1024,322,0.86719864,0.01416501,1.00706932
circles,random_unitary,1024,323,0.88617045,0.00895179,0.99625608
circles,random_unitary,1024,324,0.86834133,0.04790934,0.9950876
circles,random_unitary,1024,325,0.8745798,0.16197601,0.9975641
circles,random_unitary,1024,326,0.86947375,0.01609984,0.98975969
circles,random_unitary,1024,327,0.86930969,0.01855469,1.01028109
circles,random_unitary,1024,328,0.8743492,0.01154839,1.01267429
circles,random_unitary,1024,329,0.87484233,0.01941406,1.0083543
circles,random_unitary,1024,330,0.86014439,3.205e-05,0.98222826
circles,random_unitary,1024,331,0.86789994,0.01384484,1.02478649
circles,random_unitary,1024,332,0.86481136,0.05930499,0.99437567
circles,random_unitary,1024,333,0.88260885,0.01606347,1.01052971
circles,random_unitary,1024,334,0.87578616,0.03622073,1.00976213
circles,random_unitary,1024,335,0.86435073,0.05926204,0.98574936
circles,random_unitary,1024,336,0.86623129,0.02187077,0.99856451
circles,random_unitary,1024,337,0.86921515,0.01236254,1.00375078
circles,random_unitary,1024,338,0.86958192,0.02334593,1.00347966
circles,random_unitary,1024,339,0.87412179,0.09792064,1.02745369
circles,random_unitary,1024,340,0.867526,0.04490896,0.96315343
circles,random_unitary,1024,341,0.87048602,0.07141543,0.9969994
circles,random_unitary,1024,342,0.87594735,0.0295158,1.00142578
circles,random_unitary,1024,343,0.86999704,0.01868102,0.9893788
circles,random_unitary,1024,344,0.86986786,0.06753623,0.98654713
circles,random_unitary,1024,345,0.86797453,0.03609273,0.99983005
circles,random_unitary,1024,346,0.8664264,0.06754779,1.02433314
circles,random_unitary,1024,347,0.86840571,0.00781113,1.00155215
circles,random_unitary,1024,348,0.87246697,0.04086894,1.01889391
circles,random_unitary,1024,349,0.87284866,0.06892506,1.0149587
circles,random_unitary,1024,350,0.87253785,0.04280283,1.0027415
circles,random_unitary,1024,351,0.8707855,0.0070689,0.99281783
circles,random_unitary,1024,352,0.88320766,0.00334164,1.0248209
circles,random_unitary,1024,353,0.86302096,0.03384786,0.99933277
circles,random_unitary,1024,354,0.86932701,0.00021889,1.01258128
circles,random_unitary,1024,355,0.87007438,0.02140783,1.00422358
circles,random_unitary,1024,356,0.8753675,0.0218113,1.01149171
circles,random_unitary,1024,357,0.8696143,0.01296889,1.01943425
circles,random_unitary,1024,358,0.87476695,0.07786897,1.02039376
circles,random_unitary,1024,359,0.87183063,0.04779074,1.0015202
circles,random_unitary,1024,360,0.87443418,0.00656947,0.99383329
circles,random_unitary,1024,361,0.87020192,0.00900415,1.0203944
circles,random_unitary,1024,362,0.86983183,0.0208766,1.01923879
circles,random_unitary,1024,363,0.87129768,0.03492905,1.03288086
circles,random_unitary,1024,364,0.86735285,0.03689794,1.0115321
circles,random_unitary,1024,365,0.88372034,0.01981676,1.03350682
circles,random_unitary,1024,366,0.8778484,0.04147357,1.00203832
circles,random_unitary,1024,367,0.88194646,0.03402028,0.98875274
circles,random_unitary,1024,368,0.87019871,0.05353153,0.99659481
circles,random_unitary,1024,369,0.86503205,0.02316082,0.98706461
circles,random_unitary,1024,370,0.87235381,0.06169315,1.01935564
circles,random_unitary,1024,371,0.87077871,0.04116259,1.00954542
circles,random_unitary,1024,372,0.87095415,0.06272393,1.00753801
circles,random_unitary,1024,373,0.87826705,0.08615104,1.01051419
circles,random_unitary,1024,374,0.8682533,0.04530739,0.99262389
circles,random_unitary,1024,375,0.87152798,0.04921779,0.98333853
circles,random_unitary,1024,376,0.85791304,0.00338879,0.98714755
circles,random_unitary,1024,377,0.87620573,0.05954467,0.9933127
circles,random_unitary,1024,378,0.8641164,0.00764124,1.0113771
circles,random_unitary,1024,379,0.87288125,0.05179718,0.98353545
circles,random_unitary,1024,380,0.87544072,0.11382951,1.01301422
circles,random_unitary,1024,381,0.87487628,0.02504884,0.9966531
circles,random_unitary,1024,382,0.86802098,0.03881834,0.98849417
circles,random_unitary,1024,383,0.86680176,0.07403676,0.99162435
circles,random_unitary,1024,384,0.87630409,0.01372282,1.02534407
circles,random_unitary,1024,385,0.86673117,0.01429958,0.97908859
circles,random_unitary,1024,386,0.87077927,0.0026402,1.00997702
circles,random_unitary,1024,387,0.85957435,0.07901791,1.02288345
circles,random_unitary,1024,388,0.87358304,0.02433324,1.00301311
circles,random_unitary,1024,389,0.87335665,0.01163004,0.98570767
circles,random_unitary,1024,390,0.88039892,0.00757087,0.99578602
circles,random_unitary,1024,391,0.87422165,0.01410637,0.99875834
circles,random_unitary,1024,392,0.86126356,0.04756863,0.99548789
circles,random_unitary,1024,393,0.87240527,0.00709879,0.99316354
circles,random_unitary,1024,394,0.87727541,0.00995744,0.98868381
circles,random_unitary,1024,395,0.86490188,0.01799138,1.01628151
circles,random_unitary,1024,396,0.87097128,0.0059176,1.01626005
circles,random_unitary,1024,397,0.86990949,0.06231273,1.0181443
circles,random_unitary,1024,398,0.87146493,0.06066006,0.96110467
circles,random_unitary,1024,399,0.87425746,0.05277063,0.98528064
circles,random_unitary,1024,400,0.88379886,0.00771628,0.97569371
circles,random_unitary,1024,401,0.87066193,0.02156207,0.99477654
circles,random_unitary,1024,402,0.86710166,0.01609578,0.97420933
circles,random_unitary,1024,403,0.87381483,0.07290867,0.99238424
circles,random_unitary,1024,404,0.86171381,0.03047972,1.02527223
circles,random_unitary,1024,405,0.87846907,0.01318443,1.01059263
circles,random_unitary,1024,406,0.87064432,0.01889772,1.0020012
circles,random_unitary,1024,407,0.87066028,0.02674393,1.0291048
circles,random_unitary,1024,408,0.86226639,0.04082841,0.97023248
circles,random_unitary,1024,409,0.86729673,0.09033731,1.02571163
circles,random_unitary,1024,410,0.87178805,0.0615337,0.99820173
circles,random_unitary,1024,411,0.86724484,0.03227591,1.00687717
circles,random_unitary,1024,412,0.86945402,0.06005934,1.02075049
circles,random_unitary,1024,413,0.87725214,0.05416163,0.97660046
circles,random_unitary,1024,414,0.86581288,0.03619543,0.9841565
circles,random_unitary,1024,415,0.87071342,0.05063761,1.01646489
circles,random_unitary,1024,416,0.87326949,0.0069146,0.98722915
circles,random_unitary,1024,417,0.86810045,0.07923756,0.98797356
circles,random_unitary,1024,418,0.87091027,0.07538246,1.01505431
circles,random_unitary,1024,419,0.86763467,0.03339185,0.98637063
circles,random_unitary,1024,420,0.87073529,0.08682372,0.98210279
circles,random_unitary,1024,421,0.87298563,0.09003891,1.00334744
circles,random_unitary,1024,422,0.86856714,0.06055483,1.00031032
circles,random_unitary,1024,423,0.87179059,0.03723328,0.98687616
circles,random_unitary,1024,424,0.86080421,0.03892969,1.00794654
circles,random_unitary,1024,425,0.87154164,0.03241657,1.00618778
circles,random_unitary,1024,426,0.86677491,0.0106606,0.99348134
circles,random_unitary,1024,427,0.86945711,0.06394523,1.00129234
circles,random_unitary,1024,428,0.87033049,0.03876478,1.02247638
circles,random_unitary,1024,429,0.86653687,0.0667378,1.00415883
circles,random_unitary,1024,430,0.85939082,0.01517264,0.99159062
circles,random_unitary,1024,431,0.88008666,0.01609886,1.00442885
circles,random_unitary,1024,432,0.86121311,0.07172158,1.00847497
circles,random_unitary,1024,433,0.87274376,0.01508759,1.00667261
circles,random_unitary,1024,434,0.88603954,0.0306723,1.00782551
circles,random_unitary,1024,435,0.87003845,0.06130487,0.99267815
circles,random_unitary,1024,436,0.86488499,0.04910482,0.99455695
circles,random_unitary,1024,437,0.86426458,0.01656924,0.98553874
circles,random_unitary,1024,438,0.87217746,0.03656231,1.02205285
circles,random_unitary,1024,439,0.87713693,0.01569634,0.99872242
circles,random_unitary,1024,440,0.8839547,0.08964858,0.99776857
circles,random_unitary,1024,441,0.86714003,0.03497413,0.98785125
circles,random_unitary,1024,442,0.86435092,0.02049859,0.99561447
circles,random_unitary,1024,443,0.87848815,0.02808477,0.99912872
circles,random_unitary,1024,444,0.88053429,0.01957144,0.99703261
circles,random_unitary,1024,445,0.87036349,0.03622678,0.99917196
circles,random_unitary,1024,446,0.86115199,0.06317714,0.99773294
circles,random_unitary,1024,447,0.88176883,0.03051157,1.00212234
circles,random_unitary,1024,448,0.88120703,0.09323501,1.00646237
circles,random_unitary,1024,449,0.87065376,0.12584815,0.98364769
circles,random_unitary,1024,450,0.86555177,0.12234281,1.02732353
circles,random_unitary,1024,451,0.86546675,0.03741093,0.99392156
circles,random_unitary,1024,452,0.87581273,0.00535299,1.01324505
circles,random_unitary,1024,453,0.86226878,0.04035247,1.00087391
circles,random_unitary,1024,454,0.86404301,0.04686633,1.00274455
circles,random_unitary,1024,455,0.87318155,0.01084131,0.97511328
circles,random_unitary,1024,456,0.86155582,0.02401227,0.99896474
circles,random_unitary,1024,457,0.87137203,0.01445348,0.98208568
circles,random_unitary,1024,458,0.86413826,0.04045201,1.01589941
circles,random_unitary,1024,459,0.86910831,0.06027995,0.98337752
circles,random_unitary,1024,460,0.8703741,0.04242121,1.02360423
circles,random_unitary,1024,461,0.86845358,0.01515242,0.99125409
circles,random_unitary,1024,462,0.86585203,0.01552607,0.97998958
circles,random_unitary,1024,463,0.87150451,0.01425366,0.99167926
circles,random_unitary,1024,464,0.86587295,0.01207289,1.01194274
circles,random_unitary,1024,465,0.85812118,0.07566593,0.99928129
circles,random_unitary,1024,466,0.87434666,0.01860102,1.01612058
circles,random_unitary,1024,467,0.86360872,0.04491207,0.9834036
circles,random_unitary,1024,468,0.87346553,0.07116734,1.02709022
circles,random_unitary,1024,469,0.88032009,0.08833187,0.99221268
circles,random_unitary,1024,470,0.86361573,0.03905369,1.00855393
circles,random_unitary,1024,471,0.87404192,0.00266218,1.02881174
circles,random_unitary,1024,472,0.86851691,0.07933908,0.99581058
circles,random_unitary,1024,473,0.86748738,0.02313523,1.00092778
circles,random_unitary,1024,474,0.87076571,0.10789306,1.00649564
circles,random_unitary,1024,475,0.86834353,0.01111968,1.01366146
circles,random_unitary,1024,476,0.88629122,0.00574119,1.02624968
circles,random_unitary,1024,477,0.86838727,0.06936065,1.01573638
circles,random_unitary,1024,478,0.87422313,0.01420798,0.97821137
circles,random_unitary,1024,479,0.8707883,0.01429765,0.98859541
circles,random_unitary,1024,480,0.87700344,0.05216251,1.00126628
circles,random_unitary,1024,481,0.87575138,0.05283112,0.98875962
circles,random_unitary,1024,482,0.86816178,0.04892836,0.97813661
circles,random_unitary,1024,483,0.86041519,0.01374716,0.99970417
circles,random_unitary,1024,484,0.86830061,0.0077379,0.99301517
circles,random_unitary,1024,485,0.86416737,0.0016622,1.00458136
circles,random_unitary,1024,486,0.87017707,0.0348463,1.01324742
circles,random_unitary,1024,487,0.86108139,0.06476522,0.99393786
circles,random_unitary,1024,488,0.86422287,0.0307592,0.98489985
circles,random_unitary,1024,489,0.87688275,0.0252943,1.02605027
circles,random_unitary,1024,490,0.87886916,0.0178215,0.98489467
circles,random_unitary,1024,491,0.88034569,0.03897905,0.97610285
circles,random_unitary,1024,492,0.87199923,0.00290198,1.01398279
circles,random_unitary,1024,493,0.87292026,0.01721429,0.9833605
circles,random_unitary,1024,494,0.86463721,0.0287129,0.98532712
circles,random_unitary,1024,495,0.88149733,0.03103846,1.00830916
circles,random_unitary,1024,496,0.86947783,0.0097381,1.00056221
circles,random_unitary,1024,497,0.86672527,0.05661874,1.01061219
circles,random_unitary,1024,498,0.8766648,0.0483583,0.99926879
circles,random_unitary,1024,499,0.87088428,0.00201538,1.0003226
circles,random_unitary,1024,500,0.87149529,0.03061706,1.00685029
circles,random_unitary,1024,501,0.86687156,0.09736627,1.00834861
circles,random_unitary,1024,502,0.8754891,0.04906318,0.96572092
circles,random_unitary,1024,503,0.87639752,0.02182282,1.00324974
circles,random_unitary,1024,504,0.88167532,0.03148736,0.9798512
circles,random_unitary,1024,505,0.87137949,0.04460944,0.98347983
circles,random_unitary,1024,506,0.86280719,0.02814402,0.98345929
circles,random_unitary,1024,507,0.87097866,0.06674198,0.98266245
circles,random_unitary,1024,508,0.88132782,0.0611163,1.00850628
circles,random_unitary,1024,509,0.87447382,0.06096846,1.01452484
circles,random_unitary,1024,510,0.87053476,0.05930841,0.99150203
circles,random_unitary,1024,511,0.88203737,0.06062814,0.9841294
circles,random_unitary,1024,512,0.87826807,0.04117538,0.99187905
circles,random_unitary,1024,513,0.86859902,0.00276332,0.98820617
circles,random_unitary,1024,514,0.8620323,0.09594082,0.99357413
circles,random_unitary,1024,515,0.87701321,0.02751972,0.97651129
circles,random_unitary,1024,516,0.86495016,0.03326788,0.98655058
circles,random_unitary,1024,517,0.87123766,0.07400057,0.99413995
circles,random_unitary,1024,518,0.87750503,0.02506986,0.96941698
circles,random_unitary,1024,519,0.87952336,0.02813779,1.0174941
circles,random_unitary,1024,520,0.88375992,0.02073847,1.02716975
circles,random_unitary,1024,521,0.86965348,0.07614629,0.99476054
circles,random_unitary,1024,522,0.85613256,0.0275682,0.97642312
circles,random_unitary,1024,523,0.87565897,0.03856937,1.01102979
circles,random_unitary,1024,524,0.8682683,0.02497207,0.9873064
circles,random_unitary,1024,525,0.86683231,0.00713559,1.02230213
circles,random_unitary,1024,526,0.86855764,0.13478555,0.98885145
circles,random_unitary,1024,527,0.88085202,0.00773294,1.0074439
circles,random_unitary,1024,528,0.8682003,0.06304298,1.02271938
circles,random_unitary,1024,529,0.88050941,0.04964504,0.98915441
circles,random_unitary,1024,530,0.86891057,0.00306465,1.01467062
circles,random_unitary,1024,531,0.87870934,0.02532305,1.01295325
circles,random_unitary,1024,532,0.87168151,0.02029062,1.0039521
circles,random_unitary,1024,533,0.86199104,0.01215177,0.99946994
circles,random_unitary,1024,534,0.87762144,0.07742703,1.02146045
circles,random_unitary,1024,535,0.8585956,0.02574565,0.97802899
circles,random_unitary,1024,536,0.87087131,0.02824129,0.98457182
circles,random_unitary,1024,537,0.87704031,0.01479133,1.00231066
circles,random_unitary,1024,538,0.87009532,0.01409915,1.02394385
circles,random_unitary,1024,539,0.86609137,0.02881696,0.98729465
circles,random_unitary,1024,540,0.87489796,0.0962241,0.97391174
circles,random_unitary,1024,541,0.86580169,0.04435112,0.98225026
circles,random_unitary,1024,542,0.87325556,0.01154053,1.01734873
circles,random_unitary,1024,543,0.86888632,0.06199347,0.98687411
circles,random_unitary,1024,544,0.87165193,0.09406798,0.99877606
circles,random_unitary,1024,545,0.86933647,0.02171573,0.98370616
circles,random_unitary,1024,546,0.86780575,0.0437766,0.9988451
circles,random_unitary,1024,547,0.87217361,0.04619263,1.0247872
circles,random_unitary,1024,548,0.86190959,0.06163718,0.99046031
circles,random_unitary,1024,549,0.8785733,0.04543737,0.99752674
circles,random_unitary,1024,550,0.86480086,0.0480593,0.99262525
circles,random_unitary,1024,551,0.86745825,0.04459381,0.99917458
circles,random_unitary,1024,552,0.87380485,0.013859,0.99527656
circles,random_unitary,1024,553,0.86602796,0.03307146,1.00257965
circles,random_unitary,1024,554,0.87675314,0.06143607,0.98801864
circles,random_unitary,1024,555,0.86490704,0.02090298,0.99327718
circles,random_unitary,1024,556,0.87114793,0.03069282,0.98260795
circles,random_unitary,1024,557,0.88284619,0.11315617,0.99681214
circles,random_unitary,1024,558,0.8853004,0.02939979,1.01582138
circles,random_unitary,1024,559,0.86486272,0.00091617,1.0070709
circles,random_unitary,1024,560,0.86236547,0.05006418,1.00282076
circles,random_unitary,1024,561,0.87675301,0.04960847,1.01551624
circles,random_unitary,1024,562,0.87454524,0.02076264,1.00505396
circles,random_unitary,1024,563,0.87245926,0.0573498,0.99468505
circles,random_unitary,1024,564,0.87622573,0.04929399,1.01317697
circles,random_unitary,1024,565,0.87193395,0.03401623,1.0017177
circles,random_unitary,1024,566,0.86587576,0.00668787,0.99751998
circles,random_unitary,1024,567,0.87864481,0.02827174,0.9955589
circles,random_unitary,1024,568,0.8770116,0.00348419,1.00265881
circles,random_unitary,1024,569,0.86361744,0.09769714,1.0027549
circles,random_unitary,1024,570,0.8652975,0.02064476,0.99599036
circles,random_unitary,1024,571,0.87943384,0.05103041,0.98086129
circles,random_unitary,1024,572,0.86854205,0.02278606,1.00949149
circles,random_unitary,1024,573,0.87763893,0.06262612,1.00324476
circles,random_unitary,1024,574,0.87527205,0.00859993,1.00767099
circles,random_unitary,1024,575,0.87098287,0.09801368,0.992021
circles,random_unitary,1024,576,0.86419931,0.0662678,0.99844825
circles,random_unitary,1024,577,0.87283061,0.05778362,0.99706741
circles,random_unitary,1024,578,0.86471797,0.03499767,1.00861084
circles,random_unitary,1024,579,0.86413291,0.00235092,1.01011552
circles,random_unitary,1024,580,0.8735813,0.01376143,0.99675452
circles,random_unitary,1024,581,0.86491338,0.05869831,0.96921665
circles,random_unitary,1024,582,0.86407839,0.01642872,0.98547806
circles,random_unitary,1024,583,0.86786211,0.01488989,1.00858385
circles,random_unitary,1024,584,0.86976482,0.02813327,1.01301274
circles,random_unitary,1024,585,0.87191881,0.00974875,0.997996
circles,random_unitary,1024,586,0.87108173,0.02811988,1.00434909
circles,random_unitary,1024,587,0.87561759,0.03778688,0.9765765
circles,random_unitary,1024,588,0.87216159,0.04472728,0.98844816
circles,random_unitary,1024,589,0.86156587,0.06044532,0.98662778
circles,random_unitary,1024,590,0.87152156,0.02068826,0.98790248
circles,random_unitary,1024,591,0.87176233,0.0081981,1.0150657
circles,random_unitary,1024,592,0.87825814,0.08333515,0.98378144
circles,random_unitary,1024,593,0.86675133,0.1114318,0.98603727
circles,random_unitary,1024,594,0.87576967,0.01248203,1.00447247
circles,random_unitary,1024,595,0.8662637,0.02438269,1.00238081
circles,random_unitary,1024,596,0.87493715,0.06225782,0.9765589
circles,random_unitary,1024,597,0.87364857,0.07519919,1.02403129
circles,random_unitary,1024,598,0.87339641,0.00557204,1.01153433
circles,random_unitary,1024,599,0.87316717,0.03194761,0.99400355
circles,random_unitary,1024,600,0.87092969,0.03516948,1.00316156
circles,random_unitary,1024,601,0.87809779,0.1075814,0.98221849
circles,random_unitary,1024,602,0.86632213,0.03997899,1.00290659
circles,random_unitary,1024,603,0.87360106,0.06549623,0.99666505
circles,random_unitary,1024,604,0.86176614,0.02476118,0.99954747
circles,random_unitary,1024,605,0.87133455,0.02405825,1.0366978
circles,random_unitary,1024,606,0.87671453,0.01199031,1.01537844
circles,random_unitary,1024,607,0.87732052,0.01563173,1.00366913
circles,random_unitary,1024,608,0.87433546,0.0171366,0.98862573
circles,random_unitary,1024,609,0.87010031,0.023641,1.00545978
circles,random_unitary,1024,610,0.86859837,0.01613943,1.00476606
circles,random_unitary,1024,611,0.86930904,0.01280182,1.00653714
circles,random_unitary,1024,612,0.87113067,0.00188707,1.01100842
circles,random_unitary,1024,613,0.87653507,0.03848506,0.9885363
circles,random_unitary,1024,614,0.86671325,0.00520192,1.00023689
circles,random_unitary,1024,615,0.87070863,0.05275704,0.99039691
circles,random_unitary,1024,616,0.86487188,0.04819652,0.98423376
circles,random_unitary,1024,617,0.86731296,0.07643861,1.00680575
circles,random_unitary,1024,618,0.87604437,0.00820074,0.97719453
circles,random_unitary,1024,619,0.87950867,0.04599789,0.97301566
circles,random_unitary,1024,620,0.87237339,0.07621291,0.98903375
circles,random_unitary,1024,621,0.87539844,0.00524924,0.99853719
circles,random_unitary,1024,622,0.86447526,0.02577892,0.99004826
circles,random_unitary,1024,623,0.87114778,0.09721805,1.00324226
circles,random_unitary,1024,624,0.8782952,0.08865131,1.00259009
circles,random_unitary,1024,625,0.87082312,0.02734001,0.96717724
circles,random_unitary,1024,626,0.85990072,0.03853369,1.02116732
circles,random_unitary,1024,627,0.87420132,0.00273135,1.01268626
circles,random_unitary,1024,628,0.86724994,0.01614836,0.99256421
circles,random_unitary,1024,629,0.86590732,0.0205272,1.00023099
circles,random_unitary,1024,630,0.87180969,0.05673529,0.99296006
circles,random_unitary,1024,631,0.86535145,0.01045312,1.04159618
circles,random_unitary,1024,632,0.88604036,0.03113914,0.9544471
circles,random_unitary,1024,633,0.88138457,0.00172844,0.99782958
circles,random_unitary,1024,634,0.8727294,0.05070742,1.00338694
circles,random_unitary,1024,635,0.87048579,0.05606877,1.00360694
circles,random_unitary,1024,636,0.87036883,0.01622557,0.96704043
circles,random_unitary,1024,637,0.85450055,0.02708239,0.98271028
circles,random_unitary,1024,638,0.86671688,0.0091701,1.01235505
circles,random_unitary,1024,639,0.86917957,0.0141017,0.99084521
circles,random_unitary,1024,640,0.86429894,0.07055175,1.04933995
circles,random_unitary,1024,641,0.87315175,0.03894349,0.99037769
circles,random_unitary,1024,642,0.8719381,0.06567859,1.02026122
circles,random_unitary,1024,643,0.87746396,0.00783099,1.01980471
circles,random_unitary,1024,644,0.87753336,0.0991272,0.98943833
circles,random_unitary,1024,645,0.87141844,0.01459488,0.99415772
circles,random_unitary,1024,646,0.87347677,0.00936011,0.96676407
circles,random_unitary,1024,647,0.86922481,0.08315239,1.0117985
circles,random_unitary,1024,648,0.87440318,0.04285119,0.97185698
circles,random_unitary,1024,649,0.87060627,0.0756358,0.98467051
circles,random_unitary,1024,650,0.87193765,0.07749586,1.02935073
circles,random_unitary,1024,651,0.86953511,0.00581579,0.99663979
circles,random_unitary,1024,652,0.87844058,0.02454629,0.99095721
circles,random_unitary,1024,653,0.87582075,0.00319951,0.99726381
circles,random_unitary,1024,654,0.87177381,0.02337658,0.9844625
circles,random_unitary,1024,655,0.86605374,0.03471657,1.01027133
circles,random_unitary,1024,656,0.87922487,0.0477938,0.98601599
circles,random_unitary,1024,657,0.8655441,0.17567418,1.03435342
circles,random_unitary,1024,658,0.8726902,0.01495996,0.99511123
circles,random_unitary,1024,659,0.86431173,0.06870092,0.97803462
circles,random_unitary,1024,660,0.87612738,0.02184662,0.99833693
circles,random_unitary,1024,661,0.86158928,0.01673576,1.00395136
circles,random_unitary,1024,662,0.87332856,0.04435384,0.98319322
circles,random_unitary,1024,663,0.87299133,0.11037651,1.02593642
circles,random_unitary,1024,664,0.87069985,0.03091158,1.00216566
circles,random_unitary,1024,665,0.87631487,0.06340605,1.00889623
circles,random_unitary,1024,666,0.86408192,0.00689957,0.99351845
circles,random_unitary,1024,667,0.87472017,0.03262447,1.02731879
circles,random_unitary,1024,668,0.87723642,0.04407362,0.9887581
circles,random_unitary,1024,669,0.87594079,0.02405753,1.00321643
circles,random_unitary,1024,670,0.87148392,0.05249395,0.98942824
circles,random_unitary,1024,671,0.87569637,0.01451321,0.9944973
circles,random_unitary,1024,672,0.8698413,0.0218349,0.99498971
circles,random_unitary,1024,673,0.88076025,0.01530256,0.99629673
circles,random_unitary,1024,674,0.88579143,0.12169075,1.02267397
circles,random_unitary,1024,675,0.86922603,0.04912532,0.98241303
circles,random_unitary,1024,676,0.87433683,0.02587723,1.00811041
circles,random_unitary,1024,677,0.87437695,0.00503154,1.00922606
circles,random_unitary,1024,678,0.8732321,0.01787496,1.01277992
circles,random_unitary,1024,679,0.88177292,0.07395595,1.00323864
circles,random_unitary,1024,680,0.8733841,0.03394952,0.97886663
circles,random_unitary,1024,681,0.86029187,0.10214859,0.97876058
circles,random_unitary,1024,682,0.87426764,0.01062072,1.00692642
circles,random_unitary,1024,683,0.87933317,0.01443269,1.02427411
circles,random_unitary,1024,684,0.88287081,0.02842257,0.98399148
circles,random_unitary,1024,685,0.8709598,0.00747522,0.98510629
circles,random_unitary,1024,686,0.87633519,0.02349475,0.96445218
circles,random_unitary,1024,687,0.87125135,0.06202351,0.99421644
circles,random_unitary,1024,688,0.87023731,0.02311533,0.99682222
circles,random_unitary,1024,689,0.87686376,0.04105294,1.01169216
circles,random_unitary,1024,690,0.86896686,0.07324103,1.0098994
circles,random_unitary,1024,691,0.87232131,0.01141931,1.00743922
circles,random_unitary,1024,692,0.87449291,0.0020443,1.03335325
circles,random_unitary,1024,693,0.86875647,0.04998354,0.9796623
circles,random_unitary,1024,694,0.86234678,0.00407509,0.98330527
circles,random_unitary,1024,695,0.86762217,0.08090833,0.99408487
circles,random_unitary,1024,696,0.86807698,0.05008399,0.99498049
circles,random_unitary,1024,697,0.88110147,0.00866315,0.99681876
circles,random_unitary,1024,698,0.85604597,0.02180937,1.0007684
circles,random_unitary,1024,699,0.86917917,0.01600927,1.01257811
circles,random_unitary,1024,700,0.86685508,0.01439884,1.00331948
circles,random_unitary,1024,701,0.86793345,0.004188,0.99697863
circles,random_unitary,1024,702,0.8795372,0.01328969,1.00393351
circles,random_unitary,1024,703,0.86733962,0.06060776,0.98971562
circles,random_unitary,1024,704,0.87082526,0.03256335,1.0191131
circles,random_unitary,1024,705,0.87218359,0.01711312,0.99324323
circles,random_unitary,1024,706,0.87516849,0.07574008,0.99757329
circles,random_unitary,1024,707,0.87419499,0.01541417,0.99933864
circles,random_unitary,1024,708,0.86554253,0.03881825,1.00114478
circles,random_unitary,1024,709,0.86850659,0.01107443,0.99345644
circles,random_unitary,1024,710,0.87271843,0.01705311,0.98068251
circles,random_unitary,1024,711,0.86801816,0.07929872,1.00831563
circles,random_unitary,1024,712,0.87408878,0.04109089,0.99492491
circles,random_unitary,1024,713,0.87950769,0.00603759,1.01688027
circles,random_unitary,1024,714,0.86737669,0.04403908,0.99527988
circles,random_unitary,1024,715,0.87796809,0.04101149,0.99183917
circles,random_unitary,1024,716,0.86851254,0.02132714,0.99716339
circles,random_unitary,1024,717,0.88066863,0.06634395,1.01191829
circles,random_unitary,1024,718,0.86443691,0.0443189,0.98842943
circles,random_unitary,1024,719,0.8733149,0.03911055,0.98595602
circles,random_unitary,1024,720,0.86385951,0.06600523,1.01834004
circles,random_unitary,1024,721,0.86774761,0.02290213,1.00890753
circles,random_unitary,1024,722,0.8743984,0.0559427,1.01930081
circles,random_unitary,1024,723,0.86533971,0.04316321,0.99548718
circles,random_unitary,1024,724,0.87156634,0.08880745,1.01414332
circles,random_unitary,1024,725,0.86258146,0.03035027,0.99835963
circles,random_unitary,1024,726,0.87577155,0.04078701,0.98157669
circles,random_unitary,1024,727,0.87060442,0.03985678,1.00432171
circles,random_unitary,1024,728,0.87562499,0.00268358,0.97958787
circles,random_unitary,1024,729,0.86433447,0.09353642,0.98963909
circles,random_unitary,1024,730,0.88476732,0.04343425,0.99650807
circles,random_unitary,1024,731,0.87017867,0.05313473,1.00518636
circles,random_unitary,1024,732,0.85453195,0.04733873,1.01100087
circles,random_unitary,1024,733,0.88146732,0.04031033,1.00353585
circles,random_unitary,1024,734,0.87162271,0.03473966,0.98252855
circles,random_unitary,1024,735,0.85968014,0.03197082,1.01832631
circles,random_unitary,1024,736,0.8724349,0.01859695,0.99342439
circles,random_unitary,1024,737,0.8729321,0.02533547,0.99867227
circles,random_unitary,1024,738,0.86763728,0.06705033,0.98927417
circles,random_unitary,1024,739,0.87215486,0.0600185,1.017218
circles,random_unitary,1024,740,0.86960741,0.04081107,0.98884374
circles,random_unitary,1024,741,0.87372668,0.07963332,0.98527741
circles,random_unitary,1024,742,0.86201492,0.04473212,1.00685526
circles,random_unitary,1024,743,0.86539085,0.03620519,1.02317354
circles,random_unitary,1024,744,0.86669786,0.04377185,0.9854265
circles,random_unitary,1024,745,0.87288674,0.01554489,1.00151142
circles,random_unitary,1024,746,0.87116402,0.04146904,1.00412094
circles,random_unitary,1024,747,0.87514189,0.0635165,0.99931631
circles,random_unitary,1024,748,0.86753445,0.03112597,1.00621198
circles,random_unitary,1024,749,0.86537687,0.05735012,1.00914708
circles,random_unitary,1024,750,0.86546196,0.04255617,0.98725419
circles,random_unitary,1024,751,0.87085016,0.00234396,0.97422245
circles,random_unitary,1024,752,0.86308589,0.00738792,0.99155006
circles,random_unitary,1024,753,0.87271031,0.03469729,0.99135352
circles,random_unitary,1024,754,0.87882881,0.00543533,0.98183542
circles,random_unitary,1024,755,0.87289046,0.05350003,1.00118761
circles,random_unitary,1024,756,0.86335644,0.05869316,0.99968429
circles,random_unitary,1024,757,0.86727232,0.01056132,0.98821748
circles,random_unitary,1024,758,0.87219868,0.05276289,0.99174352
circles,random_unitary,1024,759,0.87499243,0.04138573,1.0208685
circles,random_unitary,1024,760,0.86909451,0.04536773,0.97176396
circles,random_unitary,1024,761,0.86805527,0.03882192,1.00740474
circles,random_unitary,1024,762,0.87404509,0.04865987,1.01501357
circles,random_unitary,1024,763,0.86897481,0.00481523,1.01091661
circles,random_unitary,1024,764,0.87421115,0.00775018,1.00374648
circles,random_unitary,1024,765,0.87575808,0.00537077,1.02032058
circles,random_unitary,1024,766,0.87227629,0.00450267,0.95778676
circles,random_unitary,1024,767,0.87779119,0.02411338,0.98258158
circles,random_unitary,1024,768,0.86985459,0.0081653,1.00461851
circles,random_unitary,1024,769,0.86943153,0.02427227,0.99802074
circles,random_unitary,1024,770,0.87599011,0.00977022,0.9740865
circles,random_unitary,1024,771,0.86735686,0.00234909,1.02392905
circles,random_unitary,1024,772,0.87191801,0.05045867,1.0095861
circles,random_unitary,1024,773,0.87169894,0.00909087,1.01723442
circles,random_unitary,1024,774,0.8694134,0.05454409,0.98496107
circles,random_unitary,1024,775,0.85477116,0.04124415,1.01212407
circles,random_unitary,1024,776,0.87316067,0.02594158,1.01155685
circles,random_unitary,1024,777,0.86844594,0.01647772,0.99264442
circles,random_unitary,1024,778,0.87076081,0.06009958,1.01338055
circles,random_unitary,1024,779,0.87567175,0.00846626,1.00934828
circles,random_unitary,1024,780,0.87201213,0.03731771,0.9957497
circles,random_unitary,1024,781,0.86781707,0.05483259,1.0354005
circles,random_unitary,1024,782,0.86634485,0.00766114,0.99179594
circles,random_unitary,1024,783,0.8636766,0.07102707,1.03167976
circles,random_unitary,1024,784,0.8718114,0.04185059,0.99995091
circles,random_unitary,1024,785,0.8685957,0.02797163,0.99814888
circles,random_unitary,1024,786,0.8649407,0.02556256,1.00053038
circles,random_unitary,1024,787,0.87694246,0.05743598,1.00670681
circles,random_unitary,1024,788,0.8666475,0.02483698,0.99453842
circles,random_unitary,1024,789,0.88195189,0.05934435,1.00757105
circles,random_unitary,1024,790,0.86031967,0.02018226,1.02544631
circles,random_unitary,1024,791,0.8565895,0.02232174,1.01920585
circles,random_unitary,1024,792,0.87518863,0.01812638,0.99197735
circles,random_unitary,1024,793,0.87465165,0.04164765,0.983366
circles,random_unitary,1024,794,0.86323496,0.02921,1.01044955
circles,random_unitary,1024,795,0.87773632,0.02507246,1.00581506
circles,random_unitary,1024,796,0.86895608,0.01695449,0.98960425
circles,random_unitary,1024,797,0.86942278,0.00663939,1.00919571
circles,random_unitary,1024,798,0.87250066,0.05263509,1.00500034
circles,random_unitary,1024,799,0.87006136,0.03548819,1.02011178
circles,random_unitary,1024,800,0.87497978,0.05000304,1.01326635
circles,random_unitary,1024,801,0.87714917,0.01817636,0.98283614
circles,random_unitary,1024,802,0.87369405,0.0134347,1.00918281
circles,random_unitary,1024,803,0.86917708,0.00162557,1.0017979
circles,random_unitary,1024,804,0.87903595,0.08405266,0.99727457
circles,random_unitary,1024,805,0.87153452,0.01004108,0.98561934
circles,random_unitary,1024,806,0.87894279,0.04892238,0.97161279
circles,random_unitary,1024,807,0.86783052,0.01793189,0.99147228
circles,random_unitary,1024,808,0.87694007,0.01152485,1.00850006
circles,random_unitary,1024,809,0.86994861,0.03348941,1.00914958
circles,random_unitary,1024,810,0.8699835,0.00079171,0.97657419
circles,random_unitary,1024,811,0.86915469,0.07303769,0.97024251
circles,random_unitary,1024,812,0.87076023,0.00190619,0.98856056
circles,random_unitary,1024,813,0.87101162,0.05783195,1.00051463
circles,random_unitary,1024,814,0.8720101,0.07345679,0.99324186
circles,random_unitary,1024,815,0.86629778,0.09534515,1.00555717
circles,random_unitary,1024,816,0.86529579,0.03340983,0.9961228
circles,random_unitary,1024,817,0.86845636,0.01237034,1.01166994
circles,random_unitary,1024,818,0.88258167,0.03445504,1.00577493
circles,random_unitary,1024,819,0.8772745,0.01617541,1.00691707
circles,random_unitary,1024,820,0.86685002,0.13332816,1.01684793
circles,random_unitary,1024,821,0.88444726,0.06409566,0.99880563
circles,random_unitary,1024,822,0.86736395,0.00462522,1.0052948
circles,random_unitary,1024,823,0.87060929,0.03284444,1.016535
circles,random_unitary,1024,824,0.87298672,0.02167464,0.98627319
circles,random_unitary,1024,825,0.86730638,0.02487884,1.00314764
circles,random_unitary,1024,826,0.8726771,0.02549683,1.00686137
circles,random_unitary,1024,827,0.86701224,0.01635803,1.00057663
circles,random_unitary,1024,828,0.87133624,0.03145132,0.99345506
circles,random_unitary,1024,829,0.86165439,0.01284978,1.0075102
circles,random_unitary,1024,830,0.87028119,0.09326266,1.00687081
circles,random_unitary,1024,831,0.87730887,0.16100376,1.01083373
circles,random_unitary,1024,832,0.87727664,0.01304644,0.98434108
circles,random_unitary,1024,833,0.87022231,0.08611881,0.98535341
circles,random_unitary,1024,834,0.86594216,0.08287454,0.98908713
circles,random_unitary,1024,835,0.87051643,0.01224475,0.98006099
circles,random_unitary,1024,836,0.87004846,0.04343595,0.99256245
circles,random_unitary,1024,837,0.86835844,0.07572793,0.97901808
circles,random_unitary,1024,838,0.8725268,0.06810681,1.00554573
circles,random_unitary,1024,839,0.86127548,0.06540546,0.99823051
circles,random_unitary,1024,840,0.86197617,0.0070158,0.9857095
circles,random_unitary,1024,841,0.87103439,0.04131281,0.9949542
circles,random_unitary,1024,842,0.86588885,0.01762278,1.02391114
circles,random_unitary,1024,843,0.86967171,0.03690977,1.00690248
circles,random_unitary,1024,844,0.87698866,0.09850114,1.01643873
circles,random_unitary,1024,845,0.87380371,0.00578369,1.00611854
circles,random_unitary,1024,846,0.88069083,0.01096107,1.0169173
circles,random_unitary,1024,847,0.87119031,0.07816079,1.03317618
circles,random_unitary,1024,848,0.87478289,0.05534858,1.01093846
circles,random_unitary,1024,849,0.86754242,0.0197687,1.0089241
circles,random_unitary,1024,850,0.87171184,0.02758303,1.00878115
circles,random_unitary,1024,851,0.87242784,0.03729954,1.03204142
circles,random_unitary,1024,852,0.87430316,0.03647961,0.97842499
circles,random_unitary,1024,853,0.87274705,0.04800947,0.98687094
circles,random_unitary,1024,854,0.8685202,0.02186795,1.0015172
circles,random_unitary,1024,855,0.86960402,0.01217311,0.99846435
circles,random_unitary,1024,856,0.86420728,0.00512323,1.02781232
circles,random_unitary,1024,857,0.87318914,0.05015428,1.02734831
circles,random_unitary,1024,858,0.86769511,0.00370634,1.01898721
circles,random_unitary,1024,859,0.87453382,0.08004792,0.9891966
circles,random_unitary,1024,860,0.87400571,0.06601336,0.98523789
circles,random_unitary,1024,861,0.86347733,0.05367008,1.00774385
circles,random_unitary,1024,862,0.87842043,0.03510121,1.00212631
circles,random_unitary,1024,863,0.87574502,0.07279448,1.03548927
circles,random_unitary,1024,864,0.87062217,0.03303666,0.99597163
circles,random_unitary,1024,865,0.86879759,0.05648338,1.00070962
circles,random_unitary,1024,866,0.87576205,0.02013404,1.00305213
circles,random_unitary,1024,867,0.87395473,0.00156966,1.01016923
circles,random_unitary,1024,868,0.87197552,0.06160899,0.99267732
circles,random_unitary,1024,869,0.87526423,0.00051672,0.98042227
circles,random_unitary,1024,870,0.8599819,0.00194645,1.01007525
circles,random_unitary,1024,871,0.86569718,0.08876783,0.98548302
circles,random_unitary,1024,872,0.87214336,0.0087875,1.01910518
circles,random_unitary,1024,873,0.87883584,0.09023795,0.98467185
circles,random_unitary,1024,874,0.87603812,0.06587876,0.9961928
circles,random_unitary,1024,875,0.8649242,0.09079652,1.03173869
circles,random_unitary,1024,876,0.87208651,0.03285724,1.00670836
circles,random_unitary,1024,877,0.87230258,0.00097131,1.03758694
circles,random_unitary,1024,878,0.88190529,0.01495806,0.99373032
circles,random_unitary,1024,879,0.88360566,0.04473152,0.98862969
circles,random_unitary,1024,880,0.87118186,0.01657417,1.01058746
circles,random_unitary,1024,881,0.87239568,0.01479983,1.01670799
circles,random_unitary,1024,882,0.86370038,0.05124418,1.01027958
circles,random_unitary,1024,883,0.87545596,0.04238018,1.00069479
circles,random_unitary,1024,884,0.87290741,0.00552527,1.00200837
circles,random_unitary,1024,885,0.87576252,0.07450362,0.97199654
circles,random_unitary,1024,886,0.86468194,0.13219745,1.01310814
circles,random_unitary,1024,887,0.87508671,0.0286609,1.01015386
circles,random_unitary,1024,888,0.87349746,0.07036217,0.99758026
circles,random_unitary,1024,889,0.86532851,0.11912938,1.00097793
circles,random_unitary,1024,890,0.8699695,0.00304807,0.98755609
circles,random_unitary,1024,891,0.88140881,0.00177171,1.0006915
circles,random_unitary,1024,892,0.88026108,0.00533579,1.00401782
circles,random_unitary,1024,893,0.87763074,0.06867655,0.9800803
circles,random_unitary,1024,894,0.87433803,0.07466405,0.97585225
circles,random_unitary,1024,895,0.87601964,0.09458707,0.99407382
circles,random_unitary,1024,896,0.87407646,0.02522743,0.99971652
circles,random_unitary,1024,897,0.8642754,0.00690707,0.98837681
circles,random_unitary,1024,898,0.85826007,0.00420481,0.98340959
circles,random_unitary,1024,899,0.87231193,0.04707385,0.97711446
circles,random_unitary,1024,900,0.86295442,0.01840658,0.9972456
circles,random_unitary,1024,901,0.87224708,0.00406286,1.02035758
circles,random_unitary,1024,902,0.87255721,0.05841537,1.0095973
circles,random_unitary,1024,903,0.86391723,0.02785387,1.00425523
circles,random_unitary,1024,904,0.88084809,0.02097527,1.02173082
circles,random_unitary,1024,905,0.87460895,0.01417342,0.99152614
circles,random_unitary,1024,906,0.87771713,0.0104088,0.97673283
circles,random_unitary,1024,907,0.86693101,0.06306197,1.00757978
circles,random_unitary,1024,908,0.86960082,0.00794441,1.00855198
circles,random_unitary,1024,909,0.87653017,0.03257248,0.99478103
circles,random_unitary,1024,910,0.88331251,0.08514168,0.97567568
circles,random_unitary,1024,911,0.8613387,0.00667656,0.99705885
circles,random_unitary,1024,912,0.8636072,0.03907667,1.01379202
circles,random_unitary,1024,913,0.87102943,0.03910779,0.99749439
circles,random_unitary,1024,914,0.86640128,0.01549438,0.99987365
circles,random_unitary,1024,915,0.86572801,0.00158346,1.00534465
circles,random_unitary,1024,916,0.86325675,0.04337285,0.99291521
circles,random_unitary,1024,917,0.86608666,0.03476452,0.98470267
circles,random_unitary,1024,918,0.87290278,0.07139563,1.01117147
circles,random_unitary,1024,919,0.86142825,0.00122305,0.98982141
circles,random_unitary,1024,920,0.86324334,0.06935171,0.96648307
circles,random_unitary,1024,921,0.88647125,0.00762428,1.00505743
circles,random_unitary,1024,922,0.87805311,0.01196931,0.98718184
circles,random_unitary,1024,923,0.87083947,0.03949175,1.02411024
circles,random_unitary,1024,924,0.86485825,0.00512124,1.00744851
circles,random_unitary,1024,925,0.87532906,0.12206087,1.03510716
circles,random_unitary,1024,926,0.86526132,0.0815547,0.99825247
circles,random_unitary,1024,927,0.86913986,0.02609206,0.99837665
circles,random_unitary,1024,928,0.86736961,0.11893144,0.98391344
circles,random_unitary,1024,929,0.87878708,0.06181825,1.00472016
circles,random_unitary,1024,930,0.87594939,0.11094673,0.98681576
circles,random_unitary,1024,931,0.88491428,0.06467059,0.98503091
circles,random_unitary,1024,932,0.8639723,0.01146261,1.00983313
circles,random_unitary,1024,933,0.87583142,0.05810035,0.97530693
circles,random_unitary,1024,934,0.8661887,0.07428142,0.98615672
circles,random_unitary,1024,935,0.8794189,0.13902897,1.02158145
circles,random_unitary,1024,936,0.86660988,0.05836421,0.96798424
circles,random_unitary,1024,937,0.86835118,0.0011387,0.99563059
circles,random_unitary,1024,938,0.86511411,0.0100741,1.0028828
circles,random_unitary,1024,939,0.88079296,0.05986747,1.00240365
circles,random_unitary,1024,940,0.87876171,0.0836835,0.98918206
circles,random_unitary,1024,941,0.87039949,0.09187704,1.002235
circles,random_unitary,1024,942,0.86733924,0.0962412,0.97765302
circles,random_unitary,1024,943,0.87220181,0.0646078,0.98687667
circles,random_unitary,1024,944,0.86136466,0.03587004,0.98844175
circles,random_unitary,1024,945,0.87188663,0.00861523,1.01572518
circles,random_unitary,1024,946,0.86034577,0.04311495,1.00242303
circles,random_unitary,1024,947,0.86764678,0.02408748,1.01599017
circles,random_unitary,1024,948,0.86269974,0.005885,1.00865784
circles,random_unitary,1024,949,0.87362322,0.02019952,0.96126597
circles,random_unitary,1024,950,0.87887046,0.04857112,0.97427718
circles,random_unitary,1024,951,0.8730478,0.02383546,0.96777547
circles,random_unitary,1024,952,0.86509995,0.08959638,0.96557942
circles,random_unitary,1024,953,0.86867952,0.07525452,0.99866413
circles,random_unitary,1024,954,0.88426514,0.03171651,0.97930922
circles,random_unitary,1024,955,0.8747803,0.1004755,1.01350774
circles,random_unitary,1024,956,0.87230849,0.01209751,0.99981007
circles,random_unitary,1024,957,0.87504313,0.04933452,0.9933419
circles,random_unitary,1024,958,0.86584118,0.02601009,1.02411688
circles,random_unitary,1024,959,0.86920518,0.01788045,1.00519211
circles,random_unitary,1024,960,0.87721299,0.00014668,0.99552325
circles,random_unitary,1024,961,0.87479546,0.05959963,1.00426756
circles,random_unitary,1024,962,0.86891972,0.00664311,1.01678258
circles,random_unitary,1024,963,0.86895376,0.02459008,1.01300171
circles,random_unitary,1024,964,0.87004208,0.02233334,1.0200773
circles,random_unitary,1024,965,0.86352337,0.05583305,0.99854254
circles,random_unitary,1024,966,0.87206944,0.03795886,0.99767093
circles,random_unitary,1024,967,0.88070724,0.02943426,0.99893393
circles,random_unitary,1024,968,0.8782495,0.05524468,0.98892722
circles,random_unitary,1024,969,0.86383944,0.04804249,0.97827908
circles,random_unitary,1024,970,0.86912041,0.01130554,1.03041566
circles,random_unitary,1024,971,0.86451754,0.03272946,1.00714062
circles,random_unitary,1024,972,0.86178231,0.0410422,1.0097003
circles,random_unitary,1024,973,0.87033624,0.00967563,0.98146823
circles,random_unitary,1024,974,0.86915855,0.06920479,1.00640154
circles,random_unitary,1024,975,0.8700304,0.08820422,0.99326947
circles,random_unitary,1024,976,0.85440873,0.00312119,1.00096854
circles,random_unitary,1024,977,0.87740434,0.00703925,0.98523656
circles,random_unitary,1024,978,0.86600655,0.08542425,1.00270919
circles,random_unitary,1024,979,0.8707835,0.06033098,1.02082002
circles,random_unitary,1024,980,0.88711757,0.04775177,0.98801673
circles,random_unitary,1024,981,0.87002561,0.01690904,0.99200044
circles,random_unitary,1024,982,0.86874856,0.01394057,1.02308694
circles,random_unitary,1024,983,0.86979899,0.00709577,0.98614617
circles,random_unitary,1024,984,0.86903506,0.06229226,0.98328104
circles,random_unitary,1024,985,0.88604908,0.05432122,1.0093948
circles,random_unitary,1024,986,0.87706198,0.00105475,0.99746241
circles,random_unitary,1024,987,0.87074649,0.04450878,0.98711186
circles,random_unitary,1024,988,0.87572779,0.01836304,1.00770355
circles,random_unitary,1024,989,0.8798148,0.0368265,0.97279426
circles,random_unitary,1024,990,0.8781252,0.02648206,1.02846946
circles,random_unitary,1024,991,0.86689334,0.08051332,1.02530777
circles,random_unitary,1024,992,0.8775619,0.02477784,1.00417127
circles,random_unitary,1024,993,0.87035769,0.0549447,1.00520194
circles,random_unitary,1024,994,0.87108885,0.00548282,1.00231247
circles,random_unitary,1024,995,0.88887446,0.06386348,0.99791943
circles,random_unitary,1024,996,0.87337469,0.05652181,1.01884382
circles,random_unitary,1024,997,0.8716113,0.04350127,1.0061224
circles,random_unitary,1024,998,0.87108767,0.02671768,0.99347904
circles,random_unitary,1024,999,0.8815349,0.04023358,1.00336382
circles,random_unitary,2024,0,0.87253923,0.02426814,0.99426535
circles,random_unitary,2024,1,0.8663083,0.01043759,0.98974717
circles,random_unitary,2024,2,0.87359163,0.11305939,0.99181268
circles,random_unitary,2024,3,0.87605503,0.06563981,1.00204393
circles,random_unitary,2024,4,0.8731758,0.00109619,0.97660563
circles,random_unitary,2024,5,0.88032364,0.10076828,0.9629442
circles,random_unitary,2024,6,0.8594773,0.01615788,1.01368634
circles,random_unitary,2024,7,0.87359936,0.01069079,0.99680767
circles,random_unitary,2024,8,0.8753408,0.01584566,0.98098949
circles,random_unitary,2024,9,0.87093414,0.07810624,1.01442237
circles,random_unitary,2024,10,0.86920621,0.03975321,0.97393464
circles,random_unitary,2024,11,0.86198812,0.07116443,0.98043932
circles,random_unitary,2024,12,0.86243986,0.03354053,1.00749931
circles,random_unitary,2024,13,0.86855216,0.06015164,1.02977406
circles,random_unitary,2024,14,0.87481354,0.04426833,0.98947494
circles,random_unitary,2024,15,0.87751647,0.04200754,1.01496503
circles,random_unitary,2024,16,0.8636152,0.10216418,0.97486447
circles,random_unitary,2024,17,0.86701446,0.00845032,1.00787792
circles,random_unitary,2024,18,0.85978645,0.02071487,1.02070664
circles,random_unitary,2024,19,0.87653872,0.00161332,0.9971359
circles,random_unitary,2024,20,0.86297131,0.07439207,0.97720226
circles,random_unitary,2024,21,0.86528412,0.02312831,0.99443023
circles,random_unitary,2024,22,0.86915002,0.04968052,1.02822638
circles,random_unitary,2024,23,0.86194002,0.05382692,1.00860632
circles,random_unitary,2024,24,0.87345074,0.04938167,1.01173444
circles,random_unitary,2024,25,0.8764001,0.01933394,1.00592155
circles,random_unitary,2024,26,0.86642551,0.02413141,0.99953412
circles,random_unitary,2024,27,0.8895084,0.0510817,0.9973666
circles,random_unitary,2024,28,0.87668156,0.01162421,0.98675896
circles,random_unitary,2024,29,0.86573704,0.02683405,0.98546218
circles,random_unitary,2024,30,0.86717409,0.07647885,0.99523171
circles,random_unitary,2024,31,0.87938614,0.02547239,1.00859974
circles,random_unitary,2024,32,0.87010419,0.05380866,0.98108428
circles,random_unitary,2024,33,0.86650696,0.02054442,0.99015101
circles,random_unitary,2024,34,0.87183327,0.07564511,1.00279858
circles,random_unitary,2024,35,0.86980869,0.01599418,1.00121082
circles,random_unitary,2024,36,0.86715643,0.02078585,1.01666408
circles,random_unitary,2024,37,0.87475418,0.02928057,1.01049881
circles,random_unitary,2024,38,0.87449955,0.05392738,1.01747874
circles,random_unitary,2024,39,0.87852431,0.09520555,1.02539515
circles,random_unitary,2024,40,0.86653716,0.08632491,0.99579053
circles,random_unitary,2024,41,0.87414606,0.11091436,1.00550606
circles,random_unitary,2024,42,0.87297654,0.03874537,1.01667737
circles,random_unitary,2024,43,0.8814546,0.05693616,1.00513985
circles,random_unitary,2024,44,0.8687707,0.04230723,0.99141622
circles,random_unitary,2024,45,0.87282483,0.00968146,0.99295371
circles,random_unitary,2024,46,0.8742908,0.0538841,1.00665152
circles,random_unitary,2024,47,0.87604476,0.12770239,1.00874537
circles,random_unitary,2024,48,0.88259398,0.02901721,0.99134049
circles,random_unitary,2024,49,0.87656001,0.04891508,1.00741212
circles,random_unitary,2024,50,0.86957504,0.03940214,0.9908446
circles,random_unitary,2024,51,0.86148885,0.02977562,1.00154745
circles,random_unitary,2024,52,0.85262479,0.05136886,0.99886367
circles,random_unitary,2024,53,0.86611368,0.00709966,1.00963764
circles,random_unitary,2024,54,0.87265799,0.00811873,0.98497596
circles,random_unitary,2024,55,0.86772053,0.09328698,1.02151148
circles,random_unitary,2024,56,0.86914903,0.0090892,0.97820141
circles,random_unitary,2024,57,0.86301367,0.04112206,0.99098159
circles,random_unitary,2024,58,0.87934992,0.04218097,0.99888402
circles,random_unitary,2024,59,0.87285858,0.04161926,0.99950772
circles,random_unitary,2024,60,0.88491777,0.02172249,1.00864715
circles,random_unitary,2024,61,0.86726713,0.02118338,1.00451864
circles,random_unitary,2024,62,0.88103397,0.04517897,0.99005601
circles,random_unitary,2024,63,0.87438784,0.07243064,1.00684592
circles,random_unitary,2024,64,0.87267596,0.09895019,1.00681311
circles,random_unitary,2024,65,0.86616917,0.03465613,1.01496053
circles,random_unitary,2024,66,0.87336602,0.00510337,1.01332784
circles,random_unitary,2024,67,0.87930713,0.00389597,1.00951999
circles,random_unitary,2024,68,0.88075407,0.01731085,1.01551067
circles,random_unitary,2024,69,0.86521593,0.04252772,1.01294467
circles,random_unitary,2024,70,0.87503101,0.00191038,1.00087316
circles,random_unitary,2024,71,0.86548461,0.04378728,0.98963049
circles,random_unitary,2024,72,0.87719047,0.10895855,0.99710032
circles,random_unitary,2024,73,0.8589078,0.03420078,0.98855466
circles,random_unitary,2024,74,0.8649057,0.01928515,1.00204261
circles,random_unitary,2024,75,0.87552688,0.08615755,1.00460545
circles,random_unitary,2024,76,0.87008505,0.0505681,0.98785833
circles,random_unitary,2024,77,0.87151629,0.05836053,1.00520137
circles,random_unitary,2024,78,0.86926522,0.03046562,0.99812722
circles,random_unitary,2024,79,0.85462174,0.01744544,1.0116211
circles,random_unitary,2024,80,0.86686168,0.11073688,0.98567965
circles,random_unitary,2024,81,0.88179959,0.05475627,1.01031552
circles,random_unitary,2024,82,0.86437588,0.07592853,0.99607309
circles,random_unitary,2024,83,0.88186834,0.00153757,0.96418892
circles,random_unitary,2024,84,0.86558617,0.0436505,1.02597181
circles,random_unitary,2024,85,0.86885335,0.07337357,0.99598483
circles,random_unitary,2024,86,0.86879307,0.03223345,1.01542206
circles,random_unitary,2024,87,0.87521867,0.04455428,0.98193263
circles,random_unitary,2024,88,0.86912139,0.00166729,1.0186242
circles,random_unitary,2024,89,0.87445849,0.02448799,1.0049282
circles,random_unitary,2024,90,0.87280007,0.00563706,1.01697375
circles,random_unitary,2024,91,0.87810911,0.03001256,0.99317034
circles,random_unitary,2024,92,0.88366078,0.02698152,0.99678488
circles,random_unitary,2024,93,0.87272672,0.02531747,0.99834578
circles,random_unitary,2024,94,0.87317326,0.04642735,0.97962822
circles,random_unitary,2024,95,0.86806581,0.03773272,1.01427758
circles,random_unitary,2024,96,0.86457178,0.00334356,0.99025155
circles,random_unitary,2024,97,0.86938639,0.01931468,0.99575962
circles,random_unitary,2024,98,0.87308055,0.02401336,0.97652189
circles,random_unitary,2024,99,0.86999824,0.00035955,1.0043293
circles,random_unitary,2024,100,0.8784111,0.04768136,1.03433627
circles,random_unitary,2024,101,0.86887525,0.03618533,1.01250379
circles,random_unitary,2024,102,0.87644773,0.03290815,1.0024995
circles,random_unitary,2024,103,0.87517352,0.00834285,0.9873185
circles,random_unitary,2024,104,0.86960384,0.00802035,0.99952953
circles,random_unitary,2024,105,0.8664174,6.404e-05,1.0032262
circles,random_unitary,2024,106,0.87165655,0.02463129,1.00178906
circles,random_unitary,2024,107,0.87582681,0.08839344,1.01836184
circles,random_unitary,2024,108,0.87460075,0.07599523,0.98270068
circles,random_unitary,2024,109,0.87379453,0.0362951,1.00928055
circles,random_unitary,2024,110,0.87015476,0.00613102,1.02043393
circles,random_unitary,2024,111,0.87978737,0.03708568,1.0152649
circles,random_unitary,2024,112,0.86300256,0.03826097,0.97682534
circles,random_unitary,2024,113,0.87505628,0.00022072,1.04285364
circles,random_unitary,2024,114,0.87716657,0.02912991,0.98626557
circles,random_unitary,2024,115,0.87311641,0.03027085,1.00831212
circles,random_unitary,2024,116,0.87451063,0.01366408,0.99898092
circles,random_unitary,2024,117,0.86514899,0.05415173,0.99035033
circles,random_unitary,2024,118,0.85938136,0.105936,1.02004261
circles,random_unitary,2024,119,0.87302508,0.01391522,0.99276672
circles,random_unitary,2024,120,0.87129531,0.00885462,0.99995832
circles,random_unitary,2024,121,0.88070159,0.04300745,1.00155484
circles,random_unitary,2024,122,0.87907783,0.08731243,0.98854858
circles,random_unitary,2024,123,0.88176398,0.02430872,1.0015279
circles,random_unitary,2024,124,0.87176626,0.00015662,0.98222294
circles,random_unitary,2024,125,0.86428101,0.01813099,0.96894332
circles,random_unitary,2024,126,0.87972102,0.01768515,0.99856729
circles,random_unitary,2024,127,0.87119868,0.0487838,0.97442334
circles,random_unitary,2024,128,0.87260834,0.06288104,0.9849615
circles,random_unitary,2024,129,0.86200644,0.01187185,1.01728587
circles,random_unitary,2024,130,0.87726458,0.02618171,0.99928959
circles,random_unitary,2024,131,0.8734175,0.08786839,0.99147735
circles,random_unitary,2024,132,0.8722095,0.04062629,1.01571956
circles,random_unitary,2024,133,0.87408443,0.01564334,1.00951343
circles,random_unitary,2024,134,0.86917338,0.02228431,0.99347588
circles,random_unitary,2024,135,0.87242809,0.07789514,0.99507594
circles,random_unitary,2024,136,0.87924593,0.06061804,0.99803144
circles,random_unitary,2024,137,0.87314276,0.02384493,0.98724982
circles,random_unitary,2024,138,0.86059878,0.04201754,0.9829572
circles,random_unitary,2024,139,0.86386329,0.03377856,0.99026479
circles,random_unitary,2024,140,0.87385121,0.06604712,0.99990351
circles,random_unitary,2024,141,0.87473208,0.10734864,0.98709034
circles,random_unitary,2024,142,0.87198299,0.03035228,1.00754642
circles,random_unitary,2024,143,0.87342026,0.12086722,0.99119402
circles,random_unitary,2024,144,0.86247638,0.01072924,0.99740658
circles,random_unitary,2024,145,0.86015731,0.10083761,1.01283167
circles,random_unitary,2024,146,0.86279041,0.03236544,1.00028867
circles,random_unitary,2024,147,0.86996625,0.13370087,1.0055977
circles,random_unitary,2024,148,0.87008591,0.02020792,1.02330837
circles,random_unitary,2024,149,0.86337998,0.04603907,0.99834315
circles,random_unitary,2024,150,0.86025629,0.04292059,1.01206166
circles,random_unitary,2024,151,0.86486185,0.05188325,1.0104067
circles,random_unitary,2024,152,0.86283507,0.02359156,1.04381947
circles,random_unitary,2024,153,0.86495202,0.04861907,0.99124462
circles,random_unitary,2024,154,0.87082114,0.00304555,1.0150409
circles,random_unitary,2024,155,0.86204996,0.01479117,0.98730897
circles,random_unitary,2024,156,0.87343131,0.01512506,0.99711099
circles,random_unitary,2024,157,0.88529554,0.00777601,0.98585002
circles,random_unitary,2024,158,0.86835289,0.02555158,1.01189858
circles,random_unitary,2024,159,0.87484615,0.113755,0.99891645
circles,random_unitary,2024,160,0.87699338,0.01585611,1.01031455
circles,random_unitary,2024,161,0.86865772,0.1039304,1.00361696
circles,random_unitary,2024,162,0.86894621,0.02451473,0.98273411
circles,random_unitary,2024,163,0.8723732,0.03109717,1.00849797
circles,random_unitary,2024,164,0.8718076,0.01094635,0.9926223
circles,random_unitary,2024,165,0.8721364,0.0068357,1.00922992
circles,random_unitary,2024,166,0.87081103,0.02732909,0.99360643
circles,random_unitary,2024,167,0.87976877,0.02803841,0.99935723
circles,random_unitary,2024,168,0.87287997,0.0216501,1.00160291
circles,random_unitary,2024,169,0.86875284,0.01281339,0.9495145
circles,random_unitary,2024,170,0.86597588,0.01158772,0.99131041
circles,random_unitary,2024,171,0.86355195,0.04267122,1.00498361
circles,random_unitary,2024,172,0.8657895,0.03681832,1.0155715
circles,random_unitary,2024,173,0.87469575,0.05733423,0.99182174
circles,random_unitary,2024,174,0.86703886,0.05312562,0.99068768
circles,random_unitary,2024,175,0.86687084,0.0843017,1.00841867
circles,random_unitary,2024,176,0.87241935,0.05595473,0.97945315
circles,random_unitary,2024,177,0.88162404,0.03428858,0.99347117
circles,random_unitary,2024,178,0.87400808,0.11809741,0.97986961
circles,random_unitary,2024,179,0.87696609,0.02820826,0.99617653
circles,random_unitary,2024,180,0.87092092,0.00318326,1.0202528
circles,random_unitary,2024,181,0.87602325,0.06746857,1.03011164
circles,random_unitary,2024,182,0.8764076,0.00888695,0.98635359
circles,random_unitary,2024,183,0.86995813,0.01397637,0.96038708
circles,random_unitary,2024,184,0.87471833,0.04229953,1.00641111
circles,random_unitary,2024,185,0.86263287,0.04488261,1.01995022
circles,random_unitary,2024,186,0.87383224,0.02336676,0.9862251
circles,random_unitary,2024,187,0.87462146,0.02045648,1.00274305
circles,random_unitary,2024,188,0.87291524,0.04709059,1.01312126
circles,random_unitary,2024,189,0.87190979,0.01827426,0.99890667
circles,random_unitary,2024,190,0.87435638,0.11462255,0.99472224
circles,random_unitary,2024,191,0.86186629,0.05115696,1.01483836
circles,random_unitary,2024,192,0.86394167,0.04447658,1.00047535
circles,random_unitary,2024,193,0.85984797,0.0039395,1.00099854
circles,random_unitary,2024,194,0.87321843,0.01102311,1.02461163
circles,random_unitary,2024,195,0.86766499,0.01934513,1.00214237
circles,random_unitary,2024,196,0.87740921,0.01641804,0.99886916
circles,random_unitary,2024,197,0.86270327,0.0307184,1.01022184
circles,random_unitary,2024,198,0.86562943,0.02860741,0.99689539
circles,random_unitary,2024,199,0.87905982,0.1051437,1.00859633
circles,random_unitary,2024,200,0.85663173,0.05160551,1.00312548
circles,random_unitary,2024,201,0.87892096,0.06029751,0.98585948
circles,random_unitary,2024,202,0.87879351,0.01465158,1.01296031
circles,random_unitary,2024,203,0.86465862,0.01971832,1.00351315
circles,random_unitary,2024,204,0.8595331,0.07696736,0.97723264
circles,random_unitary,2024,205,0.87420295,0.01723099,0.99399644
circles,random_unitary,2024,206,0.86955814,0.06866721,0.97488095
circles,random_unitary,2024,207,0.86855328,0.11790655,1.01632681
circles,random_unitary,2024,208,0.8667254,0.12197286,0.97964188
circles,random_unitary,2024,209,0.85257093,0.09263008,0.98927647
circles,random_unitary,2024,210,0.87451596,0.0122219,0.97339612
circles,random_unitary,2024,211,0.86009251,0.05232472,0.9986101
circles,random_unitary,2024,212,0.86746853,0.00773345,1.00876837
circles,random_unitary,2024,213,0.86162635,0.0546099,1.01013125
circles,random_unitary,2024,214,0.87767976,0.04628985,0.98472685
circles,random_unitary,2024,215,0.87017973,0.0321671,1.01650613
circles,random_unitary,2024,216,0.86856261,0.03313949,1.01105286
circles,random_unitary,2024,217,0.88546801,0.00559967,0.98935056
circles,random_unitary,2024,218,0.87510535,0.04005433,0.96083999
circles,random_unitary,2024,219,0.87414903,0.04434971,1.00973907
circles,random_unitary,2024,220,0.86551935,0.08467056,1.01142565
circles,random_unitary,2024,221,0.88055949,0.00034482,0.99500028
circles,random_unitary,2024,222,0.87217014,0.0037514,1.01165266
circles,random_unitary,2024,223,0.87172288,0.00469238,1.00570097
circles,random_unitary,2024,224,0.8743191,0.02860339,0.98279014
circles,random_unitary,2024,225,0.86664403,0.03062533,0.99074559
circles,random_unitary,2024,226,0.86870899,0.04399393,1.0229648
circles,random_unitary,2024,227,0.86727506,0.03130102,1.01605623
circles,random_unitary,2024,228,0.8693874,0.07708171,1.00780916
circles,random_unitary,2024,229,0.86558295,0.0421968,0.98110399
circles,random_unitary,2024,230,0.87398503,0.05770999,1.02346988
circles,random_unitary,2024,231,0.86131762,0.05807959,1.00633143
circles,random_unitary,2024,232,0.86482928,0.05739433,0.98733206
circles,random_unitary,2024,233,0.87880181,0.00114387,1.00434228
circles,random_unitary,2024,234,0.86607714,0.08309748,1.00798947
circles,random_unitary,2024,235,0.88023361,0.02839193,0.99876341
circles,random_unitary,2024,236,0.86961256,0.03550422,0.99256046
circles,random_unitary,2024,237,0.86770933,0.01358768,1.00402096
circles,random_unitary,2024,238,0.87868693,0.00486731,0.99248745
circles,random_unitary,2024,239,0.87772002,0.07697288,1.01479074
circles,random_unitary,2024,240,0.85994702,0.0227853,1.02131144
circles,random_unitary,2024,241,0.87495217,0.0447784,0.98307964
circles,random_unitary,2024,242,0.86391773,0.047742,0.98371809
circles,random_unitary,2024,243,0.87426771,0.08550622,1.0111677
circles,random_unitary,2024,244,0.8658794,0.00477103,0.98465911
circles,random_unitary,2024,245,0.87136524,0.04557126,1.00793865
circles,random_unitary,2024,246,0.87431981,0.00580104,0.98591044
circles,random_unitary,2024,247,0.87139784,0.16298157,1.00812215
circles,random_unitary,2024,248,0.86393456,0.02724445,0.99506092
circles,random_unitary,2024,249,0.87312834,0.07331625,1.01657524
circles,random_unitary,2024,250,0.87268706,0.10109077,0.99976298
circles,random_unitary,2024,251,0.87135864,0.04838234,1.00596421
circles,random_unitary,2024,252,0.87600197,0.08024916,1.00136194
circles,random_unitary,2024,253,0.8715387,0.05211092,0.98290626
circles,random_unitary,2024,254,0.86915925,0.06646734,1.00124153
circles,random_unitary,2024,255,0.86485862,0.10518766,1.00420821
circles,random_unitary,2024,256,0.86663487,0.03594971,1.00987958
circles,random_unitary,2024,257,0.87780958,0.02779422,0.97500473
circles,random_unitary,2024,258,0.87211386,0.0558779,1.03107935
circles,random_unitary,2024,259,0.87813819,0.06141023,1.0044649
circles,random_unitary,2024,260,0.87063691,0.05528908,0.99510165
circles,random_unitary,2024,261,0.87868918,0.0623181,0.99368318
circles,random_unitary,2024,262,0.86429229,0.04381561,1.01768066
circles,random_unitary,2024,263,0.87525371,0.08624371,0.98780806
circles,random_unitary,2024,264,0.87800878,0.00640568,1.00540384
circles,random_unitary,2024,265,0.86756279,0.03110079,0.98608331
circles,random_unitary,2024,266,0.86767743,0.06937378,1.02303024
circles,random_unitary,2024,267,0.87379232,0.03621525,1.02705435
circles,random_unitary,2024,268,0.88076259,0.0932776,1.01045837
circles,random_unitary,2024,269,0.87447824,0.02718311,1.01495457
circles,random_unitary,2024,270,0.8805649,0.0330464,0.99252822
circles,random_unitary,2024,271,0.87375083,0.07927768,1.00932296
circles,random_unitary,2024,272,0.8721499,0.0379543,1.02534513
circles,random_unitary,2024,273,0.86930192,0.06512881,0.98588898
circles,random_unitary,2024,274,0.87341566,0.05219772,1.01381705
circles,random_unitary,2024,275,0.86227346,0.03126895,1.00858994
circles,random_unitary,2024,276,0.86862355,0.11702352,0.96512962
circles,random_unitary,2024,277,0.86352006,0.02830055,0.97388343
circles,random_unitary,2024,278,0.8746862,0.00098642,0.99875243
circles,random_unitary,2024,279,0.87053497,0.03613064,0.99833521
circles,random_unitary,2024,280,0.88667259,0.07108783,1.02785362
circles,random_unitary,2024,281,0.87732145,0.03162828,0.99669724
circles,random_unitary,2024,282,0.86936012,0.01265231,0.98963734
circles,random_unitary,2024,283,0.87341803,0.02394964,0.99387582
circles,random_unitary,2024,284,0.8684123,0.0176437,0.99795201
circles,random_unitary,2024,285,0.85721447,0.11310099,0.97144038
circles,random_unitary,2024,286,0.8716744,0.05322817,0.97068118
circles,random_unitary,2024,287,0.87407466,0.02109225,1.00606691
circles,random_unitary,2024,288,0.87477128,0.05846446,0.97815502
circles,random_unitary,2024,289,0.87130683,0.07076137,1.01557249
circles,random_unitary,2024,290,0.87721698,0.02485268,0.98768042
circles,random_unitary,2024,291,0.86761854,0.01824083,1.00082738
circles,random_unitary,2024,292,0.85990549,0.0188907,1.0138098
circles,random_unitary,2024,293,0.86365711,0.04114953,1.01925953
circles,random_unitary,2024,294,0.87385762,0.02294228,1.00202864
circles,random_unitary,2024,295,0.8688539,0.0206944,1.03833029
circles,random_unitary,2024,296,0.87756075,0.01918463,1.00463914
circles,random_unitary,2024,297,0.8697967,0.04074459,1.00414361
circles,random_unitary,2024,298,0.87329584,0.0029397,1.01282394
circles,random_unitary,2024,299,0.86701141,0.03297568,0.99736839
circles,random_unitary,2024,300,0.86295675,0.00746576,1.01723141
circles,random_unitary,2024,301,0.87290571,0.02632631,0.99519054
circles,random_unitary,2024,302,0.88132307,0.08465142,1.00146948
circles,random_unitary,2024,303,0.86387702,0.0970189,0.98802216
circles,random_unitary,2024,304,0.87818553,0.03288011,0.97604965
circles,random_unitary,2024,305,0.87258344,0.01242554,0.9779486
circles,random_unitary,2024,306,0.88187219,0.03546385,1.00656872
circles,random_unitary,2024,307,0.85759111,0.02193346,1.01067073
circles,random_unitary,2024,308,0.86919888,0.03665608,1.00498716
circles,random_unitary,2024,309,0.8789716,0.13062404,0.99419968
circles,random_unitary,2024,310,0.86883829,0.02852409,0.99745853
circles,random_unitary,2024,311,0.86736265,0.01913735,0.98478593
circles,random_unitary,2024,312,0.86932229,0.09512851,0.99893545
circles,random_unitary,2024,313,0.88068858,0.06412548,0.97990605
circles,random_unitary,2024,314,0.86827815,0.09031498,0.98810377
circles,random_unitary,2024,315,0.87186399,0.01607347,0.98813052
circles,random_unitary,2024,316,0.86225992,0.01656642,0.99219181
circles,random_unitary,2024,317,0.8798195,0.06192059,0.99834395
circles,random_unitary,2024,318,0.872207,0.03185587,1.00103321
circles,random_unitary,2024,319,0.86923454,0.02896907,0.98727977
circles,random_unitary,2024,320,0.8710592,0.08053918,1.00114173
circles,random_unitary,2024,321,0.86569707,0.07279381,0.97678839
circles,random_unitary,2024,322,0.87682014,0.07823107,1.01394729
circles,random_unitary,2024,323,0.87838136,0.00588828,0.98735265
circles,random_unitary,2024,324,0.86761664,0.03150897,1.01573306
circles,random_unitary,2024,325,0.86779985,0.06413279,0.99195791
circles,random_unitary,2024,326,0.87820795,0.1264782,1.00324589
circles,random_unitary,2024,327,0.88473381,0.06627256,0.9795592
circles,random_unitary,2024,328,0.86639165,0.02327847,1.00431512
circles,random_unitary,2024,329,0.86853034,0.09212421,1.02861448
circles,random_unitary,2024,330,0.87267778,0.01593121,1.01128819
circles,random_unitary,2024,331,0.87650319,0.01262319,1.01318087
circles,random_unitary,2024,332,0.86981049,0.11450983,0.98466474
circles,random_unitary,2024,333,0.86604839,0.03318228,0.99112514
circles,random_unitary,2024,334,0.87243845,0.03322194,0.99829179
circles,random_unitary,2024,335,0.87457198,0.08476487,0.99341767
circles,random_unitary,2024,336,0.86657358,0.07154426,0.9848662
circles,random_unitary,2024,337,0.86313515,0.09454573,1.02838819
circles,random_unitary,2024,338,0.86869225,0.00154947,0.9738552
circles,random_unitary,2024,339,0.86775722,0.1028049,1.01405607
circles,random_unitary,2024,340,0.86372933,0.02624569,0.9974766
circles,random_unitary,2024,341,0.87182784,0.00712288,0.97858497
circles,random_unitary,2024,342,0.8736628,0.0248661,1.00335838
circles,random_unitary,2024,343,0.86761848,0.0559299,1.00239985
circles,random_unitary,2024,344,0.86954927,0.03460374,1.01859818
circles,random_unitary,2024,345,0.86200944,0.01563533,1.01549192
circles,random_unitary,2024,346,0.87370941,0.04685432,0.99461199
circles,random_unitary,2024,347,0.85945123,0.01563138,1.01924572
circles,random_unitary,2024,348,0.87118311,0.04004255,1.00069604
circles,random_unitary,2024,349,0.86819227,0.07435962,0.99932726
circles,random_unitary,2024,350,0.86445913,0.00826505,1.01715171
circles,random_unitary,2024,351,0.87801235,0.03359391,0.98859767
circles,random_unitary,2024,352,0.86228074,0.0368172,0.98734227
circles,random_unitary,2024,353,0.86766894,0.06090903,1.0276778
circles,random_unitary,2024,354,0.88342215,0.03978094,0.99078142
circles,random_unitary,2024,355,0.86464349,0.00771181,1.01205707
circles,random_unitary,2024,356,0.87770765,0.06318989,0.99780096
circles,random_unitary,2024,357,0.87216985,0.039864,1.0104403
circles,random_unitary,2024,358,0.87452008,0.05028975,0.98419124
circles,random_unitary,2024,359,0.87352565,0.02182535,0.97525024
circles,random_unitary,2024,360,0.86836045,0.06174979,1.02353245
circles,random_unitary,2024,361,0.87478812,0.07610604,1.01163834
circles,random_unitary,2024,362,0.87515167,0.00209769,1.00238926
circles,random_unitary,2024,363,0.87541902,0.05506331,1.00913832
circles,random_unitary,2024,364,0.8731353,0.04550626,1.00212089
circles,random_unitary,2024,365,0.87114807,0.03139861,0.97860003
circles,random_unitary,2024,366,0.86677625,0.03172857,0.99570473
circles,random_unitary,2024,367,0.87863502,0.08039834,1.00137078
circles,random_unitary,2024,368,0.88134032,0.00411825,0.99174109
circles,random_unitary,2024,369,0.87894312,0.03377502,0.98888429
circles,random_unitary,2024,370,0.87547895,0.04459844,1.0145167
circles,random_unitary,2024,371,0.86935556,0.03270275,1.01996609
circles,random_unitary,2024,372,0.88469539,0.00244075,0.98851226
circles,random_unitary,2024,373,0.8673545,0.08916103,1.01969579
circles,random_unitary,2024,374,0.87564495,0.02085632,1.00408395
circles,random_unitary,2024,375,0.87963433,0.04629884,1.0132318
circles,random_unitary,2024,376,0.8713604,0.00481041,0.98309292
circles,random_unitary,2024,377,0.86594147,0.02777918,0.98343233
circles,random_unitary,2024,378,0.86953801,0.04395374,0.99030914
circles,random_unitary,2024,379,0.87626063,0.06893334,0.99446691
circles,random_unitary,2024,380,0.87186606,0.0495062,0.9942832
circles,random_unitary,2024,381,0.870575,0.005177,1.00009494
circles,random_unitary,2024,382,0.8668798,0.01108786,1.00550537
circles,random_unitary,2024,383,0.87849603,0.08029959,1.00306066
circles,random_unitary,2024,384,0.86258258,0.03600902,0.9827098
circles,random_unitary,2024,385,0.87214552,0.02543389,1.03013767
circles,random_unitary,2024,386,0.87573202,0.08006034,1.00171092
circles,random_unitary,2024,387,0.87469844,0.00190649,0.99541127
circles,random_unitary,2024,388,0.871886,0.0149697,1.01160324
circles,random_unitary,2024,389,0.86444146,0.01914346,0.99095747
circles,random_unitary,2024,390,0.86523471,0.0265117,0.98439224
circles,random_unitary,2024,391,0.87703544,0.01332052,1.00952982
circles,random_unitary,2024,392,0.86940939,0.01945187,1.01003372
circles,random_unitary,2024,393,0.86486154,0.05141358,1.00480142
circles,random_unitary,2024,394,0.8661168,0.09709763,1.01740231
circles,random_unitary,2024,395,0.87989812,0.0038184,1.01224634
circles,random_unitary,2024,396,0.87335966,0.07536567,0.99146818
circles,random_unitary,2024,397,0.87296711,0.04486971,0.99231936
circles,random_unitary,2024,398,0.88172351,0.02044867,0.98645331
circles,random_unitary,2024,399,0.876446,0.04021343,1.0092451
circles,random_unitary,2024,400,0.87475729,0.05993465,0.96275934
circles,random_unitary,2024,401,0.85693139,0.00096471,0.98079953
circles,random_unitary,2024,402,0.87256109,0.04816783,0.99604407
circles,random_unitary,2024,403,0.86475761,0.09075232,0.98080551
circles,random_unitary,2024,404,0.86794844,0.06624662,1.01042952
circles,random_unitary,2024,405,0.8707404,0.03213953,0.99285789
circles,random_unitary,2024,406,0.86809754,0.01152457,1.00437446
circles,random_unitary,2024,407,0.87618516,6.738e-05,0.99319811
circles,random_unitary,2024,408,0.87629255,0.00945725,0.9816191
circles,random_unitary,2024,409,0.86771352,0.00987936,0.98873624
circles,random_unitary,2024,410,0.87365098,0.07030207,1.00586651
circles,random_unitary,2024,411,0.87733992,0.044571,0.9975425
circles,random_unitary,2024,412,0.87164135,0.07038269,1.00950623
circles,random_unitary,2024,413,0.88149623,0.05165528,1.01221053
circles,random_unitary,2024,414,0.87014329,0.04635735,0.98455302
circles,random_unitary,2024,415,0.86812949,0.0372677,0.99040752
circles,random_unitary,2024,416,0.85878035,0.05566979,0.96622014
circles,random_unitary,2024,417,0.87514206,0.02796435,1.00827534
circles,random_unitary,2024,418,0.86617541,0.01325794,1.02764436
circles,random_unitary,2024,419,0.87798068,0.0192979,0.988597
circles,random_unitary,2024,420,0.87310529,0.02213089,1.00453393
circles,random_unitary,2024,421,0.86828277,0.02542966,0.97640725
circles,random_unitary,2024,422,0.87183245,0.04873055,1.00896566
circles,random_unitary,2024,423,0.87675181,0.02137286,0.97690558
circles,random_unitary,2024,424,0.85817806,0.01297347,0.98186901
circles,random_unitary,2024,425,0.8815396,0.04866026,0.99527647
circles,random_unitary,2024,426,0.87285236,0.00453619,0.98733173
circles,random_unitary,2024,427,0.86664604,0.03987615,1.00768889
circles,random_unitary,2024,428,0.87916602,0.01223757,1.01247102
circles,random_unitary,2024,429,0.88442448,0.06176055,0.98478684
circles,random_unitary,2024,430,0.88244941,0.04499134,0.99106253
circles,random_unitary,2024,431,0.8691663,0.03094851,0.99429844
circles,random_unitary,2024,432,0.86512014,0.00615564,1.02110246
circles,random_unitary,2024,433,0.87400384,0.00547297,1.00023308
circles,random_unitary,2024,434,0.86513898,0.00487177,0.98103081
circles,random_unitary,2024,435,0.87930786,0.01440519,0.99480502
circles,random_unitary,2024,436,0.86689184,0.04756863,0.99702606
circles,random_unitary,2024,437,0.86179643,0.03381924,1.02314716
circles,random_unitary,2024,438,0.86410899,0.07915015,1.00339593
circles,random_unitary,2024,439,0.87678695,0.03721984,1.01516163
circles,random_unitary,2024,440,0.86638945,0.0518975,0.98416143
circles,random_unitary,2024,441,0.87233566,0.07781588,0.99985329
circles,random_unitary,2024,442,0.87650591,0.04672682,0.99871606
circles,random_unitary,2024,443,0.867957,0.01716629,0.9779943
circles,random_unitary,2024,444,0.8640017,0.00239843,0.97579014
circles,random_unitary,2024,445,0.86788355,0.04936377,0.98950413
circles,random_unitary,2024,446,0.87527818,0.01476892,0.98717287
circles,random_unitary,2024,447,0.86933501,0.00987682,0.99467699
circles,random_unitary,2024,448,0.86704891,0.00779551,1.01049068
circles,random_unitary,2024,449,0.87881497,0.06156193,0.99165486
circles,random_unitary,2024,450,0.86509702,0.00722178,1.01179665
circles,random_unitary,2024,451,0.86628811,0.00424732,0.98638069
circles,random_unitary,2024,452,0.8721561,0.05179106,0.99507415
circles,random_unitary,2024,453,0.87362791,0.06301524,0.97304548
circles,random_unitary,2024,454,0.86839266,0.10225877,0.99583395
circles,random_unitary,2024,455,0.87465941,0.0460647,1.00002884
circles,random_unitary,2024,456,0.87474698,0.01313069,1.00713823
circles,random_unitary,2024,457,0.86948928,0.02990524,0.989048
circles,random_unitary,2024,458,0.87668507,0.05592346,0.99559259
circles,random_unitary,2024,459,0.87012301,0.0430523,1.00140023
circles,random_unitary,2024,460,0.88670343,0.01708875,1.00830161
circles,random_unitary,2024,461,0.8704816,0.04808484,1.00271333
circles,random_unitary,2024,462,0.87341189,0.03972542,0.98667808
circles,random_unitary,2024,463,0.86769032,0.00860751,0.99118364
circles,random_unitary,2024,464,0.86320083,0.05916356,1.00169093
circles,random_unitary,2024,465,0.87521468,0.00903309,0.98359781
circles,random_unitary,2024,466,0.87844506,0.04003786,1.0034087
circles,random_unitary,2024,467,0.86788785,0.09434045,0.99423192
circles,random_unitary,2024,468,0.87420381,0.0036249,0.99901572
circles,random_unitary,2024,469,0.8756258,0.03879619,0.98188341
circles,random_unitary,2024,470,0.87360368,0.06353096,0.99621326
circles,random_unitary,2024,471,0.87220126,0.03760196,0.99189276
circles,random_unitary,2024,472,0.87820104,0.01796616,1.01777957
circles,random_unitary,2024,473,0.86251855,0.06744917,0.98987451
circles,random_unitary,2024,474,0.87255598,0.02146321,1.00376443
circles,random_unitary,2024,475,0.86625313,0.0348848,1.01187376
circles,random_unitary,2024,476,0.87240111,0.02240849,1.00610978
circles,random_unitary,2024,477,0.8658452,0.04385871,1.03390659
circles,random_unitary,2024,478,0.87509692,0.03495765,1.00880332
circles,random_unitary,2024,479,0.87702246,0.00030817,0.99755499
circles,random_unitary,2024,480,0.8711444,0.05399712,0.99682533
circles,random_unitary,2024,481,0.87039076,0.00599117,1.00331464
circles,random_unitary,2024,482,0.86781236,0.09489584,0.99648611
circles,random_unitary,2024,483,0.86726413,0.0035837,1.0000941
circles,random_unitary,2024,484,0.86633413,0.13119161,0.9785543
circles,random_unitary,2024,485,0.87008977,0.0004441,0.9940029
circles,random_unitary,2024,486,0.86530832,0.05660231,1.02329641
circles,random_unitary,2024,487,0.86871088,0.0451532,0.96361894
circles,random_unitary,2024,488,0.87896829,0.03961756,0.98808327
circles,random_unitary,2024,489,0.86872143,0.10390458,0.98435762
circles,random_unitary,2024,490,0.86507938,0.02248097,0.99109922
circles,random_unitary,2024,491,0.86397364,0.0381869,0.98876435
circles,random_unitary,2024,492,0.86675835,0.07014126,0.99665951
circles,random_unitary,2024,493,0.87086736,0.00759481,0.98793082
circles,random_unitary,2024,494,0.87615198,0.00595213,0.99327777
circles,random_unitary,2024,495,0.86706102,0.02633193,1.00018234
circles,random_unitary,2024,496,0.87239084,0.07042579,0.99224688
circles,random_unitary,2024,497,0.86594908,0.01072766,0.98312111
circles,random_unitary,2024,498,0.86788533,0.00983536,1.00445026
circles,random_unitary,2024,499,0.86108729,0.08190852,0.97609972
circles,random_unitary,2024,500,0.85943356,0.02743907,1.01271156
circles,random_unitary,2024,501,0.87268013,0.0471731,1.01034917
circles,random_unitary,2024,502,0.86857407,0.06555783,0.98629717
circles,random_unitary,2024,503,0.87658666,0.01675381,0.98976014
circles,random_unitary,2024,504,0.87950562,0.02102842,0.99877878
circles,random_unitary,2024,505,0.85236965,0.0498411,0.97255261
circles,random_unitary,2024,506,0.87073653,0.02253187,1.02083938
circles,random_unitary,2024,507,0.86448176,0.01628046,1.0064574
circles,random_unitary,2024,508,0.86251476,0.03051951,1.01964499
circles,random_unitary,2024,509,0.88297902,0.01069242,1.01596458
circles,random_unitary,2024,510,0.8662131,0.01840456,1.00671441
circles,random_unitary,2024,511,0.87043076,0.09862435,1.01621186
circles,random_unitary,2024,512,0.86375799,0.10721101,0.99143108
circles,random_unitary,2024,513,0.86176793,0.01025156,0.99902906
circles,random_unitary,2024,514,0.87627267,0.06721425,0.99269578
circles,random_unitary,2024,515,0.86796431,0.03986205,1.02479605
circles,random_unitary,2024,516,0.86646476,0.03882367,1.0101183
circles,random_unitary,2024,517,0.87262858,0.00562242,1.01277466
circles,random_unitary,2024,518,0.87991953,0.01844506,1.01792394
circles,random_unitary,2024,519,0.86770852,0.01092483,1.00902559
circles,random_unitary,2024,520,0.87431098,0.01347131,0.97774306
circles,random_unitary,2024,521,0.87163614,0.05127126,1.00921267
circles,random_unitary,2024,522,0.87484497,0.01348796,0.99884999
circles,random_unitary,2024,523,0.87907476,0.06027805,0.99072269
circles,random_unitary,2024,524,0.87062184,0.02907304,0.99931264
circles,random_unitary,2024,525,0.86608414,0.02150928,0.99325848
circles,random_unitary,2024,526,0.87175999,0.00154412,0.97590336
circles,random_unitary,2024,527,0.86890286,0.03960884,0.98380347
circles,random_unitary,2024,528,0.86966663,0.01933404,0.99645919
circles,random_unitary,2024,529,0.8623147,0.10072916,1.02350283
circles,random_unitary,2024,530,0.87871013,0.04573201,1.00201602
circles,random_unitary,2024,531,0.87748648,0.1011068,1.01215727
circles,random_unitary,2024,532,0.8726455,0.03813869,0.99825365
circles,random_unitary,2024,533,0.86810719,0.01656511,0.96979495
circles,random_unitary,2024,534,0.8666694,0.0187042,1.01118147
circles,random_unitary,2024,535,0.86799893,0.00567979,0.9918327
circles,random_unitary,2024,536,0.87159148,0.12346055,0.98250711
circles,random_unitary,2024,537,0.87361223,0.00026903,0.99184182
circles,random_unitary,2024,538,0.86551989,0.01651398,1.00739651
circles,random_unitary,2024,539,0.87887421,0.00753326,1.00798387
circles,random_unitary,2024,540,0.86761285,0.02928039,1.01994603
circles,random_unitary,2024,541,0.86649691,0.07559378,1.00319016
circles,random_unitary,2024,542,0.87185713,0.0167307,1.00997264
circles,random_unitary,2024,543,0.87056975,0.00853254,0.98479405
circles,random_unitary,2024,544,0.86986909,0.09153505,1.01036685
circles,random_unitary,2024,545,0.86970993,0.02760907,1.01480668
circles,random_unitary,2024,546,0.86814896,0.09784195,1.01609329
circles,random_unitary,2024,547,0.8704038,0.07055349,0.98751201
circles,random_unitary,2024,548,0.8603861,0.04686946,1.00867833
circles,random_unitary,2024,549,0.86992028,0.01725897,1.01900041
circles,random_unitary,2024,550,0.87399926,0.09507136,0.98194843
circles,random_unitary,2024,551,0.8775113,0.02626635,1.00311944
circles,random_unitary,2024,552,0.87000395,0.00350443,0.98905532
circles,random_unitary,2024,553,0.88128154,0.01623364,0.9893741
circles,random_unitary,2024,554,0.86618497,0.0380322,0.97685699
circles,random_unitary,2024,555,0.86924435,0.0505292,1.00135003
circles,random_unitary,2024,556,0.87536961,0.05801348,0.98670378
circles,random_unitary,2024,557,0.86728831,0.02328021,0.978412
circles,random_unitary,2024,558,0.87968837,0.02923622,1.01039634
circles,random_unitary,2024,559,0.86222297,0.06184786,0.99221474
circles,random_unitary,2024,560,0.86942311,0.00044329,1.02095743
circles,random_unitary,2024,561,0.86829468,0.00873494,1.00730102
circles,random_unitary,2024,562,0.865045,0.06699431,0.99232023
circles,random_unitary,2024,563,0.86832931,0.06108079,1.01867469
circles,random_unitary,2024,564,0.87255392,0.07574934,1.00752166
circles,random_unitary,2024,565,0.8837651,0.00931578,1.00071794
circles,random_unitary,2024,566,0.8766697,0.07530367,1.02677966
circles,random_unitary,2024,567,0.8797653,0.01278691,0.99207389
circles,random_unitary,2024,568,0.8676801,0.01083861,0.99814
circles,random_unitary,2024,569,0.87045061,0.00532239,0.98749389
circles,random_unitary,2024,570,0.86174001,0.03749927,1.01313537
circles,random_unitary,2024,571,0.87248691,0.08476022,1.01655149
circles,random_unitary,2024,572,0.87262033,0.07341896,0.99574055
circles,random_unitary,2024,573,0.87869871,0.02245028,1.01052255
circles,random_unitary,2024,574,0.87179847,0.0394452,0.97825423
circles,random_unitary,2024,575,0.85787063,0.01052831,0.99629169
circles,random_unitary,2024,576,0.8636052,0.07796626,1.02907773
circles,random_unitary,2024,577,0.87340683,0.0260449,0.98065977
circles,random_unitary,2024,578,0.86523272,0.0033936,1.00625807
circles,random_unitary,2024,579,0.87217658,0.02471313,0.9948817
circles,random_unitary,2024,580,0.86231022,0.00676261,1.00192589
circles,random_unitary,2024,581,0.87022996,0.06419376,0.99266627
circles,random_unitary,2024,582,0.86715429,0.03790252,1.00929561
circles,random_unitary,2024,583,0.87610186,0.00019175,1.01183094
circles,random_unitary,2024,584,0.87534086,0.06106083,0.98004062
circles,random_unitary,2024,585,0.86946879,0.10817608,0.98633111
circles,random_unitary,2024,586,0.86715339,0.03247081,1.01238032
circles,random_unitary,2024,587,0.87423594,0.00240164,0.99630123
circles,random_unitary,2024,588,0.86259822,0.01479908,0.98937635
circles,random_unitary,2024,589,0.87406908,0.03237593,1.02122415
circles,random_unitary,2024,590,0.87224435,0.05193109,1.00790418
circles,random_unitary,2024,591,0.86306332,0.06115727,1.01111067
circles,random_unitary,2024,592,0.86791122,0.02868845,1.0018079
circles,random_unitary,2024,593,0.86986553,0.06891909,0.99174804
circles,random_unitary,2024,594,0.8625665,0.04889738,1.00447728
circles,random_unitary,2024,595,0.87045041,0.01994967,0.98366742
circles,random_unitary,2024,596,0.86390691,0.01592015,0.98551789
circles,random_unitary,2024,597,0.87072055,0.00799567,0.97837785
circles,random_unitary,2024,598,0.87238924,0.06392192,1.02024254
circles,random_unitary,2024,599,0.87094156,0.05685884,1.03378934
circles,random_unitary,2024,600,0.87273886,0.03437922,1.01291503
circles,random_unitary,2024,601,0.88476776,0.04400938,0.99664821
circles,random_unitary,2024,602,0.86790207,0.08127462,1.00412954
circles,random_unitary,2024,603,0.86934019,0.04305053,1.00757817
circles,random_unitary,2024,604,0.86580191,0.03255223,0.99176699
circles,random_unitary,2024,605,0.87449388,0.0756257,1.02284237
circles,random_unitary,2024,606,0.86647205,0.01976377,1.01886959
circles,random_unitary,2024,607,0.87390296,0.00818817,1.01476383
circles,random_unitary,2024,608,0.85765387,0.01856772,1.00882747
circles,random_unitary,2024,609,0.87063936,0.01393897,1.00021135
circles,random_unitary,2024,610,0.88055831,0.01650021,1.00396011
circles,random_unitary,2024,611,0.86397011,0.00471432,0.97414752
circles,random_unitary,2024,612,0.87140798,0.03044822,0.99950104
circles,random_unitary,2024,613,0.87915618,0.00502014,0.99949568
circles,random_unitary,2024,614,0.8627325,0.1156658,0.98687173
circles,random_unitary,2024,615,0.86769036,0.00870619,1.01231021
circles,random_unitary,2024,616,0.86363308,0.03998744,1.00161157
circles,random_unitary,2024,617,0.86251616,0.0940712,0.99503097
circles,random_unitary,2024,618,0.87969146,0.12980469,1.00217128
circles,random_unitary,2024,619,0.87406446,0.08098007,1.03308885
circles,random_unitary,2024,620,0.86749296,0.04808939,0.97159393
circles,random_unitary,2024,621,0.85827987,0.05330809,1.0039022
circles,random_unitary,2024,622,0.87495732,0.05839139,0.98843744
circles,random_unitary,2024,623,0.86755576,0.03108027,1.01508375
circles,random_unitary,2024,624,0.8744695,0.07563208,0.97655038
circles,random_unitary,2024,625,0.87800811,0.06291176,0.99677722
circles,random_unitary,2024,626,0.86658449,0.04588046,1.01736508
circles,random_unitary,2024,627,0.86691714,0.05277716,0.97228094
circles,random_unitary,2024,628,0.87103155,0.04185484,1.01473937
circles,random_unitary,2024,629,0.87067625,0.01417163,0.98723735
circles,random_unitary,2024,630,0.87533882,0.03093685,0.97013748
circles,random_unitary,2024,631,0.87310135,0.00431433,1.01276903
circles,random_unitary,2024,632,0.86707469,0.01773147,0.99092177
circles,random_unitary,2024,633,0.86969459,0.04615779,0.98537
circles,random_unitary,2024,634,0.86681518,0.06492152,0.99003917
circles,random_unitary,2024,635,0.86353056,0.03063981,0.98561111
circles,random_unitary,2024,636,0.86512074,0.03794891,0.97678909
circles,random_unitary,2024,637,0.87350911,0.03384301,1.00634942
circles,random_unitary,2024,638,0.87689286,0.01249931,0.97805355
circles,random_unitary,2024,639,0.86923729,0.03980478,1.01102322
circles,random_unitary,2024,640,0.87750776,0.02901393,0.99930969
circles,random_unitary,2024,641,0.87049739,0.03216859,0.99407472
circles,random_unitary,2024,642,0.87733922,0.02730553,0.98956903
circles,random_unitary,2024,643,0.87335465,0.0486133,1.01159178
circles,random_unitary,2024,644,0.86375402,0.06122443,1.01115786
circles,random_unitary,2024,645,0.88221746,0.02427494,0.9967269
circles,random_unitary,2024,646,0.87724326,0.08075033,1.01999802
circles,random_unitary,2024,647,0.8693394,0.02396568,0.99569508
circles,random_unitary,2024,648,0.87472469,0.0156951,0.99740317
circles,random_unitary,2024,649,0.86636905,0.01281959,0.97339718
circles,random_unitary,2024,650,0.86302083,0.00158756,1.0015705
circles,random_unitary,2024,651,0.8693624,0.01277486,1.01147974
circles,random_unitary,2024,652,0.86128835,0.04418936,0.99989059
circles,random_unitary,2024,653,0.86812424,0.04769655,1.00337233
circles,random_unitary,2024,654,0.867893,5.643e-05,0.97321977
circles,random_unitary,2024,655,0.87068932,0.04381316,1.04829268
circles,random_unitary,2024,656,0.86972738,0.01107904,1.00529188
circles,random_unitary,2024,657,0.86753543,0.0447001,0.99545974
circles,random_unitary,2024,658,0.87426415,0.00102285,1.01312437
circles,random_unitary,2024,659,0.86590913,0.07171268,1.00975849
circles,random_unitary,2024,660,0.87868223,0.02649252,0.99638223
circles,random_unitary,2024,661,0.87259411,0.03017655,1.0195447
circles,random_unitary,2024,662,0.86824264,0.04137972,0.97975383
circles,random_unitary,2024,663,0.88417718,0.00118246,1.01557043
circles,random_unitary,2024,664,0.87028789,0.00088039,1.00069903
circles,random_unitary,2024,665,0.87128229,0.09213679,0.98708789
circles,random_unitary,2024,666,0.86552072,0.02754257,1.0016008
circles,random_unitary,2024,667,0.87679596,0.05618122,0.98406978
circles,random_unitary,2024,668,0.86839435,0.09631185,1.00650781
circles,random_unitary,2024,669,0.86858537,0.12092818,1.02850936
circles,random_unitary,2024,670,0.87245329,0.1086533,0.99782025
circles,random_unitary,2024,671,0.88248267,0.10902764,0.98410291
circles,random_unitary,2024,672,0.87204268,0.02064847,0.99483496
circles,random_unitary,2024,673,0.87477598,0.03632641,1.0074768
circles,random_unitary,2024,674,0.8680582,0.05413911,0.97888812
circles,random_unitary,2024,675,0.86316363,0.07951352,1.02191114
circles,random_unitary,2024,676,0.87678177,0.0073512,0.97173289
circles,random_unitary,2024,677,0.87427465,0.07134437,0.98188226
circles,random_unitary,2024,678,0.87274711,0.0050508,1.00821267
circles,random_unitary,2024,679,0.87461977,0.02270759,1.00950636
circles,random_unitary,2024,680,0.86290928,0.05484819,0.99603623
circles,random_unitary,2024,681,0.8663797,0.05690349,1.0228075
circles,random_unitary,2024,682,0.86462544,0.01423329,0.99750229
circles,random_unitary,2024,683,0.88096197,0.06130221,1.01527264
circles,random_unitary,2024,684,0.87530269,0.05811282,0.99367683
circles,random_unitary,2024,685,0.87153216,0.00856984,1.00227616
circles,random_unitary,2024,686,0.87698628,0.01014513,0.98442529
circles,random_unitary,2024,687,0.87073912,0.00316912,1.00534592
circles,random_unitary,2024,688,0.86344877,0.04839688,1.02454769
circles,random_unitary,2024,689,0.87037495,0.03740744,0.98014094
circles,random_unitary,2024,690,0.87389272,0.07209574,1.02879043
circles,random_unitary,2024,691,0.86729544,0.02701571,0.99435262
circles,random_unitary,2024,692,0.87363429,0.01510523,1.00360085
circles,random_unitary,2024,693,0.87403958,0.02845518,1.01561296
circles,random_unitary,2024,694,0.88056667,0.07503815,1.02149847
circles,random_unitary,2024,695,0.8678244,0.01699068,0.98809384
circles,random_unitary,2024,696,0.87294905,0.01234423,1.00116896
circles,random_unitary,2024,697,0.86699271,0.11358157,0.99863932
circles,random_unitary,2024,698,0.87440245,0.02181417,1.02375202
circles,random_unitary,2024,699,0.88197077,0.04052609,1.01127899
circles,random_unitary,2024,700,0.87622619,0.00985319,1.02955254
circles,random_unitary,2024,701,0.87722923,0.02830243,0.99693952
circles,random_unitary,2024,702,0.87111081,0.02275443,1.01209272
circles,random_unitary,2024,703,0.86532234,0.06562819,0.98930065
circles,random_unitary,2024,704,0.86467889,0.0340198,1.01051377
circles,random_unitary,2024,705,0.86167938,0.02265464,0.99553433
circles,random_unitary,2024,706,0.87934279,0.00913466,1.00946636
circles,random_unitary,2024,707,0.87190885,0.04576571,1.00126084
circles,random_unitary,2024,708,0.87110703,0.03259603,1.01014578
circles,random_unitary,2024,709,0.86564633,0.0196505,0.99876879
circles,random_unitary,2024,710,0.85552399,0.01017384,0.99421387
circles,random_unitary,2024,711,0.87795497,0.04357189,0.97094829
circles,random_unitary,2024,712,0.87369826,0.04657096,1.03388898
circles,random_unitary,2024,713,0.87310903,0.04083076,1.0431805
circles,random_unitary,2024,714,0.86241098,0.02734596,0.98462852
circles,random_unitary,2024,715,0.86898171,0.01028603,0.96740983
circles,random_unitary,2024,716,0.8773278,0.01062022,1.01589763
circles,random_unitary,2024,717,0.86658286,0.05180931,1.02308027
circles,random_unitary,2024,718,0.87404219,0.00742732,1.00197917
circles,random_unitary,2024,719,0.87310153,0.01815859,0.99520558
circles,random_unitary,2024,720,0.86463999,0.01660955,0.98716921
circles,random_unitary,2024,721,0.88045118,0.08186963,1.00164698
circles,random_unitary,2024,722,0.87154474,0.0047865,0.99322582
circles,random_unitary,2024,723,0.88258918,0.01326409,0.96531253
circles,random_unitary,2024,724,0.88049492,0.04363372,0.99427746
circles,random_unitary,2024,725,0.89013618,0.05561652,0.99428739
circles,random_unitary,2024,726,0.87420419,0.00366388,0.9987075
circles,random_unitary,2024,727,0.87086554,0.00344239,0.97878139
circles,random_unitary,2024,728,0.88115088,0.03820974,0.99654759
circles,random_unitary,2024,729,0.87321971,0.02373152,1.00194961
circles,random_unitary,2024,730,0.87662916,0.05198137,1.00019237
circles,random_unitary,2024,731,0.87295276,0.00806396,0.98599003
circles,random_unitary,2024,732,0.87223015,0.04598866,1.00445186
circles,random_unitary,2024,733,0.87329887,0.06146198,0.99824292
circles,random_unitary,2024,734,0.88369101,0.10622532,0.99174611
circles,random_unitary,2024,735,0.88189116,0.02176873,1.01287179
circles,random_unitary,2024,736,0.87150163,0.03771022,1.01708628
circles,random_unitary,2024,737,0.85938152,0.02895373,1.00065286
circles,random_unitary,2024,738,0.87613661,0.04554702,0.97588989
circles,random_unitary,2024,739,0.88128347,0.05982327,0.99837064
circles,random_unitary,2024,740,0.8622275,0.01425146,0.99706098
circles,random_unitary,2024,741,0.8753696,0.02048041,1.00789615
circles,random_unitary,2024,742,0.8670036,0.0059113,0.98474911
circles,random_unitary,2024,743,0.88064712,0.01472729,1.0159345
circles,random_unitary,2024,744,0.8552058,0.03277179,0.97832002
circles,random_unitary,2024,745,0.87383683,0.03959676,0.99813246
circles,random_unitary,2024,746,0.87768698,0.05990151,1.00923481
circles,random_unitary,2024,747,0.87681117,0.05202444,1.02366409
circles,random_unitary,2024,748,0.86519883,0.06285621,1.02059144
circles,random_unitary,2024,749,0.86431223,0.02403014,1.01713428
circles,random_unitary,2024,750,0.8793011,0.01460914,0.97093336
circles,random_unitary,2024,751,0.87348429,0.06814658,1.00430808
circles,random_unitary,2024,752,0.87873696,0.03742501,1.00895053
circles,random_unitary,2024,753,0.86977368,0.01319006,0.99434496
circles,random_unitary,2024,754,0.8635539,0.01444655,0.98964769
circles,random_unitary,2024,755,0.86626221,0.06205677,0.98260666
circles,random_unitary,2024,756,0.86842221,0.00337011,1.01065543
circles,random_unitary,2024,757,0.8739705,0.02726715,0.99527592
circles,random_unitary,2024,758,0.86621245,0.03401099,0.98942146
circles,random_unitary,2024,759,0.87067638,0.03233582,0.99521079
circles,random_unitary,2024,760,0.86830601,0.08389059,0.99978012
circles,random_unitary,2024,761,0.87130897,0.07105532,1.00652371
circles,random_unitary,2024,762,0.86576218,0.04285042,0.97935723
circles,random_unitary,2024,763,0.87112439,0.00435968,1.00126779
circles,random_unitary,2024,764,0.86732035,0.02912619,1.02204267
circles,random_unitary,2024,765,0.86296895,0.03506452,1.01529978
circles,random_unitary,2024,766,0.86434782,0.00632305,0.99804205
circles,random_unitary,2024,767,0.87550801,0.01361427,0.9864434
circles,random_unitary,2024,768,0.86605887,0.01957783,1.00815595
circles,random_unitary,2024,769,0.88210871,0.02667182,1.01922007
circles,random_unitary,2024,770,0.87091626,0.08610529,1.01246897
circles,random_unitary,2024,771,0.86330472,0.03822822,1.02529742
circles,random_unitary,2024,772,0.86224439,0.00700702,0.99958082
circles,random_unitary,2024,773,0.87178955,0.04529615,1.01156096
circles,random_unitary,2024,774,0.87505083,0.09633882,0.98947727
circles,random_unitary,2024,775,0.8920354,0.00966132,1.03450171
circles,random_unitary,2024,776,0.87336873,0.08988443,0.98933275
circles,random_unitary,2024,777,0.87678375,0.04502631,0.99247916
circles,random_unitary,2024,778,0.87270401,0.01685123,1.00075936
circles,random_unitary,2024,779,0.88698307,0.01203106,1.05074241
circles,random_unitary,2024,780,0.88076255,0.0485455,1.01120393
circles,random_unitary,2024,781,0.86890649,0.0024531,1.00255832
circles,random_unitary,2024,782,0.86345046,0.0280265,0.99343892
circles,random_unitary,2024,783,0.87259361,0.03401837,0.99900682
circles,random_unitary,2024,784,0.87276431,0.02450386,0.97477155
circles,random_unitary,2024,785,0.86693551,0.09060409,1.00328409
circles,random_unitary,2024,786,0.86910678,0.04867046,0.99904993
circles,random_unitary,2024,787,0.87700487,0.07069039,1.00564205
circles,random_unitary,2024,788,0.87574704,0.04693855,1.00500434
circles,random_unitary,2024,789,0.86851323,0.04267101,1.00169201
circles,random_unitary,2024,790,0.8654599,0.01083166,0.99196669
circles,random_unitary,2024,791,0.86906102,0.01828389,0.99435901
circles,random_unitary,2024,792,0.86430705,0.03936615,0.9922438
circles,random_unitary,2024,793,0.87772053,0.0749166,1.00152449
circles,random_unitary,2024,794,0.86710316,0.03928396,1.00745934
circles,random_unitary,2024,795,0.86079493,0.08088805,1.00507732
circles,random_unitary,2024,796,0.87085815,0.01246832,0.99393495
circles,random_unitary,2024,797,0.86777178,0.02059912,0.98521974
circles,random_unitary,2024,798,0.86783064,0.03088504,0.99446739
circles,random_unitary,2024,799,0.87675595,0.02406394,1.03370161
circles,random_unitary,2024,800,0.86946319,0.03330695,0.98752112
circles,random_unitary,2024,801,0.86696402,0.03819692,1.00367583
circles,random_unitary,2024,802,0.87483637,0.0350714,0.97611067
circles,random_unitary,2024,803,0.87505269,0.00959047,1.0068015
circles,random_unitary,2024,804,0.87190706,0.03536254,1.01114731
circles,random_unitary,2024,805,0.86840037,0.01898443,1.0219755
circles,random_unitary,2024,806,0.87278768,0.02793272,1.00610785
circles,random_unitary,2024,807,0.87227253,0.01680081,1.01191171
circles,random_unitary,2024,808,0.87521343,0.00736604,0.96513109
circles,random_unitary,2024,809,0.87812233,0.10703006,0.98770771
circles,random_unitary,2024,810,0.85840885,0.04874001,0.98495008
circles,random_unitary,2024,811,0.87217053,0.00910309,0.97436921
circles,random_unitary,2024,812,0.8682203,0.10955279,1.01874527
circles,random_unitary,2024,813,0.8662144,0.01641643,1.0249551
circles,random_unitary,2024,814,0.86872955,0.01867349,0.99935643
circles,random_unitary,2024,815,0.86382099,0.01459696,1.01552409
circles,random_unitary,2024,816,0.86740359,0.00875091,0.99228817
circles,random_unitary,2024,817,0.87783939,0.01771363,1.00273184
circles,random_unitary,2024,818,0.86680882,0.03228917,1.0071027
circles,random_unitary,2024,819,0.87161495,0.03455043,0.99049081
circles,random_unitary,2024,820,0.87882665,0.03642117,0.97289569
circles,random_unitary,2024,821,0.87145422,0.02975794,1.03398199
circles,random_unitary,2024,822,0.86847793,0.01650187,0.9764257
circles,random_unitary,2024,823,0.87007886,0.04395223,0.98820463
circles,random_unitary,2024,824,0.8773207,0.00699189,1.00410047
circles,random_unitary,2024,825,0.87714546,0.04731707,0.99312928
circles,random_unitary,2024,826,0.86920296,0.00379158,0.99608282
circles,random_unitary,2024,827,0.87089261,0.00157597,0.96228042
circles,random_unitary,2024,828,0.86555006,0.05312698,0.97160783
circles,random_unitary,2024,829,0.88842969,0.07636602,0.99342324
circles,random_unitary,2024,830,0.87970698,0.0334682,0.98707418
circles,random_unitary,2024,831,0.86917576,0.07205297,0.9813643
circles,random_unitary,2024,832,0.87492922,0.03343462,0.97386384
circles,random_unitary,2024,833,0.87650869,0.07996633,1.01143214
circles,random_unitary,2024,834,0.87120977,0.03859619,0.96722424
circles,random_unitary,2024,835,0.87243981,0.02036812,1.00548017
circles,random_unitary,2024,836,0.88524299,0.03565384,0.99807604
circles,random_unitary,2024,837,0.87390864,0.05636554,1.00226917
circles,random_unitary,2024,838,0.87639068,0.01964498,1.03611405
circles,random_unitary,2024,839,0.86403985,0.0378197,0.99506052
circles,random_unitary,2024,840,0.87403206,0.00456247,1.00884227
circles,random_unitary,2024,841,0.86749977,0.02375418,1.00536487
circles,random_unitary,2024,842,0.87731989,0.0225084,1.01835835
circles,random_unitary,2024,843,0.86872876,0.01087661,0.96293475
circles,random_unitary,2024,844,0.87066723,0.08494961,1.01755676
circles,random_unitary,2024,845,0.86924248,0.04919349,1.00463508
circles,random_unitary,2024,846,0.86956787,0.04694112,1.01343007
circles,random_unitary,2024,847,0.87077548,0.03357491,1.00665747
circles,random_unitary,2024,848,0.86956934,0.01754956,0.99579953
circles,random_unitary,2024,849,0.87093334,0.01039564,0.95233353
circles,random_unitary,2024,850,0.86980212,0.0565397,1.02350517
circles,random_unitary,2024,851,0.87705507,0.13746338,0.99867824
circles,random_unitary,2024,852,0.86391493,0.08329289,1.0217085
circles,random_unitary,2024,853,0.87788814,0.07717272,1.01907806
circles,random_unitary,2024,854,0.87627746,0.0047042,1.01375797
circles,random_unitary,2024,855,0.87042027,0.01960581,1.0031571
circles,random_unitary,2024,856,0.87782594,0.0073208,0.99974938
circles,random_unitary,2024,857,0.87316392,0.00967953,0.9847374
circles,random_unitary,2024,858,0.86928042,0.02693784,0.9897544
circles,random_unitary,2024,859,0.88345793,0.0426266,1.01123628
circles,random_unitary,2024,860,0.86502962,0.03967797,1.00444967
circles,random_unitary,2024,861,0.88158971,0.05324914,0.99392296
circles,random_unitary,2024,862,0.86844855,0.00220144,0.99500864
circles,random_unitary,2024,863,0.86980058,0.04134414,1.00154912
circles,random_unitary,2024,864,0.87069086,0.05518028,0.99085454
circles,random_unitary,2024,865,0.86557234,0.01152399,1.02513185
circles,random_unitary,2024,866,0.88175303,0.01068718,0.99867817
circles,random_unitary,2024,867,0.86208109,0.03469968,1.01456088
circles,random_unitary,2024,868,0.87078206,0.03436072,1.02702992
circles,random_unitary,2024,869,0.85880112,0.05409853,0.97171272
circles,random_unitary,2024,870,0.87165628,0.01547067,0.99809575
circles,random_unitary,2024,871,0.87895536,0.10217075,0.99604329
circles,random_unitary,2024,872,0.87005352,0.02102222,0.99137116
circles,random_unitary,2024,873,0.86470195,0.01783893,0.98764318
circles,random_unitary,2024,874,0.88006741,0.05053829,1.01150953
circles,random_unitary,2024,875,0.87162215,0.03642107,1.01350071
circles,random_unitary,2024,876,0.86130346,0.01911341,1.00195203
circles,random_unitary,2024,877,0.86463987,0.04918214,1.01691578
circles,random_unitary,2024,878,0.87750283,0.04486068,0.97581131
circles,random_unitary,2024,879,0.8694032,0.01818564,0.99111553
circles,random_unitary,2024,880,0.86346294,0.00842666,0.99509284
circles,random_unitary,2024,881,0.8681201,0.05781508,0.99224981
circles,random_unitary,2024,882,0.86574411,0.01773551,1.00749938
circles,random_unitary,2024,883,0.86938785,0.01058029,1.0136904
circles,random_unitary,2024,884,0.8710543,0.04392189,0.99575854
circles,random_unitary,2024,885,0.87180569,0.08532617,1.01200473
circles,random_unitary,2024,886,0.86996698,0.03854505,0.9791235
circles,random_unitary,2024,887,0.87155877,0.06108316,0.99756802
circles,random_unitary,2024,888,0.8685276,0.06950799,0.99932327
circles,random_unitary,2024,889,0.86915344,0.00224224,1.00206298
circles,random_unitary,2024,890,0.87435209,0.06318866,0.99763151
circles,random_unitary,2024,891,0.86963478,0.04562759,0.99165663
circles,random_unitary,2024,892,0.86662275,0.01762575,1.0173843
circles,random_unitary,2024,893,0.87137132,0.02504209,0.98401531
circles,random_unitary,2024,894,0.86983223,0.04185874,0.98433353
circles,random_unitary,2024,895,0.87926234,0.0805315,1.00271535
circles,random_unitary,2024,896,0.88249234,0.04274543,1.00912991
circles,random_unitary,2024,897,0.87221432,0.09473374,0.99668528
circles,random_unitary,2024,898,0.87263496,0.05591595,1.01318711
circles,random_unitary,2024,899,0.8748717,0.0042379,0.99942795
circles,random_unitary,2024,900,0.8781491,0.13404354,1.00017457
circles,random_unitary,2024,901,0.86971376,0.0354042,1.02157568
circles,random_unitary,2024,902,0.86194967,0.05903673,1.02092925
circles,random_unitary,2024,903,0.87210918,0.0383767,0.99232307
circles,random_unitary,2024,904,0.87540374,0.06582705,0.99308388
circles,random_unitary,2024,905,0.86751758,0.03756166,1.0095297
circles,random_unitary,2024,906,0.88952914,0.06648643,1.01716265
circles,random_unitary,2024,907,0.86214156,0.00326556,0.98547398
circles,random_unitary,2024,908,0.86354732,0.00159408,0.99653217
circles,random_unitary,2024,909,0.87752134,0.02175283,1.00016409
circles,random_unitary,2024,910,0.86848064,0.11217912,1.0053152
circles,random_unitary,2024,911,0.87730344,0.02023171,1.01212259
circles,random_unitary,2024,912,0.86794529,0.01614458,1.00068631
circles,random_unitary,2024,913,0.85858337,0.00318529,0.98931249
circles,random_unitary,2024,914,0.87562701,0.01241205,0.99816648
circles,random_unitary,2024,915,0.86418242,0.007987,1.04121365
circles,random_unitary,2024,916,0.86914082,0.1053202,1.01632091
circles,random_unitary,2024,917,0.86549527,0.01763979,0.96520195
circles,random_unitary,2024,918,0.87020184,0.00382248,0.98833562
circles,random_unitary,2024,919,0.87261434,0.09478826,0.98522976
circles,random_unitary,2024,920,0.87057715,0.02908969,0.98406202
circles,random_unitary,2024,921,0.86809463,0.04185431,1.00087783
circles,random_unitary,2024,922,0.86267467,0.05543293,0.99811738
circles,random_unitary,2024,923,0.86702038,0.0136687,1.02960676
circles,random_unitary,2024,924,0.87221294,0.00248919,1.00647534
circles,random_unitary,2024,925,0.87112753,0.01860507,1.00895707
circles,random_unitary,2024,926,0.86712849,9.865e-05,1.00490536
circles,random_unitary,2024,927,0.87252743,0.02625523,1.0281035
circles,random_unitary,2024,928,0.87252703,0.05591515,1.01186202
circles,random_unitary,2024,929,0.85719443,0.00888272,0.9971702
circles,random_unitary,2024,930,0.8687397,0.03452367,1.01761347
circles,random_unitary,2024,931,0.86855027,0.10044234,1.01895236
circles,random_unitary,2024,932,0.88190194,0.00560489,0.9956945
circles,random_unitary,2024,933,0.8765497,0.02054818,1.00682178
circles,random_unitary,2024,934,0.86721897,0.02486248,0.99223682
circles,random_unitary,2024,935,0.86838213,0.03976483,0.98210026
circles,random_unitary,2024,936,0.88098604,0.01121987,1.01101368
circles,random_unitary,2024,937,0.87612751,0.05294606,1.00916605
circles,random_unitary,2024,938,0.87607228,0.0158085,0.99453652
circles,random_unitary,2024,939,0.86664597,0.06353375,0.99642271
circles,random_unitary,2024,940,0.88135389,0.04540012,0.99045971
circles,random_unitary,2024,941,0.8802033,0.10147854,0.99402821
circles,random_unitary,2024,942,0.86893238,0.04738804,0.98539855
circles,random_unitary,2024,943,0.87933275,0.02712352,0.99444986
circles,random_unitary,2024,944,0.87252575,0.05415204,0.9978134
circles,random_unitary,2024,945,0.86731008,0.04913438,0.99346972
circles,random_unitary,2024,946,0.87826756,0.06934344,0.97914326
circles,random_unitary,2024,947,0.86952576,0.00180796,1.02541421
circles,random_unitary,2024,948,0.87474067,0.02328403,1.00941225
circles,random_unitary,2024,949,0.87459471,0.01202413,0.99024891
circles,random_unitary,2024,950,0.87698107,0.04866184,1.00537267
circles,random_unitary,2024,951,0.8648658,0.05163294,1.00989801
circles,random_unitary,2024,952,0.87788324,0.04522069,0.99998822
circles,random_unitary,2024,953,0.85774013,0.06535664,1.01764734
circles,random_unitary,2024,954,0.87172919,0.13171985,0.995666
circles,random_unitary,2024,955,0.87942409,0.00408851,0.98497624
circles,random_unitary,2024,956,0.86310502,0.01848167,0.99293068
circles,random_unitary,2024,957,0.86336079,0.02777427,1.02218441
circles,random_unitary,2024,958,0.86805325,0.00652154,0.98917353
circles,random_unitary,2024,959,0.86511402,0.02878759,1.023665
circles,random_unitary,2024,960,0.88141758,0.04203604,0.98803045
circles,random_unitary,2024,961,0.86211946,0.03583396,0.98455882
circles,random_unitary,2024,962,0.86463611,0.01176469,0.97340396
circles,random_unitary,2024,963,0.87223795,0.0796425,0.97232427
circles,random_unitary,2024,964,0.86872966,0.05518274,0.9765341
circles,random_unitary,2024,965,0.86647534,0.05015031,0.99505839
circles,random_unitary,2024,966,0.86717637,0.077793,0.99165029
circles,random_unitary,2024,967,0.86789926,0.01352787,1.00974488
circles,random_unitary,2024,968,0.86017033,0.06399113,1.00686001
circles,random_unitary,2024,969,0.87301026,0.07908864,0.99206869
circles,random_unitary,2024,970,0.87015418,0.02559339,0.97170041
circles,random_unitary,2024,971,0.86416108,0.00747649,0.98097468
circles,random_unitary,2024,972,0.87222128,0.0591759,0.9939048
circles,random_unitary,2024,973,0.86454125,0.03817582,1.0313465
circles,random_unitary,2024,974,0.87745031,0.02748693,0.99325255
circles,random_unitary,2024,975,0.86564114,0.01668641,1.00018288
circles,random_unitary,2024,976,0.86874689,0.08528171,0.99307901
circles,random_unitary,2024,977,0.88122181,0.02106149,1.01485129
circles,random_unitary,2024,978,0.86024283,0.03066995,0.97482304
circles,random_unitary,2024,979,0.87312354,0.04053208,0.98794217
circles,random_unitary,2024,980,0.87763276,0.01706172,0.9944878
circles,random_unitary,2024,981,0.87139951,0.05489591,0.99098549
circles,random_unitary,2024,982,0.86272565,0.00468978,1.01475574
circles,random_unitary,2024,983,0.87507309,0.01282533,0.96248337
circles,random_unitary,2024,984,0.85608793,0.00055294,0.98993871
circles,random_unitary,2024,985,0.87563644,0.00727441,0.97265163
circles,random_unitary,2024,986,0.86632294,0.00754488,1.00813753
circles,random_unitary,2024,987,0.87213113,0.0641198,0.99636984
circles,random_unitary,2024,988,0.87063302,0.00374101,1.03482618
circles,random_unitary,2024,989,0.86633986,0.03923924,0.97711593
circles,random_unitary,2024,990,0.8759983,0.03282989,0.97753783
circles,random_unitary,2024,991,0.87377407,0.04244143,0.99735213
circles,random_unitary,2024,992,0.86005484,0.04931925,1.01625053
circles,random_unitary,2024,993,0.87532785,0.05575087,1.01574286
circles,random_unitary,2024,994,0.86982715,0.03169664,0.98562608
circles,random_unitary,2024,995,0.87380316,0.03354808,0.98541079
circles,random_unitary,2024,996,0.87155401,0.03264948,1.00261921
circles,random_unitary,2024,997,0.87232191,0.05128135,0.99654421
circles,random_unitary,2024,998,0.87980703,0.0693299,1.00228093
circles,random_unitary,2024,999,0.86724396,0.02423635,1.00534205
