dataset,model,seed,sample_index,measurement_probability,phase_noise_rad,optical_power
cifar10,proposed,4096,0,0.7450609,0.03762828,1.0035561
cifar10,proposed,4096,1,0.7430842,0.00816914,0.98652462
cifar10,proposed,4096,2,0.74066184,0.00766084,0.9611956
cifar10,proposed,4096,3,0.74697178,0.03386114,0.9953499
cifar10,proposed,4096,4,0.74759647,0.05402454,0.98288208
cifar10,proposed,4096,5,0.73933916,0.03391371,0.98509263
cifar10,proposed,4096,6,0.73663519,0.06250399,1.0153228
cifar10,proposed,4096,7,0.73745641,0.05185717,0.9805984
cifar10,proposed,4096,8,0.74049095,0.10133183,0.9898015
cifar10,proposed,4096,9,0.73896836,0.00446296,0.97933014
cifar10,proposed,4096,10,0.736276,0.11771957,0.98210876
cifar10,proposed,4096,11,0.72982138,0.09991978,1.02393944
cifar10,proposed,4096,12,0.73610421,0.02019807,1.00733215
cifar10,proposed,4096,13,0.74498657,0.04271641,0.98321766
cifar10,proposed,4096,14,0.73240812,0.00817886,1.00979305
cifar10,proposed,4096,15,0.74242113,0.03215739,1.01635739
cifar10,proposed,4096,16,0.72747353,0.06439221,0.98899473
cifar10,proposed,4096,17,0.73672448,0.01830805,0.98241133
cifar10,proposed,4096,18,0.75542285,0.01542852,0.99362747
cifar10,proposed,4096,19,0.7315842,0.00050375,1.00097095
cifar10,proposed,4096,20,0.73729268,0.03858262,0.993206
cifar10,proposed,4096,21,0.74320272,0.03554712,0.96087497
cifar10,proposed,4096,22,0.75200244,0.02495524,1.01966495
cifar10,proposed,4096,23,0.75174992,0.03358427,0.9779924
cifar10,proposed,4096,24,0.74202299,0.00230129,0.97349569
cifar10,proposed,4096,25,0.72560463,0.10060483,1.02311586
cifar10,proposed,4096,26,0.74410716,0.01956845,1.01611302
cifar10,proposed,4096,27,0.74535125,0.00265993,1.00110911
cifar10,proposed,4096,28,0.75071594,0.04000856,1.00057859
cifar10,proposed,4096,29,0.73460897,0.00486042,0.9851617
cifar10,proposed,4096,30,0.74613129,0.00859496,0.99945546
cifar10,proposed,4096,31,0.73362705,0.04681577,1.0161796
cifar10,proposed,4096,32,0.74123339,0.01899692,0.97314592
cifar10,proposed,4096,33,0.73181574,0.00597333,1.03010151
cifar10,proposed,4096,34,0.74080153,0.05763713,1.01639099
cifar10,proposed,4096,35,0.75352949,0.1050596,1.0235499
cifar10,proposed,4096,36,0.74800681,0.05095153,1.02134737
cifar10,proposed,4096,37,0.74939768,0.02501408,0.98534414
cifar10,proposed,4096,38,0.72635528,0.01010235,1.00447177
cifar10,proposed,4096,39,0.73333384,0.009913,1.00028326
cifar10,proposed,4096,40,0.75016324,0.00059357,0.98124446
cifar10,proposed,4096,41,0.74031429,0.02411507,1.01878916
cifar10,proposed,4096,42,0.7422395,0.06454585,0.99027276
cifar10,proposed,4096,43,0.74061149,0.02357736,0.97267762
cifar10,proposed,4096,44,0.74864841,0.07951495,1.00904901
cifar10,proposed,4096,45,0.73710246,0.00242847,1.01060596
cifar10,proposed,4096,46,0.74342776,0.04483707,1.00749487
cifar10,proposed,4096,47,0.74552079,0.0689618,0.97252051
cifar10,proposed,4096,48,0.73888081,0.04126783,0.99611734
cifar10,proposed,4096,49,0.7386948,0.00564253,0.99143077
cifar10,proposed,4096,50,0.74105231,0.08142966,0.97218319
cifar10,proposed,4096,51,0.74063662,0.00873347,1.00873633
cifar10,proposed,4096,52,0.74486916,0.03644263,1.00415923
cifar10,proposed,4096,53,0.74475705,0.05612738,1.02614056
cifar10,proposed,4096,54,0.73920792,0.00966259,1.01559157
cifar10,proposed,4096,55,0.73072716,0.04200662,1.03262342
cifar10,proposed,4096,56,0.72703438,0.01166308,1.00745093
cifar10,proposed,4096,57,0.75319084,0.00389484,0.98330612
cifar10,proposed,4096,58,0.75326833,0.05319196,0.97960474
cifar10,proposed,4096,59,0.74111336,0.09280263,0.97611411
cifar10,proposed,4096,60,0.75220693,0.01351799,1.01614174
cifar10,proposed,4096,61,0.73937659,0.03176765,0.99651684
cifar10,proposed,4096,62,0.73852653,0.01321202,1.00237779
cifar10,proposed,4096,63,0.75424537,0.01096441,1.00785217
cifar10,proposed,4096,64,0.7331064,0.00609844,1.01285829
cifar10,proposed,4096,65,0.74138606,0.04646495,1.02551652
cifar10,proposed,4096,66,0.74179455,0.01992183,1.00977209
cifar10,proposed,4096,67,0.75061976,0.002508,1.0099195
cifar10,proposed,4096,68,0.7485187,0.06294198,0.98195589
cifar10,proposed,4096,69,0.74162053,0.05201003,0.99589226
cifar10,proposed,4096,70,0.72802836,0.07280621,0.99291558
cifar10,proposed,4096,71,0.73875624,0.00606017,1.00012663
cifar10,proposed,4096,72,0.73805269,0.00781672,0.99060844
cifar10,proposed,4096,73,0.74055749,0.04767037,1.00534624
cifar10,proposed,4096,74,0.74373073,0.01216741,0.98940775
cifar10,proposed,4096,75,0.74237458,0.01938659,0.99634485
cifar10,proposed,4096,76,0.73777545,0.02125023,1.02067587
cifar10,proposed,4096,77,0.75605251,0.02169017,1.00743542
cifar10,proposed,4096,78,0.75367432,0.02225054,0.99979803
cifar10,proposed,4096,79,0.73957366,0.02308806,0.99816066
cifar10,proposed,4096,80,0.74549596,0.06342917,1.02343079
cifar10,proposed,4096,81,0.74891328,0.04742149,1.01860084
cifar10,proposed,4096,82,0.73648675,0.02666953,0.98181746
cifar10,proposed,4096,83,0.74664976,0.04428403,1.01257747
cifar10,proposed,4096,84,0.74200859,0.03890433,0.99885374
cifar10,proposed,4096,85,0.74122568,0.01124892,0.99325192
cifar10,proposed,4096,86,0.7434912,0.03852084,0.97791844
cifar10,proposed,4096,87,0.73717808,0.03292639,1.00714334
cifar10,proposed,4096,88,0.74714302,0.02561352,1.00580014
cifar10,proposed,4096,89,0.73354768,0.00237319,0.98782526
cifar10,proposed,4096,90,0.7381081,0.04779573,1.02329804
cifar10,proposed,4096,91,0.73821419,0.04036096,0.98549474
cifar10,proposed,4096,92,0.74991396,0.00436945,0.99842618
cifar10,proposed,4096,93,0.74365411,0.02229562,0.96280292
cifar10,proposed,4096,94,0.74374451,0.04943389,0.972003
cifar10,proposed,4096,95,0.74243038,0.02897821,0.99060551
cifar10,proposed,4096,96,0.74190382,0.0531202,0.98968887
cifar10,proposed,4096,97,0.73216575,0.11925091,1.00886378
cifar10,proposed,4096,98,0.74447739,0.03644958,0.96342804
cifar10,proposed,4096,99,0.74807343,0.03207502,0.97619686
cifar10,proposed,4096,100,0.74614424,0.06265742,1.00435255
cifar10,proposed,4096,101,0.74014176,0.01904328,0.98841069
cifar10,proposed,4096,102,0.74355305,0.03917483,1.00806389
cifar10,proposed,4096,103,0.73302256,0.06327921,1.00355143
cifar10,proposed,4096,104,0.73898291,0.04597418,1.00281355
cifar10,proposed,4096,105,0.72893714,0.02217136,0.99753965
cifar10,proposed,4096,106,0.74307692,0.08788947,1.01941536
cifar10,proposed,4096,107,0.73357391,0.02742255,0.99427088
cifar10,proposed,4096,108,0.74808968,0.04380014,0.99050907
cifar10,proposed,4096,109,0.7530625,0.0773453,1.01071694
cifar10,proposed,4096,110,0.75404694,0.01959333,1.02339689
cifar10,proposed,4096,111,0.74861976,0.06945944,1.01942675
cifar10,proposed,4096,112,0.74837638,0.01324715,1.01326355
cifar10,proposed,4096,113,0.75189191,0.0005379,0.98532904
cifar10,proposed,4096,114,0.74129068,0.02820909,1.01459379
cifar10,proposed,4096,115,0.74741559,0.00454812,1.05215874
cifar10,proposed,4096,116,0.74392989,0.03062731,1.00135797
cifar10,proposed,4096,117,0.74203296,0.06153914,1.00983752
cifar10,proposed,4096,118,0.74349037,0.00455593,1.00159504
cifar10,proposed,4096,119,0.74085811,0.0270038,1.00060883
cifar10,proposed,4096,120,0.74067625,0.02392265,1.0045385
cifar10,proposed,4096,121,0.74933958,0.12115063,0.99411973
cifar10,proposed,4096,122,0.75521103,0.07241647,1.0135878
cifar10,proposed,4096,123,0.73857957,0.00192937,0.99968799
cifar10,proposed,4096,124,0.74915126,0.12197766,0.98129794
cifar10,proposed,4096,125,0.74946578,0.08206513,1.00421222
cifar10,proposed,4096,126,0.74423033,0.01301818,0.98614682
cifar10,proposed,4096,127,0.74160456,0.02937768,0.98932774
cifar10,proposed,4096,128,0.74841487,0.0124869,1.00660798
cifar10,proposed,4096,129,0.74207999,0.0124459,0.99756738
cifar10,proposed,4096,130,0.74075899,0.04122404,1.02704404
cifar10,proposed,4096,131,0.74639212,0.06464581,1.00609731
cifar10,proposed,4096,132,0.75180742,0.089695,1.00155219
cifar10,proposed,4096,133,0.75580083,0.05872279,1.03110395
cifar10,proposed,4096,134,0.73799964,0.02699105,0.99285693
cifar10,proposed,4096,135,0.7413782,0.00753517,0.98644434
cifar10,proposed,4096,136,0.74048012,0.15065163,1.00800312
cifar10,proposed,4096,137,0.7398242,0.04863358,1.00405607
cifar10,proposed,4096,138,0.72959013,0.04719862,0.99232964
cifar10,proposed,4096,139,0.74468439,0.09934982,1.0023633
cifar10,proposed,4096,140,0.73713821,0.13680117,1.00422813
cifar10,proposed,4096,141,0.74251966,0.06788677,0.99045644
cifar10,proposed,4096,142,0.74132604,0.02340693,1.01024197
cifar10,proposed,4096,143,0.74280869,0.03825321,1.00790555
cifar10,proposed,4096,144,0.75996965,0.05323443,1.01039261
cifar10,proposed,4096,145,0.74211355,0.06995976,0.9879736
cifar10,proposed,4096,146,0.73618686,0.05423307,0.99913875
cifar10,proposed,4096,147,0.75125296,0.05844137,1.00660038
cifar10,proposed,4096,148,0.73318116,0.03396048,1.02052122
cifar10,proposed,4096,149,0.72596682,0.04929338,1.0089774
cifar10,proposed,4096,150,0.74453803,0.02241209,0.97089353
cifar10,proposed,4096,151,0.74679308,0.06167088,1.00971615
cifar10,proposed,4096,152,0.7346646,0.03876209,0.98177935
cifar10,proposed,4096,153,0.74976578,0.01668832,0.99249243
cifar10,proposed,4096,154,0.73764677,0.09827188,0.9796784
cifar10,proposed,4096,155,0.73564679,0.0111101,1.02380089
cifar10,proposed,4096,156,0.73116185,0.03135547,1.00397122
cifar10,proposed,4096,157,0.75243944,0.04059129,1.01703571
cifar10,proposed,4096,158,0.75382216,0.17797403,0.99503378
cifar10,proposed,4096,159,0.73904824,0.0237591,1.01533652
cifar10,proposed,4096,160,0.73495016,0.01495764,0.98366187
cifar10,proposed,4096,161,0.74932168,0.03431278,0.98932178
cifar10,proposed,4096,162,0.74828109,0.025711,0.99887316
cifar10,proposed,4096,163,0.75219336,0.0109408,0.98701587
cifar10,proposed,4096,164,0.74224105,0.0128965,1.00898385
cifar10,proposed,4096,165,0.74836201,0.11294582,0.99788509
cifar10,proposed,4096,166,0.74806849,0.05607223,0.9931203
cifar10,proposed,4096,167,0.74906654,0.00140592,0.97909887
cifar10,proposed,4096,168,0.73540448,0.08770331,1.01584649
cifar10,proposed,4096,169,0.75174603,0.08255096,1.00274129
cifar10,proposed,4096,170,0.75335026,0.02235622,0.98536329
cifar10,proposed,4096,171,0.74002866,0.0324565,1.00768704
cifar10,proposed,4096,172,0.74526066,0.04497187,0.98646829
cifar10,proposed,4096,173,0.72982801,0.07764213,0.99561565
cifar10,proposed,4096,174,0.73634082,0.01526432,0.99029166
cifar10,proposed,4096,175,0.73732602,0.07310488,1.01289076
cifar10,proposed,4096,176,0.74137687,0.02084787,1.01242764
cifar10,proposed,4096,177,0.74826968,0.05937319,1.00123723
cifar10,proposed,4096,178,0.74319534,0.02006029,1.01471279
cifar10,proposed,4096,179,0.73814593,0.03323925,1.00554699
cifar10,proposed,4096,180,0.74631834,0.06837936,0.96758233
cifar10,proposed,4096,181,0.73521074,0.06056812,1.01289624
cifar10,proposed,4096,182,0.74845411,0.01438862,1.00029019
cifar10,proposed,4096,183,0.7570524,0.02903878,1.02286683
cifar10,proposed,4096,184,0.73958082,0.03101764,1.01492109
cifar10,proposed,4096,185,0.74289319,0.04619306,1.01540087
cifar10,proposed,4096,186,0.75172275,0.01458901,1.01084221
cifar10,proposed,4096,187,0.7461655,0.05442127,1.02182182
cifar10,proposed,4096,188,0.74600007,0.02411457,1.01973044
cifar10,proposed,4096,189,0.73357616,0.05077324,1.01673406
cifar10,proposed,4096,190,0.74217028,0.03625626,0.98906775
cifar10,proposed,4096,191,0.74509734,0.05410084,0.98905838
cifar10,proposed,4096,192,0.74065736,0.03208189,0.99723612
cifar10,proposed,4096,193,0.74452112,0.05479765,0.99045984
cifar10,proposed,4096,194,0.74280068,0.02587877,0.99501233
cifar10,proposed,4096,195,0.72957037,0.03485502,0.98479013
cifar10,proposed,4096,196,0.74848377,0.0012976,0.97166465
cifar10,proposed,4096,197,0.73992068,0.02916736,0.98306937
cifar10,proposed,4096,198,0.73381372,0.0061224,1.00425913
cifar10,proposed,4096,199,0.7324814,0.00088884,1.02874645
cifar10,proposed,4096,200,0.73173011,0.02710031,0.98055996
cifar10,proposed,4096,201,0.74534453,0.07809755,0.9980353
cifar10,proposed,4096,202,0.73756459,0.02347967,0.98741151
cifar10,proposed,4096,203,0.74278957,0.01800313,1.0028172
cifar10,proposed,4096,204,0.73658245,0.04487868,1.00057367
cifar10,proposed,4096,205,0.74432655,0.0472786,0.99018902
cifar10,proposed,4096,206,0.74708809,0.03718194,0.99069912
cifar10,proposed,4096,207,0.7340646,0.10204308,0.99958486
cifar10,proposed,4096,208,0.74064927,0.04005405,0.99529087
cifar10,proposed,4096,209,0.74453122,0.0864986,1.02095036
cifar10,proposed,4096,210,0.75442778,0.01318843,0.96296744
cifar10,proposed,4096,211,0.73505558,0.01266403,0.9888543
cifar10,proposed,4096,212,0.74245085,0.04525931,0.99405261
cifar10,proposed,4096,213,0.73637859,0.02424157,1.00725991
cifar10,proposed,4096,214,0.7432737,0.09200888,0.97404597
cifar10,proposed,4096,215,0.74490731,0.01894095,0.99002429
cifar10,proposed,4096,216,0.74564325,0.06892958,0.98832845
cifar10,proposed,4096,217,0.73579764,0.05898783,1.00743232
cifar10,proposed,4096,218,0.74584205,0.02869492,1.01258152
cifar10,proposed,4096,219,0.73609895,0.03500546,0.99990934
cifar10,proposed,4096,220,0.73904884,0.00511406,0.9944201
cifar10,proposed,4096,221,0.73694816,0.03543987,0.99854747
cifar10,proposed,4096,222,0.74095722,0.0134378,0.99404344
cifar10,proposed,4096,223,0.74278133,0.01866951,1.03357551
cifar10,proposed,4096,224,0.73943913,0.0315936,0.97681799
cifar10,proposed,4096,225,0.74404411,0.03862705,0.96598333
cifar10,proposed,4096,226,0.74294424,0.03619415,0.98698441
cifar10,proposed,4096,227,0.74432153,0.02302709,1.02225793
cifar10,proposed,4096,228,0.74412511,0.03030207,1.01199327
cifar10,proposed,4096,229,0.73844568,0.02826404,0.99302895
cifar10,proposed,4096,230,0.7341425,0.07070767,1.01387754
cifar10,proposed,4096,231,0.74699719,0.02221878,1.02241103
cifar10,proposed,4096,232,0.73525339,0.06706923,0.99080631
cifar10,proposed,4096,233,0.74983437,0.05475015,0.99957488
cifar10,proposed,4096,234,0.73728954,0.03296849,0.99934379
cifar10,proposed,4096,235,0.73623572,0.08421539,0.9904215
cifar10,proposed,4096,236,0.74267662,0.0710164,1.02261463
cifar10,proposed,4096,237,0.73461965,0.01432784,0.99016248
cifar10,proposed,4096,238,0.74704195,0.04916376,1.0133515
cifar10,proposed,4096,239,0.73681493,0.08623018,0.994537
cifar10,proposed,4096,240,0.73148026,0.07281668,1.01124446
cifar10,proposed,4096,241,0.74171944,0.00708274,1.00248475
cifar10,proposed,4096,242,0.74504521,0.04735936,1.03255364
cifar10,proposed,4096,243,0.73928752,0.03228612,1.00542989
cifar10,proposed,4096,244,0.73430577,0.05494888,0.99721339
cifar10,proposed,4096,245,0.74349821,0.03071941,1.02469082
cifar10,proposed,4096,246,0.73809576,0.02275403,1.00543147
cifar10,proposed,4096,247,0.75144045,0.05578555,1.02710757
cifar10,proposed,4096,248,0.73297358,0.06451044,1.00672575
cifar10,proposed,4096,249,0.74782312,0.0643041,0.9911361
cifar10,proposed,4096,250,0.73628463,0.06375628,0.99635807
cifar10,proposed,4096,251,0.74830322,0.05021637,0.99980562
cifar10,proposed,4096,252,0.74692231,0.03187663,1.00021267
cifar10,proposed,4096,253,0.73924727,0.01309468,0.99835808
cifar10,proposed,4096,254,0.74926571,0.02297197,0.98375853
cifar10,proposed,4096,255,0.75289672,0.06240202,0.99136797
cifar10,proposed,4096,256,0.73448222,0.01198926,1.00146522
cifar10,proposed,4096,257,0.74195818,0.07819676,0.99239954
cifar10,proposed,4096,258,0.73515906,0.01898796,0.98675204
cifar10,proposed,4096,259,0.75276031,0.00257539,1.0078718
cifar10,proposed,4096,260,0.7315521,0.03382501,0.9950272
cifar10,proposed,4096,261,0.74954279,0.03824005,1.01022459
cifar10,proposed,4096,262,0.74745747,0.10533325,0.99294657
cifar10,proposed,4096,263,0.75001261,0.14383484,1.00016695
cifar10,proposed,4096,264,0.74426552,0.07657273,0.98900877
cifar10,proposed,4096,265,0.7347584,0.06661956,0.9892118
cifar10,proposed,4096,266,0.74569722,0.13575858,0.96942292
cifar10,proposed,4096,267,0.74776004,0.02402075,0.96304394
cifar10,proposed,4096,268,0.73782512,0.0232494,0.98652848
cifar10,proposed,4096,269,0.73768299,0.01922001,0.98543515
cifar10,proposed,4096,270,0.75138862,0.01707996,0.99348889
cifar10,proposed,4096,271,0.7418669,0.01109491,0.98369895
cifar10,proposed,4096,272,0.73870014,0.00517284,0.98901608
cifar10,proposed,4096,273,0.74071444,0.04989422,0.97577029
cifar10,proposed,4096,274,0.74395203,0.03323908,0.98692941
cifar10,proposed,4096,275,0.74687071,0.05249274,0.99112216
cifar10,proposed,4096,276,0.73392599,0.00716987,1.00544466
cifar10,proposed,4096,277,0.74710094,0.06521367,1.00892235
cifar10,proposed,4096,278,0.73822414,0.00326956,1.01047255
cifar10,proposed,4096,279,0.7445744,0.05226906,1.01374216
cifar10,proposed,4096,280,0.73871218,0.01849282,1.00381821
cifar10,proposed,4096,281,0.74119706,0.06201289,1.02574681
cifar10,proposed,4096,282,0.7430173,0.00544162,0.96184765
cifar10,proposed,4096,283,0.73892431,0.04291696,1.00583877
cifar10,proposed,4096,284,0.74793727,0.08169318,1.00478052
cifar10,proposed,4096,285,0.74486847,0.05794906,0.97907352
cifar10,proposed,4096,286,0.74454453,0.09771992,0.99448344
cifar10,proposed,4096,287,0.73795676,0.01677477,1.03269705
cifar10,proposed,4096,288,0.73416267,0.01067566,1.01793996
cifar10,proposed,4096,289,0.74711894,0.03643577,1.01721448
cifar10,proposed,4096,290,0.75299221,0.02316837,0.96977874
cifar10,proposed,4096,291,0.74420343,0.03425488,1.03442222
cifar10,proposed,4096,292,0.75230321,0.07804869,0.98788449
cifar10,proposed,4096,293,0.7524279,0.05868533,1.00316649
cifar10,proposed,4096,294,0.7280935,0.06632649,0.98262453
cifar10,proposed,4096,295,0.74016611,0.04948936,0.98343931
cifar10,proposed,4096,296,0.73514319,0.07973065,1.00262942
cifar10,proposed,4096,297,0.74471226,0.11701673,0.97750702
cifar10,proposed,4096,298,0.74224713,0.03693119,1.02227918
cifar10,proposed,4096,299,0.74465036,0.04952537,1.01805944
cifar10,proposed,4096,300,0.73598189,0.02158531,1.0201141
cifar10,proposed,4096,301,0.73616615,0.07592986,0.9943247
cifar10,proposed,4096,302,0.74151342,0.00411764,1.00724894
cifar10,proposed,4096,303,0.73912642,0.00539866,0.98392881
cifar10,proposed,4096,304,0.73713654,0.05648306,1.00862516
cifar10,proposed,4096,305,0.73175361,0.04166658,0.99784298
cifar10,proposed,4096,306,0.74788093,0.0208439,1.01204585
cifar10,proposed,4096,307,0.72560238,0.01233217,0.99805256
cifar10,proposed,4096,308,0.74481603,0.02587194,0.97344878
cifar10,proposed,4096,309,0.73938019,0.07846682,1.00016915
cifar10,proposed,4096,310,0.75230689,0.04668722,1.01149615
cifar10,proposed,4096,311,0.74076638,0.10665113,1.00170011
cifar10,proposed,4096,312,0.74323487,0.0329654,0.99988441
cifar10,proposed,4096,313,0.73967227,0.00774656,1.03096625
cifar10,proposed,4096,314,0.74673438,0.02208767,0.99503647
cifar10,proposed,4096,315,0.74075386,0.04549544,1.00534196
cifar10,proposed,4096,316,0.74494601,0.01394211,1.0063951
cifar10,proposed,4096,317,0.73069416,0.04123707,1.02312942
cifar10,proposed,4096,318,0.74767526,0.02179022,0.98754129
cifar10,proposed,4096,319,0.73734208,0.04302167,0.98988846
cifar10,proposed,4096,320,0.73941707,0.00948767,0.99918805
cifar10,proposed,4096,321,0.73483447,0.03561122,0.98786319
cifar10,proposed,4096,322,0.74419201,0.02242814,0.97798748
cifar10,proposed,4096,323,0.74400365,0.06608463,0.99758111
cifar10,proposed,4096,324,0.73321579,0.05172454,0.97819209
cifar10,proposed,4096,325,0.74186043,0.05667183,1.00533517
cifar10,proposed,4096,326,0.73248561,0.01978694,1.00890236
cifar10,proposed,4096,327,0.74080802,0.01940435,0.98997864
cifar10,proposed,4096,328,0.74331197,0.05064646,0.97972412
cifar10,proposed,4096,329,0.73707072,0.08246085,1.01161404
cifar10,proposed,4096,330,0.74072273,0.00537404,0.99471854
cifar10,proposed,4096,331,0.75058795,0.09126605,1.00139245
cifar10,proposed,4096,332,0.73554373,0.03979565,0.98872416
cifar10,proposed,4096,333,0.75114735,0.00233793,0.98517752
cifar10,proposed,4096,334,0.73600152,0.02043714,1.0160051
cifar10,proposed,4096,335,0.7262489,0.04660133,1.00723623
cifar10,proposed,4096,336,0.73740759,0.0303508,1.01637474
cifar10,proposed,4096,337,0.74801289,0.01206939,0.99477243
cifar10,proposed,4096,338,0.7499281,0.01913218,0.99741535
cifar10,proposed,4096,339,0.75016794,0.04372881,0.99646879
cifar10,proposed,4096,340,0.73744338,0.03866187,1.01067976
cifar10,proposed,4096,341,0.74584031,0.03325558,1.00836011
cifar10,proposed,4096,342,0.73669106,0.02995156,0.98609765
cifar10,proposed,4096,343,0.73882853,0.02509212,1.00996958
cifar10,proposed,4096,344,0.74203748,0.04472576,1.01275943
cifar10,proposed,4096,345,0.74542605,0.03835546,0.9962122
cifar10,proposed,4096,346,0.75110149,0.05711941,1.02098592
cifar10,proposed,4096,347,0.73919815,0.01528172,0.98505924
cifar10,proposed,4096,348,0.74011879,0.04885566,1.01519143
cifar10,proposed,4096,349,0.74569445,0.0474292,1.01824759
cifar10,proposed,4096,350,0.73460342,0.07415416,0.986424
cifar10,proposed,4096,351,0.73605128,0.01490393,1.02121993
cifar10,proposed,4096,352,0.7430132,0.02578026,1.01589145
cifar10,proposed,4096,353,0.74849098,0.00394293,1.00199407
cifar10,proposed,4096,354,0.731144,0.03031801,1.01573388
cifar10,proposed,4096,355,0.7452497,0.01199582,0.99481205
cifar10,proposed,4096,356,0.7402707,0.10155495,0.98939793
cifar10,proposed,4096,357,0.72539183,0.02493764,0.97665707
cifar10,proposed,4096,358,0.73187913,0.09335225,0.9740467
cifar10,proposed,4096,359,0.74724802,0.01526214,0.99440831
cifar10,proposed,4096,360,0.75683318,0.08627723,1.02122279
cifar10,proposed,4096,361,0.74388286,0.02311874,1.01124034
cifar10,proposed,4096,362,0.74165938,0.0270984,0.99329224
cifar10,proposed,4096,363,0.74712593,0.09854809,1.00539041
cifar10,proposed,4096,364,0.75641364,0.07863851,1.01631965
cifar10,proposed,4096,365,0.73877939,0.03820622,1.02716133
cifar10,proposed,4096,366,0.74200741,0.07380334,1.0004375
cifar10,proposed,4096,367,0.72774926,0.03987837,0.98058211
cifar10,proposed,4096,368,0.73334891,0.02116755,0.99066687
cifar10,proposed,4096,369,0.74864993,0.02561731,0.99896741
cifar10,proposed,4096,370,0.74306154,0.01519052,1.00316598
cifar10,proposed,4096,371,0.74283595,0.02248136,0.97397215
cifar10,proposed,4096,372,0.74166977,0.00829509,0.98469781
cifar10,proposed,4096,373,0.73801645,0.03231216,1.01197878
cifar10,proposed,4096,374,0.73347346,0.02063147,1.00983317
cifar10,proposed,4096,375,0.72848271,0.01584457,1.01948906
cifar10,proposed,4096,376,0.74514071,0.03001692,0.99991023
cifar10,proposed,4096,377,0.75643832,0.01868635,1.01497443
cifar10,proposed,4096,378,0.74177545,0.05538917,1.00486716
cifar10,proposed,4096,379,0.7472003,0.01754604,0.99441276
cifar10,proposed,4096,380,0.74153915,0.1322348,1.00901167
cifar10,proposed,4096,381,0.7361045,0.0181859,1.00488572
cifar10,proposed,4096,382,0.7600544,0.01514071,0.98546863
cifar10,proposed,4096,383,0.74357162,0.00230432,0.98195541
cifar10,proposed,4096,384,0.73324907,0.01428411,0.99418275
cifar10,proposed,4096,385,0.73927466,0.05415377,0.99636098
cifar10,proposed,4096,386,0.73905916,0.0302412,1.02954812
cifar10,proposed,4096,387,0.73533189,0.01333794,1.01507363
cifar10,proposed,4096,388,0.73258306,0.00693207,0.99085097
cifar10,proposed,4096,389,0.74930745,0.10485527,1.02023002
cifar10,proposed,4096,390,0.74144545,0.00885627,0.98554088
cifar10,proposed,4096,391,0.75249128,0.06042616,0.98748851
cifar10,proposed,4096,392,0.74456488,0.00918864,0.9920701
cifar10,proposed,4096,393,0.73047578,0.02194414,0.96507303
cifar10,proposed,4096,394,0.7432069,0.00210447,0.99759229
cifar10,proposed,4096,395,0.74202743,0.01593837,1.02874597
cifar10,proposed,4096,396,0.73718597,0.03858294,0.99880017
cifar10,proposed,4096,397,0.74079661,0.01501483,0.98445384
cifar10,proposed,4096,398,0.74459448,0.04528112,0.96154955
cifar10,proposed,4096,399,0.74296154,0.00626398,0.99183609
cifar10,proposed,4096,400,0.73538395,0.03588879,1.02147546
cifar10,proposed,4096,401,0.74289703,0.02576439,0.98732051
cifar10,proposed,4096,402,0.74039647,0.00328847,0.98859736
cifar10,proposed,4096,403,0.74077487,0.02389039,1.00742647
cifar10,proposed,4096,404,0.74368093,0.05815525,1.01109317
cifar10,proposed,4096,405,0.74957086,0.01687122,1.02794356
cifar10,proposed,4096,406,0.73969258,0.05729488,1.03583686
cifar10,proposed,4096,407,0.74946089,0.07540579,0.99972799
cifar10,proposed,4096,408,0.73805471,0.03964943,0.99292699
cifar10,proposed,4096,409,0.74733054,0.04197263,0.97820618
cifar10,proposed,4096,410,0.74511366,0.02435998,1.02129941
cifar10,proposed,4096,411,0.74177918,0.06720374,1.01554827
cifar10,proposed,4096,412,0.74321051,0.02079517,1.00726623
cifar10,proposed,4096,413,0.74421384,0.0682194,1.04079649
cifar10,proposed,4096,414,0.73584612,0.01646023,0.96304219
cifar10,proposed,4096,415,0.7310571,0.03313984,1.00414685
cifar10,proposed,4096,416,0.75185976,0.03245652,1.00952912
cifar10,proposed,4096,417,0.74586339,0.02843558,0.989317
cifar10,proposed,4096,418,0.73594565,0.01427612,1.00912242
cifar10,proposed,4096,419,0.74943518,0.03610293,0.98148218
cifar10,proposed,4096,420,0.74127885,0.03502195,1.01415609
cifar10,proposed,4096,421,0.74083907,0.02646735,1.01104154
cifar10,proposed,4096,422,0.73610677,0.09409662,1.00536311
cifar10,proposed,4096,423,0.74591171,0.05132627,0.99875388
cifar10,proposed,4096,424,0.74455587,0.00058711,1.01005275
cifar10,proposed,4096,425,0.73990499,0.03580175,0.99682963
cifar10,proposed,4096,426,0.73723772,0.00031218,1.00845203
cifar10,proposed,4096,427,0.74760431,0.08358078,0.97923173
cifar10,proposed,4096,428,0.73534366,0.01862039,0.99794308
cifar10,proposed,4096,429,0.74638083,0.01969039,0.99435521
cifar10,proposed,4096,430,0.74231016,0.06201245,1.01088168
cifar10,proposed,4096,431,0.74480697,0.02987623,1.02733745
cifar10,proposed,4096,432,0.74987766,0.04597501,1.00524661
cifar10,proposed,4096,433,0.75016453,0.05443452,1.00499715
cifar10,proposed,4096,434,0.7441435,0.03542201,0.98034866
cifar10,proposed,4096,435,0.73705297,0.00123257,0.99807432
cifar10,proposed,4096,436,0.74932078,0.04211173,1.00359971
cifar10,proposed,4096,437,0.74596692,0.04281165,0.98115134
cifar10,proposed,4096,438,0.74218279,0.01799411,0.96948621
cifar10,proposed,4096,439,0.74142076,0.04685189,0.99718366
cifar10,proposed,4096,440,0.73598078,0.01326346,0.99909747
cifar10,proposed,4096,441,0.74053306,0.00998855,1.01864359
cifar10,proposed,4096,442,0.73694919,0.03897415,1.00747276
cifar10,proposed,4096,443,0.74590392,0.008111,1.01197911
cifar10,proposed,4096,444,0.74369872,0.04429564,0.99347911
cifar10,proposed,4096,445,0.743478,0.01200498,1.02183381
cifar10,proposed,4096,446,0.73898572,0.01672502,0.99022263
cifar10,proposed,4096,447,0.73339905,0.05893624,1.01295024
cifar10,proposed,4096,448,0.74295481,0.02618511,1.00099881
cifar10,proposed,4096,449,0.73484113,0.00767577,1.03201078
cifar10,proposed,4096,450,0.74264795,0.01980467,0.99809123
cifar10,proposed,4096,451,0.74040249,0.01524828,0.98676447
cifar10,proposed,4096,452,0.74644815,0.01480434,0.99917175
cifar10,proposed,4096,453,0.74977876,0.01465757,0.99877878
cifar10,proposed,4096,454,0.74132291,0.018238,0.99378019
cifar10,proposed,4096,455,0.75412417,0.04086167,0.9633565
cifar10,proposed,4096,456,0.73703258,0.03165227,0.99805871
cifar10,proposed,4096,457,0.74598548,0.00344268,1.03210014
cifar10,proposed,4096,458,0.74102295,0.00798667,0.99317986
cifar10,proposed,4096,459,0.74711441,0.02423192,0.99338581
cifar10,proposed,4096,460,0.74678908,0.03513843,1.00679286
cifar10,proposed,4096,461,0.74745681,0.04120904,0.96910577
cifar10,proposed,4096,462,0.74667519,0.04037518,0.99190332
cifar10,proposed,4096,463,0.75336138,0.02984534,1.00799491
cifar10,proposed,4096,464,0.7396465,0.00031265,0.99687746
cifar10,proposed,4096,465,0.74760589,0.01516455,0.9930889
cifar10,proposed,4096,466,0.74440178,0.02679969,1.01350076
cifar10,proposed,4096,467,0.74002058,0.05396561,0.99828412
cifar10,proposed,4096,468,0.74372693,0.00199348,0.98891815
cifar10,proposed,4096,469,0.73224634,0.11932806,1.02570147
cifar10,proposed,4096,470,0.74623868,0.01599235,0.99852963
cifar10,proposed,4096,471,0.73858424,0.02662142,0.97889017
cifar10,proposed,4096,472,0.73633707,0.04163398,0.99960773
cifar10,proposed,4096,473,0.73131146,0.03575331,1.03612053
cifar10,proposed,4096,474,0.73424586,0.04242413,0.99818637
cifar10,proposed,4096,475,0.74011585,0.00413386,0.98545141
cifar10,proposed,4096,476,0.74104635,0.02799035,0.96201085
cifar10,proposed,4096,477,0.74023713,0.05242643,0.96004688
cifar10,proposed,4096,478,0.74691026,0.04873151,1.02077927
cifar10,proposed,4096,479,0.74112684,0.10182229,0.98606269
cifar10,proposed,4096,480,0.74160656,0.02890068,1.01047582
cifar10,proposed,4096,481,0.75170046,0.01883942,0.98209766
cifar10,proposed,4096,482,0.74978297,0.03432812,0.99190123
cifar10,proposed,4096,483,0.74506857,0.05329038,0.98048173
cifar10,proposed,4096,484,0.74355856,0.01408302,0.99668411
cifar10,proposed,4096,485,0.74274969,0.00816364,1.00197145
cifar10,proposed,4096,486,0.73771374,0.0241134,0.98012693
cifar10,proposed,4096,487,0.74535703,0.05889621,0.99620897
cifar10,proposed,4096,488,0.73936521,0.02313916,0.99233621
cifar10,proposed,4096,489,0.73220842,0.00791525,0.99606705
cifar10,proposed,4096,490,0.73693369,0.00182627,1.02041975
cifar10,proposed,4096,491,0.73748772,0.02278513,0.9882833
cifar10,proposed,4096,492,0.74617243,0.0636808,1.01465522
cifar10,proposed,4096,493,0.73804079,0.02482265,1.02614193
cifar10,proposed,4096,494,0.74895948,0.05047518,1.01697904
cifar10,proposed,4096,495,0.74594681,0.0193642,1.01349714
cifar10,proposed,4096,496,0.73783045,0.03216959,1.02676252
cifar10,proposed,4096,497,0.7372324,0.03082522,0.96977923
cifar10,proposed,4096,498,0.74635022,0.0338094,1.01131339
cifar10,proposed,4096,499,0.74120085,0.02189155,1.01188609
cifar10,proposed,4096,500,0.73892226,0.05847206,1.00283552
cifar10,proposed,4096,501,0.73053368,0.09389645,1.02519576
cifar10,proposed,4096,502,0.73636956,0.03893365,1.01215714
cifar10,proposed,4096,503,0.74109243,0.05427906,1.01576021
cifar10,proposed,4096,504,0.73805636,0.05577488,0.98906169
cifar10,proposed,4096,505,0.74891428,0.0186662,0.98593137
cifar10,proposed,4096,506,0.73443088,0.02732351,0.99407677
cifar10,proposed,4096,507,0.74490755,0.03740777,0.99008087
cifar10,proposed,4096,508,0.74817726,0.01566168,0.99587284
cifar10,proposed,4096,509,0.74609231,0.06587173,1.00630137
cifar10,proposed,4096,510,0.74014037,0.01699416,1.00528271
cifar10,proposed,4096,511,0.73977479,0.03897958,1.01007336
cifar10,proposed,4096,512,0.73210387,0.03886334,1.00790664
cifar10,proposed,4096,513,0.74992866,0.04788545,0.98062718
cifar10,proposed,4096,514,0.74247899,7.268e-05,1.00849577
cifar10,proposed,4096,515,0.74021913,0.00306836,0.97769218
cifar10,proposed,4096,516,0.73468159,0.07234281,0.99035526
cifar10,proposed,4096,517,0.74455949,0.01495183,0.99633943
cifar10,proposed,4096,518,0.74794252,0.02926432,0.98629297
cifar10,proposed,4096,519,0.74269972,0.0606231,0.99794122
cifar10,proposed,4096,520,0.7414116,0.00801671,0.99427564
cifar10,proposed,4096,521,0.74706228,0.07348369,0.99318738
cifar10,proposed,4096,522,0.74724333,0.00091949,0.98883946
cifar10,proposed,4096,523,0.74013604,0.03361725,1.00379186
cifar10,proposed,4096,524,0.75123009,0.02712268,0.99028073
cifar10,proposed,4096,525,0.74107766,0.02777751,1.00060993
cifar10,proposed,4096,526,0.74173535,0.00517598,1.00608815
cifar10,proposed,4096,527,0.74611888,0.05289316,1.02038512
cifar10,proposed,4096,528,0.74465873,0.00484311,0.98998507
cifar10,proposed,4096,529,0.74464292,0.07970533,1.01798537
cifar10,proposed,4096,530,0.73911404,0.05445494,1.00732035
cifar10,proposed,4096,531,0.7415856,0.0078912,0.99678938
cifar10,proposed,4096,532,0.74849903,0.16576573,1.01465297
cifar10,proposed,4096,533,0.74835992,0.00272985,0.98880704
cifar10,proposed,4096,534,0.74093023,0.06717239,0.99479617
cifar10,proposed,4096,535,0.73854437,0.01399563,1.00806532
cifar10,proposed,4096,536,0.74762381,0.02588664,1.01832122
cifar10,proposed,4096,537,0.74263883,0.0020346,0.98537326
cifar10,proposed,4096,538,0.74581502,0.01064547,0.98710485
cifar10,proposed,4096,539,0.73420462,0.04390393,0.99698474
cifar10,proposed,4096,540,0.74521447,0.02107201,0.9890887
cifar10,proposed,4096,541,0.7504261,0.00454475,0.98807397
cifar10,proposed,4096,542,0.73034166,0.08852541,1.00639021
cifar10,proposed,4096,543,0.73870131,0.00018415,1.00142222
cifar10,proposed,4096,544,0.74047585,0.06093544,1.05015967
cifar10,proposed,4096,545,0.73215873,0.00415431,0.99751923
cifar10,proposed,4096,546,0.74265771,0.06794743,0.99478737
cifar10,proposed,4096,547,0.7394623,0.01734589,0.98766732
cifar10,proposed,4096,548,0.74599341,0.00338538,1.01892103
cifar10,proposed,4096,549,0.74268367,0.06202971,1.02545288
cifar10,proposed,4096,550,0.74345452,0.07572891,0.98827072
cifar10,proposed,4096,551,0.73943177,0.04403237,1.01514411
cifar10,proposed,4096,552,0.73700087,0.04524942,1.0022331
cifar10,proposed,4096,553,0.7514039,0.09276183,0.99091667
cifar10,proposed,4096,554,0.74951539,0.0859736,0.99008441
cifar10,proposed,4096,555,0.7410456,0.00026399,0.98911112
cifar10,proposed,4096,556,0.74148544,0.00762041,1.02070935
cifar10,proposed,4096,557,0.74420461,0.00942113,0.98174939
cifar10,proposed,4096,558,0.73553204,0.02165871,1.01373369
cifar10,proposed,4096,559,0.75040865,0.00185761,1.00580146
cifar10,proposed,4096,560,0.74163486,0.06678503,0.9929853
cifar10,proposed,4096,561,0.74902896,0.01256812,1.00028241
cifar10,proposed,4096,562,0.73225136,0.01016482,1.00429646
cifar10,proposed,4096,563,0.74833922,0.03910109,0.99544712
cifar10,proposed,4096,564,0.74776484,0.01669455,0.99389244
cifar10,proposed,4096,565,0.75265064,0.02276496,1.0102899
cifar10,proposed,4096,566,0.74515539,0.03227436,1.00155907
cifar10,proposed,4096,567,0.7393611,0.04694288,0.9911269
cifar10,proposed,4096,568,0.7409278,0.01243542,1.00396027
cifar10,proposed,4096,569,0.74524676,0.09435366,1.00484507
cifar10,proposed,4096,570,0.73908459,0.03904052,0.96801917
cifar10,proposed,4096,571,0.74172807,0.05201839,0.99233869
cifar10,proposed,4096,572,0.74259422,0.07331439,0.99132171
cifar10,proposed,4096,573,0.7390396,0.05144348,1.02830364
cifar10,proposed,4096,574,0.75303244,0.02861093,1.00968882
cifar10,proposed,4096,575,0.73988661,0.0834229,0.98876229
cifar10,proposed,4096,576,0.74406394,0.04715722,0.9861335
cifar10,proposed,4096,577,0.74406364,0.00984234,1.01372595
cifar10,proposed,4096,578,0.7275311,0.05045985,0.98141036
cifar10,proposed,4096,579,0.74753214,0.07996446,1.00217724
cifar10,proposed,4096,580,0.75182154,0.02821666,0.97916389
cifar10,proposed,4096,581,0.74261053,0.00286653,0.98183686
cifar10,proposed,4096,582,0.74415119,0.01084001,0.99553624
cifar10,proposed,4096,583,0.74131326,0.01421549,0.99973474
cifar10,proposed,4096,584,0.73139719,0.05537279,0.99771508
cifar10,proposed,4096,585,0.74549024,0.05887147,0.98533588
cifar10,proposed,4096,586,0.74597197,0.05554198,0.98072597
cifar10,proposed,4096,587,0.74218299,0.03705673,1.00512942
cifar10,proposed,4096,588,0.74571281,0.06580787,0.98486754
cifar10,proposed,4096,589,0.7435347,0.10070982,0.99626626
cifar10,proposed,4096,590,0.7507866,0.10456538,1.00290247
cifar10,proposed,4096,591,0.75963951,0.04504564,0.98948974
cifar10,proposed,4096,592,0.74487197,0.0172102,1.00427504
cifar10,proposed,4096,593,0.7440393,0.05533769,0.99632036
cifar10,proposed,4096,594,0.74072345,0.08703915,0.97423258
cifar10,proposed,4096,595,0.74630242,0.02727199,0.95666069
cifar10,proposed,4096,596,0.74423297,0.06729685,1.00768418
cifar10,proposed,4096,597,0.74236755,0.02358901,0.9967988
cifar10,proposed,4096,598,0.74073498,0.00557972,1.00010183
cifar10,proposed,4096,599,0.73642895,0.0475667,0.98542238
cifar10,proposed,4096,600,0.7426602,0.08560581,0.97351871
cifar10,proposed,4096,601,0.73993122,0.14620548,1.01177619
cifar10,proposed,4096,602,0.73723678,0.03696922,1.01934363
cifar10,proposed,4096,603,0.7448263,0.01818573,0.98978539
cifar10,proposed,4096,604,0.73470869,0.02849838,1.00101299
cifar10,proposed,4096,605,0.73629878,0.01691009,1.02063522
cifar10,proposed,4096,606,0.74630979,0.04110264,0.99561514
cifar10,proposed,4096,607,0.73210896,0.05979959,1.02640197
cifar10,proposed,4096,608,0.74751179,0.01315092,1.01438604
cifar10,proposed,4096,609,0.75149739,0.02213917,0.99076983
cifar10,proposed,4096,610,0.74274345,0.05042374,0.99955581
cifar10,proposed,4096,611,0.74640688,0.03467351,1.02195245
cifar10,proposed,4096,612,0.74479416,0.04169003,0.99822987
cifar10,proposed,4096,613,0.74430901,0.00053737,0.99861623
cifar10,proposed,4096,614,0.73101347,0.03560577,0.98413212
cifar10,proposed,4096,615,0.74285103,0.02819894,1.0182203
cifar10,proposed,4096,616,0.7381744,0.00700175,0.98530344
cifar10,proposed,4096,617,0.7545868,0.05904681,0.99410122
cifar10,proposed,4096,618,0.73066257,0.09153738,1.04266272
cifar10,proposed,4096,619,0.74438151,0.01716165,0.98682634
cifar10,proposed,4096,620,0.74636272,0.08686357,1.0010382
cifar10,proposed,4096,621,0.73424164,0.0573322,0.98743535
cifar10,proposed,4096,622,0.73828819,0.01423617,1.00335019
cifar10,proposed,4096,623,0.74326717,0.00817695,1.01573986
cifar10,proposed,4096,624,0.74036592,0.02852757,0.9685917
cifar10,proposed,4096,625,0.74618205,0.01274394,1.02318676
cifar10,proposed,4096,626,0.74305525,0.08879869,0.99884241
cifar10,proposed,4096,627,0.74400545,0.02816058,0.99635371
cifar10,proposed,4096,628,0.74384717,0.04798248,1.00686406
cifar10,proposed,4096,629,0.74248761,0.09215787,0.99547034
cifar10,proposed,4096,630,0.74786638,0.08496004,1.00669752
cifar10,proposed,4096,631,0.74407599,0.0808975,0.99259865
cifar10,proposed,4096,632,0.73941501,0.03335266,0.99770881
cifar10,proposed,4096,633,0.75008964,0.03240489,0.98415345
cifar10,proposed,4096,634,0.7410267,0.0566209,0.97728347
cifar10,proposed,4096,635,0.74259491,0.05373622,1.01482073
cifar10,proposed,4096,636,0.73436248,0.03639055,0.99847942
cifar10,proposed,4096,637,0.74025652,0.06968408,1.02326437
cifar10,proposed,4096,638,0.74740094,0.02734203,0.99335104
cifar10,proposed,4096,639,0.74464548,0.02608192,1.00530414
cifar10,proposed,4096,640,0.74417246,0.03946326,0.9853799
cifar10,proposed,4096,641,0.7424713,0.00600199,1.00737282
cifar10,proposed,4096,642,0.74892099,0.00598122,0.99909481
cifar10,proposed,4096,643,0.73966794,0.01428392,1.00006971
cifar10,proposed,4096,644,0.74567398,0.00908389,1.00430013
cifar10,proposed,4096,645,0.74738519,0.01369868,0.97951278
cifar10,proposed,4096,646,0.74095333,0.00036532,0.98770513
cifar10,proposed,4096,647,0.74698686,0.08553587,0.98792537
cifar10,proposed,4096,648,0.74970342,0.00576621,1.00819677
cifar10,proposed,4096,649,0.74747109,0.12914026,1.00825844
cifar10,proposed,4096,650,0.75003439,0.03481704,1.00291134
cifar10,proposed,4096,651,0.74389897,0.00528692,0.98429595
cifar10,proposed,4096,652,0.7307223,0.06420899,0.98901597
cifar10,proposed,4096,653,0.74617054,0.0656454,0.97765933
cifar10,proposed,4096,654,0.74062543,0.05249278,1.01030157
cifar10,proposed,4096,655,0.73973361,0.02752796,1.01815876
cifar10,proposed,4096,656,0.73322881,0.08746653,0.98219663
cifar10,proposed,4096,657,0.73672916,0.02206247,0.98793946
cifar10,proposed,4096,658,0.75561956,0.00562062,1.00271092
cifar10,proposed,4096,659,0.74441548,0.02341702,0.99537317
cifar10,proposed,4096,660,0.7331958,0.0427319,1.01705849
cifar10,proposed,4096,661,0.74389382,0.05862562,0.99270126
cifar10,proposed,4096,662,0.74441001,0.03028101,1.01975686
cifar10,proposed,4096,663,0.74134635,0.06948594,1.01202825
cifar10,proposed,4096,664,0.74158442,0.030547,0.98563784
cifar10,proposed,4096,665,0.73677792,0.00105195,0.98052502
cifar10,proposed,4096,666,0.75058178,0.07846575,0.99606028
cifar10,proposed,4096,667,0.73485177,0.1003328,0.99762658
cifar10,proposed,4096,668,0.73391852,0.0541609,1.00267797
cifar10,proposed,4096,669,0.74690516,0.14166729,0.99012198
cifar10,proposed,4096,670,0.74227959,0.02449884,0.99088238
cifar10,proposed,4096,671,0.74587537,0.08087612,0.99920967
cifar10,proposed,4096,672,0.73974141,0.01903716,0.99707539
cifar10,proposed,4096,673,0.73460028,0.02604536,0.98033022
cifar10,proposed,4096,674,0.74890946,0.00253926,0.98602537
cifar10,proposed,4096,675,0.74316478,0.08226649,1.00901967
cifar10,proposed,4096,676,0.74627646,0.06479493,1.00721207
cifar10,proposed,4096,677,0.73713158,0.05568362,1.00244336
cifar10,proposed,4096,678,0.75219876,0.07002573,0.99484963
cifar10,proposed,4096,679,0.74749151,0.02294304,1.01282221
cifar10,proposed,4096,680,0.73817124,0.02351551,0.98285925
cifar10,proposed,4096,681,0.74109962,0.01636005,0.99605144
cifar10,proposed,4096,682,0.73119504,0.04670344,0.99120544
cifar10,proposed,4096,683,0.74886854,0.02711852,0.99203007
cifar10,proposed,4096,684,0.75247385,0.00255517,1.01683178
cifar10,proposed,4096,685,0.74562402,0.0256952,1.00698539
cifar10,proposed,4096,686,0.73371887,0.03447942,1.00508818
cifar10,proposed,4096,687,0.74329043,0.05327855,0.98620192
cifar10,proposed,4096,688,0.73742185,0.03364932,1.0093685
cifar10,proposed,4096,689,0.74556115,0.01579374,1.01308738
cifar10,proposed,4096,690,0.74916067,0.00595622,1.0413754
cifar10,proposed,4096,691,0.74084366,0.03965848,1.01666014
cifar10,proposed,4096,692,0.73918917,0.10227767,0.98850595
cifar10,proposed,4096,693,0.75023209,0.03245878,0.97287734
cifar10,proposed,4096,694,0.73386,0.01978674,1.03948227
cifar10,proposed,4096,695,0.74582349,0.03409821,1.03177323
cifar10,proposed,4096,696,0.74735113,0.0188135,1.0216975
cifar10,proposed,4096,697,0.74683786,0.02481985,1.00246632
cifar10,proposed,4096,698,0.74501034,0.04951146,0.99899347
cifar10,proposed,4096,699,0.73390126,0.02314521,1.00677995
cifar10,proposed,4096,700,0.74755678,0.05105632,0.99329411
cifar10,proposed,4096,701,0.74344007,0.00446235,1.01315038
cifar10,proposed,4096,702,0.74094804,0.05546535,0.98583604
cifar10,proposed,4096,703,0.74364933,0.06412685,1.00882915
cifar10,proposed,4096,704,0.73411147,0.02209328,1.01434734
cifar10,proposed,4096,705,0.74203941,0.07895481,0.96403605
cifar10,proposed,4096,706,0.74164683,0.00282115,1.00727763
cifar10,proposed,4096,707,0.73372798,0.03924405,1.00287405
cifar10,proposed,4096,708,0.73670075,0.00615911,0.98358905
cifar10,proposed,4096,709,0.73668574,0.01541015,0.98568242
cifar10,proposed,4096,710,0.74280661,0.00250976,1.00670658
cifar10,proposed,4096,711,0.74357909,0.02939318,0.98854906
cifar10,proposed,4096,712,0.72048047,0.04849637,1.02049574
cifar10,proposed,4096,713,0.7472981,0.0231883,1.01032772
cifar10,proposed,4096,714,0.73690364,0.05672315,0.9943894
cifar10,proposed,4096,715,0.74293594,0.03562756,0.99909833
cifar10,proposed,4096,716,0.74049,0.02859842,0.99230933
cifar10,proposed,4096,717,0.73959137,0.07295038,1.01439945
cifar10,proposed,4096,718,0.74540014,0.11154084,1.013449
cifar10,proposed,4096,719,0.74606312,0.02082273,0.98300439
cifar10,proposed,4096,720,0.7528832,0.12247578,1.00302676
cifar10,proposed,4096,721,0.74265318,0.0320332,0.9889626
cifar10,proposed,4096,722,0.73489614,0.00922061,0.9963114
cifar10,proposed,4096,723,0.74326787,0.05782234,0.97892849
cifar10,proposed,4096,724,0.73588771,0.05993738,1.01834423
cifar10,proposed,4096,725,0.74506236,0.01800472,1.00868108
cifar10,proposed,4096,726,0.73298967,0.01408075,1.00340149
cifar10,proposed,4096,727,0.73196296,0.04409099,1.01048307
cifar10,proposed,4096,728,0.7367035,0.05802043,0.98180043
cifar10,proposed,4096,729,0.74067606,0.03877527,0.99322829
cifar10,proposed,4096,730,0.7453922,0.07305328,1.00412576
cifar10,proposed,4096,731,0.75273062,0.05428529,0.97248348
cifar10,proposed,4096,732,0.74254302,0.00797838,1.01685725
cifar10,proposed,4096,733,0.74019469,0.00948764,1.00893126
cifar10,proposed,4096,734,0.73738534,0.06597995,0.98277738
cifar10,proposed,4096,735,0.74530955,0.02115526,0.96514294
cifar10,proposed,4096,736,0.73989181,0.00830765,1.02684585
cifar10,proposed,4096,737,0.73269208,0.01745335,1.00933962
cifar10,proposed,4096,738,0.7409958,0.03735253,1.01788634
cifar10,proposed,4096,739,0.74326003,0.01138733,0.98136556
cifar10,proposed,4096,740,0.74427176,0.0934251,1.00060674
cifar10,proposed,4096,741,0.74592195,0.11988078,1.02541182
cifar10,proposed,4096,742,0.73538559,0.04434397,0.98508937
cifar10,proposed,4096,743,0.74164823,0.0101654,1.00330123
cifar10,proposed,4096,744,0.74766934,0.09861195,0.96848051
cifar10,proposed,4096,745,0.75023218,0.06931768,1.00271445
cifar10,proposed,4096,746,0.73685486,0.06645608,0.99939573
cifar10,proposed,4096,747,0.73809099,0.06838799,1.00397741
cifar10,proposed,4096,748,0.73673526,0.00279778,1.00232697
cifar10,proposed,4096,749,0.73682235,0.06724766,0.98702234
cifar10,proposed,4096,750,0.74331174,0.01383902,1.0208293
cifar10,proposed,4096,751,0.74360411,0.06615135,0.98468323
cifar10,proposed,4096,752,0.74734626,0.03151477,1.00875563
cifar10,proposed,4096,753,0.74549378,0.02897345,0.99078095
cifar10,proposed,4096,754,0.73395038,0.00045371,0.97533043
cifar10,proposed,4096,755,0.73647663,0.01477858,0.9942028
cifar10,proposed,4096,756,0.73909101,0.03537279,0.99943985
cifar10,proposed,4096,757,0.74353963,0.03768123,1.01553835
cifar10,proposed,4096,758,0.7448864,0.03860695,1.01452075
cifar10,proposed,4096,759,0.7498009,0.1189201,0.98205581
cifar10,proposed,4096,760,0.7362171,0.06480609,1.00536863
cifar10,proposed,4096,761,0.74774487,0.05454058,1.00263692
cifar10,proposed,4096,762,0.74283625,0.01595204,1.00242107
cifar10,proposed,4096,763,0.74731047,0.05621308,1.02908309
cifar10,proposed,4096,764,0.73844551,0.0286182,1.04136297
cifar10,proposed,4096,765,0.74207425,0.02672207,1.00036464
cifar10,proposed,4096,766,0.74196018,0.0204088,0.97291214
cifar10,proposed,4096,767,0.7363567,0.02588211,1.00240299
cifar10,proposed,4096,768,0.72102943,0.08218662,0.98503802
cifar10,proposed,4096,769,0.73784346,0.09516238,1.01932911
cifar10,proposed,4096,770,0.7531894,0.01688673,1.01910809
cifar10,proposed,4096,771,0.75016265,0.03731113,1.02882566
cifar10,proposed,4096,772,0.74819788,0.02834566,1.00548996
cifar10,proposed,4096,773,0.73973063,0.0664806,0.98732469
cifar10,proposed,4096,774,0.73272884,0.05564073,1.03489443
cifar10,proposed,4096,775,0.7462962,0.01729705,1.03097443
cifar10,proposed,4096,776,0.73211706,0.00755678,1.0064081
cifar10,proposed,4096,777,0.73578421,0.00994102,1.02571856
cifar10,proposed,4096,778,0.73870221,0.00400539,1.04086493
cifar10,proposed,4096,779,0.74032248,0.00480517,1.02980318
cifar10,proposed,4096,780,0.74741071,0.0533283,1.00936199
cifar10,proposed,4096,781,0.74257935,0.08595399,1.00910896
cifar10,proposed,4096,782,0.728614,0.06269123,0.99445214
cifar10,proposed,4096,783,0.74705314,0.00782928,0.99295901
cifar10,proposed,4096,784,0.74210613,0.060564,0.98897004
cifar10,proposed,4096,785,0.73547366,0.01055289,1.02966361
cifar10,proposed,4096,786,0.74296745,0.05821358,1.01186279
cifar10,proposed,4096,787,0.74253763,0.0074086,1.01130392
cifar10,proposed,4096,788,0.73722149,0.02810307,0.98955381
cifar10,proposed,4096,789,0.74421423,0.08480223,1.01237443
cifar10,proposed,4096,790,0.74685456,0.02837552,1.00097777
cifar10,proposed,4096,791,0.74688585,0.04388506,1.01875631
cifar10,proposed,4096,792,0.74209418,0.12461462,0.98426856
cifar10,proposed,4096,793,0.73790728,0.02077223,1.0007526
cifar10,proposed,4096,794,0.7293855,0.04078379,1.01034637
cifar10,proposed,4096,795,0.7372811,0.06498245,1.0152375
cifar10,proposed,4096,796,0.73878069,0.07360801,0.9807499
cifar10,proposed,4096,797,0.75001804,0.06749891,1.02241237
cifar10,proposed,4096,798,0.74221048,0.04212423,1.02031421
cifar10,proposed,4096,799,0.73632735,0.02810066,0.99547286
cifar10,proposed,4096,800,0.74556076,0.06474793,1.00801346
cifar10,proposed,4096,801,0.73872871,0.00382714,1.00478601
cifar10,proposed,4096,802,0.73281238,0.0884395,1.00103734
cifar10,proposed,4096,803,0.74203357,0.02166993,0.99692544
cifar10,proposed,4096,804,0.74325861,0.03902235,1.00938391
cifar10,proposed,4096,805,0.73967049,0.01438232,0.98432654
cifar10,proposed,4096,806,0.74047922,0.02959159,1.01255193
cifar10,proposed,4096,807,0.73700348,0.03074804,0.99459774
cifar10,proposed,4096,808,0.73537249,0.05018364,1.01156643
cifar10,proposed,4096,809,0.7443608,0.00528559,1.0087776
cifar10,proposed,4096,810,0.74477246,0.02542594,1.01432883
cifar10,proposed,4096,811,0.73762421,0.00669979,1.01108122
cifar10,proposed,4096,812,0.75127357,0.02808971,0.98202606
cifar10,proposed,4096,813,0.74672613,0.06003815,1.00735086
cifar10,proposed,4096,814,0.73812289,0.01093522,0.97613148
cifar10,proposed,4096,815,0.74469118,0.0103415,0.97014999
cifar10,proposed,4096,816,0.73121885,0.07672089,1.00770941
cifar10,proposed,4096,817,0.73999383,0.03521901,1.00705982
cifar10,proposed,4096,818,0.73938591,0.02997184,1.00792928
cifar10,proposed,4096,819,0.73929702,0.01732996,1.00059764
cifar10,proposed,4096,820,0.74215015,0.04004387,1.00356301
cifar10,proposed,4096,821,0.75515543,0.00670299,1.01519064
cifar10,proposed,4096,822,0.72735096,0.07998664,1.01337945
cifar10,proposed,4096,823,0.75206792,0.00513523,1.00572529
cifar10,proposed,4096,824,0.73745426,0.07190989,1.03683032
cifar10,proposed,4096,825,0.74213789,0.07023449,0.98741026
cifar10,proposed,4096,826,0.75470969,0.12156864,1.0215986
cifar10,proposed,4096,827,0.73877773,0.06268391,0.99191576
cifar10,proposed,4096,828,0.73165074,0.05808019,1.00048756
cifar10,proposed,4096,829,0.73861922,0.04280171,1.02817241
cifar10,proposed,4096,830,0.74424292,0.07846995,0.99697457
cifar10,proposed,4096,831,0.74736578,0.0261027,1.00515795
cifar10,proposed,4096,832,0.74759327,0.0265707,1.01826839
cifar10,proposed,4096,833,0.74453047,0.06896788,1.01421683
cifar10,proposed,4096,834,0.74191739,0.09115213,1.00233414
cifar10,proposed,4096,835,0.74037587,0.02279511,0.94983644
cifar10,proposed,4096,836,0.74320846,0.05155376,0.99847385
cifar10,proposed,4096,837,0.75538001,0.01386355,0.99691925
cifar10,proposed,4096,838,0.74337722,0.04660714,0.9954834
cifar10,proposed,4096,839,0.74398483,0.05644074,1.01231554
cifar10,proposed,4096,840,0.7431942,0.06505947,0.99281366
cifar10,proposed,4096,841,0.74028959,0.09727129,1.02218689
cifar10,proposed,4096,842,0.7398932,0.05185709,0.98400797
cifar10,proposed,4096,843,0.74139798,0.04780176,0.99004974
cifar10,proposed,4096,844,0.74748594,0.06988804,1.03531396
cifar10,proposed,4096,845,0.73711664,0.00633342,0.99707775
cifar10,proposed,4096,846,0.74117957,0.07520127,0.97157406
cifar10,proposed,4096,847,0.74405687,0.01201545,1.00058697
cifar10,proposed,4096,848,0.7473595,0.06591026,0.99057131
cifar10,proposed,4096,849,0.7388402,0.07770024,0.98123843
cifar10,proposed,4096,850,0.74080431,0.044388,0.98452173
cifar10,proposed,4096,851,0.7389028,0.01834222,0.97074213
cifar10,proposed,4096,852,0.72923028,0.02759671,0.98634167
cifar10,proposed,4096,853,0.73313818,0.01527761,1.02241542
cifar10,proposed,4096,854,0.75111557,0.0519904,0.99388633
cifar10,proposed,4096,855,0.74172014,0.07143198,1.01320621
cifar10,proposed,4096,856,0.73025143,0.01902058,0.99238711
cifar10,proposed,4096,857,0.74203476,0.01485283,0.98065425
cifar10,proposed,4096,858,0.74640741,0.02675976,1.00131247
cifar10,proposed,4096,859,0.73204425,0.02375746,0.9961769
cifar10,proposed,4096,860,0.74347928,0.03106963,1.00249927
cifar10,proposed,4096,861,0.7376966,0.01001156,0.98953348
cifar10,proposed,4096,862,0.74377678,0.03729069,1.018711
cifar10,proposed,4096,863,0.73752192,0.02371524,1.0166848
cifar10,proposed,4096,864,0.74189814,0.00653279,1.01916575
cifar10,proposed,4096,865,0.74695267,0.05816533,0.98785317
cifar10,proposed,4096,866,0.73311128,0.03916346,1.00033917
cifar10,proposed,4096,867,0.74158399,0.02274253,0.98806274
cifar10,proposed,4096,868,0.7383048,0.09054964,0.99357931
cifar10,proposed,4096,869,0.74608009,0.0258942,0.98828587
cifar10,proposed,4096,870,0.73966477,0.03422662,1.02097755
cifar10,proposed,4096,871,0.74645752,0.01813436,1.00952592
cifar10,proposed,4096,872,0.74459738,0.00385017,1.01181822
cifar10,proposed,4096,873,0.7383128,0.0557449,1.01194527
cifar10,proposed,4096,874,0.7353318,0.04449952,1.00864863
cifar10,proposed,4096,875,0.74111021,0.08328554,1.0018294
cifar10,proposed,4096,876,0.7455166,0.05166196,1.01206901
cifar10,proposed,4096,877,0.75692523,0.06048387,1.00870708
cifar10,proposed,4096,878,0.74274883,0.05861242,1.03173725
cifar10,proposed,4096,879,0.7475792,0.03060211,0.98542218
cifar10,proposed,4096,880,0.73264212,0.05206744,1.01439242
cifar10,proposed,4096,881,0.74700815,0.07463811,0.97796965
cifar10,proposed,4096,882,0.73760044,0.01255326,1.00475553
cifar10,proposed,4096,883,0.74341291,0.00965174,0.99204744
cifar10,proposed,4096,884,0.73613592,0.00353242,0.98640353
cifar10,proposed,4096,885,0.74826942,0.13265832,1.00687305
cifar10,proposed,4096,886,0.75210654,0.07634721,1.00010952
cifar10,proposed,4096,887,0.74367397,0.03374708,0.98896762
cifar10,proposed,4096,888,0.73451691,0.02937041,1.00043506
cifar10,proposed,4096,889,0.74821929,0.0311507,0.9851638
cifar10,proposed,4096,890,0.74545132,0.15423921,0.98430849
cifar10,proposed,4096,891,0.74373755,0.04683976,0.98806362
cifar10,proposed,4096,892,0.74212292,0.04885576,1.00092664
cifar10,proposed,4096,893,0.74211662,0.06246674,0.99366012
cifar10,proposed,4096,894,0.74245915,0.02450144,1.02012782
cifar10,proposed,4096,895,0.73846582,0.04677498,1.01925735
cifar10,proposed,4096,896,0.74494532,0.04094568,0.99195965
cifar10,proposed,4096,897,0.74617512,0.01391051,0.99205663
cifar10,proposed,4096,898,0.74729532,0.0421151,0.98110233
cifar10,proposed,4096,899,0.7499094,0.01162721,0.99133853
cifar10,proposed,4096,900,0.75431299,0.02288062,0.98330776
cifar10,proposed,4096,901,0.74425772,0.00327823,0.97412348
cifar10,proposed,4096,902,0.75176395,0.0712966,0.98373241
cifar10,proposed,4096,903,0.74371362,0.1072662,1.00838849
cifar10,proposed,4096,904,0.74533372,0.02111739,0.98275073
cifar10,proposed,4096,905,0.74253586,0.01446708,0.99532695
cifar10,proposed,4096,906,0.74001565,0.06775151,0.96677547
cifar10,proposed,4096,907,0.74784173,0.01542345,0.98509438
cifar10,proposed,4096,908,0.74862206,0.05619869,1.0186192
cifar10,proposed,4096,909,0.74113094,0.06057563,1.00910176
cifar10,proposed,4096,910,0.74672501,0.00041849,0.9843397
cifar10,proposed,4096,911,0.75354517,0.01045861,0.98076424
cifar10,proposed,4096,912,0.75007088,0.02641845,0.97696197
cifar10,proposed,4096,913,0.74448478,0.02717205,1.010329
cifar10,proposed,4096,914,0.72693501,0.02849826,1.016584
cifar10,proposed,4096,915,0.74778964,0.03672666,0.98122931
cifar10,proposed,4096,916,0.7533457,0.00562203,1.0153517
cifar10,proposed,4096,917,0.75133636,0.00739406,1.0224592
cifar10,proposed,4096,918,0.74927906,0.00305952,1.02026298
cifar10,proposed,4096,919,0.73975815,0.0122826,0.99264189
cifar10,proposed,4096,920,0.73655338,0.01876135,0.98936024
cifar10,proposed,4096,921,0.75259168,0.0407714,0.99734044
cifar10,proposed,4096,922,0.73416024,0.00620588,1.00771626
cifar10,proposed,4096,923,0.74140977,0.04941445,0.98293413
cifar10,proposed,4096,924,0.74059869,0.03611013,1.01752062
cifar10,proposed,4096,925,0.75046403,0.01777236,1.00393119
cifar10,proposed,4096,926,0.74214559,0.03548975,1.02797608
cifar10,proposed,4096,927,0.74011799,0.0013067,1.0051036
cifar10,proposed,4096,928,0.73133919,0.07232868,1.01104981
cifar10,proposed,4096,929,0.73136217,0.02955136,0.99194147
cifar10,proposed,4096,930,0.73318198,0.04833969,0.96665654
cifar10,proposed,4096,931,0.73685434,0.06439633,0.9749081
cifar10,proposed,4096,932,0.73964936,0.10435437,0.9843523
cifar10,proposed,4096,933,0.74279245,0.01264825,0.97330146
cifar10,proposed,4096,934,0.73728232,0.02486121,1.01744002
cifar10,proposed,4096,935,0.74157877,0.01391775,1.01734573
cifar10,proposed,4096,936,0.74314214,0.05108033,1.00475831
cifar10,proposed,4096,937,0.72939606,0.01705661,0.98031708
cifar10,proposed,4096,938,0.72624322,0.04177296,1.00392866
cifar10,proposed,4096,939,0.74373967,0.03305085,0.9866978
cifar10,proposed,4096,940,0.75123227,0.06861191,0.97926027
cifar10,proposed,4096,941,0.75039591,0.04592173,1.01277971
cifar10,proposed,4096,942,0.74302561,0.00673521,0.99145696
cifar10,proposed,4096,943,0.74262218,0.01587749,0.97611391
cifar10,proposed,4096,944,0.73553902,0.07854888,1.00804336
cifar10,proposed,4096,945,0.7310676,0.03691471,0.97794689
cifar10,proposed,4096,946,0.74102556,0.08894531,1.00692891
cifar10,proposed,4096,947,0.73192699,0.03969752,1.0113725
cifar10,proposed,4096,948,0.74966363,0.04242115,0.99380989
cifar10,proposed,4096,949,0.73115099,0.05165463,0.9839509
cifar10,proposed,4096,950,0.73352921,0.03658859,1.01825417
cifar10,proposed,4096,951,0.74490776,0.11665586,1.03401069
cifar10,proposed,4096,952,0.75795486,0.09477042,1.02375346
cifar10,proposed,4096,953,0.73877432,0.0747748,1.00796218
cifar10,proposed,4096,954,0.75090412,0.01797919,1.01308992
cifar10,proposed,4096,955,0.74397743,0.03311703,0.98648856
cifar10,proposed,4096,956,0.74510906,0.03968315,1.00792139
cifar10,proposed,4096,957,0.73892793,0.02040523,0.98956188
cifar10,proposed,4096,958,0.74303469,0.02259959,1.01277219
cifar10,proposed,4096,959,0.73609839,0.03868513,0.99732033
cifar10,proposed,4096,960,0.74008535,0.0893881,1.00896105
cifar10,proposed,4096,961,0.73386474,0.04531729,0.99728515
cifar10,proposed,4096,962,0.74557015,0.00398723,1.00713168
cifar10,proposed,4096,963,0.74031835,0.11166385,1.01232077
cifar10,proposed,4096,964,0.73873939,0.01164289,0.98451251
cifar10,proposed,4096,965,0.74324313,0.0276615,0.98068723
cifar10,proposed,4096,966,0.73834516,0.08633854,1.00363863
cifar10,proposed,4096,967,0.74012835,0.0867142,0.9907053
cifar10,proposed,4096,968,0.75299062,0.05739942,0.99159579
cifar10,proposed,4096,969,0.74245405,0.04446549,0.98882616
cifar10,proposed,4096,970,0.74361042,0.04783777,0.97782626
cifar10,proposed,4096,971,0.73120273,0.10834993,0.98528168
cifar10,proposed,4096,972,0.7583375,0.01491351,0.99422603
cifar10,proposed,4096,973,0.74132813,0.02290399,1.0233378
cifar10,proposed,4096,974,0.74713734,0.0559195,1.0095065
cifar10,proposed,4096,975,0.73601567,0.00194703,1.02071325
cifar10,proposed,4096,976,0.73834886,0.07823402,1.02070641
cifar10,proposed,4096,977,0.74681021,0.08103932,1.00630103
cifar10,proposed,4096,978,0.7393346,0.02005995,1.01565876
cifar10,proposed,4096,979,0.73654413,0.00566007,1.0153084
cifar10,proposed,4096,980,0.73866937,0.02896959,1.02144451
cifar10,proposed,4096,981,0.73802744,0.05320208,1.01454303
cifar10,proposed,4096,982,0.74592915,0.01784281,1.00889071
cifar10,proposed,4096,983,0.73952468,0.05118848,1.04082088
cifar10,proposed,4096,984,0.74678129,0.10742202,1.00368806
cifar10,proposed,4096,985,0.74561286,0.02323293,0.99053667
cifar10,proposed,4096,986,0.74241183,0.00790657,0.98033838
cifar10,proposed,4096,987,0.72837932,0.00582328,1.00829645
cifar10,proposed,4096,988,0.73202593,0.0255533,0.99916994
cifar10,proposed,4096,989,0.74181312,0.15176601,0.98559732
cifar10,proposed,4096,990,0.7420037,0.11551804,1.01144847
cifar10,proposed,4096,991,0.73966439,0.0370649,0.97624564
cifar10,proposed,4096,992,0.74904479,0.01164082,0.99288465
cifar10,proposed,4096,993,0.74295272,0.05670029,0.98297275
cifar10,proposed,4096,994,0.73674866,0.07490467,1.03434266
cifar10,proposed,4096,995,0.75626628,0.02454419,1.01988302
cifar10,proposed,4096,996,0.73871306,0.02258699,0.98712427
cifar10,proposed,4096,997,0.73765313,0.03004118,1.00525802
cifar10,proposed,4096,998,0.7392421,0.04433297,1.00041435
cifar10,proposed,4096,999,0.75188719,0.07256606,0.9909692
cifar10,proposed,8192,0,0.74356464,0.01677176,1.00205241
cifar10,proposed,8192,1,0.73841723,0.01502698,1.02224735
cifar10,proposed,8192,2,0.74220942,0.00481626,0.98832832
cifar10,proposed,8192,3,0.73786501,0.15074033,0.99540423
cifar10,proposed,8192,4,0.73990977,0.11522601,1.01996448
cifar10,proposed,8192,5,0.75391129,0.01126474,0.98973312
cifar10,proposed,8192,6,0.73915361,0.07004895,1.02681795
cifar10,proposed,8192,7,0.73658926,0.06706285,0.99930485
cifar10,proposed,8192,8,0.73005146,0.0725421,0.97236837
cifar10,proposed,8192,9,0.744423,0.01662535,1.0072539
cifar10,proposed,8192,10,0.73726378,0.00468707,0.98226636
cifar10,proposed,8192,11,0.74853765,0.03405765,1.0024963
cifar10,proposed,8192,12,0.75496935,0.05374045,0.99737382
cifar10,proposed,8192,13,0.73552631,0.01003461,1.00204047
cifar10,proposed,8192,14,0.73913546,0.0889453,0.98420202
cifar10,proposed,8192,15,0.73460685,0.05034813,1.01100859
cifar10,proposed,8192,16,0.75289242,0.05977639,1.00893658
cifar10,proposed,8192,17,0.7429713,0.01475775,1.00092918
cifar10,proposed,8192,18,0.74289476,0.14680843,0.99811343
cifar10,proposed,8192,19,0.73327981,0.00076738,1.02199612
cifar10,proposed,8192,20,0.73474176,0.04787053,1.00886842
cifar10,proposed,8192,21,0.74472112,0.03907014,0.97771138
cifar10,proposed,8192,22,0.75038382,0.06445256,0.99154228
cifar10,proposed,8192,23,0.74071437,0.11715315,1.00533581
cifar10,proposed,8192,24,0.73709319,0.01457832,0.97598341
cifar10,proposed,8192,25,0.73975718,0.08969013,1.00770187
cifar10,proposed,8192,26,0.7377337,0.0523114,1.00330623
cifar10,proposed,8192,27,0.75212277,0.0375877,1.00650483
cifar10,proposed,8192,28,0.74782345,0.01664618,0.99986773
cifar10,proposed,8192,29,0.74337166,0.03321517,0.99754846
cifar10,proposed,8192,30,0.7373713,0.00226827,1.02021593
cifar10,proposed,8192,31,0.74100256,0.02554759,1.00713818
cifar10,proposed,8192,32,0.7387176,0.0312282,1.00089676
cifar10,proposed,8192,33,0.74183307,0.03958993,1.00031098
cifar10,proposed,8192,34,0.74922136,0.00809793,0.98144359
cifar10,proposed,8192,35,0.74858331,0.09474672,1.02261798
cifar10,proposed,8192,36,0.74057438,0.06753229,0.99299498
cifar10,proposed,8192,37,0.74479347,0.05005216,0.99157287
cifar10,proposed,8192,38,0.73128764,0.05202509,1.00501963
cifar10,proposed,8192,39,0.74683546,0.02630545,0.99219776
cifar10,proposed,8192,40,0.73837948,0.02001428,0.98559326
cifar10,proposed,8192,41,0.75382857,0.05958912,1.0149282
cifar10,proposed,8192,42,0.74767522,0.01484376,1.01828062
cifar10,proposed,8192,43,0.74367381,0.03834763,0.98053019
cifar10,proposed,8192,44,0.74479573,0.02544055,1.00395594
cifar10,proposed,8192,45,0.74698891,0.01948189,0.99092438
cifar10,proposed,8192,46,0.73490516,0.05649293,0.99907352
cifar10,proposed,8192,47,0.74514796,0.02117413,0.96629966
cifar10,proposed,8192,48,0.7407136,0.00254692,0.98241481
cifar10,proposed,8192,49,0.73801718,0.03569515,0.99305596
cifar10,proposed,8192,50,0.74604225,0.02955461,0.9990317
cifar10,proposed,8192,51,0.74362307,0.02754998,1.00468709
cifar10,proposed,8192,52,0.73883116,0.0565652,1.00129567
cifar10,proposed,8192,53,0.75756906,0.03833193,1.01684843
cifar10,proposed,8192,54,0.7415124,0.03387846,1.00716117
cifar10,proposed,8192,55,0.74187166,0.02667253,0.99955664
cifar10,proposed,8192,56,0.73386033,0.00165853,0.99279802
cifar10,proposed,8192,57,0.7384584,0.04345458,1.01076817
cifar10,proposed,8192,58,0.74305149,0.02889059,0.97652654
cifar10,proposed,8192,59,0.73583332,0.08266445,1.00297266
cifar10,proposed,8192,60,0.74168935,0.01176925,1.01177309
cifar10,proposed,8192,61,0.74572377,0.08351888,1.02176034
cifar10,proposed,8192,62,0.74462289,0.08302793,1.00398506
cifar10,proposed,8192,63,0.73707164,0.14693666,1.01546646
cifar10,proposed,8192,64,0.73441145,0.02719562,1.01692966
cifar10,proposed,8192,65,0.75326592,0.01493517,0.97715339
cifar10,proposed,8192,66,0.74260492,0.02543111,1.00735706
cifar10,proposed,8192,67,0.72990787,0.02101643,1.00227804
cifar10,proposed,8192,68,0.74709147,0.00773489,0.99900252
cifar10,proposed,8192,69,0.74461009,0.05681629,0.98817462
cifar10,proposed,8192,70,0.7400847,0.14106787,1.004038
cifar10,proposed,8192,71,0.73072292,0.11357965,1.0070283
cifar10,proposed,8192,72,0.7423067,0.02929961,1.01033485
cifar10,proposed,8192,73,0.7404316,0.00281668,0.98626713
cifar10,proposed,8192,74,0.74919265,0.00259741,1.0183042
cifar10,proposed,8192,75,0.7479568,0.02626259,1.01230366
cifar10,proposed,8192,76,0.74162678,0.03122464,0.98349104
cifar10,proposed,8192,77,0.74843808,0.09743563,1.01194171
cifar10,proposed,8192,78,0.73903774,0.08935841,1.01165984
cifar10,proposed,8192,79,0.74464098,0.0099245,1.01543215
cifar10,proposed,8192,80,0.73610008,0.09196005,1.00779561
cifar10,proposed,8192,81,0.7353659,3.286e-05,0.99201227
cifar10,proposed,8192,82,0.74245839,0.06070372,1.01566501
cifar10,proposed,8192,83,0.74639118,0.01184574,1.00065573
cifar10,proposed,8192,84,0.74727411,0.00558857,0.98979725
cifar10,proposed,8192,85,0.74844588,0.02088476,0.98835975
cifar10,proposed,8192,86,0.73718453,0.06314675,0.99801559
cifar10,proposed,8192,87,0.74404037,0.03472202,0.9822154
cifar10,proposed,8192,88,0.74503397,0.02170523,1.00959288
cifar10,proposed,8192,89,0.75014384,0.07525255,1.01341784
cifar10,proposed,8192,90,0.74795777,0.04027399,1.00037681
cifar10,proposed,8192,91,0.74852135,0.0710545,1.00407713
cifar10,proposed,8192,92,0.74355579,0.02879023,0.99929166
cifar10,proposed,8192,93,0.73402598,0.00670056,1.00226599
cifar10,proposed,8192,94,0.74445071,0.06283872,1.00798197
cifar10,proposed,8192,95,0.74808147,0.04775164,1.01766859
cifar10,proposed,8192,96,0.73300275,0.02929052,1.0078399
cifar10,proposed,8192,97,0.74541777,0.00272979,1.00265186
cifar10,proposed,8192,98,0.75142545,0.01764847,0.96812815
cifar10,proposed,8192,99,0.74039038,0.00600929,0.98175033
cifar10,proposed,8192,100,0.73399133,0.00253996,1.0089439
cifar10,proposed,8192,101,0.73960597,0.00768283,0.99622209
cifar10,proposed,8192,102,0.73399318,0.05453949,0.98374329
cifar10,proposed,8192,103,0.74114861,0.08029118,0.96436414
cifar10,proposed,8192,104,0.74794154,0.02603917,0.99001146
cifar10,proposed,8192,105,0.74350056,0.00036646,0.99074136
cifar10,proposed,8192,106,0.73550323,0.03238673,0.99869331
cifar10,proposed,8192,107,0.7408892,0.01424604,0.98848049
cifar10,proposed,8192,108,0.7509899,0.00485701,0.97043252
cifar10,proposed,8192,109,0.74705996,0.0907983,0.98804605
cifar10,proposed,8192,110,0.73729988,0.10893117,1.01826512
cifar10,proposed,8192,111,0.73448958,0.03675551,0.9930683
cifar10,proposed,8192,112,0.75812853,0.07070068,0.98632041
cifar10,proposed,8192,113,0.73589677,0.04681936,0.98920753
cifar10,proposed,8192,114,0.74426062,0.00366207,1.00568858
cifar10,proposed,8192,115,0.74855576,0.07745697,1.01124905
cifar10,proposed,8192,116,0.7380637,0.05677932,1.00702711
cifar10,proposed,8192,117,0.73828025,0.04324184,0.99404715
cifar10,proposed,8192,118,0.73869019,0.00776183,0.99676242
cifar10,proposed,8192,119,0.7379009,0.04043124,0.96591556
cifar10,proposed,8192,120,0.73623346,0.02867974,0.9875698
cifar10,proposed,8192,121,0.74911453,0.11188715,1.00002308
cifar10,proposed,8192,122,0.7415759,0.07482365,1.01075039
cifar10,proposed,8192,123,0.74641566,0.00813595,1.00544654
cifar10,proposed,8192,124,0.73764147,0.12349184,1.0044778
cifar10,proposed,8192,125,0.73901373,0.01136372,1.00807174
cifar10,proposed,8192,126,0.72563099,0.03353735,0.99834904
cifar10,proposed,8192,127,0.738062,0.05146449,0.98700074
cifar10,proposed,8192,128,0.7414601,0.06511708,0.98378786
cifar10,proposed,8192,129,0.73424551,0.00179201,0.97370671
cifar10,proposed,8192,130,0.7570061,0.06354972,1.01481615
cifar10,proposed,8192,131,0.75087899,0.09820662,1.03011988
cifar10,proposed,8192,132,0.73790977,0.04164951,1.02066964
cifar10,proposed,8192,133,0.74863334,0.08081279,1.00862928
cifar10,proposed,8192,134,0.73996901,0.01441923,1.00600472
cifar10,proposed,8192,135,0.73584476,0.0291659,0.98664659
cifar10,proposed,8192,136,0.74994244,0.08163504,0.99286992
cifar10,proposed,8192,137,0.75008604,0.01936767,1.01123366
cifar10,proposed,8192,138,0.75001911,0.00704376,0.99985648
cifar10,proposed,8192,139,0.73444758,0.03788209,1.03235475
cifar10,proposed,8192,140,0.73602502,0.04916204,0.99569703
cifar10,proposed,8192,141,0.74462613,0.05391574,0.99740172
cifar10,proposed,8192,142,0.7350003,0.04577636,0.98995106
cifar10,proposed,8192,143,0.73539782,0.03035116,1.00051252
cifar10,proposed,8192,144,0.73968649,0.02754147,1.01978071
cifar10,proposed,8192,145,0.7482697,0.02743441,0.9989473
cifar10,proposed,8192,146,0.73894324,0.02832667,1.027239
cifar10,proposed,8192,147,0.75252551,0.00766098,0.98726572
cifar10,proposed,8192,148,0.75193158,0.09837624,0.98304739
cifar10,proposed,8192,149,0.73825251,0.05293672,0.98066075
cifar10,proposed,8192,150,0.74761123,0.02784355,0.99639477
cifar10,proposed,8192,151,0.75192034,0.01327843,0.99325782
cifar10,proposed,8192,152,0.7394809,0.05502633,1.0201159
cifar10,proposed,8192,153,0.73898915,0.03048742,0.97497308
cifar10,proposed,8192,154,0.73128771,0.0264939,0.98463426
cifar10,proposed,8192,155,0.74446965,0.10154667,1.00185288
cifar10,proposed,8192,156,0.73800869,0.01791303,1.00156381
cifar10,proposed,8192,157,0.7407737,0.01467863,1.001975
cifar10,proposed,8192,158,0.73039388,0.02632125,0.9911652
cifar10,proposed,8192,159,0.7447021,0.02075979,1.00801139
cifar10,proposed,8192,160,0.73509304,0.00714242,0.98680544
cifar10,proposed,8192,161,0.73970945,0.03322503,0.99655288
cifar10,proposed,8192,162,0.73352416,0.0386514,0.98668282
cifar10,proposed,8192,163,0.73760606,0.11401186,0.98680736
cifar10,proposed,8192,164,0.74582937,0.06887402,1.01957308
cifar10,proposed,8192,165,0.73734811,0.04065529,1.00851073
cifar10,proposed,8192,166,0.73625077,0.03192962,1.01901291
cifar10,proposed,8192,167,0.74484037,0.00069508,1.00825985
cifar10,proposed,8192,168,0.74296334,0.04834375,0.98162625
cifar10,proposed,8192,169,0.74523861,0.02758521,1.00421757
cifar10,proposed,8192,170,0.74051872,0.01146815,0.99193139
cifar10,proposed,8192,171,0.733992,0.03970845,0.98351317
cifar10,proposed,8192,172,0.74075833,0.04584998,1.0071907
cifar10,proposed,8192,173,0.74854243,0.03454965,0.9758336
cifar10,proposed,8192,174,0.74485826,0.01945196,1.00192225
cifar10,proposed,8192,175,0.74545396,0.02222807,0.99797241
cifar10,proposed,8192,176,0.73928407,0.01974067,0.9940464
cifar10,proposed,8192,177,0.74907195,0.02909769,1.00320099
cifar10,proposed,8192,178,0.74609332,0.11381123,1.01370545
cifar10,proposed,8192,179,0.75100685,0.03799352,0.99024204
cifar10,proposed,8192,180,0.74212052,0.07096615,0.9858239
cifar10,proposed,8192,181,0.74546625,0.0329768,1.0292791
cifar10,proposed,8192,182,0.72974029,0.02999629,1.01103579
cifar10,proposed,8192,183,0.73830732,0.10897113,1.00781103
cifar10,proposed,8192,184,0.73801922,0.02494694,1.02460147
cifar10,proposed,8192,185,0.74213207,0.04709147,1.01593667
cifar10,proposed,8192,186,0.72880353,0.08345135,0.99645571
cifar10,proposed,8192,187,0.73516364,0.02114631,1.00609073
cifar10,proposed,8192,188,0.74181905,0.08073815,1.00103244
cifar10,proposed,8192,189,0.73313829,0.05433443,0.9869129
cifar10,proposed,8192,190,0.74498113,0.01031681,0.99656486
cifar10,proposed,8192,191,0.74408337,0.05383135,0.99827212
cifar10,proposed,8192,192,0.7489546,0.01907559,1.00685069
cifar10,proposed,8192,193,0.74350833,0.03181724,0.99458745
cifar10,proposed,8192,194,0.73507753,0.0227426,0.97876247
cifar10,proposed,8192,195,0.74443479,0.04970036,0.96272717
cifar10,proposed,8192,196,0.74249285,0.048632,1.00197835
cifar10,proposed,8192,197,0.739114,0.04135612,1.00227883
cifar10,proposed,8192,198,0.73869845,0.04420898,1.01314391
cifar10,proposed,8192,199,0.74592729,0.05573313,1.0026744
cifar10,proposed,8192,200,0.73554405,0.0401452,0.98067512
cifar10,proposed,8192,201,0.74310516,0.08411946,1.00287637
cifar10,proposed,8192,202,0.74129555,0.00907956,1.01524529
cifar10,proposed,8192,203,0.7435152,0.02710475,1.00172002
cifar10,proposed,8192,204,0.74811863,0.02964766,0.99642518
cifar10,proposed,8192,205,0.74863398,0.02618807,1.03075666
cifar10,proposed,8192,206,0.74270877,0.0200654,1.01694124
cifar10,proposed,8192,207,0.74527282,0.00715235,1.01193733
cifar10,proposed,8192,208,0.73619429,0.01261152,0.9860031
cifar10,proposed,8192,209,0.74000875,0.0462582,1.01479633
cifar10,proposed,8192,210,0.74611217,0.03122583,0.98388597
cifar10,proposed,8192,211,0.74497758,0.15322119,1.00062052
cifar10,proposed,8192,212,0.75539248,0.0312274,1.02365321
cifar10,proposed,8192,213,0.74333723,0.17948939,1.01625151
cifar10,proposed,8192,214,0.7439859,0.00329386,1.00983574
cifar10,proposed,8192,215,0.72867435,0.00680502,0.99541216
cifar10,proposed,8192,216,0.75176557,0.03451197,0.98124826
cifar10,proposed,8192,217,0.73971662,0.05907309,0.98059155
cifar10,proposed,8192,218,0.74856869,0.01056069,0.99895126
cifar10,proposed,8192,219,0.74106464,0.04331672,0.99701689
cifar10,proposed,8192,220,0.74551647,0.00434175,1.00756367
cifar10,proposed,8192,221,0.73558809,0.02030081,1.00262421
cifar10,proposed,8192,222,0.74161251,0.0528736,0.99891129
cifar10,proposed,8192,223,0.73659837,0.02003586,0.99053407
cifar10,proposed,8192,224,0.74850979,0.08110932,0.96695469
cifar10,proposed,8192,225,0.74366231,0.03290236,0.98167805
cifar10,proposed,8192,226,0.73427218,0.04001978,1.01869778
cifar10,proposed,8192,227,0.7436704,0.01320141,1.02280119
cifar10,proposed,8192,228,0.74497245,0.04716406,1.02060426
cifar10,proposed,8192,229,0.73939473,0.02500345,0.98616478
cifar10,proposed,8192,230,0.74129424,0.03296319,1.00423178
cifar10,proposed,8192,231,0.73876119,0.04881463,1.01358656
cifar10,proposed,8192,232,0.7352125,0.00041251,1.02016621
cifar10,proposed,8192,233,0.74302185,0.09102687,0.99391904
cifar10,proposed,8192,234,0.73749564,0.03644842,0.97725702
cifar10,proposed,8192,235,0.75548559,0.00759477,0.99734681
cifar10,proposed,8192,236,0.73288274,0.0422572,0.97832402
cifar10,proposed,8192,237,0.73472482,0.04357741,1.00128869
cifar10,proposed,8192,238,0.74807084,0.12872424,0.98672478
cifar10,proposed,8192,239,0.74590215,0.0283464,0.98556545
cifar10,proposed,8192,240,0.7488064,0.03172304,0.97511415
cifar10,proposed,8192,241,0.74181444,0.0448782,0.99689154
cifar10,proposed,8192,242,0.72945124,0.03096532,0.98346322
cifar10,proposed,8192,243,0.7412889,0.03018372,1.00803802
cifar10,proposed,8192,244,0.74041075,0.04174833,1.00850062
cifar10,proposed,8192,245,0.72236511,0.07642363,0.98056775
cifar10,proposed,8192,246,0.74077601,0.00587766,1.00327066
cifar10,proposed,8192,247,0.73822667,0.11065541,0.99321768
cifar10,proposed,8192,248,0.73148345,0.00425549,0.98779649
cifar10,proposed,8192,249,0.75152561,0.01886955,0.99663084
cifar10,proposed,8192,250,0.73788998,0.0907427,1.01045608
cifar10,proposed,8192,251,0.73883353,0.07265189,0.98172919
cifar10,proposed,8192,252,0.74238764,0.10015843,1.00553019
cifar10,proposed,8192,253,0.75089576,0.09588972,1.00100011
cifar10,proposed,8192,254,0.74211824,0.01012279,1.02432968
cifar10,proposed,8192,255,0.740419,0.01194077,1.01919334
cifar10,proposed,8192,256,0.7454077,0.04013514,1.01182253
cifar10,proposed,8192,257,0.73651511,0.00632907,1.01880509
cifar10,proposed,8192,258,0.73171914,0.07857509,1.00939301
cifar10,proposed,8192,259,0.7496075,0.05669499,0.99292479
cifar10,proposed,8192,260,0.74277614,0.01287839,1.03253329
cifar10,proposed,8192,261,0.74318092,0.01541357,1.00180259
cifar10,proposed,8192,262,0.7251758,0.00926847,0.99701507
cifar10,proposed,8192,263,0.74353376,0.07153191,0.98690095
cifar10,proposed,8192,264,0.74778975,0.01803432,1.02476257
cifar10,proposed,8192,265,0.74920072,0.05339138,1.00869795
cifar10,proposed,8192,266,0.73862686,0.07143363,0.99279508
cifar10,proposed,8192,267,0.74014503,0.04802841,1.01521868
cifar10,proposed,8192,268,0.74169325,0.11022686,1.00685937
cifar10,proposed,8192,269,0.74765217,0.16752667,1.00163071
cifar10,proposed,8192,270,0.75164758,0.06907193,1.02238806
cifar10,proposed,8192,271,0.737542,0.03974399,0.98577636
cifar10,proposed,8192,272,0.74104337,0.00426804,1.00039433
cifar10,proposed,8192,273,0.73052361,0.08509914,1.016335
cifar10,proposed,8192,274,0.74683958,0.12318408,1.01463172
cifar10,proposed,8192,275,0.75172953,0.02234147,1.00827526
cifar10,proposed,8192,276,0.72948885,0.05735079,1.00116703
cifar10,proposed,8192,277,0.73056952,0.04755417,1.01107902
cifar10,proposed,8192,278,0.741333,0.07172497,0.99483972
cifar10,proposed,8192,279,0.73792999,0.04163813,0.99877568
cifar10,proposed,8192,280,0.7396657,0.0530733,0.99464769
cifar10,proposed,8192,281,0.74967563,0.06571081,0.98065998
cifar10,proposed,8192,282,0.75032231,0.04628413,1.00989567
cifar10,proposed,8192,283,0.74407259,0.00077454,1.02241804
cifar10,proposed,8192,284,0.73813993,0.02522546,1.00744258
cifar10,proposed,8192,285,0.74821466,0.07046667,0.97658009
cifar10,proposed,8192,286,0.73909267,0.04492689,1.0012144
cifar10,proposed,8192,287,0.73317458,0.03618509,1.00383252
cifar10,proposed,8192,288,0.74513069,0.04373875,1.00200168
cifar10,proposed,8192,289,0.74481353,0.04952167,0.97792666
cifar10,proposed,8192,290,0.7386405,0.04645801,0.98286225
cifar10,proposed,8192,291,0.74758613,0.03369341,1.01438358
cifar10,proposed,8192,292,0.7416306,0.02193099,0.99124074
cifar10,proposed,8192,293,0.73777859,0.02381598,1.00735012
cifar10,proposed,8192,294,0.74838554,0.16151785,0.99249033
cifar10,proposed,8192,295,0.74823185,0.00445877,1.00786274
cifar10,proposed,8192,296,0.75074831,0.04919704,0.98240347
cifar10,proposed,8192,297,0.74333541,0.02548508,0.99780839
cifar10,proposed,8192,298,0.74610794,0.03761783,1.02101285
cifar10,proposed,8192,299,0.7332571,0.01908499,0.99688293
cifar10,proposed,8192,300,0.74413236,0.04887853,1.01515424
cifar10,proposed,8192,301,0.74312345,0.05275776,1.01746603
cifar10,proposed,8192,302,0.7395824,0.04189454,1.00027903
cifar10,proposed,8192,303,0.7398679,0.07021202,0.99617977
cifar10,proposed,8192,304,0.74234305,0.08359091,0.99994213
cifar10,proposed,8192,305,0.73575658,0.0171828,1.00260967
cifar10,proposed,8192,306,0.74121132,0.05377198,0.98114317
cifar10,proposed,8192,307,0.74727675,0.06514979,0.99223807
cifar10,proposed,8192,308,0.73624969,0.11307862,0.99199569
cifar10,proposed,8192,309,0.75733885,0.07639949,0.98245898
cifar10,proposed,8192,310,0.7494303,0.01427806,1.02495691
cifar10,proposed,8192,311,0.74121258,0.00999801,1.01328643
cifar10,proposed,8192,312,0.73774622,0.04218842,1.01184695
cifar10,proposed,8192,313,0.7399773,0.06682731,0.98460637
cifar10,proposed,8192,314,0.74480479,0.05130885,1.02478965
cifar10,proposed,8192,315,0.73297102,0.0002544,0.98028191
cifar10,proposed,8192,316,0.73803031,0.03254741,0.98106756
cifar10,proposed,8192,317,0.73549957,0.04387864,0.99813129
cifar10,proposed,8192,318,0.74152169,0.08420461,0.9844906
cifar10,proposed,8192,319,0.74512214,0.05317353,0.99415363
cifar10,proposed,8192,320,0.74700054,0.04723884,0.99666251
cifar10,proposed,8192,321,0.73016024,0.03946411,0.98810135
cifar10,proposed,8192,322,0.74466125,0.11506635,1.01879179
cifar10,proposed,8192,323,0.74772713,0.0049842,1.00332337
cifar10,proposed,8192,324,0.73294906,0.00341441,0.99092847
cifar10,proposed,8192,325,0.74967215,0.06372159,0.98512539
cifar10,proposed,8192,326,0.73537891,0.05270697,1.01089055
cifar10,proposed,8192,327,0.75028833,0.05907421,0.98796698
cifar10,proposed,8192,328,0.73887712,0.05438147,1.00996946
cifar10,proposed,8192,329,0.7321542,0.00409288,1.01114231
cifar10,proposed,8192,330,0.73933416,0.04613428,0.99869825
cifar10,proposed,8192,331,0.7296401,0.00556297,1.00415745
cifar10,proposed,8192,332,0.74478546,0.00873286,1.00371603
cifar10,proposed,8192,333,0.74443971,0.02361345,1.01415219
cifar10,proposed,8192,334,0.73854787,0.01648333,0.99504971
cifar10,proposed,8192,335,0.73673318,0.06591705,1.00669781
cifar10,proposed,8192,336,0.75155943,0.05828063,1.01490288
cifar10,proposed,8192,337,0.74255029,0.06935608,0.99468795
cifar10,proposed,8192,338,0.74136192,0.02105929,0.995414
cifar10,proposed,8192,339,0.73339266,0.04553609,1.0010209
cifar10,proposed,8192,340,0.74214943,0.03971947,1.00284878
cifar10,proposed,8192,341,0.73747757,0.01154404,1.02405159
cifar10,proposed,8192,342,0.74315254,0.05701761,0.99105127
cifar10,proposed,8192,343,0.74502617,0.04662249,0.98472263
cifar10,proposed,8192,344,0.75642258,0.00373647,1.00742972
cifar10,proposed,8192,345,0.75019395,0.01342419,1.01284187
cifar10,proposed,8192,346,0.72745789,0.01213216,1.01430816
cifar10,proposed,8192,347,0.74263068,0.0628759,1.00660032
cifar10,proposed,8192,348,0.7453033,0.04391206,1.00302992
cifar10,proposed,8192,349,0.74445366,0.05415503,1.00696267
cifar10,proposed,8192,350,0.74382165,0.02862225,1.01656134
cifar10,proposed,8192,351,0.74995311,0.08360394,1.01742528
cifar10,proposed,8192,352,0.74301759,0.04364929,0.99537449
cifar10,proposed,8192,353,0.73778787,0.04040747,1.03142994
cifar10,proposed,8192,354,0.74313106,0.08485803,1.00084647
cifar10,proposed,8192,355,0.74274532,0.02055455,1.00628694
cifar10,proposed,8192,356,0.75087503,0.03552884,0.99928765
cifar10,proposed,8192,357,0.73459473,0.03660936,1.0067639
cifar10,proposed,8192,358,0.7441116,0.04542513,1.01325118
cifar10,proposed,8192,359,0.74744883,0.0077212,0.97731854
cifar10,proposed,8192,360,0.74080095,0.05676734,0.98627587
cifar10,proposed,8192,361,0.7443023,0.01310341,0.97845106
cifar10,proposed,8192,362,0.7435604,0.05813785,1.02162807
cifar10,proposed,8192,363,0.73005422,0.06181057,1.01719066
cifar10,proposed,8192,364,0.74037601,0.04933481,1.00115493
cifar10,proposed,8192,365,0.74641419,0.00178343,1.00983007
cifar10,proposed,8192,366,0.74294716,0.05004698,1.02430268
cifar10,proposed,8192,367,0.74508515,0.10640998,1.01613389
cifar10,proposed,8192,368,0.73404355,0.02242148,0.97562343
cifar10,proposed,8192,369,0.74454821,0.07821432,0.99164071
cifar10,proposed,8192,370,0.74396975,0.02353463,0.98302759
cifar10,proposed,8192,371,0.73607649,0.00555608,0.99330767
cifar10,proposed,8192,372,0.74098975,0.1050639,1.00788464
cifar10,proposed,8192,373,0.74469633,0.06194988,0.99873832
cifar10,proposed,8192,374,0.73646551,0.06569841,1.02196907
cifar10,proposed,8192,375,0.75085237,0.05098797,1.00771931
cifar10,proposed,8192,376,0.74132052,0.07074359,1.01293372
cifar10,proposed,8192,377,0.73833767,0.01251372,0.97539156
cifar10,proposed,8192,378,0.74017213,0.04566242,1.00659979
cifar10,proposed,8192,379,0.7288106,0.06154139,1.01888739
cifar10,proposed,8192,380,0.74255456,0.02056929,0.97597582
cifar10,proposed,8192,381,0.74526367,0.02738302,1.01703193
cifar10,proposed,8192,382,0.7384633,0.0657335,0.99844819
cifar10,proposed,8192,383,0.73892405,0.01347337,0.97399022
cifar10,proposed,8192,384,0.74295133,0.05439261,0.99069162
cifar10,proposed,8192,385,0.74231218,0.02157442,0.99247923
cifar10,proposed,8192,386,0.73211818,0.04499135,1.00255288
cifar10,proposed,8192,387,0.73963689,0.07317089,1.02346346
cifar10,proposed,8192,388,0.73989807,0.06084039,0.99302183
cifar10,proposed,8192,389,0.7360509,0.01323104,1.00560201
cifar10,proposed,8192,390,0.74639482,0.01991207,1.00542523
cifar10,proposed,8192,391,0.75315373,0.0552593,1.01170269
cifar10,proposed,8192,392,0.74439874,0.00294717,1.01130338
cifar10,proposed,8192,393,0.73967853,0.04464794,1.0004611
cifar10,proposed,8192,394,0.7473638,0.0135862,1.00951447
cifar10,proposed,8192,395,0.74387086,0.00681443,1.00055737
cifar10,proposed,8192,396,0.74250746,0.03951241,0.9904899
cifar10,proposed,8192,397,0.74170922,0.00073926,1.00702993
cifar10,proposed,8192,398,0.74180111,0.01799087,0.995132
cifar10,proposed,8192,399,0.73185438,0.03453228,1.00490136
cifar10,proposed,8192,400,0.74202015,0.06246537,1.02067816
cifar10,proposed,8192,401,0.73938419,0.00358666,0.99881513
cifar10,proposed,8192,402,0.73394428,0.00790328,1.00102945
cifar10,proposed,8192,403,0.75559822,0.03312379,1.02232262
cifar10,proposed,8192,404,0.74758009,0.04977741,0.98359955
cifar10,proposed,8192,405,0.74645658,0.02690015,1.00938161
cifar10,proposed,8192,406,0.7450603,0.03810604,1.02002246
cifar10,proposed,8192,407,0.74024179,0.05344006,1.03717672
cifar10,proposed,8192,408,0.73835569,0.02646609,0.98835727
cifar10,proposed,8192,409,0.74183457,0.00983976,0.97132332
cifar10,proposed,8192,410,0.74857383,0.0147794,1.00633779
cifar10,proposed,8192,411,0.75490582,0.03205779,1.00766577
cifar10,proposed,8192,412,0.74518607,0.02492048,1.02577386
cifar10,proposed,8192,413,0.74732486,0.0558015,0.96924804
cifar10,proposed,8192,414,0.73508152,0.02878294,1.00437868
cifar10,proposed,8192,415,0.7373882,0.04283343,1.00580012
cifar10,proposed,8192,416,0.7522224,0.02781096,0.99759424
cifar10,proposed,8192,417,0.74444314,0.07703388,0.99248119
cifar10,proposed,8192,418,0.74163613,0.03105556,1.01260932
cifar10,proposed,8192,419,0.73588279,0.01439998,1.02386804
cifar10,proposed,8192,420,0.73494734,0.08930827,0.98648141
cifar10,proposed,8192,421,0.74551333,0.0610712,0.99233569
cifar10,proposed,8192,422,0.7440335,0.01112213,1.00588947
cifar10,proposed,8192,423,0.74461578,0.01211324,0.98490356
cifar10,proposed,8192,424,0.74875726,0.00896342,0.98056623
cifar10,proposed,8192,425,0.75559486,0.01331893,0.99725295
cifar10,proposed,8192,426,0.74131303,0.11177768,1.01084466
cifar10,proposed,8192,427,0.7480712,0.03293522,0.97445758
cifar10,proposed,8192,428,0.74947471,0.02181642,0.99961509
cifar10,proposed,8192,429,0.75231907,0.01753686,0.9984022
cifar10,proposed,8192,430,0.74154969,0.0065359,0.99971669
cifar10,proposed,8192,431,0.73930687,0.0468608,1.00987552
cifar10,proposed,8192,432,0.73142306,0.01820025,0.9900484
cifar10,proposed,8192,433,0.73190781,0.04681907,1.00485031
cifar10,proposed,8192,434,0.73953551,0.01816367,1.00000551
cifar10,proposed,8192,435,0.74324277,0.05133937,1.002719
cifar10,proposed,8192,436,0.74079816,0.07260451,0.97990546
cifar10,proposed,8192,437,0.74892067,0.01885798,1.01773999
cifar10,proposed,8192,438,0.74536204,0.04891182,0.99604494
cifar10,proposed,8192,439,0.74287899,0.03511771,0.99941876
cifar10,proposed,8192,440,0.74665786,0.07695631,1.02786676
cifar10,proposed,8192,441,0.73948752,0.03031334,0.99328284
cifar10,proposed,8192,442,0.74036784,0.04061468,0.98886064
cifar10,proposed,8192,443,0.74059509,0.04154531,1.01254261
cifar10,proposed,8192,444,0.73732689,0.05193418,1.00027189
cifar10,proposed,8192,445,0.74177166,0.0447737,1.00163642
cifar10,proposed,8192,446,0.73876417,0.11663574,0.99944252
cifar10,proposed,8192,447,0.74260442,0.04810976,0.99224055
cifar10,proposed,8192,448,0.72853941,0.00712464,0.99501825
cifar10,proposed,8192,449,0.74457456,0.01352038,1.00592751
cifar10,proposed,8192,450,0.74297697,0.02569372,0.99674573
cifar10,proposed,8192,451,0.73701459,0.03739301,0.99194812
cifar10,proposed,8192,452,0.7525101,0.0076839,1.01066611
cifar10,proposed,8192,453,0.74509203,0.04250829,1.04060549
cifar10,proposed,8192,454,0.739,0.00972532,0.96202987
cifar10,proposed,8192,455,0.75882074,0.09022471,0.98088507
cifar10,proposed,8192,456,0.74210114,0.04011519,0.99716949
cifar10,proposed,8192,457,0.74140852,0.06585999,0.97724802
cifar10,proposed,8192,458,0.74904554,0.01355788,1.00611802
cifar10,proposed,8192,459,0.7395865,0.0698553,1.00862521
cifar10,proposed,8192,460,0.73846972,0.03479904,1.01243227
cifar10,proposed,8192,461,0.75320106,0.07643674,0.97941051
cifar10,proposed,8192,462,0.7459225,0.07611899,1.01026132
cifar10,proposed,8192,463,0.74063749,0.00113986,1.00473024
cifar10,proposed,8192,464,0.74585834,0.04093271,1.03946812
cifar10,proposed,8192,465,0.74378222,0.01791265,0.99824536
cifar10,proposed,8192,466,0.73671978,0.00139721,0.99198501
cifar10,proposed,8192,467,0.73792646,0.12201566,1.01482638
cifar10,proposed,8192,468,0.74438307,0.0133964,1.00742925
cifar10,proposed,8192,469,0.74634301,0.02179547,0.9987016
cifar10,proposed,8192,470,0.74218246,0.00355821,0.99012084
cifar10,proposed,8192,471,0.74653525,0.0313026,1.01753996
cifar10,proposed,8192,472,0.75312559,0.06682673,1.00975503
cifar10,proposed,8192,473,0.74161182,0.03138587,0.99225025
cifar10,proposed,8192,474,0.73329128,0.05504109,0.98312179
cifar10,proposed,8192,475,0.74457532,0.01520331,1.00363294
cifar10,proposed,8192,476,0.75351783,0.06719469,0.99770582
cifar10,proposed,8192,477,0.74155401,0.01484649,0.99950343
cifar10,proposed,8192,478,0.73690043,0.0595928,1.01208089
cifar10,proposed,8192,479,0.74126076,0.00918702,1.01028628
cifar10,proposed,8192,480,0.74909665,0.10613429,1.02531127
cifar10,proposed,8192,481,0.74420197,0.03416014,0.99553927
cifar10,proposed,8192,482,0.74242465,0.00110483,0.99319809
cifar10,proposed,8192,483,0.74270698,0.02439085,0.99630798
cifar10,proposed,8192,484,0.73230414,0.05953995,0.98807458
cifar10,proposed,8192,485,0.73839766,0.07131274,0.98650329
cifar10,proposed,8192,486,0.75683124,0.08467543,0.99757127
cifar10,proposed,8192,487,0.73919053,0.03303136,1.03169051
cifar10,proposed,8192,488,0.74546206,0.06162145,1.01425343
cifar10,proposed,8192,489,0.73539408,0.10855662,0.97843694
cifar10,proposed,8192,490,0.7384722,0.00370214,0.98406578
cifar10,proposed,8192,491,0.75406089,0.02830663,1.02281764
cifar10,proposed,8192,492,0.75131089,0.01762411,0.99615199
cifar10,proposed,8192,493,0.73603755,0.04930295,1.01354204
cifar10,proposed,8192,494,0.74020459,0.05311616,1.00719049
cifar10,proposed,8192,495,0.74695883,0.0015837,1.03841574
cifar10,proposed,8192,496,0.7450107,0.06770623,0.98169414
cifar10,proposed,8192,497,0.7475141,0.0665268,0.9910665
cifar10,proposed,8192,498,0.74232116,0.0235567,0.98839893
cifar10,proposed,8192,499,0.74607087,0.05808366,0.99533849
cifar10,proposed,8192,500,0.75408378,0.04067531,1.00214286
cifar10,proposed,8192,501,0.73339194,0.03848325,1.00035841
cifar10,proposed,8192,502,0.7441042,0.00278619,1.00234633
cifar10,proposed,8192,503,0.7530904,0.012148,1.00413658
cifar10,proposed,8192,504,0.75386077,0.09736673,1.00740498
cifar10,proposed,8192,505,0.73710146,0.00752616,1.02193766
cifar10,proposed,8192,506,0.73432366,0.01484724,1.01019664
cifar10,proposed,8192,507,0.7298997,0.04712242,1.01644459
cifar10,proposed,8192,508,0.74810632,0.08623735,1.00351315
cifar10,proposed,8192,509,0.74611964,0.07783796,1.00110298
cifar10,proposed,8192,510,0.74132236,0.15401979,0.99879429
cifar10,proposed,8192,511,0.73753093,0.00623891,1.02718313
cifar10,proposed,8192,512,0.74702047,0.04820486,0.98159053
cifar10,proposed,8192,513,0.75522702,0.06620099,0.98452998
cifar10,proposed,8192,514,0.74659475,0.00784087,1.01286722
cifar10,proposed,8192,515,0.74472225,0.07695201,0.98408865
cifar10,proposed,8192,516,0.74192913,0.0267229,1.01174527
cifar10,proposed,8192,517,0.7502187,0.00494941,0.98080036
cifar10,proposed,8192,518,0.74938186,0.09037929,0.99142673
cifar10,proposed,8192,519,0.74019421,0.02986155,0.98354048
cifar10,proposed,8192,520,0.73787415,0.06804815,1.00425345
cifar10,proposed,8192,521,0.73442006,0.04497463,1.01062746
cifar10,proposed,8192,522,0.7398446,0.00031964,0.99746475
cifar10,proposed,8192,523,0.75018055,0.00853909,1.02030042
cifar10,proposed,8192,524,0.74414757,0.0767209,1.00521778
cifar10,proposed,8192,525,0.73843309,0.03915758,1.00562493
cifar10,proposed,8192,526,0.74740779,0.01471727,0.98525449
cifar10,proposed,8192,527,0.74229826,0.02868856,0.99498869
cifar10,proposed,8192,528,0.73304808,0.033294,0.98999399
cifar10,proposed,8192,529,0.73705899,0.00153858,1.0097329
cifar10,proposed,8192,530,0.74039807,0.01488574,0.98993402
cifar10,proposed,8192,531,0.74500312,0.00703058,0.9964165
cifar10,proposed,8192,532,0.74196313,0.08178665,0.98931427
cifar10,proposed,8192,533,0.73605913,0.12179946,0.98534391
cifar10,proposed,8192,534,0.74459871,0.01710048,0.98895932
cifar10,proposed,8192,535,0.74436769,0.05101714,0.9977577
cifar10,proposed,8192,536,0.75131234,0.01426847,1.02221855
cifar10,proposed,8192,537,0.7382267,0.06001531,1.03198465
cifar10,proposed,8192,538,0.74395712,0.02181019,0.99948709
cifar10,proposed,8192,539,0.73924022,0.05206477,1.01417523
cifar10,proposed,8192,540,0.74076479,0.07597209,0.99984616
cifar10,proposed,8192,541,0.74436462,0.05469594,0.99955799
cifar10,proposed,8192,542,0.73267219,0.05573473,1.00720187
cifar10,proposed,8192,543,0.74154114,0.0213781,0.98434994
cifar10,proposed,8192,544,0.74135048,0.03127085,1.02178189
cifar10,proposed,8192,545,0.72333,0.00396767,1.00109979
cifar10,proposed,8192,546,0.74354618,0.04253271,0.98644228
cifar10,proposed,8192,547,0.74229448,0.02820176,0.99066509
cifar10,proposed,8192,548,0.72786288,0.06419517,0.9908015
cifar10,proposed,8192,549,0.73611962,0.00382279,0.99866721
cifar10,proposed,8192,550,0.73670521,0.01122379,1.00618527
cifar10,proposed,8192,551,0.74985198,0.04179489,0.97678156
cifar10,proposed,8192,552,0.7367618,0.06443778,0.99268955
cifar10,proposed,8192,553,0.73813177,0.03881414,1.01044279
cifar10,proposed,8192,554,0.7421978,0.01123651,1.00647286
cifar10,proposed,8192,555,0.73665609,0.06112249,0.98851181
cifar10,proposed,8192,556,0.74150857,0.06035996,1.02081901
cifar10,proposed,8192,557,0.73607251,0.0134531,1.01518384
cifar10,proposed,8192,558,0.73478063,0.03560619,1.00850303
cifar10,proposed,8192,559,0.7415069,0.02396836,0.98612042
cifar10,proposed,8192,560,0.73844904,0.02256909,0.99694223
cifar10,proposed,8192,561,0.7428597,0.06440456,1.03095442
cifar10,proposed,8192,562,0.73881386,0.08052203,1.03079836
cifar10,proposed,8192,563,0.73865199,0.06637438,0.99821072
cifar10,proposed,8192,564,0.7491083,0.04009137,1.0229616
cifar10,proposed,8192,565,0.73697068,0.03013415,1.01903016
cifar10,proposed,8192,566,0.73984629,0.03604847,1.01214663
cifar10,proposed,8192,567,0.74681304,0.0290383,0.97514869
cifar10,proposed,8192,568,0.74556307,0.08528425,1.00606791
cifar10,proposed,8192,569,0.73863333,0.11586977,1.00481026
cifar10,proposed,8192,570,0.75317465,0.03424204,0.98795694
cifar10,proposed,8192,571,0.73538534,0.02751056,1.01412956
cifar10,proposed,8192,572,0.73702376,0.101084,0.97232694
cifar10,proposed,8192,573,0.74162419,0.04111014,0.99282261
cifar10,proposed,8192,574,0.74829022,0.01345198,1.03548745
cifar10,proposed,8192,575,0.73702172,0.04974416,1.00487744
cifar10,proposed,8192,576,0.73503847,0.18885456,0.98457552
cifar10,proposed,8192,577,0.7495047,0.06616254,0.99298718
cifar10,proposed,8192,578,0.73789532,0.0191816,1.00147532
cifar10,proposed,8192,579,0.7462739,0.00353462,0.97507484
cifar10,proposed,8192,580,0.72963295,0.08112619,1.01651624
cifar10,proposed,8192,581,0.73433736,0.09448446,1.01617374
cifar10,proposed,8192,582,0.74464911,0.02728212,1.00596031
cifar10,proposed,8192,583,0.74236411,0.09642355,1.00320941
cifar10,proposed,8192,584,0.75315418,0.01420014,1.01361658
cifar10,proposed,8192,585,0.74394525,0.04476997,0.98134349
cifar10,proposed,8192,586,0.74280895,0.03928098,0.99764127
cifar10,proposed,8192,587,0.74446613,0.09163126,0.99975852
cifar10,proposed,8192,588,0.73878659,0.03730762,1.00063631
cifar10,proposed,8192,589,0.74303619,0.02517667,1.00318089
cifar10,proposed,8192,590,0.74873787,0.04219404,1.00182895
cifar10,proposed,8192,591,0.74565276,0.00486965,0.99316882
cifar10,proposed,8192,592,0.74469894,0.02729357,0.99566303
cifar10,proposed,8192,593,0.75265181,0.0400187,0.98999792
cifar10,proposed,8192,594,0.74661025,0.0325333,0.97406646
cifar10,proposed,8192,595,0.74097054,0.0714549,0.9972414
cifar10,proposed,8192,596,0.7380557,0.05627529,0.99621878
cifar10,proposed,8192,597,0.74071614,0.04717874,1.00591114
cifar10,proposed,8192,598,0.73797536,0.02538456,1.01064836
cifar10,proposed,8192,599,0.742545,0.00949729,1.00086771
cifar10,proposed,8192,600,0.72911432,0.01186163,0.99660909
cifar10,proposed,8192,601,0.75105455,0.01748196,0.99205957
cifar10,proposed,8192,602,0.74848798,0.03979094,0.9967569
cifar10,proposed,8192,603,0.73087122,0.01267872,0.9921353
cifar10,proposed,8192,604,0.74594973,0.03537423,1.00472069
cifar10,proposed,8192,605,0.74641577,0.00355272,0.98865668
cifar10,proposed,8192,606,0.74033125,0.08783902,1.00639288
cifar10,proposed,8192,607,0.75256412,0.01046467,0.99506025
cifar10,proposed,8192,608,0.75220034,0.09105387,0.99772259
cifar10,proposed,8192,609,0.73438252,0.06674088,1.03886176
cifar10,proposed,8192,610,0.74835658,0.04457067,0.99331815
cifar10,proposed,8192,611,0.74116541,0.01236921,1.00111658
cifar10,proposed,8192,612,0.73800502,0.02331561,0.99515224
cifar10,proposed,8192,613,0.74891559,0.08385074,0.98161443
cifar10,proposed,8192,614,0.7383632,0.00113047,0.99958657
cifar10,proposed,8192,615,0.74602938,0.01208661,0.98263428
cifar10,proposed,8192,616,0.74051875,0.08107727,1.0069089
cifar10,proposed,8192,617,0.74311283,0.02218929,0.98905216
cifar10,proposed,8192,618,0.75293379,0.00134995,0.99616767
cifar10,proposed,8192,619,0.74372579,0.01275585,1.01614724
cifar10,proposed,8192,620,0.74352575,0.06978889,1.01282366
cifar10,proposed,8192,621,0.74356609,0.08575942,1.00183044
cifar10,proposed,8192,622,0.72621328,0.05381119,1.00073658
cifar10,proposed,8192,623,0.74549497,0.04791729,0.96189019
cifar10,proposed,8192,624,0.75042983,0.07913159,1.01601976
cifar10,proposed,8192,625,0.74619547,0.0254885,0.98549582
cifar10,proposed,8192,626,0.74620745,0.04117117,1.00725623
cifar10,proposed,8192,627,0.74913751,0.0093752,0.98411349
cifar10,proposed,8192,628,0.74623653,0.00948098,1.01931724
cifar10,proposed,8192,629,0.75506275,0.10037558,1.00757297
cifar10,proposed,8192,630,0.73341179,0.13150804,1.02134124
cifar10,proposed,8192,631,0.75566046,0.00940538,0.99660286
cifar10,proposed,8192,632,0.75119333,0.00777111,1.00803072
cifar10,proposed,8192,633,0.7432843,0.01371871,1.02160182
cifar10,proposed,8192,634,0.7461593,0.10081405,0.98029068
cifar10,proposed,8192,635,0.74423464,0.0450779,0.9993631
cifar10,proposed,8192,636,0.73443721,0.02440524,0.99079888
cifar10,proposed,8192,637,0.74723394,0.01996169,1.00405021
cifar10,proposed,8192,638,0.74452941,0.00317904,0.99232494
cifar10,proposed,8192,639,0.74392618,0.01996022,0.99218701
cifar10,proposed,8192,640,0.74815328,0.02892992,1.01023167
cifar10,proposed,8192,641,0.74445297,0.0500014,0.986891
cifar10,proposed,8192,642,0.7466763,0.00549848,0.99395705
cifar10,proposed,8192,643,0.74193834,0.01938873,0.98603929
cifar10,proposed,8192,644,0.74276506,0.07805219,0.99787174
cifar10,proposed,8192,645,0.74807995,0.03723637,0.99589788
cifar10,proposed,8192,646,0.74738137,0.0432308,0.99122589
cifar10,proposed,8192,647,0.73982705,0.01972545,0.99425817
cifar10,proposed,8192,648,0.7461132,0.1087698,1.008395
cifar10,proposed,8192,649,0.74323114,0.01397655,0.99568093
cifar10,proposed,8192,650,0.75623513,0.03067286,0.98739804
cifar10,proposed,8192,651,0.74805528,0.0654276,0.98675595
cifar10,proposed,8192,652,0.74411219,0.01090702,1.01782242
cifar10,proposed,8192,653,0.74302415,0.00974712,1.00971377
cifar10,proposed,8192,654,0.74179582,0.0294358,0.99821736
cifar10,proposed,8192,655,0.7366137,0.02293264,1.02975534
cifar10,proposed,8192,656,0.74666333,0.15608899,1.01295037
cifar10,proposed,8192,657,0.74464765,0.06465767,1.01045781
cifar10,proposed,8192,658,0.74305686,0.01216163,0.9907833
cifar10,proposed,8192,659,0.73693963,0.0527281,0.98624199
cifar10,proposed,8192,660,0.7241207,0.01613702,1.01642012
cifar10,proposed,8192,661,0.73867501,0.07024494,1.01127843
cifar10,proposed,8192,662,0.74549766,0.03802463,0.99897344
cifar10,proposed,8192,663,0.74630176,0.06201031,0.98944998
cifar10,proposed,8192,664,0.74018209,0.0502808,1.00686944
cifar10,proposed,8192,665,0.73814838,0.0699284,1.01801881
cifar10,proposed,8192,666,0.74268863,0.02642237,1.00532075
cifar10,proposed,8192,667,0.75427391,0.04159887,0.99868119
cifar10,proposed,8192,668,0.74685345,0.01091095,0.99339994
cifar10,proposed,8192,669,0.73648465,0.01216714,1.01690639
cifar10,proposed,8192,670,0.75159847,0.00921612,1.00014261
cifar10,proposed,8192,671,0.73826636,0.04116905,1.00880166
cifar10,proposed,8192,672,0.73954556,0.07805594,0.99350618
cifar10,proposed,8192,673,0.73428117,0.00324651,1.01228091
cifar10,proposed,8192,674,0.75501525,0.05296726,0.99063482
cifar10,proposed,8192,675,0.73892615,0.04081853,1.01967843
cifar10,proposed,8192,676,0.7283489,0.04346722,0.99665533
cifar10,proposed,8192,677,0.74324877,0.00485312,1.01444117
cifar10,proposed,8192,678,0.74762746,0.01402011,0.99182528
cifar10,proposed,8192,679,0.74308896,0.05762202,1.01867128
cifar10,proposed,8192,680,0.73652566,0.01995198,1.00108908
cifar10,proposed,8192,681,0.75232458,0.06763308,0.97627868
cifar10,proposed,8192,682,0.74458913,0.07130102,1.01077643
cifar10,proposed,8192,683,0.74162004,0.10276739,0.99297456
cifar10,proposed,8192,684,0.74306177,0.02281766,0.96998002
cifar10,proposed,8192,685,0.74629643,0.01828774,1.01544616
cifar10,proposed,8192,686,0.73925526,0.00747292,0.99264433
cifar10,proposed,8192,687,0.75089945,0.00157726,0.98836002
cifar10,proposed,8192,688,0.74072539,0.05086758,0.99005748
cifar10,proposed,8192,689,0.75135438,0.01315846,1.00623208
cifar10,proposed,8192,690,0.74209433,0.0252067,1.01166925
cifar10,proposed,8192,691,0.73717759,0.01325465,1.01391087
cifar10,proposed,8192,692,0.73626637,0.11752496,1.01274988
cifar10,proposed,8192,693,0.74104291,0.05937212,1.00762531
cifar10,proposed,8192,694,0.7402485,0.02117085,1.01780401
cifar10,proposed,8192,695,0.73744197,0.00570862,1.00961224
cifar10,proposed,8192,696,0.74807115,0.06048121,0.99323014
cifar10,proposed,8192,697,0.73771413,0.02493694,1.0215613
cifar10,proposed,8192,698,0.75605923,0.01906147,1.00598431
cifar10,proposed,8192,699,0.74297946,0.03557715,1.00250407
cifar10,proposed,8192,700,0.73829185,0.01722531,1.00924252
cifar10,proposed,8192,701,0.73809201,0.02887631,1.00799138
cifar10,proposed,8192,702,0.73264873,0.0188893,0.9938427
cifar10,proposed,8192,703,0.73248554,0.10851841,1.02411629
cifar10,proposed,8192,704,0.73571808,0.02289396,1.0082843
cifar10,proposed,8192,705,0.7440507,0.12628121,0.99471971
cifar10,proposed,8192,706,0.74232168,0.05813869,0.98389369
cifar10,proposed,8192,707,0.73898875,0.00650514,1.02023339
cifar10,proposed,8192,708,0.74018017,0.02449411,0.9769337
cifar10,proposed,8192,709,0.74443744,0.02208306,0.98579395
cifar10,proposed,8192,710,0.73598864,0.07102452,1.01986513
cifar10,proposed,8192,711,0.73656155,0.01227605,1.00944142
cifar10,proposed,8192,712,0.73401503,0.01351073,0.97405486
cifar10,proposed,8192,713,0.74533288,0.06992709,1.01646799
cifar10,proposed,8192,714,0.74082841,0.00373114,1.01993059
cifar10,proposed,8192,715,0.74558621,0.01999698,0.99675087
cifar10,proposed,8192,716,0.74108045,0.04087363,0.99049221
cifar10,proposed,8192,717,0.74523392,0.05577931,1.01299086
cifar10,proposed,8192,718,0.748186,0.04166096,1.01525579
cifar10,proposed,8192,719,0.74049199,0.02056132,0.9874463
cifar10,proposed,8192,720,0.74186842,0.02022961,1.02236504
cifar10,proposed,8192,721,0.73401496,0.05065546,1.0103936
cifar10,proposed,8192,722,0.74996878,0.12367847,1.03088417
cifar10,proposed,8192,723,0.74800415,0.01100238,1.01517086
cifar10,proposed,8192,724,0.7372227,0.06383961,1.01386412
cifar10,proposed,8192,725,0.74224099,0.01433092,0.99937868
cifar10,proposed,8192,726,0.74125298,0.04666221,0.99188591
cifar10,proposed,8192,727,0.73194888,0.03484804,1.00948336
cifar10,proposed,8192,728,0.74717692,0.08078011,0.97062291
cifar10,proposed,8192,729,0.73327906,0.06234056,1.0076958
cifar10,proposed,8192,730,0.74390644,0.07223175,0.98406514
cifar10,proposed,8192,731,0.74009361,0.05081107,0.99113271
cifar10,proposed,8192,732,0.72964748,0.0412362,0.9649445
cifar10,proposed,8192,733,0.74522673,0.01787674,1.00805982
cifar10,proposed,8192,734,0.7340444,0.00151993,1.00486734
cifar10,proposed,8192,735,0.73860999,0.03591436,1.0030716
cifar10,proposed,8192,736,0.73671438,0.05798027,1.00705799
cifar10,proposed,8192,737,0.74033032,0.06705667,1.01080167
cifar10,proposed,8192,738,0.74108104,0.0011056,1.0085829
cifar10,proposed,8192,739,0.74152431,0.00475732,0.98917543
cifar10,proposed,8192,740,0.74542959,0.05209811,0.98744989
cifar10,proposed,8192,741,0.74995808,0.05278569,1.01447895
cifar10,proposed,8192,742,0.74728821,0.01648548,0.99425122
cifar10,proposed,8192,743,0.7403662,0.02206682,1.01055993
cifar10,proposed,8192,744,0.74584757,0.03593793,1.00007448
cifar10,proposed,8192,745,0.74261126,0.04660829,1.00402478
cifar10,proposed,8192,746,0.74606309,0.04617144,1.00554481
cifar10,proposed,8192,747,0.74618907,0.03301215,0.99939511
cifar10,proposed,8192,748,0.74166519,0.00291005,1.0311935
cifar10,proposed,8192,749,0.73174491,0.10076686,0.9848101
cifar10,proposed,8192,750,0.74453816,0.01927448,0.99311337
cifar10,proposed,8192,751,0.74088809,0.06895132,1.01380158
cifar10,proposed,8192,752,0.74236392,0.00095847,1.0175297
cifar10,proposed,8192,753,0.74155678,0.03824456,1.01692183
cifar10,proposed,8192,754,0.74337671,0.00774389,1.02293821
cifar10,proposed,8192,755,0.74334789,0.04964091,1.0155167
cifar10,proposed,8192,756,0.73613968,0.04950431,0.99648941
cifar10,proposed,8192,757,0.74234894,0.03983689,1.00669979
cifar10,proposed,8192,758,0.74808788,0.12208024,0.95940789
cifar10,proposed,8192,759,0.7465859,0.07625978,1.01584343
cifar10,proposed,8192,760,0.74136886,0.038228,1.00833211
cifar10,proposed,8192,761,0.73964607,0.02983334,1.01206365
cifar10,proposed,8192,762,0.75366292,0.06344214,0.97889909
cifar10,proposed,8192,763,0.7441798,0.06697288,0.97834248
cifar10,proposed,8192,764,0.74457991,0.00313643,0.99046916
cifar10,proposed,8192,765,0.73990593,0.05828616,1.0103359
cifar10,proposed,8192,766,0.74170802,0.01789032,1.01877778
cifar10,proposed,8192,767,0.73275179,0.01207786,1.0156167
cifar10,proposed,8192,768,0.74508777,0.0195007,0.98595604
cifar10,proposed,8192,769,0.75158668,0.00958991,0.98685102
cifar10,proposed,8192,770,0.74160531,0.08025824,0.99125759
cifar10,proposed,8192,771,0.74525116,0.01439966,0.96855808
cifar10,proposed,8192,772,0.74469789,0.01134822,1.0042362
cifar10,proposed,8192,773,0.73848086,0.03667992,1.00684681
cifar10,proposed,8192,774,0.74345517,0.12691788,0.98884664
cifar10,proposed,8192,775,0.7467616,0.06363514,1.0018245
cifar10,proposed,8192,776,0.7418038,0.10475766,0.98254083
cifar10,proposed,8192,777,0.74083196,0.03606452,0.97630778
cifar10,proposed,8192,778,0.73814247,0.01934711,0.98830136
cifar10,proposed,8192,779,0.74024377,0.01244143,0.99785164
cifar10,proposed,8192,780,0.7377745,0.02339349,1.00548044
cifar10,proposed,8192,781,0.73407303,0.00098034,1.00608193
cifar10,proposed,8192,782,0.74891698,0.01513072,1.01307128
cifar10,proposed,8192,783,0.73974808,0.02176733,1.00746523
cifar10,proposed,8192,784,0.74192683,0.04797279,1.01483238
cifar10,proposed,8192,785,0.73806338,0.03443097,0.99354323
cifar10,proposed,8192,786,0.7321726,0.0173047,0.99272
cifar10,proposed,8192,787,0.73194298,0.03740856,1.00010279
cifar10,proposed,8192,788,0.73777881,0.01656865,0.98014634
cifar10,proposed,8192,789,0.74500887,0.01203627,1.00593452
cifar10,proposed,8192,790,0.73485876,0.01864892,0.99070816
cifar10,proposed,8192,791,0.74944601,0.02421908,1.00500671
cifar10,proposed,8192,792,0.74233274,0.0317796,0.9869829
cifar10,proposed,8192,793,0.74855453,0.07004799,1.01083198
cifar10,proposed,8192,794,0.74091328,0.03059768,1.00796134
cifar10,proposed,8192,795,0.7464711,0.00601959,0.99727019
cifar10,proposed,8192,796,0.72795472,0.01237121,0.9944708
cifar10,proposed,8192,797,0.73518448,0.07836161,0.99850893
cifar10,proposed,8192,798,0.73366159,0.02978626,0.98577753
cifar10,proposed,8192,799,0.74932794,0.01304272,1.00366595
cifar10,proposed,8192,800,0.74905907,0.02907412,0.98804717
cifar10,proposed,8192,801,0.73403531,0.07597235,0.99930904
cifar10,proposed,8192,802,0.74219823,0.01574316,1.00366691
cifar10,proposed,8192,803,0.74761174,0.07039343,0.99235995
cifar10,proposed,8192,804,0.74593824,0.01595686,1.00477055
cifar10,proposed,8192,805,0.74562051,0.09369115,0.9962807
cifar10,proposed,8192,806,0.7551115,0.002036,1.01553713
cifar10,proposed,8192,807,0.73123213,0.01459935,0.98441309
cifar10,proposed,8192,808,0.73506697,0.01625381,0.99958016
cifar10,proposed,8192,809,0.73592254,0.12154005,1.00918968
cifar10,proposed,8192,810,0.74892536,0.00118049,0.98596812
cifar10,proposed,8192,811,0.74146734,0.02345484,0.9924318
cifar10,proposed,8192,812,0.7259268,0.01342176,0.98458988
cifar10,proposed,8192,813,0.74160836,0.06521102,1.02321986
cifar10,proposed,8192,814,0.75245318,0.03534557,0.99189722
cifar10,proposed,8192,815,0.73696313,0.03536161,1.00183994
cifar10,proposed,8192,816,0.73823989,0.00407493,1.01796633
cifar10,proposed,8192,817,0.73585947,0.01265614,1.02867571
cifar10,proposed,8192,818,0.74424252,0.02348166,0.98548808
cifar10,proposed,8192,819,0.74007546,0.00378255,1.01615379
cifar10,proposed,8192,820,0.74255574,0.00583158,1.00637813
cifar10,proposed,8192,821,0.75323713,0.01777263,1.00735791
cifar10,proposed,8192,822,0.74296214,0.0079873,1.02591331
cifar10,proposed,8192,823,0.75057254,0.0504357,1.00872189
cifar10,proposed,8192,824,0.74053939,0.03240622,1.01108104
cifar10,proposed,8192,825,0.73504842,0.01353519,1.00551958
cifar10,proposed,8192,826,0.74192402,0.00267316,0.99906426
cifar10,proposed,8192,827,0.73240844,0.05889568,1.0020587
cifar10,proposed,8192,828,0.73549348,0.0445107,0.98010157
cifar10,proposed,8192,829,0.750482,0.06146267,1.00964639
cifar10,proposed,8192,830,0.74240972,0.02179226,1.01911824
cifar10,proposed,8192,831,0.7438205,0.01349634,0.99562772
cifar10,proposed,8192,832,0.73318367,0.0784286,1.00988954
cifar10,proposed,8192,833,0.73719228,0.06283545,1.00511538
cifar10,proposed,8192,834,0.74426491,0.11736113,0.9953688
cifar10,proposed,8192,835,0.75207494,0.09356294,0.99928632
cifar10,proposed,8192,836,0.74063276,0.00755945,0.99190864
cifar10,proposed,8192,837,0.74586915,0.11380559,1.01038339
cifar10,proposed,8192,838,0.74347141,0.02603444,0.98232508
cifar10,proposed,8192,839,0.75343049,0.02506595,1.00259575
cifar10,proposed,8192,840,0.72490542,0.01124836,1.01503315
cifar10,proposed,8192,841,0.74763644,0.04256507,0.98384523
cifar10,proposed,8192,842,0.73794828,0.03073818,1.01811515
cifar10,proposed,8192,843,0.747242,0.08193709,1.01052813
cifar10,proposed,8192,844,0.74202249,0.03722896,0.98569608
cifar10,proposed,8192,845,0.74600132,0.03567039,0.99297251
cifar10,proposed,8192,846,0.7363996,0.11733067,1.03281014
cifar10,proposed,8192,847,0.7533456,0.07169729,0.98220736
cifar10,proposed,8192,848,0.74267074,0.02047525,0.98758297
cifar10,proposed,8192,849,0.73792436,0.00699685,1.0145542
cifar10,proposed,8192,850,0.74935739,0.05342843,0.95644627
cifar10,proposed,8192,851,0.73513196,0.06711483,0.99825029
cifar10,proposed,8192,852,0.74050387,0.00924548,0.99237522
cifar10,proposed,8192,853,0.74689347,0.00915895,1.01207005
cifar10,proposed,8192,854,0.73675064,0.03832887,0.9838551
cifar10,proposed,8192,855,0.74208769,0.01636296,1.02670777
cifar10,proposed,8192,856,0.74050773,0.00806286,0.99594594
cifar10,proposed,8192,857,0.74103029,0.04361331,1.02670474
cifar10,proposed,8192,858,0.74794683,0.10142652,0.99257478
cifar10,proposed,8192,859,0.7381037,0.05833371,0.99682849
cifar10,proposed,8192,860,0.74921355,0.03854535,0.97952771
cifar10,proposed,8192,861,0.75305136,0.04358682,0.99080805
cifar10,proposed,8192,862,0.75053889,0.0672254,0.96436059
cifar10,proposed,8192,863,0.7385702,0.03234708,1.02676853
cifar10,proposed,8192,864,0.75066859,0.02444447,0.9860332
cifar10,proposed,8192,865,0.74807253,0.04487272,1.00209119
cifar10,proposed,8192,866,0.74502582,0.03766739,0.97915796
cifar10,proposed,8192,867,0.73349296,0.05812489,1.01809976
cifar10,proposed,8192,868,0.74740176,0.00921309,0.98949948
cifar10,proposed,8192,869,0.74639632,0.02975143,0.99918216
cifar10,proposed,8192,870,0.74045233,0.04034172,1.01157979
cifar10,proposed,8192,871,0.73779626,0.09907543,1.00415361
cifar10,proposed,8192,872,0.74804233,0.0132578,0.97012108
cifar10,proposed,8192,873,0.73263071,0.07455724,0.97707624
cifar10,proposed,8192,874,0.74474224,0.06656669,1.00976499
cifar10,proposed,8192,875,0.74553246,0.00398461,1.01548834
cifar10,proposed,8192,876,0.74196635,0.10320357,0.99974924
cifar10,proposed,8192,877,0.74633208,0.03439472,1.00224139
cifar10,proposed,8192,878,0.74657045,0.03454595,0.99715468
cifar10,proposed,8192,879,0.73968246,0.12007846,1.00527775
cifar10,proposed,8192,880,0.74072126,0.0643504,0.98892793
cifar10,proposed,8192,881,0.7377223,0.00758467,1.00229461
cifar10,proposed,8192,882,0.74485819,0.05405369,1.00785958
cifar10,proposed,8192,883,0.7398034,0.05751724,0.99841756
cifar10,proposed,8192,884,0.74518808,0.01279604,1.0299286
cifar10,proposed,8192,885,0.73645794,0.012145,1.00377855
cifar10,proposed,8192,886,0.74173877,0.03197702,1.01083822
cifar10,proposed,8192,887,0.74044536,0.09166798,0.99352548
cifar10,proposed,8192,888,0.7550934,0.04842418,0.97007545
cifar10,proposed,8192,889,0.74726992,0.01041708,0.98228001
cifar10,proposed,8192,890,0.7540988,0.08058296,0.99208318
cifar10,proposed,8192,891,0.75567452,0.04585303,0.98007097
cifar10,proposed,8192,892,0.74937915,0.01070877,1.00301134
cifar10,proposed,8192,893,0.7357484,0.00454976,0.99132561
cifar10,proposed,8192,894,0.73676016,0.03208554,1.02090309
cifar10,proposed,8192,895,0.74996264,0.06982731,1.01231114
cifar10,proposed,8192,896,0.74766837,0.04086012,1.00552697
cifar10,proposed,8192,897,0.74496795,0.04939492,1.01183097
cifar10,proposed,8192,898,0.73511784,0.09408696,1.00108784
cifar10,proposed,8192,899,0.74154647,0.01528068,0.99768524
cifar10,proposed,8192,900,0.7472637,0.06046025,0.99899441
cifar10,proposed,8192,901,0.74457836,0.02941508,1.00177656
cifar10,proposed,8192,902,0.73566413,0.06022469,0.98465182
cifar10,proposed,8192,903,0.7447737,0.02430331,1.01160616
cifar10,proposed,8192,904,0.74288752,0.10735268,0.99947029
cifar10,proposed,8192,905,0.7534659,0.07022257,1.00058281
cifar10,proposed,8192,906,0.73628201,0.07249177,0.98219928
cifar10,proposed,8192,907,0.73096775,0.00079453,0.98044105
cifar10,proposed,8192,908,0.73117588,0.06496024,0.99740771
cifar10,proposed,8192,909,0.7386718,0.04779652,1.00851302
cifar10,proposed,8192,910,0.76237754,0.08368482,0.98586645
cifar10,proposed,8192,911,0.74938545,0.01916507,0.98572149
cifar10,proposed,8192,912,0.73808647,0.00996713,0.99112807
cifar10,proposed,8192,913,0.74350633,0.08146242,1.01728365
cifar10,proposed,8192,914,0.74326721,0.01175929,0.99228464
cifar10,proposed,8192,915,0.74237879,0.02265616,1.00383485
cifar10,proposed,8192,916,0.73801024,0.02939339,1.00919484
cifar10,proposed,8192,917,0.74453126,0.02537778,1.00220478
cifar10,proposed,8192,918,0.73971251,0.01687557,1.01185815
cifar10,proposed,8192,919,0.74346216,0.00605895,1.0265091
cifar10,proposed,8192,920,0.73765326,0.04615549,1.00301284
cifar10,proposed,8192,921,0.74028645,0.00438871,1.0137361
cifar10,proposed,8192,922,0.73702149,0.04576334,0.96762514
cifar10,proposed,8192,923,0.73749499,0.04198058,0.98319939
cifar10,proposed,8192,924,0.74038303,0.02468893,1.01002621
cifar10,proposed,8192,925,0.73940418,0.00838917,1.00202427
cifar10,proposed,8192,926,0.7484919,0.07578814,0.98915529
cifar10,proposed,8192,927,0.74339894,0.05899983,1.0296946
cifar10,proposed,8192,928,0.73599702,0.00877511,0.9930022
cifar10,proposed,8192,929,0.74536393,0.06664624,0.98244164
cifar10,proposed,8192,930,0.74502235,0.04227862,0.9945299
cifar10,proposed,8192,931,0.73666385,0.00566755,0.99556512
cifar10,proposed,8192,932,0.73997936,0.04565094,0.99279693
cifar10,proposed,8192,933,0.75030901,0.01839246,1.00989517
cifar10,proposed,8192,934,0.74462186,0.00776393,0.98484469
cifar10,proposed,8192,935,0.74685366,0.00630231,1.00669679
cifar10,proposed,8192,936,0.74851766,0.00068348,0.98900688
cifar10,proposed,8192,937,0.74173747,0.03670502,1.02118459
cifar10,proposed,8192,938,0.7381327,0.08009863,0.98246349
cifar10,proposed,8192,939,0.74614723,0.06251032,0.99530068
cifar10,proposed,8192,940,0.74349023,0.00839374,1.02384679
cifar10,proposed,8192,941,0.739423,0.0491619,0.98564011
cifar10,proposed,8192,942,0.73733057,0.00727095,1.0230838
cifar10,proposed,8192,943,0.73854246,0.08807643,0.99300517
cifar10,proposed,8192,944,0.7395002,0.08232073,0.98773991
cifar10,proposed,8192,945,0.74412536,0.06368425,0.98926496
cifar10,proposed,8192,946,0.74577369,0.03780228,1.00261416
cifar10,proposed,8192,947,0.74927604,0.06894492,1.00327308
cifar10,proposed,8192,948,0.74370215,0.06584113,0.98451582
cifar10,proposed,8192,949,0.74761613,0.04472109,0.97915973
cifar10,proposed,8192,950,0.73742282,0.00212908,0.99967332
cifar10,proposed,8192,951,0.73836353,0.05018926,0.97389192
cifar10,proposed,8192,952,0.74700632,0.06902597,1.01307343
cifar10,proposed,8192,953,0.74638804,0.00933323,1.00695307
cifar10,proposed,8192,954,0.7370975,0.06743507,0.98433831
cifar10,proposed,8192,955,0.73501011,0.01110531,0.99124038
cifar10,proposed,8192,956,0.73707051,0.00205251,0.97673253
cifar10,proposed,8192,957,0.74046041,0.02150134,0.99689907
cifar10,proposed,8192,958,0.7422637,0.03753181,0.99615666
cifar10,proposed,8192,959,0.74386508,0.0084203,1.02942975
cifar10,proposed,8192,960,0.74139608,0.03404935,0.99242081
cifar10,proposed,8192,961,0.73728697,0.02923888,0.99137301
cifar10,proposed,8192,962,0.73569103,0.01855193,1.03119928
cifar10,proposed,8192,963,0.73212699,0.02316298,0.99809913
cifar10,proposed,8192,964,0.73807166,0.00073812,1.02276968
cifar10,proposed,8192,965,0.74026445,0.05330053,0.96810727
cifar10,proposed,8192,966,0.74896745,0.0254244,0.96368333
cifar10,proposed,8192,967,0.75194164,0.01278233,1.03522908
cifar10,proposed,8192,968,0.73445337,0.03516731,1.03774096
cifar10,proposed,8192,969,0.75007946,0.06932645,0.98076892
cifar10,proposed,8192,970,0.73568085,0.02995964,1.0155791
cifar10,proposed,8192,971,0.74692996,0.02928873,1.00605379
cifar10,proposed,8192,972,0.74704635,0.0538445,1.00299473
cifar10,proposed,8192,973,0.74444457,0.07586414,1.00465464
cifar10,proposed,8192,974,0.74578419,0.00101399,0.98709674
cifar10,proposed,8192,975,0.75040943,0.03019645,1.00689246
cifar10,proposed,8192,976,0.74489536,0.00097357,0.9814562
cifar10,proposed,8192,977,0.75274977,0.04645884,1.01791282
cifar10,proposed,8192,978,0.7427417,0.08090928,0.97515506
cifar10,proposed,8192,979,0.74756216,0.0152118,1.00141442
cifar10,proposed,8192,980,0.73496546,0.10298504,1.00986885
cifar10,proposed,8192,981,0.73598142,0.01815726,1.00553575
cifar10,proposed,8192,982,0.74677926,0.03455264,0.9942718
cifar10,proposed,8192,983,0.73459835,0.0375482,1.00147948
cifar10,proposed,8192,984,0.7444554,0.05176929,1.00257265
cifar10,proposed,8192,985,0.742608,0.02594766,1.01622528
cifar10,proposed,8192,986,0.74023208,0.01761912,0.97815658
cifar10,proposed,8192,987,0.74345072,0.00626009,1.0080158
cifar10,proposed,8192,988,0.74816905,0.16388412,0.97706336
cifar10,proposed,8192,989,0.74740099,0.08020484,0.98770451
cifar10,proposed,8192,990,0.7546665,0.00291062,0.99310988
cifar10,proposed,8192,991,0.74487557,0.0447033,1.00453528
cifar10,proposed,8192,992,0.73413152,0.02723781,1.00153029
cifar10,proposed,8192,993,0.74415963,0.02253838,1.01094682
cifar10,proposed,8192,994,0.75319077,0.11345416,0.98233065
cifar10,proposed,8192,995,0.7395832,0.01014994,1.01205891
cifar10,proposed,8192,996,0.74001885,0.00179934,0.99958554
cifar10,proposed,8192,997,0.74517179,0.00240738,0.99147116
cifar10,proposed,8192,998,0.7429719,0.02962782,0.99869095
cifar10,proposed,8192,999,0.74380774,0.01703415,0.99354203
cifar10,fixed_phase,42,0,0.70629563,0.00705324,0.97748768
cifar10,fixed_phase,42,1,0.7054012,0.0118581,0.9591753
cifar10,fixed_phase,42,2,0.71048024,0.02812686,0.98203316
cifar10,fixed_phase,42,3,0.70584574,0.07444496,1.01804064
cifar10,fixed_phase,42,4,0.69629765,0.00270026,1.00599365
cifar10,fixed_phase,42,5,0.70633277,0.03935252,0.98960576
cifar10,fixed_phase,42,6,0.70743501,0.07323384,0.98994678
cifar10,fixed_phase,42,7,0.69490938,0.05245247,1.00189819
cifar10,fixed_phase,42,8,0.70189745,0.01885673,0.98797089
cifar10,fixed_phase,42,9,0.70754971,0.00149186,0.98085016
cifar10,fixed_phase,42,10,0.70570046,0.02908516,1.01108342
cifar10,fixed_phase,42,11,0.7054358,0.03070127,0.98616704
cifar10,fixed_phase,42,12,0.70752881,0.04424175,0.9695483
cifar10,fixed_phase,42,13,0.71782732,0.03292976,0.99343502
cifar10,fixed_phase,42,14,0.69624923,0.02564598,1.01641428
cifar10,fixed_phase,42,15,0.70301978,0.05912257,0.99186498
cifar10,fixed_phase,42,16,0.695217,0.05838536,0.99327064
cifar10,fixed_phase,42,17,0.7091608,0.00753776,1.00340133
cifar10,fixed_phase,42,18,0.70505985,0.01529204,0.97911018
cifar10,fixed_phase,42,19,0.70600738,0.02605881,0.98211371
cifar10,fixed_phase,42,20,0.70602552,0.03637311,1.00386744
cifar10,fixed_phase,42,21,0.71213749,0.06295045,1.00650948
cifar10,fixed_phase,42,22,0.69990156,0.02336387,0.98659603
cifar10,fixed_phase,42,23,0.70378581,0.00024469,1.0053604
cifar10,fixed_phase,42,24,0.71203215,0.04823328,0.98494513
cifar10,fixed_phase,42,25,0.70762098,0.04403022,0.98496778
cifar10,fixed_phase,42,26,0.69591487,0.00117293,0.99110426
cifar10,fixed_phase,42,27,0.70386357,0.00692967,0.9802708
cifar10,fixed_phase,42,28,0.71029624,0.08719409,0.973031
cifar10,fixed_phase,42,29,0.71120487,0.10394095,1.01144188
cifar10,fixed_phase,42,30,0.70077084,0.06900877,0.99194118
cifar10,fixed_phase,42,31,0.70886865,0.01122996,0.9814873
cifar10,fixed_phase,42,32,0.70462634,0.01086258,0.999331
cifar10,fixed_phase,42,33,0.71037853,0.01430648,1.02337351
cifar10,fixed_phase,42,34,0.7125694,0.10289964,0.99537817
cifar10,fixed_phase,42,35,0.7156091,0.04258764,0.99241085
cifar10,fixed_phase,42,36,0.70309189,0.00446412,0.98610591
cifar10,fixed_phase,42,37,0.70998125,0.00798539,1.00418198
cifar10,fixed_phase,42,38,0.70471235,0.01263316,1.00849231
cifar10,fixed_phase,42,39,0.70708179,0.00734611,1.00485771
cifar10,fixed_phase,42,40,0.70836525,0.05088412,0.98990145
cifar10,fixed_phase,42,41,0.7011207,0.01120159,0.97972916
cifar10,fixed_phase,42,42,0.70742244,0.00752679,1.02087715
cifar10,fixed_phase,42,43,0.70211823,0.0042897,1.03430528
cifar10,fixed_phase,42,44,0.69979007,0.01213142,1.00090651
cifar10,fixed_phase,42,45,0.71127623,0.0578474,0.96885894
cifar10,fixed_phase,42,46,0.70016739,0.04947762,0.99719115
cifar10,fixed_phase,42,47,0.71001062,0.09031928,0.999947
cifar10,fixed_phase,42,48,0.71050094,0.03423408,1.00363212
cifar10,fixed_phase,42,49,0.70413284,0.05771131,1.01149393
cifar10,fixed_phase,42,50,0.70706194,0.03503467,0.96668188
cifar10,fixed_phase,42,51,0.703926,0.02725759,1.01689117
cifar10,fixed_phase,42,52,0.70925009,0.03016165,0.99005304
cifar10,fixed_phase,42,53,0.70781873,0.05559721,0.97876337
cifar10,fixed_phase,42,54,0.70197374,0.04248916,1.02062747
cifar10,fixed_phase,42,55,0.70263321,0.04205491,0.98587948
cifar10,fixed_phase,42,56,0.70486928,0.01933939,0.9923374
cifar10,fixed_phase,42,57,0.70641101,0.02090584,1.01407282
cifar10,fixed_phase,42,58,0.69216934,0.01912494,1.00682844
cifar10,fixed_phase,42,59,0.71043195,0.02605335,1.0012291
cifar10,fixed_phase,42,60,0.70049067,0.02874503,0.99884533
cifar10,fixed_phase,42,61,0.71439645,0.07632185,0.98751584
cifar10,fixed_phase,42,62,0.70542693,0.04745971,1.02406185
cifar10,fixed_phase,42,63,0.70401239,0.05672201,0.97504817
cifar10,fixed_phase,42,64,0.70514756,0.02427608,0.99600686
cifar10,fixed_phase,42,65,0.70679534,0.04129822,1.00480281
cifar10,fixed_phase,42,66,0.69939817,0.08344486,1.02045849
cifar10,fixed_phase,42,67,0.71879932,0.04739775,0.98046203
cifar10,fixed_phase,42,68,0.71604621,0.08225917,0.96562488
cifar10,fixed_phase,42,69,0.69519862,0.0553305,1.01281894
cifar10,fixed_phase,42,70,0.71015594,0.08645674,1.00501553
cifar10,fixed_phase,42,71,0.71251077,0.07171657,0.98137343
cifar10,fixed_phase,42,72,0.706647,0.04312312,0.99802579
cifar10,fixed_phase,42,73,0.70738387,0.02869635,0.98859263
cifar10,fixed_phase,42,74,0.70965659,0.04141479,1.00530403
cifar10,fixed_phase,42,75,0.71022294,0.06066853,1.00282536
cifar10,fixed_phase,42,76,0.71607886,0.04484869,1.0268636
cifar10,fixed_phase,42,77,0.71824297,0.04944536,1.02686358
cifar10,fixed_phase,42,78,0.69546946,0.02235913,1.00833206
cifar10,fixed_phase,42,79,0.7159052,0.02209076,1.04810677
cifar10,fixed_phase,42,80,0.71090831,0.07350985,1.0091904
cifar10,fixed_phase,42,81,0.71317582,0.02063144,1.01874121
cifar10,fixed_phase,42,82,0.71036575,0.03380364,1.00420394
cifar10,fixed_phase,42,83,0.70424525,0.04230205,1.01299534
cifar10,fixed_phase,42,84,0.71637351,0.00076237,1.00279811
cifar10,fixed_phase,42,85,0.70694915,0.01647438,1.0139988
cifar10,fixed_phase,42,86,0.70506648,0.02789394,0.99841259
cifar10,fixed_phase,42,87,0.70938251,0.0153783,1.00465526
cifar10,fixed_phase,42,88,0.70750571,0.04370238,1.00922941
cifar10,fixed_phase,42,89,0.69787531,0.03472629,1.0235119
cifar10,fixed_phase,42,90,0.70287307,0.01695014,0.98878533
cifar10,fixed_phase,42,91,0.70641545,0.01409881,1.0183112
cifar10,fixed_phase,42,92,0.70261679,0.09134238,0.97386965
cifar10,fixed_phase,42,93,0.70285847,0.0102498,0.98981641
cifar10,fixed_phase,42,94,0.7098333,0.04809707,1.00220794
cifar10,fixed_phase,42,95,0.71586711,0.02346544,0.99895022
cifar10,fixed_phase,42,96,0.70356051,0.03650326,1.01646027
cifar10,fixed_phase,42,97,0.70618715,0.05223825,1.01883607
cifar10,fixed_phase,42,98,0.7081895,0.04638961,0.98761843
cifar10,fixed_phase,42,99,0.70790998,0.08537334,0.9937338
cifar10,fixed_phase,42,100,0.70776247,0.04664345,1.02658864
cifar10,fixed_phase,42,101,0.70578759,0.11238609,0.99930052
cifar10,fixed_phase,42,102,0.70048854,0.00811463,1.00753104
cifar10,fixed_phase,42,103,0.70841597,0.00916459,1.00109848
cifar10,fixed_phase,42,104,0.70398679,0.07814991,0.98202255
cifar10,fixed_phase,42,105,0.70004601,0.024461,0.99059619
cifar10,fixed_phase,42,106,0.70339242,0.04397344,0.98687558
cifar10,fixed_phase,42,107,0.71035558,0.0072538,1.01389316
cifar10,fixed_phase,42,108,0.70079091,0.05233304,1.00181286
cifar10,fixed_phase,42,109,0.71800529,0.02602589,0.96296721
cifar10,fixed_phase,42,110,0.70101858,0.11332116,1.01141862
cifar10,fixed_phase,42,111,0.68982694,0.0167273,0.99329692
cifar10,fixed_phase,42,112,0.69532777,0.05257936,0.99292642
cifar10,fixed_phase,42,113,0.7045259,0.03024784,1.00671586
cifar10,fixed_phase,42,114,0.70287064,0.09114828,1.00462731
cifar10,fixed_phase,42,115,0.6994047,0.03737639,1.00726913
cifar10,fixed_phase,42,116,0.70195284,0.0740471,1.00334846
cifar10,fixed_phase,42,117,0.70461224,0.14141455,0.99776348
cifar10,fixed_phase,42,118,0.70705933,0.01054549,1.00164755
cifar10,fixed_phase,42,119,0.70346702,0.00978502,0.99161449
cifar10,fixed_phase,42,120,0.71226488,0.04744622,0.98680789
cifar10,fixed_phase,42,121,0.70738791,0.11594443,1.00184967
cifar10,fixed_phase,42,122,0.69825061,0.02785571,1.01153716
cifar10,fixed_phase,42,123,0.69915218,0.04277709,1.01585162
cifar10,fixed_phase,42,124,0.70647432,0.03099782,0.9965817
cifar10,fixed_phase,42,125,0.69450602,0.00673319,1.0125319
cifar10,fixed_phase,42,126,0.71572535,0.08992138,0.98720043
cifar10,fixed_phase,42,127,0.71099221,0.00433619,0.97697865
cifar10,fixed_phase,42,128,0.70334601,0.01029463,1.00973195
cifar10,fixed_phase,42,129,0.70688887,0.023283,1.01176899
cifar10,fixed_phase,42,130,0.7085632,0.01192718,1.00091143
cifar10,fixed_phase,42,131,0.71112348,0.00395487,0.98946748
cifar10,fixed_phase,42,132,0.69826016,0.02480411,1.01972838
cifar10,fixed_phase,42,133,0.69704625,0.04928625,0.98873294
cifar10,fixed_phase,42,134,0.71251505,0.0061942,1.01931057
cifar10,fixed_phase,42,135,0.70810817,0.02591414,0.98841719
cifar10,fixed_phase,42,136,0.71413023,0.00070955,1.00118683
cifar10,fixed_phase,42,137,0.70352269,0.03901054,0.98368422
cifar10,fixed_phase,42,138,0.71071636,0.04088221,0.99439461
cifar10,fixed_phase,42,139,0.70034177,0.03390069,1.00372687
cifar10,fixed_phase,42,140,0.70451436,0.00547544,1.00199193
cifar10,fixed_phase,42,141,0.70621502,0.04173852,1.02348108
cifar10,fixed_phase,42,142,0.71009036,0.01570893,1.00912458
cifar10,fixed_phase,42,143,0.70118316,0.0108274,1.00733221
cifar10,fixed_phase,42,144,0.69998579,0.0313308,1.01472096
cifar10,fixed_phase,42,145,0.70839351,0.01403867,0.99963958
cifar10,fixed_phase,42,146,0.70659614,0.12033551,1.00126359
cifar10,fixed_phase,42,147,0.70536033,0.0199002,1.0093512
cifar10,fixed_phase,42,148,0.70463048,0.00802484,0.99622069
cifar10,fixed_phase,42,149,0.70997711,0.11508539,1.00731224
cifar10,fixed_phase,42,150,0.71920791,0.08060355,1.02320125
cifar10,fixed_phase,42,151,0.70685305,0.0700145,0.99655612
cifar10,fixed_phase,42,152,0.70078588,0.01958319,1.01447964
cifar10,fixed_phase,42,153,0.71272834,0.07248361,1.0129875
cifar10,fixed_phase,42,154,0.71132817,0.04145711,1.01410539
cifar10,fixed_phase,42,155,0.70329027,0.03857018,1.00746774
cifar10,fixed_phase,42,156,0.70349177,0.04520897,0.9994963
cifar10,fixed_phase,42,157,0.70659694,0.06543051,1.01886858
cifar10,fixed_phase,42,158,0.70285822,0.04430194,1.01653726
cifar10,fixed_phase,42,159,0.70882732,0.01882592,1.00877106
cifar10,fixed_phase,42,160,0.70908293,0.01755671,0.97704566
cifar10,fixed_phase,42,161,0.70890679,0.00125676,0.9923182
cifar10,fixed_phase,42,162,0.710848,0.05754324,1.02476163
cifar10,fixed_phase,42,163,0.70581328,0.05409747,1.0181867
cifar10,fixed_phase,42,164,0.7008561,0.02380343,1.01167785
cifar10,fixed_phase,42,165,0.70135135,0.07879592,0.98614126
cifar10,fixed_phase,42,166,0.70499458,0.05597717,0.98155384
cifar10,fixed_phase,42,167,0.70773787,0.05920397,1.02499218
cifar10,fixed_phase,42,168,0.7078505,0.00514744,0.94995037
cifar10,fixed_phase,42,169,0.71884503,0.00309193,0.99345512
cifar10,fixed_phase,42,170,0.71231638,0.03360943,0.99168216
cifar10,fixed_phase,42,171,0.71507043,0.065553,0.99315437
cifar10,fixed_phase,42,172,0.70598629,0.07559674,1.02714025
cifar10,fixed_phase,42,173,0.70136621,0.01133472,1.00567172
cifar10,fixed_phase,42,174,0.71684961,0.07082952,0.99420248
cifar10,fixed_phase,42,175,0.71480354,0.07436229,0.99426439
cifar10,fixed_phase,42,176,0.70100138,0.00867894,0.98730621
cifar10,fixed_phase,42,177,0.71683194,0.07613355,0.9823532
cifar10,fixed_phase,42,178,0.70463297,0.04563276,1.00148122
cifar10,fixed_phase,42,179,0.70366435,0.01672073,1.00187368
cifar10,fixed_phase,42,180,0.70691135,0.07640472,0.98594114
cifar10,fixed_phase,42,181,0.7060963,0.02283395,1.00988529
cifar10,fixed_phase,42,182,0.69917464,0.02159864,0.97544185
cifar10,fixed_phase,42,183,0.70606188,0.03020886,0.97067843
cifar10,fixed_phase,42,184,0.7031988,0.05036534,1.01734106
cifar10,fixed_phase,42,185,0.70999131,0.05617732,1.00318334
cifar10,fixed_phase,42,186,0.70313274,0.04396649,1.0375388
cifar10,fixed_phase,42,187,0.71209163,0.0557348,1.0188368
cifar10,fixed_phase,42,188,0.70697596,0.00115208,1.00609135
cifar10,fixed_phase,42,189,0.70340167,0.02038752,1.01070798
cifar10,fixed_phase,42,190,0.71230468,0.0198895,1.00965481
cifar10,fixed_phase,42,191,0.7133739,0.01719562,1.00460391
cifar10,fixed_phase,42,192,0.71722995,0.04593894,1.00241494
cifar10,fixed_phase,42,193,0.7038744,0.01132172,0.99292656
cifar10,fixed_phase,42,194,0.70782588,0.11720877,0.98456712
cifar10,fixed_phase,42,195,0.70842594,0.03163633,1.00668421
cifar10,fixed_phase,42,196,0.71158984,0.03170873,0.99660204
cifar10,fixed_phase,42,197,0.71045036,0.01490129,1.00163187
cifar10,fixed_phase,42,198,0.70228398,0.0805078,1.00149874
cifar10,fixed_phase,42,199,0.70901975,0.0025047,0.98596528
cifar10,fixed_phase,42,200,0.70071903,0.0756737,0.99471663
cifar10,fixed_phase,42,201,0.71892582,0.09066828,1.00304092
cifar10,fixed_phase,42,202,0.70519609,0.03788529,1.01333036
cifar10,fixed_phase,42,203,0.68913142,0.08919377,0.98235154
cifar10,fixed_phase,42,204,0.7081012,0.05603069,1.01131968
cifar10,fixed_phase,42,205,0.70057609,0.03454118,0.98786295
cifar10,fixed_phase,42,206,0.70268406,0.02371731,1.0165912
cifar10,fixed_phase,42,207,0.6976379,0.05951738,1.02734527
cifar10,fixed_phase,42,208,0.69769573,0.09031321,0.98944668
cifar10,fixed_phase,42,209,0.70349054,0.07319943,1.00362689
cifar10,fixed_phase,42,210,0.70155608,0.00899507,1.01669334
cifar10,fixed_phase,42,211,0.70868125,0.03307184,1.00345431
cifar10,fixed_phase,42,212,0.71515402,0.06679116,1.01052378
cifar10,fixed_phase,42,213,0.69734433,0.05852997,1.04291533
cifar10,fixed_phase,42,214,0.69411787,0.02265238,0.9952177
cifar10,fixed_phase,42,215,0.70065746,0.04099278,0.98390252
cifar10,fixed_phase,42,216,0.71447103,0.03159632,0.99715285
cifar10,fixed_phase,42,217,0.70561046,0.05104021,1.00659252
cifar10,fixed_phase,42,218,0.70585724,0.00250192,0.9868649
cifar10,fixed_phase,42,219,0.70733976,0.00392765,1.01954298
cifar10,fixed_phase,42,220,0.70455292,0.05089071,1.02684115
cifar10,fixed_phase,42,221,0.69978166,0.00154532,0.99092945
cifar10,fixed_phase,42,222,0.70514757,0.11136322,1.00176672
cifar10,fixed_phase,42,223,0.71041359,0.00330139,0.99046872
cifar10,fixed_phase,42,224,0.710021,0.04433621,1.00248513
cifar10,fixed_phase,42,225,0.71342004,0.00752235,1.01748666
cifar10,fixed_phase,42,226,0.70721974,0.0191132,1.05073101
cifar10,fixed_phase,42,227,0.70007322,0.05953722,0.99526131
cifar10,fixed_phase,42,228,0.70703754,0.03912398,1.00454781
cifar10,fixed_phase,42,229,0.70646432,0.04816309,0.98294793
cifar10,fixed_phase,42,230,0.70700456,0.0749914,1.02250282
cifar10,fixed_phase,42,231,0.70559585,0.01809145,1.0172536
cifar10,fixed_phase,42,232,0.70691284,0.09178516,1.00644658
cifar10,fixed_phase,42,233,0.71869995,0.0366971,1.01094095
cifar10,fixed_phase,42,234,0.70772095,0.01342111,0.9927415
cifar10,fixed_phase,42,235,0.69767147,0.08207192,1.01316227
cifar10,fixed_phase,42,236,0.70698046,0.04933026,1.00955212
cifar10,fixed_phase,42,237,0.69907877,0.05217715,1.01294333
cifar10,fixed_phase,42,238,0.70520908,0.03670033,1.00463807
cifar10,fixed_phase,42,239,0.71538746,0.05853284,1.00293722
cifar10,fixed_phase,42,240,0.69599823,0.01758831,1.01464563
cifar10,fixed_phase,42,241,0.71750119,0.01310321,1.00191667
cifar10,fixed_phase,42,242,0.71179194,0.01062738,0.98697592
cifar10,fixed_phase,42,243,0.70331048,0.00355652,0.99019134
cifar10,fixed_phase,42,244,0.71252238,0.02740706,1.01191867
cifar10,fixed_phase,42,245,0.70654539,0.07248873,0.98791601
cifar10,fixed_phase,42,246,0.70828139,0.01961693,0.99334473
cifar10,fixed_phase,42,247,0.70768377,0.05645919,0.97094666
cifar10,fixed_phase,42,248,0.7042705,0.0230046,1.0060537
cifar10,fixed_phase,42,249,0.71138157,0.02857397,1.01090629
cifar10,fixed_phase,42,250,0.70798279,0.11145833,1.00117706
cifar10,fixed_phase,42,251,0.69853833,0.03532859,0.98026056
cifar10,fixed_phase,42,252,0.70787195,0.01951509,1.00469152
cifar10,fixed_phase,42,253,0.7017271,0.07863609,0.99546731
cifar10,fixed_phase,42,254,0.7057539,0.04919772,0.9838076
cifar10,fixed_phase,42,255,0.703051,0.06892325,1.04760191
cifar10,fixed_phase,42,256,0.70388758,0.04325038,0.99019351
cifar10,fixed_phase,42,257,0.71023787,0.05491443,0.9857951
cifar10,fixed_phase,42,258,0.70640934,0.06447688,1.00170645
cifar10,fixed_phase,42,259,0.69473106,0.04904533,1.01904788
cifar10,fixed_phase,42,260,0.70663616,0.01522258,1.00604715
cifar10,fixed_phase,42,261,0.71458589,0.03073076,1.00058519
cifar10,fixed_phase,42,262,0.69736371,0.02884184,0.99569133
cifar10,fixed_phase,42,263,0.69829321,0.0060837,0.99555304
cifar10,fixed_phase,42,264,0.70595396,0.066711,1.02311046
cifar10,fixed_phase,42,265,0.71142594,0.00260222,1.0136826
cifar10,fixed_phase,42,266,0.71119156,0.04578409,1.00279787
cifar10,fixed_phase,42,267,0.69870108,0.08948144,0.99120632
cifar10,fixed_phase,42,268,0.70267276,0.02767516,1.00672435
cifar10,fixed_phase,42,269,0.71218471,0.02115704,1.00275893
cifar10,fixed_phase,42,270,0.70283298,0.03719487,0.99534404
cifar10,fixed_phase,42,271,0.7070605,0.06178312,0.99416257
cifar10,fixed_phase,42,272,0.70485084,0.09336177,0.98053724
cifar10,fixed_phase,42,273,0.69372816,0.05870293,0.98584717
cifar10,fixed_phase,42,274,0.71398973,0.03397222,1.0062883
cifar10,fixed_phase,42,275,0.70224385,0.12946238,1.01399007
cifar10,fixed_phase,42,276,0.71764704,0.09889437,0.98267785
cifar10,fixed_phase,42,277,0.70419366,0.05597777,1.00411006
cifar10,fixed_phase,42,278,0.70531025,0.03011536,0.98563032
cifar10,fixed_phase,42,279,0.70236342,0.02738209,0.98408923
cifar10,fixed_phase,42,280,0.70204374,0.0173458,0.99641795
cifar10,fixed_phase,42,281,0.7000955,0.13565711,1.01253023
cifar10,fixed_phase,42,282,0.70563747,0.05000342,0.98213432
cifar10,fixed_phase,42,283,0.71149072,0.03579191,1.01597866
cifar10,fixed_phase,42,284,0.70683744,0.0016328,1.01323758
cifar10,fixed_phase,42,285,0.71900255,0.01688225,0.99205463
cifar10,fixed_phase,42,286,0.70042918,0.03355149,0.98619678
cifar10,fixed_phase,42,287,0.69543291,0.04239944,0.99068068
cifar10,fixed_phase,42,288,0.69952545,0.03531102,1.0170859
cifar10,fixed_phase,42,289,0.69818285,0.0909988,0.99590664
cifar10,fixed_phase,42,290,0.70407393,0.05681617,1.01957389
cifar10,fixed_phase,42,291,0.71292153,0.04847713,1.0004859
cifar10,fixed_phase,42,292,0.69912264,0.0603036,1.00256561
cifar10,fixed_phase,42,293,0.70928509,0.12836906,0.99597081
cifar10,fixed_phase,42,294,0.70819304,0.09398741,1.00438282
cifar10,fixed_phase,42,295,0.70929248,0.00683997,1.0091386
cifar10,fixed_phase,42,296,0.6985162,0.0500435,0.99377675
cifar10,fixed_phase,42,297,0.70190983,0.02767461,1.02661082
cifar10,fixed_phase,42,298,0.71325349,0.0370298,1.02454568
cifar10,fixed_phase,42,299,0.7080742,0.01666091,1.0163789
cifar10,fixed_phase,42,300,0.70015489,0.01410789,0.98779608
cifar10,fixed_phase,42,301,0.71694594,0.1156343,0.98809409
cifar10,fixed_phase,42,302,0.71368897,0.03520344,1.01184552
cifar10,fixed_phase,42,303,0.70889203,0.05403534,0.99945261
cifar10,fixed_phase,42,304,0.7070559,0.02870636,0.99775186
cifar10,fixed_phase,42,305,0.69572892,0.06018662,0.98746729
cifar10,fixed_phase,42,306,0.69527195,0.03882904,1.01794881
cifar10,fixed_phase,42,307,0.7090202,0.03922567,0.9941771
cifar10,fixed_phase,42,308,0.7056367,0.05355235,0.994436
cifar10,fixed_phase,42,309,0.70696974,0.0234652,1.00434399
cifar10,fixed_phase,42,310,0.70515441,0.11593028,1.00929525
cifar10,fixed_phase,42,311,0.71148127,0.05069905,1.01885426
cifar10,fixed_phase,42,312,0.70079074,0.03995517,0.98894472
cifar10,fixed_phase,42,313,0.71591338,0.03388597,0.9994077
cifar10,fixed_phase,42,314,0.70343176,0.0304756,0.99305507
cifar10,fixed_phase,42,315,0.70824603,0.02496341,1.00629714
cifar10,fixed_phase,42,316,0.71350535,0.04111662,0.99879559
cifar10,fixed_phase,42,317,0.69562905,0.06031169,0.98605203
cifar10,fixed_phase,42,318,0.69647652,0.04370444,1.00076675
cifar10,fixed_phase,42,319,0.70750872,0.0125839,1.01362415
cifar10,fixed_phase,42,320,0.70162797,0.05728946,1.01917488
cifar10,fixed_phase,42,321,0.69818607,0.01008546,0.98331691
cifar10,fixed_phase,42,322,0.71045194,0.02989114,0.97476472
cifar10,fixed_phase,42,323,0.70622581,0.03998777,1.0225627
cifar10,fixed_phase,42,324,0.70721109,0.02607065,0.9806422
cifar10,fixed_phase,42,325,0.70716728,0.04938847,1.00104371
cifar10,fixed_phase,42,326,0.70006746,0.01554697,0.99310466
cifar10,fixed_phase,42,327,0.70282202,0.01521267,1.02301708
cifar10,fixed_phase,42,328,0.69945951,0.03050941,1.01662401
cifar10,fixed_phase,42,329,0.70394932,0.00861584,1.00857519
cifar10,fixed_phase,42,330,0.7115827,0.03498862,1.0016673
cifar10,fixed_phase,42,331,0.71272895,0.06718576,1.02531765
cifar10,fixed_phase,42,332,0.70621942,0.03867555,0.99048669
cifar10,fixed_phase,42,333,0.70860227,0.00814334,1.00193433
cifar10,fixed_phase,42,334,0.71156624,0.05229246,0.98611237
cifar10,fixed_phase,42,335,0.69819549,0.0623272,0.99637002
cifar10,fixed_phase,42,336,0.71493774,0.03837439,1.01385774
cifar10,fixed_phase,42,337,0.7065633,0.11424777,1.00205473
cifar10,fixed_phase,42,338,0.70837138,0.06654453,0.99240684
cifar10,fixed_phase,42,339,0.71567484,0.04698622,1.00819344
cifar10,fixed_phase,42,340,0.69286403,0.06525838,0.98445374
cifar10,fixed_phase,42,341,0.71296654,0.01126346,0.99722539
cifar10,fixed_phase,42,342,0.69882552,0.09623913,0.99402211
cifar10,fixed_phase,42,343,0.71145561,0.05561373,0.97841293
cifar10,fixed_phase,42,344,0.70404532,0.03554564,1.00987189
cifar10,fixed_phase,42,345,0.70593523,0.00222961,0.96962687
cifar10,fixed_phase,42,346,0.70072788,0.0677914,0.99157173
cifar10,fixed_phase,42,347,0.70222146,0.02210127,1.02141028
cifar10,fixed_phase,42,348,0.71086634,0.04357716,0.99079943
cifar10,fixed_phase,42,349,0.70308795,0.02594007,1.00829313
cifar10,fixed_phase,42,350,0.70337191,0.0196956,0.9968908
cifar10,fixed_phase,42,351,0.70644039,0.06036835,0.9905577
cifar10,fixed_phase,42,352,0.70315893,0.02006136,0.98660559
cifar10,fixed_phase,42,353,0.69675105,0.00575841,0.96959779
cifar10,fixed_phase,42,354,0.69925454,0.03137658,1.01725888
cifar10,fixed_phase,42,355,0.71745821,0.05493035,0.99043628
cifar10,fixed_phase,42,356,0.71704295,0.00652246,1.03311308
cifar10,fixed_phase,42,357,0.71655452,0.07107304,1.03052438
cifar10,fixed_phase,42,358,0.69946627,0.00093887,1.00430743
cifar10,fixed_phase,42,359,0.70681682,0.01681723,0.99477606
cifar10,fixed_phase,42,360,0.69712631,0.00783318,1.01003796
cifar10,fixed_phase,42,361,0.7063481,0.04772456,1.01812406
cifar10,fixed_phase,42,362,0.71206622,0.14417064,0.99189701
cifar10,fixed_phase,42,363,0.70472518,0.05671416,0.9928575
cifar10,fixed_phase,42,364,0.72103957,0.02253869,0.97723858
cifar10,fixed_phase,42,365,0.70682057,0.04564369,0.97598541
cifar10,fixed_phase,42,366,0.70510557,0.01548201,1.02030018
cifar10,fixed_phase,42,367,0.70827862,0.04229954,0.98978697
cifar10,fixed_phase,42,368,0.69699562,0.00336248,1.00134259
cifar10,fixed_phase,42,369,0.69933062,0.03534743,0.98525332
cifar10,fixed_phase,42,370,0.70618124,0.06577275,0.97531048
cifar10,fixed_phase,42,371,0.70650153,0.03836294,0.99841494
cifar10,fixed_phase,42,372,0.70848814,0.01748375,1.01258153
cifar10,fixed_phase,42,373,0.70944734,0.02572052,1.02428737
cifar10,fixed_phase,42,374,0.71022084,0.03600528,1.00282918
cifar10,fixed_phase,42,375,0.70775813,0.04037335,1.02425357
cifar10,fixed_phase,42,376,0.70650882,0.0018246,0.94785125
cifar10,fixed_phase,42,377,0.69842279,0.04642275,0.99959276
cifar10,fixed_phase,42,378,0.71083803,0.00695784,1.03310589
cifar10,fixed_phase,42,379,0.70631458,0.0659878,0.9919833
cifar10,fixed_phase,42,380,0.70949457,0.03704292,1.00934735
cifar10,fixed_phase,42,381,0.71193275,0.00455343,1.01453893
cifar10,fixed_phase,42,382,0.70902869,0.00849194,0.98806474
cifar10,fixed_phase,42,383,0.70928269,0.00042624,1.00251746
cifar10,fixed_phase,42,384,0.70813737,0.00944282,1.01775072
cifar10,fixed_phase,42,385,0.7056624,0.06030566,0.9828466
cifar10,fixed_phase,42,386,0.70320019,0.08348266,1.00033653
cifar10,fixed_phase,42,387,0.7173641,0.06108241,1.01102994
cifar10,fixed_phase,42,388,0.7078349,0.02945828,0.99354475
cifar10,fixed_phase,42,389,0.71205929,0.05334787,1.01068711
cifar10,fixed_phase,42,390,0.6996893,0.06603887,0.99835215
cifar10,fixed_phase,42,391,0.70054457,0.00230254,1.00305387
cifar10,fixed_phase,42,392,0.70535996,0.01331513,1.00446402
cifar10,fixed_phase,42,393,0.71031308,0.06648937,0.96756312
cifar10,fixed_phase,42,394,0.70555116,0.06663558,1.00422275
cifar10,fixed_phase,42,395,0.70701038,0.01501843,1.02977379
cifar10,fixed_phase,42,396,0.70523419,0.01630061,1.0014374
cifar10,fixed_phase,42,397,0.70109854,0.01195115,0.99091762
cifar10,fixed_phase,42,398,0.70991812,0.00746431,0.99713737
cifar10,fixed_phase,42,399,0.69627772,0.0482687,1.01060121
cifar10,fixed_phase,42,400,0.70276942,0.04358901,0.98619739
cifar10,fixed_phase,42,401,0.69911397,0.03435269,0.99074905
cifar10,fixed_phase,42,402,0.68700214,0.05336966,0.99027289
cifar10,fixed_phase,42,403,0.70943692,0.027871,1.02292265
cifar10,fixed_phase,42,404,0.7101235,0.09231724,0.98566329
cifar10,fixed_phase,42,405,0.69675966,0.04878739,0.97848099
cifar10,fixed_phase,42,406,0.70757017,0.02559056,1.02486849
cifar10,fixed_phase,42,407,0.69790486,0.03756105,0.97776464
cifar10,fixed_phase,42,408,0.70627965,0.03098654,0.99943864
cifar10,fixed_phase,42,409,0.70942902,0.074067,1.01265676
cifar10,fixed_phase,42,410,0.70019312,0.01040884,1.0247699
cifar10,fixed_phase,42,411,0.71253813,0.07807833,1.03217989
cifar10,fixed_phase,42,412,0.70778686,0.03880685,1.01811768
cifar10,fixed_phase,42,413,0.70377788,0.04459625,1.00768152
cifar10,fixed_phase,42,414,0.70527655,0.02062946,0.98838044
cifar10,fixed_phase,42,415,0.70580704,0.04127469,0.9957828
cifar10,fixed_phase,42,416,0.7049434,0.01882146,0.99944348
cifar10,fixed_phase,42,417,0.70918201,0.0117019,0.99347082
cifar10,fixed_phase,42,418,0.70623543,0.02345576,1.00343208
cifar10,fixed_phase,42,419,0.70669663,0.07276577,1.00936889
cifar10,fixed_phase,42,420,0.70629052,0.02987176,0.9921305
cifar10,fixed_phase,42,421,0.71351849,0.01504567,0.96778643
cifar10,fixed_phase,42,422,0.71438056,0.01168127,1.0189161
cifar10,fixed_phase,42,423,0.71561364,0.00951103,1.01627771
cifar10,fixed_phase,42,424,0.70181581,0.00608299,1.00924677
cifar10,fixed_phase,42,425,0.69646638,0.09771488,1.00448159
cifar10,fixed_phase,42,426,0.70904461,0.03106678,1.00294767
cifar10,fixed_phase,42,427,0.70652776,0.02570383,0.98714939
cifar10,fixed_phase,42,428,0.70939079,0.04013569,0.99070944
cifar10,fixed_phase,42,429,0.69842097,0.02824482,1.00093172
cifar10,fixed_phase,42,430,0.70768046,0.04676113,1.00688841
cifar10,fixed_phase,42,431,0.69301007,0.00358314,0.99673475
cifar10,fixed_phase,42,432,0.69099112,0.04234891,0.97153854
cifar10,fixed_phase,42,433,0.71653432,0.08486592,0.9993203
cifar10,fixed_phase,42,434,0.70729147,0.07413221,0.99857518
cifar10,fixed_phase,42,435,0.70646646,0.08541991,0.99962436
cifar10,fixed_phase,42,436,0.70886724,0.04276665,0.99668329
cifar10,fixed_phase,42,437,0.70115941,0.03432661,1.00557737
cifar10,fixed_phase,42,438,0.70988778,0.06631611,1.01714989
cifar10,fixed_phase,42,439,0.70001572,0.0090829,1.00426436
cifar10,fixed_phase,42,440,0.71113504,0.11131507,0.97741935
cifar10,fixed_phase,42,441,0.70379353,0.02040721,1.0069335
cifar10,fixed_phase,42,442,0.71187997,0.05875675,1.00145028
cifar10,fixed_phase,42,443,0.69781966,0.09486311,0.98784823
cifar10,fixed_phase,42,444,0.7063574,0.09484498,0.9894002
cifar10,fixed_phase,42,445,0.70870148,0.04449173,1.0161871
cifar10,fixed_phase,42,446,0.70548217,0.04800851,1.02971565
cifar10,fixed_phase,42,447,0.71684661,0.00600848,1.00335258
cifar10,fixed_phase,42,448,0.71937958,0.06731796,0.99468388
cifar10,fixed_phase,42,449,0.70230711,0.04549907,0.99072089
cifar10,fixed_phase,42,450,0.70047703,0.06205365,0.98083672
cifar10,fixed_phase,42,451,0.69583897,0.04574111,0.99004716
cifar10,fixed_phase,42,452,0.6960552,0.01607012,0.98857261
cifar10,fixed_phase,42,453,0.70885431,0.01600632,1.01942267
cifar10,fixed_phase,42,454,0.7052537,0.03607568,1.00216733
cifar10,fixed_phase,42,455,0.71179849,0.03753063,1.01432333
cifar10,fixed_phase,42,456,0.70464312,0.03607593,0.99801932
cifar10,fixed_phase,42,457,0.70421706,0.01732424,1.00714082
cifar10,fixed_phase,42,458,0.70309954,0.07552532,0.98524053
cifar10,fixed_phase,42,459,0.70822136,0.09013602,1.00250683
cifar10,fixed_phase,42,460,0.70932561,0.04469035,0.9894576
cifar10,fixed_phase,42,461,0.70762798,0.06200212,0.98223334
cifar10,fixed_phase,42,462,0.71014674,0.02268025,1.01238766
cifar10,fixed_phase,42,463,0.70373988,0.04141162,0.9760897
cifar10,fixed_phase,42,464,0.7194542,0.10344812,1.00774193
cifar10,fixed_phase,42,465,0.70270279,0.00335457,0.97421991
cifar10,fixed_phase,42,466,0.70832252,0.00882295,1.01280519
cifar10,fixed_phase,42,467,0.70618503,0.05421811,1.00581112
cifar10,fixed_phase,42,468,0.70744195,0.09950259,1.00926944
cifar10,fixed_phase,42,469,0.70376135,0.03270394,1.00548988
cifar10,fixed_phase,42,470,0.71013874,0.04434215,1.00699618
cifar10,fixed_phase,42,471,0.709917,0.04377838,0.98038474
cifar10,fixed_phase,42,472,0.70809607,0.05862842,0.9837489
cifar10,fixed_phase,42,473,0.70577869,0.01164606,1.00792123
cifar10,fixed_phase,42,474,0.70555636,0.01306052,1.01819581
cifar10,fixed_phase,42,475,0.69979424,0.01988375,0.99819654
cifar10,fixed_phase,42,476,0.70522676,0.04766111,1.00791586
cifar10,fixed_phase,42,477,0.70733561,0.01965376,1.01567503
cifar10,fixed_phase,42,478,0.70612375,0.09861264,1.01953017
cifar10,fixed_phase,42,479,0.71424778,0.0826509,1.0069037
cifar10,fixed_phase,42,480,0.69306823,0.00845044,1.03850555
cifar10,fixed_phase,42,481,0.70001416,0.03249117,0.99328987
cifar10,fixed_phase,42,482,0.7142572,0.08904992,1.00370906
cifar10,fixed_phase,42,483,0.7038187,0.03723654,0.99820911
cifar10,fixed_phase,42,484,0.71093306,0.08208581,1.01416064
cifar10,fixed_phase,42,485,0.70746416,0.01620302,1.01662405
cifar10,fixed_phase,42,486,0.70648079,0.05484328,1.01609539
cifar10,fixed_phase,42,487,0.70939346,0.02331408,0.99697616
cifar10,fixed_phase,42,488,0.70394291,0.0808686,1.037518
cifar10,fixed_phase,42,489,0.71432848,0.01037939,1.0058938
cifar10,fixed_phase,42,490,0.69897515,0.03789128,0.98433741
cifar10,fixed_phase,42,491,0.700837,0.0197116,0.99538211
cifar10,fixed_phase,42,492,0.7109305,0.03037075,0.99742655
cifar10,fixed_phase,42,493,0.70862959,0.08086094,0.99122708
cifar10,fixed_phase,42,494,0.70984191,0.06592801,0.991061
cifar10,fixed_phase,42,495,0.69830897,0.02508583,0.97388768
cifar10,fixed_phase,42,496,0.71425275,0.04059757,1.02514793
cifar10,fixed_phase,42,497,0.7074671,0.0289758,1.01195428
cifar10,fixed_phase,42,498,0.7091526,0.00316419,0.97650322
cifar10,fixed_phase,42,499,0.70841785,0.03438475,1.02447682
cifar10,fixed_phase,42,500,0.70117063,0.01663553,1.01279147
cifar10,fixed_phase,42,501,0.71610698,0.03258989,0.98322987
cifar10,fixed_phase,42,502,0.70498089,0.01878884,0.97961338
cifar10,fixed_phase,42,503,0.70982214,0.03853449,0.97433798
cifar10,fixed_phase,42,504,0.70130279,0.06870144,1.00349821
cifar10,fixed_phase,42,505,0.71031944,0.0692047,1.02966099
cifar10,fixed_phase,42,506,0.70791939,0.01661106,0.98854256
cifar10,fixed_phase,42,507,0.69633847,0.07465213,0.98828209
cifar10,fixed_phase,42,508,0.69236748,0.00316813,1.0183756
cifar10,fixed_phase,42,509,0.70483763,0.01014509,1.00588175
cifar10,fixed_phase,42,510,0.71905169,0.07026373,0.98392382
cifar10,fixed_phase,42,511,0.70615768,0.01280218,0.96649484
cifar10,fixed_phase,42,512,0.70726007,0.00801779,1.0137207
cifar10,fixed_phase,42,513,0.7012988,0.03942542,1.01050684
cifar10,fixed_phase,42,514,0.7070266,0.03419479,1.00410442
cifar10,fixed_phase,42,515,0.70707411,0.02183607,1.01041508
cifar10,fixed_phase,42,516,0.70144804,0.02073214,0.99405557
cifar10,fixed_phase,42,517,0.71017492,0.01624919,0.99994011
cifar10,fixed_phase,42,518,0.7091104,0.00833465,0.99319413
cifar10,fixed_phase,42,519,0.70167989,0.01298798,0.9995155
cifar10,fixed_phase,42,520,0.69791908,0.03725278,0.98967995
cifar10,fixed_phase,42,521,0.70202603,0.04417002,1.0138811
cifar10,fixed_phase,42,522,0.71415081,0.00763983,1.01018764
cifar10,fixed_phase,42,523,0.70769598,0.02933131,1.01619385
cifar10,fixed_phase,42,524,0.70104003,0.01303291,0.98180235
cifar10,fixed_phase,42,525,0.71335883,0.00857331,1.00362618
cifar10,fixed_phase,42,526,0.7034193,0.04130886,1.01738508
cifar10,fixed_phase,42,527,0.69940331,0.05477104,1.00124462
cifar10,fixed_phase,42,528,0.71000589,0.06431344,1.00441804
cifar10,fixed_phase,42,529,0.71869229,0.00465955,1.00348753
cifar10,fixed_phase,42,530,0.7121343,0.08422518,1.01505817
cifar10,fixed_phase,42,531,0.71185845,0.02873269,0.98335107
cifar10,fixed_phase,42,532,0.7005136,0.01516567,0.99932164
cifar10,fixed_phase,42,533,0.70128975,0.0342422,0.97332357
cifar10,fixed_phase,42,534,0.70814804,0.02251411,0.99230065
cifar10,fixed_phase,42,535,0.70717171,0.02526757,1.02372386
cifar10,fixed_phase,42,536,0.70403322,0.00328711,0.97432733
cifar10,fixed_phase,42,537,0.7042743,0.012316,1.00816834
cifar10,fixed_phase,42,538,0.70860387,0.13914893,0.99695106
cifar10,fixed_phase,42,539,0.71419027,0.02124808,0.96486334
cifar10,fixed_phase,42,540,0.71044762,0.09254459,0.99841064
cifar10,fixed_phase,42,541,0.70250086,0.05012551,1.01662455
cifar10,fixed_phase,42,542,0.70930074,0.06861213,1.00013661
cifar10,fixed_phase,42,543,0.70364707,0.0434638,1.00345232
cifar10,fixed_phase,42,544,0.70844679,0.06044627,1.02690299
cifar10,fixed_phase,42,545,0.69863885,0.02638536,0.99001206
cifar10,fixed_phase,42,546,0.69678096,0.02916714,1.00511184
cifar10,fixed_phase,42,547,0.70384866,0.0776981,1.00078886
cifar10,fixed_phase,42,548,0.71016983,0.01680172,1.01064741
cifar10,fixed_phase,42,549,0.70692482,0.00244777,1.00606792
cifar10,fixed_phase,42,550,0.70784004,0.01734905,1.01223221
cifar10,fixed_phase,42,551,0.70701991,0.02101841,0.99119035
cifar10,fixed_phase,42,552,0.70176535,0.0780927,0.98928919
cifar10,fixed_phase,42,553,0.71424258,0.00290964,1.00832771
cifar10,fixed_phase,42,554,0.70023138,0.10731808,1.03075874
cifar10,fixed_phase,42,555,0.70394448,0.03749174,1.00224783
cifar10,fixed_phase,42,556,0.71003562,0.08400006,0.99925712
cifar10,fixed_phase,42,557,0.71010979,0.10322157,0.97495845
cifar10,fixed_phase,42,558,0.70948642,0.03868424,0.99685531
cifar10,fixed_phase,42,559,0.70820225,0.00589186,1.01419934
cifar10,fixed_phase,42,560,0.71083732,0.00204227,0.98438727
cifar10,fixed_phase,42,561,0.6942654,0.02140286,0.9839554
cifar10,fixed_phase,42,562,0.7035513,0.05475843,0.99031856
cifar10,fixed_phase,42,563,0.70628954,0.04055171,0.98146217
cifar10,fixed_phase,42,564,0.70457378,0.05721798,0.99687631
cifar10,fixed_phase,42,565,0.70560847,0.01314321,1.00837655
cifar10,fixed_phase,42,566,0.70183984,0.07719451,0.99373147
cifar10,fixed_phase,42,567,0.71349267,0.016393,1.01807213
cifar10,fixed_phase,42,568,0.70384621,0.03471151,0.99346686
cifar10,fixed_phase,42,569,0.7150426,0.00999713,1.00728123
cifar10,fixed_phase,42,570,0.7081801,0.00546054,1.03383351
cifar10,fixed_phase,42,571,0.71489365,0.02258433,0.97550798
cifar10,fixed_phase,42,572,0.70260591,0.04694071,0.97365707
cifar10,fixed_phase,42,573,0.70218413,0.00166251,1.01108355
cifar10,fixed_phase,42,574,0.70147269,0.06760116,1.01315751
cifar10,fixed_phase,42,575,0.70139463,0.02683564,1.02495277
cifar10,fixed_phase,42,576,0.70150863,0.0873516,1.01406111
cifar10,fixed_phase,42,577,0.69730426,0.08227041,1.00797143
cifar10,fixed_phase,42,578,0.6956752,0.03227199,0.98832438
cifar10,fixed_phase,42,579,0.70789923,0.06772082,0.99597847
cifar10,fixed_phase,42,580,0.71166173,0.01329546,1.00084785
cifar10,fixed_phase,42,581,0.70718127,0.0149757,1.01022761
cifar10,fixed_phase,42,582,0.70090808,0.03184835,1.00700417
cifar10,fixed_phase,42,583,0.71064735,0.03249638,0.97796632
cifar10,fixed_phase,42,584,0.7150277,0.00602176,1.00923422
cifar10,fixed_phase,42,585,0.70250354,0.03759492,0.99173427
cifar10,fixed_phase,42,586,0.70394799,0.0127171,1.01837974
cifar10,fixed_phase,42,587,0.70191183,0.01583719,0.99057624
cifar10,fixed_phase,42,588,0.70970716,0.07382606,1.00719645
cifar10,fixed_phase,42,589,0.71545381,0.00605739,1.03322353
cifar10,fixed_phase,42,590,0.69256184,0.00534538,0.9856654
cifar10,fixed_phase,42,591,0.70152196,0.04033401,1.02577191
cifar10,fixed_phase,42,592,0.71882749,0.04916364,0.98241385
cifar10,fixed_phase,42,593,0.70670367,0.0484247,1.00687769
cifar10,fixed_phase,42,594,0.70466982,0.05443692,1.03205549
cifar10,fixed_phase,42,595,0.70432598,0.10304823,1.00989201
cifar10,fixed_phase,42,596,0.70738137,0.07749853,1.00224143
cifar10,fixed_phase,42,597,0.69808084,0.04817406,0.97372904
cifar10,fixed_phase,42,598,0.71740876,0.0837808,1.00593074
cifar10,fixed_phase,42,599,0.70052749,0.03081444,0.99360807
cifar10,fixed_phase,42,600,0.71608874,0.0033372,0.9961855
cifar10,fixed_phase,42,601,0.7075308,0.01925211,0.99632338
cifar10,fixed_phase,42,602,0.7026579,0.07296646,0.975217
cifar10,fixed_phase,42,603,0.70050262,0.08416109,0.99395583
cifar10,fixed_phase,42,604,0.7069563,0.03680212,1.00246202
cifar10,fixed_phase,42,605,0.69280319,0.07695669,0.99381232
cifar10,fixed_phase,42,606,0.71110291,0.03644615,0.9991788
cifar10,fixed_phase,42,607,0.69628453,0.04758428,1.00605726
cifar10,fixed_phase,42,608,0.7028402,0.02826884,1.00025152
cifar10,fixed_phase,42,609,0.70556185,0.00136744,1.00615967
cifar10,fixed_phase,42,610,0.70909214,0.08204206,1.02849822
cifar10,fixed_phase,42,611,0.70463902,0.02540804,0.99660013
cifar10,fixed_phase,42,612,0.70751428,0.04556424,1.01231701
cifar10,fixed_phase,42,613,0.70622647,0.00990567,0.99317402
cifar10,fixed_phase,42,614,0.71431158,0.03215912,1.028381
cifar10,fixed_phase,42,615,0.70310186,0.06220128,1.00511778
cifar10,fixed_phase,42,616,0.70061272,0.05255144,0.95882909
cifar10,fixed_phase,42,617,0.70634401,0.04727285,1.00630666
cifar10,fixed_phase,42,618,0.71120655,2.083e-05,1.00996361
cifar10,fixed_phase,42,619,0.69480034,0.00395739,0.98367565
cifar10,fixed_phase,42,620,0.70694218,0.01752671,0.98113404
cifar10,fixed_phase,42,621,0.7007126,0.04398708,1.01861316
cifar10,fixed_phase,42,622,0.70526882,0.02066329,0.99868654
cifar10,fixed_phase,42,623,0.70794298,0.04673384,0.97535577
cifar10,fixed_phase,42,624,0.70503671,0.02291197,1.00779991
cifar10,fixed_phase,42,625,0.69793678,0.03792141,1.01381549
cifar10,fixed_phase,42,626,0.70521733,0.00523716,0.9923232
cifar10,fixed_phase,42,627,0.70141448,0.07008158,1.01132019
cifar10,fixed_phase,42,628,0.70424878,0.00569635,0.9995089
cifar10,fixed_phase,42,629,0.69847079,0.05173069,1.00546247
cifar10,fixed_phase,42,630,0.71582888,0.04730396,0.99464427
cifar10,fixed_phase,42,631,0.70764959,0.03519685,0.98731999
cifar10,fixed_phase,42,632,0.71550318,0.04844493,0.98979887
cifar10,fixed_phase,42,633,0.70864628,0.0807017,1.02639069
cifar10,fixed_phase,42,634,0.71250899,0.00720986,1.02641393
cifar10,fixed_phase,42,635,0.71309213,0.03710105,0.99756012
cifar10,fixed_phase,42,636,0.71238976,0.01317451,0.99060708
cifar10,fixed_phase,42,637,0.71700409,0.02207341,1.02693161
cifar10,fixed_phase,42,638,0.70823974,0.0182958,0.98201784
cifar10,fixed_phase,42,639,0.69654708,0.053302,0.97274019
cifar10,fixed_phase,42,640,0.7130214,0.04138954,1.00857093
cifar10,fixed_phase,42,641,0.71219934,0.06894629,1.00025505
cifar10,fixed_phase,42,642,0.70677724,0.00898365,1.03685202
cifar10,fixed_phase,42,643,0.70289763,0.03223765,1.00385061
cifar10,fixed_phase,42,644,0.71312407,0.05630814,0.99613261
cifar10,fixed_phase,42,645,0.71766717,0.03176465,0.99534443
cifar10,fixed_phase,42,646,0.70061561,0.00185025,1.02051953
cifar10,fixed_phase,42,647,0.70347732,0.02610638,0.97708084
cifar10,fixed_phase,42,648,0.71503923,0.03489742,1.00950612
cifar10,fixed_phase,42,649,0.71177558,0.04026271,0.96960573
cifar10,fixed_phase,42,650,0.6956486,0.04120705,1.01657373
cifar10,fixed_phase,42,651,0.7088533,0.07803695,1.01653024
cifar10,fixed_phase,42,652,0.71083535,0.02599077,1.01880784
cifar10,fixed_phase,42,653,0.69986524,0.01014582,0.97860978
cifar10,fixed_phase,42,654,0.7039749,0.05577966,1.02079123
cifar10,fixed_phase,42,655,0.70457665,0.05187278,0.9797989
cifar10,fixed_phase,42,656,0.69857255,0.06641582,1.00073725
cifar10,fixed_phase,42,657,0.70522832,0.04379085,0.9844645
cifar10,fixed_phase,42,658,0.70996202,0.03389698,0.99494047
cifar10,fixed_phase,42,659,0.71036019,0.01979634,0.99475509
cifar10,fixed_phase,42,660,0.70725678,0.02002585,0.96996273
cifar10,fixed_phase,42,661,0.71640202,0.02919414,1.01294783
cifar10,fixed_phase,42,662,0.70511508,0.01653487,0.99287476
cifar10,fixed_phase,42,663,0.70756886,0.0417331,1.01195483
cifar10,fixed_phase,42,664,0.70348107,0.06923522,0.97165369
cifar10,fixed_phase,42,665,0.70837786,0.08756924,0.99453753
cifar10,fixed_phase,42,666,0.70007428,0.00769586,0.99113016
cifar10,fixed_phase,42,667,0.71213912,0.05277691,0.994139
cifar10,fixed_phase,42,668,0.70470639,0.00111873,1.00262775
cifar10,fixed_phase,42,669,0.7069702,0.01524379,1.008939
cifar10,fixed_phase,42,670,0.71461633,0.02377746,1.00091291
cifar10,fixed_phase,42,671,0.71536032,0.00359972,0.98780379
cifar10,fixed_phase,42,672,0.71106928,0.00729307,0.99723454
cifar10,fixed_phase,42,673,0.70451274,0.03962731,0.98849564
cifar10,fixed_phase,42,674,0.70262661,0.04836873,1.01736967
cifar10,fixed_phase,42,675,0.71316798,0.0416584,0.99830787
cifar10,fixed_phase,42,676,0.71053824,0.00304462,1.00030838
cifar10,fixed_phase,42,677,0.71525112,0.02169538,0.99432518
cifar10,fixed_phase,42,678,0.70555963,0.01657322,0.97646988
cifar10,fixed_phase,42,679,0.70939053,0.00550699,1.00524944
cifar10,fixed_phase,42,680,0.69750281,0.08482015,1.01267724
cifar10,fixed_phase,42,681,0.70952056,0.01951127,1.00298734
cifar10,fixed_phase,42,682,0.71028163,0.03989839,1.00976684
cifar10,fixed_phase,42,683,0.70189523,0.03009703,1.02506025
cifar10,fixed_phase,42,684,0.71187409,0.04718136,0.98943004
cifar10,fixed_phase,42,685,0.70732739,0.06205368,1.00543033
cifar10,fixed_phase,42,686,0.70936083,0.02153146,1.0191269
cifar10,fixed_phase,42,687,0.70392956,0.12428116,1.01367634
cifar10,fixed_phase,42,688,0.71166029,0.0110201,1.02059624
cifar10,fixed_phase,42,689,0.70532523,0.01200865,1.00256233
cifar10,fixed_phase,42,690,0.70184013,0.00890364,0.98425071
cifar10,fixed_phase,42,691,0.70069121,0.04006893,0.99327464
cifar10,fixed_phase,42,692,0.70664416,0.05703731,0.99431298
cifar10,fixed_phase,42,693,0.70677906,0.01736752,0.98327321
cifar10,fixed_phase,42,694,0.70492471,0.01786682,0.98419408
cifar10,fixed_phase,42,695,0.69214877,0.03674894,0.98971274
cifar10,fixed_phase,42,696,0.69320335,0.03695267,0.99218854
cifar10,fixed_phase,42,697,0.70706957,0.01095619,1.0139452
cifar10,fixed_phase,42,698,0.70343929,0.04433024,0.99544923
cifar10,fixed_phase,42,699,0.73150531,0.03571663,1.02408829
cifar10,fixed_phase,42,700,0.7050958,0.05442752,0.9981673
cifar10,fixed_phase,42,701,0.70179762,0.04294953,1.0033496
cifar10,fixed_phase,42,702,0.70232317,0.02856671,1.0133279
cifar10,fixed_phase,42,703,0.70885383,0.07222197,0.99145122
cifar10,fixed_phase,42,704,0.72466878,0.0133603,1.00267049
cifar10,fixed_phase,42,705,0.70485684,0.01578473,1.00919336
cifar10,fixed_phase,42,706,0.7057504,0.07162911,0.98425504
cifar10,fixed_phase,42,707,0.70200794,0.09081493,1.00019627
cifar10,fixed_phase,42,708,0.70247444,0.04085075,0.98245708
cifar10,fixed_phase,42,709,0.70053226,0.14279917,0.99276791
cifar10,fixed_phase,42,710,0.71209804,0.0344866,1.00315945
cifar10,fixed_phase,42,711,0.70692652,0.03886516,0.99425867
cifar10,fixed_phase,42,712,0.705036,0.05750484,0.97575556
cifar10,fixed_phase,42,713,0.70648664,0.04265137,1.03143431
cifar10,fixed_phase,42,714,0.70397343,0.06416062,0.98930474
cifar10,fixed_phase,42,715,0.70728027,0.02295445,1.01501891
cifar10,fixed_phase,42,716,0.70004575,0.00025712,0.9787217
cifar10,fixed_phase,42,717,0.70276843,0.02210406,1.0020932
cifar10,fixed_phase,42,718,0.71789141,0.02423282,1.00536677
cifar10,fixed_phase,42,719,0.70631365,0.06625671,0.9903593
cifar10,fixed_phase,42,720,0.71167923,0.015678,1.00029623
cifar10,fixed_phase,42,721,0.70178862,0.0393864,1.01060645
cifar10,fixed_phase,42,722,0.70749771,0.06646846,0.98613789
cifar10,fixed_phase,42,723,0.70508767,0.01786665,0.99015023
cifar10,fixed_phase,42,724,0.71242032,0.01648415,1.01457766
cifar10,fixed_phase,42,725,0.7021905,0.04731081,1.0061023
cifar10,fixed_phase,42,726,0.70686336,0.02477976,0.99093027
cifar10,fixed_phase,42,727,0.70897711,0.01226768,1.00774565
cifar10,fixed_phase,42,728,0.70908789,0.0823725,1.0100774
cifar10,fixed_phase,42,729,0.70850842,0.00441719,0.99096757
cifar10,fixed_phase,42,730,0.70872202,0.05343375,0.99613291
cifar10,fixed_phase,42,731,0.70409696,0.01758181,1.02215474
cifar10,fixed_phase,42,732,0.71913953,0.06265266,1.03579336
cifar10,fixed_phase,42,733,0.70603002,0.01885804,0.9939666
cifar10,fixed_phase,42,734,0.70437778,0.00535561,0.98834227
cifar10,fixed_phase,42,735,0.71447422,0.07599423,1.00239513
cifar10,fixed_phase,42,736,0.70714792,0.00112348,1.00585925
cifar10,fixed_phase,42,737,0.70282917,0.07176461,1.01222022
cifar10,fixed_phase,42,738,0.70113651,0.02861557,1.01920386
cifar10,fixed_phase,42,739,0.70798997,0.09544456,1.01427748
cifar10,fixed_phase,42,740,0.70401464,0.03428801,0.96608849
cifar10,fixed_phase,42,741,0.70806501,0.0412664,0.99595389
cifar10,fixed_phase,42,742,0.69843679,0.09853722,1.01424789
cifar10,fixed_phase,42,743,0.71059465,0.01129293,1.00483559
cifar10,fixed_phase,42,744,0.70776065,0.00021701,0.99600976
cifar10,fixed_phase,42,745,0.70606319,0.02708303,0.98755835
cifar10,fixed_phase,42,746,0.70175805,0.02597348,0.99561401
cifar10,fixed_phase,42,747,0.71003633,0.07554965,1.00707399
cifar10,fixed_phase,42,748,0.71095704,0.04695228,0.97729045
cifar10,fixed_phase,42,749,0.70396356,0.11320059,0.98480339
cifar10,fixed_phase,42,750,0.70749166,0.07865933,1.01874073
cifar10,fixed_phase,42,751,0.71508957,0.00582513,0.97663484
cifar10,fixed_phase,42,752,0.70545651,0.07250102,1.02067404
cifar10,fixed_phase,42,753,0.71070484,0.02272147,0.99893575
cifar10,fixed_phase,42,754,0.71016629,0.07284053,0.98144187
cifar10,fixed_phase,42,755,0.70626057,0.01320928,1.00809677
cifar10,fixed_phase,42,756,0.69959773,0.05188824,0.9983339
cifar10,fixed_phase,42,757,0.71001691,0.02383336,0.98021366
cifar10,fixed_phase,42,758,0.70692266,0.08245009,1.00032083
cifar10,fixed_phase,42,759,0.71298013,0.03349921,0.99814808
cifar10,fixed_phase,42,760,0.70736354,0.00175549,0.9853024
cifar10,fixed_phase,42,761,0.70308057,0.00486473,0.99996797
cifar10,fixed_phase,42,762,0.70874849,0.01375074,1.02246805
cifar10,fixed_phase,42,763,0.70676226,0.05326382,0.99430425
cifar10,fixed_phase,42,764,0.71221025,0.05026649,0.98383118
cifar10,fixed_phase,42,765,0.70206799,0.07376608,1.01081213
cifar10,fixed_phase,42,766,0.70655459,0.06878559,0.97702692
cifar10,fixed_phase,42,767,0.7167005,0.02018811,0.9826141
cifar10,fixed_phase,42,768,0.70843471,0.01485684,0.97792014
cifar10,fixed_phase,42,769,0.70783353,0.02536757,0.98701654
cifar10,fixed_phase,42,770,0.7100662,0.04946624,0.96782762
cifar10,fixed_phase,42,771,0.71158874,0.13058064,1.00536649
cifar10,fixed_phase,42,772,0.71129974,0.01294048,0.99580958
cifar10,fixed_phase,42,773,0.7162392,0.03427056,1.02049426
cifar10,fixed_phase,42,774,0.71429124,0.03507004,0.99820954
cifar10,fixed_phase,42,775,0.70831451,0.01882279,1.00584765
cifar10,fixed_phase,42,776,0.69700868,0.00773263,0.99719083
cifar10,fixed_phase,42,777,0.69685708,0.03417252,0.99919134
cifar10,fixed_phase,42,778,0.70305567,0.02239788,1.00503106
cifar10,fixed_phase,42,779,0.70294477,0.02628797,0.98787392
cifar10,fixed_phase,42,780,0.6999992,0.07296587,0.98951891
cifar10,fixed_phase,42,781,0.71206607,0.01704896,0.99869888
cifar10,fixed_phase,42,782,0.70376789,0.06229128,1.00484216
cifar10,fixed_phase,42,783,0.7106057,0.05783663,1.00191475
cifar10,fixed_phase,42,784,0.70375692,0.01710806,1.00509829
cifar10,fixed_phase,42,785,0.70792639,0.00300905,1.00281946
cifar10,fixed_phase,42,786,0.71362865,0.05391757,1.00724385
cifar10,fixed_phase,42,787,0.70414598,0.02798531,0.96540311
cifar10,fixed_phase,42,788,0.71232776,0.0303729,0.99755366
cifar10,fixed_phase,42,789,0.71917918,0.06085729,0.97755363
cifar10,fixed_phase,42,790,0.70933195,0.03173901,0.99436292
cifar10,fixed_phase,42,791,0.71155809,0.04267081,1.03855213
cifar10,fixed_phase,42,792,0.71132171,0.01624619,0.981039
cifar10,fixed_phase,42,793,0.70954358,0.03201192,0.99731957
cifar10,fixed_phase,42,794,0.70849157,0.00357042,1.02137945
cifar10,fixed_phase,42,795,0.70721904,0.06276028,1.00698436
cifar10,fixed_phase,42,796,0.70274322,0.03814234,0.99487977
cifar10,fixed_phase,42,797,0.70389645,0.06344534,1.00811103
cifar10,fixed_phase,42,798,0.6924369,0.10117277,0.99175683
cifar10,fixed_phase,42,799,0.70101207,0.01604953,1.00061039
cifar10,fixed_phase,42,800,0.69888994,0.01686613,1.01576917
cifar10,fixed_phase,42,801,0.71232698,0.04199439,0.97356397
cifar10,fixed_phase,42,802,0.70729874,0.06231487,0.99529302
cifar10,fixed_phase,42,803,0.70797263,0.02127795,0.99104648
cifar10,fixed_phase,42,804,0.7079657,0.01861155,0.99380113
cifar10,fixed_phase,42,805,0.71023269,0.02142516,1.00756133
cifar10,fixed_phase,42,806,0.70101363,0.11514374,0.9779919
cifar10,fixed_phase,42,807,0.70323651,0.04550234,0.99737203
cifar10,fixed_phase,42,808,0.70171093,0.02940143,1.0132895
cifar10,fixed_phase,42,809,0.69885646,0.01488433,1.01077961
cifar10,fixed_phase,42,810,0.69801366,0.07611184,0.97243217
cifar10,fixed_phase,42,811,0.70189713,0.03701575,1.01683019
cifar10,fixed_phase,42,812,0.70553244,0.05229366,1.02218444
cifar10,fixed_phase,42,813,0.70766358,0.00331534,1.01328778
cifar10,fixed_phase,42,814,0.69675434,0.01840932,1.01140411
cifar10,fixed_phase,42,815,0.711713,0.07385954,0.98258095
cifar10,fixed_phase,42,816,0.70426411,0.01257034,1.00514034
cifar10,fixed_phase,42,817,0.70705396,0.02762651,0.99809267
cifar10,fixed_phase,42,818,0.70091915,0.03018415,0.98939544
cifar10,fixed_phase,42,819,0.70606087,0.012659,0.99272351
cifar10,fixed_phase,42,820,0.69995291,0.02972744,0.98151374
cifar10,fixed_phase,42,821,0.707835,0.00948588,0.99504973
cifar10,fixed_phase,42,822,0.70691927,0.02805194,0.97452335
cifar10,fixed_phase,42,823,0.7042244,0.02931962,1.00204805
cifar10,fixed_phase,42,824,0.71001681,0.02242475,0.96909832
cifar10,fixed_phase,42,825,0.71791515,0.07622881,1.00473622
cifar10,fixed_phase,42,826,0.71143858,0.04310719,1.0024396
cifar10,fixed_phase,42,827,0.70548237,0.05939906,0.99910309
cifar10,fixed_phase,42,828,0.71019882,0.06252648,0.98938317
cifar10,fixed_phase,42,829,0.71098125,0.02818393,1.01018252
cifar10,fixed_phase,42,830,0.70840097,0.02642513,0.99500238
cifar10,fixed_phase,42,831,0.70235013,0.06291722,1.00413888
cifar10,fixed_phase,42,832,0.69933283,0.07685612,1.00467461
cifar10,fixed_phase,42,833,0.70972802,0.02490299,1.00549714
cifar10,fixed_phase,42,834,0.71293617,0.06614941,1.00899424
cifar10,fixed_phase,42,835,0.71162134,0.08155772,1.01288744
cifar10,fixed_phase,42,836,0.69578321,0.01331934,0.99342954
cifar10,fixed_phase,42,837,0.71602076,0.04942303,0.99394724
cifar10,fixed_phase,42,838,0.71446777,2.42e-06,1.00769261
cifar10,fixed_phase,42,839,0.7058317,0.0211758,0.98857569
cifar10,fixed_phase,42,840,0.70390246,0.07420499,0.99940998
cifar10,fixed_phase,42,841,0.71252213,0.01286564,0.98570453
cifar10,fixed_phase,42,842,0.70031413,0.0122765,0.99829077
cifar10,fixed_phase,42,843,0.70665595,0.02557516,1.00262131
cifar10,fixed_phase,42,844,0.69444981,0.01661698,0.99539846
cifar10,fixed_phase,42,845,0.71621532,0.0237987,1.02338896
cifar10,fixed_phase,42,846,0.69937448,0.02288648,1.01449968
cifar10,fixed_phase,42,847,0.70887374,0.07793553,0.99602264
cifar10,fixed_phase,42,848,0.70787738,0.05417396,0.97990112
cifar10,fixed_phase,42,849,0.70187868,0.00013383,0.98798248
cifar10,fixed_phase,42,850,0.70944845,0.0838538,1.0021399
cifar10,fixed_phase,42,851,0.70848818,0.00467678,0.99095548
cifar10,fixed_phase,42,852,0.71540787,0.03739241,0.98753047
cifar10,fixed_phase,42,853,0.7068151,0.10608463,1.00326482
cifar10,fixed_phase,42,854,0.70353054,0.0253636,1.00064246
cifar10,fixed_phase,42,855,0.70719857,0.00322274,0.99779672
cifar10,fixed_phase,42,856,0.71128665,0.0152256,1.01308152
cifar10,fixed_phase,42,857,0.69825839,0.0218448,1.02195985
cifar10,fixed_phase,42,858,0.70176017,0.077491,1.01568212
cifar10,fixed_phase,42,859,0.71521445,0.02008688,1.0118333
cifar10,fixed_phase,42,860,0.70883714,0.04629041,1.02065301
cifar10,fixed_phase,42,861,0.70840139,0.02358681,0.96609036
cifar10,fixed_phase,42,862,0.70718073,0.06289646,1.00453
cifar10,fixed_phase,42,863,0.7104208,0.0181641,0.98229605
cifar10,fixed_phase,42,864,0.71833382,0.0662397,1.00837099
cifar10,fixed_phase,42,865,0.70936174,0.05018692,1.00262068
cifar10,fixed_phase,42,866,0.71658287,0.06668785,0.98800979
cifar10,fixed_phase,42,867,0.69711556,0.01736062,0.98850619
cifar10,fixed_phase,42,868,0.69315224,0.04186385,0.99828024
cifar10,fixed_phase,42,869,0.70892912,0.05066283,1.00316489
cifar10,fixed_phase,42,870,0.70333428,0.03081513,1.00708688
cifar10,fixed_phase,42,871,0.70447609,0.05522175,0.97651527
cifar10,fixed_phase,42,872,0.71053598,0.07448228,0.99645336
cifar10,fixed_phase,42,873,0.7119211,0.01394721,0.97450242
cifar10,fixed_phase,42,874,0.70706169,0.01871785,1.01634662
cifar10,fixed_phase,42,875,0.69077896,0.02736401,1.0139315
cifar10,fixed_phase,42,876,0.70328276,0.02543022,0.99697757
cifar10,fixed_phase,42,877,0.71347783,0.05274578,0.9658236
cifar10,fixed_phase,42,878,0.70959922,0.01023263,1.02244033
cifar10,fixed_phase,42,879,0.70985594,0.01154843,0.9883979
cifar10,fixed_phase,42,880,0.70712504,0.01771931,1.00543239
cifar10,fixed_phase,42,881,0.7152407,0.00433118,1.0120615
cifar10,fixed_phase,42,882,0.6998138,0.03767243,0.97746228
cifar10,fixed_phase,42,883,0.71252751,0.03720052,1.00937769
cifar10,fixed_phase,42,884,0.71143482,0.05571286,0.99282686
cifar10,fixed_phase,42,885,0.708969,0.05259916,1.00817906
cifar10,fixed_phase,42,886,0.69932615,0.06444885,0.99051629
cifar10,fixed_phase,42,887,0.69923973,0.05834891,0.99789724
cifar10,fixed_phase,42,888,0.7054447,0.00850914,0.98982104
cifar10,fixed_phase,42,889,0.70709896,0.02526208,1.01206599
cifar10,fixed_phase,42,890,0.70671402,0.01562084,0.99201707
cifar10,fixed_phase,42,891,0.69941173,0.00172317,1.00060464
cifar10,fixed_phase,42,892,0.70954194,0.02180429,0.96798513
cifar10,fixed_phase,42,893,0.71047116,0.08628854,0.98508469
cifar10,fixed_phase,42,894,0.70866347,0.04195608,1.0305019
cifar10,fixed_phase,42,895,0.7052686,0.06761919,1.01232936
cifar10,fixed_phase,42,896,0.71179867,0.0484569,0.99581946
cifar10,fixed_phase,42,897,0.70479355,0.0507459,1.00530292
cifar10,fixed_phase,42,898,0.71062776,0.03344933,0.99317904
cifar10,fixed_phase,42,899,0.71081886,0.01104771,0.99473376
cifar10,fixed_phase,42,900,0.70800842,0.0301872,0.99011219
cifar10,fixed_phase,42,901,0.69989901,0.01945087,0.98842129
cifar10,fixed_phase,42,902,0.70873888,0.00207378,1.00765001
cifar10,fixed_phase,42,903,0.7030192,0.04959775,1.00736482
cifar10,fixed_phase,42,904,0.71925969,0.03741408,0.99376892
cifar10,fixed_phase,42,905,0.70507107,0.01765387,0.99803739
cifar10,fixed_phase,42,906,0.69968385,0.02300269,1.01881358
cifar10,fixed_phase,42,907,0.68804606,0.05597213,0.9759408
cifar10,fixed_phase,42,908,0.69597726,0.0562452,0.97689366
cifar10,fixed_phase,42,909,0.70786573,0.03396403,0.98675073
cifar10,fixed_phase,42,910,0.69732508,0.0157376,1.00068696
cifar10,fixed_phase,42,911,0.7097092,0.01617819,0.9969371
cifar10,fixed_phase,42,912,0.70509768,0.04804374,0.97041333
cifar10,fixed_phase,42,913,0.71070613,0.01940791,0.99785579
cifar10,fixed_phase,42,914,0.71096965,0.03748216,1.01232105
cifar10,fixed_phase,42,915,0.7097869,0.06417554,1.01198605
cifar10,fixed_phase,42,916,0.69405119,0.03647895,0.98205342
cifar10,fixed_phase,42,917,0.69536332,0.01458663,0.9886705
cifar10,fixed_phase,42,918,0.70136477,0.06809582,1.00735132
cifar10,fixed_phase,42,919,0.70784024,0.03945725,1.01781952
cifar10,fixed_phase,42,920,0.699517,0.04469571,1.00130581
cifar10,fixed_phase,42,921,0.71241472,0.01758885,0.98535255
cifar10,fixed_phase,42,922,0.69852545,0.02100056,1.00152784
cifar10,fixed_phase,42,923,0.70189394,0.02219594,0.99846858
cifar10,fixed_phase,42,924,0.70487824,0.05067617,0.98039118
cifar10,fixed_phase,42,925,0.71654553,0.0107819,1.00418591
cifar10,fixed_phase,42,926,0.70354851,0.01072851,0.98844203
cifar10,fixed_phase,42,927,0.70799352,0.10961849,0.9947363
cifar10,fixed_phase,42,928,0.70606197,0.00188536,0.97132169
cifar10,fixed_phase,42,929,0.70507637,0.03161049,0.98004556
cifar10,fixed_phase,42,930,0.70136198,0.0123602,0.99396579
cifar10,fixed_phase,42,931,0.71302302,0.01051058,1.00875137
cifar10,fixed_phase,42,932,0.70741587,0.08182239,0.98927513
cifar10,fixed_phase,42,933,0.70922235,0.06184222,1.00404148
cifar10,fixed_phase,42,934,0.71096967,0.04143927,0.98780788
cifar10,fixed_phase,42,935,0.70643694,0.01807711,0.97417159
cifar10,fixed_phase,42,936,0.70666708,0.03336114,0.98495204
cifar10,fixed_phase,42,937,0.69895111,0.00505879,1.02096188
cifar10,fixed_phase,42,938,0.69941086,0.06772227,1.01212714
cifar10,fixed_phase,42,939,0.7183715,0.05457211,0.98860559
cifar10,fixed_phase,42,940,0.70558172,0.03289294,0.98256472
cifar10,fixed_phase,42,941,0.7056464,0.01033085,0.98013743
cifar10,fixed_phase,42,942,0.71112141,0.04931545,0.99795761
cifar10,fixed_phase,42,943,0.70787814,0.04632072,0.9876668
cifar10,fixed_phase,42,944,0.70418967,0.023181,0.99408467
cifar10,fixed_phase,42,945,0.71042341,0.00488259,1.02291075
cifar10,fixed_phase,42,946,0.70256315,0.07463262,0.97505264
cifar10,fixed_phase,42,947,0.69379597,0.0278284,1.00432214
cifar10,fixed_phase,42,948,0.70800118,0.08654253,1.00232441
cifar10,fixed_phase,42,949,0.70028354,0.02852755,1.00213174
cifar10,fixed_phase,42,950,0.70851011,0.03519474,0.99728326
cifar10,fixed_phase,42,951,0.70872743,0.03020438,0.99627714
cifar10,fixed_phase,42,952,0.70842055,0.02589075,1.02230211
cifar10,fixed_phase,42,953,0.70708104,0.09008471,1.00321626
cifar10,fixed_phase,42,954,0.70759689,0.05240061,1.02196111
cifar10,fixed_phase,42,955,0.70456068,0.09415621,0.99875719
cifar10,fixed_phase,42,956,0.7013767,0.0127081,0.99847423
cifar10,fixed_phase,42,957,0.70740166,0.04020885,1.02789969
cifar10,fixed_phase,42,958,0.71476692,0.01779328,1.03669434
cifar10,fixed_phase,42,959,0.70900132,0.00329894,0.99642673
cifar10,fixed_phase,42,960,0.71281881,0.03729915,1.01994959
cifar10,fixed_phase,42,961,0.70851521,0.02271328,1.0161631
cifar10,fixed_phase,42,962,0.70696041,0.03885625,0.9887807
cifar10,fixed_phase,42,963,0.6964431,0.01690494,0.95777743
cifar10,fixed_phase,42,964,0.71013101,0.04302563,1.00758429
cifar10,fixed_phase,42,965,0.69737485,0.06010119,0.99232415
cifar10,fixed_phase,42,966,0.71457079,0.01584591,1.00248937
cifar10,fixed_phase,42,967,0.70383994,0.0867306,0.97963831
cifar10,fixed_phase,42,968,0.71533814,0.04739038,1.0229803
cifar10,fixed_phase,42,969,0.7108716,0.04265926,0.98451712
cifar10,fixed_phase,42,970,0.70793453,0.01923593,1.00415913
cifar10,fixed_phase,42,971,0.71196706,0.04028635,1.00340433
cifar10,fixed_phase,42,972,0.70501899,0.04786498,0.99159985
cifar10,fixed_phase,42,973,0.70479725,0.05874251,1.00279087
cifar10,fixed_phase,42,974,0.70381027,0.01922888,1.00411363
cifar10,fixed_phase,42,975,0.70656289,0.00246215,0.98698322
cifar10,fixed_phase,42,976,0.7057706,0.04562341,1.02510012
cifar10,fixed_phase,42,977,0.71186739,0.03326322,0.99806788
cifar10,fixed_phase,42,978,0.70534628,0.04261022,0.9843809
cifar10,fixed_phase,42,979,0.70675397,0.01563498,0.97333267
cifar10,fixed_phase,42,980,0.70871028,0.04280087,1.00971211
cifar10,fixed_phase,42,981,0.70347298,0.06499408,1.02111007
cifar10,fixed_phase,42,982,0.70416281,0.00304853,0.99323216
cifar10,fixed_phase,42,983,0.69474661,0.05434094,0.98468397
cifar10,fixed_phase,42,984,0.70535456,0.0002843,1.00689862
cifar10,fixed_phase,42,985,0.71304453,0.00537926,0.99846996
cifar10,fixed_phase,42,986,0.70810769,0.05538834,1.01507824
cifar10,fixed_phase,42,987,0.70830421,0.02411779,0.99796124
cifar10,fixed_phase,42,988,0.69412871,0.02751496,0.98344706
cifar10,fixed_phase,42,989,0.71006519,0.01640978,1.01712416
cifar10,fixed_phase,42,990,0.7019549,0.02623761,0.97400833
cifar10,fixed_phase,42,991,0.70889324,0.0331835,0.99382852
cifar10,fixed_phase,42,992,0.70965046,0.03111605,1.00145093
cifar10,fixed_phase,42,993,0.70465083,0.01645822,0.98228391
cifar10,fixed_phase,42,994,0.70247531,0.01769206,0.99905229
cifar10,fixed_phase,42,995,0.71045402,0.12891963,0.98180388
cifar10,fixed_phase,42,996,0.70456016,0.00121283,0.99041119
cifar10,fixed_phase,42,997,0.70481148,0.03225968,0.9946925
cifar10,fixed_phase,42,998,0.70999992,0.00249602,0.99634258
cifar10,fixed_phase,42,999,0.70494446,0.07532814,0.99513983
cifar10,fixed_phase,123,0,0.70546855,0.04824213,1.01680209
cifar10,fixed_phase,123,1,0.72508491,0.03305425,0.98583384
cifar10,fixed_phase,123,2,0.71808978,0.02795741,1.03955375
cifar10,fixed_phase,123,3,0.70152718,0.04215734,0.99469797
cifar10,fixed_phase,123,4,0.71452807,0.02947508,1.00094044
cifar10,fixed_phase,123,5,0.70897882,0.00388272,1.00384922
cifar10,fixed_phase,123,6,0.70063315,0.04946156,0.9759407
cifar10,fixed_phase,123,7,0.7023467,0.1364418,0.99254728
cifar10,fixed_phase,123,8,0.69928895,0.0816187,1.02840187
cifar10,fixed_phase,123,9,0.70506405,0.05648237,1.01662615
cifar10,fixed_phase,123,10,0.69860575,0.10130707,0.9770463
cifar10,fixed_phase,123,11,0.70853621,0.02682485,1.00430844
cifar10,fixed_phase,123,12,0.70832188,0.01028844,1.02752259
cifar10,fixed_phase,123,13,0.71055162,0.0517231,1.02743593
cifar10,fixed_phase,123,14,0.69942125,0.0802041,1.0199644
cifar10,fixed_phase,123,15,0.71068522,0.09640142,0.9905987
cifar10,fixed_phase,123,16,0.70505324,0.07657856,0.99718686
cifar10,fixed_phase,123,17,0.70015438,0.02877573,1.00050252
cifar10,fixed_phase,123,18,0.71675385,0.03060723,0.99413643
cifar10,fixed_phase,123,19,0.71268855,0.04488471,0.9898374
cifar10,fixed_phase,123,20,0.7108087,0.10739269,0.99207603
cifar10,fixed_phase,123,21,0.71527094,0.0621324,1.01143837
cifar10,fixed_phase,123,22,0.70274946,0.01167368,1.01124999
cifar10,fixed_phase,123,23,0.70802141,0.00338393,1.01411738
cifar10,fixed_phase,123,24,0.71262968,0.06852461,1.01246326
cifar10,fixed_phase,123,25,0.70305632,0.01613551,0.98955572
cifar10,fixed_phase,123,26,0.69534398,0.01252099,1.00793527
cifar10,fixed_phase,123,27,0.71353723,0.04501672,1.01878134
cifar10,fixed_phase,123,28,0.70047113,0.07322825,1.00779795
cifar10,fixed_phase,123,29,0.70836778,0.01004639,0.9807976
cifar10,fixed_phase,123,30,0.7091478,0.02791934,0.99903609
cifar10,fixed_phase,123,31,0.71259649,0.03004577,0.99304725
cifar10,fixed_phase,123,32,0.70083025,0.0262794,1.00085017
cifar10,fixed_phase,123,33,0.70621702,0.07615468,1.00370036
cifar10,fixed_phase,123,34,0.69817029,0.04159018,0.98829289
cifar10,fixed_phase,123,35,0.7102016,0.07060408,1.01146859
cifar10,fixed_phase,123,36,0.70994866,0.00774382,0.97219478
cifar10,fixed_phase,123,37,0.70879679,0.02636892,1.0187769
cifar10,fixed_phase,123,38,0.69434466,0.05385859,1.00617419
cifar10,fixed_phase,123,39,0.70311542,0.07399572,1.00683068
cifar10,fixed_phase,123,40,0.70814385,0.07248191,1.01292094
cifar10,fixed_phase,123,41,0.70183892,0.01020888,0.98149148
cifar10,fixed_phase,123,42,0.72059309,0.00350555,0.99693179
cifar10,fixed_phase,123,43,0.70184066,0.0100597,0.98231522
cifar10,fixed_phase,123,44,0.70065339,0.0090633,1.01203356
cifar10,fixed_phase,123,45,0.70993276,0.03755553,1.0032232
cifar10,fixed_phase,123,46,0.70986081,0.01213228,0.99358924
cifar10,fixed_phase,123,47,0.71181433,0.02834815,1.0211585
cifar10,fixed_phase,123,48,0.69987168,0.06639454,0.99438453
cifar10,fixed_phase,123,49,0.71818896,0.00598825,0.97199359
cifar10,fixed_phase,123,50,0.70585541,0.03527216,0.97845239
cifar10,fixed_phase,123,51,0.70088985,0.03051287,0.99649312
cifar10,fixed_phase,123,52,0.70544518,0.04748394,1.02921349
cifar10,fixed_phase,123,53,0.69774461,0.0152898,0.98588578
cifar10,fixed_phase,123,54,0.71210121,0.02351974,1.00910104
cifar10,fixed_phase,123,55,0.70351566,0.06407763,0.9923852
cifar10,fixed_phase,123,56,0.69975624,0.03172478,0.9805648
cifar10,fixed_phase,123,57,0.70861456,0.09061493,1.00498837
cifar10,fixed_phase,123,58,0.70122045,0.04057711,0.98146428
cifar10,fixed_phase,123,59,0.71164275,0.06701356,0.99335817
cifar10,fixed_phase,123,60,0.70769483,0.00948321,1.00241325
cifar10,fixed_phase,123,61,0.70563204,0.05244719,1.01226477
cifar10,fixed_phase,123,62,0.70753696,0.02518114,1.0024674
cifar10,fixed_phase,123,63,0.70382157,0.00732393,0.97600164
cifar10,fixed_phase,123,64,0.71453496,0.02191202,1.01660876
cifar10,fixed_phase,123,65,0.70770508,0.02576224,0.99258464
cifar10,fixed_phase,123,66,0.70689548,0.01568876,1.00443594
cifar10,fixed_phase,123,67,0.70187039,0.04513338,0.98542585
cifar10,fixed_phase,123,68,0.70510918,0.06010114,0.99149126
cifar10,fixed_phase,123,69,0.71069355,0.02893685,0.99910593
cifar10,fixed_phase,123,70,0.70339454,0.0726494,1.02150809
cifar10,fixed_phase,123,71,0.69639371,0.07004826,0.99715372
cifar10,fixed_phase,123,72,0.70806229,0.07519806,0.973043
cifar10,fixed_phase,123,73,0.69646493,0.02429539,0.98726938
cifar10,fixed_phase,123,74,0.70196234,0.07584855,1.01092165
cifar10,fixed_phase,123,75,0.70869914,0.0211133,1.002646
cifar10,fixed_phase,123,76,0.71405669,0.0964031,0.99712491
cifar10,fixed_phase,123,77,0.6984044,0.00862046,0.99311045
cifar10,fixed_phase,123,78,0.71028793,0.03513019,1.01554623
cifar10,fixed_phase,123,79,0.71043163,0.02606905,0.98413989
cifar10,fixed_phase,123,80,0.71280347,0.10989368,1.00450162
cifar10,fixed_phase,123,81,0.70157464,0.02226602,0.98745771
cifar10,fixed_phase,123,82,0.7069291,0.00666574,1.01276247
cifar10,fixed_phase,123,83,0.70693764,0.05995266,0.99882836
cifar10,fixed_phase,123,84,0.70542831,0.00965189,1.00837815
cifar10,fixed_phase,123,85,0.70488175,0.0028774,1.00789907
cifar10,fixed_phase,123,86,0.69919268,0.06543888,0.99811069
cifar10,fixed_phase,123,87,0.70184778,0.16266151,1.01860908
cifar10,fixed_phase,123,88,0.70411494,0.01117374,1.0012483
cifar10,fixed_phase,123,89,0.70890591,0.16770188,0.98853074
cifar10,fixed_phase,123,90,0.70600135,0.03176132,0.97971892
cifar10,fixed_phase,123,91,0.71297931,0.09089624,0.99851344
cifar10,fixed_phase,123,92,0.70931684,0.02369819,0.9944749
cifar10,fixed_phase,123,93,0.71421883,0.00803012,0.99213017
cifar10,fixed_phase,123,94,0.72048739,0.09051925,1.01206035
cifar10,fixed_phase,123,95,0.71289538,0.02439869,1.00919292
cifar10,fixed_phase,123,96,0.69885891,0.02499139,1.00002718
cifar10,fixed_phase,123,97,0.70547437,0.05083894,1.01063775
cifar10,fixed_phase,123,98,0.70396325,0.01835332,1.01720372
cifar10,fixed_phase,123,99,0.70419813,0.08707323,1.0407128
cifar10,fixed_phase,123,100,0.70656791,0.04437429,1.00260852
cifar10,fixed_phase,123,101,0.708211,0.03142692,1.01819188
cifar10,fixed_phase,123,102,0.69983615,0.01694332,0.98851897
cifar10,fixed_phase,123,103,0.71358415,0.01177618,1.00729174
cifar10,fixed_phase,123,104,0.70424146,0.05256471,0.97889115
cifar10,fixed_phase,123,105,0.71010732,0.0152556,0.99913619
cifar10,fixed_phase,123,106,0.69862273,0.01501134,1.00620592
cifar10,fixed_phase,123,107,0.69909502,0.03345932,0.97244221
cifar10,fixed_phase,123,108,0.71640519,0.03866673,1.0210955
cifar10,fixed_phase,123,109,0.70034402,0.12161423,1.01592916
cifar10,fixed_phase,123,110,0.7071793,0.04716015,1.02530677
cifar10,fixed_phase,123,111,0.69723887,0.05791121,1.02057872
cifar10,fixed_phase,123,112,0.70317962,0.10191439,0.98930268
cifar10,fixed_phase,123,113,0.69664648,0.06041551,0.98158043
cifar10,fixed_phase,123,114,0.70983958,0.06453653,1.01680342
cifar10,fixed_phase,123,115,0.70453943,0.02519061,0.99824613
cifar10,fixed_phase,123,116,0.69610877,0.00545107,1.02571804
cifar10,fixed_phase,123,117,0.70191325,0.10867186,0.97917827
cifar10,fixed_phase,123,118,0.71111763,0.03377717,0.99111112
cifar10,fixed_phase,123,119,0.69874901,0.01249199,1.01595275
cifar10,fixed_phase,123,120,0.71547197,0.03545302,1.0195293
cifar10,fixed_phase,123,121,0.71633825,0.02837922,0.97761282
cifar10,fixed_phase,123,122,0.715857,0.05342421,1.00563126
cifar10,fixed_phase,123,123,0.70663082,0.04987039,0.98744328
cifar10,fixed_phase,123,124,0.70061623,0.0639323,0.98683894
cifar10,fixed_phase,123,125,0.71648345,0.00216796,1.00388105
cifar10,fixed_phase,123,126,0.71554095,0.05858495,1.03126772
cifar10,fixed_phase,123,127,0.70419332,0.00783751,1.01188971
cifar10,fixed_phase,123,128,0.70822531,0.02267839,1.01487709
cifar10,fixed_phase,123,129,0.71922675,0.02420153,0.98976325
cifar10,fixed_phase,123,130,0.69829848,0.00056142,0.98233554
cifar10,fixed_phase,123,131,0.71170329,0.01944632,1.01807416
cifar10,fixed_phase,123,132,0.70972754,0.02216648,0.9774751
cifar10,fixed_phase,123,133,0.7142272,0.0567136,0.98949295
cifar10,fixed_phase,123,134,0.70319509,0.01939372,0.98827814
cifar10,fixed_phase,123,135,0.71230297,0.01127105,1.01220448
cifar10,fixed_phase,123,136,0.70341074,0.03164513,1.00376275
cifar10,fixed_phase,123,137,0.70624351,0.0256748,1.01721996
cifar10,fixed_phase,123,138,0.70191234,0.02360806,0.98635884
cifar10,fixed_phase,123,139,0.70438723,0.06218641,0.98021519
cifar10,fixed_phase,123,140,0.69997857,0.08087813,1.00518321
cifar10,fixed_phase,123,141,0.71141519,0.01134877,1.03065586
cifar10,fixed_phase,123,142,0.7022611,0.00047624,1.01250587
cifar10,fixed_phase,123,143,0.70980922,0.07027588,0.98770688
cifar10,fixed_phase,123,144,0.71302783,0.03685589,0.97804992
cifar10,fixed_phase,123,145,0.70051398,0.02162516,0.99796714
cifar10,fixed_phase,123,146,0.70187808,0.04406056,0.98425098
cifar10,fixed_phase,123,147,0.69903372,0.00663728,0.99342545
cifar10,fixed_phase,123,148,0.70172361,0.0975108,0.99558653
cifar10,fixed_phase,123,149,0.71732911,0.06923814,0.99001358
cifar10,fixed_phase,123,150,0.70751352,0.01296256,0.99255402
cifar10,fixed_phase,123,151,0.69802463,0.02786367,0.97664711
cifar10,fixed_phase,123,152,0.70231091,0.01105174,0.98696611
cifar10,fixed_phase,123,153,0.69881985,0.0465363,0.99938006
cifar10,fixed_phase,123,154,0.69429008,0.08724088,1.02731099
cifar10,fixed_phase,123,155,0.71508731,0.11052782,1.00521929
cifar10,fixed_phase,123,156,0.69945296,0.12859223,0.99074147
cifar10,fixed_phase,123,157,0.6977489,0.00129501,1.00391693
cifar10,fixed_phase,123,158,0.69476944,0.09426765,0.96924503
cifar10,fixed_phase,123,159,0.70102876,0.02929372,0.98948931
cifar10,fixed_phase,123,160,0.70818648,0.09482603,1.00510702
cifar10,fixed_phase,123,161,0.69959115,0.04823251,0.99599659
cifar10,fixed_phase,123,162,0.69942243,0.1026981,0.98173258
cifar10,fixed_phase,123,163,0.69523408,0.02929583,1.02492331
cifar10,fixed_phase,123,164,0.71094026,0.02302479,0.98216127
cifar10,fixed_phase,123,165,0.70125895,0.03463582,1.02186306
cifar10,fixed_phase,123,166,0.70244359,0.02867249,1.01068946
cifar10,fixed_phase,123,167,0.71175556,0.08745744,0.96974706
cifar10,fixed_phase,123,168,0.70556092,0.02869933,1.00004005
cifar10,fixed_phase,123,169,0.72023505,0.02800765,1.00911322
cifar10,fixed_phase,123,170,0.69630994,0.04370094,0.99785568
cifar10,fixed_phase,123,171,0.70504584,0.00755452,1.0171609
cifar10,fixed_phase,123,172,0.70294703,0.01419168,1.00882904
cifar10,fixed_phase,123,173,0.71434481,0.03837826,1.02555043
cifar10,fixed_phase,123,174,0.70414137,0.00315841,0.98353586
cifar10,fixed_phase,123,175,0.71879232,0.03076257,0.99494349
cifar10,fixed_phase,123,176,0.7060548,0.00253649,0.9909017
cifar10,fixed_phase,123,177,0.69642302,0.02762444,1.0171782
cifar10,fixed_phase,123,178,0.6935985,0.04474201,0.99630511
cifar10,fixed_phase,123,179,0.70707667,0.01033437,1.00187855
cifar10,fixed_phase,123,180,0.70504607,0.03122417,0.99292374
cifar10,fixed_phase,123,181,0.70312089,0.0767226,1.00435761
cifar10,fixed_phase,123,182,0.70339147,0.05550614,0.99584357
cifar10,fixed_phase,123,183,0.71733763,0.0059897,0.97702356
cifar10,fixed_phase,123,184,0.70953941,0.07803385,1.02737091
cifar10,fixed_phase,123,185,0.7180644,0.02967025,1.00804241
cifar10,fixed_phase,123,186,0.71781711,0.02287164,1.01919584
cifar10,fixed_phase,123,187,0.70771008,0.02074675,1.02648157
cifar10,fixed_phase,123,188,0.7081054,0.03968776,1.00064696
cifar10,fixed_phase,123,189,0.71757651,0.07596021,1.00684563
cifar10,fixed_phase,123,190,0.71455627,0.0554365,0.97836978
cifar10,fixed_phase,123,191,0.69465456,0.02483059,0.97830595
cifar10,fixed_phase,123,192,0.70019796,0.05474342,0.99944937
cifar10,fixed_phase,123,193,0.70185431,0.0646816,1.00006044
cifar10,fixed_phase,123,194,0.7083347,0.03293834,1.00060143
cifar10,fixed_phase,123,195,0.70471216,0.01649067,0.98369226
cifar10,fixed_phase,123,196,0.70899152,0.02827785,0.99915313
cifar10,fixed_phase,123,197,0.68952143,0.10990343,1.00352708
cifar10,fixed_phase,123,198,0.69547415,0.03773287,0.99895822
cifar10,fixed_phase,123,199,0.70750367,0.05762935,0.95668735
cifar10,fixed_phase,123,200,0.70414959,0.07851591,0.99917467
cifar10,fixed_phase,123,201,0.70510723,0.00218354,1.03868987
cifar10,fixed_phase,123,202,0.70606553,0.02636877,1.00175292
cifar10,fixed_phase,123,203,0.71085605,0.07139389,0.99139301
cifar10,fixed_phase,123,204,0.70956282,0.0088161,1.00597549
cifar10,fixed_phase,123,205,0.70733933,0.08244238,1.01463138
cifar10,fixed_phase,123,206,0.70505837,0.0571726,1.00070083
cifar10,fixed_phase,123,207,0.71398758,0.01765461,0.99083845
cifar10,fixed_phase,123,208,0.70913952,0.00887534,1.01596796
cifar10,fixed_phase,123,209,0.71378601,0.03514766,0.98471494
cifar10,fixed_phase,123,210,0.70737276,0.03421974,1.01205478
cifar10,fixed_phase,123,211,0.70747181,0.00303379,1.00506844
cifar10,fixed_phase,123,212,0.7136349,0.04237602,0.96170824
cifar10,fixed_phase,123,213,0.70681866,0.04329231,1.0286458
cifar10,fixed_phase,123,214,0.71359002,0.03033727,0.99687562
cifar10,fixed_phase,123,215,0.71521849,0.04657662,0.97141616
cifar10,fixed_phase,123,216,0.70975545,0.07038405,0.99046803
cifar10,fixed_phase,123,217,0.70698212,0.07106954,0.99252677
cifar10,fixed_phase,123,218,0.70493135,0.04536265,1.00903927
cifar10,fixed_phase,123,219,0.70371325,0.01550571,0.99494288
cifar10,fixed_phase,123,220,0.70627336,0.00708879,0.98966458
cifar10,fixed_phase,123,221,0.70282551,0.02588971,1.02006905
cifar10,fixed_phase,123,222,0.7050814,0.01202712,0.98036477
cifar10,fixed_phase,123,223,0.70890486,0.04140017,0.97998649
cifar10,fixed_phase,123,224,0.71339542,0.06202903,0.9927467
cifar10,fixed_phase,123,225,0.71379208,0.03879441,0.98300605
cifar10,fixed_phase,123,226,0.71673406,0.03250001,0.98672453
cifar10,fixed_phase,123,227,0.70426406,0.03422748,0.99893124
cifar10,fixed_phase,123,228,0.70297707,0.04052764,0.98893507
cifar10,fixed_phase,123,229,0.7071411,0.01075408,0.99859211
cifar10,fixed_phase,123,230,0.70268924,0.05280587,1.00075615
cifar10,fixed_phase,123,231,0.70671751,0.08860942,1.01403038
cifar10,fixed_phase,123,232,0.70605593,0.03344558,1.00500957
cifar10,fixed_phase,123,233,0.70364848,0.00961786,0.98709228
cifar10,fixed_phase,123,234,0.69858622,0.05603029,0.99624477
cifar10,fixed_phase,123,235,0.70506572,0.01562746,0.98066557
cifar10,fixed_phase,123,236,0.71416562,0.06942556,1.00082753
cifar10,fixed_phase,123,237,0.70825449,0.02781665,1.00397398
cifar10,fixed_phase,123,238,0.7089946,0.01626359,0.99714253
cifar10,fixed_phase,123,239,0.69694219,0.09710972,0.98513931
cifar10,fixed_phase,123,240,0.70747726,0.03990589,0.98286502
cifar10,fixed_phase,123,241,0.70809189,0.04075143,1.00384147
cifar10,fixed_phase,123,242,0.69503367,0.06165591,0.97924885
cifar10,fixed_phase,123,243,0.70202771,0.06440674,1.01171375
cifar10,fixed_phase,123,244,0.69883555,0.02361786,1.00354889
cifar10,fixed_phase,123,245,0.69738778,0.12060958,1.00696067
cifar10,fixed_phase,123,246,0.70713175,0.02370896,0.9975279
cifar10,fixed_phase,123,247,0.70846062,0.02529117,1.00459835
cifar10,fixed_phase,123,248,0.69923701,0.04231073,1.02049803
cifar10,fixed_phase,123,249,0.70870885,0.01270036,0.99550636
cifar10,fixed_phase,123,250,0.71142345,0.01291099,1.02583245
cifar10,fixed_phase,123,251,0.71512537,0.0460821,1.0230416
cifar10,fixed_phase,123,252,0.69474409,0.0463851,0.99346972
cifar10,fixed_phase,123,253,0.71168166,0.01183651,0.9811071
cifar10,fixed_phase,123,254,0.70851965,0.03022944,0.99503872
cifar10,fixed_phase,123,255,0.70146023,0.02482619,0.97545746
cifar10,fixed_phase,123,256,0.70340005,0.04114107,1.00799107
cifar10,fixed_phase,123,257,0.70701817,0.04731178,0.9997753
cifar10,fixed_phase,123,258,0.70284906,0.02636477,0.98094563
cifar10,fixed_phase,123,259,0.71174193,0.05607793,1.01305394
cifar10,fixed_phase,123,260,0.69481076,0.0429705,0.99355093
cifar10,fixed_phase,123,261,0.70540693,0.01040561,0.98108871
cifar10,fixed_phase,123,262,0.70772815,0.01113355,0.9944183
cifar10,fixed_phase,123,263,0.70565616,0.06565348,0.96657554
cifar10,fixed_phase,123,264,0.70066872,0.07750297,0.99065236
cifar10,fixed_phase,123,265,0.69715402,0.04859372,0.98846873
cifar10,fixed_phase,123,266,0.69933546,0.14001344,0.99244899
cifar10,fixed_phase,123,267,0.70696038,0.03668395,0.98845492
cifar10,fixed_phase,123,268,0.70219445,0.0366265,1.00552472
cifar10,fixed_phase,123,269,0.71777161,0.04693244,1.00830262
cifar10,fixed_phase,123,270,0.7020526,0.00843785,0.99657976
cifar10,fixed_phase,123,271,0.70879439,0.10844889,0.98880528
cifar10,fixed_phase,123,272,0.70158785,0.00213836,1.00753215
cifar10,fixed_phase,123,273,0.72748295,0.04528693,0.99289711
cifar10,fixed_phase,123,274,0.71493944,0.04502605,1.00413831
cifar10,fixed_phase,123,275,0.71072099,0.04270735,0.97993254
cifar10,fixed_phase,123,276,0.70877159,0.03980515,0.98610057
cifar10,fixed_phase,123,277,0.71164779,0.06243215,1.00701705
cifar10,fixed_phase,123,278,0.71409308,0.04566306,0.99630233
cifar10,fixed_phase,123,279,0.71467879,0.01040501,0.9896159
cifar10,fixed_phase,123,280,0.71173122,0.0727946,0.99076825
cifar10,fixed_phase,123,281,0.7036095,0.02679156,0.99928969
cifar10,fixed_phase,123,282,0.70693658,0.03200203,0.99651211
cifar10,fixed_phase,123,283,0.70942562,0.08268866,1.00932249
cifar10,fixed_phase,123,284,0.71168811,0.06699926,0.98434731
cifar10,fixed_phase,123,285,0.7021206,0.07067725,0.98578399
cifar10,fixed_phase,123,286,0.70844154,0.01173456,1.01887946
cifar10,fixed_phase,123,287,0.71470001,0.01393573,0.99961447
cifar10,fixed_phase,123,288,0.7058516,0.02760089,1.00724427
cifar10,fixed_phase,123,289,0.70214505,0.07366084,0.99782795
cifar10,fixed_phase,123,290,0.70906638,0.05395636,1.00253838
cifar10,fixed_phase,123,291,0.70869183,0.06584179,1.00236644
cifar10,fixed_phase,123,292,0.70411129,0.0102374,1.00991012
cifar10,fixed_phase,123,293,0.70916493,0.06435639,0.98248377
cifar10,fixed_phase,123,294,0.69060438,0.08328062,0.9814449
cifar10,fixed_phase,123,295,0.70353754,0.04599087,0.99903564
cifar10,fixed_phase,123,296,0.71015909,0.00943177,0.97028531
cifar10,fixed_phase,123,297,0.70642546,0.00051946,1.00022827
cifar10,fixed_phase,123,298,0.7109847,0.02432283,1.00233412
cifar10,fixed_phase,123,299,0.71853476,0.02658466,1.02710767
cifar10,fixed_phase,123,300,0.70427607,0.00700169,0.99811018
cifar10,fixed_phase,123,301,0.71505074,0.03468162,1.01565445
cifar10,fixed_phase,123,302,0.70156361,0.09625536,0.98054138
cifar10,fixed_phase,123,303,0.709134,0.02316505,0.97712291
cifar10,fixed_phase,123,304,0.70748311,0.04210684,1.003735
cifar10,fixed_phase,123,305,0.70403936,0.01378607,1.01973397
cifar10,fixed_phase,123,306,0.70757583,0.02190831,0.99279465
cifar10,fixed_phase,123,307,0.70913874,0.03697883,1.0091656
cifar10,fixed_phase,123,308,0.71136211,0.07259126,0.98700856
cifar10,fixed_phase,123,309,0.700946,0.06406862,1.02026592
cifar10,fixed_phase,123,310,0.70485189,0.01026541,0.99933716
cifar10,fixed_phase,123,311,0.70185493,0.08610136,1.02965232
cifar10,fixed_phase,123,312,0.70652698,0.00679672,0.9902487
cifar10,fixed_phase,123,313,0.70178347,0.00735567,1.00255318
cifar10,fixed_phase,123,314,0.70942111,0.10475941,1.01185124
cifar10,fixed_phase,123,315,0.69833096,0.06583183,1.01102486
cifar10,fixed_phase,123,316,0.70400583,0.00808983,0.99935586
cifar10,fixed_phase,123,317,0.70237134,0.01667592,0.99636939
cifar10,fixed_phase,123,318,0.71348421,0.07220254,1.00519462
cifar10,fixed_phase,123,319,0.70641448,0.02000491,0.97668429
cifar10,fixed_phase,123,320,0.69223985,0.00892251,1.02146083
cifar10,fixed_phase,123,321,0.69928632,0.09148072,0.98292853
cifar10,fixed_phase,123,322,0.72345922,0.00340166,1.00371915
cifar10,fixed_phase,123,323,0.69714497,0.06182199,0.99277153
cifar10,fixed_phase,123,324,0.69777839,0.04212495,1.01400846
cifar10,fixed_phase,123,325,0.69957126,0.05059197,0.98666848
cifar10,fixed_phase,123,326,0.70384694,0.0130479,1.00761025
cifar10,fixed_phase,123,327,0.69898416,0.02977919,1.0217888
cifar10,fixed_phase,123,328,0.70529129,0.06968093,0.99687579
cifar10,fixed_phase,123,329,0.70483321,0.03684522,0.98509688
cifar10,fixed_phase,123,330,0.7130529,0.00533156,0.99905099
cifar10,fixed_phase,123,331,0.70308887,0.03718477,1.01831422
cifar10,fixed_phase,123,332,0.70313583,0.05158686,0.97374097
cifar10,fixed_phase,123,333,0.70620744,0.04531896,0.98917142
cifar10,fixed_phase,123,334,0.71693774,0.03312877,0.98912481
cifar10,fixed_phase,123,335,0.70259202,0.00742483,0.98355189
cifar10,fixed_phase,123,336,0.70282483,0.0927094,1.01149489
cifar10,fixed_phase,123,337,0.70521378,0.04241422,1.01646501
cifar10,fixed_phase,123,338,0.71064297,0.01882003,0.99466525
cifar10,fixed_phase,123,339,0.7029272,0.08257721,0.99854386
cifar10,fixed_phase,123,340,0.70131904,0.02952674,0.98471523
cifar10,fixed_phase,123,341,0.70199415,0.03188565,0.98769103
cifar10,fixed_phase,123,342,0.69589745,0.01532939,0.96699316
cifar10,fixed_phase,123,343,0.69823525,0.08691377,0.98274607
cifar10,fixed_phase,123,344,0.70170175,0.02137282,1.02396788
cifar10,fixed_phase,123,345,0.70412439,0.01371459,1.01780138
cifar10,fixed_phase,123,346,0.7074203,0.00619724,1.01051709
cifar10,fixed_phase,123,347,0.7015408,0.02569724,1.01363027
cifar10,fixed_phase,123,348,0.7058942,0.11629391,0.99774333
cifar10,fixed_phase,123,349,0.6999288,0.03220953,1.01952624
cifar10,fixed_phase,123,350,0.70631579,0.02318083,0.9984014
cifar10,fixed_phase,123,351,0.70183889,0.10843867,1.00366463
cifar10,fixed_phase,123,352,0.70284157,0.00916292,1.01428995
cifar10,fixed_phase,123,353,0.70841744,0.00621517,1.03393093
cifar10,fixed_phase,123,354,0.72104108,0.00040018,0.99303559
cifar10,fixed_phase,123,355,0.68899003,0.07729376,1.00659427
cifar10,fixed_phase,123,356,0.69576283,0.09263221,1.02708843
cifar10,fixed_phase,123,357,0.70414331,0.01847562,1.00984971
cifar10,fixed_phase,123,358,0.69070737,0.05555086,1.00724222
cifar10,fixed_phase,123,359,0.70490392,0.07638711,0.99590201
cifar10,fixed_phase,123,360,0.70007263,0.06830873,1.01725738
cifar10,fixed_phase,123,361,0.71834554,0.03578978,1.00308413
cifar10,fixed_phase,123,362,0.71199526,0.00515745,1.00524294
cifar10,fixed_phase,123,363,0.69736849,0.01208016,1.01234284
cifar10,fixed_phase,123,364,0.71461601,0.03674095,0.98356576
cifar10,fixed_phase,123,365,0.70398813,0.0753877,1.00459689
cifar10,fixed_phase,123,366,0.70658942,0.03071261,1.02972938
cifar10,fixed_phase,123,367,0.70796985,0.04163425,1.00964895
cifar10,fixed_phase,123,368,0.70053487,0.04612593,0.98168589
cifar10,fixed_phase,123,369,0.71212904,0.01578512,1.01939787
cifar10,fixed_phase,123,370,0.71099741,0.07472256,0.97533124
cifar10,fixed_phase,123,371,0.70472093,0.04530713,0.99534424
cifar10,fixed_phase,123,372,0.70583338,0.00344261,1.00573882
cifar10,fixed_phase,123,373,0.69874601,0.0426857,1.00850471
cifar10,fixed_phase,123,374,0.71014779,0.1224956,0.99922228
cifar10,fixed_phase,123,375,0.70589301,0.00178153,1.00098414
cifar10,fixed_phase,123,376,0.70088298,0.08321139,0.9749376
cifar10,fixed_phase,123,377,0.71193259,0.01754021,1.02485304
cifar10,fixed_phase,123,378,0.70137177,0.0025742,1.00685066
cifar10,fixed_phase,123,379,0.69468251,0.04080309,0.98675687
cifar10,fixed_phase,123,380,0.70113857,0.02738386,0.97522066
cifar10,fixed_phase,123,381,0.70212322,0.09448308,0.98872501
cifar10,fixed_phase,123,382,0.71452718,0.01067269,1.00654775
cifar10,fixed_phase,123,383,0.70534438,0.05623616,1.00204251
cifar10,fixed_phase,123,384,0.69771257,0.01165804,1.00789833
cifar10,fixed_phase,123,385,0.70639244,0.05006443,1.01104217
cifar10,fixed_phase,123,386,0.71162001,0.00056781,1.00710356
cifar10,fixed_phase,123,387,0.7086981,0.01110836,0.99092084
cifar10,fixed_phase,123,388,0.70468778,0.02663884,0.9935742
cifar10,fixed_phase,123,389,0.71465876,0.09356666,0.98989656
cifar10,fixed_phase,123,390,0.70279878,0.00728029,1.0142972
cifar10,fixed_phase,123,391,0.70765156,6.98e-05,0.98972341
cifar10,fixed_phase,123,392,0.70383665,0.05866582,1.01221397
cifar10,fixed_phase,123,393,0.70599279,0.02294531,1.00315394
cifar10,fixed_phase,123,394,0.70292304,0.00488692,1.01150058
cifar10,fixed_phase,123,395,0.70539851,0.01763148,0.9986224
cifar10,fixed_phase,123,396,0.71801359,0.08354054,1.01219108
cifar10,fixed_phase,123,397,0.703381,0.02235144,0.9988639
cifar10,fixed_phase,123,398,0.7113793,0.11257154,0.99861462
cifar10,fixed_phase,123,399,0.7056692,0.06342,1.01050825
cifar10,fixed_phase,123,400,0.70361609,0.01482917,1.0288852
cifar10,fixed_phase,123,401,0.69497177,0.04149478,1.00488218
cifar10,fixed_phase,123,402,0.71798275,0.0034571,0.99890202
cifar10,fixed_phase,123,403,0.71201096,0.03022681,0.99288894
cifar10,fixed_phase,123,404,0.71058948,0.05069138,1.00419614
cifar10,fixed_phase,123,405,0.71145709,0.09250399,0.96583234
cifar10,fixed_phase,123,406,0.7104208,0.01907398,1.02875991
cifar10,fixed_phase,123,407,0.71266689,0.06022533,0.99439223
cifar10,fixed_phase,123,408,0.70943163,0.04116663,1.01238346
cifar10,fixed_phase,123,409,0.699739,0.09201936,0.9947534
cifar10,fixed_phase,123,410,0.70070559,0.05787272,0.98348493
cifar10,fixed_phase,123,411,0.71345922,0.05936201,0.99224391
cifar10,fixed_phase,123,412,0.70145029,0.08424318,1.00907987
cifar10,fixed_phase,123,413,0.71043392,0.02555776,0.97797087
cifar10,fixed_phase,123,414,0.70918009,0.00718032,0.99079214
cifar10,fixed_phase,123,415,0.70603375,0.01772558,0.99814835
cifar10,fixed_phase,123,416,0.70795543,0.02772345,1.01433042
cifar10,fixed_phase,123,417,0.70619393,0.04516968,1.00367856
cifar10,fixed_phase,123,418,0.71345417,0.05198909,1.00668625
cifar10,fixed_phase,123,419,0.7121083,0.04258929,1.00255065
cifar10,fixed_phase,123,420,0.70820216,0.0156558,0.98129448
cifar10,fixed_phase,123,421,0.70623881,0.05176607,1.02542218
cifar10,fixed_phase,123,422,0.71219181,0.04705674,0.99138457
cifar10,fixed_phase,123,423,0.69405388,0.02205545,0.99622085
cifar10,fixed_phase,123,424,0.70962329,0.05514768,1.02239927
cifar10,fixed_phase,123,425,0.70710153,0.02254416,0.99037574
cifar10,fixed_phase,123,426,0.71034284,0.01773716,0.99988645
cifar10,fixed_phase,123,427,0.70118665,0.06263926,1.00588983
cifar10,fixed_phase,123,428,0.71142129,0.11645096,0.97251833
cifar10,fixed_phase,123,429,0.70016593,0.04136011,1.00133338
cifar10,fixed_phase,123,430,0.70725448,0.01553849,1.00056133
cifar10,fixed_phase,123,431,0.70613968,0.01252537,1.00171632
cifar10,fixed_phase,123,432,0.706187,0.03960773,0.98518506
cifar10,fixed_phase,123,433,0.70773109,0.00114252,1.00155154
cifar10,fixed_phase,123,434,0.70688263,0.02829958,1.02635906
cifar10,fixed_phase,123,435,0.71341549,0.04097256,1.00454651
cifar10,fixed_phase,123,436,0.70681458,0.0371159,1.00317642
cifar10,fixed_phase,123,437,0.71812219,0.03221014,1.01996585
cifar10,fixed_phase,123,438,0.70828414,0.0647679,1.02138307
cifar10,fixed_phase,123,439,0.70004443,0.03682855,0.99409608
cifar10,fixed_phase,123,440,0.70374519,0.04347001,1.00840653
cifar10,fixed_phase,123,441,0.70520992,0.073398,1.01671846
cifar10,fixed_phase,123,442,0.71273769,0.06408252,1.00486828
cifar10,fixed_phase,123,443,0.70454862,0.04325812,0.99463945
cifar10,fixed_phase,123,444,0.70678422,0.05976168,0.98209383
cifar10,fixed_phase,123,445,0.71148295,0.01020363,0.98520265
cifar10,fixed_phase,123,446,0.70272932,0.0139343,1.00579378
cifar10,fixed_phase,123,447,0.710933,0.02729114,0.98748884
cifar10,fixed_phase,123,448,0.71719814,0.07338438,1.00733674
cifar10,fixed_phase,123,449,0.71016492,0.02869179,1.00313811
cifar10,fixed_phase,123,450,0.72051638,0.01442223,1.00737036
cifar10,fixed_phase,123,451,0.71759376,0.0177734,1.00142998
cifar10,fixed_phase,123,452,0.70010697,0.04791339,1.0067825
cifar10,fixed_phase,123,453,0.71481726,0.07500871,0.97673589
cifar10,fixed_phase,123,454,0.70627309,0.00706472,1.00238739
cifar10,fixed_phase,123,455,0.70844487,0.06749816,0.98536305
cifar10,fixed_phase,123,456,0.71011403,0.01713027,0.99107672
cifar10,fixed_phase,123,457,0.70134328,0.07205128,0.99543126
cifar10,fixed_phase,123,458,0.69500247,0.05842662,1.01012715
cifar10,fixed_phase,123,459,0.69829992,0.02218645,0.98275313
cifar10,fixed_phase,123,460,0.71143804,0.01700804,0.98591653
cifar10,fixed_phase,123,461,0.71011991,0.06810859,1.00663687
cifar10,fixed_phase,123,462,0.710033,0.07537455,0.98801456
cifar10,fixed_phase,123,463,0.70882455,0.01445879,1.01745464
cifar10,fixed_phase,123,464,0.71629449,0.01505757,0.98650456
cifar10,fixed_phase,123,465,0.7045154,0.05664879,1.00636556
cifar10,fixed_phase,123,466,0.70975479,0.06784461,0.99685789
cifar10,fixed_phase,123,467,0.70489907,0.02870036,1.01525462
cifar10,fixed_phase,123,468,0.71567065,0.0157291,0.96954781
cifar10,fixed_phase,123,469,0.70391916,0.02303251,0.97604223
cifar10,fixed_phase,123,470,0.69959667,0.01682702,0.97970418
cifar10,fixed_phase,123,471,0.68565117,0.08193719,1.01781916
cifar10,fixed_phase,123,472,0.71015804,0.02737339,0.9807738
cifar10,fixed_phase,123,473,0.70565394,0.06023931,1.02410537
cifar10,fixed_phase,123,474,0.70230451,0.03056874,1.0181886
cifar10,fixed_phase,123,475,0.71056686,0.00133402,0.99543117
cifar10,fixed_phase,123,476,0.70640355,0.0347654,0.99912265
cifar10,fixed_phase,123,477,0.69965563,0.00743302,0.99905957
cifar10,fixed_phase,123,478,0.7088053,0.02270243,1.01562623
cifar10,fixed_phase,123,479,0.70204693,0.05428316,1.00974617
cifar10,fixed_phase,123,480,0.70288118,0.07145229,1.01107981
cifar10,fixed_phase,123,481,0.70068995,0.00575473,0.97738093
cifar10,fixed_phase,123,482,0.70957048,0.06183652,0.98949661
cifar10,fixed_phase,123,483,0.70348683,0.00687205,0.99888487
cifar10,fixed_phase,123,484,0.7085266,0.03704335,1.01897993
cifar10,fixed_phase,123,485,0.71061826,0.05591576,0.99759324
cifar10,fixed_phase,123,486,0.7064975,0.02866239,0.99711043
cifar10,fixed_phase,123,487,0.69960767,0.10733375,0.98619437
cifar10,fixed_phase,123,488,0.70766546,0.03757548,0.99358095
cifar10,fixed_phase,123,489,0.71724178,0.00208046,0.98713724
cifar10,fixed_phase,123,490,0.70183785,0.08937769,1.02562603
cifar10,fixed_phase,123,491,0.7135828,0.01574171,1.03818697
cifar10,fixed_phase,123,492,0.7004083,0.01234972,1.00621508
cifar10,fixed_phase,123,493,0.71124971,0.06520836,1.01103833
cifar10,fixed_phase,123,494,0.68909917,0.12665679,1.0135481
cifar10,fixed_phase,123,495,0.70888585,0.06425123,1.0188079
cifar10,fixed_phase,123,496,0.71198667,0.01968992,0.99996269
cifar10,fixed_phase,123,497,0.70879093,0.08271916,0.97445201
cifar10,fixed_phase,123,498,0.7029674,0.01977592,0.98451436
cifar10,fixed_phase,123,499,0.70505532,0.07686423,1.00548731
cifar10,fixed_phase,123,500,0.71490877,0.00920856,0.97245673
cifar10,fixed_phase,123,501,0.70560238,0.00383074,0.97819477
cifar10,fixed_phase,123,502,0.71272222,0.06111976,0.99115217
cifar10,fixed_phase,123,503,0.7039659,0.02601651,1.01696693
cifar10,fixed_phase,123,504,0.71240768,0.0414651,0.98007877
cifar10,fixed_phase,123,505,0.71786149,0.0271035,1.00519708
cifar10,fixed_phase,123,506,0.69576489,0.04702298,0.99120787
cifar10,fixed_phase,123,507,0.71342683,0.06382314,1.03371757
cifar10,fixed_phase,123,508,0.71210113,0.02190156,1.00237706
cifar10,fixed_phase,123,509,0.70887797,0.05654605,1.01110863
cifar10,fixed_phase,123,510,0.70667313,0.04535278,0.99009774
cifar10,fixed_phase,123,511,0.70903372,0.02229249,0.99432715
cifar10,fixed_phase,123,512,0.7066281,0.05542984,0.99250107
cifar10,fixed_phase,123,513,0.70523708,0.04813541,0.99865233
cifar10,fixed_phase,123,514,0.69818367,0.0695518,0.99132502
cifar10,fixed_phase,123,515,0.71301358,0.06632027,0.99779019
cifar10,fixed_phase,123,516,0.71053923,0.10268242,1.0131997
cifar10,fixed_phase,123,517,0.70377723,0.02137454,1.01636793
cifar10,fixed_phase,123,518,0.7059118,0.04440111,0.96690621
cifar10,fixed_phase,123,519,0.70902777,0.02739376,0.9700367
cifar10,fixed_phase,123,520,0.71013298,0.0157497,0.98607621
cifar10,fixed_phase,123,521,0.70951588,0.02982093,1.00271614
cifar10,fixed_phase,123,522,0.70651749,0.0587074,1.02015761
cifar10,fixed_phase,123,523,0.71026516,0.03994525,1.01422253
cifar10,fixed_phase,123,524,0.70231415,0.00076936,1.02005764
cifar10,fixed_phase,123,525,0.69327681,0.0264673,1.01811902
cifar10,fixed_phase,123,526,0.70752161,0.02705413,1.01650317
cifar10,fixed_phase,123,527,0.71325771,0.03109628,1.02977386
cifar10,fixed_phase,123,528,0.69977986,0.01461975,1.02427013
cifar10,fixed_phase,123,529,0.70744883,0.03025002,1.00227071
cifar10,fixed_phase,123,530,0.69906365,0.02294532,0.99359407
cifar10,fixed_phase,123,531,0.69310869,0.04063878,0.99082302
cifar10,fixed_phase,123,532,0.70892456,0.02855243,1.00815584
cifar10,fixed_phase,123,533,0.70890788,0.01707927,0.99820815
cifar10,fixed_phase,123,534,0.69991244,0.10743742,0.97853458
cifar10,fixed_phase,123,535,0.7061808,0.02881688,1.01185765
cifar10,fixed_phase,123,536,0.70446284,0.03948591,1.03350103
cifar10,fixed_phase,123,537,0.70092986,0.08485482,0.99647469
cifar10,fixed_phase,123,538,0.70512137,0.01895203,0.99821935
cifar10,fixed_phase,123,539,0.70660454,0.04382671,0.97639951
cifar10,fixed_phase,123,540,0.71222096,0.02156343,1.00140698
cifar10,fixed_phase,123,541,0.71160187,0.01753585,1.01090688
cifar10,fixed_phase,123,542,0.71621057,0.02398446,1.00199578
cifar10,fixed_phase,123,543,0.71069759,0.0590732,0.9963042
cifar10,fixed_phase,123,544,0.70945968,0.08841069,1.00435612
cifar10,fixed_phase,123,545,0.69185225,0.00050024,0.99675199
cifar10,fixed_phase,123,546,0.70588992,0.0455763,1.01450526
cifar10,fixed_phase,123,547,0.70178964,0.02893037,1.00317628
cifar10,fixed_phase,123,548,0.70361172,0.03601621,0.99797026
cifar10,fixed_phase,123,549,0.70329974,0.02318345,0.99027003
cifar10,fixed_phase,123,550,0.71008493,0.0444804,0.9748391
cifar10,fixed_phase,123,551,0.70691785,0.00590907,1.02817338
cifar10,fixed_phase,123,552,0.70080689,0.08027764,0.98865309
cifar10,fixed_phase,123,553,0.7055443,0.06150559,1.00849833
cifar10,fixed_phase,123,554,0.70314901,0.06162138,0.98070139
cifar10,fixed_phase,123,555,0.7020404,0.01146727,0.97692846
cifar10,fixed_phase,123,556,0.69697617,0.0378386,1.00545663
cifar10,fixed_phase,123,557,0.70772379,0.00266364,0.99529682
cifar10,fixed_phase,123,558,0.70109452,0.01628249,0.99866185
cifar10,fixed_phase,123,559,0.70712199,0.03982505,1.01561605
cifar10,fixed_phase,123,560,0.70667623,0.02348693,1.00398659
cifar10,fixed_phase,123,561,0.70948842,0.01837208,0.99141267
cifar10,fixed_phase,123,562,0.70105812,0.10360565,0.99481107
cifar10,fixed_phase,123,563,0.71108425,0.04698824,0.99078179
cifar10,fixed_phase,123,564,0.69845383,0.00752741,1.01530993
cifar10,fixed_phase,123,565,0.7044397,0.0453078,1.00486879
cifar10,fixed_phase,123,566,0.71547851,0.07851191,1.00006757
cifar10,fixed_phase,123,567,0.7093825,0.05012268,0.9997603
cifar10,fixed_phase,123,568,0.70208545,0.04735068,1.00994921
cifar10,fixed_phase,123,569,0.70258097,0.07652487,0.98592467
cifar10,fixed_phase,123,570,0.70906588,0.02741373,0.99088042
cifar10,fixed_phase,123,571,0.70398819,0.06506331,0.99906143
cifar10,fixed_phase,123,572,0.7113889,0.0523597,0.98896219
cifar10,fixed_phase,123,573,0.70653467,0.02738885,1.00591817
cifar10,fixed_phase,123,574,0.69764586,0.00779767,0.95550591
cifar10,fixed_phase,123,575,0.70278594,0.00693209,0.99993297
cifar10,fixed_phase,123,576,0.70103367,0.02077239,1.03015529
cifar10,fixed_phase,123,577,0.70620538,0.01236207,1.03236081
cifar10,fixed_phase,123,578,0.70392653,0.05941875,1.00418228
cifar10,fixed_phase,123,579,0.70750229,0.03607364,0.98991591
cifar10,fixed_phase,123,580,0.70705916,0.06248993,0.99522699
cifar10,fixed_phase,123,581,0.71061256,0.04402337,1.00249354
cifar10,fixed_phase,123,582,0.70913168,0.0731633,1.00462273
cifar10,fixed_phase,123,583,0.70558999,0.05996752,0.98602741
cifar10,fixed_phase,123,584,0.71027004,0.0103352,0.99330517
cifar10,fixed_phase,123,585,0.71491261,0.01784394,1.00121205
cifar10,fixed_phase,123,586,0.69541893,0.01920066,0.97902108
cifar10,fixed_phase,123,587,0.70525908,0.065991,0.99362731
cifar10,fixed_phase,123,588,0.72041801,0.04138824,0.97855888
cifar10,fixed_phase,123,589,0.70281811,0.00763532,1.01177058
cifar10,fixed_phase,123,590,0.70514333,0.01248361,0.99379068
cifar10,fixed_phase,123,591,0.70953298,0.0300609,1.007727
cifar10,fixed_phase,123,592,0.70774476,0.03442436,1.01586875
cifar10,fixed_phase,123,593,0.69500748,0.00274645,0.9861741
cifar10,fixed_phase,123,594,0.70570632,0.0403799,1.00611118
cifar10,fixed_phase,123,595,0.70684408,0.02822754,1.00450186
cifar10,fixed_phase,123,596,0.70136006,0.02771694,0.9880135
cifar10,fixed_phase,123,597,0.71943232,0.07486854,0.97762798
cifar10,fixed_phase,123,598,0.70461311,0.00642658,0.99086247
cifar10,fixed_phase,123,599,0.70155245,0.02668424,1.01543948
cifar10,fixed_phase,123,600,0.69563319,0.0564511,1.01585132
cifar10,fixed_phase,123,601,0.70987039,0.02221472,0.98725808
cifar10,fixed_phase,123,602,0.69827617,0.03667549,1.01224554
cifar10,fixed_phase,123,603,0.70928903,0.04299621,1.01087357
cifar10,fixed_phase,123,604,0.70425128,0.09308052,0.95668378
cifar10,fixed_phase,123,605,0.71310199,0.05820066,0.99966621
cifar10,fixed_phase,123,606,0.70398385,0.02752369,0.98908985
cifar10,fixed_phase,123,607,0.70866054,0.02522557,0.99070229
cifar10,fixed_phase,123,608,0.71430819,0.06173864,1.03070212
cifar10,fixed_phase,123,609,0.70005322,0.03480251,0.98698148
cifar10,fixed_phase,123,610,0.69683474,0.02225662,0.98995174
cifar10,fixed_phase,123,611,0.70319031,0.0501586,0.98716528
cifar10,fixed_phase,123,612,0.71050377,0.09185154,0.97525587
cifar10,fixed_phase,123,613,0.701955,0.02878615,1.00505904
cifar10,fixed_phase,123,614,0.70662421,0.0231628,0.99141545
cifar10,fixed_phase,123,615,0.69744552,0.0239384,1.0051813
cifar10,fixed_phase,123,616,0.71696557,0.01824968,1.02398283
cifar10,fixed_phase,123,617,0.70894112,0.03079629,1.02144629
cifar10,fixed_phase,123,618,0.69972166,0.05682511,1.00314618
cifar10,fixed_phase,123,619,0.71865605,0.02317028,1.00835311
cifar10,fixed_phase,123,620,0.69026405,0.03769092,1.00904973
cifar10,fixed_phase,123,621,0.70037543,0.06491771,0.99412058
cifar10,fixed_phase,123,622,0.70752765,0.01563289,0.9781247
cifar10,fixed_phase,123,623,0.71466854,0.06258757,1.01193883
cifar10,fixed_phase,123,624,0.70686713,0.00188197,1.00311754
cifar10,fixed_phase,123,625,0.69805051,0.00023127,1.00567758
cifar10,fixed_phase,123,626,0.71572201,0.06162192,0.99323244
cifar10,fixed_phase,123,627,0.71173867,0.06442811,1.00400085
cifar10,fixed_phase,123,628,0.7071468,0.08107527,1.00946717
cifar10,fixed_phase,123,629,0.71746483,0.00909374,0.98635197
cifar10,fixed_phase,123,630,0.68965743,0.02238171,1.00747131
cifar10,fixed_phase,123,631,0.70190662,0.06227668,1.01159815
cifar10,fixed_phase,123,632,0.70446026,0.07367874,0.96794733
cifar10,fixed_phase,123,633,0.70597035,0.04797229,0.9814998
cifar10,fixed_phase,123,634,0.71313785,0.0925061,0.98975845
cifar10,fixed_phase,123,635,0.70559825,0.03633146,1.01353897
cifar10,fixed_phase,123,636,0.70877669,0.02767677,1.0118629
cifar10,fixed_phase,123,637,0.7083104,0.13131341,0.99462165
cifar10,fixed_phase,123,638,0.70585321,0.03559612,0.96844042
cifar10,fixed_phase,123,639,0.69653773,0.02491536,0.99494736
cifar10,fixed_phase,123,640,0.69973893,0.01541655,0.99486894
cifar10,fixed_phase,123,641,0.70049606,0.04592671,0.96500962
cifar10,fixed_phase,123,642,0.70174202,0.01318444,1.00619985
cifar10,fixed_phase,123,643,0.69952687,0.06969399,0.98586117
cifar10,fixed_phase,123,644,0.70368289,0.05919834,1.01414503
cifar10,fixed_phase,123,645,0.70441951,0.05688703,1.03312602
cifar10,fixed_phase,123,646,0.69863626,0.07856752,0.99417582
cifar10,fixed_phase,123,647,0.71106888,0.04994633,0.99836197
cifar10,fixed_phase,123,648,0.71306416,0.00705499,1.00713535
cifar10,fixed_phase,123,649,0.70270042,0.10159628,0.98924922
cifar10,fixed_phase,123,650,0.70636859,0.01006369,0.99496731
cifar10,fixed_phase,123,651,0.69680837,0.05505044,1.01004053
cifar10,fixed_phase,123,652,0.70480782,0.0173022,0.97277688
cifar10,fixed_phase,123,653,0.70465777,0.03051713,1.02339867
cifar10,fixed_phase,123,654,0.70302843,0.07632858,0.98002718
cifar10,fixed_phase,123,655,0.71227691,0.02778601,0.99467667
cifar10,fixed_phase,123,656,0.71135281,0.07180651,1.00077415
cifar10,fixed_phase,123,657,0.70235836,0.0731586,0.99054881
cifar10,fixed_phase,123,658,0.70918244,0.0430705,0.98755983
cifar10,fixed_phase,123,659,0.69946172,0.02739424,1.00626373
cifar10,fixed_phase,123,660,0.71353696,0.02088831,1.01350986
cifar10,fixed_phase,123,661,0.7018458,0.04259064,0.99890519
cifar10,fixed_phase,123,662,0.71142699,0.04044034,1.00957274
cifar10,fixed_phase,123,663,0.70964068,0.08316249,0.99125604
cifar10,fixed_phase,123,664,0.70490163,0.05417047,1.01415717
cifar10,fixed_phase,123,665,0.71002627,0.06445167,1.00324284
cifar10,fixed_phase,123,666,0.71111415,0.02143726,1.01632845
cifar10,fixed_phase,123,667,0.70564557,0.0695471,0.98722998
cifar10,fixed_phase,123,668,0.69790558,0.00673588,1.001205
cifar10,fixed_phase,123,669,0.70593117,0.00623996,1.01363709
cifar10,fixed_phase,123,670,0.71670047,0.0052977,0.9707673
cifar10,fixed_phase,123,671,0.70800091,0.02754587,0.99733923
cifar10,fixed_phase,123,672,0.70129463,0.02543912,1.00606994
cifar10,fixed_phase,123,673,0.70640669,0.06798636,0.99552208
cifar10,fixed_phase,123,674,0.71123647,0.01562958,0.99708876
cifar10,fixed_phase,123,675,0.7021911,0.00281945,1.01446906
cifar10,fixed_phase,123,676,0.70480934,0.03611105,1.00826869
cifar10,fixed_phase,123,677,0.70254708,0.03057076,0.98998326
cifar10,fixed_phase,123,678,0.70671928,0.06630871,0.99325607
cifar10,fixed_phase,123,679,0.71009634,0.08124664,1.01627185
cifar10,fixed_phase,123,680,0.69230898,0.05663026,0.99629418
cifar10,fixed_phase,123,681,0.71067508,0.04770633,0.98997132
cifar10,fixed_phase,123,682,0.71169405,0.05681037,1.02056263
cifar10,fixed_phase,123,683,0.70018976,0.01539243,1.00837514
cifar10,fixed_phase,123,684,0.70329837,0.01300689,1.0247745
cifar10,fixed_phase,123,685,0.70604101,0.03577683,0.98869401
cifar10,fixed_phase,123,686,0.70165171,0.07373314,1.00602996
cifar10,fixed_phase,123,687,0.71021744,0.03848316,0.99753537
cifar10,fixed_phase,123,688,0.70895083,0.02994994,1.00584615
cifar10,fixed_phase,123,689,0.7098011,0.05358784,1.00923522
cifar10,fixed_phase,123,690,0.70365357,0.02055266,1.00622251
cifar10,fixed_phase,123,691,0.69889965,0.00913583,0.99610054
cifar10,fixed_phase,123,692,0.70510293,0.01422051,0.99405195
cifar10,fixed_phase,123,693,0.70020447,0.04464514,0.99678872
cifar10,fixed_phase,123,694,0.69348606,0.0649585,0.99442856
cifar10,fixed_phase,123,695,0.71280317,0.05948497,1.00762942
cifar10,fixed_phase,123,696,0.71162751,0.03145939,0.99493534
cifar10,fixed_phase,123,697,0.71022903,0.00990674,1.01408897
cifar10,fixed_phase,123,698,0.71126105,0.00519591,0.98924516
cifar10,fixed_phase,123,699,0.70374667,0.08684903,1.00625003
cifar10,fixed_phase,123,700,0.70399864,0.13138905,0.99474753
cifar10,fixed_phase,123,701,0.70539284,0.04140245,0.98885249
cifar10,fixed_phase,123,702,0.7072033,0.05977337,0.97932266
cifar10,fixed_phase,123,703,0.70581795,0.00570344,0.9780568
cifar10,fixed_phase,123,704,0.71278154,0.00489521,1.00450069
cifar10,fixed_phase,123,705,0.70336765,0.04989433,0.99296766
cifar10,fixed_phase,123,706,0.71039514,0.01995342,1.01131712
cifar10,fixed_phase,123,707,0.71747279,0.05482555,1.02385357
cifar10,fixed_phase,123,708,0.70490429,0.03486272,1.01989415
cifar10,fixed_phase,123,709,0.71149974,0.01037633,1.02483955
cifar10,fixed_phase,123,710,0.70743347,0.03767635,0.9823734
cifar10,fixed_phase,123,711,0.70670097,0.02195502,0.98363123
cifar10,fixed_phase,123,712,0.70327229,0.05499628,1.00806159
cifar10,fixed_phase,123,713,0.69974592,0.02826074,1.04663409
cifar10,fixed_phase,123,714,0.70451073,0.04983931,0.98398449
cifar10,fixed_phase,123,715,0.70881554,0.0122878,0.98982811
cifar10,fixed_phase,123,716,0.70149218,0.06999746,0.99304994
cifar10,fixed_phase,123,717,0.70934825,0.02313549,0.98691694
cifar10,fixed_phase,123,718,0.70887695,0.0617195,1.00067848
cifar10,fixed_phase,123,719,0.70630961,0.03801034,1.02773498
cifar10,fixed_phase,123,720,0.71519366,0.00275396,1.00304302
cifar10,fixed_phase,123,721,0.70080937,0.03449853,0.99874319
cifar10,fixed_phase,123,722,0.71238517,0.09222654,1.01116126
cifar10,fixed_phase,123,723,0.71544459,0.02900434,1.01504615
cifar10,fixed_phase,123,724,0.70595125,0.01666584,0.97950001
cifar10,fixed_phase,123,725,0.70281935,0.01962354,0.99151578
cifar10,fixed_phase,123,726,0.70544779,0.05365209,1.02749873
cifar10,fixed_phase,123,727,0.70459103,0.06517866,0.98164327
cifar10,fixed_phase,123,728,0.71547664,0.01181597,0.98501501
cifar10,fixed_phase,123,729,0.70958133,0.0458325,1.01187422
cifar10,fixed_phase,123,730,0.70663703,0.07313014,1.01786685
cifar10,fixed_phase,123,731,0.70661293,0.10801816,0.97805904
cifar10,fixed_phase,123,732,0.70349988,0.03648089,1.00374884
cifar10,fixed_phase,123,733,0.70568516,0.05146851,0.99502606
cifar10,fixed_phase,123,734,0.7004929,0.08608759,0.98975022
cifar10,fixed_phase,123,735,0.69689871,0.03289369,1.03175009
cifar10,fixed_phase,123,736,0.71105362,0.00117592,1.01089709
cifar10,fixed_phase,123,737,0.70386008,0.02080056,1.01090065
cifar10,fixed_phase,123,738,0.7138459,0.04166106,0.99296754
cifar10,fixed_phase,123,739,0.71084159,0.10202009,0.99447206
cifar10,fixed_phase,123,740,0.7091297,0.02842816,1.01804866
cifar10,fixed_phase,123,741,0.69987798,0.00020937,0.9818717
cifar10,fixed_phase,123,742,0.70718238,0.03035084,0.98821369
cifar10,fixed_phase,123,743,0.70444314,0.04947033,0.99386089
cifar10,fixed_phase,123,744,0.71046246,0.01557618,0.98242021
cifar10,fixed_phase,123,745,0.71943879,0.02983177,0.99527768
cifar10,fixed_phase,123,746,0.70971136,0.01454843,1.01997365
cifar10,fixed_phase,123,747,0.70481962,0.01327036,1.00577702
cifar10,fixed_phase,123,748,0.71590028,0.02354416,1.01140161
cifar10,fixed_phase,123,749,0.70097239,0.02837567,0.99960072
cifar10,fixed_phase,123,750,0.70920242,0.0259353,0.9745787
cifar10,fixed_phase,123,751,0.69976053,0.06035461,0.97344165
cifar10,fixed_phase,123,752,0.70244393,0.01623377,0.99324872
cifar10,fixed_phase,123,753,0.70466242,0.06466177,0.98189416
cifar10,fixed_phase,123,754,0.71111832,0.0377859,0.97835255
cifar10,fixed_phase,123,755,0.70662085,0.03796864,0.98827906
cifar10,fixed_phase,123,756,0.71495107,0.04696255,0.98215817
cifar10,fixed_phase,123,757,0.70564256,0.14789263,0.98457567
cifar10,fixed_phase,123,758,0.70838741,0.0252793,1.02429695
cifar10,fixed_phase,123,759,0.71014218,0.01760263,0.99158524
cifar10,fixed_phase,123,760,0.70347826,0.09564111,1.00268981
cifar10,fixed_phase,123,761,0.70072569,0.01887944,1.00165291
cifar10,fixed_phase,123,762,0.71472607,0.01495689,0.99646474
cifar10,fixed_phase,123,763,0.70519256,0.04009708,0.99116269
cifar10,fixed_phase,123,764,0.70801491,0.06668632,0.97346017
cifar10,fixed_phase,123,765,0.70508008,0.062789,0.98496491
cifar10,fixed_phase,123,766,0.70167048,0.01321035,1.0081335
cifar10,fixed_phase,123,767,0.71409746,0.05439568,1.00901682
cifar10,fixed_phase,123,768,0.71121462,0.10188629,1.0218313
cifar10,fixed_phase,123,769,0.71581402,0.00202326,0.99112403
cifar10,fixed_phase,123,770,0.70544546,0.11375793,0.99129193
cifar10,fixed_phase,123,771,0.71616668,0.00892034,0.98300314
cifar10,fixed_phase,123,772,0.70515853,0.07301805,1.00787299
cifar10,fixed_phase,123,773,0.70188962,0.06128812,1.01228257
cifar10,fixed_phase,123,774,0.70987575,0.07107194,0.9817828
cifar10,fixed_phase,123,775,0.706285,0.01677137,0.99151524
cifar10,fixed_phase,123,776,0.70982777,0.02564312,1.0148274
cifar10,fixed_phase,123,777,0.72001222,0.08983111,1.01151908
cifar10,fixed_phase,123,778,0.70358609,0.0502986,0.99330257
cifar10,fixed_phase,123,779,0.70974441,0.05582971,0.99187378
cifar10,fixed_phase,123,780,0.70764427,0.02671391,0.99634193
cifar10,fixed_phase,123,781,0.7008726,0.036537,0.97685143
cifar10,fixed_phase,123,782,0.70526263,0.05308396,1.01752975
cifar10,fixed_phase,123,783,0.70412562,0.03734236,0.99165781
cifar10,fixed_phase,123,784,0.71792326,0.03385687,0.99791785
cifar10,fixed_phase,123,785,0.70737141,0.00703014,1.01449108
cifar10,fixed_phase,123,786,0.71508578,0.02937039,0.99300871
cifar10,fixed_phase,123,787,0.70123681,0.03609658,0.99908196
cifar10,fixed_phase,123,788,0.71862747,0.00166619,1.01326702
cifar10,fixed_phase,123,789,0.70204288,0.00300598,1.00501784
cifar10,fixed_phase,123,790,0.69313054,0.05006399,0.97127388
cifar10,fixed_phase,123,791,0.70978815,0.02635131,1.02162093
cifar10,fixed_phase,123,792,0.71126494,0.12694605,1.00254177
cifar10,fixed_phase,123,793,0.70601479,0.05257784,1.02132171
cifar10,fixed_phase,123,794,0.71337067,0.02436455,0.97806464
cifar10,fixed_phase,123,795,0.69902591,0.10677904,1.01087854
cifar10,fixed_phase,123,796,0.70917205,0.01076076,0.98976578
cifar10,fixed_phase,123,797,0.70891441,0.00585285,1.02656978
cifar10,fixed_phase,123,798,0.70248752,0.05051891,1.01800517
cifar10,fixed_phase,123,799,0.70547589,0.01620482,1.00117939
cifar10,fixed_phase,123,800,0.71084402,0.02148446,0.98570966
cifar10,fixed_phase,123,801,0.69163584,0.00076223,1.02216321
cifar10,fixed_phase,123,802,0.7062337,0.00908438,0.98043768
cifar10,fixed_phase,123,803,0.71593985,0.13305172,0.98760506
cifar10,fixed_phase,123,804,0.70654894,0.054888,0.98654152
cifar10,fixed_phase,123,805,0.71170485,0.02067206,0.9878734
cifar10,fixed_phase,123,806,0.6947829,0.03342491,1.01181093
cifar10,fixed_phase,123,807,0.70822377,0.00471857,1.03004551
cifar10,fixed_phase,123,808,0.72177343,0.03790374,0.9980079
cifar10,fixed_phase,123,809,0.71565439,0.13633627,0.99905621
cifar10,fixed_phase,123,810,0.71621519,0.02327458,1.01623848
cifar10,fixed_phase,123,811,0.70733778,0.0085676,0.98094021
cifar10,fixed_phase,123,812,0.70126741,0.07993662,1.00327536
cifar10,fixed_phase,123,813,0.69875623,0.03965382,0.99677431
cifar10,fixed_phase,123,814,0.69803491,0.0250359,1.0116424
cifar10,fixed_phase,123,815,0.70433509,0.13469146,0.9830011
cifar10,fixed_phase,123,816,0.70963071,0.05151841,1.00453554
cifar10,fixed_phase,123,817,0.69605353,0.00726926,1.00487478
cifar10,fixed_phase,123,818,0.71031875,0.02446833,1.02002635
cifar10,fixed_phase,123,819,0.70732102,0.01515412,1.00602761
cifar10,fixed_phase,123,820,0.70211174,0.02111968,0.98389736
cifar10,fixed_phase,123,821,0.70623183,0.00348813,1.00963249
cifar10,fixed_phase,123,822,0.70969701,0.07626296,1.00953985
cifar10,fixed_phase,123,823,0.70338789,0.0255363,0.98775445
cifar10,fixed_phase,123,824,0.71007825,0.05068901,0.97564213
cifar10,fixed_phase,123,825,0.71142343,0.07640791,0.9922434
cifar10,fixed_phase,123,826,0.70625512,0.05884238,0.99275972
cifar10,fixed_phase,123,827,0.70809211,0.09018492,0.99184062
cifar10,fixed_phase,123,828,0.71476927,0.06843742,0.96574214
cifar10,fixed_phase,123,829,0.70391948,0.01995483,0.98593306
cifar10,fixed_phase,123,830,0.70853443,0.03588735,1.00289955
cifar10,fixed_phase,123,831,0.69385745,0.00730632,0.99205425
cifar10,fixed_phase,123,832,0.70895171,0.02195982,1.0006338
cifar10,fixed_phase,123,833,0.70385105,0.00042113,1.00686729
cifar10,fixed_phase,123,834,0.70714012,0.02557459,0.99238807
cifar10,fixed_phase,123,835,0.69982391,0.01261241,1.00071924
cifar10,fixed_phase,123,836,0.7045423,0.01341716,0.99391688
cifar10,fixed_phase,123,837,0.70069969,0.01794553,0.99363775
cifar10,fixed_phase,123,838,0.71283783,0.02519456,0.99960887
cifar10,fixed_phase,123,839,0.70474956,0.04211966,1.01244132
cifar10,fixed_phase,123,840,0.71549194,0.11584716,0.98483222
cifar10,fixed_phase,123,841,0.70474191,0.00716843,1.00869713
cifar10,fixed_phase,123,842,0.70675994,0.02956547,1.01783205
cifar10,fixed_phase,123,843,0.70762139,0.05765464,1.00377345
cifar10,fixed_phase,123,844,0.70709399,0.02920764,0.97247893
cifar10,fixed_phase,123,845,0.71475787,0.02964258,0.97354716
cifar10,fixed_phase,123,846,0.71713163,0.00891984,1.00746394
cifar10,fixed_phase,123,847,0.72031847,0.08636945,0.99807841
cifar10,fixed_phase,123,848,0.69011302,0.02592271,1.01046846
cifar10,fixed_phase,123,849,0.70009631,0.08963459,1.02912185
cifar10,fixed_phase,123,850,0.70678253,0.10171314,0.99627699
cifar10,fixed_phase,123,851,0.70259141,0.00662603,1.0124569
cifar10,fixed_phase,123,852,0.70027197,0.04492136,1.0036351
cifar10,fixed_phase,123,853,0.70875745,0.02977406,1.0153356
cifar10,fixed_phase,123,854,0.71672311,0.03099586,1.00561748
cifar10,fixed_phase,123,855,0.7107914,0.03251596,1.00217302
cifar10,fixed_phase,123,856,0.70607746,0.05903441,1.00111878
cifar10,fixed_phase,123,857,0.71451821,0.05099784,0.99936541
cifar10,fixed_phase,123,858,0.70638985,0.00385539,0.99491811
cifar10,fixed_phase,123,859,0.70672648,0.05956841,0.98439051
cifar10,fixed_phase,123,860,0.71370443,0.01909644,1.01200307
cifar10,fixed_phase,123,861,0.6961226,0.06412799,0.9941804
cifar10,fixed_phase,123,862,0.70608648,0.01566538,1.0215176
cifar10,fixed_phase,123,863,0.6937098,0.02726241,0.97432303
cifar10,fixed_phase,123,864,0.70315418,0.00068382,0.98745267
cifar10,fixed_phase,123,865,0.69952542,0.02107752,1.00744085
cifar10,fixed_phase,123,866,0.70631987,0.1027749,1.01232877
cifar10,fixed_phase,123,867,0.70055661,0.03746095,0.98744762
cifar10,fixed_phase,123,868,0.71630365,0.01544526,0.98252315
cifar10,fixed_phase,123,869,0.70400623,0.06486931,0.99735317
cifar10,fixed_phase,123,870,0.70012436,0.03779067,1.0067513
cifar10,fixed_phase,123,871,0.7087842,0.06387004,1.00860486
cifar10,fixed_phase,123,872,0.70946542,0.04031659,1.02633181
cifar10,fixed_phase,123,873,0.7119732,0.08762195,0.98422825
cifar10,fixed_phase,123,874,0.70624277,0.06196677,1.01533902
cifar10,fixed_phase,123,875,0.70607546,0.03521862,1.01585817
cifar10,fixed_phase,123,876,0.7015899,0.07132342,1.00154402
cifar10,fixed_phase,123,877,0.70163356,0.06785951,1.0000719
cifar10,fixed_phase,123,878,0.70039206,0.01499967,0.97534474
cifar10,fixed_phase,123,879,0.71371486,0.02386309,0.99468702
cifar10,fixed_phase,123,880,0.69403963,0.03403093,0.98920618
cifar10,fixed_phase,123,881,0.70010744,0.08950019,0.98257756
cifar10,fixed_phase,123,882,0.70893839,0.00320295,1.01573587
cifar10,fixed_phase,123,883,0.70690647,0.01524426,1.00578309
cifar10,fixed_phase,123,884,0.7064738,0.00558918,0.99523883
cifar10,fixed_phase,123,885,0.71630275,0.02434201,1.01718027
cifar10,fixed_phase,123,886,0.71318308,0.06085051,0.99049097
cifar10,fixed_phase,123,887,0.70143971,0.11204964,0.97713977
cifar10,fixed_phase,123,888,0.71464789,0.02826696,1.00438488
cifar10,fixed_phase,123,889,0.70613929,0.00780787,0.99628469
cifar10,fixed_phase,123,890,0.71155215,0.02829158,1.0050736
cifar10,fixed_phase,123,891,0.69670679,0.02279476,1.02809671
cifar10,fixed_phase,123,892,0.70509448,0.02340684,0.99866577
cifar10,fixed_phase,123,893,0.70281712,0.08612498,1.00788975
cifar10,fixed_phase,123,894,0.71094478,0.01633144,1.02144291
cifar10,fixed_phase,123,895,0.71129941,0.01175414,0.98626857
cifar10,fixed_phase,123,896,0.70698845,0.02563577,1.01200648
cifar10,fixed_phase,123,897,0.7041956,0.03671436,0.98988648
cifar10,fixed_phase,123,898,0.71129989,0.00316741,0.9906235
cifar10,fixed_phase,123,899,0.70264384,0.03066098,0.97806006
cifar10,fixed_phase,123,900,0.70939114,0.0658232,0.9841357
cifar10,fixed_phase,123,901,0.70552423,0.10365592,0.98652389
cifar10,fixed_phase,123,902,0.71023168,0.04625283,0.99647418
cifar10,fixed_phase,123,903,0.70498063,0.01086708,1.00544935
cifar10,fixed_phase,123,904,0.71370455,0.00240267,1.00143078
cifar10,fixed_phase,123,905,0.70353529,0.01526699,0.98443998
cifar10,fixed_phase,123,906,0.7069429,0.03943525,0.99838716
cifar10,fixed_phase,123,907,0.69820946,0.00256961,0.99862932
cifar10,fixed_phase,123,908,0.6981984,0.07566068,1.00006658
cifar10,fixed_phase,123,909,0.70935614,0.01457372,0.98981411
cifar10,fixed_phase,123,910,0.69660494,0.06559172,0.99711538
cifar10,fixed_phase,123,911,0.69633191,0.0340248,0.99067065
cifar10,fixed_phase,123,912,0.70281783,0.01334631,1.0165707
cifar10,fixed_phase,123,913,0.71386846,0.00622242,0.97632481
cifar10,fixed_phase,123,914,0.71095161,0.01630982,0.966718
cifar10,fixed_phase,123,915,0.70321386,0.04738839,0.98193751
cifar10,fixed_phase,123,916,0.70407725,0.04440756,0.99525407
cifar10,fixed_phase,123,917,0.70328463,0.01022284,0.98609779
cifar10,fixed_phase,123,918,0.70286208,0.00091662,0.99248252
cifar10,fixed_phase,123,919,0.71499097,0.01801849,0.99970927
cifar10,fixed_phase,123,920,0.7044766,0.03511002,1.04201131
cifar10,fixed_phase,123,921,0.70993986,0.04917173,1.00942408
cifar10,fixed_phase,123,922,0.70014136,0.06836288,1.00723098
cifar10,fixed_phase,123,923,0.71217768,0.10470867,0.99589181
cifar10,fixed_phase,123,924,0.70946321,0.03360745,1.04736707
cifar10,fixed_phase,123,925,0.71385133,0.01943656,1.00326047
cifar10,fixed_phase,123,926,0.70456747,0.03278232,0.97774366
cifar10,fixed_phase,123,927,0.70471519,0.0109577,1.01404348
cifar10,fixed_phase,123,928,0.70549739,0.03472482,0.97472056
cifar10,fixed_phase,123,929,0.71912127,0.03351652,1.018301
cifar10,fixed_phase,123,930,0.70461422,0.0863624,1.00931187
cifar10,fixed_phase,123,931,0.70164259,0.0758825,1.00432255
cifar10,fixed_phase,123,932,0.71701763,0.01078323,0.99639049
cifar10,fixed_phase,123,933,0.70192536,0.02319203,1.01231867
cifar10,fixed_phase,123,934,0.70786522,0.01622617,0.98079155
cifar10,fixed_phase,123,935,0.70296858,0.06108142,0.98079116
cifar10,fixed_phase,123,936,0.70720831,0.02385752,0.99552072
cifar10,fixed_phase,123,937,0.7036047,0.04120592,0.99804751
cifar10,fixed_phase,123,938,0.7050919,0.00290353,1.0198786
cifar10,fixed_phase,123,939,0.71442375,0.04748618,0.98351597
cifar10,fixed_phase,123,940,0.71059295,0.01666205,0.98814822
cifar10,fixed_phase,123,941,0.7082128,0.09381312,0.99051742
cifar10,fixed_phase,123,942,0.70914575,0.07742783,1.00750605
cifar10,fixed_phase,123,943,0.70721999,0.07781023,1.01579599
cifar10,fixed_phase,123,944,0.69987113,0.00972859,1.02060749
cifar10,fixed_phase,123,945,0.70471936,0.07409122,0.98389319
cifar10,fixed_phase,123,946,0.71709055,0.03457532,0.98016292
cifar10,fixed_phase,123,947,0.7130002,0.01591168,1.02615906
cifar10,fixed_phase,123,948,0.71239836,0.04264955,1.0171419
cifar10,fixed_phase,123,949,0.70640003,0.03720933,1.01607215
cifar10,fixed_phase,123,950,0.70184123,0.00092375,0.99234778
cifar10,fixed_phase,123,951,0.72284599,0.00832939,1.00907068
cifar10,fixed_phase,123,952,0.70223516,0.08761113,1.02532761
cifar10,fixed_phase,123,953,0.71059561,0.01741318,1.00051952
cifar10,fixed_phase,123,954,0.70638382,0.00869449,0.99438425
cifar10,fixed_phase,123,955,0.70866517,0.01100819,1.0329643
cifar10,fixed_phase,123,956,0.71119831,0.06944678,1.01902485
cifar10,fixed_phase,123,957,0.70243798,0.01569063,0.98117916
cifar10,fixed_phase,123,958,0.71207769,0.05826972,0.96584996
cifar10,fixed_phase,123,959,0.70825665,0.09951541,0.99186023
cifar10,fixed_phase,123,960,0.70328927,0.01011851,0.99432332
cifar10,fixed_phase,123,961,0.70242631,0.09038406,1.01076918
cifar10,fixed_phase,123,962,0.70256746,0.00345568,1.01321489
cifar10,fixed_phase,123,963,0.72190594,0.05606902,0.98321522
cifar10,fixed_phase,123,964,0.70262624,0.00514813,1.00129657
cifar10,fixed_phase,123,965,0.71304405,0.02980756,0.99896863
cifar10,fixed_phase,123,966,0.7057971,0.01756436,1.00895326
cifar10,fixed_phase,123,967,0.70384769,0.04309432,0.98100944
cifar10,fixed_phase,123,968,0.72066361,0.0453915,1.00284773
cifar10,fixed_phase,123,969,0.70667723,0.01607398,1.02723729
cifar10,fixed_phase,123,970,0.70791788,0.09204881,1.01905209
cifar10,fixed_phase,123,971,0.70911552,0.02490456,0.9830295
cifar10,fixed_phase,123,972,0.7107715,0.07721674,1.02133123
cifar10,fixed_phase,123,973,0.70260938,0.02949931,0.98379685
cifar10,fixed_phase,123,974,0.7024723,0.00879959,1.00337973
cifar10,fixed_phase,123,975,0.70284542,0.06184418,1.0264854
cifar10,fixed_phase,123,976,0.7021639,0.05336981,1.00816086
cifar10,fixed_phase,123,977,0.70335352,0.01508464,0.98541208
cifar10,fixed_phase,123,978,0.71754678,0.04537821,1.0061254
cifar10,fixed_phase,123,979,0.70789611,0.04571561,1.00026272
cifar10,fixed_phase,123,980,0.70483367,0.01771167,0.99101955
cifar10,fixed_phase,123,981,0.70848254,0.00248678,1.02721227
cifar10,fixed_phase,123,982,0.71078845,0.04304046,1.00633236
cifar10,fixed_phase,123,983,0.71275432,0.03031497,0.98668672
cifar10,fixed_phase,123,984,0.70390582,0.10011807,0.99658589
cifar10,fixed_phase,123,985,0.71093742,0.00125581,0.98941454
cifar10,fixed_phase,123,986,0.69992805,0.01577285,0.97769687
cifar10,fixed_phase,123,987,0.71145628,0.02586218,0.99938433
cifar10,fixed_phase,123,988,0.70127036,0.01358899,0.99565355
cifar10,fixed_phase,123,989,0.69828823,0.06977215,1.03079369
cifar10,fixed_phase,123,990,0.71192587,0.01512679,1.01422405
cifar10,fixed_phase,123,991,0.70897268,0.02456887,0.98893001
cifar10,fixed_phase,123,992,0.71782675,0.00878453,1.01926663
cifar10,fixed_phase,123,993,0.69649847,0.06597293,0.97983732
cifar10,fixed_phase,123,994,0.70484127,0.01312349,0.9943128
cifar10,fixed_phase,123,995,0.6966945,0.0146814,1.02106209
cifar10,fixed_phase,123,996,0.69996864,0.04423632,1.00486915
cifar10,fixed_phase,123,997,0.71641301,0.06784248,1.01165572
cifar10,fixed_phase,123,998,0.70568109,0.06753217,0.99285596
cifar10,fixed_phase,123,999,0.71319598,0.03581638,1.01245859
cifar10,fixed_phase,256,0,0.70220019,0.04777201,0.98503116
cifar10,fixed_phase,256,1,0.71165594,0.00311574,1.00828447
cifar10,fixed_phase,256,2,0.69920707,0.01430211,0.98913037
cifar10,fixed_phase,256,3,0.71187537,0.10301621,1.02560214
cifar10,fixed_phase,256,4,0.71076315,0.02192855,1.00482397
cifar10,fixed_phase,256,5,0.70678822,0.02584531,0.98844467
cifar10,fixed_phase,256,6,0.69970539,0.00161746,1.00075864
cifar10,fixed_phase,256,7,0.7126338,0.04145762,1.00424151
cifar10,fixed_phase,256,8,0.69891618,0.07012436,1.00078015
cifar10,fixed_phase,256,9,0.71320275,0.05896387,1.01353034
cifar10,fixed_phase,256,10,0.70689162,0.03545515,1.01872292
cifar10,fixed_phase,256,11,0.70034916,0.07370761,1.01661431
cifar10,fixed_phase,256,12,0.71225345,0.11418228,0.9842552
cifar10,fixed_phase,256,13,0.69555387,0.01153739,1.0060652
cifar10,fixed_phase,256,14,0.69833656,0.00294205,0.97972562
cifar10,fixed_phase,256,15,0.70639415,0.01649472,0.99835611
cifar10,fixed_phase,256,16,0.69908736,0.05291725,1.02111107
cifar10,fixed_phase,256,17,0.69920527,0.06028982,1.0035986
cifar10,fixed_phase,256,18,0.69973988,0.09803003,1.01095511
cifar10,fixed_phase,256,19,0.69968962,0.01524312,1.00259045
cifar10,fixed_phase,256,20,0.70779972,0.06364582,0.99258647
cifar10,fixed_phase,256,21,0.7148884,0.02500557,0.99753548
cifar10,fixed_phase,256,22,0.70657194,0.07290387,1.03004077
cifar10,fixed_phase,256,23,0.69899809,0.02653771,0.99469555
cifar10,fixed_phase,256,24,0.70620617,0.07436306,0.98684869
cifar10,fixed_phase,256,25,0.71252968,0.0258025,0.98013956
cifar10,fixed_phase,256,26,0.69996029,0.01734594,1.01138135
cifar10,fixed_phase,256,27,0.70978338,0.01969994,1.02397177
cifar10,fixed_phase,256,28,0.70533634,0.08105113,0.99957716
cifar10,fixed_phase,256,29,0.70038547,0.06285356,0.9972497
cifar10,fixed_phase,256,30,0.70069428,0.03281759,0.9973043
cifar10,fixed_phase,256,31,0.7102187,0.15290097,0.99778412
cifar10,fixed_phase,256,32,0.72214599,0.03718018,0.98674352
cifar10,fixed_phase,256,33,0.70685636,0.05847833,1.0013589
cifar10,fixed_phase,256,34,0.71641937,0.01204324,1.00709011
cifar10,fixed_phase,256,35,0.70561796,0.00669434,0.99829549
cifar10,fixed_phase,256,36,0.7030405,0.07131868,1.00268605
cifar10,fixed_phase,256,37,0.71429217,0.00045734,0.97932426
cifar10,fixed_phase,256,38,0.69404737,0.01501979,0.99703836
cifar10,fixed_phase,256,39,0.71059784,0.05679257,0.98465838
cifar10,fixed_phase,256,40,0.70276522,0.00828811,0.99023975
cifar10,fixed_phase,256,41,0.70750433,0.00651953,0.97204226
cifar10,fixed_phase,256,42,0.70463333,0.03703565,0.99444476
cifar10,fixed_phase,256,43,0.7133223,0.01973433,0.98030115
cifar10,fixed_phase,256,44,0.70327788,0.05419204,1.01834556
cifar10,fixed_phase,256,45,0.70175597,0.01078461,0.97572024
cifar10,fixed_phase,256,46,0.70436013,0.01277236,1.01787022
cifar10,fixed_phase,256,47,0.70875521,0.05580937,0.99134129
cifar10,fixed_phase,256,48,0.69898208,0.03098776,1.00242665
cifar10,fixed_phase,256,49,0.71337885,0.03784687,0.98155557
cifar10,fixed_phase,256,50,0.71080618,0.05397578,1.01405939
cifar10,fixed_phase,256,51,0.71074269,0.04049902,0.99573603
cifar10,fixed_phase,256,52,0.70268099,0.02224474,0.98977059
cifar10,fixed_phase,256,53,0.72183922,0.01478725,1.02350109
cifar10,fixed_phase,256,54,0.70362752,0.00359057,1.00008133
cifar10,fixed_phase,256,55,0.71170167,0.08677821,0.99715872
cifar10,fixed_phase,256,56,0.69803675,0.00638715,1.00176198
cifar10,fixed_phase,256,57,0.7094569,0.06060931,0.99949598
cifar10,fixed_phase,256,58,0.71506191,0.00722314,1.00442901
cifar10,fixed_phase,256,59,0.70013636,0.00029929,0.98866444
cifar10,fixed_phase,256,60,0.70923166,0.00710592,0.99041913
cifar10,fixed_phase,256,61,0.69942363,0.04490306,0.97908439
cifar10,fixed_phase,256,62,0.69791529,0.01128402,0.98601056
cifar10,fixed_phase,256,63,0.71690327,0.00388525,0.99333834
cifar10,fixed_phase,256,64,0.69881228,0.07781124,1.0145646
cifar10,fixed_phase,256,65,0.7019912,0.04371124,1.0002459
cifar10,fixed_phase,256,66,0.6993404,0.01061439,1.01026222
cifar10,fixed_phase,256,67,0.71445497,0.04738424,1.00964986
cifar10,fixed_phase,256,68,0.71167808,0.02035627,1.00593499
cifar10,fixed_phase,256,69,0.70680201,0.03657981,0.99854081
cifar10,fixed_phase,256,70,0.7182031,0.00065589,1.01045974
cifar10,fixed_phase,256,71,0.69928432,0.0200849,1.00816378
cifar10,fixed_phase,256,72,0.69611922,0.03621277,1.01181755
cifar10,fixed_phase,256,73,0.70668311,0.00921644,1.00301423
cifar10,fixed_phase,256,74,0.71129739,0.00783253,1.03254061
cifar10,fixed_phase,256,75,0.71676569,0.00597177,1.01415645
cifar10,fixed_phase,256,76,0.71178379,0.02479147,0.9975366
cifar10,fixed_phase,256,77,0.70712525,0.01565904,1.01964134
cifar10,fixed_phase,256,78,0.70538564,0.09792386,0.99725909
cifar10,fixed_phase,256,79,0.71361665,0.04176494,1.01026178
cifar10,fixed_phase,256,80,0.71275946,0.02447553,1.0184486
cifar10,fixed_phase,256,81,0.71534678,0.04066523,1.01246266
cifar10,fixed_phase,256,82,0.7070082,0.02566174,1.00549865
cifar10,fixed_phase,256,83,0.70314406,0.03133609,0.98594365
cifar10,fixed_phase,256,84,0.68951045,0.04297544,0.9729875
cifar10,fixed_phase,256,85,0.70581248,0.00872918,0.97941257
cifar10,fixed_phase,256,86,0.71284534,0.01716091,0.97539917
cifar10,fixed_phase,256,87,0.69762364,0.05723742,1.02945584
cifar10,fixed_phase,256,88,0.70810112,0.04954368,0.98927326
cifar10,fixed_phase,256,89,0.70594992,0.01667815,1.00390914
cifar10,fixed_phase,256,90,0.7050874,0.02879882,0.97287245
cifar10,fixed_phase,256,91,0.70064732,0.10125045,1.00247859
cifar10,fixed_phase,256,92,0.69811238,0.02094787,0.98717243
cifar10,fixed_phase,256,93,0.71126414,0.04097551,0.99130125
cifar10,fixed_phase,256,94,0.69144399,0.04901255,1.00097295
cifar10,fixed_phase,256,95,0.70851961,0.08852319,0.99924782
cifar10,fixed_phase,256,96,0.69800779,0.04864261,1.01049316
cifar10,fixed_phase,256,97,0.70723128,0.02576477,1.01304604
cifar10,fixed_phase,256,98,0.70713623,0.0019838,1.01228218
cifar10,fixed_phase,256,99,0.70868943,0.00692825,0.98487697
cifar10,fixed_phase,256,100,0.69051746,0.00536356,1.01555486
cifar10,fixed_phase,256,101,0.70301034,0.05297509,0.9865808
cifar10,fixed_phase,256,102,0.70517326,0.0631507,0.99610401
cifar10,fixed_phase,256,103,0.71307236,0.01686603,0.98816919
cifar10,fixed_phase,256,104,0.70295015,0.03400166,0.99424312
cifar10,fixed_phase,256,105,0.70151342,0.03244876,0.99473116
cifar10,fixed_phase,256,106,0.70083997,0.01448809,0.99400958
cifar10,fixed_phase,256,107,0.71434573,0.00776844,1.01677865
cifar10,fixed_phase,256,108,0.70589594,0.11927197,0.99799566
cifar10,fixed_phase,256,109,0.7046471,0.00798525,1.02848354
cifar10,fixed_phase,256,110,0.71844381,0.01339153,1.01541694
cifar10,fixed_phase,256,111,0.70779531,0.08627451,1.01487983
cifar10,fixed_phase,256,112,0.71704105,0.00917999,1.00068933
cifar10,fixed_phase,256,113,0.70622645,0.01142215,1.00864604
cifar10,fixed_phase,256,114,0.70581673,0.01776596,1.02047154
cifar10,fixed_phase,256,115,0.70464725,0.00161886,0.98334333
cifar10,fixed_phase,256,116,0.70449974,0.02392247,0.9983358
cifar10,fixed_phase,256,117,0.70871276,0.05343236,1.01431543
cifar10,fixed_phase,256,118,0.70942879,0.0857496,1.01170494
cifar10,fixed_phase,256,119,0.70986188,0.03954398,1.01773319
cifar10,fixed_phase,256,120,0.71103472,0.08981547,0.98658062
cifar10,fixed_phase,256,121,0.70520514,0.08719383,0.95609484
cifar10,fixed_phase,256,122,0.71385388,0.0559913,1.02051834
cifar10,fixed_phase,256,123,0.7051319,0.057747,0.99948767
cifar10,fixed_phase,256,124,0.7014068,0.04027498,1.01843089
cifar10,fixed_phase,256,125,0.71129729,0.04738083,0.99473953
cifar10,fixed_phase,256,126,0.69553307,0.05929103,1.02577048
cifar10,fixed_phase,256,127,0.70198856,0.0636591,1.0179479
cifar10,fixed_phase,256,128,0.70678798,0.02695294,0.99395777
cifar10,fixed_phase,256,129,0.70679188,0.03971017,1.00924886
cifar10,fixed_phase,256,130,0.70378384,0.0530513,0.98659692
cifar10,fixed_phase,256,131,0.71567719,0.04740494,1.01280853
cifar10,fixed_phase,256,132,0.71465104,0.00936616,0.99178672
cifar10,fixed_phase,256,133,0.71670379,0.04076331,0.97697122
cifar10,fixed_phase,256,134,0.70377058,0.02137852,1.01518718
cifar10,fixed_phase,256,135,0.71217954,0.06164844,1.0161009
cifar10,fixed_phase,256,136,0.7015975,0.07044567,1.02225593
cifar10,fixed_phase,256,137,0.70332909,0.0541745,1.0134985
cifar10,fixed_phase,256,138,0.70084839,0.01835327,0.99979162
cifar10,fixed_phase,256,139,0.70349346,0.0236393,1.00192788
cifar10,fixed_phase,256,140,0.70675186,0.05943571,1.01405288
cifar10,fixed_phase,256,141,0.70420934,0.006192,0.98274384
cifar10,fixed_phase,256,142,0.71071536,0.05174017,0.99240613
cifar10,fixed_phase,256,143,0.70314934,0.07995263,1.0034004
cifar10,fixed_phase,256,144,0.7226876,0.01000521,0.989263
cifar10,fixed_phase,256,145,0.7026894,0.04604633,1.00563744
cifar10,fixed_phase,256,146,0.70297911,0.08426284,0.99917157
cifar10,fixed_phase,256,147,0.70468511,0.0681362,1.01440271
cifar10,fixed_phase,256,148,0.70071215,0.04021106,0.99003947
cifar10,fixed_phase,256,149,0.69193293,0.1045252,0.99476525
cifar10,fixed_phase,256,150,0.71333338,0.02147332,0.98527548
cifar10,fixed_phase,256,151,0.70623647,0.01544507,0.97920507
cifar10,fixed_phase,256,152,0.7032278,0.00144933,0.97365973
cifar10,fixed_phase,256,153,0.70786652,0.04261155,1.01860735
cifar10,fixed_phase,256,154,0.70823596,0.09507881,1.01889268
cifar10,fixed_phase,256,155,0.7035441,0.01857539,1.01062306
cifar10,fixed_phase,256,156,0.70106523,0.0135656,0.97970644
cifar10,fixed_phase,256,157,0.71141609,0.01389198,1.00608955
cifar10,fixed_phase,256,158,0.70628591,0.07347386,1.01034775
cifar10,fixed_phase,256,159,0.70378222,0.086269,0.99200548
cifar10,fixed_phase,256,160,0.69828843,0.07594474,0.99916532
cifar10,fixed_phase,256,161,0.70928299,0.01851611,1.00373403
cifar10,fixed_phase,256,162,0.70739556,0.06127834,0.99629416
cifar10,fixed_phase,256,163,0.70888277,0.10607703,0.9628182
cifar10,fixed_phase,256,164,0.69928546,0.05701757,0.98669151
cifar10,fixed_phase,256,165,0.69453523,0.01937325,1.01990019
cifar10,fixed_phase,256,166,0.70498747,0.03350024,1.00027925
cifar10,fixed_phase,256,167,0.70204983,0.10692569,0.98597402
cifar10,fixed_phase,256,168,0.71168885,0.01474102,1.02016688
cifar10,fixed_phase,256,169,0.7020882,0.04222435,1.00643484
cifar10,fixed_phase,256,170,0.7095476,0.02777849,0.98141258
cifar10,fixed_phase,256,171,0.70917123,0.00843456,1.02228655
cifar10,fixed_phase,256,172,0.6994222,0.06181374,1.01844143
cifar10,fixed_phase,256,173,0.7102525,0.05232229,1.00118247
cifar10,fixed_phase,256,174,0.71429431,0.01355136,0.99931699
cifar10,fixed_phase,256,175,0.70566034,0.01381618,1.00238279
cifar10,fixed_phase,256,176,0.70291154,0.03515086,1.01393045
cifar10,fixed_phase,256,177,0.72199593,0.02195666,1.0034769
cifar10,fixed_phase,256,178,0.71196724,0.05880254,1.01193908
cifar10,fixed_phase,256,179,0.70130333,0.0367483,1.01717678
cifar10,fixed_phase,256,180,0.70604051,0.03622219,1.00087923
cifar10,fixed_phase,256,181,0.70479812,0.05638559,1.0100354
cifar10,fixed_phase,256,182,0.70365721,0.01584841,1.01781189
cifar10,fixed_phase,256,183,0.706115,0.0228439,0.99505191
cifar10,fixed_phase,256,184,0.70031145,0.1162571,0.97041671
cifar10,fixed_phase,256,185,0.71075322,0.01552991,0.98180741
cifar10,fixed_phase,256,186,0.71005356,0.05658707,0.97772019
cifar10,fixed_phase,256,187,0.70738829,0.02313801,0.96706041
cifar10,fixed_phase,256,188,0.70787632,0.0671133,1.0004462
cifar10,fixed_phase,256,189,0.70145427,0.01634721,1.02291639
cifar10,fixed_phase,256,190,0.70962653,0.11502633,1.00983705
cifar10,fixed_phase,256,191,0.69887093,0.00514719,1.02891021
cifar10,fixed_phase,256,192,0.70839678,0.03755874,1.03620065
cifar10,fixed_phase,256,193,0.70632439,0.01188526,1.01943853
cifar10,fixed_phase,256,194,0.70846714,0.03044689,0.9826259
cifar10,fixed_phase,256,195,0.70499236,0.00292653,1.00393089
cifar10,fixed_phase,256,196,0.70523243,0.00880952,1.00032442
cifar10,fixed_phase,256,197,0.70967382,0.03526794,1.00892787
cifar10,fixed_phase,256,198,0.70148494,0.0116151,1.02736143
cifar10,fixed_phase,256,199,0.7160024,0.0448121,1.00772833
cifar10,fixed_phase,256,200,0.69509742,0.02981245,1.02242957
cifar10,fixed_phase,256,201,0.70972387,0.05715136,1.00370997
cifar10,fixed_phase,256,202,0.70589888,0.03980476,1.00760017
cifar10,fixed_phase,256,203,0.70912016,0.03704418,0.99693674
cifar10,fixed_phase,256,204,0.71177047,0.05208193,1.01270005
cifar10,fixed_phase,256,205,0.71243174,0.06250392,0.99992046
cifar10,fixed_phase,256,206,0.706053,0.0042126,0.98855505
cifar10,fixed_phase,256,207,0.7041668,0.02363003,1.03035106
cifar10,fixed_phase,256,208,0.70499958,0.0373271,0.99667023
cifar10,fixed_phase,256,209,0.69453863,0.03973499,1.00402187
cifar10,fixed_phase,256,210,0.71396643,0.07660735,1.01112087
cifar10,fixed_phase,256,211,0.70547425,0.07524021,1.00787628
cifar10,fixed_phase,256,212,0.7067851,0.05752314,0.99928568
cifar10,fixed_phase,256,213,0.71041227,0.02448915,0.9879588
cifar10,fixed_phase,256,214,0.71651368,0.04150633,1.00539614
cifar10,fixed_phase,256,215,0.7079928,0.01275632,1.01212913
cifar10,fixed_phase,256,216,0.71039422,0.02092981,0.98573639
cifar10,fixed_phase,256,217,0.71412557,0.02171302,0.98797058
cifar10,fixed_phase,256,218,0.70840447,0.00175036,0.99795546
cifar10,fixed_phase,256,219,0.71184909,0.03898734,1.00788725
cifar10,fixed_phase,256,220,0.69928181,0.04194479,1.01424608
cifar10,fixed_phase,256,221,0.70463416,0.06363061,1.01805826
cifar10,fixed_phase,256,222,0.70576388,0.07109153,1.01655145
cifar10,fixed_phase,256,223,0.70685796,0.0079798,0.96442149
cifar10,fixed_phase,256,224,0.70940968,0.05159157,0.99733773
cifar10,fixed_phase,256,225,0.69699192,0.02103214,0.99934768
cifar10,fixed_phase,256,226,0.70367681,0.03143362,0.97699432
cifar10,fixed_phase,256,227,0.70014979,0.01480119,1.00586315
cifar10,fixed_phase,256,228,0.70125799,0.0389771,0.99401429
cifar10,fixed_phase,256,229,0.71548989,0.02486118,0.9982111
cifar10,fixed_phase,256,230,0.70135103,0.04761166,0.98259826
cifar10,fixed_phase,256,231,0.70591086,0.00583885,0.99690417
cifar10,fixed_phase,256,232,0.69851919,0.02124289,0.99394284
cifar10,fixed_phase,256,233,0.70982558,0.0287308,1.01623691
cifar10,fixed_phase,256,234,0.71359671,0.02402969,1.01808357
cifar10,fixed_phase,256,235,0.70765304,0.00480876,0.99008578
cifar10,fixed_phase,256,236,0.70857153,0.04584819,0.98005011
cifar10,fixed_phase,256,237,0.70584462,0.07059501,1.01831361
cifar10,fixed_phase,256,238,0.71432135,0.06940261,1.0164571
cifar10,fixed_phase,256,239,0.70147255,0.0296121,0.98145817
cifar10,fixed_phase,256,240,0.70766268,0.01834545,1.01549018
cifar10,fixed_phase,256,241,0.71431734,0.02719775,0.98273213
cifar10,fixed_phase,256,242,0.70870734,0.00544033,0.99256026
cifar10,fixed_phase,256,243,0.69728838,0.05123732,1.00976656
cifar10,fixed_phase,256,244,0.70516554,0.07858006,1.01127467
cifar10,fixed_phase,256,245,0.70616945,0.03248747,1.03162163
cifar10,fixed_phase,256,246,0.71159682,0.01837121,0.98428722
cifar10,fixed_phase,256,247,0.70201192,0.09967198,1.02172219
cifar10,fixed_phase,256,248,0.70791869,0.04607154,0.99386813
cifar10,fixed_phase,256,249,0.70704851,0.03032057,0.99826625
cifar10,fixed_phase,256,250,0.70735679,0.00513906,0.99366525
cifar10,fixed_phase,256,251,0.71618437,0.0034921,0.98140873
cifar10,fixed_phase,256,252,0.69189874,0.00434568,0.99657953
cifar10,fixed_phase,256,253,0.70884908,0.01207933,0.99773778
cifar10,fixed_phase,256,254,0.70658083,0.0496941,0.98154221
cifar10,fixed_phase,256,255,0.70097954,0.00379126,0.99443492
cifar10,fixed_phase,256,256,0.70378222,0.00522487,0.99543234
cifar10,fixed_phase,256,257,0.70866901,0.06416185,1.01281898
cifar10,fixed_phase,256,258,0.69889433,0.00804053,1.01130302
cifar10,fixed_phase,256,259,0.71043451,0.02266236,1.01722951
cifar10,fixed_phase,256,260,0.71172107,0.00841952,1.00713999
cifar10,fixed_phase,256,261,0.70575882,0.02987065,0.98105665
cifar10,fixed_phase,256,262,0.7030041,0.01163537,1.00992922
cifar10,fixed_phase,256,263,0.69449005,0.0322224,1.01923642
cifar10,fixed_phase,256,264,0.70787054,0.02278913,0.98753544
cifar10,fixed_phase,256,265,0.70102703,0.05458918,1.01315065
cifar10,fixed_phase,256,266,0.70652525,0.00938196,0.97869058
cifar10,fixed_phase,256,267,0.70660571,0.03625215,0.98987495
cifar10,fixed_phase,256,268,0.69813666,0.01515491,1.00831267
cifar10,fixed_phase,256,269,0.70372824,0.09711741,1.02123245
cifar10,fixed_phase,256,270,0.71069862,0.00303932,0.99816862
cifar10,fixed_phase,256,271,0.70625576,0.05831713,1.01103091
cifar10,fixed_phase,256,272,0.69886887,0.10362342,1.0046863
cifar10,fixed_phase,256,273,0.71324013,0.07397771,0.99258941
cifar10,fixed_phase,256,274,0.7065786,0.07803425,0.98669734
cifar10,fixed_phase,256,275,0.71396883,0.07128655,1.03637261
cifar10,fixed_phase,256,276,0.70735017,0.07268604,0.98916033
cifar10,fixed_phase,256,277,0.7104261,0.1407546,0.99480904
cifar10,fixed_phase,256,278,0.7053957,0.05700834,0.99911502
cifar10,fixed_phase,256,279,0.70021117,0.13052725,1.0193313
cifar10,fixed_phase,256,280,0.6992752,0.04937991,0.99312075
cifar10,fixed_phase,256,281,0.71268918,0.09905805,1.0056006
cifar10,fixed_phase,256,282,0.70177453,0.07468597,1.01514547
cifar10,fixed_phase,256,283,0.70651821,0.02948739,0.96675373
cifar10,fixed_phase,256,284,0.71582564,0.09029761,1.00606395
cifar10,fixed_phase,256,285,0.72332219,0.00081421,0.97185053
cifar10,fixed_phase,256,286,0.69971194,0.02028816,0.99739825
cifar10,fixed_phase,256,287,0.71367975,0.0575385,1.00622935
cifar10,fixed_phase,256,288,0.6982135,0.05751889,1.00730358
cifar10,fixed_phase,256,289,0.70187003,0.01407843,0.96606437
cifar10,fixed_phase,256,290,0.71037328,0.02969223,0.99114828
cifar10,fixed_phase,256,291,0.69412939,0.06399487,0.99498953
cifar10,fixed_phase,256,292,0.71824759,0.01250568,0.9780508
cifar10,fixed_phase,256,293,0.70350812,0.05060111,1.02534355
cifar10,fixed_phase,256,294,0.703157,0.06729621,0.99911603
cifar10,fixed_phase,256,295,0.70626858,0.05068902,1.0142022
cifar10,fixed_phase,256,296,0.70465015,0.04676424,0.99045766
cifar10,fixed_phase,256,297,0.7137636,0.00213229,0.99088424
cifar10,fixed_phase,256,298,0.70021573,0.02736176,0.98382991
cifar10,fixed_phase,256,299,0.70527471,0.00294927,1.00651189
cifar10,fixed_phase,256,300,0.71195153,0.03843673,0.99297005
cifar10,fixed_phase,256,301,0.70578871,0.00396936,1.00860674
cifar10,fixed_phase,256,302,0.7003215,0.0057053,0.99539303
cifar10,fixed_phase,256,303,0.71777686,0.09111895,0.97813717
cifar10,fixed_phase,256,304,0.70938152,0.03048228,0.96923842
cifar10,fixed_phase,256,305,0.6953563,0.04426906,0.97582586
cifar10,fixed_phase,256,306,0.70518896,0.00071902,0.98488864
cifar10,fixed_phase,256,307,0.7015646,0.02221875,1.00518631
cifar10,fixed_phase,256,308,0.70292048,0.0344397,1.00214135
cifar10,fixed_phase,256,309,0.71227068,0.01314981,1.01303221
cifar10,fixed_phase,256,310,0.71219526,0.03509014,1.00167486
cifar10,fixed_phase,256,311,0.71256573,0.00355867,1.00585762
cifar10,fixed_phase,256,312,0.71780848,0.01606495,0.98059559
cifar10,fixed_phase,256,313,0.72092786,0.01501991,0.97527579
cifar10,fixed_phase,256,314,0.69717292,0.02703042,0.99483898
cifar10,fixed_phase,256,315,0.7231587,0.03358931,1.02716354
cifar10,fixed_phase,256,316,0.7056077,0.02243071,0.99811183
cifar10,fixed_phase,256,317,0.71474382,0.01234832,1.00272403
cifar10,fixed_phase,256,318,0.71263881,0.06099982,1.00277807
cifar10,fixed_phase,256,319,0.70731422,0.08918218,1.00527212
cifar10,fixed_phase,256,320,0.70472851,0.04726816,0.99275125
cifar10,fixed_phase,256,321,0.69589635,0.0562766,0.97546787
cifar10,fixed_phase,256,322,0.71990884,0.01891379,1.00285015
cifar10,fixed_phase,256,323,0.71995511,0.02864949,1.00519512
cifar10,fixed_phase,256,324,0.70396755,0.06320585,1.02488851
cifar10,fixed_phase,256,325,0.70484133,0.02125888,1.01274982
cifar10,fixed_phase,256,326,0.71822484,0.01259118,0.97585846
cifar10,fixed_phase,256,327,0.70710967,0.03823735,1.00864962
cifar10,fixed_phase,256,328,0.70904185,0.05742632,0.99348575
cifar10,fixed_phase,256,329,0.7100053,0.06874329,0.9851141
cifar10,fixed_phase,256,330,0.7076635,0.0148778,0.99507199
cifar10,fixed_phase,256,331,0.70810527,0.01162332,1.02115252
cifar10,fixed_phase,256,332,0.69855092,0.04749393,0.98934299
cifar10,fixed_phase,256,333,0.70382108,0.03364729,1.01386816
cifar10,fixed_phase,256,334,0.7037006,0.02099898,0.99236006
cifar10,fixed_phase,256,335,0.70685781,0.01758323,0.9877739
cifar10,fixed_phase,256,336,0.69690023,0.05853799,1.00691168
cifar10,fixed_phase,256,337,0.69430554,0.02231,1.02491998
cifar10,fixed_phase,256,338,0.70635723,0.05878928,1.00185066
cifar10,fixed_phase,256,339,0.69121082,0.03993564,0.97517364
cifar10,fixed_phase,256,340,0.70188877,0.01568874,0.9924658
cifar10,fixed_phase,256,341,0.70661089,0.02101105,1.00233171
cifar10,fixed_phase,256,342,0.69346769,0.06470196,0.97079538
cifar10,fixed_phase,256,343,0.70734314,0.00046724,1.00328461
cifar10,fixed_phase,256,344,0.70382193,0.0623819,0.98199735
cifar10,fixed_phase,256,345,0.71449528,0.01963224,1.01633167
cifar10,fixed_phase,256,346,0.69986475,0.05344753,1.00935246
cifar10,fixed_phase,256,347,0.70450828,0.0376966,0.99744318
cifar10,fixed_phase,256,348,0.72229024,0.0084811,1.01214517
cifar10,fixed_phase,256,349,0.70323308,0.09993281,1.00898229
cifar10,fixed_phase,256,350,0.70071783,0.01495834,0.99232381
cifar10,fixed_phase,256,351,0.71068708,0.03724803,1.00828985
cifar10,fixed_phase,256,352,0.70255433,0.00203314,1.01244259
cifar10,fixed_phase,256,353,0.71654475,0.02058545,1.03337525
cifar10,fixed_phase,256,354,0.70218208,0.02748169,1.01061686
cifar10,fixed_phase,256,355,0.71059562,0.00852386,0.99639011
cifar10,fixed_phase,256,356,0.70548216,0.02940868,1.00190062
cifar10,fixed_phase,256,357,0.70746009,0.00378093,1.01131998
cifar10,fixed_phase,256,358,0.70406987,0.03769538,0.99821203
cifar10,fixed_phase,256,359,0.70485799,0.03867434,1.01222096
cifar10,fixed_phase,256,360,0.70434281,0.02257402,1.00678708
cifar10,fixed_phase,256,361,0.71270599,0.00391631,0.98874852
cifar10,fixed_phase,256,362,0.72598877,0.00053025,0.98609775
cifar10,fixed_phase,256,363,0.7119279,0.06576303,0.97169842
cifar10,fixed_phase,256,364,0.70600782,0.06169803,0.96880427
cifar10,fixed_phase,256,365,0.70405153,0.00512463,0.98780459
cifar10,fixed_phase,256,366,0.70643666,0.00419554,0.99787724
cifar10,fixed_phase,256,367,0.69834901,0.05989025,1.01599529
cifar10,fixed_phase,256,368,0.70983688,0.00916356,1.01071696
cifar10,fixed_phase,256,369,0.70918071,0.06083649,0.99757906
cifar10,fixed_phase,256,370,0.70573964,0.06204701,0.98670047
cifar10,fixed_phase,256,371,0.70949774,0.07663277,1.00475552
cifar10,fixed_phase,256,372,0.70691935,0.00462247,0.98842127
cifar10,fixed_phase,256,373,0.70838048,0.00458692,0.99221523
cifar10,fixed_phase,256,374,0.70865001,0.00687692,1.02037513
cifar10,fixed_phase,256,375,0.70294163,0.0216688,0.9933939
cifar10,fixed_phase,256,376,0.7174868,0.07783514,1.00323129
cifar10,fixed_phase,256,377,0.71008177,0.00023462,0.99274799
cifar10,fixed_phase,256,378,0.70343627,0.0170731,1.0181103
cifar10,fixed_phase,256,379,0.70072302,0.00224868,1.02178532
cifar10,fixed_phase,256,380,0.7054018,0.01939057,0.99186966
cifar10,fixed_phase,256,381,0.70440797,0.02098244,0.9937599
cifar10,fixed_phase,256,382,0.71178623,0.02004167,1.01898012
cifar10,fixed_phase,256,383,0.71744601,0.01205653,1.02113749
cifar10,fixed_phase,256,384,0.71763181,0.13679203,0.99784422
cifar10,fixed_phase,256,385,0.70185372,0.04541089,0.96503556
cifar10,fixed_phase,256,386,0.70465183,0.00643969,1.00556562
cifar10,fixed_phase,256,387,0.69596172,0.00595764,0.99065691
cifar10,fixed_phase,256,388,0.69777396,0.00183989,0.9837303
cifar10,fixed_phase,256,389,0.70820927,0.10606509,1.01639496
cifar10,fixed_phase,256,390,0.70588567,0.00088358,1.00130631
cifar10,fixed_phase,256,391,0.70288942,0.01849914,1.00106094
cifar10,fixed_phase,256,392,0.71976128,0.0116623,1.00613652
cifar10,fixed_phase,256,393,0.71264522,0.06808711,1.00859872
cifar10,fixed_phase,256,394,0.71023262,0.00352302,1.03375245
cifar10,fixed_phase,256,395,0.70921389,0.03405525,1.01347273
cifar10,fixed_phase,256,396,0.69955527,0.0796667,0.99609833
cifar10,fixed_phase,256,397,0.70278452,0.03360976,1.0074502
cifar10,fixed_phase,256,398,0.70184124,0.00266297,0.97522933
cifar10,fixed_phase,256,399,0.70805331,0.02200016,0.98193809
cifar10,fixed_phase,256,400,0.70576636,0.00156223,0.99878943
cifar10,fixed_phase,256,401,0.70480025,0.03825957,0.98094269
cifar10,fixed_phase,256,402,0.70573973,0.08302051,0.98773092
cifar10,fixed_phase,256,403,0.70622173,0.04333218,1.01198359
cifar10,fixed_phase,256,404,0.7016345,0.00975916,1.00817983
cifar10,fixed_phase,256,405,0.71603999,0.01721431,0.99185766
cifar10,fixed_phase,256,406,0.70513316,0.02012547,1.00561906
cifar10,fixed_phase,256,407,0.70781669,0.00777944,1.01312432
cifar10,fixed_phase,256,408,0.70504127,0.05568067,0.99941286
cifar10,fixed_phase,256,409,0.70657239,0.02534019,0.98705007
cifar10,fixed_phase,256,410,0.70584075,0.05814897,1.02321171
cifar10,fixed_phase,256,411,0.70705966,0.05069318,1.00924866
cifar10,fixed_phase,256,412,0.70751118,0.09529102,1.01976809
cifar10,fixed_phase,256,413,0.70049798,0.07034935,0.99745314
cifar10,fixed_phase,256,414,0.70279231,0.05418435,0.9924763
cifar10,fixed_phase,256,415,0.70949511,0.00556764,0.99474759
cifar10,fixed_phase,256,416,0.7081899,0.02979014,0.99344047
cifar10,fixed_phase,256,417,0.70813916,0.03729535,0.99580119
cifar10,fixed_phase,256,418,0.70160853,0.01385167,1.02736629
cifar10,fixed_phase,256,419,0.69649141,0.07094302,1.01054742
cifar10,fixed_phase,256,420,0.70950593,0.06331793,0.99359934
cifar10,fixed_phase,256,421,0.71167567,0.00975403,1.01325779
cifar10,fixed_phase,256,422,0.71365246,0.07119668,0.99548127
cifar10,fixed_phase,256,423,0.71201968,0.06669179,1.00805927
cifar10,fixed_phase,256,424,0.70418185,0.02602024,0.9777398
cifar10,fixed_phase,256,425,0.70846677,0.08016763,1.01040071
cifar10,fixed_phase,256,426,0.70576771,0.04486137,0.99173992
cifar10,fixed_phase,256,427,0.7071409,0.04114308,1.00907913
cifar10,fixed_phase,256,428,0.71509428,0.0363863,1.00866986
cifar10,fixed_phase,256,429,0.71537512,0.02982065,0.99596805
cifar10,fixed_phase,256,430,0.70358531,0.0149217,0.99267136
cifar10,fixed_phase,256,431,0.702932,0.02538685,0.98785028
cifar10,fixed_phase,256,432,0.693561,0.01711472,1.00952624
cifar10,fixed_phase,256,433,0.70521544,0.07547817,1.00889814
cifar10,fixed_phase,256,434,0.71779734,0.0174347,0.99500188
cifar10,fixed_phase,256,435,0.69837283,0.02526374,0.99390148
cifar10,fixed_phase,256,436,0.70626715,0.00907036,1.00211473
cifar10,fixed_phase,256,437,0.70329203,0.0382581,1.00716871
cifar10,fixed_phase,256,438,0.70497153,0.03731961,0.99672108
cifar10,fixed_phase,256,439,0.71097377,0.08789645,1.01452789
cifar10,fixed_phase,256,440,0.71709935,0.06498425,1.02579676
cifar10,fixed_phase,256,441,0.70010525,0.07806643,1.011219
cifar10,fixed_phase,256,442,0.70823168,0.024373,1.00345154
cifar10,fixed_phase,256,443,0.7037521,0.03282527,0.99301765
cifar10,fixed_phase,256,444,0.70299076,0.0225817,0.98772043
cifar10,fixed_phase,256,445,0.69988124,0.07434921,1.00307967
cifar10,fixed_phase,256,446,0.70900219,0.12996295,1.00539945
cifar10,fixed_phase,256,447,0.70503986,0.10233349,0.9936166
cifar10,fixed_phase,256,448,0.70953919,0.01913933,0.99485349
cifar10,fixed_phase,256,449,0.70729411,0.04038541,1.01837054
cifar10,fixed_phase,256,450,0.71081234,0.00900745,0.99188165
cifar10,fixed_phase,256,451,0.70557142,0.00345248,1.01007993
cifar10,fixed_phase,256,452,0.70080339,0.04681715,0.96612222
cifar10,fixed_phase,256,453,0.7106215,0.00170248,1.01491439
cifar10,fixed_phase,256,454,0.70506309,0.01602007,1.01484193
cifar10,fixed_phase,256,455,0.70748122,0.02503303,0.99609852
cifar10,fixed_phase,256,456,0.71623122,0.08787615,1.03149754
cifar10,fixed_phase,256,457,0.71061229,0.04648103,1.00889468
cifar10,fixed_phase,256,458,0.71120161,0.05603925,1.00052552
cifar10,fixed_phase,256,459,0.71714613,0.03677925,0.99365428
cifar10,fixed_phase,256,460,0.70682941,0.00685192,1.00061463
cifar10,fixed_phase,256,461,0.70966557,0.00880876,0.99125035
cifar10,fixed_phase,256,462,0.70153242,0.03825916,0.98850114
cifar10,fixed_phase,256,463,0.7003488,0.01278638,0.9765073
cifar10,fixed_phase,256,464,0.70189581,0.03128795,1.00990835
cifar10,fixed_phase,256,465,0.70449815,0.01486979,0.98986262
cifar10,fixed_phase,256,466,0.71075435,0.00702031,1.00115025
cifar10,fixed_phase,256,467,0.70308176,0.08631071,1.00284127
cifar10,fixed_phase,256,468,0.69628806,0.0605064,0.99460662
cifar10,fixed_phase,256,469,0.69920235,0.01092365,0.9778016
cifar10,fixed_phase,256,470,0.711754,0.09583435,1.01626675
cifar10,fixed_phase,256,471,0.708719,0.02013371,1.03883352
cifar10,fixed_phase,256,472,0.7095897,0.0291315,1.01551521
cifar10,fixed_phase,256,473,0.70875696,0.01285488,1.00341513
cifar10,fixed_phase,256,474,0.7039022,0.06097311,0.99007847
cifar10,fixed_phase,256,475,0.69921791,0.04833712,1.01329854
cifar10,fixed_phase,256,476,0.70905738,0.0330105,1.01031111
cifar10,fixed_phase,256,477,0.70772965,0.00733503,0.98449958
cifar10,fixed_phase,256,478,0.70630053,0.09320706,1.01102846
cifar10,fixed_phase,256,479,0.70329595,0.06166199,1.00531746
cifar10,fixed_phase,256,480,0.70868808,0.1059577,0.99751412
cifar10,fixed_phase,256,481,0.70904934,0.01189525,1.02194023
cifar10,fixed_phase,256,482,0.71657669,0.0047956,1.00040464
cifar10,fixed_phase,256,483,0.70829467,0.0494537,0.98828112
cifar10,fixed_phase,256,484,0.70778154,0.01124265,1.01247968
cifar10,fixed_phase,256,485,0.71495284,0.01177498,1.0125669
cifar10,fixed_phase,256,486,0.70758444,0.02932612,1.02751879
cifar10,fixed_phase,256,487,0.70668721,0.07385103,0.97852364
cifar10,fixed_phase,256,488,0.69817825,0.03543139,1.01504533
cifar10,fixed_phase,256,489,0.70479356,0.02524618,0.98222983
cifar10,fixed_phase,256,490,0.70090329,0.00257228,1.00666232
cifar10,fixed_phase,256,491,0.70288314,0.01624145,1.01318619
cifar10,fixed_phase,256,492,0.69900589,0.07810785,1.01477285
cifar10,fixed_phase,256,493,0.70614883,0.01646367,1.01585591
cifar10,fixed_phase,256,494,0.70223451,0.00144993,0.99637331
cifar10,fixed_phase,256,495,0.70720275,0.02381386,1.02782925
cifar10,fixed_phase,256,496,0.7087677,0.04908251,0.99871645
cifar10,fixed_phase,256,497,0.71254898,0.07206719,1.01721844
cifar10,fixed_phase,256,498,0.69827785,0.02704337,0.99185443
cifar10,fixed_phase,256,499,0.70483232,0.03543319,1.0014068
cifar10,fixed_phase,256,500,0.70470262,0.02026878,1.02329715
cifar10,fixed_phase,256,501,0.71063409,0.01531011,1.01206081
cifar10,fixed_phase,256,502,0.71174829,0.03634059,0.98554825
cifar10,fixed_phase,256,503,0.70707123,0.05185522,1.01826089
cifar10,fixed_phase,256,504,0.70869751,0.08106845,0.99467077
cifar10,fixed_phase,256,505,0.71203315,0.01034987,1.00040626
cifar10,fixed_phase,256,506,0.71234038,0.04187996,1.0239085
cifar10,fixed_phase,256,507,0.70210547,0.03735628,0.96786714
cifar10,fixed_phase,256,508,0.71134609,0.03310805,1.01407486
cifar10,fixed_phase,256,509,0.70714763,0.02950826,0.97026136
cifar10,fixed_phase,256,510,0.70675974,0.01932684,0.99265883
cifar10,fixed_phase,256,511,0.7046541,0.05982179,0.98916933
cifar10,fixed_phase,256,512,0.70749897,0.01060107,0.99002274
cifar10,fixed_phase,256,513,0.71389935,0.00532108,0.98462825
cifar10,fixed_phase,256,514,0.70154136,0.04045827,0.99021368
cifar10,fixed_phase,256,515,0.70273864,0.03928629,1.01333253
cifar10,fixed_phase,256,516,0.71665401,0.07476549,1.01656246
cifar10,fixed_phase,256,517,0.71144015,0.1126035,1.03038226
cifar10,fixed_phase,256,518,0.70073616,0.03575179,1.00741843
cifar10,fixed_phase,256,519,0.70899634,0.02850021,1.00539551
cifar10,fixed_phase,256,520,0.70650895,0.01898099,0.99128757
cifar10,fixed_phase,256,521,0.70877589,0.01650372,1.02324628
cifar10,fixed_phase,256,522,0.70982347,0.01226461,1.01994492
cifar10,fixed_phase,256,523,0.70362108,0.00594309,1.0011849
cifar10,fixed_phase,256,524,0.70994299,0.06872273,1.01187673
cifar10,fixed_phase,256,525,0.70707415,0.06710996,0.9883495
cifar10,fixed_phase,256,526,0.71672125,0.0123237,1.00051399
cifar10,fixed_phase,256,527,0.70475135,0.01900974,0.99384175
cifar10,fixed_phase,256,528,0.71119211,0.01306235,1.01387893
cifar10,fixed_phase,256,529,0.70403586,0.00266626,1.0076276
cifar10,fixed_phase,256,530,0.70619895,0.09729698,0.99441263
cifar10,fixed_phase,256,531,0.70762942,0.00835527,0.99296003
cifar10,fixed_phase,256,532,0.70126077,0.01472449,1.04334157
cifar10,fixed_phase,256,533,0.70754569,0.0475564,1.00638379
cifar10,fixed_phase,256,534,0.71762808,0.03206128,1.00947034
cifar10,fixed_phase,256,535,0.70712899,0.08704965,0.97098281
cifar10,fixed_phase,256,536,0.7013708,0.01831992,0.99815237
cifar10,fixed_phase,256,537,0.70308373,0.03221476,0.97296026
cifar10,fixed_phase,256,538,0.70150705,0.08211274,0.99913614
cifar10,fixed_phase,256,539,0.7139463,0.10752379,0.9988844
cifar10,fixed_phase,256,540,0.70340552,0.03195292,0.99951581
cifar10,fixed_phase,256,541,0.70427645,0.00213581,0.96473997
cifar10,fixed_phase,256,542,0.71245564,0.00870332,1.006683
cifar10,fixed_phase,256,543,0.70963694,0.02183648,0.98875933
cifar10,fixed_phase,256,544,0.70653497,0.04954959,0.96739933
cifar10,fixed_phase,256,545,0.69889595,0.04658188,1.01474407
cifar10,fixed_phase,256,546,0.71088144,0.17911789,0.97865433
cifar10,fixed_phase,256,547,0.70846198,0.02509246,0.99114252
cifar10,fixed_phase,256,548,0.71366879,0.0319712,1.00519526
cifar10,fixed_phase,256,549,0.69857453,0.02446008,1.02250126
cifar10,fixed_phase,256,550,0.70614995,0.00545423,1.01612302
cifar10,fixed_phase,256,551,0.70581768,0.05638377,0.98827638
cifar10,fixed_phase,256,552,0.71162923,0.00575864,1.02287362
cifar10,fixed_phase,256,553,0.71544224,0.01419176,0.97921428
cifar10,fixed_phase,256,554,0.69851961,0.00163334,1.02539654
cifar10,fixed_phase,256,555,0.71160831,0.14169294,0.99532603
cifar10,fixed_phase,256,556,0.70398999,0.0095251,1.01875556
cifar10,fixed_phase,256,557,0.71605364,0.01235614,1.0071061
cifar10,fixed_phase,256,558,0.69500967,0.03605968,1.00103577
cifar10,fixed_phase,256,559,0.70761601,0.10476745,0.98644198
cifar10,fixed_phase,256,560,0.7102726,0.02099648,0.97652736
cifar10,fixed_phase,256,561,0.70422985,0.05598899,0.9920541
cifar10,fixed_phase,256,562,0.70353402,0.03239312,1.00155599
cifar10,fixed_phase,256,563,0.70756505,0.01022536,1.03029768
cifar10,fixed_phase,256,564,0.70219694,0.01869589,1.01748445
cifar10,fixed_phase,256,565,0.70824399,0.01698909,0.984598
cifar10,fixed_phase,256,566,0.70573966,0.02129186,0.99842187
cifar10,fixed_phase,256,567,0.70660385,0.03908779,0.99235228
cifar10,fixed_phase,256,568,0.69756034,0.01533044,0.97464271
cifar10,fixed_phase,256,569,0.7071192,0.04337616,0.98218086
cifar10,fixed_phase,256,570,0.70796549,0.01371302,0.99783128
cifar10,fixed_phase,256,571,0.70751719,0.05325127,1.00660318
cifar10,fixed_phase,256,572,0.7065636,0.06027846,0.9900394
cifar10,fixed_phase,256,573,0.71066732,0.03713126,1.02409401
cifar10,fixed_phase,256,574,0.70403245,0.03772366,1.02650576
cifar10,fixed_phase,256,575,0.70790937,0.01704135,0.99663408
cifar10,fixed_phase,256,576,0.71428752,0.03758955,1.01148538
cifar10,fixed_phase,256,577,0.69963582,0.02028342,0.98567953
cifar10,fixed_phase,256,578,0.70010128,0.04316019,0.98555746
cifar10,fixed_phase,256,579,0.71942671,0.0294451,1.0046215
cifar10,fixed_phase,256,580,0.69362774,0.03112126,0.98586709
cifar10,fixed_phase,256,581,0.70693801,0.08547693,0.97717737
cifar10,fixed_phase,256,582,0.71438624,0.00487896,0.98068951
cifar10,fixed_phase,256,583,0.70635581,0.01770877,1.00441899
cifar10,fixed_phase,256,584,0.70388924,0.02391659,0.98859718
cifar10,fixed_phase,256,585,0.70087282,0.05031507,0.98691042
cifar10,fixed_phase,256,586,0.7003702,0.0638447,1.01441632
cifar10,fixed_phase,256,587,0.70500249,0.02177652,0.9749884
cifar10,fixed_phase,256,588,0.71271952,0.02898464,1.00216611
cifar10,fixed_phase,256,589,0.6996437,0.03582851,0.9998004
cifar10,fixed_phase,256,590,0.7038558,0.01202158,1.00385502
cifar10,fixed_phase,256,591,0.70932695,0.03029876,0.99210791
cifar10,fixed_phase,256,592,0.7046585,0.00166094,1.0019753
cifar10,fixed_phase,256,593,0.70901867,0.02874485,0.98354616
cifar10,fixed_phase,256,594,0.70688553,0.01597555,0.99402304
cifar10,fixed_phase,256,595,0.71134346,0.08205769,1.02332862
cifar10,fixed_phase,256,596,0.70283727,0.00297104,0.99074304
cifar10,fixed_phase,256,597,0.69964856,0.04420054,1.0082645
cifar10,fixed_phase,256,598,0.71188071,0.02188441,1.01612161
cifar10,fixed_phase,256,599,0.72205158,0.0101411,0.97314803
cifar10,fixed_phase,256,600,0.71130496,0.13065281,1.00430618
cifar10,fixed_phase,256,601,0.69876998,0.03270462,1.00439074
cifar10,fixed_phase,256,602,0.70488185,0.08836946,1.01770781
cifar10,fixed_phase,256,603,0.7002444,0.04420075,1.00397964
cifar10,fixed_phase,256,604,0.70574972,0.04141538,1.00850877
cifar10,fixed_phase,256,605,0.70574782,0.00569221,0.97806502
cifar10,fixed_phase,256,606,0.70423947,0.03327404,0.99478525
cifar10,fixed_phase,256,607,0.70911411,0.0241129,0.9974675
cifar10,fixed_phase,256,608,0.71822399,0.06154322,1.02411542
cifar10,fixed_phase,256,609,0.71097873,0.02251066,1.00901116
cifar10,fixed_phase,256,610,0.70146195,0.09282199,1.01864813
cifar10,fixed_phase,256,611,0.70617378,0.00308095,0.97692705
cifar10,fixed_phase,256,612,0.71250536,0.02064319,1.00655078
cifar10,fixed_phase,256,613,0.70923485,0.02931066,1.02337456
cifar10,fixed_phase,256,614,0.70047856,0.0358103,1.0125275
cifar10,fixed_phase,256,615,0.70815595,0.03184334,0.99374957
cifar10,fixed_phase,256,616,0.69985444,0.03760316,0.96908374
cifar10,fixed_phase,256,617,0.7046635,0.09739376,1.00380467
cifar10,fixed_phase,256,618,0.69437421,0.00338508,1.00741525
cifar10,fixed_phase,256,619,0.70666468,0.02199848,1.02502613
cifar10,fixed_phase,256,620,0.7059061,0.04494144,0.99534236
cifar10,fixed_phase,256,621,0.70178153,0.04317277,0.98949896
cifar10,fixed_phase,256,622,0.6962499,0.02795513,0.99121356
cifar10,fixed_phase,256,623,0.69862816,0.02322445,0.98840789
cifar10,fixed_phase,256,624,0.69925017,0.08187563,1.00632207
cifar10,fixed_phase,256,625,0.70316,0.00212997,1.00449759
cifar10,fixed_phase,256,626,0.70362067,0.0506636,0.99478343
cifar10,fixed_phase,256,627,0.7078707,0.05816398,0.9822268
cifar10,fixed_phase,256,628,0.70207315,0.00129101,1.00515253
cifar10,fixed_phase,256,629,0.70129081,0.01052682,0.99879058
cifar10,fixed_phase,256,630,0.70850734,0.03986898,0.99251257
cifar10,fixed_phase,256,631,0.70422586,0.12875839,1.00705527
cifar10,fixed_phase,256,632,0.72010461,0.04761653,1.00274719
cifar10,fixed_phase,256,633,0.70267147,0.05273182,0.99775557
cifar10,fixed_phase,256,634,0.70454017,0.01480609,0.98761343
cifar10,fixed_phase,256,635,0.71256596,0.02814745,1.01091485
cifar10,fixed_phase,256,636,0.70189425,0.00730569,1.01057388
cifar10,fixed_phase,256,637,0.70323825,0.03605286,0.99218381
cifar10,fixed_phase,256,638,0.69696225,0.02556182,1.02934061
cifar10,fixed_phase,256,639,0.70447691,0.0340209,0.98890896
cifar10,fixed_phase,256,640,0.7095018,0.01508611,1.00306888
cifar10,fixed_phase,256,641,0.7103363,0.06936434,1.03007412
cifar10,fixed_phase,256,642,0.70469916,0.12743068,1.01724079
cifar10,fixed_phase,256,643,0.70013171,0.01223008,0.9793903
cifar10,fixed_phase,256,644,0.71542442,0.00947632,1.02050836
cifar10,fixed_phase,256,645,0.6937274,0.01977684,0.98789588
cifar10,fixed_phase,256,646,0.70077162,0.04456792,1.00861994
cifar10,fixed_phase,256,647,0.70590001,0.0514312,0.99982727
cifar10,fixed_phase,256,648,0.70877241,0.0151683,0.98340643
cifar10,fixed_phase,256,649,0.69996588,0.06311526,1.00409113
cifar10,fixed_phase,256,650,0.70669166,0.00854219,0.99460346
cifar10,fixed_phase,256,651,0.71009391,0.07630797,0.97862319
cifar10,fixed_phase,256,652,0.71150883,0.02785823,1.0117444
cifar10,fixed_phase,256,653,0.70274598,0.0462769,1.00849537
cifar10,fixed_phase,256,654,0.71268186,0.01792108,0.97616909
cifar10,fixed_phase,256,655,0.71345839,0.0257394,0.98072292
cifar10,fixed_phase,256,656,0.70604746,0.04783385,0.97832504
cifar10,fixed_phase,256,657,0.71147003,0.07386186,0.98933183
cifar10,fixed_phase,256,658,0.71181022,0.04993036,1.00932024
cifar10,fixed_phase,256,659,0.7122383,0.04938613,1.00940624
cifar10,fixed_phase,256,660,0.70586247,0.092393,1.00920005
cifar10,fixed_phase,256,661,0.70022388,0.00888618,1.00936825
cifar10,fixed_phase,256,662,0.69509486,0.05066727,1.02969722
cifar10,fixed_phase,256,663,0.69585605,0.01880726,0.97268626
cifar10,fixed_phase,256,664,0.70542265,0.0398212,0.98652977
cifar10,fixed_phase,256,665,0.70607622,0.04365389,0.95977331
cifar10,fixed_phase,256,666,0.70386048,0.01637525,1.015993
cifar10,fixed_phase,256,667,0.70119663,0.00473865,1.01202047
cifar10,fixed_phase,256,668,0.69717975,0.04870857,1.02773841
cifar10,fixed_phase,256,669,0.71823948,0.03380461,0.99544707
cifar10,fixed_phase,256,670,0.71396698,0.07999225,0.99116653
cifar10,fixed_phase,256,671,0.69764169,0.01046447,1.01102881
cifar10,fixed_phase,256,672,0.70968178,0.01231772,1.00694795
cifar10,fixed_phase,256,673,0.71468624,0.06506465,1.01578617
cifar10,fixed_phase,256,674,0.7039527,0.0205669,1.01146123
cifar10,fixed_phase,256,675,0.71895286,0.01679864,0.95540665
cifar10,fixed_phase,256,676,0.70662363,0.02560201,1.01028415
cifar10,fixed_phase,256,677,0.70857131,0.07317087,1.00734895
cifar10,fixed_phase,256,678,0.70242192,0.01901624,1.0088076
cifar10,fixed_phase,256,679,0.70291152,0.08430545,0.98426418
cifar10,fixed_phase,256,680,0.71333889,0.04843822,1.00649823
cifar10,fixed_phase,256,681,0.7108724,0.00795279,1.00078085
cifar10,fixed_phase,256,682,0.69826397,0.02268648,1.00449686
cifar10,fixed_phase,256,683,0.69473336,0.04089044,1.01653056
cifar10,fixed_phase,256,684,0.70512189,0.0099606,0.99827341
cifar10,fixed_phase,256,685,0.71461808,4.475e-05,0.98380618
cifar10,fixed_phase,256,686,0.6978798,0.0379359,1.02167282
cifar10,fixed_phase,256,687,0.70492777,0.00902434,0.9665202
cifar10,fixed_phase,256,688,0.69953958,0.09063988,1.01382213
cifar10,fixed_phase,256,689,0.70595914,0.00038788,0.99078591
cifar10,fixed_phase,256,690,0.70954956,0.01807792,1.00462124
cifar10,fixed_phase,256,691,0.71033355,0.03438081,0.99332189
cifar10,fixed_phase,256,692,0.70082161,0.05149021,0.98369963
cifar10,fixed_phase,256,693,0.71002357,0.020816,1.01301182
cifar10,fixed_phase,256,694,0.7047096,0.14275776,1.01295372
cifar10,fixed_phase,256,695,0.7111842,0.04630592,1.01383575
cifar10,fixed_phase,256,696,0.71893018,0.03710366,1.0072597
cifar10,fixed_phase,256,697,0.69592524,0.06561816,0.96843965
cifar10,fixed_phase,256,698,0.69781512,0.052695,0.96746591
cifar10,fixed_phase,256,699,0.71138971,0.01920436,1.00766036
cifar10,fixed_phase,256,700,0.70056774,0.05133011,0.99805572
cifar10,fixed_phase,256,701,0.71130253,0.05398453,1.01335979
cifar10,fixed_phase,256,702,0.70850451,0.04395412,1.02462472
cifar10,fixed_phase,256,703,0.71034772,0.05381694,0.99199417
cifar10,fixed_phase,256,704,0.713149,0.0429881,0.97867923
cifar10,fixed_phase,256,705,0.70850301,0.02204311,0.99460129
cifar10,fixed_phase,256,706,0.69755802,0.06720469,1.00192832
cifar10,fixed_phase,256,707,0.71104855,0.11067909,1.00077589
cifar10,fixed_phase,256,708,0.70766973,0.03172192,1.01151545
cifar10,fixed_phase,256,709,0.70479815,0.00920961,1.01003348
cifar10,fixed_phase,256,710,0.69526705,0.05622357,1.00468732
cifar10,fixed_phase,256,711,0.71157895,0.0006322,1.02533717
cifar10,fixed_phase,256,712,0.7095613,0.03856659,0.98596573
cifar10,fixed_phase,256,713,0.70041733,0.05521989,1.00960973
cifar10,fixed_phase,256,714,0.69720255,0.13252472,0.99343797
cifar10,fixed_phase,256,715,0.70833737,0.01957959,1.01132529
cifar10,fixed_phase,256,716,0.70721824,0.03106516,0.99250745
cifar10,fixed_phase,256,717,0.70683336,0.04290783,1.03002938
cifar10,fixed_phase,256,718,0.71172295,0.07392051,0.99817306
cifar10,fixed_phase,256,719,0.70588194,0.02063125,1.00402691
cifar10,fixed_phase,256,720,0.70046138,0.01326121,0.99341557
cifar10,fixed_phase,256,721,0.70523422,0.04838508,1.01798835
cifar10,fixed_phase,256,722,0.71315438,0.06690103,1.01928187
cifar10,fixed_phase,256,723,0.70963767,0.06097245,1.00712155
cifar10,fixed_phase,256,724,0.71202617,0.05145907,1.00295768
cifar10,fixed_phase,256,725,0.70185158,0.07024194,0.99915753
cifar10,fixed_phase,256,726,0.69969645,0.01357588,0.99816569
cifar10,fixed_phase,256,727,0.69736945,0.02558788,0.99211832
cifar10,fixed_phase,256,728,0.70502375,0.06219129,0.99372647
cifar10,fixed_phase,256,729,0.69629225,0.04078244,0.99132284
cifar10,fixed_phase,256,730,0.70464339,0.02462309,0.9952405
cifar10,fixed_phase,256,731,0.71147918,0.04012171,1.01711614
cifar10,fixed_phase,256,732,0.70720075,0.14418001,0.9976503
cifar10,fixed_phase,256,733,0.70737184,0.03629992,0.97206962
cifar10,fixed_phase,256,734,0.70766165,0.06927033,1.01411646
cifar10,fixed_phase,256,735,0.69987994,0.02786198,1.00533205
cifar10,fixed_phase,256,736,0.70887986,0.0003866,0.99819297
cifar10,fixed_phase,256,737,0.69624911,0.05863001,0.96725076
cifar10,fixed_phase,256,738,0.69425013,0.03391539,1.02210392
cifar10,fixed_phase,256,739,0.70936097,0.06744011,1.00154128
cifar10,fixed_phase,256,740,0.71263145,0.0430802,0.99399063
cifar10,fixed_phase,256,741,0.7085584,0.02666056,0.98970616
cifar10,fixed_phase,256,742,0.71763706,0.08439976,0.97810089
cifar10,fixed_phase,256,743,0.70769495,0.13067969,1.0124841
cifar10,fixed_phase,256,744,0.70991479,0.03136421,0.99700141
cifar10,fixed_phase,256,745,0.71268834,0.04363244,1.01731408
cifar10,fixed_phase,256,746,0.69726125,0.05174618,0.98966297
cifar10,fixed_phase,256,747,0.70309545,0.08080308,0.99745214
cifar10,fixed_phase,256,748,0.72166454,0.00544495,1.01042077
cifar10,fixed_phase,256,749,0.70172862,0.04401051,1.0099463
cifar10,fixed_phase,256,750,0.70556351,0.11534144,0.98357849
cifar10,fixed_phase,256,751,0.70004294,0.03480369,0.9994045
cifar10,fixed_phase,256,752,0.69846397,0.04142498,1.02588263
cifar10,fixed_phase,256,753,0.7193723,0.05235902,0.99873451
cifar10,fixed_phase,256,754,0.71099328,0.05928444,0.9785344
cifar10,fixed_phase,256,755,0.71612417,0.04560427,1.01014428
cifar10,fixed_phase,256,756,0.7037974,0.09928971,0.99245145
cifar10,fixed_phase,256,757,0.70063369,0.03031769,0.98488846
cifar10,fixed_phase,256,758,0.69857663,0.02890382,1.03467397
cifar10,fixed_phase,256,759,0.70409783,0.0130529,0.99421613
cifar10,fixed_phase,256,760,0.70761307,0.06014876,0.99661877
cifar10,fixed_phase,256,761,0.68796383,0.04122464,1.01106401
cifar10,fixed_phase,256,762,0.70716903,0.00364464,0.99756979
cifar10,fixed_phase,256,763,0.72107359,0.00190496,1.01960681
cifar10,fixed_phase,256,764,0.71291352,0.0225101,0.98401704
cifar10,fixed_phase,256,765,0.69878568,0.01429908,0.98961321
cifar10,fixed_phase,256,766,0.69732529,0.00863102,0.99275936
cifar10,fixed_phase,256,767,0.7200102,0.03145572,1.01887204
cifar10,fixed_phase,256,768,0.70779361,0.02216032,1.00161548
cifar10,fixed_phase,256,769,0.70276646,0.05086984,0.98922291
cifar10,fixed_phase,256,770,0.70560207,0.10233844,1.02069969
cifar10,fixed_phase,256,771,0.70631178,0.03325849,0.98264772
cifar10,fixed_phase,256,772,0.70637472,0.0493765,0.99680436
cifar10,fixed_phase,256,773,0.69957247,0.02778088,1.00433132
cifar10,fixed_phase,256,774,0.70685269,0.06830622,1.00949021
cifar10,fixed_phase,256,775,0.7196523,0.03632725,1.00966597
cifar10,fixed_phase,256,776,0.70277191,0.00985972,1.00035304
cifar10,fixed_phase,256,777,0.71055171,0.01559241,1.00593989
cifar10,fixed_phase,256,778,0.70066149,0.05187607,0.99438468
cifar10,fixed_phase,256,779,0.70992671,0.00716603,1.02344016
cifar10,fixed_phase,256,780,0.70130664,0.02850562,1.01751774
cifar10,fixed_phase,256,781,0.71490879,0.01476339,1.01180795
cifar10,fixed_phase,256,782,0.70366999,0.00125641,0.99135276
cifar10,fixed_phase,256,783,0.69256665,0.00530338,0.97529805
cifar10,fixed_phase,256,784,0.69215003,0.00366489,1.00866985
cifar10,fixed_phase,256,785,0.71040849,0.00184406,1.00265904
cifar10,fixed_phase,256,786,0.71048564,0.02471471,0.9901375
cifar10,fixed_phase,256,787,0.71363477,0.0630539,0.99577954
cifar10,fixed_phase,256,788,0.69927441,0.01448451,1.00447673
cifar10,fixed_phase,256,789,0.69953383,0.01826595,1.00534428
cifar10,fixed_phase,256,790,0.69912536,0.02211506,0.98850813
cifar10,fixed_phase,256,791,0.70883164,0.00920192,0.99124981
cifar10,fixed_phase,256,792,0.70618618,0.02224788,1.00717094
cifar10,fixed_phase,256,793,0.71523348,0.02932051,1.00834121
cifar10,fixed_phase,256,794,0.70734542,0.057459,1.01425249
cifar10,fixed_phase,256,795,0.708144,0.01975288,1.0019026
cifar10,fixed_phase,256,796,0.70587453,0.02660974,0.98179614
cifar10,fixed_phase,256,797,0.70623854,0.0329669,1.02076391
cifar10,fixed_phase,256,798,0.71893947,0.05554751,0.98378794
cifar10,fixed_phase,256,799,0.71308903,0.08372275,1.00235125
cifar10,fixed_phase,256,800,0.71159808,0.01520887,0.99767996
cifar10,fixed_phase,256,801,0.70940423,0.00938945,0.9886293
cifar10,fixed_phase,256,802,0.70404142,0.01872203,1.00179433
cifar10,fixed_phase,256,803,0.71008699,0.05492545,1.01039137
cifar10,fixed_phase,256,804,0.70603392,0.06126998,0.99443496
cifar10,fixed_phase,256,805,0.6972262,0.03212083,1.00269261
cifar10,fixed_phase,256,806,0.71021187,0.05314221,0.99118764
cifar10,fixed_phase,256,807,0.69144691,0.03973936,0.99133941
cifar10,fixed_phase,256,808,0.71070399,0.06732542,0.98344672
cifar10,fixed_phase,256,809,0.70800136,0.02381326,0.99210754
cifar10,fixed_phase,256,810,0.71197032,0.04806975,0.97899379
cifar10,fixed_phase,256,811,0.71449782,0.08701282,1.00665217
cifar10,fixed_phase,256,812,0.70977967,0.01957115,0.98425671
cifar10,fixed_phase,256,813,0.70912987,0.00681467,0.97535026
cifar10,fixed_phase,256,814,0.69941895,0.03911981,0.99204815
cifar10,fixed_phase,256,815,0.71439134,0.0017454,1.00704617
cifar10,fixed_phase,256,816,0.708404,0.00200269,0.98329234
cifar10,fixed_phase,256,817,0.71832311,0.09032595,0.9937328
cifar10,fixed_phase,256,818,0.70282382,0.05956946,0.99487955
cifar10,fixed_phase,256,819,0.71061479,0.05097302,0.96902297
cifar10,fixed_phase,256,820,0.71252249,0.08975543,1.01032044
cifar10,fixed_phase,256,821,0.70906582,0.04901591,0.99783147
cifar10,fixed_phase,256,822,0.69864713,0.04230899,0.98446548
cifar10,fixed_phase,256,823,0.70044707,0.01982516,1.01597057
cifar10,fixed_phase,256,824,0.71047203,0.06062387,1.01033144
cifar10,fixed_phase,256,825,0.70495815,0.02715821,0.99327291
cifar10,fixed_phase,256,826,0.69889644,0.02362329,0.95994289
cifar10,fixed_phase,256,827,0.70704916,0.03277287,1.00115488
cifar10,fixed_phase,256,828,0.69360502,0.06344941,1.01558578
cifar10,fixed_phase,256,829,0.70217415,0.01200443,0.98593187
cifar10,fixed_phase,256,830,0.70092545,0.03056549,0.9871218
cifar10,fixed_phase,256,831,0.70726135,0.00690012,0.99862866
cifar10,fixed_phase,256,832,0.7041824,0.04504115,0.97763712
cifar10,fixed_phase,256,833,0.7078643,0.03407543,0.99575884
cifar10,fixed_phase,256,834,0.71684111,0.03224677,0.99503069
cifar10,fixed_phase,256,835,0.70305538,0.02285518,0.9736102
cifar10,fixed_phase,256,836,0.70347653,0.02326817,1.01096096
cifar10,fixed_phase,256,837,0.7066048,0.02009483,0.97985672
cifar10,fixed_phase,256,838,0.7083801,0.0398807,1.00652508
cifar10,fixed_phase,256,839,0.70816177,0.00782612,0.99880862
cifar10,fixed_phase,256,840,0.70665905,0.05762888,0.97279164
cifar10,fixed_phase,256,841,0.70863998,0.00701387,1.00700278
cifar10,fixed_phase,256,842,0.71736727,0.00761829,0.98977638
cifar10,fixed_phase,256,843,0.71463579,0.00099362,1.00422044
cifar10,fixed_phase,256,844,0.70306949,0.01951702,1.00204935
cifar10,fixed_phase,256,845,0.71709857,0.08707864,0.99912149
cifar10,fixed_phase,256,846,0.70655865,0.01162693,0.97403187
cifar10,fixed_phase,256,847,0.70049101,0.03351244,1.00897887
cifar10,fixed_phase,256,848,0.69475701,0.03969134,1.00770698
cifar10,fixed_phase,256,849,0.70507587,0.01090794,0.99386779
cifar10,fixed_phase,256,850,0.70605735,0.01444323,1.02380041
cifar10,fixed_phase,256,851,0.70748244,0.0105242,0.99985437
cifar10,fixed_phase,256,852,0.70587617,0.03553067,1.001022
cifar10,fixed_phase,256,853,0.70735855,0.00049927,1.00804537
cifar10,fixed_phase,256,854,0.71876555,0.08925912,0.99497886
cifar10,fixed_phase,256,855,0.71746495,0.02833297,1.0143071
cifar10,fixed_phase,256,856,0.70664878,0.09513485,1.00323334
cifar10,fixed_phase,256,857,0.70423478,0.02840804,0.99375225
cifar10,fixed_phase,256,858,0.71024151,0.02409274,0.98222879
cifar10,fixed_phase,256,859,0.7126985,0.07464586,1.02240888
cifar10,fixed_phase,256,860,0.70027428,0.04035551,0.98256892
cifar10,fixed_phase,256,861,0.70778753,0.03031411,1.0175935
cifar10,fixed_phase,256,862,0.70515946,0.01474362,1.02019476
cifar10,fixed_phase,256,863,0.70030044,0.00115004,0.99678865
cifar10,fixed_phase,256,864,0.7069365,0.04744084,0.99980549
cifar10,fixed_phase,256,865,0.71354841,0.04727204,0.99280684
cifar10,fixed_phase,256,866,0.71484988,0.01804894,1.02668126
cifar10,fixed_phase,256,867,0.71089774,0.00547781,0.99786648
cifar10,fixed_phase,256,868,0.70557193,0.01196617,0.98200263
cifar10,fixed_phase,256,869,0.69904353,0.05699662,0.98178024
cifar10,fixed_phase,256,870,0.70825197,0.10055649,1.0186452
cifar10,fixed_phase,256,871,0.70307842,0.02381584,0.98816492
cifar10,fixed_phase,256,872,0.706591,0.0441297,1.01540043
cifar10,fixed_phase,256,873,0.70798478,0.06921671,0.99549233
cifar10,fixed_phase,256,874,0.70301136,0.12004728,1.00690493
cifar10,fixed_phase,256,875,0.70730503,0.10713901,1.00009627
cifar10,fixed_phase,256,876,0.70498585,0.09814594,1.00148565
cifar10,fixed_phase,256,877,0.69647216,0.08484993,0.97981442
cifar10,fixed_phase,256,878,0.70986905,0.01177093,1.01078735
cifar10,fixed_phase,256,879,0.70108456,0.02998314,1.01554518
cifar10,fixed_phase,256,880,0.70518866,0.00335212,1.00464256
cifar10,fixed_phase,256,881,0.70574423,0.03828244,0.99373841
cifar10,fixed_phase,256,882,0.69528816,0.07695443,1.02807977
cifar10,fixed_phase,256,883,0.70250055,0.00617016,1.01650093
cifar10,fixed_phase,256,884,0.71308174,0.04998009,1.01022088
cifar10,fixed_phase,256,885,0.71234146,0.00764289,0.97357478
cifar10,fixed_phase,256,886,0.70317526,0.04647815,0.99443752
cifar10,fixed_phase,256,887,0.69743291,0.01586742,0.98164381
cifar10,fixed_phase,256,888,0.6889211,0.10498963,1.00728987
cifar10,fixed_phase,256,889,0.71341814,0.02647836,1.00478154
cifar10,fixed_phase,256,890,0.70429514,0.06273191,0.99106455
cifar10,fixed_phase,256,891,0.69625403,0.05090223,1.01175606
cifar10,fixed_phase,256,892,0.70299951,0.02642236,1.02163646
cifar10,fixed_phase,256,893,0.70711487,0.01359616,1.00404355
cifar10,fixed_phase,256,894,0.70931035,0.07057712,0.99074323
cifar10,fixed_phase,256,895,0.71208144,0.0806691,0.97993452
cifar10,fixed_phase,256,896,0.70104064,0.06539329,1.01189974
cifar10,fixed_phase,256,897,0.71273344,0.02824505,1.01094365
cifar10,fixed_phase,256,898,0.69025498,0.11935642,1.01229781
cifar10,fixed_phase,256,899,0.71197611,0.03019116,1.01906778
cifar10,fixed_phase,256,900,0.70594501,0.0056956,0.9889166
cifar10,fixed_phase,256,901,0.69758062,0.01432221,0.96529505
cifar10,fixed_phase,256,902,0.71547535,0.06589261,1.01400392
cifar10,fixed_phase,256,903,0.71105634,0.05597727,0.99117829
cifar10,fixed_phase,256,904,0.69982387,0.0612614,1.00853055
cifar10,fixed_phase,256,905,0.70524351,0.02411239,1.01109406
cifar10,fixed_phase,256,906,0.70182052,0.06211073,1.01727315
cifar10,fixed_phase,256,907,0.69760532,0.07616285,1.00384914
cifar10,fixed_phase,256,908,0.70009625,0.07790525,0.96418768
cifar10,fixed_phase,256,909,0.69846872,0.05437833,1.01031482
cifar10,fixed_phase,256,910,0.70429542,0.05658588,0.99253919
cifar10,fixed_phase,256,911,0.70694026,0.05896006,1.00128514
cifar10,fixed_phase,256,912,0.70801144,0.01757479,0.98027914
cifar10,fixed_phase,256,913,0.70292867,0.0067793,0.99028861
cifar10,fixed_phase,256,914,0.70600566,0.06403078,1.00313197
cifar10,fixed_phase,256,915,0.70846632,0.00557352,0.98837956
cifar10,fixed_phase,256,916,0.71099627,0.08862027,1.02255311
cifar10,fixed_phase,256,917,0.70764876,0.08184014,0.99443522
cifar10,fixed_phase,256,918,0.7047394,0.05250013,0.9860727
cifar10,fixed_phase,256,919,0.70131696,0.00355048,1.01126048
cifar10,fixed_phase,256,920,0.71335944,0.03977574,0.97939511
cifar10,fixed_phase,256,921,0.70456224,0.02904338,1.01300736
cifar10,fixed_phase,256,922,0.70285029,0.05759476,1.00993559
cifar10,fixed_phase,256,923,0.69679716,0.04667058,1.02800309
cifar10,fixed_phase,256,924,0.72179974,0.12752806,0.97196403
cifar10,fixed_phase,256,925,0.68173848,0.05706164,0.98553363
cifar10,fixed_phase,256,926,0.70149839,0.1020558,0.97762308
cifar10,fixed_phase,256,927,0.70508721,0.05222478,0.99219478
cifar10,fixed_phase,256,928,0.71167345,0.04710275,0.99162574
cifar10,fixed_phase,256,929,0.70463023,0.00810498,1.00426568
cifar10,fixed_phase,256,930,0.70418674,0.00692049,0.99451765
cifar10,fixed_phase,256,931,0.70368006,0.00853929,1.01231153
cifar10,fixed_phase,256,932,0.70525381,0.01022488,1.00577135
cifar10,fixed_phase,256,933,0.70885691,0.02356881,1.0201345
cifar10,fixed_phase,256,934,0.70697886,0.06679,0.99167929
cifar10,fixed_phase,256,935,0.70386089,0.01124727,0.9840861
cifar10,fixed_phase,256,936,0.70345497,0.058559,1.03161764
cifar10,fixed_phase,256,937,0.69891543,0.09994576,1.01224258
cifar10,fixed_phase,256,938,0.7060233,0.07437688,1.01069739
cifar10,fixed_phase,256,939,0.70489835,0.00868948,1.01897818
cifar10,fixed_phase,256,940,0.70070175,0.00901779,0.96951402
cifar10,fixed_phase,256,941,0.70792405,0.02913179,1.00752206
cifar10,fixed_phase,256,942,0.70052855,0.02176493,0.98444911
cifar10,fixed_phase,256,943,0.70663291,0.02841021,1.00893936
cifar10,fixed_phase,256,944,0.70982551,0.03286076,0.99168068
cifar10,fixed_phase,256,945,0.69793373,0.05579739,0.99366161
cifar10,fixed_phase,256,946,0.70622374,0.10541534,1.01077106
cifar10,fixed_phase,256,947,0.70144143,0.03277,1.0110191
cifar10,fixed_phase,256,948,0.71113932,0.02985829,0.99040601
cifar10,fixed_phase,256,949,0.7171154,0.012412,0.98454761
cifar10,fixed_phase,256,950,0.70108049,0.02908405,1.01682014
cifar10,fixed_phase,256,951,0.71235914,0.01231621,1.00826833
cifar10,fixed_phase,256,952,0.71432964,0.02448298,0.987999
cifar10,fixed_phase,256,953,0.70340612,0.03712794,0.99407436
cifar10,fixed_phase,256,954,0.7058002,0.01518101,0.99139279
cifar10,fixed_phase,256,955,0.70192002,0.02454486,0.98446064
cifar10,fixed_phase,256,956,0.7072607,0.05734413,0.98180122
cifar10,fixed_phase,256,957,0.70464062,0.07065867,1.00321885
cifar10,fixed_phase,256,958,0.70353351,0.0675774,1.00496247
cifar10,fixed_phase,256,959,0.70875739,0.07241164,1.01673352
cifar10,fixed_phase,256,960,0.70124324,0.08731596,1.03361565
cifar10,fixed_phase,256,961,0.70153902,0.01219907,0.98487444
cifar10,fixed_phase,256,962,0.7078102,0.00495874,0.99351203
cifar10,fixed_phase,256,963,0.70859464,0.02744953,1.01517636
cifar10,fixed_phase,256,964,0.70143959,0.09690705,0.98252122
cifar10,fixed_phase,256,965,0.69930556,0.04421584,1.02024081
cifar10,fixed_phase,256,966,0.7026918,0.01893383,0.99357205
cifar10,fixed_phase,256,967,0.6995118,0.06897353,0.99314878
cifar10,fixed_phase,256,968,0.70804612,0.07348212,0.9845978
cifar10,fixed_phase,256,969,0.70242771,0.03708907,0.97162734
cifar10,fixed_phase,256,970,0.70747878,0.0100584,1.00584097
cifar10,fixed_phase,256,971,0.71843684,0.00992071,0.97854047
cifar10,fixed_phase,256,972,0.70654997,0.07121085,1.01761611
cifar10,fixed_phase,256,973,0.70547327,0.04381459,1.01471235
cifar10,fixed_phase,256,974,0.70874868,0.08642936,1.03000539
cifar10,fixed_phase,256,975,0.69902823,0.00753668,1.0304448
cifar10,fixed_phase,256,976,0.7084241,0.04014671,1.01725149
cifar10,fixed_phase,256,977,0.69211367,0.07543793,0.98783066
cifar10,fixed_phase,256,978,0.70053559,0.03361106,0.9863826
cifar10,fixed_phase,256,979,0.71237849,0.07545669,1.01144407
cifar10,fixed_phase,256,980,0.71091286,0.04647507,1.00351521
cifar10,fixed_phase,256,981,0.7128533,0.054949,0.98853181
cifar10,fixed_phase,256,982,0.70690124,0.02688894,1.00893819
cifar10,fixed_phase,256,983,0.70228774,0.06896239,1.00378633
cifar10,fixed_phase,256,984,0.70020387,0.01604699,0.98398531
cifar10,fixed_phase,256,985,0.71501183,0.11544816,0.98754771
cifar10,fixed_phase,256,986,0.69757518,0.02760688,1.01146417
cifar10,fixed_phase,256,987,0.70511198,0.08325718,0.98372015
cifar10,fixed_phase,256,988,0.71157297,0.05446043,0.98021078
cifar10,fixed_phase,256,989,0.71161233,0.00404208,1.00220344
cifar10,fixed_phase,256,990,0.7033713,0.04742523,1.00099734
cifar10,fixed_phase,256,991,0.6998561,0.05961433,0.97870218
cifar10,fixed_phase,256,992,0.70264695,0.0768768,0.98780256
cifar10,fixed_phase,256,993,0.70712832,0.1032667,1.0123963
cifar10,fixed_phase,256,994,0.69915697,0.10175999,0.96052505
cifar10,fixed_phase,256,995,0.71618303,0.02673794,0.99201964
cifar10,fixed_phase,256,996,0.70260199,0.02203067,1.01098107
cifar10,fixed_phase,256,997,0.711813,0.00143441,0.98504774
cifar10,fixed_phase,256,998,0.70869045,0.00353024,0.9883977
cifar10,fixed_phase,256,999,0.69770947,0.01120197,1.0125737
cifar10,fixed_phase,512,0,0.70495839,0.04897111,0.99420346
cifar10,fixed_phase,512,1,0.70270724,0.0103005,0.985103
cifar10,fixed_phase,512,2,0.71244364,0.00417048,0.9841393
cifar10,fixed_phase,512,3,0.70049565,0.0632679,0.98002117
cifar10,fixed_phase,512,4,0.70338938,0.01354709,0.99859291
cifar10,fixed_phase,512,5,0.70201226,0.00900893,0.98999414
cifar10,fixed_phase,512,6,0.69712726,0.02610047,0.97750935
cifar10,fixed_phase,512,7,0.7110001,0.01799406,1.02620425
cifar10,fixed_phase,512,8,0.7051263,0.0030983,0.96757964
cifar10,fixed_phase,512,9,0.70471245,0.08163159,1.02046328
cifar10,fixed_phase,512,10,0.70242464,0.03233213,0.99975446
cifar10,fixed_phase,512,11,0.7165277,0.03574238,0.9913623
cifar10,fixed_phase,512,12,0.71348957,0.04012905,1.00564504
cifar10,fixed_phase,512,13,0.70240038,0.02066021,1.01163302
cifar10,fixed_phase,512,14,0.70406225,0.09387464,0.98880027
cifar10,fixed_phase,512,15,0.70845013,0.030479,0.977973
cifar10,fixed_phase,512,16,0.70116903,0.01875726,0.99613508
cifar10,fixed_phase,512,17,0.71390547,0.06928572,1.01663849
cifar10,fixed_phase,512,18,0.70164487,0.03342827,1.00384534
cifar10,fixed_phase,512,19,0.70629011,0.01476321,1.00732674
cifar10,fixed_phase,512,20,0.71091271,0.01877256,1.01275602
cifar10,fixed_phase,512,21,0.71730155,0.10131624,1.02066162
cifar10,fixed_phase,512,22,0.71461899,0.0872768,0.98910006
cifar10,fixed_phase,512,23,0.70529484,0.04015513,1.00581785
cifar10,fixed_phase,512,24,0.70606909,0.00670694,0.99803429
cifar10,fixed_phase,512,25,0.70013274,0.0083328,0.9965698
cifar10,fixed_phase,512,26,0.71441051,0.08498015,0.98398228
cifar10,fixed_phase,512,27,0.70935437,0.05851331,1.01517394
cifar10,fixed_phase,512,28,0.71180453,0.02769385,0.98627573
cifar10,fixed_phase,512,29,0.69451116,0.07743466,1.0151387
cifar10,fixed_phase,512,30,0.70919079,0.07172454,0.99378006
cifar10,fixed_phase,512,31,0.71213971,0.01869181,0.99333599
cifar10,fixed_phase,512,32,0.7121325,0.00401952,1.00190773
cifar10,fixed_phase,512,33,0.71623379,0.03497739,0.99103469
cifar10,fixed_phase,512,34,0.70093428,0.03623637,0.97156331
cifar10,fixed_phase,512,35,0.70385256,0.11055553,1.00206627
cifar10,fixed_phase,512,36,0.69721461,0.03198933,1.00353998
cifar10,fixed_phase,512,37,0.70158016,0.05123259,0.99928195
cifar10,fixed_phase,512,38,0.69464817,0.04626584,1.03146884
cifar10,fixed_phase,512,39,0.7087627,0.07592828,0.99378214
cifar10,fixed_phase,512,40,0.69810189,0.03349919,1.00535018
cifar10,fixed_phase,512,41,0.71527054,0.01816806,1.0074429
cifar10,fixed_phase,512,42,0.70652238,0.02403208,0.98900417
cifar10,fixed_phase,512,43,0.70298052,0.02963785,0.97697833
cifar10,fixed_phase,512,44,0.70916803,0.04842771,1.01494838
cifar10,fixed_phase,512,45,0.69566369,0.09214538,0.98556311
cifar10,fixed_phase,512,46,0.70244011,0.06091835,1.01042125
cifar10,fixed_phase,512,47,0.69783349,0.00559122,1.02765946
cifar10,fixed_phase,512,48,0.71337491,0.01847555,0.96272064
cifar10,fixed_phase,512,49,0.71204837,0.03549366,0.99962738
cifar10,fixed_phase,512,50,0.71257143,0.02541188,1.00217121
cifar10,fixed_phase,512,51,0.71653924,0.02251544,0.97680835
cifar10,fixed_phase,512,52,0.70156025,0.03807475,1.01323698
cifar10,fixed_phase,512,53,0.70285812,0.01112182,1.00087102
cifar10,fixed_phase,512,54,0.7035734,0.0019215,1.00745832
cifar10,fixed_phase,512,55,0.71120207,0.03367181,0.99301171
cifar10,fixed_phase,512,56,0.70206928,0.05122412,1.01144895
cifar10,fixed_phase,512,57,0.69930398,0.07098762,0.98760864
cifar10,fixed_phase,512,58,0.71071594,0.07156225,0.98392031
cifar10,fixed_phase,512,59,0.70260953,0.00739432,0.983329
cifar10,fixed_phase,512,60,0.70725623,0.02025764,0.97644961
cifar10,fixed_phase,512,61,0.71033788,0.10275952,0.97332295
cifar10,fixed_phase,512,62,0.69795359,0.01103996,1.02231369
cifar10,fixed_phase,512,63,0.69979676,0.00072208,0.98432443
cifar10,fixed_phase,512,64,0.70403394,0.054697,1.00590605
cifar10,fixed_phase,512,65,0.70113808,0.09663162,1.0329964
cifar10,fixed_phase,512,66,0.71005457,0.07413048,1.01452155
cifar10,fixed_phase,512,67,0.71008414,0.0035463,1.01384612
cifar10,fixed_phase,512,68,0.71077792,0.07201411,0.97878326
cifar10,fixed_phase,512,69,0.70713708,0.05445286,0.98355002
cifar10,fixed_phase,512,70,0.70418983,0.07503991,0.97861427
cifar10,fixed_phase,512,71,0.71107724,0.00769935,1.00799771
cifar10,fixed_phase,512,72,0.71078981,0.03221596,1.01787565
cifar10,fixed_phase,512,73,0.70371092,0.05081212,0.99270628
cifar10,fixed_phase,512,74,0.70347648,0.03448982,1.00467686
cifar10,fixed_phase,512,75,0.70326133,0.05934592,1.01400251
cifar10,fixed_phase,512,76,0.70441305,0.09426002,1.00626302
cifar10,fixed_phase,512,77,0.70915045,0.04752005,1.01248414
cifar10,fixed_phase,512,78,0.70119257,0.01373329,1.01921364
cifar10,fixed_phase,512,79,0.70163124,0.02690756,0.99566331
cifar10,fixed_phase,512,80,0.70671986,0.11256736,1.00237597
cifar10,fixed_phase,512,81,0.69979198,0.04630151,0.9982508
cifar10,fixed_phase,512,82,0.70319994,0.06168309,1.0045592
cifar10,fixed_phase,512,83,0.7190705,0.02326825,0.99725667
cifar10,fixed_phase,512,84,0.70909189,0.01545628,0.97396904
cifar10,fixed_phase,512,85,0.7009968,0.04035201,0.99292834
cifar10,fixed_phase,512,86,0.70427306,0.02925245,0.99404134
cifar10,fixed_phase,512,87,0.69551128,0.06232121,1.00822375
cifar10,fixed_phase,512,88,0.70706146,0.01651057,1.01568559
cifar10,fixed_phase,512,89,0.71649318,0.04369376,0.9970288
cifar10,fixed_phase,512,90,0.7081915,0.07372682,0.99148657
cifar10,fixed_phase,512,91,0.70422556,0.00981168,1.01750502
cifar10,fixed_phase,512,92,0.70547627,0.0347244,0.99561093
cifar10,fixed_phase,512,93,0.70343404,0.0291345,0.98845793
cifar10,fixed_phase,512,94,0.71100059,0.04644081,1.02018664
cifar10,fixed_phase,512,95,0.7048094,0.0326865,0.96777185
cifar10,fixed_phase,512,96,0.71402694,0.02560253,0.99918075
cifar10,fixed_phase,512,97,0.70379329,0.00388868,0.98293008
cifar10,fixed_phase,512,98,0.7062626,0.03200577,0.97987009
cifar10,fixed_phase,512,99,0.71222411,0.02751406,1.01288814
cifar10,fixed_phase,512,100,0.70569608,0.02574611,0.98373407
cifar10,fixed_phase,512,101,0.70149108,0.04985713,0.96298638
cifar10,fixed_phase,512,102,0.71136234,0.04108831,0.984426
cifar10,fixed_phase,512,103,0.70312139,0.06461236,1.03370924
cifar10,fixed_phase,512,104,0.71045999,0.05153032,0.99543415
cifar10,fixed_phase,512,105,0.70521373,0.104273,1.00864039
cifar10,fixed_phase,512,106,0.69959948,0.01303505,0.99838774
cifar10,fixed_phase,512,107,0.70541219,0.03111222,0.99915371
cifar10,fixed_phase,512,108,0.70551505,0.06559641,0.99546548
cifar10,fixed_phase,512,109,0.70301644,0.00158997,0.9945128
cifar10,fixed_phase,512,110,0.70480531,0.0028794,0.97018566
cifar10,fixed_phase,512,111,0.70022771,0.06299092,0.99687244
cifar10,fixed_phase,512,112,0.70300907,0.01919167,1.04388771
cifar10,fixed_phase,512,113,0.70943313,0.02043192,1.00386924
cifar10,fixed_phase,512,114,0.71764444,0.00201871,0.99147717
cifar10,fixed_phase,512,115,0.69530719,0.00359728,1.00284588
cifar10,fixed_phase,512,116,0.71141301,0.04445446,0.99307872
cifar10,fixed_phase,512,117,0.70484845,0.08156352,1.01584694
cifar10,fixed_phase,512,118,0.70528329,0.00229864,1.01195531
cifar10,fixed_phase,512,119,0.7190778,0.01722949,0.98765284
cifar10,fixed_phase,512,120,0.71012466,0.01281427,0.97152374
cifar10,fixed_phase,512,121,0.70359368,0.07532968,0.99820293
cifar10,fixed_phase,512,122,0.70099468,0.00365519,1.00867487
cifar10,fixed_phase,512,123,0.70982654,0.01136686,0.99459651
cifar10,fixed_phase,512,124,0.71156033,0.01770399,1.00517944
cifar10,fixed_phase,512,125,0.70463111,0.01821916,0.98774281
cifar10,fixed_phase,512,126,0.70379318,0.03928885,0.98170082
cifar10,fixed_phase,512,127,0.718104,0.09861322,1.02262522
cifar10,fixed_phase,512,128,0.70915226,0.00942091,0.98684718
cifar10,fixed_phase,512,129,0.71044222,0.01430238,1.00896755
cifar10,fixed_phase,512,130,0.70472346,0.01097021,0.97746581
cifar10,fixed_phase,512,131,0.70632399,0.02456497,0.99020569
cifar10,fixed_phase,512,132,0.70387369,0.00092709,1.00382145
cifar10,fixed_phase,512,133,0.70124623,0.05001534,0.98907667
cifar10,fixed_phase,512,134,0.70871342,0.03969167,1.01815001
cifar10,fixed_phase,512,135,0.71157147,0.00973338,1.01056268
cifar10,fixed_phase,512,136,0.70120009,0.03083001,1.00252997
cifar10,fixed_phase,512,137,0.69680062,0.04102071,0.97908219
cifar10,fixed_phase,512,138,0.71411615,0.06165459,0.97875253
cifar10,fixed_phase,512,139,0.70477512,0.00413092,0.98270116
cifar10,fixed_phase,512,140,0.70094212,0.01898894,0.96826953
cifar10,fixed_phase,512,141,0.69149478,0.01143983,0.99721765
cifar10,fixed_phase,512,142,0.70628604,0.01147733,0.99325785
cifar10,fixed_phase,512,143,0.70802398,0.0154631,1.00392083
cifar10,fixed_phase,512,144,0.71371844,0.06241108,1.00226329
cifar10,fixed_phase,512,145,0.70991053,0.08082265,0.99150645
cifar10,fixed_phase,512,146,0.68939074,0.02817672,1.01822476
cifar10,fixed_phase,512,147,0.70842051,0.02231517,1.00311484
cifar10,fixed_phase,512,148,0.70110869,0.02216717,1.03008804
cifar10,fixed_phase,512,149,0.70841887,0.0025579,1.00050268
cifar10,fixed_phase,512,150,0.71355985,0.0081627,1.02183046
cifar10,fixed_phase,512,151,0.70378922,0.01662717,0.9969509
cifar10,fixed_phase,512,152,0.69902146,0.05672825,1.04552963
cifar10,fixed_phase,512,153,0.70964453,0.02181848,0.99909354
cifar10,fixed_phase,512,154,0.70710967,0.05841937,0.99030851
cifar10,fixed_phase,512,155,0.69824957,0.05089194,0.97334558
cifar10,fixed_phase,512,156,0.70685772,0.02751661,0.99139509
cifar10,fixed_phase,512,157,0.69788845,0.08166435,0.97960192
cifar10,fixed_phase,512,158,0.69784812,0.03546425,1.01946576
cifar10,fixed_phase,512,159,0.71124724,0.02532357,0.99959601
cifar10,fixed_phase,512,160,0.70883217,0.03551761,0.97869862
cifar10,fixed_phase,512,161,0.70628226,0.00852658,0.98433951
cifar10,fixed_phase,512,162,0.70329802,0.04615484,0.99284165
cifar10,fixed_phase,512,163,0.68914079,0.01701155,1.00082859
cifar10,fixed_phase,512,164,0.70059361,0.13467393,0.997142
cifar10,fixed_phase,512,165,0.69969487,0.02935737,0.99437248
cifar10,fixed_phase,512,166,0.70936109,0.10789529,0.98430109
cifar10,fixed_phase,512,167,0.70115839,0.12726494,0.98660722
cifar10,fixed_phase,512,168,0.70011828,0.06379203,1.00037836
cifar10,fixed_phase,512,169,0.69022944,0.00475353,1.02435455
cifar10,fixed_phase,512,170,0.70398759,0.01862108,1.02654911
cifar10,fixed_phase,512,171,0.70327012,0.03067684,1.01416944
cifar10,fixed_phase,512,172,0.70229817,0.06005147,0.99928075
cifar10,fixed_phase,512,173,0.70481298,0.06646704,1.00206714
cifar10,fixed_phase,512,174,0.70563976,0.04401158,0.99184859
cifar10,fixed_phase,512,175,0.70894944,0.07004732,1.02551742
cifar10,fixed_phase,512,176,0.70103033,0.01367329,0.98908865
cifar10,fixed_phase,512,177,0.70049522,0.08760674,0.9874747
cifar10,fixed_phase,512,178,0.72218505,0.04124785,1.01093922
cifar10,fixed_phase,512,179,0.7125983,0.05597624,1.00732669
cifar10,fixed_phase,512,180,0.70041805,0.04686409,1.00346223
cifar10,fixed_phase,512,181,0.71507985,0.02137522,0.99267095
cifar10,fixed_phase,512,182,0.70199922,0.07106611,1.0039064
cifar10,fixed_phase,512,183,0.71102323,0.03913163,1.00274568
cifar10,fixed_phase,512,184,0.70201465,0.05763933,0.99120372
cifar10,fixed_phase,512,185,0.72074028,0.02820664,1.00022595
cifar10,fixed_phase,512,186,0.71262197,0.01145524,1.00797372
cifar10,fixed_phase,512,187,0.71507375,0.03937018,0.99965168
cifar10,fixed_phase,512,188,0.70785556,0.03846317,0.99610879
cifar10,fixed_phase,512,189,0.6984505,0.05005797,1.01157575
cifar10,fixed_phase,512,190,0.70925113,0.03692213,1.01775311
cifar10,fixed_phase,512,191,0.71649858,0.01759029,1.02756504
cifar10,fixed_phase,512,192,0.71239526,0.03807622,1.02320281
cifar10,fixed_phase,512,193,0.71404692,0.02200513,0.97868323
cifar10,fixed_phase,512,194,0.69592435,0.05648011,0.99270842
cifar10,fixed_phase,512,195,0.70486218,0.02238494,1.01519498
cifar10,fixed_phase,512,196,0.70773924,0.03904101,1.00009378
cifar10,fixed_phase,512,197,0.70043609,0.08169229,0.99854475
cifar10,fixed_phase,512,198,0.70339635,0.02825336,1.00494764
cifar10,fixed_phase,512,199,0.7061465,0.0250147,0.97746954
cifar10,fixed_phase,512,200,0.70785555,0.041502,0.99324738
cifar10,fixed_phase,512,201,0.71198485,0.01945187,0.99017364
cifar10,fixed_phase,512,202,0.71841955,0.01217176,1.00592974
cifar10,fixed_phase,512,203,0.7239805,0.07385646,0.99561552
cifar10,fixed_phase,512,204,0.7088519,0.0257702,1.01469173
cifar10,fixed_phase,512,205,0.70426343,0.01629699,0.97980697
cifar10,fixed_phase,512,206,0.70175758,0.01796754,1.01125601
cifar10,fixed_phase,512,207,0.70989413,0.01794855,1.01886592
cifar10,fixed_phase,512,208,0.70503544,0.08059739,0.99760062
cifar10,fixed_phase,512,209,0.70342703,0.11492666,1.00180231
cifar10,fixed_phase,512,210,0.71670172,0.04982527,0.99258895
cifar10,fixed_phase,512,211,0.70544267,0.08226065,0.99777504
cifar10,fixed_phase,512,212,0.70910912,0.00488517,1.00258578
cifar10,fixed_phase,512,213,0.71190367,0.00731372,1.01342004
cifar10,fixed_phase,512,214,0.6987376,0.03361813,1.01581886
cifar10,fixed_phase,512,215,0.7124834,0.00919616,0.97748017
cifar10,fixed_phase,512,216,0.70972763,0.00469382,1.02088959
cifar10,fixed_phase,512,217,0.69919601,0.05675597,1.02162884
cifar10,fixed_phase,512,218,0.70701338,0.077368,1.0032618
cifar10,fixed_phase,512,219,0.71407,0.00707316,0.9964857
cifar10,fixed_phase,512,220,0.70469783,0.08920161,0.99339167
cifar10,fixed_phase,512,221,0.70183382,0.00221774,1.02103306
cifar10,fixed_phase,512,222,0.70146562,0.00797325,0.99864712
cifar10,fixed_phase,512,223,0.70637208,0.08005599,1.01246624
cifar10,fixed_phase,512,224,0.69979724,0.02514214,0.96771679
cifar10,fixed_phase,512,225,0.70523847,0.10267058,1.00472639
cifar10,fixed_phase,512,226,0.69880455,0.06712962,0.97866621
cifar10,fixed_phase,512,227,0.70330357,0.04000682,0.99901281
cifar10,fixed_phase,512,228,0.7170418,0.01625792,1.01133074
cifar10,fixed_phase,512,229,0.70721193,0.03491445,0.99949478
cifar10,fixed_phase,512,230,0.70565976,0.00130308,0.98201707
cifar10,fixed_phase,512,231,0.70853244,0.0152894,0.9916603
cifar10,fixed_phase,512,232,0.6997187,0.08425469,0.99806177
cifar10,fixed_phase,512,233,0.71033686,0.00576515,1.00186604
cifar10,fixed_phase,512,234,0.70843857,0.02752557,0.98546749
cifar10,fixed_phase,512,235,0.70400921,0.01760427,0.99611089
cifar10,fixed_phase,512,236,0.70426385,0.00972636,0.99088987
cifar10,fixed_phase,512,237,0.71219209,0.01464631,0.98919539
cifar10,fixed_phase,512,238,0.71899991,0.06456939,0.99202173
cifar10,fixed_phase,512,239,0.71158386,0.00712304,1.03494233
cifar10,fixed_phase,512,240,0.70392938,0.04655365,0.98707416
cifar10,fixed_phase,512,241,0.69981571,0.11937265,1.0005785
cifar10,fixed_phase,512,242,0.68988417,0.0751429,0.98620358
cifar10,fixed_phase,512,243,0.70591781,0.06149179,1.01091145
cifar10,fixed_phase,512,244,0.70929164,0.00680448,1.00860428
cifar10,fixed_phase,512,245,0.70359842,0.04722027,0.99321717
cifar10,fixed_phase,512,246,0.70692793,0.04234921,1.00110244
cifar10,fixed_phase,512,247,0.70566629,0.04413034,0.97049055
cifar10,fixed_phase,512,248,0.71007342,0.02152261,1.01262226
cifar10,fixed_phase,512,249,0.70362502,0.01309455,1.00826187
cifar10,fixed_phase,512,250,0.70571644,0.03780368,1.01637679
cifar10,fixed_phase,512,251,0.71320528,0.00269777,0.99333897
cifar10,fixed_phase,512,252,0.69776184,0.05512467,1.00647863
cifar10,fixed_phase,512,253,0.69449869,0.04141732,1.01425277
cifar10,fixed_phase,512,254,0.69767504,0.08146181,0.98505087
cifar10,fixed_phase,512,255,0.70797295,0.02015725,0.99130377
cifar10,fixed_phase,512,256,0.70875597,0.04318395,0.99297173
cifar10,fixed_phase,512,257,0.71036211,0.02102386,1.00830099
cifar10,fixed_phase,512,258,0.70858445,0.03226156,0.98674754
cifar10,fixed_phase,512,259,0.70694323,0.01771116,0.99584797
cifar10,fixed_phase,512,260,0.69726912,0.04799104,0.98949917
cifar10,fixed_phase,512,261,0.69903821,0.03599186,0.99333685
cifar10,fixed_phase,512,262,0.71823667,0.0854591,1.00867925
cifar10,fixed_phase,512,263,0.70706629,0.01922799,0.99502415
cifar10,fixed_phase,512,264,0.71241124,0.06710045,0.98871443
cifar10,fixed_phase,512,265,0.7060074,0.06321956,0.98192587
cifar10,fixed_phase,512,266,0.70205413,0.05250464,0.98328975
cifar10,fixed_phase,512,267,0.70411588,0.03673633,0.97414786
cifar10,fixed_phase,512,268,0.70915134,0.08306021,0.99752342
cifar10,fixed_phase,512,269,0.70635434,0.03314885,0.989051
cifar10,fixed_phase,512,270,0.71105528,0.04251043,1.02275563
cifar10,fixed_phase,512,271,0.69949943,0.05584941,1.01197782
cifar10,fixed_phase,512,272,0.70147917,0.04460225,1.02401496
cifar10,fixed_phase,512,273,0.71877552,0.00705535,1.00374066
cifar10,fixed_phase,512,274,0.69115072,0.03206844,0.98209414
cifar10,fixed_phase,512,275,0.69424627,0.00090145,0.98482644
cifar10,fixed_phase,512,276,0.71614872,0.05162402,1.02526654
cifar10,fixed_phase,512,277,0.7083089,0.00199371,0.99034597
cifar10,fixed_phase,512,278,0.71219966,0.0640582,0.99429605
cifar10,fixed_phase,512,279,0.71414248,0.01583948,1.00057213
cifar10,fixed_phase,512,280,0.70262614,0.01318396,0.99912167
cifar10,fixed_phase,512,281,0.71521198,0.01555164,0.99858339
cifar10,fixed_phase,512,282,0.70934008,0.01142584,1.0288534
cifar10,fixed_phase,512,283,0.70682609,0.02300488,1.00388001
cifar10,fixed_phase,512,284,0.70492483,0.07425993,1.02094856
cifar10,fixed_phase,512,285,0.70590693,0.01717934,0.99088046
cifar10,fixed_phase,512,286,0.7072667,0.0180326,1.01849291
cifar10,fixed_phase,512,287,0.70812111,0.0428759,0.99109604
cifar10,fixed_phase,512,288,0.71128153,0.04577007,0.99200266
cifar10,fixed_phase,512,289,0.70805435,0.10712186,0.99259079
cifar10,fixed_phase,512,290,0.71256269,0.00956095,1.00082614
cifar10,fixed_phase,512,291,0.70370207,0.00946096,0.97888238
cifar10,fixed_phase,512,292,0.70534223,0.04564321,0.9777872
cifar10,fixed_phase,512,293,0.70670572,0.00653534,1.01081934
cifar10,fixed_phase,512,294,0.7051265,0.05145745,0.99944006
cifar10,fixed_phase,512,295,0.70032257,0.00679412,0.98076597
cifar10,fixed_phase,512,296,0.7090494,0.03989061,0.98402768
cifar10,fixed_phase,512,297,0.70223526,0.01277017,1.00923446
cifar10,fixed_phase,512,298,0.70105387,0.05071188,0.9818673
cifar10,fixed_phase,512,299,0.70182305,0.03510657,1.02120798
cifar10,fixed_phase,512,300,0.69990455,0.04786279,1.01608734
cifar10,fixed_phase,512,301,0.71688914,0.0314388,1.03128031
cifar10,fixed_phase,512,302,0.70782047,0.02242997,1.01127452
cifar10,fixed_phase,512,303,0.71009375,0.04892458,1.0048964
cifar10,fixed_phase,512,304,0.71248802,0.009466,0.96688163
cifar10,fixed_phase,512,305,0.69925743,0.03905628,0.99803708
cifar10,fixed_phase,512,306,0.70139762,0.01438391,1.00909745
cifar10,fixed_phase,512,307,0.71408739,0.00407366,0.95963754
cifar10,fixed_phase,512,308,0.71091726,0.00464694,0.99328434
cifar10,fixed_phase,512,309,0.70455599,0.02857919,1.01783985
cifar10,fixed_phase,512,310,0.70489377,0.00189225,1.00365697
cifar10,fixed_phase,512,311,0.70681291,0.1108842,0.99364818
cifar10,fixed_phase,512,312,0.71410067,0.04372039,0.98191701
cifar10,fixed_phase,512,313,0.70213286,0.00707657,1.01904561
cifar10,fixed_phase,512,314,0.70431043,0.0564515,1.00323443
cifar10,fixed_phase,512,315,0.70023745,0.07849545,1.02727198
cifar10,fixed_phase,512,316,0.69920787,0.01228632,0.9907377
cifar10,fixed_phase,512,317,0.71279151,0.03432948,0.99603081
cifar10,fixed_phase,512,318,0.70322243,0.06163467,1.01062864
cifar10,fixed_phase,512,319,0.70848942,0.07688509,1.01233744
cifar10,fixed_phase,512,320,0.70827448,0.03106373,0.98263868
cifar10,fixed_phase,512,321,0.70942677,0.0069938,1.02887222
cifar10,fixed_phase,512,322,0.71027631,0.13715567,0.99691793
cifar10,fixed_phase,512,323,0.70929601,0.00116815,0.99055484
cifar10,fixed_phase,512,324,0.70160908,0.01303426,0.98850718
cifar10,fixed_phase,512,325,0.69638792,0.05885696,0.96373522
cifar10,fixed_phase,512,326,0.70880285,0.04788404,1.01065737
cifar10,fixed_phase,512,327,0.7046837,0.02180995,0.9972565
cifar10,fixed_phase,512,328,0.71142451,0.02361754,1.00661062
cifar10,fixed_phase,512,329,0.70386417,0.05921958,1.03218595
cifar10,fixed_phase,512,330,0.70805248,0.02435644,0.99795841
cifar10,fixed_phase,512,331,0.69607735,0.00660084,1.01285638
cifar10,fixed_phase,512,332,0.70996151,0.02664693,0.98690446
cifar10,fixed_phase,512,333,0.71278271,0.01059535,1.01497611
cifar10,fixed_phase,512,334,0.71094678,0.02405885,1.02192087
cifar10,fixed_phase,512,335,0.70635319,0.01797397,0.98871275
cifar10,fixed_phase,512,336,0.71063936,0.0839128,1.00684672
cifar10,fixed_phase,512,337,0.70017315,0.06349791,0.99165837
cifar10,fixed_phase,512,338,0.70215019,0.02835748,1.01259109
cifar10,fixed_phase,512,339,0.70782898,0.04146531,1.00157072
cifar10,fixed_phase,512,340,0.70694042,0.03279559,1.02314052
cifar10,fixed_phase,512,341,0.70894753,0.07094,1.01273758
cifar10,fixed_phase,512,342,0.70195054,0.05819739,0.9877365
cifar10,fixed_phase,512,343,0.7070797,0.09335259,0.98335641
cifar10,fixed_phase,512,344,0.70064992,0.01742921,0.99690678
cifar10,fixed_phase,512,345,0.7004153,0.09791182,1.00264328
cifar10,fixed_phase,512,346,0.69973446,0.02481906,0.99130058
cifar10,fixed_phase,512,347,0.70451266,0.05868352,1.00149341
cifar10,fixed_phase,512,348,0.70483539,0.06649825,1.00588453
cifar10,fixed_phase,512,349,0.70889206,0.0131291,1.01228005
cifar10,fixed_phase,512,350,0.70332577,0.00539751,0.99639105
cifar10,fixed_phase,512,351,0.70114509,0.0607617,0.99004133
cifar10,fixed_phase,512,352,0.69775342,0.01162175,1.00261422
cifar10,fixed_phase,512,353,0.70888095,0.07609675,1.00032727
cifar10,fixed_phase,512,354,0.72014503,0.01489117,0.96618297
cifar10,fixed_phase,512,355,0.70965022,0.02374325,1.00162432
cifar10,fixed_phase,512,356,0.70690297,0.00026679,0.97300027
cifar10,fixed_phase,512,357,0.71397591,0.0237344,1.00617637
cifar10,fixed_phase,512,358,0.69828483,0.04337163,1.00393759
cifar10,fixed_phase,512,359,0.69686918,0.05832457,0.99230606
cifar10,fixed_phase,512,360,0.70718584,0.01711677,1.00342181
cifar10,fixed_phase,512,361,0.71210186,0.01462286,0.97934542
cifar10,fixed_phase,512,362,0.70480245,0.07217952,0.98262143
cifar10,fixed_phase,512,363,0.70503342,0.04781667,1.02621798
cifar10,fixed_phase,512,364,0.69719675,0.00562385,0.99661508
cifar10,fixed_phase,512,365,0.70127407,0.0366049,0.99993702
cifar10,fixed_phase,512,366,0.70766472,0.01190666,1.00806498
cifar10,fixed_phase,512,367,0.70077691,0.01599759,0.99749792
cifar10,fixed_phase,512,368,0.69494065,0.03449709,1.01543316
cifar10,fixed_phase,512,369,0.69758117,0.03914159,0.98943025
cifar10,fixed_phase,512,370,0.69966987,0.01126395,0.99317012
cifar10,fixed_phase,512,371,0.69679497,0.02136601,1.00931634
cifar10,fixed_phase,512,372,0.70483929,0.05222997,1.00954803
cifar10,fixed_phase,512,373,0.70638557,0.00910018,0.99151439
cifar10,fixed_phase,512,374,0.71059168,0.03758827,0.99059649
cifar10,fixed_phase,512,375,0.69772129,0.02565331,0.99814043
cifar10,fixed_phase,512,376,0.70171279,0.09631638,1.00804295
cifar10,fixed_phase,512,377,0.70216604,0.01634717,1.00963136
cifar10,fixed_phase,512,378,0.70480154,0.00962576,0.99718487
cifar10,fixed_phase,512,379,0.70229804,0.0067666,0.99634422
cifar10,fixed_phase,512,380,0.70460407,0.05504104,1.00131296
cifar10,fixed_phase,512,381,0.71491931,0.06571519,0.99767936
cifar10,fixed_phase,512,382,0.70766122,0.01958467,0.99558396
cifar10,fixed_phase,512,383,0.72014166,0.01596662,1.01030368
cifar10,fixed_phase,512,384,0.70002356,0.05680273,0.97517845
cifar10,fixed_phase,512,385,0.70589985,0.06127061,1.0098986
cifar10,fixed_phase,512,386,0.71557946,0.05072483,0.99968733
cifar10,fixed_phase,512,387,0.70344285,0.0188705,0.99531289
cifar10,fixed_phase,512,388,0.70940738,0.02603493,0.9968275
cifar10,fixed_phase,512,389,0.70404051,0.09760322,1.01143777
cifar10,fixed_phase,512,390,0.70994901,0.02703573,1.00522253
cifar10,fixed_phase,512,391,0.70430132,0.00424484,1.0215759
cifar10,fixed_phase,512,392,0.71135962,0.06830942,1.0049622
cifar10,fixed_phase,512,393,0.70405129,0.0145133,0.98863327
cifar10,fixed_phase,512,394,0.70364812,0.01378549,0.98562903
cifar10,fixed_phase,512,395,0.71178452,0.0198666,0.98173061
cifar10,fixed_phase,512,396,0.7130889,0.06116168,0.99946325
cifar10,fixed_phase,512,397,0.7063625,0.1228254,0.99930459
cifar10,fixed_phase,512,398,0.70035676,0.02958485,0.99474325
cifar10,fixed_phase,512,399,0.71635719,0.0487799,1.01304209
cifar10,fixed_phase,512,400,0.71452837,0.01258817,1.00500926
cifar10,fixed_phase,512,401,0.70311708,0.05673953,1.01991449
cifar10,fixed_phase,512,402,0.70075803,0.02230874,0.99304
cifar10,fixed_phase,512,403,0.70304735,0.0020962,0.99623279
cifar10,fixed_phase,512,404,0.71395746,0.04080303,0.9822996
cifar10,fixed_phase,512,405,0.71347367,0.04249385,1.00077132
cifar10,fixed_phase,512,406,0.70061707,0.03819505,1.00535276
cifar10,fixed_phase,512,407,0.71155769,0.05594578,1.01248685
cifar10,fixed_phase,512,408,0.70841405,0.01783614,1.01298498
cifar10,fixed_phase,512,409,0.69791144,0.00123069,0.98482136
cifar10,fixed_phase,512,410,0.69423632,0.02102265,1.0163437
cifar10,fixed_phase,512,411,0.71378763,0.04538868,1.01404273
cifar10,fixed_phase,512,412,0.69887649,0.01912106,1.01880911
cifar10,fixed_phase,512,413,0.71348904,0.02399592,0.99323413
cifar10,fixed_phase,512,414,0.7139367,0.02567834,0.9834452
cifar10,fixed_phase,512,415,0.70508213,0.0903729,0.99179549
cifar10,fixed_phase,512,416,0.70750132,0.074045,1.02339931
cifar10,fixed_phase,512,417,0.69963763,0.05612363,0.96738749
cifar10,fixed_phase,512,418,0.70718073,0.05227415,1.00452313
cifar10,fixed_phase,512,419,0.70711427,0.00219808,1.01742071
cifar10,fixed_phase,512,420,0.70635004,0.00909602,0.98079597
cifar10,fixed_phase,512,421,0.70524123,0.0622112,1.02146115
cifar10,fixed_phase,512,422,0.7067523,0.02230931,1.01309787
cifar10,fixed_phase,512,423,0.71719515,0.01401676,1.00833272
cifar10,fixed_phase,512,424,0.70628981,0.07033654,1.007006
cifar10,fixed_phase,512,425,0.70472129,0.05472477,0.99238358
cifar10,fixed_phase,512,426,0.70559691,0.00328218,0.99981549
cifar10,fixed_phase,512,427,0.70148594,0.02375373,1.02359508
cifar10,fixed_phase,512,428,0.69874479,0.03062078,0.99649004
cifar10,fixed_phase,512,429,0.70654815,0.04283659,1.01793792
cifar10,fixed_phase,512,430,0.6955432,0.01288238,0.98440894
cifar10,fixed_phase,512,431,0.70433513,0.0004067,0.97041727
cifar10,fixed_phase,512,432,0.70882636,0.03610578,0.98829973
cifar10,fixed_phase,512,433,0.71113244,0.03137492,1.00977806
cifar10,fixed_phase,512,434,0.70514974,0.04619668,1.02027683
cifar10,fixed_phase,512,435,0.70023569,0.00272571,0.98606016
cifar10,fixed_phase,512,436,0.70508833,0.00030934,1.0089906
cifar10,fixed_phase,512,437,0.70511558,0.00748078,0.98861072
cifar10,fixed_phase,512,438,0.70553117,0.00862867,1.02327299
cifar10,fixed_phase,512,439,0.70749074,0.00527955,1.00046016
cifar10,fixed_phase,512,440,0.70057662,0.0251888,1.01176262
cifar10,fixed_phase,512,441,0.70436644,0.07029562,1.01493178
cifar10,fixed_phase,512,442,0.70858865,0.00645704,1.00964002
cifar10,fixed_phase,512,443,0.70881945,0.03771475,1.00819629
cifar10,fixed_phase,512,444,0.70785518,0.04418577,0.98099022
cifar10,fixed_phase,512,445,0.71325972,0.01643259,0.99742635
cifar10,fixed_phase,512,446,0.70579356,0.01690445,0.97888039
cifar10,fixed_phase,512,447,0.71389944,0.08696041,0.97864952
cifar10,fixed_phase,512,448,0.71032044,0.0202326,1.00611089
cifar10,fixed_phase,512,449,0.70785454,0.01311107,1.02475021
cifar10,fixed_phase,512,450,0.6972867,0.01498935,1.00856032
cifar10,fixed_phase,512,451,0.70187219,0.01624538,1.01280718
cifar10,fixed_phase,512,452,0.7058792,0.03663677,0.9742449
cifar10,fixed_phase,512,453,0.69740066,0.05185673,1.00046653
cifar10,fixed_phase,512,454,0.71212723,0.05929059,0.99844639
cifar10,fixed_phase,512,455,0.69470271,0.03308143,0.97847068
cifar10,fixed_phase,512,456,0.69933834,0.02924852,0.99502305
cifar10,fixed_phase,512,457,0.70243158,0.03767183,1.00043111
cifar10,fixed_phase,512,458,0.69993877,0.01096722,0.99596771
cifar10,fixed_phase,512,459,0.69801229,0.04980281,1.03858966
cifar10,fixed_phase,512,460,0.7196905,0.01756147,1.00274748
cifar10,fixed_phase,512,461,0.71111261,0.03008847,0.99766167
cifar10,fixed_phase,512,462,0.70064384,0.10671915,1.02343407
cifar10,fixed_phase,512,463,0.70566828,0.00349701,1.00288206
cifar10,fixed_phase,512,464,0.7262343,0.04116454,0.97881831
cifar10,fixed_phase,512,465,0.70951447,0.03621891,0.99391667
cifar10,fixed_phase,512,466,0.7122922,0.02716792,0.99973265
cifar10,fixed_phase,512,467,0.70816494,0.05656965,0.99078073
cifar10,fixed_phase,512,468,0.70854191,0.06033411,0.98194309
cifar10,fixed_phase,512,469,0.70454722,0.03227432,1.00603481
cifar10,fixed_phase,512,470,0.70488426,0.0288397,0.99046624
cifar10,fixed_phase,512,471,0.70624129,0.06325091,0.98531922
cifar10,fixed_phase,512,472,0.7005347,0.00704236,1.01123154
cifar10,fixed_phase,512,473,0.71389721,0.04266156,0.99297506
cifar10,fixed_phase,512,474,0.70764895,0.001346,0.99490435
cifar10,fixed_phase,512,475,0.71153699,0.02890891,1.0129272
cifar10,fixed_phase,512,476,0.71312967,0.08263064,0.99993292
cifar10,fixed_phase,512,477,0.69922017,0.01794392,1.00309054
cifar10,fixed_phase,512,478,0.71471001,0.01308969,0.98221533
cifar10,fixed_phase,512,479,0.69803534,0.08144945,0.986937
cifar10,fixed_phase,512,480,0.71199577,0.04942324,0.99254337
cifar10,fixed_phase,512,481,0.70141275,0.00555861,1.01416189
cifar10,fixed_phase,512,482,0.70325484,0.02145753,1.01880172
cifar10,fixed_phase,512,483,0.70481508,0.11402996,0.99912135
cifar10,fixed_phase,512,484,0.71365269,0.00287548,1.01523638
cifar10,fixed_phase,512,485,0.70271163,0.03714289,1.00449373
cifar10,fixed_phase,512,486,0.71187125,0.00530692,1.00774523
cifar10,fixed_phase,512,487,0.7091852,0.02737119,0.98146568
cifar10,fixed_phase,512,488,0.69698389,0.05073242,1.00053312
cifar10,fixed_phase,512,489,0.70725467,0.02317637,1.00861872
cifar10,fixed_phase,512,490,0.70102328,0.03492948,0.98993074
cifar10,fixed_phase,512,491,0.69886741,0.00745275,0.99958944
cifar10,fixed_phase,512,492,0.70395731,0.0556081,1.01441657
cifar10,fixed_phase,512,493,0.70814251,0.03425781,0.97741327
cifar10,fixed_phase,512,494,0.70745022,0.01638468,0.99053045
cifar10,fixed_phase,512,495,0.70898406,0.01421813,0.96987349
cifar10,fixed_phase,512,496,0.70994418,0.01719737,1.0105524
cifar10,fixed_phase,512,497,0.70361236,0.0354278,1.018009
cifar10,fixed_phase,512,498,0.70454747,0.0148268,1.00488665
cifar10,fixed_phase,512,499,0.70286739,0.05792528,1.01605257
cifar10,fixed_phase,512,500,0.70608937,0.08440699,0.98617155
cifar10,fixed_phase,512,501,0.70637853,0.00995779,0.9846885
cifar10,fixed_phase,512,502,0.70012118,0.04770688,1.02296531
cifar10,fixed_phase,512,503,0.70610723,0.03034497,0.98394874
cifar10,fixed_phase,512,504,0.71523849,0.0406313,0.99656461
cifar10,fixed_phase,512,505,0.70597872,0.00275666,0.98950304
cifar10,fixed_phase,512,506,0.70143119,0.02625403,1.01431928
cifar10,fixed_phase,512,507,0.70831161,0.04555954,1.01733836
cifar10,fixed_phase,512,508,0.69748865,0.00292105,0.99021468
cifar10,fixed_phase,512,509,0.71515901,0.06248183,0.97510598
cifar10,fixed_phase,512,510,0.71341401,0.03795988,1.00450732
cifar10,fixed_phase,512,511,0.70348992,0.03015571,1.02623676
cifar10,fixed_phase,512,512,0.71072044,0.04840803,0.98236959
cifar10,fixed_phase,512,513,0.71170592,0.00695296,0.97376017
cifar10,fixed_phase,512,514,0.70801424,0.03622214,0.99655045
cifar10,fixed_phase,512,515,0.72997227,0.05596858,1.02419771
cifar10,fixed_phase,512,516,0.71156587,0.00479434,0.96336894
cifar10,fixed_phase,512,517,0.70919256,0.00282462,1.0094572
cifar10,fixed_phase,512,518,0.71458838,0.05896569,0.97821531
cifar10,fixed_phase,512,519,0.70932779,0.04215294,0.96772471
cifar10,fixed_phase,512,520,0.70368642,0.01961039,0.99363639
cifar10,fixed_phase,512,521,0.7015125,0.00730265,0.98905257
cifar10,fixed_phase,512,522,0.70619533,0.0052562,1.01170687
cifar10,fixed_phase,512,523,0.71202031,0.0337187,1.00485516
cifar10,fixed_phase,512,524,0.7058102,0.02738945,1.01847149
cifar10,fixed_phase,512,525,0.70311817,0.00637629,1.03396443
cifar10,fixed_phase,512,526,0.71050153,0.01834792,0.98235422
cifar10,fixed_phase,512,527,0.70704573,0.00993497,0.97884807
cifar10,fixed_phase,512,528,0.70812641,0.00645946,0.98993703
cifar10,fixed_phase,512,529,0.71085566,0.01211561,0.97967486
cifar10,fixed_phase,512,530,0.702475,0.06712115,0.99037411
cifar10,fixed_phase,512,531,0.69337285,0.11306786,1.03774023
cifar10,fixed_phase,512,532,0.70938121,0.03208117,1.00406749
cifar10,fixed_phase,512,533,0.70773469,0.01597176,1.02496924
cifar10,fixed_phase,512,534,0.70535146,0.06925541,1.01042491
cifar10,fixed_phase,512,535,0.708569,0.01281261,0.99981281
cifar10,fixed_phase,512,536,0.70469912,0.02810466,0.97425763
cifar10,fixed_phase,512,537,0.70912325,0.07036071,0.98988823
cifar10,fixed_phase,512,538,0.69571265,0.04735527,0.98909986
cifar10,fixed_phase,512,539,0.7007864,0.00552975,1.01254158
cifar10,fixed_phase,512,540,0.69967607,0.01854685,0.97874798
cifar10,fixed_phase,512,541,0.70700313,0.04366374,0.9853634
cifar10,fixed_phase,512,542,0.70615561,0.04198026,0.97911004
cifar10,fixed_phase,512,543,0.70903743,0.0497376,0.99338558
cifar10,fixed_phase,512,544,0.70816748,0.03644421,0.98897911
cifar10,fixed_phase,512,545,0.69845264,0.00664255,1.00836806
cifar10,fixed_phase,512,546,0.70790987,0.00604069,0.99394853
cifar10,fixed_phase,512,547,0.70432919,0.05105043,0.96408112
cifar10,fixed_phase,512,548,0.7112384,0.01219761,1.01961545
cifar10,fixed_phase,512,549,0.70583288,0.01577674,0.98836602
cifar10,fixed_phase,512,550,0.70974314,0.05126397,0.99693986
cifar10,fixed_phase,512,551,0.71154742,0.04295894,1.01565647
cifar10,fixed_phase,512,552,0.70187094,0.0390611,1.02211397
cifar10,fixed_phase,512,553,0.70787799,0.06965055,1.02111928
cifar10,fixed_phase,512,554,0.72127062,0.00050147,0.97888683
cifar10,fixed_phase,512,555,0.70884466,0.07133503,0.98991389
cifar10,fixed_phase,512,556,0.70881679,0.01255081,1.00532163
cifar10,fixed_phase,512,557,0.71660324,0.06690941,0.99965814
cifar10,fixed_phase,512,558,0.69999019,0.03967952,0.98875391
cifar10,fixed_phase,512,559,0.69442789,0.03369567,0.99060893
cifar10,fixed_phase,512,560,0.71164334,0.01147022,0.9917312
cifar10,fixed_phase,512,561,0.70302675,0.08896539,0.9906393
cifar10,fixed_phase,512,562,0.70639745,0.04410436,0.99425447
cifar10,fixed_phase,512,563,0.70201993,0.00991372,0.98972402
cifar10,fixed_phase,512,564,0.70789074,0.03252151,1.00390849
cifar10,fixed_phase,512,565,0.70584062,0.0255735,0.99144237
cifar10,fixed_phase,512,566,0.70016052,0.0318424,0.99641244
cifar10,fixed_phase,512,567,0.7048988,0.0452677,1.00920989
cifar10,fixed_phase,512,568,0.70174468,0.0553569,1.01798672
cifar10,fixed_phase,512,569,0.70456538,0.07536528,0.97279229
cifar10,fixed_phase,512,570,0.71113229,0.03699679,0.99215806
cifar10,fixed_phase,512,571,0.70965,0.00950018,1.01916582
cifar10,fixed_phase,512,572,0.70740672,0.00791715,1.01710458
cifar10,fixed_phase,512,573,0.71803271,0.04102435,0.99144031
cifar10,fixed_phase,512,574,0.70422133,0.03656357,1.02553709
cifar10,fixed_phase,512,575,0.7045604,0.00546205,1.01878951
cifar10,fixed_phase,512,576,0.69639831,0.04665056,1.02712197
cifar10,fixed_phase,512,577,0.70845462,0.11180405,0.99541989
cifar10,fixed_phase,512,578,0.70807666,0.06074036,0.97611732
cifar10,fixed_phase,512,579,0.70544821,0.00589329,0.98164562
cifar10,fixed_phase,512,580,0.70560826,0.05310248,1.00669301
cifar10,fixed_phase,512,581,0.70483988,0.022524,1.00028848
cifar10,fixed_phase,512,582,0.70567933,0.01529642,1.00614049
cifar10,fixed_phase,512,583,0.70188736,0.09315747,0.98649556
cifar10,fixed_phase,512,584,0.70867917,0.02624269,0.99907658
cifar10,fixed_phase,512,585,0.70868039,0.00198828,0.96760077
cifar10,fixed_phase,512,586,0.69877114,0.02574204,0.98846899
cifar10,fixed_phase,512,587,0.69987192,0.01644208,0.97622087
cifar10,fixed_phase,512,588,0.71291763,0.11242244,0.98327298
cifar10,fixed_phase,512,589,0.70982706,0.00227847,1.01517598
cifar10,fixed_phase,512,590,0.70221866,0.0083179,1.00969643
cifar10,fixed_phase,512,591,0.70807889,0.02918287,1.02028961
cifar10,fixed_phase,512,592,0.70170672,0.03704973,0.97931706
cifar10,fixed_phase,512,593,0.69995989,0.02918951,0.98577104
cifar10,fixed_phase,512,594,0.71836482,0.04548794,1.0004777
cifar10,fixed_phase,512,595,0.70932492,0.00966535,0.99322594
cifar10,fixed_phase,512,596,0.70877602,0.0037793,0.99312145
cifar10,fixed_phase,512,597,0.70950797,0.05558117,0.99124599
cifar10,fixed_phase,512,598,0.70560816,0.03020559,0.99850948
cifar10,fixed_phase,512,599,0.71205655,0.01820854,0.98335116
cifar10,fixed_phase,512,600,0.71042559,0.0360589,0.99707653
cifar10,fixed_phase,512,601,0.70958498,0.0378141,1.00769541
cifar10,fixed_phase,512,602,0.70575409,0.04908343,0.99480176
cifar10,fixed_phase,512,603,0.70382465,0.05098037,1.00572789
cifar10,fixed_phase,512,604,0.71313613,0.07352115,0.99781942
cifar10,fixed_phase,512,605,0.70711017,0.05707504,0.98414672
cifar10,fixed_phase,512,606,0.71168324,0.07253785,0.99524687
cifar10,fixed_phase,512,607,0.71345281,0.04691897,0.98327899
cifar10,fixed_phase,512,608,0.70688739,0.02333378,0.98187907
cifar10,fixed_phase,512,609,0.7019728,0.02053216,1.0173884
cifar10,fixed_phase,512,610,0.70751925,0.04185597,0.99615449
cifar10,fixed_phase,512,611,0.70558891,0.01636348,0.97580782
cifar10,fixed_phase,512,612,0.69886902,0.06559949,1.02728994
cifar10,fixed_phase,512,613,0.68829183,0.04745927,1.00110868
cifar10,fixed_phase,512,614,0.6968705,0.03634471,0.99834075
cifar10,fixed_phase,512,615,0.70655286,0.00093651,0.98132141
cifar10,fixed_phase,512,616,0.70179133,0.01370075,1.00288506
cifar10,fixed_phase,512,617,0.70599582,0.02616159,0.99389928
cifar10,fixed_phase,512,618,0.70227839,0.02826425,1.0192371
cifar10,fixed_phase,512,619,0.71019238,0.02810385,1.012283
cifar10,fixed_phase,512,620,0.70501936,0.01987755,1.02839818
cifar10,fixed_phase,512,621,0.69818045,0.04467882,1.00733409
cifar10,fixed_phase,512,622,0.70204313,0.07576395,1.00373838
cifar10,fixed_phase,512,623,0.70856472,0.00017532,1.0042187
cifar10,fixed_phase,512,624,0.71458478,0.04080941,0.99720376
cifar10,fixed_phase,512,625,0.71295699,0.07649543,0.98785344
cifar10,fixed_phase,512,626,0.70453078,0.09477801,0.99825345
cifar10,fixed_phase,512,627,0.6994462,0.08300051,1.00901538
cifar10,fixed_phase,512,628,0.70497769,0.00095189,1.00856688
cifar10,fixed_phase,512,629,0.69846859,5.051e-05,1.02018688
cifar10,fixed_phase,512,630,0.70386211,0.05545926,0.99407796
cifar10,fixed_phase,512,631,0.71879114,0.0355104,0.99070198
cifar10,fixed_phase,512,632,0.71116144,0.00384329,0.98441944
cifar10,fixed_phase,512,633,0.71521906,0.03858534,0.98177009
cifar10,fixed_phase,512,634,0.70599496,0.03015825,1.01169686
cifar10,fixed_phase,512,635,0.70870636,0.00574715,0.99722649
cifar10,fixed_phase,512,636,0.70712442,0.06213817,0.99440112
cifar10,fixed_phase,512,637,0.70886445,0.02889598,0.99843506
cifar10,fixed_phase,512,638,0.70505012,0.06811706,1.00346727
cifar10,fixed_phase,512,639,0.7001122,0.09632784,0.97815795
cifar10,fixed_phase,512,640,0.70579437,0.06005109,1.002872
cifar10,fixed_phase,512,641,0.71038016,0.03071844,0.98088927
cifar10,fixed_phase,512,642,0.71185149,0.00692299,1.01067213
cifar10,fixed_phase,512,643,0.69996197,0.08427099,1.00351768
cifar10,fixed_phase,512,644,0.70104773,0.06562532,1.02000116
cifar10,fixed_phase,512,645,0.6985639,0.02318514,1.00960781
cifar10,fixed_phase,512,646,0.70864063,0.00765527,1.03830003
cifar10,fixed_phase,512,647,0.71669563,0.04583875,0.99039966
cifar10,fixed_phase,512,648,0.69858156,0.06140305,1.01401876
cifar10,fixed_phase,512,649,0.70639743,0.06544702,1.02226905
cifar10,fixed_phase,512,650,0.69526518,0.01955784,1.01065003
cifar10,fixed_phase,512,651,0.71269176,0.0290657,1.01104642
cifar10,fixed_phase,512,652,0.6933508,0.03328641,0.98423887
cifar10,fixed_phase,512,653,0.70648095,0.01629091,0.99096593
cifar10,fixed_phase,512,654,0.70616907,0.00290668,1.01454584
cifar10,fixed_phase,512,655,0.70968202,0.07177773,0.98083643
cifar10,fixed_phase,512,656,0.71052306,0.00834039,1.01612232
cifar10,fixed_phase,512,657,0.70871327,0.06552579,0.99892962
cifar10,fixed_phase,512,658,0.70418383,0.01425263,0.99741244
cifar10,fixed_phase,512,659,0.70308776,0.04736349,1.0277818
cifar10,fixed_phase,512,660,0.70317077,0.03725529,1.01186349
cifar10,fixed_phase,512,661,0.70312873,0.05556962,0.99174476
cifar10,fixed_phase,512,662,0.70459888,0.05033348,0.97822101
cifar10,fixed_phase,512,663,0.69855766,0.05642085,1.01234591
cifar10,fixed_phase,512,664,0.71290743,0.00629152,0.95799765
cifar10,fixed_phase,512,665,0.69408655,0.09816005,1.00101059
cifar10,fixed_phase,512,666,0.70873815,0.07107148,0.9893331
cifar10,fixed_phase,512,667,0.69906168,0.01335148,1.01831861
cifar10,fixed_phase,512,668,0.69928265,0.01823021,1.00118195
cifar10,fixed_phase,512,669,0.71300024,0.1068528,1.00837773
cifar10,fixed_phase,512,670,0.71284408,0.02996892,1.00612757
cifar10,fixed_phase,512,671,0.6997743,0.05991201,1.0082407
cifar10,fixed_phase,512,672,0.70960095,0.0119811,1.01822007
cifar10,fixed_phase,512,673,0.69613337,0.05727506,0.96845698
cifar10,fixed_phase,512,674,0.71113413,0.07697532,0.97981897
cifar10,fixed_phase,512,675,0.70745416,0.01409818,1.01390605
cifar10,fixed_phase,512,676,0.70403281,0.01969816,0.99333646
cifar10,fixed_phase,512,677,0.71057051,0.06087726,1.00287327
cifar10,fixed_phase,512,678,0.70243843,0.02776351,1.02638275
cifar10,fixed_phase,512,679,0.70265207,0.06528189,0.9923408
cifar10,fixed_phase,512,680,0.70006489,0.05007339,0.99287761
cifar10,fixed_phase,512,681,0.70591276,0.02692897,0.97884134
cifar10,fixed_phase,512,682,0.70706305,0.02500707,1.0318637
cifar10,fixed_phase,512,683,0.70514015,0.0482059,0.97834764
cifar10,fixed_phase,512,684,0.7084301,0.11777347,1.00048896
cifar10,fixed_phase,512,685,0.71203279,0.09252006,1.02157586
cifar10,fixed_phase,512,686,0.70333091,0.03569807,0.98995321
cifar10,fixed_phase,512,687,0.71027961,0.01627632,1.03118944
cifar10,fixed_phase,512,688,0.70909789,0.02603942,1.00636003
cifar10,fixed_phase,512,689,0.69252299,0.0121886,1.02581753
cifar10,fixed_phase,512,690,0.70248555,0.06533948,1.01538849
cifar10,fixed_phase,512,691,0.69721311,0.0188104,0.98951972
cifar10,fixed_phase,512,692,0.71420719,0.04537089,1.00985771
cifar10,fixed_phase,512,693,0.70076871,0.0998935,1.00530646
cifar10,fixed_phase,512,694,0.71086076,0.04240034,1.02675736
cifar10,fixed_phase,512,695,0.70700779,0.06640878,0.99205416
cifar10,fixed_phase,512,696,0.69946455,0.08181204,1.00988016
cifar10,fixed_phase,512,697,0.70906012,0.1022942,0.99694095
cifar10,fixed_phase,512,698,0.70682423,0.0326512,1.01268153
cifar10,fixed_phase,512,699,0.70341068,0.00674053,0.98446841
cifar10,fixed_phase,512,700,0.70622635,0.03932473,1.00689717
cifar10,fixed_phase,512,701,0.70497312,0.01223951,0.99364937
cifar10,fixed_phase,512,702,0.70476391,0.06021733,1.00867968
cifar10,fixed_phase,512,703,0.69756013,0.08434948,1.00541107
cifar10,fixed_phase,512,704,0.71262533,0.0100803,1.00166404
cifar10,fixed_phase,512,705,0.70072322,0.0103286,0.98602203
cifar10,fixed_phase,512,706,0.7074312,0.02615217,1.01997294
cifar10,fixed_phase,512,707,0.70711067,0.00795866,0.99773413
cifar10,fixed_phase,512,708,0.70564084,0.02135329,0.99761194
cifar10,fixed_phase,512,709,0.69651402,0.05569873,1.01463101
cifar10,fixed_phase,512,710,0.7049445,0.08339835,0.9900355
cifar10,fixed_phase,512,711,0.70605914,0.0147902,1.00880305
cifar10,fixed_phase,512,712,0.71597693,0.02825179,0.98109949
cifar10,fixed_phase,512,713,0.7113534,0.03846485,1.00004081
cifar10,fixed_phase,512,714,0.69568369,0.05358945,0.99593007
cifar10,fixed_phase,512,715,0.70749357,0.03136577,1.00002781
cifar10,fixed_phase,512,716,0.7087996,0.06934542,1.006169
cifar10,fixed_phase,512,717,0.71051248,0.06026646,0.99486857
cifar10,fixed_phase,512,718,0.69745854,0.02454657,1.02183424
cifar10,fixed_phase,512,719,0.69610189,0.07141559,0.99038026
cifar10,fixed_phase,512,720,0.7179258,0.01503666,1.01738507
cifar10,fixed_phase,512,721,0.70536488,0.00361304,1.00600368
cifar10,fixed_phase,512,722,0.71596976,0.15465878,1.02783328
cifar10,fixed_phase,512,723,0.69983981,0.04016068,1.00009254
cifar10,fixed_phase,512,724,0.71052592,0.0374405,0.98480475
cifar10,fixed_phase,512,725,0.71615404,0.01751564,0.99547468
cifar10,fixed_phase,512,726,0.7052633,0.07361986,0.99090164
cifar10,fixed_phase,512,727,0.70684908,0.0185722,1.00892892
cifar10,fixed_phase,512,728,0.71145688,0.03997911,0.97974415
cifar10,fixed_phase,512,729,0.71407614,0.03341523,0.99555307
cifar10,fixed_phase,512,730,0.69900805,0.00235059,0.99050401
cifar10,fixed_phase,512,731,0.70098616,0.0095193,1.00233982
cifar10,fixed_phase,512,732,0.70457962,0.01369213,1.01172488
cifar10,fixed_phase,512,733,0.71622524,0.01210096,0.98279211
cifar10,fixed_phase,512,734,0.71034348,0.002529,0.98992133
cifar10,fixed_phase,512,735,0.71416574,0.04908991,1.01658979
cifar10,fixed_phase,512,736,0.70211689,0.05247431,1.00696632
cifar10,fixed_phase,512,737,0.71994073,0.04866537,1.00353146
cifar10,fixed_phase,512,738,0.70348155,0.01709288,0.99725292
cifar10,fixed_phase,512,739,0.70216617,0.04672319,1.00484514
cifar10,fixed_phase,512,740,0.70938048,0.02199572,0.98871921
cifar10,fixed_phase,512,741,0.70302712,0.01053594,0.99506126
cifar10,fixed_phase,512,742,0.69447411,0.03154652,1.01236867
cifar10,fixed_phase,512,743,0.71627451,0.0472106,1.01405317
cifar10,fixed_phase,512,744,0.69982897,0.11014644,0.98682936
cifar10,fixed_phase,512,745,0.70979317,0.02631991,1.01431345
cifar10,fixed_phase,512,746,0.70467351,0.0733001,1.01745627
cifar10,fixed_phase,512,747,0.7038062,0.0652792,1.01327529
cifar10,fixed_phase,512,748,0.70498777,0.02329264,0.99513507
cifar10,fixed_phase,512,749,0.70776367,0.07663448,1.0222265
cifar10,fixed_phase,512,750,0.70968399,0.05711744,1.01529408
cifar10,fixed_phase,512,751,0.71187638,0.12146129,0.99047819
cifar10,fixed_phase,512,752,0.7078279,0.01194122,1.02028676
cifar10,fixed_phase,512,753,0.70791261,0.00953853,1.00642342
cifar10,fixed_phase,512,754,0.70875108,0.07065008,0.99698946
cifar10,fixed_phase,512,755,0.70981309,0.0411405,1.0042665
cifar10,fixed_phase,512,756,0.69801242,0.02308645,1.01042823
cifar10,fixed_phase,512,757,0.70659264,0.00923034,0.99986263
cifar10,fixed_phase,512,758,0.70842885,0.04591421,1.00265121
cifar10,fixed_phase,512,759,0.70161429,0.02339958,0.99169232
cifar10,fixed_phase,512,760,0.71624192,0.01450437,0.98700785
cifar10,fixed_phase,512,761,0.71518005,0.05828616,0.99250805
cifar10,fixed_phase,512,762,0.71285661,0.03585097,0.98245768
cifar10,fixed_phase,512,763,0.70282885,0.05500257,0.97952918
cifar10,fixed_phase,512,764,0.70997906,0.0705994,1.00751314
cifar10,fixed_phase,512,765,0.70741807,0.01332185,1.01217292
cifar10,fixed_phase,512,766,0.69413287,0.01038714,1.00480812
cifar10,fixed_phase,512,767,0.70875936,0.04467757,0.99376784
cifar10,fixed_phase,512,768,0.71188485,0.11856999,0.99420089
cifar10,fixed_phase,512,769,0.70694177,0.00257438,0.98932326
cifar10,fixed_phase,512,770,0.71911625,0.02025304,1.01146759
cifar10,fixed_phase,512,771,0.70960624,0.02758033,0.99531722
cifar10,fixed_phase,512,772,0.70852289,0.01604099,1.02246746
cifar10,fixed_phase,512,773,0.71037023,0.00934311,0.98213885
cifar10,fixed_phase,512,774,0.70738493,0.05372443,0.97503015
cifar10,fixed_phase,512,775,0.70756627,0.10204093,0.97865502
cifar10,fixed_phase,512,776,0.71010322,0.0457453,0.99815266
cifar10,fixed_phase,512,777,0.70348498,0.0271837,1.00265116
cifar10,fixed_phase,512,778,0.70477322,0.11477305,1.02164231
cifar10,fixed_phase,512,779,0.70848981,0.0402423,1.0055088
cifar10,fixed_phase,512,780,0.70625646,0.01644807,0.99021314
cifar10,fixed_phase,512,781,0.70872833,0.04340237,1.0001612
cifar10,fixed_phase,512,782,0.70887592,0.0562014,0.98289931
cifar10,fixed_phase,512,783,0.70520876,0.01995805,0.99800841
cifar10,fixed_phase,512,784,0.71847227,0.02128254,1.00428921
cifar10,fixed_phase,512,785,0.70665617,0.04039886,1.00218651
cifar10,fixed_phase,512,786,0.70567121,0.05053925,1.00061338
cifar10,fixed_phase,512,787,0.69536412,0.02101246,0.96076853
cifar10,fixed_phase,512,788,0.71088005,0.04737089,0.97373959
cifar10,fixed_phase,512,789,0.70602639,0.09088233,1.00361904
cifar10,fixed_phase,512,790,0.71612381,0.00122516,1.01858777
cifar10,fixed_phase,512,791,0.70750354,0.10546812,1.01472058
cifar10,fixed_phase,512,792,0.70432362,0.06503585,0.97604435
cifar10,fixed_phase,512,793,0.70469296,0.04468964,1.02226548
cifar10,fixed_phase,512,794,0.71019193,0.00032657,0.99082441
cifar10,fixed_phase,512,795,0.6978535,0.03444071,1.00088391
cifar10,fixed_phase,512,796,0.71044584,0.00629009,0.99146727
cifar10,fixed_phase,512,797,0.70669887,0.04939704,1.00450352
cifar10,fixed_phase,512,798,0.70945549,0.06963508,0.99352052
cifar10,fixed_phase,512,799,0.71310242,0.02275578,1.00021596
cifar10,fixed_phase,512,800,0.70508621,0.0254857,1.0190735
cifar10,fixed_phase,512,801,0.72213157,0.04524783,0.99576333
cifar10,fixed_phase,512,802,0.69445735,0.01101842,0.98349254
cifar10,fixed_phase,512,803,0.71248735,0.01289415,1.00648004
cifar10,fixed_phase,512,804,0.70907961,0.02476729,0.97876062
cifar10,fixed_phase,512,805,0.70487403,0.03978023,1.00752278
cifar10,fixed_phase,512,806,0.70778951,0.06942715,0.9823576
cifar10,fixed_phase,512,807,0.70228124,0.01828424,1.00502879
cifar10,fixed_phase,512,808,0.70171971,0.04539098,0.99380218
cifar10,fixed_phase,512,809,0.71273373,0.09262961,1.00992834
cifar10,fixed_phase,512,810,0.71039308,0.0954447,1.02805225
cifar10,fixed_phase,512,811,0.70742451,0.07711704,1.00363221
cifar10,fixed_phase,512,812,0.69779584,0.04055619,1.02098777
cifar10,fixed_phase,512,813,0.70208881,0.05361155,1.01613006
cifar10,fixed_phase,512,814,0.70386099,0.01324243,1.00360051
cifar10,fixed_phase,512,815,0.71264636,0.06777479,1.01296478
cifar10,fixed_phase,512,816,0.69392405,0.01738257,1.0082251
cifar10,fixed_phase,512,817,0.69801529,0.04477807,1.00762865
cifar10,fixed_phase,512,818,0.69992064,0.14137933,0.98793799
cifar10,fixed_phase,512,819,0.70898797,0.08901761,1.00430334
cifar10,fixed_phase,512,820,0.71024281,0.00910755,0.97277673
cifar10,fixed_phase,512,821,0.70102579,0.06784566,0.98561861
cifar10,fixed_phase,512,822,0.69810865,0.01556142,0.9957281
cifar10,fixed_phase,512,823,0.71176963,0.0015879,0.98823167
cifar10,fixed_phase,512,824,0.7046239,0.0888242,1.02810108
cifar10,fixed_phase,512,825,0.7123512,0.07083851,1.00802988
cifar10,fixed_phase,512,826,0.71043323,0.0489249,1.0117556
cifar10,fixed_phase,512,827,0.71539969,0.01061283,0.99861227
cifar10,fixed_phase,512,828,0.70384113,0.031051,0.99295964
cifar10,fixed_phase,512,829,0.70976811,0.04015284,0.99033036
cifar10,fixed_phase,512,830,0.69701262,0.04248025,0.98959344
cifar10,fixed_phase,512,831,0.70851122,0.09032911,0.98080636
cifar10,fixed_phase,512,832,0.7122907,0.03010957,1.00268194
cifar10,fixed_phase,512,833,0.71452411,0.04075623,0.96841857
cifar10,fixed_phase,512,834,0.69948028,0.01694945,0.99554051
cifar10,fixed_phase,512,835,0.70512157,0.03216683,1.01149576
cifar10,fixed_phase,512,836,0.71393391,0.0676781,1.0050373
cifar10,fixed_phase,512,837,0.70647526,0.03316676,1.00192759
cifar10,fixed_phase,512,838,0.70486107,0.04702275,0.99217912
cifar10,fixed_phase,512,839,0.69714611,0.01780777,0.99448587
cifar10,fixed_phase,512,840,0.71012326,0.00696233,1.032271
cifar10,fixed_phase,512,841,0.70611857,0.056853,0.97540562
cifar10,fixed_phase,512,842,0.69627985,0.10113801,0.97413857
cifar10,fixed_phase,512,843,0.69798381,0.03977241,0.98507317
cifar10,fixed_phase,512,844,0.70415925,0.04697,0.99444161
cifar10,fixed_phase,512,845,0.70916016,0.02090121,0.99103994
cifar10,fixed_phase,512,846,0.70288495,0.02094655,0.98716525
cifar10,fixed_phase,512,847,0.70104147,0.07318314,0.99744763
cifar10,fixed_phase,512,848,0.7076803,0.01422456,0.99803474
cifar10,fixed_phase,512,849,0.71467393,0.00190864,0.99559868
cifar10,fixed_phase,512,850,0.71034371,0.08582332,0.99175683
cifar10,fixed_phase,512,851,0.70083199,0.00265047,1.02041016
cifar10,fixed_phase,512,852,0.70471593,0.03039544,0.99664574
cifar10,fixed_phase,512,853,0.70516954,0.0365122,0.97344426
cifar10,fixed_phase,512,854,0.70050707,0.05017185,0.98313178
cifar10,fixed_phase,512,855,0.70574258,0.12907516,0.99935058
cifar10,fixed_phase,512,856,0.70673969,0.05628598,1.01137886
cifar10,fixed_phase,512,857,0.70394245,0.09307978,1.01477661
cifar10,fixed_phase,512,858,0.70763139,0.01233596,1.01731718
cifar10,fixed_phase,512,859,0.70027036,0.01319013,0.98275333
cifar10,fixed_phase,512,860,0.7020649,0.03849497,0.99219567
cifar10,fixed_phase,512,861,0.70218441,0.0486025,0.99822517
cifar10,fixed_phase,512,862,0.7195182,0.06239499,1.00196112
cifar10,fixed_phase,512,863,0.71842918,0.08208996,1.01466642
cifar10,fixed_phase,512,864,0.70305054,0.09499008,0.98678565
cifar10,fixed_phase,512,865,0.70669757,0.04151852,1.02483849
cifar10,fixed_phase,512,866,0.71311002,0.05336905,0.98881751
cifar10,fixed_phase,512,867,0.70527031,0.11653041,0.99727197
cifar10,fixed_phase,512,868,0.69929837,0.01340631,1.00133312
cifar10,fixed_phase,512,869,0.71273418,0.01798397,1.00495962
cifar10,fixed_phase,512,870,0.71345158,0.01606909,1.00385486
cifar10,fixed_phase,512,871,0.7163275,0.00332772,0.96608302
cifar10,fixed_phase,512,872,0.70077561,0.00526111,0.99515251
cifar10,fixed_phase,512,873,0.70004187,0.01598637,0.99180737
cifar10,fixed_phase,512,874,0.70591445,0.01859288,1.010596
cifar10,fixed_phase,512,875,0.70964583,0.05772779,1.01042305
cifar10,fixed_phase,512,876,0.71416739,0.02757203,1.03207165
cifar10,fixed_phase,512,877,0.71543949,0.0276683,1.02529551
cifar10,fixed_phase,512,878,0.71129693,0.03494288,0.99908994
cifar10,fixed_phase,512,879,0.71749161,0.04492919,0.99304119
cifar10,fixed_phase,512,880,0.70812218,0.01384928,0.97957839
cifar10,fixed_phase,512,881,0.70288255,0.01758384,0.9862134
cifar10,fixed_phase,512,882,0.69910186,0.02541071,0.98648198
cifar10,fixed_phase,512,883,0.7087141,0.03468919,1.00795781
cifar10,fixed_phase,512,884,0.7060187,0.05374356,1.02509315
cifar10,fixed_phase,512,885,0.71020724,0.01193932,1.00677517
cifar10,fixed_phase,512,886,0.71101967,0.04704678,1.00562079
cifar10,fixed_phase,512,887,0.70734789,0.03488024,1.01697201
cifar10,fixed_phase,512,888,0.70435157,0.10393261,0.98338411
cifar10,fixed_phase,512,889,0.70623612,0.02779437,1.00258782
cifar10,fixed_phase,512,890,0.71608666,0.04434646,0.99958149
cifar10,fixed_phase,512,891,0.71602261,0.01530542,1.00488279
cifar10,fixed_phase,512,892,0.69891207,0.02400608,0.99009153
cifar10,fixed_phase,512,893,0.70363633,0.04975176,1.00119244
cifar10,fixed_phase,512,894,0.70258716,0.03680753,1.01258262
cifar10,fixed_phase,512,895,0.70924459,0.0329613,0.99977874
cifar10,fixed_phase,512,896,0.7045998,0.01375638,0.99156319
cifar10,fixed_phase,512,897,0.71213518,0.14558671,0.99295735
cifar10,fixed_phase,512,898,0.70292156,0.0233919,0.97521963
cifar10,fixed_phase,512,899,0.70996235,0.06632181,1.01883062
cifar10,fixed_phase,512,900,0.71083914,0.01886089,1.0035412
cifar10,fixed_phase,512,901,0.70013733,0.04924845,1.0050816
cifar10,fixed_phase,512,902,0.70058049,0.0138825,0.98204807
cifar10,fixed_phase,512,903,0.70174766,0.00804017,0.96988264
cifar10,fixed_phase,512,904,0.72034472,0.02663292,0.99111295
cifar10,fixed_phase,512,905,0.69972306,0.01547474,1.01005926
cifar10,fixed_phase,512,906,0.70661705,0.04740347,1.01414364
cifar10,fixed_phase,512,907,0.70272384,0.00493077,0.98636611
cifar10,fixed_phase,512,908,0.69541436,0.01496952,0.97423584
cifar10,fixed_phase,512,909,0.71155382,0.01960588,0.99803587
cifar10,fixed_phase,512,910,0.70544599,0.09154352,1.01407228
cifar10,fixed_phase,512,911,0.71208411,0.08780535,1.00202221
cifar10,fixed_phase,512,912,0.70606657,0.01569008,0.96910079
cifar10,fixed_phase,512,913,0.69342003,0.00352727,1.01116742
cifar10,fixed_phase,512,914,0.70614448,0.00220757,1.00198054
cifar10,fixed_phase,512,915,0.69772663,0.04946312,0.98676234
cifar10,fixed_phase,512,916,0.69932298,0.04456212,0.99005885
cifar10,fixed_phase,512,917,0.71988194,0.04240932,1.02651909
cifar10,fixed_phase,512,918,0.70166442,0.01056372,1.01377779
cifar10,fixed_phase,512,919,0.70529507,0.0284816,1.00849625
cifar10,fixed_phase,512,920,0.71172274,0.04899686,1.01060292
cifar10,fixed_phase,512,921,0.70860107,0.10737835,1.01583202
cifar10,fixed_phase,512,922,0.70281828,0.00229321,1.0268642
cifar10,fixed_phase,512,923,0.71255312,0.03595883,0.98814519
cifar10,fixed_phase,512,924,0.70686152,0.10264576,1.02339446
cifar10,fixed_phase,512,925,0.71578501,0.08699756,0.98888898
cifar10,fixed_phase,512,926,0.7043866,0.03149649,0.96994552
cifar10,fixed_phase,512,927,0.69784605,0.00230059,0.99932498
cifar10,fixed_phase,512,928,0.71218474,0.04468393,1.00054279
cifar10,fixed_phase,512,929,0.69839125,0.05149752,0.9894099
cifar10,fixed_phase,512,930,0.70280512,0.10850519,1.01865393
cifar10,fixed_phase,512,931,0.71187937,0.00596449,0.98789428
cifar10,fixed_phase,512,932,0.7034837,0.00801442,1.00763729
cifar10,fixed_phase,512,933,0.70051176,0.01746424,0.97440641
cifar10,fixed_phase,512,934,0.69569418,0.03160832,1.00022386
cifar10,fixed_phase,512,935,0.6999978,0.06578632,1.00480682
cifar10,fixed_phase,512,936,0.71186035,0.01999456,1.00370264
cifar10,fixed_phase,512,937,0.70816069,0.0745913,0.99064617
cifar10,fixed_phase,512,938,0.70726461,0.03386671,0.98840682
cifar10,fixed_phase,512,939,0.70299406,8.014e-05,0.99510991
cifar10,fixed_phase,512,940,0.71208574,0.03532233,1.00317667
cifar10,fixed_phase,512,941,0.69946623,0.01395464,0.99720046
cifar10,fixed_phase,512,942,0.70429369,0.00775493,1.01313305
cifar10,fixed_phase,512,943,0.70513017,0.06371789,1.01447999
cifar10,fixed_phase,512,944,0.70485088,0.00968217,1.00325742
cifar10,fixed_phase,512,945,0.70100935,0.00175214,0.97076028
cifar10,fixed_phase,512,946,0.69939797,0.09221464,0.97437545
cifar10,fixed_phase,512,947,0.69480233,0.00419383,0.976231
cifar10,fixed_phase,512,948,0.70655968,0.01267126,1.01072493
cifar10,fixed_phase,512,949,0.71153969,0.02219,0.99095425
cifar10,fixed_phase,512,950,0.70183441,0.02051693,0.9587889
cifar10,fixed_phase,512,951,0.70039869,0.03450773,1.01631882
cifar10,fixed_phase,512,952,0.71794425,0.01250042,0.98083202
cifar10,fixed_phase,512,953,0.70762281,0.04518872,0.96989426
cifar10,fixed_phase,512,954,0.69107348,0.01546512,1.01877907
cifar10,fixed_phase,512,955,0.70967518,0.05462425,1.00117408
cifar10,fixed_phase,512,956,0.7088628,0.02661965,0.97279685
cifar10,fixed_phase,512,957,0.70187961,0.00773553,1.02767783
cifar10,fixed_phase,512,958,0.69663548,0.06341345,0.99945158
cifar10,fixed_phase,512,959,0.70483586,0.01741112,0.99209336
cifar10,fixed_phase,512,960,0.71430521,0.11554943,0.99506947
cifar10,fixed_phase,512,961,0.70657775,0.05563267,1.00433186
cifar10,fixed_phase,512,962,0.70034573,0.01575791,1.0053265
cifar10,fixed_phase,512,963,0.70948707,0.02148864,0.98117191
cifar10,fixed_phase,512,964,0.7021453,0.08034082,1.0363273
cifar10,fixed_phase,512,965,0.71210312,0.01609972,0.99061488
cifar10,fixed_phase,512,966,0.69935522,0.03090085,0.98959364
cifar10,fixed_phase,512,967,0.70938235,0.05364966,1.00391487
cifar10,fixed_phase,512,968,0.70878551,0.02796406,1.03900072
cifar10,fixed_phase,512,969,0.71632542,0.01383685,0.98961721
cifar10,fixed_phase,512,970,0.70125072,0.00403286,0.99826869
cifar10,fixed_phase,512,971,0.70643187,0.04769672,1.03515389
cifar10,fixed_phase,512,972,0.70447254,0.01640894,0.9971465
cifar10,fixed_phase,512,973,0.71287871,0.03407502,0.99914774
cifar10,fixed_phase,512,974,0.70672014,0.00062228,0.99068667
cifar10,fixed_phase,512,975,0.70818129,0.03315148,0.99925952
cifar10,fixed_phase,512,976,0.70727923,0.03368393,1.00860253
cifar10,fixed_phase,512,977,0.69886881,0.01960102,1.00450144
cifar10,fixed_phase,512,978,0.71454565,0.01583181,0.97797349
cifar10,fixed_phase,512,979,0.7104335,0.00352865,0.9928948
cifar10,fixed_phase,512,980,0.70545551,0.00062475,0.95555764
cifar10,fixed_phase,512,981,0.70821396,0.02537915,1.01095534
cifar10,fixed_phase,512,982,0.70527498,0.00369687,0.98506284
cifar10,fixed_phase,512,983,0.707877,0.089564,0.99537665
cifar10,fixed_phase,512,984,0.71149888,0.01037432,0.99332906
cifar10,fixed_phase,512,985,0.70488575,0.02403469,0.99494508
cifar10,fixed_phase,512,986,0.70563419,0.0009701,1.00337196
cifar10,fixed_phase,512,987,0.71464168,0.02668502,1.0225812
cifar10,fixed_phase,512,988,0.70747532,0.03769333,0.98978171
cifar10,fixed_phase,512,989,0.70250598,0.02076471,0.9886685
cifar10,fixed_phase,512,990,0.7064265,0.0567507,1.00826047
cifar10,fixed_phase,512,991,0.70283964,0.02400403,1.00102555
cifar10,fixed_phase,512,992,0.70668906,0.15298775,1.00999838
cifar10,fixed_phase,512,993,0.70985176,0.01846862,1.00010504
cifar10,fixed_phase,512,994,0.70339923,0.01351718,0.97857029
cifar10,fixed_phase,512,995,0.70113964,0.09764336,0.98712662
cifar10,fixed_phase,512,996,0.70740166,0.00642486,1.0091048
cifar10,fixed_phase,512,997,0.69651993,0.05287572,0.99445896
cifar10,fixed_phase,512,998,0.70926827,0.02820231,1.02801203
cifar10,fixed_phase,512,999,0.70642791,0.04973521,1.00088465
cifar10,fixed_phase,1024,0,0.71401429,0.05771521,0.99564392
cifar10,fixed_phase,1024,1,0.71331682,0.01316457,1.00654401
cifar10,fixed_phase,1024,2,0.71035656,0.06487894,0.99436827
cifar10,fixed_phase,1024,3,0.71449069,0.06612446,0.99090115
cifar10,fixed_phase,1024,4,0.70846155,0.02443501,1.02869307
cifar10,fixed_phase,1024,5,0.71342794,0.022218,1.00759988
cifar10,fixed_phase,1024,6,0.7050262,0.00582321,0.99571879
cifar10,fixed_phase,1024,7,0.7075813,0.0568893,0.98453628
cifar10,fixed_phase,1024,8,0.70412848,0.09051804,0.96846081
cifar10,fixed_phase,1024,9,0.69582607,0.04931511,1.02123999
cifar10,fixed_phase,1024,10,0.70340305,0.0260361,1.00635012
cifar10,fixed_phase,1024,11,0.7026562,0.00265335,1.01456866
cifar10,fixed_phase,1024,12,0.70018508,0.01897529,0.98751367
cifar10,fixed_phase,1024,13,0.69157336,0.02651394,0.99525277
cifar10,fixed_phase,1024,14,0.71734932,0.04420423,1.00483761
cifar10,fixed_phase,1024,15,0.70878933,0.02377304,0.95485797
cifar10,fixed_phase,1024,16,0.70673111,0.10446835,1.00138411
cifar10,fixed_phase,1024,17,0.70657631,0.0015434,1.00435829
cifar10,fixed_phase,1024,18,0.71557744,0.02690462,0.97087933
cifar10,fixed_phase,1024,19,0.70785849,0.00433312,1.02167451
cifar10,fixed_phase,1024,20,0.70631203,0.08288257,1.00657364
cifar10,fixed_phase,1024,21,0.70532789,0.0058369,1.00323249
cifar10,fixed_phase,1024,22,0.70770861,0.01209079,0.97976511
cifar10,fixed_phase,1024,23,0.7043078,0.01695648,1.01079512
cifar10,fixed_phase,1024,24,0.7105219,0.02727511,0.97813739
cifar10,fixed_phase,1024,25,0.68823952,0.01474066,1.01505889
cifar10,fixed_phase,1024,26,0.70772749,0.03235935,1.00109708
cifar10,fixed_phase,1024,27,0.71430809,0.07824748,0.99803729
cifar10,fixed_phase,1024,28,0.70934835,0.04656919,1.00287444
cifar10,fixed_phase,1024,29,0.70024217,0.06538934,0.96997739
cifar10,fixed_phase,1024,30,0.69871031,0.00086888,0.99848593
cifar10,fixed_phase,1024,31,0.71479101,0.01079654,0.98855155
cifar10,fixed_phase,1024,32,0.71527843,0.0757066,1.0113054
cifar10,fixed_phase,1024,33,0.70618363,0.0821179,0.96932453
cifar10,fixed_phase,1024,34,0.71321886,0.05167151,0.9965726
cifar10,fixed_phase,1024,35,0.70875101,0.00105871,0.98430189
cifar10,fixed_phase,1024,36,0.69733056,0.12304051,0.96703254
cifar10,fixed_phase,1024,37,0.71395048,0.1052504,0.98571357
cifar10,fixed_phase,1024,38,0.69515348,0.00889311,0.97334049
cifar10,fixed_phase,1024,39,0.69926336,0.11078478,0.99684155
cifar10,fixed_phase,1024,40,0.70395505,0.0431673,0.99339035
cifar10,fixed_phase,1024,41,0.70573772,0.0746138,1.01710118
cifar10,fixed_phase,1024,42,0.69485818,0.0558538,0.99573937
cifar10,fixed_phase,1024,43,0.70529389,0.03518085,1.01799556
cifar10,fixed_phase,1024,44,0.70469227,0.03457651,0.98351118
cifar10,fixed_phase,1024,45,0.70743094,0.03824601,1.00406665
cifar10,fixed_phase,1024,46,0.70535887,0.03237622,1.00805612
cifar10,fixed_phase,1024,47,0.70446992,0.02495468,0.9717548
cifar10,fixed_phase,1024,48,0.70873726,0.08361228,1.00094452
cifar10,fixed_phase,1024,49,0.70927909,0.00266138,0.97563128
cifar10,fixed_phase,1024,50,0.70363787,0.01708155,0.99810212
cifar10,fixed_phase,1024,51,0.70955742,0.0245306,1.0067169
cifar10,fixed_phase,1024,52,0.71109474,0.02261565,1.02600769
cifar10,fixed_phase,1024,53,0.70756546,0.01693298,1.00624671
cifar10,fixed_phase,1024,54,0.70020976,0.07169268,0.94056361
cifar10,fixed_phase,1024,55,0.69803888,0.05436282,0.9987005
cifar10,fixed_phase,1024,56,0.69864672,0.0012362,1.00991096
cifar10,fixed_phase,1024,57,0.71025017,0.02195037,0.99232166
cifar10,fixed_phase,1024,58,0.69476059,0.03534983,0.98859766
cifar10,fixed_phase,1024,59,0.70285649,0.01862455,1.02026589
cifar10,fixed_phase,1024,60,0.70566675,0.00906357,0.99145978
cifar10,fixed_phase,1024,61,0.69574837,0.05544809,0.97054126
cifar10,fixed_phase,1024,62,0.70271537,0.08052784,1.01890673
cifar10,fixed_phase,1024,63,0.71470613,0.00884848,0.99888661
cifar10,fixed_phase,1024,64,0.70796146,0.11933071,1.04323998
cifar10,fixed_phase,1024,65,0.71438339,0.05265169,0.991592
cifar10,fixed_phase,1024,66,0.70153488,0.03834277,0.98141136
cifar10,fixed_phase,1024,67,0.71168137,0.07381084,0.99507134
cifar10,fixed_phase,1024,68,0.70316191,0.09421687,1.01662844
cifar10,fixed_phase,1024,69,0.70394895,0.02120045,1.00008356
cifar10,fixed_phase,1024,70,0.6971432,0.01077084,0.99791818
cifar10,fixed_phase,1024,71,0.70053679,0.00757003,1.00363181
cifar10,fixed_phase,1024,72,0.70165726,0.0445169,1.00213993
cifar10,fixed_phase,1024,73,0.70981739,0.01331946,1.00972752
cifar10,fixed_phase,1024,74,0.71072262,0.03981628,0.99702316
cifar10,fixed_phase,1024,75,0.69880273,0.02041962,1.00029711
cifar10,fixed_phase,1024,76,0.71267561,0.10437709,0.98692429
cifar10,fixed_phase,1024,77,0.70026745,0.0122842,0.99814949
cifar10,fixed_phase,1024,78,0.70910749,0.1461675,1.01873956
cifar10,fixed_phase,1024,79,0.71185397,0.01617023,1.00019333
cifar10,fixed_phase,1024,80,0.71581711,0.0283878,0.9947477
cifar10,fixed_phase,1024,81,0.70886944,0.02089632,0.99437496
cifar10,fixed_phase,1024,82,0.70852413,0.05999406,1.01206221
cifar10,fixed_phase,1024,83,0.69832597,0.08689606,0.9686465
cifar10,fixed_phase,1024,84,0.71116128,0.00210418,0.99532714
cifar10,fixed_phase,1024,85,0.70129957,0.05533569,1.01561534
cifar10,fixed_phase,1024,86,0.70621382,0.00707466,1.01850692
cifar10,fixed_phase,1024,87,0.70284511,0.0152129,1.00723293
cifar10,fixed_phase,1024,88,0.70976188,0.01442492,1.00544049
cifar10,fixed_phase,1024,89,0.69256998,0.00977729,0.9992257
cifar10,fixed_phase,1024,90,0.70919598,0.04438078,0.98703192
cifar10,fixed_phase,1024,91,0.69307039,0.0204448,0.99087399
cifar10,fixed_phase,1024,92,0.70880528,0.0246103,1.01421223
cifar10,fixed_phase,1024,93,0.71023012,0.04095939,0.97230837
cifar10,fixed_phase,1024,94,0.70422967,0.07017166,1.00445184
cifar10,fixed_phase,1024,95,0.70634916,0.08674894,1.00354934
cifar10,fixed_phase,1024,96,0.70277766,0.07016067,1.01868155
cifar10,fixed_phase,1024,97,0.70720483,0.02924771,0.99720284
cifar10,fixed_phase,1024,98,0.70855875,0.02435199,0.99086078
cifar10,fixed_phase,1024,99,0.69898038,0.00986919,1.03128124
cifar10,fixed_phase,1024,100,0.70980437,0.04264244,1.00282825
cifar10,fixed_phase,1024,101,0.71308378,0.04660271,0.99504927
cifar10,fixed_phase,1024,102,0.70719195,0.03827834,1.00862693
cifar10,fixed_phase,1024,103,0.71280758,0.06811706,0.99884776
cifar10,fixed_phase,1024,104,0.70234035,0.07502316,1.02408132
cifar10,fixed_phase,1024,105,0.70565255,0.11859867,1.0051286
cifar10,fixed_phase,1024,106,0.71800651,0.04168012,0.97694965
cifar10,fixed_phase,1024,107,0.69444506,0.0239612,1.01587065
cifar10,fixed_phase,1024,108,0.69874683,0.02015948,1.01417157
cifar10,fixed_phase,1024,109,0.69748889,0.02679685,1.02541485
cifar10,fixed_phase,1024,110,0.71157898,0.06918106,0.99687709
cifar10,fixed_phase,1024,111,0.7058165,0.00216245,0.99611547
cifar10,fixed_phase,1024,112,0.70641974,0.00650052,0.99894786
cifar10,fixed_phase,1024,113,0.70632797,0.02661889,1.00686877
cifar10,fixed_phase,1024,114,0.70436701,0.05003568,1.01844357
cifar10,fixed_phase,1024,115,0.70223794,0.00116814,1.00178952
cifar10,fixed_phase,1024,116,0.70219536,0.01161348,1.00214614
cifar10,fixed_phase,1024,117,0.70710374,0.05612278,0.99989564
cifar10,fixed_phase,1024,118,0.71191881,0.00651926,1.00442251
cifar10,fixed_phase,1024,119,0.71332124,0.00233116,1.00667085
cifar10,fixed_phase,1024,120,0.7023396,0.00224257,0.99051346
cifar10,fixed_phase,1024,121,0.7124916,0.01817844,0.99750718
cifar10,fixed_phase,1024,122,0.69842322,0.019457,0.98952007
cifar10,fixed_phase,1024,123,0.6948892,0.04152945,1.01467729
cifar10,fixed_phase,1024,124,0.70711531,0.00216298,1.02647615
cifar10,fixed_phase,1024,125,0.71989177,0.02200424,1.01325007
cifar10,fixed_phase,1024,126,0.71215118,0.07434911,0.9803734
cifar10,fixed_phase,1024,127,0.70273684,0.02301059,0.99413713
cifar10,fixed_phase,1024,128,0.71021478,0.14270554,0.98994666
cifar10,fixed_phase,1024,129,0.70395776,0.05135728,0.98524752
cifar10,fixed_phase,1024,130,0.69793399,0.04542493,0.99280398
cifar10,fixed_phase,1024,131,0.70796131,0.05882101,1.00685936
cifar10,fixed_phase,1024,132,0.70970905,0.03962662,1.01705036
cifar10,fixed_phase,1024,133,0.70212504,0.02583954,0.99762335
cifar10,fixed_phase,1024,134,0.70214154,0.01487267,1.00977119
cifar10,fixed_phase,1024,135,0.69969482,0.0915331,0.97122225
cifar10,fixed_phase,1024,136,0.71043614,0.03196906,0.99202252
cifar10,fixed_phase,1024,137,0.70458559,0.06536366,1.01059589
cifar10,fixed_phase,1024,138,0.7158055,0.12152282,0.99288649
cifar10,fixed_phase,1024,139,0.71218226,0.03125568,0.98324554
cifar10,fixed_phase,1024,140,0.70697519,0.03964701,1.01934181
cifar10,fixed_phase,1024,141,0.70814176,0.00690395,0.98829915
cifar10,fixed_phase,1024,142,0.70063491,0.04511975,0.99260775
cifar10,fixed_phase,1024,143,0.7084218,0.04509858,1.01179316
cifar10,fixed_phase,1024,144,0.69744912,0.02645125,0.99425683
cifar10,fixed_phase,1024,145,0.69752977,0.06995156,1.01881353
cifar10,fixed_phase,1024,146,0.70626591,0.06816642,1.00677863
cifar10,fixed_phase,1024,147,0.70504522,0.03454772,0.98931567
cifar10,fixed_phase,1024,148,0.71126871,0.00984191,0.99034286
cifar10,fixed_phase,1024,149,0.69543265,0.02167172,0.99897205
cifar10,fixed_phase,1024,150,0.69844099,0.07707272,1.00145333
cifar10,fixed_phase,1024,151,0.70578801,0.04234431,1.02831133
cifar10,fixed_phase,1024,152,0.70098373,0.03620905,0.96957626
cifar10,fixed_phase,1024,153,0.70914522,0.00833862,1.03501447
cifar10,fixed_phase,1024,154,0.69929594,0.04251198,1.02403166
cifar10,fixed_phase,1024,155,0.71310516,0.02453867,1.00163315
cifar10,fixed_phase,1024,156,0.71232122,0.01084504,0.98859674
cifar10,fixed_phase,1024,157,0.70555389,0.01380882,0.99726345
cifar10,fixed_phase,1024,158,0.71390645,0.03405156,1.00640568
cifar10,fixed_phase,1024,159,0.70174279,0.02058316,0.9881914
cifar10,fixed_phase,1024,160,0.71237845,0.06589685,1.00382414
cifar10,fixed_phase,1024,161,0.70614321,0.0471561,0.99162846
cifar10,fixed_phase,1024,162,0.7122054,0.00961008,0.97850987
cifar10,fixed_phase,1024,163,0.701835,0.08764499,1.02781977
cifar10,fixed_phase,1024,164,0.69841723,0.03457669,1.01332258
cifar10,fixed_phase,1024,165,0.70209216,0.05360674,1.0004128
cifar10,fixed_phase,1024,166,0.71069151,0.01055825,1.01006107
cifar10,fixed_phase,1024,167,0.70583801,0.02573885,0.98916994
cifar10,fixed_phase,1024,168,0.70711964,0.04294533,0.98950834
cifar10,fixed_phase,1024,169,0.70572048,0.00158113,1.00340054
cifar10,fixed_phase,1024,170,0.710497,0.03575629,1.00079333
cifar10,fixed_phase,1024,171,0.70884171,0.05721043,0.9747118
cifar10,fixed_phase,1024,172,0.70353929,0.04074684,1.02115043
cifar10,fixed_phase,1024,173,0.69809419,0.03504928,0.99053023
cifar10,fixed_phase,1024,174,0.71560285,0.01089835,0.98446936
cifar10,fixed_phase,1024,175,0.71140893,0.02138473,0.98205892
cifar10,fixed_phase,1024,176,0.70295741,0.02775316,0.99923465
cifar10,fixed_phase,1024,177,0.70821788,0.08400785,0.99434952
cifar10,fixed_phase,1024,178,0.70757253,0.01382424,1.03594609
cifar10,fixed_phase,1024,179,0.70240284,0.00131306,0.98096781
cifar10,fixed_phase,1024,180,0.71252158,0.03083725,0.99755466
cifar10,fixed_phase,1024,181,0.70523165,0.07650995,0.98972398
cifar10,fixed_phase,1024,182,0.70454593,0.10039492,1.02717868
cifar10,fixed_phase,1024,183,0.69777932,0.09281177,0.98345597
cifar10,fixed_phase,1024,184,0.71473643,0.00428393,0.98627821
cifar10,fixed_phase,1024,185,0.71697006,0.09085261,0.95305825
cifar10,fixed_phase,1024,186,0.70839066,0.13895212,0.98573867
cifar10,fixed_phase,1024,187,0.7009924,0.06066304,1.00930067
cifar10,fixed_phase,1024,188,0.70964706,0.05904483,0.99516172
cifar10,fixed_phase,1024,189,0.70432737,0.0006293,1.0147864
cifar10,fixed_phase,1024,190,0.71067655,0.05045307,1.01551022
cifar10,fixed_phase,1024,191,0.70260086,0.09393433,1.01293808
cifar10,fixed_phase,1024,192,0.71953645,0.03099046,0.99673306
cifar10,fixed_phase,1024,193,0.7002494,0.09916842,1.01535679
cifar10,fixed_phase,1024,194,0.70548035,0.03477175,1.02829484
cifar10,fixed_phase,1024,195,0.70778973,0.0124022,1.01255091
cifar10,fixed_phase,1024,196,0.70103385,0.02879117,1.00164836
cifar10,fixed_phase,1024,197,0.70851375,0.02252822,1.00916063
cifar10,fixed_phase,1024,198,0.71221455,0.04784084,1.00774037
cifar10,fixed_phase,1024,199,0.70679211,0.00472778,1.00251474
cifar10,fixed_phase,1024,200,0.70521342,0.07010656,0.99521963
cifar10,fixed_phase,1024,201,0.71756105,0.01687394,0.9818174
cifar10,fixed_phase,1024,202,0.72302377,0.00843663,0.98972296
cifar10,fixed_phase,1024,203,0.71329101,0.03123841,1.00363023
cifar10,fixed_phase,1024,204,0.7041007,0.01639084,0.9801781
cifar10,fixed_phase,1024,205,0.71606043,0.08269592,0.9780285
cifar10,fixed_phase,1024,206,0.70457479,0.01564935,0.98638559
cifar10,fixed_phase,1024,207,0.71402765,0.00316031,0.99176418
cifar10,fixed_phase,1024,208,0.70313164,0.0344086,1.00288793
cifar10,fixed_phase,1024,209,0.70778619,0.01275849,1.02161393
cifar10,fixed_phase,1024,210,0.71110864,0.01392258,0.99041032
cifar10,fixed_phase,1024,211,0.69868694,0.0370739,0.99832133
cifar10,fixed_phase,1024,212,0.69612407,0.00884328,1.01030031
cifar10,fixed_phase,1024,213,0.69649614,0.04812706,1.01667025
cifar10,fixed_phase,1024,214,0.69830329,0.0180796,1.00115427
cifar10,fixed_phase,1024,215,0.70511168,0.03206703,0.99395228
cifar10,fixed_phase,1024,216,0.70003823,0.04015162,0.99656409
cifar10,fixed_phase,1024,217,0.70589277,0.06307035,0.99859922
cifar10,fixed_phase,1024,218,0.71346068,0.00892725,0.98973513
cifar10,fixed_phase,1024,219,0.69625855,0.10117926,0.98181729
cifar10,fixed_phase,1024,220,0.69671043,0.01786483,0.9830315
cifar10,fixed_phase,1024,221,0.70834095,0.02337483,1.00406138
cifar10,fixed_phase,1024,222,0.71173598,0.0778213,0.9743283
cifar10,fixed_phase,1024,223,0.70789026,0.03257369,1.01002876
cifar10,fixed_phase,1024,224,0.70669387,0.00616643,1.02049108
cifar10,fixed_phase,1024,225,0.7114584,0.01889401,0.99526887
cifar10,fixed_phase,1024,226,0.71432571,0.02302848,0.97386355
cifar10,fixed_phase,1024,227,0.70258108,0.0364441,1.00229974
cifar10,fixed_phase,1024,228,0.71817135,0.01992813,1.01240213
cifar10,fixed_phase,1024,229,0.71125391,0.01522615,0.97174354
cifar10,fixed_phase,1024,230,0.70654487,0.01493248,1.01600108
cifar10,fixed_phase,1024,231,0.7130716,0.06195598,1.01130594
cifar10,fixed_phase,1024,232,0.70602495,0.01746089,0.97635219
cifar10,fixed_phase,1024,233,0.71075594,0.0006255,1.01462673
cifar10,fixed_phase,1024,234,0.70107561,0.04516998,0.99300842
cifar10,fixed_phase,1024,235,0.70427767,0.00601815,0.99682397
cifar10,fixed_phase,1024,236,0.70144899,0.0784815,0.98764698
cifar10,fixed_phase,1024,237,0.69987317,0.00454251,0.98444775
cifar10,fixed_phase,1024,238,0.70626332,0.00884901,0.97684044
cifar10,fixed_phase,1024,239,0.7182004,0.00333799,0.99286524
cifar10,fixed_phase,1024,240,0.70973247,0.10967743,1.01019766
cifar10,fixed_phase,1024,241,0.70429354,0.03112907,1.00288579
cifar10,fixed_phase,1024,242,0.70650385,0.0689935,0.96006499
cifar10,fixed_phase,1024,243,0.7125338,0.05472128,1.00430758
cifar10,fixed_phase,1024,244,0.71256145,0.0048906,1.00341425
cifar10,fixed_phase,1024,245,0.70085575,0.01314381,0.99935748
cifar10,fixed_phase,1024,246,0.71100174,0.01307966,0.98927109
cifar10,fixed_phase,1024,247,0.71080445,0.054811,1.00837045
cifar10,fixed_phase,1024,248,0.71361393,0.02915705,0.98908214
cifar10,fixed_phase,1024,249,0.70617092,0.0363762,1.00071724
cifar10,fixed_phase,1024,250,0.70130788,0.01031704,0.97414256
cifar10,fixed_phase,1024,251,0.70622887,0.07455038,0.99802593
cifar10,fixed_phase,1024,252,0.70193193,0.00221374,0.99644023
cifar10,fixed_phase,1024,253,0.70649104,0.11342451,1.0041655
cifar10,fixed_phase,1024,254,0.70327639,0.00788029,1.01196825
cifar10,fixed_phase,1024,255,0.70985403,0.10127936,0.99898442
cifar10,fixed_phase,1024,256,0.71210512,0.01935404,0.99941633
cifar10,fixed_phase,1024,257,0.71151668,0.04520446,0.99744903
cifar10,fixed_phase,1024,258,0.70114141,0.05476344,1.00001041
cifar10,fixed_phase,1024,259,0.71079284,0.01958136,0.99905691
cifar10,fixed_phase,1024,260,0.71402832,0.06262918,0.9741129
cifar10,fixed_phase,1024,261,0.70481594,0.01066995,0.99024806
cifar10,fixed_phase,1024,262,0.71385952,0.01537415,0.97925867
cifar10,fixed_phase,1024,263,0.70717542,0.04653558,0.99877959
cifar10,fixed_phase,1024,264,0.71049871,0.02065118,1.01631305
cifar10,fixed_phase,1024,265,0.70783815,0.02271803,0.97439349
cifar10,fixed_phase,1024,266,0.71525705,0.04824967,0.98432754
cifar10,fixed_phase,1024,267,0.71091013,0.06327367,1.00577148
cifar10,fixed_phase,1024,268,0.69528686,0.09815284,0.99217633
cifar10,fixed_phase,1024,269,0.71005916,0.01409911,0.97554841
cifar10,fixed_phase,1024,270,0.70874537,0.03512732,1.01077651
cifar10,fixed_phase,1024,271,0.70356411,0.018895,0.95882812
cifar10,fixed_phase,1024,272,0.69973867,0.02017207,1.0132382
cifar10,fixed_phase,1024,273,0.71308485,0.02165765,0.97389491
cifar10,fixed_phase,1024,274,0.71346477,0.04255301,1.03026286
cifar10,fixed_phase,1024,275,0.71056404,0.00286148,0.98883228
cifar10,fixed_phase,1024,276,0.70637522,0.03918397,1.02078863
cifar10,fixed_phase,1024,277,0.71139061,0.06419405,0.99515903
cifar10,fixed_phase,1024,278,0.70421149,0.07372147,0.99569951
cifar10,fixed_phase,1024,279,0.7082598,0.00290315,0.99508783
cifar10,fixed_phase,1024,280,0.70426502,0.07038904,1.01291584
cifar10,fixed_phase,1024,281,0.70754585,0.02159665,1.01475474
cifar10,fixed_phase,1024,282,0.70340411,0.04868835,0.9829523
cifar10,fixed_phase,1024,283,0.70189412,0.05350608,1.01207303
cifar10,fixed_phase,1024,284,0.70606532,0.07103849,1.00270613
cifar10,fixed_phase,1024,285,0.69935132,0.01860532,1.00839306
cifar10,fixed_phase,1024,286,0.70632673,0.03367265,1.01800972
cifar10,fixed_phase,1024,287,0.70000858,0.05481696,0.96733367
cifar10,fixed_phase,1024,288,0.70418339,0.05154821,0.99797233
cifar10,fixed_phase,1024,289,0.71002124,0.02938127,0.99648994
cifar10,fixed_phase,1024,290,0.70185117,0.0198973,1.00249166
cifar10,fixed_phase,1024,291,0.70235613,0.08019612,0.99568795
cifar10,fixed_phase,1024,292,0.6995544,0.02415554,1.00361347
cifar10,fixed_phase,1024,293,0.70156914,0.07183623,0.9740795
cifar10,fixed_phase,1024,294,0.70940102,0.00254162,0.98591422
cifar10,fixed_phase,1024,295,0.70241559,0.0479596,0.99376603
cifar10,fixed_phase,1024,296,0.70590544,0.11976386,0.99911093
cifar10,fixed_phase,1024,297,0.70433283,0.00502553,1.00008405
cifar10,fixed_phase,1024,298,0.7111229,0.02978358,1.01395675
cifar10,fixed_phase,1024,299,0.70942953,0.02079987,1.0283568
cifar10,fixed_phase,1024,300,0.71175664,0.06914538,0.99709136
cifar10,fixed_phase,1024,301,0.69595382,0.03809974,0.98665166
cifar10,fixed_phase,1024,302,0.71099233,0.04870323,1.00431896
cifar10,fixed_phase,1024,303,0.71297814,0.01569389,1.00828375
cifar10,fixed_phase,1024,304,0.70479998,0.00473847,0.99324594
cifar10,fixed_phase,1024,305,0.70166367,0.06547253,0.97708523
cifar10,fixed_phase,1024,306,0.70991971,0.03713045,0.97768309
cifar10,fixed_phase,1024,307,0.7079027,0.10036709,1.01289127
cifar10,fixed_phase,1024,308,0.70224731,0.02441338,1.01801437
cifar10,fixed_phase,1024,309,0.71136777,0.01510783,0.97322694
cifar10,fixed_phase,1024,310,0.708657,0.02463695,1.0036831
cifar10,fixed_phase,1024,311,0.70298564,0.05289721,0.99375937
cifar10,fixed_phase,1024,312,0.71236417,0.01032474,0.99064727
cifar10,fixed_phase,1024,313,0.69896838,0.00949909,1.02150843
cifar10,fixed_phase,1024,314,0.71313451,0.0406376,1.00389544
cifar10,fixed_phase,1024,315,0.70908873,0.03286492,1.00062678
cifar10,fixed_phase,1024,316,0.70918077,0.05397126,1.00592496
cifar10,fixed_phase,1024,317,0.70888085,0.00766259,0.99504377
cifar10,fixed_phase,1024,318,0.6983855,0.03584207,0.98982371
cifar10,fixed_phase,1024,319,0.71335549,0.03091961,0.99940237
cifar10,fixed_phase,1024,320,0.70413408,0.03145373,1.00356528
cifar10,fixed_phase,1024,321,0.70767744,0.14968168,1.01574972
cifar10,fixed_phase,1024,322,0.68523504,0.01975584,0.99236453
cifar10,fixed_phase,1024,323,0.70441732,0.03247292,1.00875805
cifar10,fixed_phase,1024,324,0.70710932,0.02391349,1.01182938
cifar10,fixed_phase,1024,325,0.7000666,0.11699079,1.01763969
cifar10,fixed_phase,1024,326,0.71071067,0.00305751,1.02288416
cifar10,fixed_phase,1024,327,0.70629306,0.00452535,1.00127871
cifar10,fixed_phase,1024,328,0.70627795,0.00625319,0.99740191
cifar10,fixed_phase,1024,329,0.70244464,0.02849594,1.00481478
cifar10,fixed_phase,1024,330,0.70576305,0.00318837,1.0024014
cifar10,fixed_phase,1024,331,0.71596564,0.04671472,1.00795617
cifar10,fixed_phase,1024,332,0.6922252,0.18950231,0.98164313
cifar10,fixed_phase,1024,333,0.71450956,0.0192345,0.99291957
cifar10,fixed_phase,1024,334,0.70019161,0.06913544,0.9871411
cifar10,fixed_phase,1024,335,0.70149928,0.04041945,0.99457809
cifar10,fixed_phase,1024,336,0.70946707,0.00117059,0.9874031
cifar10,fixed_phase,1024,337,0.70865521,0.05541232,0.98552112
cifar10,fixed_phase,1024,338,0.69920615,0.06099855,0.99891748
cifar10,fixed_phase,1024,339,0.7127751,0.00178853,0.9748974
cifar10,fixed_phase,1024,340,0.7142416,0.09024363,1.00190988
cifar10,fixed_phase,1024,341,0.71676395,0.06563208,0.9784147
cifar10,fixed_phase,1024,342,0.70686843,0.04311294,1.00126148
cifar10,fixed_phase,1024,343,0.70138906,0.00650704,1.00159934
cifar10,fixed_phase,1024,344,0.70956313,0.03359051,1.01249566
cifar10,fixed_phase,1024,345,0.69819122,0.12611599,0.9999489
cifar10,fixed_phase,1024,346,0.70595499,0.00206188,1.02219196
cifar10,fixed_phase,1024,347,0.71684039,0.07857181,1.00415835
cifar10,fixed_phase,1024,348,0.70060718,0.03616638,0.97191633
cifar10,fixed_phase,1024,349,0.70574452,0.02542365,0.99646716
cifar10,fixed_phase,1024,350,0.70915092,0.00514478,0.99815863
cifar10,fixed_phase,1024,351,0.68476638,0.01481588,0.99729647
cifar10,fixed_phase,1024,352,0.700692,0.0709365,1.01204197
cifar10,fixed_phase,1024,353,0.70355689,0.01009177,1.00302834
cifar10,fixed_phase,1024,354,0.71208785,0.03517202,0.99895401
cifar10,fixed_phase,1024,355,0.70961367,0.00875105,0.98628306
cifar10,fixed_phase,1024,356,0.70023157,0.03766094,1.00308342
cifar10,fixed_phase,1024,357,0.71073276,0.01288119,0.97728585
cifar10,fixed_phase,1024,358,0.71336325,0.02361299,0.99317999
cifar10,fixed_phase,1024,359,0.70466749,0.01459881,0.99387571
cifar10,fixed_phase,1024,360,0.6989145,0.04302695,1.00238435
cifar10,fixed_phase,1024,361,0.71274025,0.03820016,0.99896167
cifar10,fixed_phase,1024,362,0.70151665,0.01585663,0.99733181
cifar10,fixed_phase,1024,363,0.70803173,0.03744651,1.02428555
cifar10,fixed_phase,1024,364,0.71503647,0.006541,0.98385625
cifar10,fixed_phase,1024,365,0.7052025,0.04781078,0.99373345
cifar10,fixed_phase,1024,366,0.70605851,0.01318706,0.99420347
cifar10,fixed_phase,1024,367,0.70101798,0.03087629,1.00379196
cifar10,fixed_phase,1024,368,0.70497437,0.01653963,1.00243724
cifar10,fixed_phase,1024,369,0.70639209,0.00490248,1.00774577
cifar10,fixed_phase,1024,370,0.7090685,0.16093878,0.98545998
cifar10,fixed_phase,1024,371,0.7044604,0.04658152,1.00140733
cifar10,fixed_phase,1024,372,0.70982876,0.04688709,0.98672627
cifar10,fixed_phase,1024,373,0.70689063,0.03699832,0.9992639
cifar10,fixed_phase,1024,374,0.70566004,0.02834841,0.98166902
cifar10,fixed_phase,1024,375,0.69876457,0.00961257,1.024252
cifar10,fixed_phase,1024,376,0.70416818,0.03681697,0.99538253
cifar10,fixed_phase,1024,377,0.70713011,0.01645678,1.01387379
cifar10,fixed_phase,1024,378,0.70347437,0.0464881,1.00426924
cifar10,fixed_phase,1024,379,0.71249324,0.01460715,0.9897137
cifar10,fixed_phase,1024,380,0.70915947,0.04316996,1.01138844
cifar10,fixed_phase,1024,381,0.70641733,0.01996577,1.01570903
cifar10,fixed_phase,1024,382,0.70211163,0.06493923,1.01562304
cifar10,fixed_phase,1024,383,0.71113078,0.02728246,1.01319592
cifar10,fixed_phase,1024,384,0.70529116,0.09284443,0.99157674
cifar10,fixed_phase,1024,385,0.70648487,0.01820768,1.00606415
cifar10,fixed_phase,1024,386,0.71114693,0.02191723,1.00767771
cifar10,fixed_phase,1024,387,0.69842021,0.0089608,0.97958971
cifar10,fixed_phase,1024,388,0.70221301,0.02799471,0.99462332
cifar10,fixed_phase,1024,389,0.70648517,0.03692121,1.01310629
cifar10,fixed_phase,1024,390,0.70174612,0.02483411,1.01792338
cifar10,fixed_phase,1024,391,0.71354114,0.06960141,1.02368262
cifar10,fixed_phase,1024,392,0.71092073,0.0238017,0.99633631
cifar10,fixed_phase,1024,393,0.71248896,0.03710616,1.02249054
cifar10,fixed_phase,1024,394,0.71090651,0.03007896,1.01354783
cifar10,fixed_phase,1024,395,0.70359873,0.02175846,1.0150236
cifar10,fixed_phase,1024,396,0.71541793,0.03361002,1.03827519
cifar10,fixed_phase,1024,397,0.70372769,0.02187396,1.01731597
cifar10,fixed_phase,1024,398,0.71053263,0.01959722,1.00345505
cifar10,fixed_phase,1024,399,0.7126476,0.02516546,1.00908858
cifar10,fixed_phase,1024,400,0.71208468,0.00589109,0.96603707
cifar10,fixed_phase,1024,401,0.69815656,0.02474814,1.00313712
cifar10,fixed_phase,1024,402,0.70882301,0.07071473,0.99629589
cifar10,fixed_phase,1024,403,0.70345389,0.02906598,0.97187211
cifar10,fixed_phase,1024,404,0.70481156,0.01816476,1.00088598
cifar10,fixed_phase,1024,405,0.70766116,0.00354949,0.99142394
cifar10,fixed_phase,1024,406,0.71071492,0.0029094,0.99312383
cifar10,fixed_phase,1024,407,0.71284209,0.04444652,1.013227
cifar10,fixed_phase,1024,408,0.70939119,0.02632285,1.00651049
cifar10,fixed_phase,1024,409,0.70535962,0.0642085,0.98945976
cifar10,fixed_phase,1024,410,0.70468132,0.03433216,0.97088723
cifar10,fixed_phase,1024,411,0.6976213,0.01599815,1.0229354
cifar10,fixed_phase,1024,412,0.69940267,0.09632191,1.01075245
cifar10,fixed_phase,1024,413,0.71086885,0.05439782,0.97948857
cifar10,fixed_phase,1024,414,0.70069102,0.01614853,0.97897558
cifar10,fixed_phase,1024,415,0.7024898,0.09667018,0.9987314
cifar10,fixed_phase,1024,416,0.69561962,0.03682221,1.00083273
cifar10,fixed_phase,1024,417,0.70438645,0.02662408,1.01590603
cifar10,fixed_phase,1024,418,0.70089563,0.02323703,0.99181838
cifar10,fixed_phase,1024,419,0.69440095,0.09538675,1.00605378
cifar10,fixed_phase,1024,420,0.69957046,0.04723118,1.01148839
cifar10,fixed_phase,1024,421,0.71005961,0.01955329,0.98861565
cifar10,fixed_phase,1024,422,0.69690986,0.04597009,1.00029861
cifar10,fixed_phase,1024,423,0.71163339,0.00145809,0.98292859
cifar10,fixed_phase,1024,424,0.7061247,0.0198244,1.03054346
cifar10,fixed_phase,1024,425,0.70794783,0.00307862,0.99214838
cifar10,fixed_phase,1024,426,0.70535258,0.00055143,0.97888783
cifar10,fixed_phase,1024,427,0.71079547,0.03205896,0.99642212
cifar10,fixed_phase,1024,428,0.70480541,0.06674432,0.98239126
cifar10,fixed_phase,1024,429,0.70281965,0.05325352,1.01416628
cifar10,fixed_phase,1024,430,0.71116124,0.04205249,1.00242488
cifar10,fixed_phase,1024,431,0.69825096,0.01713726,1.02067653
cifar10,fixed_phase,1024,432,0.69642116,0.01167017,1.00341705
cifar10,fixed_phase,1024,433,0.71129702,0.06687921,1.02694492
cifar10,fixed_phase,1024,434,0.70073614,0.01808931,1.00387096
cifar10,fixed_phase,1024,435,0.69466801,0.01213521,0.98985277
cifar10,fixed_phase,1024,436,0.69845639,0.0062777,0.9811216
cifar10,fixed_phase,1024,437,0.70604564,0.04096164,1.00782308
cifar10,fixed_phase,1024,438,0.70790001,0.12239185,1.01026133
cifar10,fixed_phase,1024,439,0.71542712,0.06472332,0.99217571
cifar10,fixed_phase,1024,440,0.71725796,0.03721848,0.99537092
cifar10,fixed_phase,1024,441,0.7068633,0.10153495,1.00420426
cifar10,fixed_phase,1024,442,0.71875669,0.01902391,1.00776913
cifar10,fixed_phase,1024,443,0.70114065,0.04131369,1.00921737
cifar10,fixed_phase,1024,444,0.70424874,0.08470318,1.00247485
cifar10,fixed_phase,1024,445,0.71619467,0.07632325,1.03509047
cifar10,fixed_phase,1024,446,0.7107457,0.00695938,0.99439223
cifar10,fixed_phase,1024,447,0.70280294,0.03186468,0.99266654
cifar10,fixed_phase,1024,448,0.7093793,0.03583603,0.99211842
cifar10,fixed_phase,1024,449,0.70128554,0.03253659,1.01503603
cifar10,fixed_phase,1024,450,0.70592695,0.06615224,1.00547879
cifar10,fixed_phase,1024,451,0.69967568,0.02046649,1.00937345
cifar10,fixed_phase,1024,452,0.70531004,0.05979923,0.99752561
cifar10,fixed_phase,1024,453,0.70668809,0.02517033,1.01000112
cifar10,fixed_phase,1024,454,0.71000706,0.01660113,0.97883237
cifar10,fixed_phase,1024,455,0.71939831,0.03488561,1.01644961
cifar10,fixed_phase,1024,456,0.70211592,0.08161734,0.99348354
cifar10,fixed_phase,1024,457,0.70136817,0.03746069,1.02103331
cifar10,fixed_phase,1024,458,0.70931912,0.02603767,0.99196738
cifar10,fixed_phase,1024,459,0.70165968,0.08244884,1.00740714
cifar10,fixed_phase,1024,460,0.71920189,0.05662375,1.00092721
cifar10,fixed_phase,1024,461,0.69715239,0.02479781,1.00401365
cifar10,fixed_phase,1024,462,0.68748625,0.04225733,0.98525621
cifar10,fixed_phase,1024,463,0.70618169,0.03678215,1.00311906
cifar10,fixed_phase,1024,464,0.71033859,0.01108412,1.00706974
cifar10,fixed_phase,1024,465,0.70632962,0.06661209,1.01972883
cifar10,fixed_phase,1024,466,0.71089087,0.02536904,1.0073493
cifar10,fixed_phase,1024,467,0.70581816,0.00134664,1.00294514
cifar10,fixed_phase,1024,468,0.71478547,0.07206386,1.00818231
cifar10,fixed_phase,1024,469,0.69977545,0.04157453,0.99757673
cifar10,fixed_phase,1024,470,0.69871557,0.03945806,1.04104781
cifar10,fixed_phase,1024,471,0.70640791,0.06543248,0.96953901
cifar10,fixed_phase,1024,472,0.71022576,0.00260642,1.00329245
cifar10,fixed_phase,1024,473,0.7025488,0.05576876,1.00740233
cifar10,fixed_phase,1024,474,0.70168747,0.04142274,1.00993378
cifar10,fixed_phase,1024,475,0.71783021,0.03277778,1.01641779
cifar10,fixed_phase,1024,476,0.70677048,0.05504625,1.00068591
cifar10,fixed_phase,1024,477,0.70462854,0.04813368,0.98511949
cifar10,fixed_phase,1024,478,0.71178215,0.04511112,0.9830387
cifar10,fixed_phase,1024,479,0.70934425,0.03910666,0.99536821
cifar10,fixed_phase,1024,480,0.69393613,0.04532342,1.01248066
cifar10,fixed_phase,1024,481,0.70410715,0.00984153,1.00723272
cifar10,fixed_phase,1024,482,0.70737236,0.0009299,1.01506403
cifar10,fixed_phase,1024,483,0.70797338,0.02387958,1.02829051
cifar10,fixed_phase,1024,484,0.71163994,0.0697745,1.00853976
cifar10,fixed_phase,1024,485,0.71362617,0.02395612,0.99479984
cifar10,fixed_phase,1024,486,0.70223548,0.03586615,0.99518161
cifar10,fixed_phase,1024,487,0.69877335,0.0449311,1.01105703
cifar10,fixed_phase,1024,488,0.70438409,0.06211597,1.01091881
cifar10,fixed_phase,1024,489,0.71937883,0.0262997,0.98355151
cifar10,fixed_phase,1024,490,0.70410324,0.01015729,1.02045741
cifar10,fixed_phase,1024,491,0.70439898,0.04556514,1.0108943
cifar10,fixed_phase,1024,492,0.7062821,0.10315569,1.0198131
cifar10,fixed_phase,1024,493,0.71007946,0.01751316,1.01657998
cifar10,fixed_phase,1024,494,0.70894238,0.07579634,0.98104534
cifar10,fixed_phase,1024,495,0.70103592,0.05066939,1.02296094
cifar10,fixed_phase,1024,496,0.71325965,0.12749441,1.00586705
cifar10,fixed_phase,1024,497,0.70466331,0.07541526,1.00272001
cifar10,fixed_phase,1024,498,0.72493306,0.08162943,0.9852229
cifar10,fixed_phase,1024,499,0.70995427,0.05025782,0.99087667
cifar10,fixed_phase,1024,500,0.70579709,0.07639173,1.00297042
cifar10,fixed_phase,1024,501,0.70454245,0.04999658,0.98662615
cifar10,fixed_phase,1024,502,0.70770957,0.10370629,1.00710279
cifar10,fixed_phase,1024,503,0.70470447,0.09329715,0.98591957
cifar10,fixed_phase,1024,504,0.70229496,0.07125761,0.98757784
cifar10,fixed_phase,1024,505,0.70667492,0.04673612,0.99142947
cifar10,fixed_phase,1024,506,0.70932596,0.04919226,1.01060371
cifar10,fixed_phase,1024,507,0.70651174,0.01752578,1.01216123
cifar10,fixed_phase,1024,508,0.71488533,0.07815345,1.00403772
cifar10,fixed_phase,1024,509,0.71565987,0.01508862,0.99370311
cifar10,fixed_phase,1024,510,0.70611136,0.02226484,0.9759521
cifar10,fixed_phase,1024,511,0.71658025,0.06900074,1.01171716
cifar10,fixed_phase,1024,512,0.71596939,0.02943544,1.02747981
cifar10,fixed_phase,1024,513,0.69705074,0.02690943,1.00695675
cifar10,fixed_phase,1024,514,0.70254521,0.0126234,1.01489829
cifar10,fixed_phase,1024,515,0.70528997,0.07622579,1.00586845
cifar10,fixed_phase,1024,516,0.7011954,0.01240347,1.00196911
cifar10,fixed_phase,1024,517,0.70301008,0.00798842,0.99875308
cifar10,fixed_phase,1024,518,0.69883315,0.02035759,1.01079993
cifar10,fixed_phase,1024,519,0.70319207,0.01853599,1.0121788
cifar10,fixed_phase,1024,520,0.70222704,0.02541473,1.03260619
cifar10,fixed_phase,1024,521,0.70932726,0.06629329,0.97084793
cifar10,fixed_phase,1024,522,0.70437785,0.07320733,0.98222618
cifar10,fixed_phase,1024,523,0.69772273,0.01848196,1.00909943
cifar10,fixed_phase,1024,524,0.70640099,0.017036,1.00660426
cifar10,fixed_phase,1024,525,0.71064624,0.07237624,0.984614
cifar10,fixed_phase,1024,526,0.71155156,0.0020202,1.00274112
cifar10,fixed_phase,1024,527,0.70674311,7.36e-06,0.97910033
cifar10,fixed_phase,1024,528,0.70311631,0.15664875,0.99275142
cifar10,fixed_phase,1024,529,0.71014274,0.03286431,0.99363025
cifar10,fixed_phase,1024,530,0.71736215,0.01164223,0.98278082
cifar10,fixed_phase,1024,531,0.70184658,0.08103069,1.00646728
cifar10,fixed_phase,1024,532,0.69804171,0.00309596,1.00234917
cifar10,fixed_phase,1024,533,0.70894998,0.05166077,1.00512014
cifar10,fixed_phase,1024,534,0.70642545,0.04166124,0.97882821
cifar10,fixed_phase,1024,535,0.70556639,0.00473273,0.98824676
cifar10,fixed_phase,1024,536,0.71311408,0.05791006,1.02309324
cifar10,fixed_phase,1024,537,0.69348176,0.00264321,1.02446409
cifar10,fixed_phase,1024,538,0.70747678,0.01330283,1.00692606
cifar10,fixed_phase,1024,539,0.70171732,0.01036065,0.99992859
cifar10,fixed_phase,1024,540,0.70512612,0.09802354,1.00042578
cifar10,fixed_phase,1024,541,0.7120284,0.07762244,0.98492076
cifar10,fixed_phase,1024,542,0.70256373,0.00782815,0.99801061
cifar10,fixed_phase,1024,543,0.70568748,0.11648629,1.01923818
cifar10,fixed_phase,1024,544,0.70673594,0.01104931,0.9944072
cifar10,fixed_phase,1024,545,0.70979607,0.01009174,1.00360483
cifar10,fixed_phase,1024,546,0.70091237,0.00501133,1.01379863
cifar10,fixed_phase,1024,547,0.70571778,0.00394731,0.99699158
cifar10,fixed_phase,1024,548,0.70977145,0.00734269,0.99203935
cifar10,fixed_phase,1024,549,0.7048379,0.01411997,1.02459504
cifar10,fixed_phase,1024,550,0.70285011,0.04507473,0.98410552
cifar10,fixed_phase,1024,551,0.70883661,0.05836779,1.00125804
cifar10,fixed_phase,1024,552,0.71029908,0.0137347,1.02972495
cifar10,fixed_phase,1024,553,0.70868879,0.05867113,1.00192351
cifar10,fixed_phase,1024,554,0.71122287,0.07206272,0.98020122
cifar10,fixed_phase,1024,555,0.70790866,0.02064106,0.99526542
cifar10,fixed_phase,1024,556,0.69819445,0.04752511,0.98557652
cifar10,fixed_phase,1024,557,0.7208815,0.02670919,1.01780495
cifar10,fixed_phase,1024,558,0.70742663,0.02485515,0.98243823
cifar10,fixed_phase,1024,559,0.71583885,0.00470794,1.00814354
cifar10,fixed_phase,1024,560,0.71603722,0.02505063,1.01025456
cifar10,fixed_phase,1024,561,0.70801312,0.00597755,0.99657704
cifar10,fixed_phase,1024,562,0.70087252,0.00275566,1.00269406
cifar10,fixed_phase,1024,563,0.70307653,0.07191683,1.00453831
cifar10,fixed_phase,1024,564,0.71065078,0.02164756,1.00635187
cifar10,fixed_phase,1024,565,0.70316387,0.00220207,1.01640286
cifar10,fixed_phase,1024,566,0.71989626,0.08768127,0.98518004
cifar10,fixed_phase,1024,567,0.7101031,0.03003298,0.98962884
cifar10,fixed_phase,1024,568,0.70633427,0.08722654,0.98540242
cifar10,fixed_phase,1024,569,0.6990538,0.10429601,1.01017734
cifar10,fixed_phase,1024,570,0.71186084,0.03052505,1.00121034
cifar10,fixed_phase,1024,571,0.70820641,0.05873085,0.99154951
cifar10,fixed_phase,1024,572,0.71431458,0.03202183,0.98639482
cifar10,fixed_phase,1024,573,0.70457236,0.03989172,0.98647122
cifar10,fixed_phase,1024,574,0.70633996,0.01203304,0.98638734
cifar10,fixed_phase,1024,575,0.7073975,0.03412457,0.98307512
cifar10,fixed_phase,1024,576,0.71037587,0.02211003,0.99617842
cifar10,fixed_phase,1024,577,0.70378581,0.01206873,1.00971702
cifar10,fixed_phase,1024,578,0.70984197,0.03521395,1.02823029
cifar10,fixed_phase,1024,579,0.69955458,0.02949338,0.99517213
cifar10,fixed_phase,1024,580,0.71116135,0.02300631,1.02496906
cifar10,fixed_phase,1024,581,0.70621283,0.00853307,1.01931253
cifar10,fixed_phase,1024,582,0.7043469,0.01640505,0.98434078
cifar10,fixed_phase,1024,583,0.69853955,0.04545616,0.98618054
cifar10,fixed_phase,1024,584,0.70996732,0.01075021,1.00508459
cifar10,fixed_phase,1024,585,0.702076,0.0487639,1.03110551
cifar10,fixed_phase,1024,586,0.70515918,0.02559863,1.00485431
cifar10,fixed_phase,1024,587,0.70233115,0.00352779,1.00774719
cifar10,fixed_phase,1024,588,0.70762996,0.08015677,0.99754645
cifar10,fixed_phase,1024,589,0.70368597,0.0448731,0.99807166
cifar10,fixed_phase,1024,590,0.70007774,0.04411767,1.01790636
cifar10,fixed_phase,1024,591,0.69926221,0.05695763,0.99146238
cifar10,fixed_phase,1024,592,0.71061045,0.02638727,0.99803126
cifar10,fixed_phase,1024,593,0.71367923,0.12649118,0.98546079
cifar10,fixed_phase,1024,594,0.70905303,0.05931463,0.97993161
cifar10,fixed_phase,1024,595,0.70832771,0.03524323,0.99029373
cifar10,fixed_phase,1024,596,0.70396645,0.02656857,1.03360673
cifar10,fixed_phase,1024,597,0.70583039,0.02642217,1.02667314
cifar10,fixed_phase,1024,598,0.70879179,0.03353139,1.00374974
cifar10,fixed_phase,1024,599,0.70242545,0.02002484,0.98819988
cifar10,fixed_phase,1024,600,0.69690747,0.04615203,0.99293986
cifar10,fixed_phase,1024,601,0.71199764,0.06428578,0.99985153
cifar10,fixed_phase,1024,602,0.71795244,0.03691223,0.97562461
cifar10,fixed_phase,1024,603,0.70456781,0.10374775,1.00793504
cifar10,fixed_phase,1024,604,0.70758538,0.00650146,1.01020803
cifar10,fixed_phase,1024,605,0.71121673,0.03727405,0.96927638
cifar10,fixed_phase,1024,606,0.71034051,0.00704163,1.0491046
cifar10,fixed_phase,1024,607,0.70425877,0.00969158,1.01477964
cifar10,fixed_phase,1024,608,0.70052471,0.025439,1.01338703
cifar10,fixed_phase,1024,609,0.71394407,0.02498535,1.01499715
cifar10,fixed_phase,1024,610,0.6981365,0.02348504,0.99661221
cifar10,fixed_phase,1024,611,0.70029115,0.13727939,0.9995098
cifar10,fixed_phase,1024,612,0.69373154,0.01262331,0.9817627
cifar10,fixed_phase,1024,613,0.70367487,0.08409984,0.99713167
cifar10,fixed_phase,1024,614,0.71993112,0.07026699,0.97715673
cifar10,fixed_phase,1024,615,0.70539935,0.01080113,1.00542866
cifar10,fixed_phase,1024,616,0.7031518,0.06018692,0.99803598
cifar10,fixed_phase,1024,617,0.70055885,0.05606483,0.9973713
cifar10,fixed_phase,1024,618,0.70916766,0.03231441,1.02510957
cifar10,fixed_phase,1024,619,0.7056789,0.17490911,1.01054194
cifar10,fixed_phase,1024,620,0.70874588,0.00025513,1.01884391
cifar10,fixed_phase,1024,621,0.70416303,0.02315141,1.00783561
cifar10,fixed_phase,1024,622,0.70114125,0.02056215,0.98629963
cifar10,fixed_phase,1024,623,0.69865065,0.03622888,1.03529897
cifar10,fixed_phase,1024,624,0.70717615,0.03225562,1.00054339
cifar10,fixed_phase,1024,625,0.69959992,0.03030762,1.01645934
cifar10,fixed_phase,1024,626,0.70564877,0.034319,0.99771844
cifar10,fixed_phase,1024,627,0.69763753,0.00115763,0.99258572
cifar10,fixed_phase,1024,628,0.70287836,0.07097802,1.01129496
cifar10,fixed_phase,1024,629,0.71233176,0.05081098,1.00629263
cifar10,fixed_phase,1024,630,0.70261427,0.06049424,0.98875445
cifar10,fixed_phase,1024,631,0.70859677,0.02190541,1.03105903
cifar10,fixed_phase,1024,632,0.70857453,0.0851425,1.02193161
cifar10,fixed_phase,1024,633,0.70369014,0.09553233,1.0090362
cifar10,fixed_phase,1024,634,0.7065638,0.04103727,0.98171778
cifar10,fixed_phase,1024,635,0.70058413,0.0615907,1.02485801
cifar10,fixed_phase,1024,636,0.71426658,0.05441205,0.99246996
cifar10,fixed_phase,1024,637,0.70267774,0.03707379,0.9825664
cifar10,fixed_phase,1024,638,0.69918897,0.00801308,0.98012702
cifar10,fixed_phase,1024,639,0.70574388,0.03753365,1.01920205
cifar10,fixed_phase,1024,640,0.71470491,0.04843143,0.99263657
cifar10,fixed_phase,1024,641,0.69729326,0.03138377,0.98249991
cifar10,fixed_phase,1024,642,0.71542376,0.0864808,0.99732367
cifar10,fixed_phase,1024,643,0.70489328,0.02031473,1.00055072
cifar10,fixed_phase,1024,644,0.70832483,0.04066967,1.02339836
cifar10,fixed_phase,1024,645,0.70457463,0.05233699,1.04069424
cifar10,fixed_phase,1024,646,0.70584079,0.0102896,1.01721017
cifar10,fixed_phase,1024,647,0.70298017,0.05328879,1.0041575
cifar10,fixed_phase,1024,648,0.70620318,0.01982276,0.98598413
cifar10,fixed_phase,1024,649,0.7075543,0.03245306,1.00177287
cifar10,fixed_phase,1024,650,0.70822691,0.06216797,0.97355116
cifar10,fixed_phase,1024,651,0.71180074,0.0171264,0.99925788
cifar10,fixed_phase,1024,652,0.7003711,0.04692258,1.0106677
cifar10,fixed_phase,1024,653,0.70510431,0.00965011,1.01998359
cifar10,fixed_phase,1024,654,0.70207791,0.05509021,1.01683825
cifar10,fixed_phase,1024,655,0.69977859,0.05156605,1.01995161
cifar10,fixed_phase,1024,656,0.71172834,0.00658082,1.00720846
cifar10,fixed_phase,1024,657,0.70608961,0.03794674,1.01615625
cifar10,fixed_phase,1024,658,0.71579985,0.03399205,0.99038127
cifar10,fixed_phase,1024,659,0.70531917,0.017807,0.97366771
cifar10,fixed_phase,1024,660,0.70496745,0.07433648,0.96399492
cifar10,fixed_phase,1024,661,0.7063572,0.1056073,1.01298127
cifar10,fixed_phase,1024,662,0.7197754,0.03840532,1.00177158
cifar10,fixed_phase,1024,663,0.70920676,0.01372284,0.97964257
cifar10,fixed_phase,1024,664,0.70297191,0.11411326,1.02602229
cifar10,fixed_phase,1024,665,0.71070836,0.04787087,1.01800167
cifar10,fixed_phase,1024,666,0.70673717,0.06178869,0.98718619
cifar10,fixed_phase,1024,667,0.7174424,0.0365918,1.02213839
cifar10,fixed_phase,1024,668,0.71196166,0.04229402,1.00701016
cifar10,fixed_phase,1024,669,0.70639785,0.02755564,0.98164255
cifar10,fixed_phase,1024,670,0.71025132,0.03035595,1.008685
cifar10,fixed_phase,1024,671,0.7065505,0.00251179,0.98148419
cifar10,fixed_phase,1024,672,0.70968582,0.02502891,1.01723159
cifar10,fixed_phase,1024,673,0.70761591,0.06426084,1.0116835
cifar10,fixed_phase,1024,674,0.70507664,0.00816788,1.01634403
cifar10,fixed_phase,1024,675,0.71473086,0.03785138,1.01206761
cifar10,fixed_phase,1024,676,0.70581694,0.02815874,1.04001869
cifar10,fixed_phase,1024,677,0.70026753,0.03600906,0.98737161
cifar10,fixed_phase,1024,678,0.71162416,0.06112404,0.99215584
cifar10,fixed_phase,1024,679,0.71464613,0.09338989,0.99920235
cifar10,fixed_phase,1024,680,0.70230938,0.01915083,0.98937388
cifar10,fixed_phase,1024,681,0.70252316,0.02598505,1.00377373
cifar10,fixed_phase,1024,682,0.70565311,0.06969657,0.99091741
cifar10,fixed_phase,1024,683,0.70850087,0.10731475,0.97013136
cifar10,fixed_phase,1024,684,0.70744497,0.03325369,0.98507225
cifar10,fixed_phase,1024,685,0.7092858,0.04906505,1.01971293
cifar10,fixed_phase,1024,686,0.70076003,0.06878995,0.99341616
cifar10,fixed_phase,1024,687,0.70208975,0.09169569,0.99790245
cifar10,fixed_phase,1024,688,0.71016637,0.03250931,0.99022959
cifar10,fixed_phase,1024,689,0.70612187,0.05497464,1.02920276
cifar10,fixed_phase,1024,690,0.71180239,0.07403895,0.99771512
cifar10,fixed_phase,1024,691,0.70416289,0.03217526,1.03037059
cifar10,fixed_phase,1024,692,0.70414998,0.04160512,1.01782817
cifar10,fixed_phase,1024,693,0.70290503,0.04430555,1.00058739
cifar10,fixed_phase,1024,694,0.70084798,0.07342931,1.01185067
cifar10,fixed_phase,1024,695,0.70569506,0.02589253,1.00441814
cifar10,fixed_phase,1024,696,0.70599374,0.02918246,0.98881769
cifar10,fixed_phase,1024,697,0.70718334,0.0131853,1.02079624
cifar10,fixed_phase,1024,698,0.70642763,0.0097939,0.99451302
cifar10,fixed_phase,1024,699,0.71014585,0.04606162,0.99001571
cifar10,fixed_phase,1024,700,0.70962474,0.09461538,0.99158554
cifar10,fixed_phase,1024,701,0.69666707,0.00837343,0.99296732
cifar10,fixed_phase,1024,702,0.70856622,0.00961915,0.98123602
cifar10,fixed_phase,1024,703,0.70833113,0.09169526,1.0008217
cifar10,fixed_phase,1024,704,0.70714083,0.02045241,1.00051826
cifar10,fixed_phase,1024,705,0.71097049,0.01871508,0.99973705
cifar10,fixed_phase,1024,706,0.71601732,0.00854093,0.99299719
cifar10,fixed_phase,1024,707,0.70497981,0.078735,1.00726236
cifar10,fixed_phase,1024,708,0.70415984,0.00030368,0.99930005
cifar10,fixed_phase,1024,709,0.70759473,0.04240564,1.00704171
cifar10,fixed_phase,1024,710,0.70554535,0.03922345,0.99979498
cifar10,fixed_phase,1024,711,0.69895376,0.0122786,1.00236601
cifar10,fixed_phase,1024,712,0.69848792,0.07480832,0.97824885
cifar10,fixed_phase,1024,713,0.70829322,0.0098591,0.98630592
cifar10,fixed_phase,1024,714,0.70416617,0.00153632,1.00515829
cifar10,fixed_phase,1024,715,0.7063344,0.01911762,0.9791564
cifar10,fixed_phase,1024,716,0.71579845,0.05884719,0.98315954
cifar10,fixed_phase,1024,717,0.70909934,0.04858953,0.9993981
cifar10,fixed_phase,1024,718,0.71610867,0.0186514,0.98080176
cifar10,fixed_phase,1024,719,0.70709896,0.01554106,0.99201775
cifar10,fixed_phase,1024,720,0.70942752,0.02525163,1.00267276
cifar10,fixed_phase,1024,721,0.71679238,0.05669844,1.00634515
cifar10,fixed_phase,1024,722,0.69993858,0.07954457,1.00563707
cifar10,fixed_phase,1024,723,0.69939003,0.00665927,1.00721821
cifar10,fixed_phase,1024,724,0.71646337,0.02814255,0.98062023
cifar10,fixed_phase,1024,725,0.7067326,0.02844577,1.00741915
cifar10,fixed_phase,1024,726,0.70776525,0.06734787,0.99993249
cifar10,fixed_phase,1024,727,0.70830356,0.05673586,1.00744166
cifar10,fixed_phase,1024,728,0.69827693,0.03410438,0.97068088
cifar10,fixed_phase,1024,729,0.71261113,0.02983444,1.02675684
cifar10,fixed_phase,1024,730,0.70781876,0.04977233,0.97065421
cifar10,fixed_phase,1024,731,0.70163748,0.08979092,1.00755761
cifar10,fixed_phase,1024,732,0.7068355,0.06975568,0.99770239
cifar10,fixed_phase,1024,733,0.70394442,0.00905848,1.00348447
cifar10,fixed_phase,1024,734,0.70215353,0.02609812,1.00486366
cifar10,fixed_phase,1024,735,0.70901248,0.05751113,1.00037789
cifar10,fixed_phase,1024,736,0.70656964,0.04980574,0.98617735
cifar10,fixed_phase,1024,737,0.68997601,0.01160296,1.01682878
cifar10,fixed_phase,1024,738,0.71044177,0.01684529,0.99374015
cifar10,fixed_phase,1024,739,0.7077661,0.00165008,1.00464318
cifar10,fixed_phase,1024,740,0.7043889,0.0632412,0.98536878
cifar10,fixed_phase,1024,741,0.71111949,0.00481147,1.00349847
cifar10,fixed_phase,1024,742,0.69584048,0.01824505,0.98474103
cifar10,fixed_phase,1024,743,0.70725083,0.0409538,0.99881647
cifar10,fixed_phase,1024,744,0.69565371,0.02050571,0.99455296
cifar10,fixed_phase,1024,745,0.69428324,0.02458138,0.9970712
cifar10,fixed_phase,1024,746,0.70270033,0.02433925,0.99912876
cifar10,fixed_phase,1024,747,0.7048144,0.05015927,1.01124644
cifar10,fixed_phase,1024,748,0.70213013,0.01308858,1.02084513
cifar10,fixed_phase,1024,749,0.70660134,0.09800898,1.00692065
cifar10,fixed_phase,1024,750,0.70500341,0.06106987,1.00284797
cifar10,fixed_phase,1024,751,0.71419187,0.0171211,1.00939514
cifar10,fixed_phase,1024,752,0.70268072,0.03783458,1.00220624
cifar10,fixed_phase,1024,753,0.71355665,0.09740639,1.01457934
cifar10,fixed_phase,1024,754,0.71236873,0.00183245,0.96980665
cifar10,fixed_phase,1024,755,0.71039745,0.01011509,1.00644322
cifar10,fixed_phase,1024,756,0.69905201,0.02634893,1.0211507
cifar10,fixed_phase,1024,757,0.71414766,0.03987437,0.98946835
cifar10,fixed_phase,1024,758,0.69604278,0.07089854,1.00938716
cifar10,fixed_phase,1024,759,0.70213211,0.08851512,1.02922321
cifar10,fixed_phase,1024,760,0.69872023,0.0654174,1.01495885
cifar10,fixed_phase,1024,761,0.70274607,0.02254131,1.01702794
cifar10,fixed_phase,1024,762,0.69784761,0.01270643,0.97329534
cifar10,fixed_phase,1024,763,0.70005974,0.01838995,0.99637651
cifar10,fixed_phase,1024,764,0.69455146,0.0065144,1.01187026
cifar10,fixed_phase,1024,765,0.70495074,0.09633792,1.01173339
cifar10,fixed_phase,1024,766,0.70847257,0.01589753,0.99426316
cifar10,fixed_phase,1024,767,0.70409878,0.0474019,0.99801914
cifar10,fixed_phase,1024,768,0.70226059,0.03923663,0.99377909
cifar10,fixed_phase,1024,769,0.70787502,0.07016202,0.9993663
cifar10,fixed_phase,1024,770,0.70552688,0.08214623,1.01105262
cifar10,fixed_phase,1024,771,0.70620957,0.03776765,0.97678954
cifar10,fixed_phase,1024,772,0.70999264,0.05852556,0.99657223
cifar10,fixed_phase,1024,773,0.70732474,0.05693891,1.01458137
cifar10,fixed_phase,1024,774,0.70352792,0.06120677,0.99207298
cifar10,fixed_phase,1024,775,0.70692286,0.00511545,1.01911518
cifar10,fixed_phase,1024,776,0.70631752,0.03788753,1.01022101
cifar10,fixed_phase,1024,777,0.70699252,0.01186533,1.00682895
cifar10,fixed_phase,1024,778,0.70350228,0.03874093,1.00568857
cifar10,fixed_phase,1024,779,0.70470045,0.01041029,1.0070202
cifar10,fixed_phase,1024,780,0.71240296,0.02647824,0.98799905
cifar10,fixed_phase,1024,781,0.70380945,0.02803856,0.99685549
cifar10,fixed_phase,1024,782,0.69376264,0.13523403,0.99426617
cifar10,fixed_phase,1024,783,0.71088223,0.09569647,1.01191917
cifar10,fixed_phase,1024,784,0.70165458,0.01369412,1.03889585
cifar10,fixed_phase,1024,785,0.69578311,0.04033661,0.98633469
cifar10,fixed_phase,1024,786,0.71070056,0.01719739,0.98871776
cifar10,fixed_phase,1024,787,0.71022298,0.03588897,0.97714983
cifar10,fixed_phase,1024,788,0.72084449,0.05290389,0.99355974
cifar10,fixed_phase,1024,789,0.71349537,0.00347597,1.01234948
cifar10,fixed_phase,1024,790,0.70505286,0.00344723,1.01595838
cifar10,fixed_phase,1024,791,0.7190069,0.06835223,0.98372689
cifar10,fixed_phase,1024,792,0.70695025,0.0322925,0.99619119
cifar10,fixed_phase,1024,793,0.70592458,0.00475278,0.99667275
cifar10,fixed_phase,1024,794,0.70859575,0.02760879,1.00608344
cifar10,fixed_phase,1024,795,0.71802826,0.00924022,0.99009892
cifar10,fixed_phase,1024,796,0.70355152,0.11983742,0.99852536
cifar10,fixed_phase,1024,797,0.7041987,0.07296385,0.980498
cifar10,fixed_phase,1024,798,0.71042141,0.04007493,0.99948406
cifar10,fixed_phase,1024,799,0.70992956,0.02410417,1.04151076
cifar10,fixed_phase,1024,800,0.71812333,0.05669432,0.98933595
cifar10,fixed_phase,1024,801,0.70737125,0.06138484,0.98261266
cifar10,fixed_phase,1024,802,0.70793441,0.02147887,1.01866532
cifar10,fixed_phase,1024,803,0.70216329,0.07340359,0.98779634
cifar10,fixed_phase,1024,804,0.70996155,0.01442968,0.99438674
cifar10,fixed_phase,1024,805,0.70614583,0.03527582,0.9744562
cifar10,fixed_phase,1024,806,0.7059488,0.03719021,0.98483693
cifar10,fixed_phase,1024,807,0.7008118,0.00660366,0.99176125
cifar10,fixed_phase,1024,808,0.71269065,0.01113609,0.97990815
cifar10,fixed_phase,1024,809,0.70959016,0.04528307,1.00351751
cifar10,fixed_phase,1024,810,0.72474035,0.12364619,1.00123488
cifar10,fixed_phase,1024,811,0.70814421,0.0397858,0.99530137
cifar10,fixed_phase,1024,812,0.70190197,0.06238873,0.98169537
cifar10,fixed_phase,1024,813,0.71804957,0.01718075,1.00002236
cifar10,fixed_phase,1024,814,0.69869774,0.12612469,1.00547954
cifar10,fixed_phase,1024,815,0.69525482,0.06241509,1.01210597
cifar10,fixed_phase,1024,816,0.70305974,0.02243382,1.01655983
cifar10,fixed_phase,1024,817,0.70326091,0.06372752,0.99402352
cifar10,fixed_phase,1024,818,0.71017829,0.00786283,1.01220621
cifar10,fixed_phase,1024,819,0.70659415,0.01299202,0.99339968
cifar10,fixed_phase,1024,820,0.69314298,0.00999018,0.98447266
cifar10,fixed_phase,1024,821,0.71864937,0.00505109,0.97948196
cifar10,fixed_phase,1024,822,0.6993632,0.10848555,1.01098823
cifar10,fixed_phase,1024,823,0.71375311,0.07747525,0.96912607
cifar10,fixed_phase,1024,824,0.70615787,0.03364141,0.95411772
cifar10,fixed_phase,1024,825,0.70592221,0.01366313,0.98775846
cifar10,fixed_phase,1024,826,0.6973091,0.0387541,1.00735461
cifar10,fixed_phase,1024,827,0.71197218,0.00312992,0.99125654
cifar10,fixed_phase,1024,828,0.70461529,0.00238615,1.00844319
cifar10,fixed_phase,1024,829,0.70507614,0.01092318,1.00044483
cifar10,fixed_phase,1024,830,0.7093222,0.01513285,0.99371339
cifar10,fixed_phase,1024,831,0.7068612,0.0866032,0.9937422
cifar10,fixed_phase,1024,832,0.69382515,0.03315896,1.02167412
cifar10,fixed_phase,1024,833,0.70465529,0.00056624,0.99466171
cifar10,fixed_phase,1024,834,0.71651088,0.04521185,0.98927315
cifar10,fixed_phase,1024,835,0.70177797,0.0154972,1.00750352
cifar10,fixed_phase,1024,836,0.71200266,0.00890068,0.9812073
cifar10,fixed_phase,1024,837,0.7117865,0.02314051,1.01231419
cifar10,fixed_phase,1024,838,0.70907056,0.03773832,0.99043061
cifar10,fixed_phase,1024,839,0.72181899,0.04516834,1.01477514
cifar10,fixed_phase,1024,840,0.70879126,0.02922571,1.00302343
cifar10,fixed_phase,1024,841,0.70812838,0.02336274,1.01778094
cifar10,fixed_phase,1024,842,0.70221214,0.09201218,0.98150615
cifar10,fixed_phase,1024,843,0.70568713,0.00587371,0.98843896
cifar10,fixed_phase,1024,844,0.70769714,0.0641261,1.01272085
cifar10,fixed_phase,1024,845,0.70913416,0.09995283,0.98743475
cifar10,fixed_phase,1024,846,0.71177139,0.00102822,0.98876534
cifar10,fixed_phase,1024,847,0.70094136,0.00867852,0.9836924
cifar10,fixed_phase,1024,848,0.70627609,0.00502043,0.99871692
cifar10,fixed_phase,1024,849,0.7036903,0.03284673,1.0331578
cifar10,fixed_phase,1024,850,0.70574355,0.00392491,0.98213608
cifar10,fixed_phase,1024,851,0.70929169,0.06067599,1.00775792
cifar10,fixed_phase,1024,852,0.70688221,0.09922229,0.99506896
cifar10,fixed_phase,1024,853,0.71062158,0.03930308,0.99736891
cifar10,fixed_phase,1024,854,0.68785667,0.06866717,0.99733689
cifar10,fixed_phase,1024,855,0.7214923,0.08297462,1.0052613
cifar10,fixed_phase,1024,856,0.69656719,0.09590295,1.01234972
cifar10,fixed_phase,1024,857,0.70856109,0.12509933,1.01024037
cifar10,fixed_phase,1024,858,0.70468564,0.06854068,1.04002958
cifar10,fixed_phase,1024,859,0.71713741,0.01928428,1.00146788
cifar10,fixed_phase,1024,860,0.71081062,0.02542161,0.98474286
cifar10,fixed_phase,1024,861,0.72409081,0.00394213,0.99688735
cifar10,fixed_phase,1024,862,0.70048545,0.03290874,1.02644795
cifar10,fixed_phase,1024,863,0.70252566,0.06803989,1.0058927
cifar10,fixed_phase,1024,864,0.70866723,0.01597498,1.00546569
cifar10,fixed_phase,1024,865,0.70431448,0.01157742,1.01263325
cifar10,fixed_phase,1024,866,0.70194145,0.02122647,0.99932962
cifar10,fixed_phase,1024,867,0.69713024,0.03597951,0.98568634
cifar10,fixed_phase,1024,868,0.70651074,0.04524086,0.96649397
cifar10,fixed_phase,1024,869,0.70751764,0.00282011,1.02441545
cifar10,fixed_phase,1024,870,0.6993225,0.05560671,0.98568062
cifar10,fixed_phase,1024,871,0.69635301,0.05660672,0.98645062
cifar10,fixed_phase,1024,872,0.70438509,0.02367981,1.01981669
cifar10,fixed_phase,1024,873,0.70686868,0.01506382,1.00900587
cifar10,fixed_phase,1024,874,0.70769508,0.06742914,0.99389122
cifar10,fixed_phase,1024,875,0.70739824,0.08414081,1.02067098
cifar10,fixed_phase,1024,876,0.70991513,0.05671215,0.98964195
cifar10,fixed_phase,1024,877,0.71123979,0.00414159,0.97399879
cifar10,fixed_phase,1024,878,0.70612,0.02251855,1.01866277
cifar10,fixed_phase,1024,879,0.70987114,0.04638888,0.98693806
cifar10,fixed_phase,1024,880,0.69508182,0.02793647,0.97885006
cifar10,fixed_phase,1024,881,0.7113461,0.00503322,1.00125669
cifar10,fixed_phase,1024,882,0.70684792,0.03437288,0.99797566
cifar10,fixed_phase,1024,883,0.70715501,0.07233823,1.01096267
cifar10,fixed_phase,1024,884,0.71033275,0.00036039,0.97897906
cifar10,fixed_phase,1024,885,0.71770359,0.07361644,1.00808861
cifar10,fixed_phase,1024,886,0.70907604,0.0994947,0.99302433
cifar10,fixed_phase,1024,887,0.711925,0.05484167,0.98481802
cifar10,fixed_phase,1024,888,0.71026184,0.06878972,1.0150257
cifar10,fixed_phase,1024,889,0.70230858,0.00100485,1.00750373
cifar10,fixed_phase,1024,890,0.70735123,0.01634274,1.03970233
cifar10,fixed_phase,1024,891,0.71300457,0.01107232,0.98535085
cifar10,fixed_phase,1024,892,0.70466213,0.07311807,1.01630078
cifar10,fixed_phase,1024,893,0.708859,0.01183999,0.99981023
cifar10,fixed_phase,1024,894,0.70210898,0.01960777,1.00403011
cifar10,fixed_phase,1024,895,0.71203115,0.00854103,1.00759773
cifar10,fixed_phase,1024,896,0.70602248,0.07177757,1.00086645
cifar10,fixed_phase,1024,897,0.70925621,0.00120791,1.00799164
cifar10,fixed_phase,1024,898,0.70611511,0.0583713,1.01695363
cifar10,fixed_phase,1024,899,0.71136476,0.00415933,0.98056283
cifar10,fixed_phase,1024,900,0.70849513,0.05360907,1.00780843
cifar10,fixed_phase,1024,901,0.70253102,0.01957688,0.98448708
cifar10,fixed_phase,1024,902,0.70269263,0.02146961,1.00103489
cifar10,fixed_phase,1024,903,0.71117938,0.07133375,0.96729749
cifar10,fixed_phase,1024,904,0.71149237,0.0038945,1.0456568
cifar10,fixed_phase,1024,905,0.70978954,0.00304689,0.99875797
cifar10,fixed_phase,1024,906,0.70996452,0.07687725,0.97911623
cifar10,fixed_phase,1024,907,0.69465178,0.0173227,0.98998575
cifar10,fixed_phase,1024,908,0.7061319,0.01725655,1.00726642
cifar10,fixed_phase,1024,909,0.70185764,0.08100047,1.0055152
cifar10,fixed_phase,1024,910,0.70686943,0.00292464,0.99699865
cifar10,fixed_phase,1024,911,0.70306809,0.02474751,0.98926764
cifar10,fixed_phase,1024,912,0.70546855,0.04128917,1.00796045
cifar10,fixed_phase,1024,913,0.70490955,0.02161771,0.99473708
cifar10,fixed_phase,1024,914,0.70058677,0.04905117,1.02615144
cifar10,fixed_phase,1024,915,0.70337984,0.07897338,1.01964655
cifar10,fixed_phase,1024,916,0.70997469,0.03588428,0.99578274
cifar10,fixed_phase,1024,917,0.71393442,0.04912142,0.99441201
cifar10,fixed_phase,1024,918,0.711579,0.05746564,1.02301356
cifar10,fixed_phase,1024,919,0.70472235,0.00977353,0.9923075
cifar10,fixed_phase,1024,920,0.70767566,0.0217053,0.99431457
cifar10,fixed_phase,1024,921,0.70642349,0.04974382,1.01238174
cifar10,fixed_phase,1024,922,0.69623379,0.05359941,0.98826802
cifar10,fixed_phase,1024,923,0.70807001,0.09488459,1.01539925
cifar10,fixed_phase,1024,924,0.71185666,0.04986919,1.00985782
cifar10,fixed_phase,1024,925,0.71173556,0.03018815,0.98527088
cifar10,fixed_phase,1024,926,0.7049443,0.02912092,0.97877108
cifar10,fixed_phase,1024,927,0.72492483,0.0533836,0.99650875
cifar10,fixed_phase,1024,928,0.70705165,0.03969146,0.99509658
cifar10,fixed_phase,1024,929,0.7056415,0.07592088,1.02556277
cifar10,fixed_phase,1024,930,0.7037236,0.08005134,0.97624134
cifar10,fixed_phase,1024,931,0.7116615,0.09497522,0.99024026
cifar10,fixed_phase,1024,932,0.71516913,0.0272594,0.99426726
cifar10,fixed_phase,1024,933,0.71640729,0.05686891,0.99284696
cifar10,fixed_phase,1024,934,0.7045491,0.02361905,1.00581541
cifar10,fixed_phase,1024,935,0.70462284,0.03045972,1.00472497
cifar10,fixed_phase,1024,936,0.71069333,0.01386131,1.0095119
cifar10,fixed_phase,1024,937,0.70644147,0.06489946,1.00237918
cifar10,fixed_phase,1024,938,0.70239196,0.0214195,1.01452058
cifar10,fixed_phase,1024,939,0.7133586,0.07338199,1.0061453
cifar10,fixed_phase,1024,940,0.71272725,0.05691389,1.00902087
cifar10,fixed_phase,1024,941,0.69213967,0.03219546,1.00035772
cifar10,fixed_phase,1024,942,0.70785507,0.03766134,0.98752532
cifar10,fixed_phase,1024,943,0.70437704,0.06385863,1.00225806
cifar10,fixed_phase,1024,944,0.70576686,0.01136572,0.9875226
cifar10,fixed_phase,1024,945,0.70696164,0.02005504,0.98625157
cifar10,fixed_phase,1024,946,0.720134,0.0193645,1.0132917
cifar10,fixed_phase,1024,947,0.70434952,0.0098411,0.98397085
cifar10,fixed_phase,1024,948,0.71079006,0.01353959,0.9953268
cifar10,fixed_phase,1024,949,0.71426933,0.00964882,0.98657817
cifar10,fixed_phase,1024,950,0.71541925,0.00097195,0.99653763
cifar10,fixed_phase,1024,951,0.69841533,0.03316732,0.99966649
cifar10,fixed_phase,1024,952,0.70713734,0.0227284,0.9957195
cifar10,fixed_phase,1024,953,0.70799921,0.02140416,0.99210858
cifar10,fixed_phase,1024,954,0.69452264,0.0324299,1.02243368
cifar10,fixed_phase,1024,955,0.70583743,0.06149839,0.97808596
cifar10,fixed_phase,1024,956,0.704738,0.10471762,0.9846923
cifar10,fixed_phase,1024,957,0.71512421,0.04584308,1.02784591
cifar10,fixed_phase,1024,958,0.70143497,0.02148199,0.99484934
cifar10,fixed_phase,1024,959,0.70325503,0.12070087,1.0035672
cifar10,fixed_phase,1024,960,0.70673676,0.02819397,0.99074607
cifar10,fixed_phase,1024,961,0.70365856,0.05183489,1.0085517
cifar10,fixed_phase,1024,962,0.70540825,0.0627411,0.99417093
cifar10,fixed_phase,1024,963,0.70203448,0.03089689,0.98103383
cifar10,fixed_phase,1024,964,0.70456883,0.08655512,0.99328776
cifar10,fixed_phase,1024,965,0.70515957,0.04619063,0.99637922
cifar10,fixed_phase,1024,966,0.70426164,0.03828467,0.98330383
cifar10,fixed_phase,1024,967,0.70209862,0.08528566,1.00493686
cifar10,fixed_phase,1024,968,0.70374461,0.00615237,1.01383668
cifar10,fixed_phase,1024,969,0.70219693,0.00156519,1.00362461
cifar10,fixed_phase,1024,970,0.70084301,0.03025275,1.01064697
cifar10,fixed_phase,1024,971,0.71288891,0.05229586,1.01201623
cifar10,fixed_phase,1024,972,0.71322412,0.00678255,0.98283352
cifar10,fixed_phase,1024,973,0.70841952,0.04514404,1.01644656
cifar10,fixed_phase,1024,974,0.71592323,0.1006049,1.01856964
cifar10,fixed_phase,1024,975,0.70597907,0.00833022,0.99150118
cifar10,fixed_phase,1024,976,0.71054783,0.00759338,0.98146008
cifar10,fixed_phase,1024,977,0.71087789,0.06154163,1.01027252
cifar10,fixed_phase,1024,978,0.69859363,0.0693203,0.98887818
cifar10,fixed_phase,1024,979,0.70749774,0.01565848,1.02143136
cifar10,fixed_phase,1024,980,0.712909,0.0323761,1.00195196
cifar10,fixed_phase,1024,981,0.70380589,0.02329783,0.99053618
cifar10,fixed_phase,1024,982,0.70713023,0.01728175,0.98831751
cifar10,fixed_phase,1024,983,0.69446671,0.00799846,0.96029424
cifar10,fixed_phase,1024,984,0.71194283,0.03559209,1.0025246
cifar10,fixed_phase,1024,985,0.71163899,0.03613132,0.99500632
cifar10,fixed_phase,1024,986,0.70783002,0.03702823,1.00715262
cifar10,fixed_phase,1024,987,0.71081366,0.00987841,1.00301041
cifar10,fixed_phase,1024,988,0.70261422,0.03211091,0.99069594
cifar10,fixed_phase,1024,989,0.70691854,0.01460243,1.00641871
cifar10,fixed_phase,1024,990,0.70730511,0.02572933,0.97417021
cifar10,fixed_phase,1024,991,0.71173656,0.05555994,1.0162881
cifar10,fixed_phase,1024,992,0.70493647,0.03247817,0.99201248
cifar10,fixed_phase,1024,993,0.70050337,0.00174767,1.00655281
cifar10,fixed_phase,1024,994,0.69655635,0.02296613,0.98779466
cifar10,fixed_phase,1024,995,0.7028836,0.03006001,1.00265089
cifar10,fixed_phase,1024,996,0.71133399,0.010885,0.97730814
cifar10,fixed_phase,1024,997,0.71345176,0.01297669,0.98765862
cifar10,fixed_phase,1024,998,0.7133935,0.01385037,0.99709891
cifar10,fixed_phase,1024,999,0.69745654,0.02619239,0.99669947
cifar10,fixed_phase,2024,0,0.70570164,0.04144213,0.9992355
cifar10,fixed_phase,2024,1,0.70153239,0.01879734,0.97733918
cifar10,fixed_phase,2024,2,0.69811177,0.05185091,0.96494112
cifar10,fixed_phase,2024,3,0.70334079,0.01379526,1.02105768
cifar10,fixed_phase,2024,4,0.71524627,0.03373351,0.97144915
cifar10,fixed_phase,2024,5,0.70443015,0.08151506,1.00696569
cifar10,fixed_phase,2024,6,0.71365086,0.0257291,0.9722346
cifar10,fixed_phase,2024,7,0.70590112,0.00591089,0.99235262
cifar10,fixed_phase,2024,8,0.71081424,0.00723079,0.99857999
cifar10,fixed_phase,2024,9,0.70223249,0.02267353,0.98464183
cifar10,fixed_phase,2024,10,0.7101968,0.05576138,1.02083866
cifar10,fixed_phase,2024,11,0.72109944,0.03252981,1.0110235
cifar10,fixed_phase,2024,12,0.70767434,0.09362452,0.99024167
cifar10,fixed_phase,2024,13,0.71748606,0.00324501,1.00214583
cifar10,fixed_phase,2024,14,0.70669489,0.02635085,1.0181588
cifar10,fixed_phase,2024,15,0.7076953,0.01140926,1.0189438
cifar10,fixed_phase,2024,16,0.7028339,0.05764289,0.99212557
cifar10,fixed_phase,2024,17,0.70697745,0.01405515,0.97336008
cifar10,fixed_phase,2024,18,0.70541507,0.03237991,1.00735058
cifar10,fixed_phase,2024,19,0.71062558,0.07523668,1.00229727
cifar10,fixed_phase,2024,20,0.70767084,0.01019193,1.01155803
cifar10,fixed_phase,2024,21,0.69628239,0.06867651,0.98807999
cifar10,fixed_phase,2024,22,0.71013587,0.00062624,0.99403089
cifar10,fixed_phase,2024,23,0.71825801,0.02794566,1.00753687
cifar10,fixed_phase,2024,24,0.70279494,0.05325416,0.99784091
cifar10,fixed_phase,2024,25,0.70046165,0.01286464,1.00284983
cifar10,fixed_phase,2024,26,0.70141138,0.01333671,0.98080074
cifar10,fixed_phase,2024,27,0.70939762,0.02829455,0.98424087
cifar10,fixed_phase,2024,28,0.70185762,0.00637912,1.00723723
cifar10,fixed_phase,2024,29,0.71144884,0.09016379,1.01879724
cifar10,fixed_phase,2024,30,0.69926375,0.021963,1.01156952
cifar10,fixed_phase,2024,31,0.71454318,0.04263927,1.00205991
cifar10,fixed_phase,2024,32,0.70021879,0.01543455,0.98869223
cifar10,fixed_phase,2024,33,0.70134114,0.02522183,1.00139308
cifar10,fixed_phase,2024,34,0.70261941,0.00579496,0.99554358
cifar10,fixed_phase,2024,35,0.70751409,0.02980575,1.00228405
cifar10,fixed_phase,2024,36,0.70709965,0.08340165,1.01962284
cifar10,fixed_phase,2024,37,0.69796715,0.03799869,1.01242639
cifar10,fixed_phase,2024,38,0.70525997,0.05239847,1.02322785
cifar10,fixed_phase,2024,39,0.69438634,0.12149773,1.00090217
cifar10,fixed_phase,2024,40,0.71597964,0.0352173,0.96028942
cifar10,fixed_phase,2024,41,0.70313758,0.00183683,0.99969129
cifar10,fixed_phase,2024,42,0.70021667,0.01112681,1.02645247
cifar10,fixed_phase,2024,43,0.71117301,0.00611802,0.99413386
cifar10,fixed_phase,2024,44,0.70084392,0.02293452,0.99708827
cifar10,fixed_phase,2024,45,0.70171039,0.04291965,1.00526017
cifar10,fixed_phase,2024,46,0.70862186,0.04743441,0.96415842
cifar10,fixed_phase,2024,47,0.71885728,0.00273365,1.00854308
cifar10,fixed_phase,2024,48,0.70750596,0.07529957,1.018457
cifar10,fixed_phase,2024,49,0.71564358,0.01194731,1.00026745
cifar10,fixed_phase,2024,50,0.70497906,0.11277127,1.01652969
cifar10,fixed_phase,2024,51,0.70480175,0.05864385,1.00603662
cifar10,fixed_phase,2024,52,0.70308196,0.00421768,0.99521468
cifar10,fixed_phase,2024,53,0.70864851,0.02301239,0.99030123
cifar10,fixed_phase,2024,54,0.71915767,0.06899881,1.00380844
cifar10,fixed_phase,2024,55,0.68691415,0.02055079,1.00354424
cifar10,fixed_phase,2024,56,0.70463762,0.02681502,1.01375934
cifar10,fixed_phase,2024,57,0.71145754,0.01613936,1.03509382
cifar10,fixed_phase,2024,58,0.69952238,0.07322834,0.99455813
cifar10,fixed_phase,2024,59,0.69800404,0.00893976,0.97262759
cifar10,fixed_phase,2024,60,0.69820227,0.03753633,0.9874914
cifar10,fixed_phase,2024,61,0.70296093,0.0593425,1.01280271
cifar10,fixed_phase,2024,62,0.70229547,0.0727665,0.98905304
cifar10,fixed_phase,2024,63,0.71266677,0.01883129,0.99252903
cifar10,fixed_phase,2024,64,0.70650445,0.05620459,0.99481178
cifar10,fixed_phase,2024,65,0.70215246,0.01081113,0.97675325
cifar10,fixed_phase,2024,66,0.69735013,0.0382323,0.99832492
cifar10,fixed_phase,2024,67,0.70817262,0.08662544,0.98937586
cifar10,fixed_phase,2024,68,0.69875117,0.00381652,1.02359694
cifar10,fixed_phase,2024,69,0.71436178,0.052497,1.01523854
cifar10,fixed_phase,2024,70,0.71505629,0.04050453,0.96924304
cifar10,fixed_phase,2024,71,0.70192087,0.0552755,1.00591762
cifar10,fixed_phase,2024,72,0.70369747,0.04037824,1.02266676
cifar10,fixed_phase,2024,73,0.69842022,0.13331578,1.00157211
cifar10,fixed_phase,2024,74,0.70031649,0.00110535,0.97920755
cifar10,fixed_phase,2024,75,0.70821749,0.10200751,1.00069799
cifar10,fixed_phase,2024,76,0.70304146,0.03490195,0.99123515
cifar10,fixed_phase,2024,77,0.71398854,0.01697659,0.99163685
cifar10,fixed_phase,2024,78,0.70401665,0.0133712,0.96738354
cifar10,fixed_phase,2024,79,0.69921801,0.00500175,0.98996038
cifar10,fixed_phase,2024,80,0.70665519,0.0572214,0.99185297
cifar10,fixed_phase,2024,81,0.70024511,0.05379874,1.01258164
cifar10,fixed_phase,2024,82,0.71016099,0.01145105,1.01665335
cifar10,fixed_phase,2024,83,0.70491362,0.02752175,0.98941223
cifar10,fixed_phase,2024,84,0.69656797,0.04968321,1.01526592
cifar10,fixed_phase,2024,85,0.71144613,0.04259923,0.9776126
cifar10,fixed_phase,2024,86,0.71317466,0.02590542,0.98869664
cifar10,fixed_phase,2024,87,0.70429277,0.02019027,0.99423368
cifar10,fixed_phase,2024,88,0.71443068,0.07437742,0.99439783
cifar10,fixed_phase,2024,89,0.70959162,0.03975092,1.02180866
cifar10,fixed_phase,2024,90,0.69668781,0.0142238,1.00796559
cifar10,fixed_phase,2024,91,0.70510835,0.02870203,0.99786041
cifar10,fixed_phase,2024,92,0.7089328,0.00294189,0.98921811
cifar10,fixed_phase,2024,93,0.70047144,0.0871719,0.98539483
cifar10,fixed_phase,2024,94,0.71670499,0.08469594,0.98879366
cifar10,fixed_phase,2024,95,0.71835447,0.03462938,0.99739417
cifar10,fixed_phase,2024,96,0.70534998,0.05646516,0.98247982
cifar10,fixed_phase,2024,97,0.70075361,0.03412774,0.96435085
cifar10,fixed_phase,2024,98,0.71354845,0.04363034,0.99269434
cifar10,fixed_phase,2024,99,0.70704804,0.01151602,0.99792299
cifar10,fixed_phase,2024,100,0.70802457,0.05253328,1.00804894
cifar10,fixed_phase,2024,101,0.70896753,0.04906295,0.98535023
cifar10,fixed_phase,2024,102,0.7063687,0.01320841,0.96163581
cifar10,fixed_phase,2024,103,0.71804529,0.04104533,0.99957116
cifar10,fixed_phase,2024,104,0.70974399,0.01056812,0.99845692
cifar10,fixed_phase,2024,105,0.69936874,0.03173064,0.98436695
cifar10,fixed_phase,2024,106,0.71340274,0.03916351,1.02100291
cifar10,fixed_phase,2024,107,0.70363439,0.05137478,0.99188846
cifar10,fixed_phase,2024,108,0.70413632,0.01385349,0.99386026
cifar10,fixed_phase,2024,109,0.70132144,0.0480516,1.01403396
cifar10,fixed_phase,2024,110,0.70298266,0.01444057,1.00859378
cifar10,fixed_phase,2024,111,0.70292433,0.08596367,1.01078208
cifar10,fixed_phase,2024,112,0.70476498,0.00857984,1.00355333
cifar10,fixed_phase,2024,113,0.70774328,0.03029036,0.99756515
cifar10,fixed_phase,2024,114,0.69469141,0.07388779,1.01520308
cifar10,fixed_phase,2024,115,0.70930536,0.01115488,0.97041318
cifar10,fixed_phase,2024,116,0.70578284,0.0969718,1.02131721
cifar10,fixed_phase,2024,117,0.70552651,0.03559787,0.98932831
cifar10,fixed_phase,2024,118,0.71089479,0.05769688,0.976583
cifar10,fixed_phase,2024,119,0.69948687,0.02210567,0.98060754
cifar10,fixed_phase,2024,120,0.71157677,0.10620917,1.01691603
cifar10,fixed_phase,2024,121,0.71294302,0.01810613,1.00887722
cifar10,fixed_phase,2024,122,0.70339003,0.01367229,1.00334574
cifar10,fixed_phase,2024,123,0.7057179,0.06114912,0.99513925
cifar10,fixed_phase,2024,124,0.69316828,0.05764445,0.9983781
cifar10,fixed_phase,2024,125,0.70276969,0.03941464,1.02143425
cifar10,fixed_phase,2024,126,0.70423248,0.02433952,0.99711821
cifar10,fixed_phase,2024,127,0.71142011,0.03827224,0.99898471
cifar10,fixed_phase,2024,128,0.70138385,0.00697999,1.0042477
cifar10,fixed_phase,2024,129,0.70661409,0.01945722,0.99372612
cifar10,fixed_phase,2024,130,0.70279582,0.04305082,1.00160974
cifar10,fixed_phase,2024,131,0.71562042,0.02587122,0.9887584
cifar10,fixed_phase,2024,132,0.7112205,0.01983136,1.00216613
cifar10,fixed_phase,2024,133,0.703578,0.01977707,0.99089616
cifar10,fixed_phase,2024,134,0.71705484,0.05734184,0.99532471
cifar10,fixed_phase,2024,135,0.70765069,0.0030972,1.01729687
cifar10,fixed_phase,2024,136,0.71213123,0.04545132,1.00679132
cifar10,fixed_phase,2024,137,0.70514679,0.06592768,1.00101443
cifar10,fixed_phase,2024,138,0.7041624,0.06937005,1.01804457
cifar10,fixed_phase,2024,139,0.70945639,0.01377588,1.00371495
cifar10,fixed_phase,2024,140,0.70531046,0.02382651,0.98227275
cifar10,fixed_phase,2024,141,0.69891728,0.05054896,0.99309394
cifar10,fixed_phase,2024,142,0.69911308,0.04550113,1.00856383
cifar10,fixed_phase,2024,143,0.70803731,0.03097176,0.95636774
cifar10,fixed_phase,2024,144,0.70192448,0.0367762,1.01313877
cifar10,fixed_phase,2024,145,0.70218311,0.0182186,0.9797985
cifar10,fixed_phase,2024,146,0.71062807,0.05216537,0.99008452
cifar10,fixed_phase,2024,147,0.71181608,0.05316646,0.97287195
cifar10,fixed_phase,2024,148,0.70644153,0.01721367,1.02025222
cifar10,fixed_phase,2024,149,0.714088,0.02620093,1.01378921
cifar10,fixed_phase,2024,150,0.71026688,0.01491721,1.01533395
cifar10,fixed_phase,2024,151,0.71246095,0.03692816,1.0178059
cifar10,fixed_phase,2024,152,0.70704681,0.01346008,0.99654738
cifar10,fixed_phase,2024,153,0.69790254,0.00709911,0.9902139
cifar10,fixed_phase,2024,154,0.70376892,0.00779172,1.00795813
cifar10,fixed_phase,2024,155,0.71321134,0.03949328,0.98085175
cifar10,fixed_phase,2024,156,0.7099153,0.02525603,1.01118186
cifar10,fixed_phase,2024,157,0.69849092,0.01908637,0.9828906
cifar10,fixed_phase,2024,158,0.71550508,0.01823568,1.00616574
cifar10,fixed_phase,2024,159,0.70869188,0.00805545,1.02301611
cifar10,fixed_phase,2024,160,0.70757952,0.05578189,0.96943713
cifar10,fixed_phase,2024,161,0.70832746,0.0216709,1.00219396
cifar10,fixed_phase,2024,162,0.70580825,0.01296422,0.98226491
cifar10,fixed_phase,2024,163,0.70578162,0.08552563,1.0034266
cifar10,fixed_phase,2024,164,0.71099479,0.0300173,0.98755786
cifar10,fixed_phase,2024,165,0.70898591,0.11851169,1.01254099
cifar10,fixed_phase,2024,166,0.70605675,0.03367419,1.00170527
cifar10,fixed_phase,2024,167,0.7042201,0.03885933,1.03546885
cifar10,fixed_phase,2024,168,0.70701811,0.02655381,1.01268672
cifar10,fixed_phase,2024,169,0.71123514,0.04252547,0.98666932
cifar10,fixed_phase,2024,170,0.70242555,0.02865982,0.99620722
cifar10,fixed_phase,2024,171,0.71149672,0.0528149,1.00876818
cifar10,fixed_phase,2024,172,0.69461657,0.00020919,1.03176869
cifar10,fixed_phase,2024,173,0.69660403,0.04219577,0.98308411
cifar10,fixed_phase,2024,174,0.70417857,0.06991324,0.99345441
cifar10,fixed_phase,2024,175,0.70414441,0.06228725,1.01500105
cifar10,fixed_phase,2024,176,0.70124376,0.01901573,0.99129099
cifar10,fixed_phase,2024,177,0.69327071,0.0338236,0.99132914
cifar10,fixed_phase,2024,178,0.69957783,0.01435784,1.01446399
cifar10,fixed_phase,2024,179,0.70356671,0.01272621,1.00420641
cifar10,fixed_phase,2024,180,0.70792505,0.05905925,0.97099106
cifar10,fixed_phase,2024,181,0.70237999,0.00394004,1.0151606
cifar10,fixed_phase,2024,182,0.69808823,0.01462471,1.00591265
cifar10,fixed_phase,2024,183,0.70399663,0.03162346,0.9934449
cifar10,fixed_phase,2024,184,0.70310709,0.07118877,0.99425944
cifar10,fixed_phase,2024,185,0.70027682,0.07379764,0.99708104
cifar10,fixed_phase,2024,186,0.70452824,0.10121555,0.98886658
cifar10,fixed_phase,2024,187,0.69825564,0.0273042,1.00029883
cifar10,fixed_phase,2024,188,0.6997489,0.01531929,1.02548112
cifar10,fixed_phase,2024,189,0.71853842,0.02504882,1.02336959
cifar10,fixed_phase,2024,190,0.70794305,0.02141846,0.99100238
cifar10,fixed_phase,2024,191,0.71305288,0.01728763,1.01149428
cifar10,fixed_phase,2024,192,0.71443664,0.0004291,1.00611186
cifar10,fixed_phase,2024,193,0.70722536,0.00165181,1.01943587
cifar10,fixed_phase,2024,194,0.71023383,0.07840473,0.96845698
cifar10,fixed_phase,2024,195,0.70685527,0.04022283,1.00385817
cifar10,fixed_phase,2024,196,0.71954722,0.03900202,0.98927457
cifar10,fixed_phase,2024,197,0.70542406,0.03989445,1.00564309
cifar10,fixed_phase,2024,198,0.70080727,0.07607706,1.01515156
cifar10,fixed_phase,2024,199,0.69257687,0.00109174,1.00861914
cifar10,fixed_phase,2024,200,0.69297395,0.04339141,0.99374103
cifar10,fixed_phase,2024,201,0.71376747,0.10984963,0.97948716
cifar10,fixed_phase,2024,202,0.70695609,0.08390149,1.0032742
cifar10,fixed_phase,2024,203,0.69494207,0.04605112,0.98658111
cifar10,fixed_phase,2024,204,0.70806985,0.01348412,0.98003553
cifar10,fixed_phase,2024,205,0.70682894,0.00664489,0.99356048
cifar10,fixed_phase,2024,206,0.70305807,0.03009038,1.01373247
cifar10,fixed_phase,2024,207,0.71017987,0.03252745,1.00426187
cifar10,fixed_phase,2024,208,0.70486755,0.13738278,1.01219817
cifar10,fixed_phase,2024,209,0.71193187,0.01923938,0.9988115
cifar10,fixed_phase,2024,210,0.71195115,0.05378821,1.01054989
cifar10,fixed_phase,2024,211,0.71652167,0.02985486,1.01347105
cifar10,fixed_phase,2024,212,0.69036277,0.04860244,1.00469863
cifar10,fixed_phase,2024,213,0.70068956,0.04838665,1.0018762
cifar10,fixed_phase,2024,214,0.70279216,0.03892345,1.0048457
cifar10,fixed_phase,2024,215,0.69942382,0.04364671,0.99604785
cifar10,fixed_phase,2024,216,0.70627853,0.00357277,1.00362829
cifar10,fixed_phase,2024,217,0.71095822,0.02459572,1.00830957
cifar10,fixed_phase,2024,218,0.70830456,0.0036712,0.99038733
cifar10,fixed_phase,2024,219,0.70238632,0.11177564,0.99529979
cifar10,fixed_phase,2024,220,0.69551065,0.05585812,1.00377961
cifar10,fixed_phase,2024,221,0.70505642,0.01049683,0.99234987
cifar10,fixed_phase,2024,222,0.69717235,0.00813455,0.99215335
cifar10,fixed_phase,2024,223,0.71210753,0.02334844,1.00082909
cifar10,fixed_phase,2024,224,0.71111659,0.07661046,1.02351568
cifar10,fixed_phase,2024,225,0.70596891,0.02027959,1.01536125
cifar10,fixed_phase,2024,226,0.70489403,0.04024677,0.97958909
cifar10,fixed_phase,2024,227,0.70119428,0.04453782,0.99673618
cifar10,fixed_phase,2024,228,0.71461391,0.02858873,1.00989892
cifar10,fixed_phase,2024,229,0.71118979,0.04487946,1.00959924
cifar10,fixed_phase,2024,230,0.70316675,0.02516746,1.0022429
cifar10,fixed_phase,2024,231,0.70264661,0.07728532,1.01937568
cifar10,fixed_phase,2024,232,0.71777083,0.0175427,0.99670129
cifar10,fixed_phase,2024,233,0.70577974,0.03347846,1.01810632
cifar10,fixed_phase,2024,234,0.71478444,0.06003266,0.99776379
cifar10,fixed_phase,2024,235,0.70691776,0.05447785,1.00298334
cifar10,fixed_phase,2024,236,0.69996275,0.05814343,1.00618123
cifar10,fixed_phase,2024,237,0.7023753,0.03916342,1.01918097
cifar10,fixed_phase,2024,238,0.70897471,0.02327573,1.00045212
cifar10,fixed_phase,2024,239,0.7047063,0.00465124,0.9942266
cifar10,fixed_phase,2024,240,0.7101189,0.04978988,1.00141593
cifar10,fixed_phase,2024,241,0.70119817,0.00826134,0.98549814
cifar10,fixed_phase,2024,242,0.70961878,0.00750374,1.00945983
cifar10,fixed_phase,2024,243,0.70560481,0.02013683,0.9973445
cifar10,fixed_phase,2024,244,0.71383399,0.01843743,1.01841476
cifar10,fixed_phase,2024,245,0.71092827,0.15323276,0.97770361
cifar10,fixed_phase,2024,246,0.71861847,0.06056828,1.01457448
cifar10,fixed_phase,2024,247,0.70889302,0.0112293,0.99867758
cifar10,fixed_phase,2024,248,0.69586194,0.03105792,1.01583388
cifar10,fixed_phase,2024,249,0.70500035,0.02228608,0.98630994
cifar10,fixed_phase,2024,250,0.71725308,0.02395427,0.98589136
cifar10,fixed_phase,2024,251,0.71383479,0.05553806,1.00587573
cifar10,fixed_phase,2024,252,0.69791656,0.07117806,0.99351297
cifar10,fixed_phase,2024,253,0.70669052,0.06995536,1.00357509
cifar10,fixed_phase,2024,254,0.71069353,0.04303369,0.98650151
cifar10,fixed_phase,2024,255,0.69826088,0.06305544,1.02490696
cifar10,fixed_phase,2024,256,0.71045872,0.00657581,1.00515777
cifar10,fixed_phase,2024,257,0.70973047,0.01387942,0.98995564
cifar10,fixed_phase,2024,258,0.71168013,0.01852151,1.00178171
cifar10,fixed_phase,2024,259,0.71331709,0.00812656,0.99872853
cifar10,fixed_phase,2024,260,0.70828933,0.05080421,1.00954455
cifar10,fixed_phase,2024,261,0.70745985,0.02170382,0.95471207
cifar10,fixed_phase,2024,262,0.71152523,0.00718883,1.00183583
cifar10,fixed_phase,2024,263,0.70502136,0.00249583,0.99908984
cifar10,fixed_phase,2024,264,0.70344412,0.03610924,1.0237253
cifar10,fixed_phase,2024,265,0.70402928,0.0620528,0.98947116
cifar10,fixed_phase,2024,266,0.71634217,0.0429731,1.01252707
cifar10,fixed_phase,2024,267,0.71180997,0.05389816,0.98820005
cifar10,fixed_phase,2024,268,0.70970602,0.04462097,0.98860627
cifar10,fixed_phase,2024,269,0.71060322,0.01437229,1.00018958
cifar10,fixed_phase,2024,270,0.69706382,0.00506464,1.00125909
cifar10,fixed_phase,2024,271,0.70088902,0.02600047,1.02517673
cifar10,fixed_phase,2024,272,0.69881196,0.03884852,1.00421303
cifar10,fixed_phase,2024,273,0.70752679,0.01575409,0.97629194
cifar10,fixed_phase,2024,274,0.71563392,0.10912394,0.98448623
cifar10,fixed_phase,2024,275,0.71281682,0.00894601,0.99748671
cifar10,fixed_phase,2024,276,0.71617386,0.16920499,1.01323215
cifar10,fixed_phase,2024,277,0.70460396,0.07407946,0.99149343
cifar10,fixed_phase,2024,278,0.7125634,0.0329187,1.01311487
cifar10,fixed_phase,2024,279,0.69800896,0.00434655,0.98701092
cifar10,fixed_phase,2024,280,0.70112763,0.0172563,1.00753373
cifar10,fixed_phase,2024,281,0.70728709,0.05194159,0.98002718
cifar10,fixed_phase,2024,282,0.71241586,0.05135522,1.00322075
cifar10,fixed_phase,2024,283,0.70569085,0.08902175,1.00126279
cifar10,fixed_phase,2024,284,0.70743177,0.03720818,1.01476803
cifar10,fixed_phase,2024,285,0.69866366,0.07612518,1.009121
cifar10,fixed_phase,2024,286,0.70622729,0.01116969,1.01463065
cifar10,fixed_phase,2024,287,0.69597955,0.05829917,1.02799103
cifar10,fixed_phase,2024,288,0.71115979,0.03839273,1.00771997
cifar10,fixed_phase,2024,289,0.71075587,0.00068862,1.0111081
cifar10,fixed_phase,2024,290,0.70818497,0.0445256,0.99330181
cifar10,fixed_phase,2024,291,0.71236249,0.02175428,0.99984673
cifar10,fixed_phase,2024,292,0.7040629,0.04299824,1.00709581
cifar10,fixed_phase,2024,293,0.70603324,0.04229751,1.00996936
cifar10,fixed_phase,2024,294,0.71104359,0.01232532,0.9897453
cifar10,fixed_phase,2024,295,0.70274351,0.01539496,0.98383852
cifar10,fixed_phase,2024,296,0.70201291,0.02053984,1.00229313
cifar10,fixed_phase,2024,297,0.72242669,0.06092568,1.00771015
cifar10,fixed_phase,2024,298,0.69555054,0.02864162,0.99017352
cifar10,fixed_phase,2024,299,0.70769084,0.08220135,0.97829358
cifar10,fixed_phase,2024,300,0.71361707,0.02528694,0.98397657
cifar10,fixed_phase,2024,301,0.70648331,0.08089759,0.99542086
cifar10,fixed_phase,2024,302,0.70430917,0.01513918,1.0137489
cifar10,fixed_phase,2024,303,0.70819786,0.00928503,0.99778129
cifar10,fixed_phase,2024,304,0.71000604,0.03376485,0.99389208
cifar10,fixed_phase,2024,305,0.71036216,0.12151988,0.99957607
cifar10,fixed_phase,2024,306,0.70724213,0.00667374,1.00253353
cifar10,fixed_phase,2024,307,0.70955399,0.06070781,1.00538497
cifar10,fixed_phase,2024,308,0.71098511,0.05745118,1.00568652
cifar10,fixed_phase,2024,309,0.71598636,0.03094768,0.99051885
cifar10,fixed_phase,2024,310,0.72281991,0.04037434,1.02452511
cifar10,fixed_phase,2024,311,0.7144448,0.05953454,1.01471824
cifar10,fixed_phase,2024,312,0.71228178,0.05744779,0.98618383
cifar10,fixed_phase,2024,313,0.71142739,0.01221399,1.00882914
cifar10,fixed_phase,2024,314,0.70690964,0.0130664,0.9740157
cifar10,fixed_phase,2024,315,0.70327664,0.05176875,1.00813824
cifar10,fixed_phase,2024,316,0.70052355,0.0069186,0.96202991
cifar10,fixed_phase,2024,317,0.69775197,0.02445431,1.0047226
cifar10,fixed_phase,2024,318,0.69695464,0.02899861,1.00124863
cifar10,fixed_phase,2024,319,0.69592511,0.03566131,0.99850236
cifar10,fixed_phase,2024,320,0.70378047,0.00288831,0.98185115
cifar10,fixed_phase,2024,321,0.70011174,0.03372981,0.99137598
cifar10,fixed_phase,2024,322,0.70780194,0.0072033,0.9851064
cifar10,fixed_phase,2024,323,0.70543339,0.00780377,1.0011178
cifar10,fixed_phase,2024,324,0.70082981,0.01754362,0.99802459
cifar10,fixed_phase,2024,325,0.70993734,0.07291454,0.98163537
cifar10,fixed_phase,2024,326,0.71691948,0.01261884,0.99858408
cifar10,fixed_phase,2024,327,0.70933965,0.04794799,0.96578459
cifar10,fixed_phase,2024,328,0.70360117,0.04591667,0.99913056
cifar10,fixed_phase,2024,329,0.7151616,0.05815622,0.99242522
cifar10,fixed_phase,2024,330,0.70668204,0.01343231,0.99673783
cifar10,fixed_phase,2024,331,0.70785772,0.06854263,0.97822442
cifar10,fixed_phase,2024,332,0.70240896,0.01328469,1.0191034
cifar10,fixed_phase,2024,333,0.70590545,0.07745096,1.00164663
cifar10,fixed_phase,2024,334,0.69853229,0.12079432,1.00889755
cifar10,fixed_phase,2024,335,0.70786898,0.00667286,0.99507063
cifar10,fixed_phase,2024,336,0.70476634,0.01650002,1.01397677
cifar10,fixed_phase,2024,337,0.72613446,0.01681717,0.98272445
cifar10,fixed_phase,2024,338,0.70640119,0.03191455,1.01270827
cifar10,fixed_phase,2024,339,0.70398202,0.04218801,1.03155302
cifar10,fixed_phase,2024,340,0.70095216,0.06614876,0.9830672
cifar10,fixed_phase,2024,341,0.69456961,0.00315946,0.99197797
cifar10,fixed_phase,2024,342,0.69283493,0.0966842,0.98529493
cifar10,fixed_phase,2024,343,0.70695112,0.03560452,0.98996646
cifar10,fixed_phase,2024,344,0.7101879,0.04230485,0.97849932
cifar10,fixed_phase,2024,345,0.69971578,0.07579324,1.00904301
cifar10,fixed_phase,2024,346,0.70994197,0.0674646,1.00439093
cifar10,fixed_phase,2024,347,0.69859359,0.04947145,1.01392657
cifar10,fixed_phase,2024,348,0.70383812,0.03484046,0.98804677
cifar10,fixed_phase,2024,349,0.70251162,0.00238463,1.01350972
cifar10,fixed_phase,2024,350,0.7074654,0.02356121,0.99791251
cifar10,fixed_phase,2024,351,0.7102726,0.03830268,1.00628447
cifar10,fixed_phase,2024,352,0.70653291,0.14685704,1.02655479
cifar10,fixed_phase,2024,353,0.70564348,0.12257349,0.98148193
cifar10,fixed_phase,2024,354,0.6950021,0.03857077,1.018859
cifar10,fixed_phase,2024,355,0.70231067,0.00011941,0.99475531
cifar10,fixed_phase,2024,356,0.71681544,0.0126942,0.99600103
cifar10,fixed_phase,2024,357,0.71358076,0.02427907,0.98931703
cifar10,fixed_phase,2024,358,0.7080509,0.0110572,1.00796298
cifar10,fixed_phase,2024,359,0.69937016,0.03851488,1.00606552
cifar10,fixed_phase,2024,360,0.7008516,0.00492986,0.98558124
cifar10,fixed_phase,2024,361,0.70263545,0.04063118,1.02139696
cifar10,fixed_phase,2024,362,0.70704048,0.09057763,1.00050647
cifar10,fixed_phase,2024,363,0.6945292,0.00506418,1.02397861
cifar10,fixed_phase,2024,364,0.71128113,0.0040109,0.99167833
cifar10,fixed_phase,2024,365,0.70324829,0.01876693,0.96837791
cifar10,fixed_phase,2024,366,0.71062468,0.01823053,1.01126614
cifar10,fixed_phase,2024,367,0.70796256,0.00203967,0.98378963
cifar10,fixed_phase,2024,368,0.70015939,0.0990907,1.01957044
cifar10,fixed_phase,2024,369,0.71452061,0.0881209,0.99474217
cifar10,fixed_phase,2024,370,0.70800547,0.0354946,1.01031404
cifar10,fixed_phase,2024,371,0.70998118,0.12438754,0.98792762
cifar10,fixed_phase,2024,372,0.71136589,0.10232326,1.0315594
cifar10,fixed_phase,2024,373,0.70484216,0.07817245,0.9917252
cifar10,fixed_phase,2024,374,0.70673509,0.01196769,0.98277694
cifar10,fixed_phase,2024,375,0.69979227,0.03310193,1.00586406
cifar10,fixed_phase,2024,376,0.69358046,0.03561064,0.99835127
cifar10,fixed_phase,2024,377,0.70223255,0.00243167,1.00391882
cifar10,fixed_phase,2024,378,0.71552121,0.02165669,0.99840289
cifar10,fixed_phase,2024,379,0.70499591,0.01034366,0.98862078
cifar10,fixed_phase,2024,380,0.7047769,0.02027911,0.99379663
cifar10,fixed_phase,2024,381,0.71354472,0.03780446,0.99496198
cifar10,fixed_phase,2024,382,0.7093974,0.04597627,0.99099032
cifar10,fixed_phase,2024,383,0.70842324,0.03906231,0.98809569
cifar10,fixed_phase,2024,384,0.70308881,0.00266175,0.98547097
cifar10,fixed_phase,2024,385,0.71364762,0.03115182,1.00762124
cifar10,fixed_phase,2024,386,0.71334072,0.07441863,0.99555266
cifar10,fixed_phase,2024,387,0.71373747,0.00821818,0.97271105
cifar10,fixed_phase,2024,388,0.69845547,0.03568848,0.9962525
cifar10,fixed_phase,2024,389,0.70701199,0.02220645,0.97533943
cifar10,fixed_phase,2024,390,0.71005537,0.1268842,0.99290021
cifar10,fixed_phase,2024,391,0.6962513,0.05720015,1.01162146
cifar10,fixed_phase,2024,392,0.70919091,0.03206461,0.97545761
cifar10,fixed_phase,2024,393,0.70706413,0.0793929,1.01005238
cifar10,fixed_phase,2024,394,0.70226843,0.04777448,1.00099583
cifar10,fixed_phase,2024,395,0.70749484,0.00953351,0.97863485
cifar10,fixed_phase,2024,396,0.70814807,0.04397888,0.98967913
cifar10,fixed_phase,2024,397,0.69838238,0.02029271,0.99722592
cifar10,fixed_phase,2024,398,0.70321221,0.0293916,1.0050895
cifar10,fixed_phase,2024,399,0.71140782,0.02524628,1.01742711
cifar10,fixed_phase,2024,400,0.71473837,0.08252208,1.01543766
cifar10,fixed_phase,2024,401,0.70484382,0.02965998,1.0100878
cifar10,fixed_phase,2024,402,0.70591809,0.00074412,0.99626027
cifar10,fixed_phase,2024,403,0.69494022,0.05802005,1.00341024
cifar10,fixed_phase,2024,404,0.72006766,0.05606164,1.0206751
cifar10,fixed_phase,2024,405,0.70849901,0.02306735,1.00712348
cifar10,fixed_phase,2024,406,0.71800606,0.01264348,1.00483292
cifar10,fixed_phase,2024,407,0.70476099,0.04298465,1.00780648
cifar10,fixed_phase,2024,408,0.69680685,0.01045051,0.99490855
cifar10,fixed_phase,2024,409,0.70891272,0.00496424,0.96976902
cifar10,fixed_phase,2024,410,0.69946327,0.02414053,0.99069779
cifar10,fixed_phase,2024,411,0.70603084,0.02107755,1.00549734
cifar10,fixed_phase,2024,412,0.70916408,0.05026504,1.02154388
cifar10,fixed_phase,2024,413,0.71367447,0.03469139,1.00904805
cifar10,fixed_phase,2024,414,0.70438752,0.10919237,0.99162253
cifar10,fixed_phase,2024,415,0.71641399,0.01185577,1.00253232
cifar10,fixed_phase,2024,416,0.71624438,0.10024538,0.99709638
cifar10,fixed_phase,2024,417,0.70897804,0.02504524,1.00845545
cifar10,fixed_phase,2024,418,0.69144075,0.06051145,0.99282042
cifar10,fixed_phase,2024,419,0.70827086,0.04808044,0.99430643
cifar10,fixed_phase,2024,420,0.70538962,0.0046768,0.98688558
cifar10,fixed_phase,2024,421,0.7081652,0.06544536,1.01634969
cifar10,fixed_phase,2024,422,0.70198033,0.08713826,0.99532798
cifar10,fixed_phase,2024,423,0.70605845,0.08069937,0.99961317
cifar10,fixed_phase,2024,424,0.69946804,0.04906547,1.00200709
cifar10,fixed_phase,2024,425,0.71457853,0.01075597,1.0101354
cifar10,fixed_phase,2024,426,0.69730067,0.02311004,0.99677541
cifar10,fixed_phase,2024,427,0.70174912,0.0145451,0.99685585
cifar10,fixed_phase,2024,428,0.70183557,0.03282257,0.98374267
cifar10,fixed_phase,2024,429,0.70662658,0.04132243,1.01687101
cifar10,fixed_phase,2024,430,0.71130143,0.07338134,1.00889114
cifar10,fixed_phase,2024,431,0.69982106,0.01253123,0.9935853
cifar10,fixed_phase,2024,432,0.70982859,0.00418602,0.99578122
cifar10,fixed_phase,2024,433,0.70419631,0.01163429,0.98385719
cifar10,fixed_phase,2024,434,0.70712951,0.04782316,1.01412075
cifar10,fixed_phase,2024,435,0.71131893,0.13498621,0.94392022
cifar10,fixed_phase,2024,436,0.70738853,0.12223718,0.99923706
cifar10,fixed_phase,2024,437,0.70551823,0.00648065,1.01389772
cifar10,fixed_phase,2024,438,0.70090269,0.03734287,0.99498486
cifar10,fixed_phase,2024,439,0.7118075,0.00218254,1.00256659
cifar10,fixed_phase,2024,440,0.70385951,0.01717796,1.01457233
cifar10,fixed_phase,2024,441,0.70374298,0.00138518,1.02184524
cifar10,fixed_phase,2024,442,0.70781943,0.04753554,1.02006701
cifar10,fixed_phase,2024,443,0.70591664,0.0148006,1.00082819
cifar10,fixed_phase,2024,444,0.70014654,0.02185381,1.01712705
cifar10,fixed_phase,2024,445,0.70467347,0.00946226,1.00378726
cifar10,fixed_phase,2024,446,0.69375407,0.03459609,1.01310079
cifar10,fixed_phase,2024,447,0.70100914,0.07880043,0.99825497
cifar10,fixed_phase,2024,448,0.70511341,0.00049892,1.00515332
cifar10,fixed_phase,2024,449,0.71074594,0.07758085,0.99925539
cifar10,fixed_phase,2024,450,0.71886401,0.07218496,1.0025274
cifar10,fixed_phase,2024,451,0.70203837,0.00019547,0.97910771
cifar10,fixed_phase,2024,452,0.71060165,0.01264276,1.00128288
cifar10,fixed_phase,2024,453,0.72188277,0.01321336,0.97372981
cifar10,fixed_phase,2024,454,0.69568158,0.001243,0.97877816
cifar10,fixed_phase,2024,455,0.70759984,0.02194732,1.00060192
cifar10,fixed_phase,2024,456,0.70852765,0.0039715,1.00976258
cifar10,fixed_phase,2024,457,0.70615115,0.00974205,1.00226295
cifar10,fixed_phase,2024,458,0.70074026,0.04363936,0.98792893
cifar10,fixed_phase,2024,459,0.70922284,0.01742701,0.97520899
cifar10,fixed_phase,2024,460,0.70718562,0.01407055,0.99859425
cifar10,fixed_phase,2024,461,0.71196979,0.0060159,0.97773432
cifar10,fixed_phase,2024,462,0.70844322,0.04960466,1.00590196
cifar10,fixed_phase,2024,463,0.71053903,0.04942157,0.99045381
cifar10,fixed_phase,2024,464,0.70818203,0.00872946,1.02309447
cifar10,fixed_phase,2024,465,0.7208419,0.05685628,0.97431147
cifar10,fixed_phase,2024,466,0.71129225,0.02739813,0.99829372
cifar10,fixed_phase,2024,467,0.70157675,0.00672194,1.00843569
cifar10,fixed_phase,2024,468,0.70748337,0.03357747,1.01815918
cifar10,fixed_phase,2024,469,0.71404531,0.03256262,0.9959623
cifar10,fixed_phase,2024,470,0.69641158,0.05631329,1.03053164
cifar10,fixed_phase,2024,471,0.70151858,0.00536436,0.96545452
cifar10,fixed_phase,2024,472,0.69474756,0.03366725,0.99820004
cifar10,fixed_phase,2024,473,0.70548053,0.00340898,1.00123318
cifar10,fixed_phase,2024,474,0.70179438,0.03219562,1.01290518
cifar10,fixed_phase,2024,475,0.71117962,0.01040356,0.98434746
cifar10,fixed_phase,2024,476,0.70581262,0.02217288,0.98991279
cifar10,fixed_phase,2024,477,0.70363018,0.01244795,1.00134428
cifar10,fixed_phase,2024,478,0.70577795,0.0080621,0.98105075
cifar10,fixed_phase,2024,479,0.70788691,0.04056039,0.98167742
cifar10,fixed_phase,2024,480,0.70461182,0.01720305,0.99751766
cifar10,fixed_phase,2024,481,0.70790738,0.01955475,1.0089332
cifar10,fixed_phase,2024,482,0.70605175,0.08988691,0.99330975
cifar10,fixed_phase,2024,483,0.70225141,0.00645063,0.97601778
cifar10,fixed_phase,2024,484,0.71366196,0.16562817,1.00584337
cifar10,fixed_phase,2024,485,0.69632833,0.04279068,1.00104889
cifar10,fixed_phase,2024,486,0.70826795,0.03670925,1.02718962
cifar10,fixed_phase,2024,487,0.71849555,0.04176486,1.00226095
cifar10,fixed_phase,2024,488,0.69935617,0.04799839,1.00834375
cifar10,fixed_phase,2024,489,0.71062001,0.04510486,1.00208092
cifar10,fixed_phase,2024,490,0.71042982,0.07019548,0.98294193
cifar10,fixed_phase,2024,491,0.71073113,0.1032505,0.99392245
cifar10,fixed_phase,2024,492,0.71144196,0.05861022,0.9960522
cifar10,fixed_phase,2024,493,0.70432402,0.04695795,1.01289417
cifar10,fixed_phase,2024,494,0.71723783,0.02923991,0.98181954
cifar10,fixed_phase,2024,495,0.7058656,0.04992159,0.99988937
cifar10,fixed_phase,2024,496,0.7030638,0.01521742,0.98420681
cifar10,fixed_phase,2024,497,0.6965598,0.02035075,0.98840488
cifar10,fixed_phase,2024,498,0.70918513,0.03635987,0.97445698
cifar10,fixed_phase,2024,499,0.70940828,0.0491236,1.00700175
cifar10,fixed_phase,2024,500,0.70860309,0.00375755,1.01634606
cifar10,fixed_phase,2024,501,0.71128304,0.01837379,0.99522619
cifar10,fixed_phase,2024,502,0.70031844,0.00268863,1.00204901
cifar10,fixed_phase,2024,503,0.69724388,0.06152845,1.00562277
cifar10,fixed_phase,2024,504,0.72217703,0.0158297,0.99898426
cifar10,fixed_phase,2024,505,0.7018608,0.0137213,1.0152953
cifar10,fixed_phase,2024,506,0.70002892,0.00726553,0.9967915
cifar10,fixed_phase,2024,507,0.70587452,0.08069144,0.96047598
cifar10,fixed_phase,2024,508,0.69509043,0.01828113,0.99506346
cifar10,fixed_phase,2024,509,0.70245689,0.0290462,1.01536059
cifar10,fixed_phase,2024,510,0.70525849,0.08038846,1.0076431
cifar10,fixed_phase,2024,511,0.70443041,0.05319385,1.02282608
cifar10,fixed_phase,2024,512,0.70978315,0.05556457,0.97345935
cifar10,fixed_phase,2024,513,0.72024697,0.05795233,0.97354953
cifar10,fixed_phase,2024,514,0.70073662,0.0382774,0.99154312
cifar10,fixed_phase,2024,515,0.71124982,0.15543208,0.9911497
cifar10,fixed_phase,2024,516,0.70048793,0.06535175,1.03030168
cifar10,fixed_phase,2024,517,0.70618206,0.0320743,1.00425286
cifar10,fixed_phase,2024,518,0.71152946,0.04287389,1.02006785
cifar10,fixed_phase,2024,519,0.7088809,0.10633792,0.99284066
cifar10,fixed_phase,2024,520,0.71453544,0.08690554,1.01306096
cifar10,fixed_phase,2024,521,0.71123615,0.04994453,0.95836645
cifar10,fixed_phase,2024,522,0.70618617,0.03873378,0.99862292
cifar10,fixed_phase,2024,523,0.71033579,0.01643955,0.97271443
cifar10,fixed_phase,2024,524,0.704015,0.01874479,1.02096397
cifar10,fixed_phase,2024,525,0.71093883,0.05884878,0.99526544
cifar10,fixed_phase,2024,526,0.70938457,0.03926874,0.99078025
cifar10,fixed_phase,2024,527,0.69724299,0.06479457,0.97924913
cifar10,fixed_phase,2024,528,0.70663842,0.02573889,1.02162615
cifar10,fixed_phase,2024,529,0.70942519,0.00424078,0.98549629
cifar10,fixed_phase,2024,530,0.70218302,0.00630143,1.0001093
cifar10,fixed_phase,2024,531,0.69730293,0.06504907,0.9921768
cifar10,fixed_phase,2024,532,0.7094816,0.01836086,1.01880572
cifar10,fixed_phase,2024,533,0.7091552,0.04537157,1.00113693
cifar10,fixed_phase,2024,534,0.70927417,0.04336618,1.00808715
cifar10,fixed_phase,2024,535,0.70735929,0.07533882,0.99357446
cifar10,fixed_phase,2024,536,0.69408542,0.05940286,1.00577158
cifar10,fixed_phase,2024,537,0.70841678,0.03066529,0.99792804
cifar10,fixed_phase,2024,538,0.71252262,0.0337913,0.99588605
cifar10,fixed_phase,2024,539,0.70780551,0.03023746,1.03780001
cifar10,fixed_phase,2024,540,0.70535729,0.01988496,0.98400873
cifar10,fixed_phase,2024,541,0.71707399,0.00496897,1.01350473
cifar10,fixed_phase,2024,542,0.70969081,0.02826121,0.9675768
cifar10,fixed_phase,2024,543,0.7136253,0.00963815,0.9817208
cifar10,fixed_phase,2024,544,0.71318115,0.07451203,1.00033535
cifar10,fixed_phase,2024,545,0.7132518,0.02461789,0.99540342
cifar10,fixed_phase,2024,546,0.70335164,0.07934262,0.97443804
cifar10,fixed_phase,2024,547,0.70287174,0.00203364,1.01853557
cifar10,fixed_phase,2024,548,0.71479824,0.02357864,1.00507193
cifar10,fixed_phase,2024,549,0.70615763,0.02907995,1.01442153
cifar10,fixed_phase,2024,550,0.69324085,0.05885656,0.98442987
cifar10,fixed_phase,2024,551,0.70977112,0.02048395,0.9897101
cifar10,fixed_phase,2024,552,0.71439037,0.07208234,0.99565797
cifar10,fixed_phase,2024,553,0.70259755,0.02305644,0.97873481
cifar10,fixed_phase,2024,554,0.70487975,0.02589892,1.03021255
cifar10,fixed_phase,2024,555,0.70653201,0.01730372,1.00460284
cifar10,fixed_phase,2024,556,0.71065311,0.01009027,1.01411428
cifar10,fixed_phase,2024,557,0.7177323,0.03300881,0.9918428
cifar10,fixed_phase,2024,558,0.70107702,0.11942794,0.96526265
cifar10,fixed_phase,2024,559,0.69968112,0.01742343,0.99341262
cifar10,fixed_phase,2024,560,0.71559155,0.05036636,0.99918641
cifar10,fixed_phase,2024,561,0.70465043,0.05124759,1.01134923
cifar10,fixed_phase,2024,562,0.7012717,0.03246469,1.01258003
cifar10,fixed_phase,2024,563,0.70165944,0.06251438,1.00629884
cifar10,fixed_phase,2024,564,0.71394557,0.01156012,1.00714311
cifar10,fixed_phase,2024,565,0.69992258,0.04651067,1.02249835
cifar10,fixed_phase,2024,566,0.6996558,0.00493147,0.99853275
cifar10,fixed_phase,2024,567,0.70109506,0.03413729,1.01330977
cifar10,fixed_phase,2024,568,0.70540173,0.04038379,1.01659104
cifar10,fixed_phase,2024,569,0.70235365,0.05121422,1.00121602
cifar10,fixed_phase,2024,570,0.72554572,0.10002113,1.00958253
cifar10,fixed_phase,2024,571,0.70564467,0.05405059,1.0109946
cifar10,fixed_phase,2024,572,0.70185388,0.02896253,0.97995303
cifar10,fixed_phase,2024,573,0.71545317,0.02745711,1.01250629
cifar10,fixed_phase,2024,574,0.70840085,0.01031952,1.00016845
cifar10,fixed_phase,2024,575,0.69985085,0.00727009,0.97986493
cifar10,fixed_phase,2024,576,0.71848183,0.02794439,1.02022432
cifar10,fixed_phase,2024,577,0.69987414,0.05336524,0.99625513
cifar10,fixed_phase,2024,578,0.70409179,0.01607128,0.98764236
cifar10,fixed_phase,2024,579,0.70115168,0.08390312,1.00461241
cifar10,fixed_phase,2024,580,0.70165579,0.01807295,1.04057378
cifar10,fixed_phase,2024,581,0.70779256,0.03415372,0.97561257
cifar10,fixed_phase,2024,582,0.70753285,0.00763711,1.00730463
cifar10,fixed_phase,2024,583,0.70608371,0.04525197,0.98560525
cifar10,fixed_phase,2024,584,0.69249427,0.10886546,1.023491
cifar10,fixed_phase,2024,585,0.70124083,0.01575989,0.99178616
cifar10,fixed_phase,2024,586,0.71189721,0.00882361,0.99351025
cifar10,fixed_phase,2024,587,0.71040891,0.03620099,0.98877446
cifar10,fixed_phase,2024,588,0.69220225,0.0359824,1.01033465
cifar10,fixed_phase,2024,589,0.70537826,0.02147963,0.98079824
cifar10,fixed_phase,2024,590,0.7108472,0.08839583,1.01437883
cifar10,fixed_phase,2024,591,0.70521268,0.0306904,0.99126603
cifar10,fixed_phase,2024,592,0.70000448,0.11154598,0.99012747
cifar10,fixed_phase,2024,593,0.70659759,0.05417657,0.99982659
cifar10,fixed_phase,2024,594,0.71551831,0.03617129,0.99261329
cifar10,fixed_phase,2024,595,0.70356004,0.0407732,1.00114221
cifar10,fixed_phase,2024,596,0.7004848,0.04750087,0.97565641
cifar10,fixed_phase,2024,597,0.70846607,5.645e-05,1.01276536
cifar10,fixed_phase,2024,598,0.70845282,0.08372656,0.99460556
cifar10,fixed_phase,2024,599,0.70721686,0.08033185,0.97897715
cifar10,fixed_phase,2024,600,0.71543924,0.02665164,0.99183286
cifar10,fixed_phase,2024,601,0.70878594,0.03272046,1.01338581
cifar10,fixed_phase,2024,602,0.70853859,0.02322556,0.99796939
cifar10,fixed_phase,2024,603,0.70487503,0.11684343,0.98809428
cifar10,fixed_phase,2024,604,0.7019449,0.00741883,1.01341158
cifar10,fixed_phase,2024,605,0.70255347,0.04279785,1.02375208
cifar10,fixed_phase,2024,606,0.71881095,0.00963856,0.99586765
cifar10,fixed_phase,2024,607,0.69964913,0.05436874,1.00364576
cifar10,fixed_phase,2024,608,0.71491599,0.03941565,1.00301388
cifar10,fixed_phase,2024,609,0.70265939,0.04233316,1.00488381
cifar10,fixed_phase,2024,610,0.71450921,0.01060502,1.02060223
cifar10,fixed_phase,2024,611,0.70096258,0.071112,0.99167527
cifar10,fixed_phase,2024,612,0.71124486,0.00633267,0.97903976
cifar10,fixed_phase,2024,613,0.70518909,0.01740612,1.00256959
cifar10,fixed_phase,2024,614,0.70714575,0.03371276,0.98526425
cifar10,fixed_phase,2024,615,0.70841209,0.02966054,1.01314088
cifar10,fixed_phase,2024,616,0.70924287,0.03393434,0.99784538
cifar10,fixed_phase,2024,617,0.71488632,0.02807835,1.00330476
cifar10,fixed_phase,2024,618,0.71632901,0.04517973,0.99744281
cifar10,fixed_phase,2024,619,0.70694668,0.00799081,1.00804499
cifar10,fixed_phase,2024,620,0.70279107,0.00558677,1.00045641
cifar10,fixed_phase,2024,621,0.71367349,0.01247192,0.97866829
cifar10,fixed_phase,2024,622,0.71089193,0.02000708,0.97021887
cifar10,fixed_phase,2024,623,0.71679956,0.02757603,0.97961449
cifar10,fixed_phase,2024,624,0.70711927,0.02191828,1.0136421
cifar10,fixed_phase,2024,625,0.70409799,0.09721206,1.0251434
cifar10,fixed_phase,2024,626,0.71154648,0.02361827,0.99162319
cifar10,fixed_phase,2024,627,0.7030432,0.05412027,0.99096441
cifar10,fixed_phase,2024,628,0.71465973,0.05123094,1.0267284
cifar10,fixed_phase,2024,629,0.70440022,0.06506926,0.99349221
cifar10,fixed_phase,2024,630,0.71264486,0.0264973,1.02893009
cifar10,fixed_phase,2024,631,0.71140866,0.05136863,1.01192355
cifar10,fixed_phase,2024,632,0.71195517,0.09799996,1.01484365
cifar10,fixed_phase,2024,633,0.6964374,0.01428683,1.02195526
cifar10,fixed_phase,2024,634,0.70815716,0.0121399,1.0192864
cifar10,fixed_phase,2024,635,0.69868176,0.00769591,0.99777954
cifar10,fixed_phase,2024,636,0.71010236,0.00840256,1.03239393
cifar10,fixed_phase,2024,637,0.70184403,0.04856642,1.00940447
cifar10,fixed_phase,2024,638,0.70846145,0.07183198,0.97124982
cifar10,fixed_phase,2024,639,0.70418071,0.03494578,1.01286777
cifar10,fixed_phase,2024,640,0.69997367,0.07834324,0.98228579
cifar10,fixed_phase,2024,641,0.70839876,0.06109257,1.00237338
cifar10,fixed_phase,2024,642,0.69776415,0.06630374,1.01269881
cifar10,fixed_phase,2024,643,0.72197719,0.00678313,0.99166622
cifar10,fixed_phase,2024,644,0.69704463,0.08113231,1.0212522
cifar10,fixed_phase,2024,645,0.70383991,0.0233217,0.9977746
cifar10,fixed_phase,2024,646,0.70698451,0.00015409,1.0164002
cifar10,fixed_phase,2024,647,0.70150439,0.10335694,1.00139167
cifar10,fixed_phase,2024,648,0.70596422,0.0090811,1.03113113
cifar10,fixed_phase,2024,649,0.70403087,0.02295135,0.98120873
cifar10,fixed_phase,2024,650,0.70946102,0.08178813,0.99877642
cifar10,fixed_phase,2024,651,0.70549743,0.10512633,1.02456437
cifar10,fixed_phase,2024,652,0.71279332,0.0166811,1.00042841
cifar10,fixed_phase,2024,653,0.71482472,0.0131186,1.0159403
cifar10,fixed_phase,2024,654,0.70530111,0.10312705,1.00007316
cifar10,fixed_phase,2024,655,0.71129641,0.03613349,1.03167653
cifar10,fixed_phase,2024,656,0.71939786,0.03779994,1.01092044
cifar10,fixed_phase,2024,657,0.71005142,0.006885,0.98398783
cifar10,fixed_phase,2024,658,0.71415637,0.07998566,0.99877051
cifar10,fixed_phase,2024,659,0.70721455,0.01180618,1.00840434
cifar10,fixed_phase,2024,660,0.69937929,0.0270188,1.01066207
cifar10,fixed_phase,2024,661,0.7084277,0.03123502,0.97726885
cifar10,fixed_phase,2024,662,0.71365699,0.022833,0.98233932
cifar10,fixed_phase,2024,663,0.70763113,0.02189249,0.99308751
cifar10,fixed_phase,2024,664,0.71626936,0.06848168,1.00164955
cifar10,fixed_phase,2024,665,0.70254308,0.08478649,1.01729206
cifar10,fixed_phase,2024,666,0.70340056,0.04643194,0.97781533
cifar10,fixed_phase,2024,667,0.7088196,0.03043782,0.99914386
cifar10,fixed_phase,2024,668,0.70075215,0.00971809,0.99941622
cifar10,fixed_phase,2024,669,0.70485226,0.02994125,0.9857497
cifar10,fixed_phase,2024,670,0.7095225,0.07500969,0.99651367
cifar10,fixed_phase,2024,671,0.70026125,0.04082721,1.00294079
cifar10,fixed_phase,2024,672,0.7127971,0.08119873,0.99638853
cifar10,fixed_phase,2024,673,0.70422398,0.0280715,1.01456578
cifar10,fixed_phase,2024,674,0.70901213,0.06195344,0.98234273
cifar10,fixed_phase,2024,675,0.7047072,0.0121773,0.97138887
cifar10,fixed_phase,2024,676,0.70205997,0.063084,0.97697608
cifar10,fixed_phase,2024,677,0.71194278,0.08927441,0.9903982
cifar10,fixed_phase,2024,678,0.70967513,0.00237506,0.99550888
cifar10,fixed_phase,2024,679,0.71055412,0.03800848,0.98564535
cifar10,fixed_phase,2024,680,0.70714804,0.02678476,0.98819665
cifar10,fixed_phase,2024,681,0.71059588,0.04623424,0.97181862
cifar10,fixed_phase,2024,682,0.7008044,0.06813211,1.00856006
cifar10,fixed_phase,2024,683,0.71618503,0.0225784,1.00603391
cifar10,fixed_phase,2024,684,0.70789615,0.06118125,0.97900439
cifar10,fixed_phase,2024,685,0.70783748,0.04289588,1.00615107
cifar10,fixed_phase,2024,686,0.70137442,0.05109865,1.00932799
cifar10,fixed_phase,2024,687,0.71134341,0.04638201,0.99802846
cifar10,fixed_phase,2024,688,0.70328705,0.07396014,0.99947429
cifar10,fixed_phase,2024,689,0.70146579,0.00489773,0.99114099
cifar10,fixed_phase,2024,690,0.70820307,0.0556808,0.99341717
cifar10,fixed_phase,2024,691,0.71161561,0.00376254,1.00154242
cifar10,fixed_phase,2024,692,0.706298,0.04354253,1.01490969
cifar10,fixed_phase,2024,693,0.71127227,0.00446289,0.99271012
cifar10,fixed_phase,2024,694,0.70173234,0.02601828,0.9989521
cifar10,fixed_phase,2024,695,0.69735451,0.010696,1.00443061
cifar10,fixed_phase,2024,696,0.71535676,0.00274743,0.97177394
cifar10,fixed_phase,2024,697,0.70397743,0.00325543,0.98555696
cifar10,fixed_phase,2024,698,0.71251548,0.03044652,1.00085777
cifar10,fixed_phase,2024,699,0.70780494,0.02578037,0.99791687
cifar10,fixed_phase,2024,700,0.69719664,0.00978242,0.98553546
cifar10,fixed_phase,2024,701,0.69985557,0.12244271,0.97448026
cifar10,fixed_phase,2024,702,0.70388758,0.00336546,0.99051108
cifar10,fixed_phase,2024,703,0.71009178,0.06432213,1.0091996
cifar10,fixed_phase,2024,704,0.70139147,0.02468312,0.99467139
cifar10,fixed_phase,2024,705,0.70624157,0.02201083,1.0014621
cifar10,fixed_phase,2024,706,0.70863365,0.02978239,0.97704066
cifar10,fixed_phase,2024,707,0.70943164,0.05832171,0.99590815
cifar10,fixed_phase,2024,708,0.70865882,0.02715175,0.98845141
cifar10,fixed_phase,2024,709,0.70733028,0.00025783,0.97933896
cifar10,fixed_phase,2024,710,0.70488426,0.09407224,0.9902861
cifar10,fixed_phase,2024,711,0.69988692,0.00755571,1.00476365
cifar10,fixed_phase,2024,712,0.70787865,0.05951675,1.00227928
cifar10,fixed_phase,2024,713,0.70338617,0.03382214,1.00619412
cifar10,fixed_phase,2024,714,0.70147393,0.00135261,0.99375102
cifar10,fixed_phase,2024,715,0.72205852,0.01070679,0.99361397
cifar10,fixed_phase,2024,716,0.69857046,0.01017046,0.9747587
cifar10,fixed_phase,2024,717,0.70773488,0.02547256,0.98291142
cifar10,fixed_phase,2024,718,0.70204058,0.09235308,0.98953844
cifar10,fixed_phase,2024,719,0.71460064,0.02369254,1.00085743
cifar10,fixed_phase,2024,720,0.70731292,0.03094699,0.97833903
cifar10,fixed_phase,2024,721,0.71636852,0.07799155,1.00686895
cifar10,fixed_phase,2024,722,0.69936016,0.00970928,1.01169691
cifar10,fixed_phase,2024,723,0.72246495,0.04872649,1.0171354
cifar10,fixed_phase,2024,724,0.71133193,0.00354322,0.9968765
cifar10,fixed_phase,2024,725,0.70674867,0.04247125,1.01404195
cifar10,fixed_phase,2024,726,0.71408533,0.02690177,0.98424563
cifar10,fixed_phase,2024,727,0.6986767,0.03146301,0.99866479
cifar10,fixed_phase,2024,728,0.70781004,0.03179555,0.98150731
cifar10,fixed_phase,2024,729,0.71684206,0.00303615,0.98868751
cifar10,fixed_phase,2024,730,0.70193516,0.05218096,1.0180794
cifar10,fixed_phase,2024,731,0.70195768,0.07260174,1.02120025
cifar10,fixed_phase,2024,732,0.69501913,0.01075749,0.99531376
cifar10,fixed_phase,2024,733,0.70137234,0.06862598,0.99224752
cifar10,fixed_phase,2024,734,0.71243782,0.09080024,1.00605626
cifar10,fixed_phase,2024,735,0.70734386,0.03312586,0.98308714
cifar10,fixed_phase,2024,736,0.71429901,0.07793816,0.99361951
cifar10,fixed_phase,2024,737,0.7037762,0.01155646,1.02228257
cifar10,fixed_phase,2024,738,0.71333691,0.02212722,1.00468561
cifar10,fixed_phase,2024,739,0.70672416,0.06191608,1.00958337
cifar10,fixed_phase,2024,740,0.70694536,0.01414042,0.99485443
cifar10,fixed_phase,2024,741,0.70755156,0.08125399,0.98983353
cifar10,fixed_phase,2024,742,0.7101798,0.00927304,1.01661879
cifar10,fixed_phase,2024,743,0.70018825,0.00285583,1.00273454
cifar10,fixed_phase,2024,744,0.69980733,0.10100464,1.00097716
cifar10,fixed_phase,2024,745,0.69371145,0.00921073,0.97155695
cifar10,fixed_phase,2024,746,0.7020095,0.0184164,1.02856049
cifar10,fixed_phase,2024,747,0.72093658,0.08108947,1.02545733
cifar10,fixed_phase,2024,748,0.70791202,0.02384137,1.00178074
cifar10,fixed_phase,2024,749,0.70406715,0.00404102,1.0054474
cifar10,fixed_phase,2024,750,0.71321135,0.0103112,1.02928352
cifar10,fixed_phase,2024,751,0.70860526,0.06216504,0.98655352
cifar10,fixed_phase,2024,752,0.71554541,0.00510551,1.02166485
cifar10,fixed_phase,2024,753,0.71348047,0.04307498,1.00089091
cifar10,fixed_phase,2024,754,0.7043416,0.14495302,0.99861919
cifar10,fixed_phase,2024,755,0.71287886,0.01967367,0.99652214
cifar10,fixed_phase,2024,756,0.70419294,0.01713828,1.00089928
cifar10,fixed_phase,2024,757,0.70772241,0.01611994,0.99301595
cifar10,fixed_phase,2024,758,0.70793647,0.00067441,0.9999437
cifar10,fixed_phase,2024,759,0.70222434,0.05309959,1.01671969
cifar10,fixed_phase,2024,760,0.7077235,0.08567995,1.00233637
cifar10,fixed_phase,2024,761,0.70423718,0.08753524,0.99643456
cifar10,fixed_phase,2024,762,0.70690399,0.00655798,1.01051548
cifar10,fixed_phase,2024,763,0.70175592,0.02947445,0.97293394
cifar10,fixed_phase,2024,764,0.70801744,0.01616073,1.0196803
cifar10,fixed_phase,2024,765,0.70158593,0.00889725,0.99380219
cifar10,fixed_phase,2024,766,0.70063537,0.04515896,0.98470465
cifar10,fixed_phase,2024,767,0.69856939,0.02928064,1.01913033
cifar10,fixed_phase,2024,768,0.69432651,0.00260362,1.01642241
cifar10,fixed_phase,2024,769,0.70618044,0.10236136,1.01384508
cifar10,fixed_phase,2024,770,0.70609674,0.06388152,0.99344452
cifar10,fixed_phase,2024,771,0.70021243,0.02923792,1.02498313
cifar10,fixed_phase,2024,772,0.70343124,0.02863099,1.02126824
cifar10,fixed_phase,2024,773,0.71207717,0.01577436,0.9939025
cifar10,fixed_phase,2024,774,0.71998856,0.04829887,0.96773145
cifar10,fixed_phase,2024,775,0.69600043,0.01009415,0.99418352
cifar10,fixed_phase,2024,776,0.71112111,0.00422657,1.02904883
cifar10,fixed_phase,2024,777,0.7065683,0.02971735,0.9999917
cifar10,fixed_phase,2024,778,0.69945908,0.01385837,1.00955291
cifar10,fixed_phase,2024,779,0.70651392,0.06675679,1.00671571
cifar10,fixed_phase,2024,780,0.70591695,0.05859971,0.98960151
cifar10,fixed_phase,2024,781,0.70137126,0.03872233,1.03202712
cifar10,fixed_phase,2024,782,0.7042731,0.05998792,0.98253854
cifar10,fixed_phase,2024,783,0.70053488,0.00291011,1.01633227
cifar10,fixed_phase,2024,784,0.70387086,0.01004404,0.99622798
cifar10,fixed_phase,2024,785,0.70121686,0.04059928,1.01126387
cifar10,fixed_phase,2024,786,0.71360122,0.13254983,1.0029448
cifar10,fixed_phase,2024,787,0.70901757,0.00104693,0.98422131
cifar10,fixed_phase,2024,788,0.70740488,0.03318167,1.02681333
cifar10,fixed_phase,2024,789,0.70978579,0.03891925,0.99244001
cifar10,fixed_phase,2024,790,0.71503183,0.03514861,1.0165538
cifar10,fixed_phase,2024,791,0.69973444,0.02060625,0.9859658
cifar10,fixed_phase,2024,792,0.70359645,0.05054459,0.99089342
cifar10,fixed_phase,2024,793,0.70817982,0.04820523,0.97485832
cifar10,fixed_phase,2024,794,0.70962302,0.08064307,1.00324722
cifar10,fixed_phase,2024,795,0.70707897,0.00278105,0.98400499
cifar10,fixed_phase,2024,796,0.71361296,0.06714998,0.9833311
cifar10,fixed_phase,2024,797,0.70421181,0.01486811,0.98596808
cifar10,fixed_phase,2024,798,0.70730096,0.00655877,1.01563994
cifar10,fixed_phase,2024,799,0.7063497,0.01276371,0.99816698
cifar10,fixed_phase,2024,800,0.69931356,0.02020084,1.01248543
cifar10,fixed_phase,2024,801,0.70627625,0.04902559,0.98248635
cifar10,fixed_phase,2024,802,0.70415131,0.07597437,1.02068281
cifar10,fixed_phase,2024,803,0.70687182,0.11177319,1.01074228
cifar10,fixed_phase,2024,804,0.70730871,0.00293865,0.99571598
cifar10,fixed_phase,2024,805,0.69630642,0.00781532,1.01283853
cifar10,fixed_phase,2024,806,0.69311603,0.00968651,0.9792311
cifar10,fixed_phase,2024,807,0.7133836,0.0649343,0.9744941
cifar10,fixed_phase,2024,808,0.7141089,0.00871835,0.97684502
cifar10,fixed_phase,2024,809,0.70262189,0.04446217,1.00950255
cifar10,fixed_phase,2024,810,0.70013955,0.00692133,1.00718691
cifar10,fixed_phase,2024,811,0.70880759,0.00388021,0.99661069
cifar10,fixed_phase,2024,812,0.70330998,0.03039263,1.03734714
cifar10,fixed_phase,2024,813,0.70310861,0.03199839,1.01100773
cifar10,fixed_phase,2024,814,0.70419546,0.05650569,1.01005052
cifar10,fixed_phase,2024,815,0.70761375,0.04274796,0.98630192
cifar10,fixed_phase,2024,816,0.7058926,0.07484983,0.97354418
cifar10,fixed_phase,2024,817,0.70533872,0.00815416,0.98510951
cifar10,fixed_phase,2024,818,0.69552661,0.00711614,0.99011554
cifar10,fixed_phase,2024,819,0.70010864,0.01491682,1.01344548
cifar10,fixed_phase,2024,820,0.71387274,0.12979635,0.99166776
cifar10,fixed_phase,2024,821,0.71087489,0.08355594,0.99271287
cifar10,fixed_phase,2024,822,0.70794673,0.01514615,1.00219457
cifar10,fixed_phase,2024,823,0.70874717,0.003316,1.01989181
cifar10,fixed_phase,2024,824,0.70511192,0.09109072,0.99615601
cifar10,fixed_phase,2024,825,0.70964959,0.05410685,0.98703926
cifar10,fixed_phase,2024,826,0.69760913,0.05163711,0.99702968
cifar10,fixed_phase,2024,827,0.70116543,0.0273125,0.98142153
cifar10,fixed_phase,2024,828,0.71159823,0.03788903,1.00333159
cifar10,fixed_phase,2024,829,0.69655815,0.01917012,1.00652502
cifar10,fixed_phase,2024,830,0.70129302,0.06079647,1.00842092
cifar10,fixed_phase,2024,831,0.71275599,0.01798276,0.97915772
cifar10,fixed_phase,2024,832,0.70109212,0.07082966,0.99972458
cifar10,fixed_phase,2024,833,0.69375969,0.04795824,0.98004686
cifar10,fixed_phase,2024,834,0.70846754,0.01035106,0.99555697
cifar10,fixed_phase,2024,835,0.70220944,0.06352533,0.98620316
cifar10,fixed_phase,2024,836,0.70147879,0.08345274,0.97827452
cifar10,fixed_phase,2024,837,0.70441323,0.11111241,0.98988586
cifar10,fixed_phase,2024,838,0.70138005,0.00204713,1.01474385
cifar10,fixed_phase,2024,839,0.70779302,0.09739677,0.9839273
cifar10,fixed_phase,2024,840,0.70110117,0.09188045,0.99676833
cifar10,fixed_phase,2024,841,0.71453639,0.05064273,1.00756309
cifar10,fixed_phase,2024,842,0.69921501,0.00881447,0.99568956
cifar10,fixed_phase,2024,843,0.6986521,0.03709398,0.98198255
cifar10,fixed_phase,2024,844,0.70655368,0.07049126,1.01039718
cifar10,fixed_phase,2024,845,0.69544452,0.00871341,0.9987459
cifar10,fixed_phase,2024,846,0.6944482,0.0710232,1.04047079
cifar10,fixed_phase,2024,847,0.70357205,0.02747831,0.99550756
cifar10,fixed_phase,2024,848,0.71291235,0.04713444,1.00705436
cifar10,fixed_phase,2024,849,0.69934104,0.03899126,0.98441621
cifar10,fixed_phase,2024,850,0.70528918,0.0231893,0.99171762
cifar10,fixed_phase,2024,851,0.70525657,0.02509927,1.03566678
cifar10,fixed_phase,2024,852,0.69691277,0.05372193,0.98509569
cifar10,fixed_phase,2024,853,0.71288739,0.00879764,0.99781823
cifar10,fixed_phase,2024,854,0.7033271,0.03930934,1.01128114
cifar10,fixed_phase,2024,855,0.70980173,0.02909806,1.00412005
cifar10,fixed_phase,2024,856,0.70795639,0.04287556,0.97835566
cifar10,fixed_phase,2024,857,0.70539298,0.01921627,1.0074145
cifar10,fixed_phase,2024,858,0.70481289,0.02894305,1.01071641
cifar10,fixed_phase,2024,859,0.70913695,0.00097361,0.99631182
cifar10,fixed_phase,2024,860,0.7028854,0.04605978,1.00693689
cifar10,fixed_phase,2024,861,0.69654805,0.00867314,1.00156616
cifar10,fixed_phase,2024,862,0.70446256,0.01631362,1.00109919
cifar10,fixed_phase,2024,863,0.70105595,0.01721146,0.99853534
cifar10,fixed_phase,2024,864,0.70449476,0.00702378,1.00423091
cifar10,fixed_phase,2024,865,0.70312499,0.05929154,0.97185697
cifar10,fixed_phase,2024,866,0.70401419,0.01354131,0.99655243
cifar10,fixed_phase,2024,867,0.72194754,0.07410491,1.00995206
cifar10,fixed_phase,2024,868,0.70962929,0.09851807,1.00558891
cifar10,fixed_phase,2024,869,0.70321615,0.05294762,0.97562728
cifar10,fixed_phase,2024,870,0.70572934,0.04805078,0.99902645
cifar10,fixed_phase,2024,871,0.7200318,0.04097651,1.01627214
cifar10,fixed_phase,2024,872,0.71933974,0.04753443,0.99338406
cifar10,fixed_phase,2024,873,0.70509857,0.03272182,1.01993617
cifar10,fixed_phase,2024,874,0.70041419,0.07407124,1.0122094
cifar10,fixed_phase,2024,875,0.71020484,0.00063535,1.00767976
cifar10,fixed_phase,2024,876,0.69848171,0.07795988,0.97460056
cifar10,fixed_phase,2024,877,0.70257612,0.01505657,1.0266674
cifar10,fixed_phase,2024,878,0.6988476,0.05749604,1.02385807
cifar10,fixed_phase,2024,879,0.70110731,0.06452743,1.0191702
cifar10,fixed_phase,2024,880,0.70370895,0.01939569,1.0244485
cifar10,fixed_phase,2024,881,0.70711222,0.03629708,0.99031795
cifar10,fixed_phase,2024,882,0.70531552,0.10176307,0.9827195
cifar10,fixed_phase,2024,883,0.71080162,0.09139803,0.98903313
cifar10,fixed_phase,2024,884,0.70432619,0.03456517,0.99415418
cifar10,fixed_phase,2024,885,0.71862962,0.1328355,1.0009828
cifar10,fixed_phase,2024,886,0.69463217,0.02793419,1.00176466
cifar10,fixed_phase,2024,887,0.70723667,0.02506226,0.99501539
cifar10,fixed_phase,2024,888,0.70751774,0.00894325,0.99824565
cifar10,fixed_phase,2024,889,0.7142463,0.00064462,0.98469842
cifar10,fixed_phase,2024,890,0.69556853,0.06496574,1.00944662
cifar10,fixed_phase,2024,891,0.7211533,0.043977,1.00615714
cifar10,fixed_phase,2024,892,0.70791381,0.01211286,0.99736901
cifar10,fixed_phase,2024,893,0.70367184,0.04093199,1.01190352
cifar10,fixed_phase,2024,894,0.70329369,0.04034276,1.00125236
cifar10,fixed_phase,2024,895,0.70608247,0.03252333,0.99544504
cifar10,fixed_phase,2024,896,0.70117294,0.06435824,0.99906559
cifar10,fixed_phase,2024,897,0.7070895,0.00211431,1.01294083
cifar10,fixed_phase,2024,898,0.6977026,0.02824593,0.98541854
cifar10,fixed_phase,2024,899,0.71204266,0.07236381,1.02051855
cifar10,fixed_phase,2024,900,0.70636459,0.08616193,0.98321178
cifar10,fixed_phase,2024,901,0.70083024,0.08172723,0.98674085
cifar10,fixed_phase,2024,902,0.71298589,0.01838164,0.98815281
cifar10,fixed_phase,2024,903,0.6978073,0.0453483,0.98856873
cifar10,fixed_phase,2024,904,0.71074286,0.02896532,1.00670027
cifar10,fixed_phase,2024,905,0.70185949,0.06782836,1.03276428
cifar10,fixed_phase,2024,906,0.70482808,0.03440363,0.99194242
cifar10,fixed_phase,2024,907,0.71248323,0.09961401,0.99197376
cifar10,fixed_phase,2024,908,0.70918176,0.08252174,1.01205984
cifar10,fixed_phase,2024,909,0.70857539,0.00142729,0.9878732
cifar10,fixed_phase,2024,910,0.70577272,0.06443985,1.0149424
cifar10,fixed_phase,2024,911,0.70668627,0.04641473,0.99907122
cifar10,fixed_phase,2024,912,0.69593451,0.0513225,0.97541149
cifar10,fixed_phase,2024,913,0.71247117,0.10131,0.98731297
cifar10,fixed_phase,2024,914,0.70360538,0.02867875,1.02044672
cifar10,fixed_phase,2024,915,0.70763467,0.00692834,0.99833232
cifar10,fixed_phase,2024,916,0.70506941,0.01642993,0.98624217
cifar10,fixed_phase,2024,917,0.70859701,0.06151498,1.00351742
cifar10,fixed_phase,2024,918,0.71040557,0.10592362,1.01375619
cifar10,fixed_phase,2024,919,0.70987467,0.02901418,1.00621231
cifar10,fixed_phase,2024,920,0.69739111,0.02796735,0.98003938
cifar10,fixed_phase,2024,921,0.71387396,0.03308369,0.99981283
cifar10,fixed_phase,2024,922,0.70469938,0.00730026,0.97742039
cifar10,fixed_phase,2024,923,0.69569377,0.02692108,1.02222407
cifar10,fixed_phase,2024,924,0.70663386,0.10594423,0.99151281
cifar10,fixed_phase,2024,925,0.70593337,0.01236669,1.00299399
cifar10,fixed_phase,2024,926,0.70776543,0.05510261,1.00183653
cifar10,fixed_phase,2024,927,0.71178827,0.10482244,0.99593083
cifar10,fixed_phase,2024,928,0.70401654,0.03530699,0.98190038
cifar10,fixed_phase,2024,929,0.71153049,0.0308089,1.01725203
cifar10,fixed_phase,2024,930,0.7161676,0.08905499,0.99487335
cifar10,fixed_phase,2024,931,0.71730025,0.02989453,0.98850899
cifar10,fixed_phase,2024,932,0.69987608,0.03932897,1.00457854
cifar10,fixed_phase,2024,933,0.7055056,0.10427508,1.04296053
cifar10,fixed_phase,2024,934,0.70566355,0.05692536,1.00626472
cifar10,fixed_phase,2024,935,0.70038046,0.04891025,0.99024798
cifar10,fixed_phase,2024,936,0.70420669,0.03861279,0.97649299
cifar10,fixed_phase,2024,937,0.71044738,0.00373165,1.00813919
cifar10,fixed_phase,2024,938,0.69924882,0.02641687,1.02112758
cifar10,fixed_phase,2024,939,0.70406655,0.02755554,1.00907737
cifar10,fixed_phase,2024,940,0.70621899,0.01352241,0.99964825
cifar10,fixed_phase,2024,941,0.71727867,0.10908879,0.98779807
cifar10,fixed_phase,2024,942,0.69694045,0.12187932,1.02673214
cifar10,fixed_phase,2024,943,0.70581277,0.01642654,1.01298674
cifar10,fixed_phase,2024,944,0.70586276,0.01124216,1.02621815
cifar10,fixed_phase,2024,945,0.70411496,0.02800591,0.99799276
cifar10,fixed_phase,2024,946,0.70287384,0.03702115,1.00819765
cifar10,fixed_phase,2024,947,0.71418074,0.02914572,0.98359628
cifar10,fixed_phase,2024,948,0.7163846,0.05063777,1.02499139
cifar10,fixed_phase,2024,949,0.70354568,0.04713612,1.00309556
cifar10,fixed_phase,2024,950,0.69649418,0.06167295,0.99667817
cifar10,fixed_phase,2024,951,0.70330316,0.00677557,1.02685448
cifar10,fixed_phase,2024,952,0.7088862,0.03475588,0.98850269
cifar10,fixed_phase,2024,953,0.70165468,0.00394406,1.01233024
cifar10,fixed_phase,2024,954,0.70708713,0.05873807,0.99482747
cifar10,fixed_phase,2024,955,0.71154422,0.07970399,1.0079142
cifar10,fixed_phase,2024,956,0.70197423,0.03518951,1.00273221
cifar10,fixed_phase,2024,957,0.70117985,0.00294451,1.03500991
cifar10,fixed_phase,2024,958,0.70726833,0.05013497,1.00438744
cifar10,fixed_phase,2024,959,0.71350788,0.00694537,1.01676656
cifar10,fixed_phase,2024,960,0.71052534,0.06392485,0.99659257
cifar10,fixed_phase,2024,961,0.71611374,0.0116656,1.01409073
cifar10,fixed_phase,2024,962,0.71016116,0.04260672,0.99109829
cifar10,fixed_phase,2024,963,0.71237482,0.03669565,1.00796939
cifar10,fixed_phase,2024,964,0.70225601,0.02988807,0.96668075
cifar10,fixed_phase,2024,965,0.70545376,0.0358387,0.98370718
cifar10,fixed_phase,2024,966,0.71422131,0.07683536,0.98950561
cifar10,fixed_phase,2024,967,0.69983258,0.00398358,1.00061503
cifar10,fixed_phase,2024,968,0.71220022,0.0012954,0.96943897
cifar10,fixed_phase,2024,969,0.70743349,0.01075078,0.99699825
cifar10,fixed_phase,2024,970,0.69655327,0.00174487,0.99248659
cifar10,fixed_phase,2024,971,0.70845687,0.02934519,0.99112191
cifar10,fixed_phase,2024,972,0.70438014,0.01309934,1.03181151
cifar10,fixed_phase,2024,973,0.70285135,0.08531404,0.99363565
cifar10,fixed_phase,2024,974,0.70421234,0.00833683,1.00544547
cifar10,fixed_phase,2024,975,0.70977842,0.06651048,1.00893452
cifar10,fixed_phase,2024,976,0.7050149,0.04746439,1.00028746
cifar10,fixed_phase,2024,977,0.71280961,0.01802945,1.01931787
cifar10,fixed_phase,2024,978,0.71456188,0.04010695,1.00669752
cifar10,fixed_phase,2024,979,0.71072084,0.07462742,1.01506163
cifar10,fixed_phase,2024,980,0.7125041,0.04139085,0.99986581
cifar10,fixed_phase,2024,981,0.7071471,0.0011213,1.01683134
cifar10,fixed_phase,2024,982,0.71137926,0.11162623,0.99211003
cifar10,fixed_phase,2024,983,0.71410529,0.00867556,0.98813488
cifar10,fixed_phase,2024,984,0.71996985,0.00327884,0.99178791
cifar10,fixed_phase,2024,985,0.70855694,0.02277475,1.02063957
cifar10,fixed_phase,2024,986,0.70871956,0.04159729,1.00831816
cifar10,fixed_phase,2024,987,0.69533196,0.02677498,0.96920137
cifar10,fixed_phase,2024,988,0.70508135,0.02012555,1.01248014
cifar10,fixed_phase,2024,989,0.70066576,0.01099249,1.00970571
cifar10,fixed_phase,2024,990,0.70661592,0.02688827,1.01314285
cifar10,fixed_phase,2024,991,0.70859028,0.12127071,0.99705721
cifar10,fixed_phase,2024,992,0.71565884,0.07011888,1.00347796
cifar10,fixed_phase,2024,993,0.70245065,0.09308043,1.03128743
cifar10,fixed_phase,2024,994,0.70451795,0.06124755,1.03349184
cifar10,fixed_phase,2024,995,0.71136737,0.03971806,1.00559097
cifar10,fixed_phase,2024,996,0.71426362,0.04649938,1.00382045
cifar10,fixed_phase,2024,997,0.70493137,0.07200848,0.99129875
cifar10,fixed_phase,2024,998,0.70626499,0.04313438,0.99857726
cifar10,fixed_phase,2024,999,0.71006917,0.0272918,1.00737433
cifar10,fixed_phase,4096,0,0.70890612,0.0849539,1.00470759
cifar10,fixed_phase,4096,1,0.69885149,0.08823666,1.00237018
cifar10,fixed_phase,4096,2,0.70718585,0.03991703,0.98707194
cifar10,fixed_phase,4096,3,0.70180629,0.06083367,0.99162602
cifar10,fixed_phase,4096,4,0.70170093,0.03555714,1.03199608
cifar10,fixed_phase,4096,5,0.70640562,0.01074517,0.9993658
cifar10,fixed_phase,4096,6,0.70776954,0.02892274,0.99966536
cifar10,fixed_phase,4096,7,0.70177711,0.08013825,0.97683553
cifar10,fixed_phase,4096,8,0.7131719,0.01236013,0.98276987
cifar10,fixed_phase,4096,9,0.71017844,0.00136782,1.00398562
cifar10,fixed_phase,4096,10,0.70648607,0.03612607,1.00933008
cifar10,fixed_phase,4096,11,0.70993715,0.04330007,0.99161169
cifar10,fixed_phase,4096,12,0.70432266,0.03787549,1.00902868
cifar10,fixed_phase,4096,13,0.7050974,0.0266642,1.02465239
cifar10,fixed_phase,4096,14,0.70539023,0.00561041,0.9893479
cifar10,fixed_phase,4096,15,0.70705373,0.05157582,0.97814522
cifar10,fixed_phase,4096,16,0.71476193,0.00818678,0.99176854
cifar10,fixed_phase,4096,17,0.71116629,0.00790727,0.9969095
cifar10,fixed_phase,4096,18,0.71100804,0.03026159,1.00142613
cifar10,fixed_phase,4096,19,0.69680205,0.00568152,0.97982225
cifar10,fixed_phase,4096,20,0.69878713,0.02693186,0.9848911
cifar10,fixed_phase,4096,21,0.69761983,0.01680564,1.00946194
cifar10,fixed_phase,4096,22,0.70917618,0.02739303,1.00042717
cifar10,fixed_phase,4096,23,0.71044006,0.02527174,0.97769187
cifar10,fixed_phase,4096,24,0.70880844,0.07006799,0.98237492
cifar10,fixed_phase,4096,25,0.70571301,0.07909102,1.00371082
cifar10,fixed_phase,4096,26,0.70233933,0.03237378,1.00996125
cifar10,fixed_phase,4096,27,0.70863219,0.04057902,1.00176385
cifar10,fixed_phase,4096,28,0.69750737,0.00177826,0.97562669
cifar10,fixed_phase,4096,29,0.70943613,0.01651919,1.00857233
cifar10,fixed_phase,4096,30,0.71078111,0.01370391,1.00260528
cifar10,fixed_phase,4096,31,0.69457002,0.11171392,1.01512337
cifar10,fixed_phase,4096,32,0.70904309,0.03826455,0.98509556
cifar10,fixed_phase,4096,33,0.69993339,0.04299564,1.0275712
cifar10,fixed_phase,4096,34,0.70454033,0.01278031,0.99551981
cifar10,fixed_phase,4096,35,0.69808061,0.05934963,1.01415167
cifar10,fixed_phase,4096,36,0.70827576,0.02600758,1.0111997
cifar10,fixed_phase,4096,37,0.71051874,0.02793512,1.0073721
cifar10,fixed_phase,4096,38,0.71793765,0.01255781,1.03225066
cifar10,fixed_phase,4096,39,0.71565499,0.05758049,0.99129273
cifar10,fixed_phase,4096,40,0.71505808,0.03555747,0.98038796
cifar10,fixed_phase,4096,41,0.69414789,0.0808608,0.99852723
cifar10,fixed_phase,4096,42,0.7060063,0.00161466,0.98600197
cifar10,fixed_phase,4096,43,0.70872211,0.02710679,0.99532017
cifar10,fixed_phase,4096,44,0.71008058,0.04472452,0.99208071
cifar10,fixed_phase,4096,45,0.70661653,0.05505721,1.0032606
cifar10,fixed_phase,4096,46,0.70914037,0.04352555,1.02003481
cifar10,fixed_phase,4096,47,0.69676252,0.00166719,0.9958565
cifar10,fixed_phase,4096,48,0.71291872,0.04048838,1.02839553
cifar10,fixed_phase,4096,49,0.70578889,0.02282918,1.00654155
cifar10,fixed_phase,4096,50,0.70417928,0.02464859,1.00078733
cifar10,fixed_phase,4096,51,0.71063008,0.0857045,0.99780795
cifar10,fixed_phase,4096,52,0.703944,0.04547056,0.99934351
cifar10,fixed_phase,4096,53,0.71534592,0.00023234,1.00268243
cifar10,fixed_phase,4096,54,0.70472657,0.04893404,0.99517627
cifar10,fixed_phase,4096,55,0.7006111,0.00155041,1.00872561
cifar10,fixed_phase,4096,56,0.70748114,0.00173278,0.99828554
cifar10,fixed_phase,4096,57,0.70557252,0.01534195,0.99468054
cifar10,fixed_phase,4096,58,0.70351526,0.02500075,1.00439396
cifar10,fixed_phase,4096,59,0.70455397,0.07487751,1.00859925
cifar10,fixed_phase,4096,60,0.69896017,0.09804635,0.9937955
cifar10,fixed_phase,4096,61,0.70737427,0.00704754,0.98447476
cifar10,fixed_phase,4096,62,0.69608457,0.01537544,0.98258826
cifar10,fixed_phase,4096,63,0.70720164,0.03500331,0.97959128
cifar10,fixed_phase,4096,64,0.70214621,0.00641646,1.01664877
cifar10,fixed_phase,4096,65,0.70224668,0.04374621,1.01659738
cifar10,fixed_phase,4096,66,0.71660668,0.0209603,1.00631413
cifar10,fixed_phase,4096,67,0.70311699,0.03152437,1.02979765
cifar10,fixed_phase,4096,68,0.71024833,0.05541385,1.01055866
cifar10,fixed_phase,4096,69,0.70614568,0.02907716,0.98822074
cifar10,fixed_phase,4096,70,0.70045808,0.03945373,1.01905703
cifar10,fixed_phase,4096,71,0.700696,0.03226304,1.01998526
cifar10,fixed_phase,4096,72,0.71088146,0.04181713,0.98917879
cifar10,fixed_phase,4096,73,0.70973454,0.03599656,0.99758731
cifar10,fixed_phase,4096,74,0.70599781,0.08604889,1.00787708
cifar10,fixed_phase,4096,75,0.71578174,0.02192934,1.02285693
cifar10,fixed_phase,4096,76,0.71023277,0.00880871,1.00079888
cifar10,fixed_phase,4096,77,0.70203044,0.07490863,1.00159505
cifar10,fixed_phase,4096,78,0.70374603,0.06503695,1.00971511
cifar10,fixed_phase,4096,79,0.70705272,0.01203321,1.0107298
cifar10,fixed_phase,4096,80,0.69848062,0.04745778,0.98852875
cifar10,fixed_phase,4096,81,0.70100144,0.05215315,0.98911626
cifar10,fixed_phase,4096,82,0.715681,0.0497797,1.02172106
cifar10,fixed_phase,4096,83,0.71203815,0.04604579,0.99048862
cifar10,fixed_phase,4096,84,0.69931402,0.07790879,1.00511048
cifar10,fixed_phase,4096,85,0.69996765,0.15013219,1.00494376
cifar10,fixed_phase,4096,86,0.71779128,0.00730501,1.01819825
cifar10,fixed_phase,4096,87,0.71034156,0.08562051,0.98400919
cifar10,fixed_phase,4096,88,0.7087705,0.03089111,0.99705064
cifar10,fixed_phase,4096,89,0.70783111,0.03202609,1.01243969
cifar10,fixed_phase,4096,90,0.69998626,0.06493768,0.98964521
cifar10,fixed_phase,4096,91,0.71068526,0.04814925,1.00896249
cifar10,fixed_phase,4096,92,0.70917935,0.06555901,0.9993274
cifar10,fixed_phase,4096,93,0.70714739,0.05388936,0.99944803
cifar10,fixed_phase,4096,94,0.70796411,0.08309784,0.97353572
cifar10,fixed_phase,4096,95,0.70716492,0.01443105,0.99910483
cifar10,fixed_phase,4096,96,0.70287404,0.06968759,1.00988125
cifar10,fixed_phase,4096,97,0.70620955,0.01654823,1.02646111
cifar10,fixed_phase,4096,98,0.71938825,0.01932231,1.00412404
cifar10,fixed_phase,4096,99,0.70719735,0.02809599,1.01285282
cifar10,fixed_phase,4096,100,0.71233715,0.01390272,0.99747024
cifar10,fixed_phase,4096,101,0.70627642,0.0423675,0.9814312
cifar10,fixed_phase,4096,102,0.71500455,0.00720255,1.00517087
cifar10,fixed_phase,4096,103,0.72205236,0.02328711,1.013956
cifar10,fixed_phase,4096,104,0.70420518,0.00479304,1.01345757
cifar10,fixed_phase,4096,105,0.71621229,0.01105716,0.99719938
cifar10,fixed_phase,4096,106,0.70670354,0.05730595,0.96945124
cifar10,fixed_phase,4096,107,0.71227171,0.00481014,0.97915057
cifar10,fixed_phase,4096,108,0.70043549,0.13469056,1.01536594
cifar10,fixed_phase,4096,109,0.70729496,0.04291827,1.00827445
cifar10,fixed_phase,4096,110,0.71160654,0.03670168,1.00264584
cifar10,fixed_phase,4096,111,0.70713216,0.01215999,1.00307395
cifar10,fixed_phase,4096,112,0.71403163,0.01429432,0.98882906
cifar10,fixed_phase,4096,113,0.6975195,0.07022556,1.01837855
cifar10,fixed_phase,4096,114,0.6925803,0.03910081,0.98147161
cifar10,fixed_phase,4096,115,0.70719499,0.04510387,0.98702632
cifar10,fixed_phase,4096,116,0.70371279,0.02250784,1.02357711
cifar10,fixed_phase,4096,117,0.6922555,0.06467649,0.96833983
cifar10,fixed_phase,4096,118,0.71281574,0.07605814,0.99642978
cifar10,fixed_phase,4096,119,0.71130935,0.03494499,1.00288575
cifar10,fixed_phase,4096,120,0.69826348,0.05544901,0.99454744
cifar10,fixed_phase,4096,121,0.71083616,0.04960668,0.98152802
cifar10,fixed_phase,4096,122,0.7094536,0.06446093,1.02554163
cifar10,fixed_phase,4096,123,0.71201682,0.13464802,1.03778707
cifar10,fixed_phase,4096,124,0.70240884,0.06929519,0.98827931
cifar10,fixed_phase,4096,125,0.69770077,0.00270511,1.00314186
cifar10,fixed_phase,4096,126,0.70510633,0.00728787,1.027523
cifar10,fixed_phase,4096,127,0.71023979,0.01843608,1.00373863
cifar10,fixed_phase,4096,128,0.69706981,0.0833201,0.98835145
cifar10,fixed_phase,4096,129,0.70057535,0.03447472,1.00305621
cifar10,fixed_phase,4096,130,0.7091008,0.02615203,0.99214647
cifar10,fixed_phase,4096,131,0.70306554,0.00608916,0.99979284
cifar10,fixed_phase,4096,132,0.70840007,0.0950511,1.00638242
cifar10,fixed_phase,4096,133,0.70637188,0.00026342,0.99510473
cifar10,fixed_phase,4096,134,0.69321657,0.07407429,0.96876609
cifar10,fixed_phase,4096,135,0.70355005,0.01040545,1.02181288
cifar10,fixed_phase,4096,136,0.70492882,0.04555249,1.01906125
cifar10,fixed_phase,4096,137,0.72102603,0.00061033,0.9615861
cifar10,fixed_phase,4096,138,0.71419825,0.01354358,1.00205389
cifar10,fixed_phase,4096,139,0.69857557,0.07773671,1.04511959
cifar10,fixed_phase,4096,140,0.70234227,0.02331323,1.0074583
cifar10,fixed_phase,4096,141,0.70727601,0.06015084,0.9942728
cifar10,fixed_phase,4096,142,0.70508622,0.08864703,1.00381482
cifar10,fixed_phase,4096,143,0.70858658,0.10961473,1.02585585
cifar10,fixed_phase,4096,144,0.70970573,0.02279893,1.01266957
cifar10,fixed_phase,4096,145,0.70623459,0.00139428,1.0095816
cifar10,fixed_phase,4096,146,0.71493154,0.06097428,1.00833308
cifar10,fixed_phase,4096,147,0.7023319,0.06798977,0.98921112
cifar10,fixed_phase,4096,148,0.70834963,0.05154542,1.01233895
cifar10,fixed_phase,4096,149,0.70193437,0.00490395,0.9851194
cifar10,fixed_phase,4096,150,0.70649821,0.03168429,1.02471699
cifar10,fixed_phase,4096,151,0.70693035,0.01480123,1.0118112
cifar10,fixed_phase,4096,152,0.71185399,0.0030109,1.00562242
cifar10,fixed_phase,4096,153,0.70915767,0.02029521,1.01036626
cifar10,fixed_phase,4096,154,0.70127078,0.03532177,0.99402637
cifar10,fixed_phase,4096,155,0.70578559,0.08468704,1.00053113
cifar10,fixed_phase,4096,156,0.70820354,0.06933083,0.98546997
cifar10,fixed_phase,4096,157,0.70337693,0.01094384,1.00843082
cifar10,fixed_phase,4096,158,0.71274724,0.09818472,0.99235034
cifar10,fixed_phase,4096,159,0.71349176,0.08514213,0.99176676
cifar10,fixed_phase,4096,160,0.70323819,0.07031878,1.0005086
cifar10,fixed_phase,4096,161,0.70279463,0.03754568,1.01238951
cifar10,fixed_phase,4096,162,0.70340166,0.08375007,1.0040775
cifar10,fixed_phase,4096,163,0.71510023,0.06257264,1.01045999
cifar10,fixed_phase,4096,164,0.7070256,0.00803516,0.99506538
cifar10,fixed_phase,4096,165,0.70105241,0.07793276,1.01046246
cifar10,fixed_phase,4096,166,0.70736886,0.0147895,0.99988639
cifar10,fixed_phase,4096,167,0.69928191,0.05511303,1.00825727
cifar10,fixed_phase,4096,168,0.71925643,0.00667664,1.01259453
cifar10,fixed_phase,4096,169,0.70906852,0.0121529,1.00204361
cifar10,fixed_phase,4096,170,0.70145156,0.0176763,0.97357043
cifar10,fixed_phase,4096,171,0.71415863,0.010038,1.02267694
cifar10,fixed_phase,4096,172,0.70267461,0.00353027,1.00796191
cifar10,fixed_phase,4096,173,0.70270936,0.00510569,0.98498144
cifar10,fixed_phase,4096,174,0.70535038,0.00267283,1.02538465
cifar10,fixed_phase,4096,175,0.70884655,0.02799962,1.00681391
cifar10,fixed_phase,4096,176,0.71121065,0.09984362,0.99688103
cifar10,fixed_phase,4096,177,0.70540717,0.02768433,1.00991673
cifar10,fixed_phase,4096,178,0.71144722,0.02323088,1.01698203
cifar10,fixed_phase,4096,179,0.70986878,0.0212733,0.99561211
cifar10,fixed_phase,4096,180,0.70798705,0.01575963,1.0015509
cifar10,fixed_phase,4096,181,0.70697526,0.02053883,0.98644272
cifar10,fixed_phase,4096,182,0.69815575,0.08096112,0.99233373
cifar10,fixed_phase,4096,183,0.71932568,0.02770176,0.98250351
cifar10,fixed_phase,4096,184,0.69589186,0.01906665,1.00809677
cifar10,fixed_phase,4096,185,0.70874739,0.03003055,1.01114038
cifar10,fixed_phase,4096,186,0.69714293,0.0570591,1.00290663
cifar10,fixed_phase,4096,187,0.6954494,0.05323059,0.98836766
cifar10,fixed_phase,4096,188,0.70930777,0.09233194,0.98489728
cifar10,fixed_phase,4096,189,0.70630719,0.04616568,0.98112072
cifar10,fixed_phase,4096,190,0.70921609,0.00616915,1.019766
cifar10,fixed_phase,4096,191,0.69620454,0.04424285,0.99570117
cifar10,fixed_phase,4096,192,0.704706,0.01602168,1.01738527
cifar10,fixed_phase,4096,193,0.71029359,0.02648426,0.97565202
cifar10,fixed_phase,4096,194,0.71000132,0.01823499,1.01968158
cifar10,fixed_phase,4096,195,0.69884258,0.13228162,1.01545355
cifar10,fixed_phase,4096,196,0.69588505,0.05936451,1.01078132
cifar10,fixed_phase,4096,197,0.70423259,0.05896997,0.99539436
cifar10,fixed_phase,4096,198,0.70931384,0.00175141,1.00514182
cifar10,fixed_phase,4096,199,0.70631731,0.01528138,0.98630126
cifar10,fixed_phase,4096,200,0.7012745,0.06167135,0.98601837
cifar10,fixed_phase,4096,201,0.71099782,0.01740419,0.9938929
cifar10,fixed_phase,4096,202,0.70561177,0.03568983,0.99859644
cifar10,fixed_phase,4096,203,0.70018282,0.0649868,0.98727622
cifar10,fixed_phase,4096,204,0.71226426,0.07512492,0.98922535
cifar10,fixed_phase,4096,205,0.70644874,0.10398236,0.98738884
cifar10,fixed_phase,4096,206,0.70909132,0.00379296,1.01174669
cifar10,fixed_phase,4096,207,0.70969599,0.13034019,0.99045204
cifar10,fixed_phase,4096,208,0.70818606,0.05081212,0.97203973
cifar10,fixed_phase,4096,209,0.71869684,0.02428676,0.98642646
cifar10,fixed_phase,4096,210,0.70513588,0.00330592,0.9699527
cifar10,fixed_phase,4096,211,0.70203394,0.09551591,0.99977575
cifar10,fixed_phase,4096,212,0.69893852,0.03614586,1.01499609
cifar10,fixed_phase,4096,213,0.71401638,0.0054489,0.98702087
cifar10,fixed_phase,4096,214,0.69587205,0.04949153,0.98344065
cifar10,fixed_phase,4096,215,0.70752332,0.05189642,0.99677565
cifar10,fixed_phase,4096,216,0.70656129,0.00766644,0.99230531
cifar10,fixed_phase,4096,217,0.71104776,0.0253077,0.97840982
cifar10,fixed_phase,4096,218,0.71000159,0.03601558,0.98878729
cifar10,fixed_phase,4096,219,0.69959673,0.01665447,0.98320517
cifar10,fixed_phase,4096,220,0.70584002,0.0119697,0.99233627
cifar10,fixed_phase,4096,221,0.7087282,0.05305618,1.00213033
cifar10,fixed_phase,4096,222,0.70517051,0.02683799,1.00723725
cifar10,fixed_phase,4096,223,0.70173261,0.000121,0.99707617
cifar10,fixed_phase,4096,224,0.69640539,0.00512713,0.98380515
cifar10,fixed_phase,4096,225,0.70207542,0.01069833,1.01848817
cifar10,fixed_phase,4096,226,0.72117447,0.03304962,1.00556442
cifar10,fixed_phase,4096,227,0.70958186,0.00052344,0.98863196
cifar10,fixed_phase,4096,228,0.71054137,0.0463426,1.00628517
cifar10,fixed_phase,4096,229,0.70968429,0.04300312,0.97234255
cifar10,fixed_phase,4096,230,0.69915168,0.01670569,1.00712627
cifar10,fixed_phase,4096,231,0.70874413,0.0430585,0.98829317
cifar10,fixed_phase,4096,232,0.71175095,0.0462611,1.01266066
cifar10,fixed_phase,4096,233,0.71653711,0.07130948,1.00122967
cifar10,fixed_phase,4096,234,0.7043045,0.09590194,0.99864725
cifar10,fixed_phase,4096,235,0.71024551,0.00276569,0.97376329
cifar10,fixed_phase,4096,236,0.71387436,0.04756852,0.99151497
cifar10,fixed_phase,4096,237,0.70768192,0.02386473,1.01349673
cifar10,fixed_phase,4096,238,0.70568231,0.00352318,1.01495666
cifar10,fixed_phase,4096,239,0.70809228,0.01475494,1.01422293
cifar10,fixed_phase,4096,240,0.70747276,0.07983027,0.99004794
cifar10,fixed_phase,4096,241,0.70775148,0.00254945,0.99270702
cifar10,fixed_phase,4096,242,0.70367166,0.02379984,0.99392887
cifar10,fixed_phase,4096,243,0.70740435,0.01820693,0.97767193
cifar10,fixed_phase,4096,244,0.70950553,0.02142449,1.00867643
cifar10,fixed_phase,4096,245,0.70730011,0.01196332,1.0055011
cifar10,fixed_phase,4096,246,0.69874793,0.0266204,1.00007316
cifar10,fixed_phase,4096,247,0.70964738,0.01034908,1.00449762
cifar10,fixed_phase,4096,248,0.70634181,0.00801327,0.99455378
cifar10,fixed_phase,4096,249,0.70251418,0.01312742,1.0047098
cifar10,fixed_phase,4096,250,0.70153137,0.05124316,1.00024171
cifar10,fixed_phase,4096,251,0.69718639,0.0536493,1.00258601
cifar10,fixed_phase,4096,252,0.70265136,0.00993122,0.99805556
cifar10,fixed_phase,4096,253,0.69993631,0.04411148,0.99362316
cifar10,fixed_phase,4096,254,0.70309292,0.00506366,1.00413281
cifar10,fixed_phase,4096,255,0.71101567,0.00475258,0.98873934
cifar10,fixed_phase,4096,256,0.70758156,0.04453604,1.01377998
cifar10,fixed_phase,4096,257,0.70423212,0.04174938,1.00265967
cifar10,fixed_phase,4096,258,0.71605019,0.02951788,0.98595064
cifar10,fixed_phase,4096,259,0.71285334,0.08409133,1.00542
cifar10,fixed_phase,4096,260,0.70472896,0.01014981,0.99995222
cifar10,fixed_phase,4096,261,0.70114922,0.03241899,1.01506787
cifar10,fixed_phase,4096,262,0.70692478,0.0023126,0.98264771
cifar10,fixed_phase,4096,263,0.70231841,0.03326494,1.01208434
cifar10,fixed_phase,4096,264,0.70251363,0.10911046,1.02184174
cifar10,fixed_phase,4096,265,0.70356242,5.862e-05,1.0162133
cifar10,fixed_phase,4096,266,0.71563498,0.08049516,1.00734617
cifar10,fixed_phase,4096,267,0.70784536,0.04034306,1.01579231
cifar10,fixed_phase,4096,268,0.70485416,0.04258066,1.01114176
cifar10,fixed_phase,4096,269,0.71305909,0.06543534,1.00851486
cifar10,fixed_phase,4096,270,0.69393234,0.00434257,0.98956136
cifar10,fixed_phase,4096,271,0.70974854,0.03934611,0.99257786
cifar10,fixed_phase,4096,272,0.69719091,0.08530463,0.98250618
cifar10,fixed_phase,4096,273,0.70253572,0.01010443,1.02193397
cifar10,fixed_phase,4096,274,0.70312913,0.01296378,0.98742718
cifar10,fixed_phase,4096,275,0.70670103,0.08833638,1.01470392
cifar10,fixed_phase,4096,276,0.6989545,0.00221727,1.00234227
cifar10,fixed_phase,4096,277,0.71242851,0.13961113,0.98910476
cifar10,fixed_phase,4096,278,0.7041372,0.03277615,0.99092593
cifar10,fixed_phase,4096,279,0.70640721,0.05049808,1.01548899
cifar10,fixed_phase,4096,280,0.7089529,0.02469631,1.00389129
cifar10,fixed_phase,4096,281,0.71221754,0.04652151,1.0080336
cifar10,fixed_phase,4096,282,0.71519219,0.00161263,1.00687011
cifar10,fixed_phase,4096,283,0.71783037,0.04775061,1.00954321
cifar10,fixed_phase,4096,284,0.69819713,0.08532594,0.96494369
cifar10,fixed_phase,4096,285,0.71337186,0.04446784,0.98330951
cifar10,fixed_phase,4096,286,0.71592539,0.06131279,1.00698855
cifar10,fixed_phase,4096,287,0.69294289,0.03763706,1.01325788
cifar10,fixed_phase,4096,288,0.70299603,0.0174398,1.01961839
cifar10,fixed_phase,4096,289,0.70861479,0.0438654,1.01042349
cifar10,fixed_phase,4096,290,0.71427955,0.03024568,1.0040572
cifar10,fixed_phase,4096,291,0.70759399,0.03869279,1.00193005
cifar10,fixed_phase,4096,292,0.71046445,4.185e-05,0.99796656
cifar10,fixed_phase,4096,293,0.69193019,0.00610365,1.00203219
cifar10,fixed_phase,4096,294,0.71294841,0.00226643,1.03654419
cifar10,fixed_phase,4096,295,0.71494863,0.03968813,1.00663302
cifar10,fixed_phase,4096,296,0.71018757,0.0487097,1.00005666
cifar10,fixed_phase,4096,297,0.71053867,0.03574906,0.9891093
cifar10,fixed_phase,4096,298,0.71752126,0.03303206,1.00242581
cifar10,fixed_phase,4096,299,0.69519389,0.0476198,1.00657724
cifar10,fixed_phase,4096,300,0.70946344,0.03456285,0.99571437
cifar10,fixed_phase,4096,301,0.71694508,0.03982685,1.00726042
cifar10,fixed_phase,4096,302,0.7021734,0.00020571,1.00013233
cifar10,fixed_phase,4096,303,0.70086025,0.01383612,0.98843177
cifar10,fixed_phase,4096,304,0.70366194,0.04006065,0.98704357
cifar10,fixed_phase,4096,305,0.70579451,0.06838197,0.97662716
cifar10,fixed_phase,4096,306,0.70514988,0.02169323,1.00130314
cifar10,fixed_phase,4096,307,0.71151366,0.00565038,0.98987185
cifar10,fixed_phase,4096,308,0.70065931,0.07116185,1.024504
cifar10,fixed_phase,4096,309,0.71225899,0.04463931,0.99818782
cifar10,fixed_phase,4096,310,0.70038077,0.02930381,1.02817008
cifar10,fixed_phase,4096,311,0.70825148,0.09417141,1.02009475
cifar10,fixed_phase,4096,312,0.71023732,0.01297294,0.99625425
cifar10,fixed_phase,4096,313,0.71715937,0.083969,1.00782785
cifar10,fixed_phase,4096,314,0.70854416,0.03374331,0.992804
cifar10,fixed_phase,4096,315,0.70760983,0.03506772,0.97987465
cifar10,fixed_phase,4096,316,0.70817762,0.0529108,1.0130633
cifar10,fixed_phase,4096,317,0.71682867,0.08902675,0.98832664
cifar10,fixed_phase,4096,318,0.70751044,0.02592302,1.02197758
cifar10,fixed_phase,4096,319,0.6997006,0.06053316,0.98316306
cifar10,fixed_phase,4096,320,0.70605424,0.02283745,1.00867782
cifar10,fixed_phase,4096,321,0.70902209,0.04860451,0.99496149
cifar10,fixed_phase,4096,322,0.71131817,0.02417641,1.01067397
cifar10,fixed_phase,4096,323,0.71185104,0.06849953,0.98504174
cifar10,fixed_phase,4096,324,0.70665167,0.08312305,0.99587983
cifar10,fixed_phase,4096,325,0.7108783,0.02080892,0.99911568
cifar10,fixed_phase,4096,326,0.70150659,0.02887623,1.0031825
cifar10,fixed_phase,4096,327,0.70350325,0.04441684,1.00558362
cifar10,fixed_phase,4096,328,0.70293876,0.01369422,0.9907697
cifar10,fixed_phase,4096,329,0.70773349,0.07322756,0.97957083
cifar10,fixed_phase,4096,330,0.70806235,0.07005878,0.99006775
cifar10,fixed_phase,4096,331,0.71213414,0.05111041,0.98020146
cifar10,fixed_phase,4096,332,0.70458799,0.01431275,1.00621674
cifar10,fixed_phase,4096,333,0.70184745,0.10451601,0.98490624
cifar10,fixed_phase,4096,334,0.70874954,0.17096631,1.02194812
cifar10,fixed_phase,4096,335,0.71202897,0.02871909,0.98036246
cifar10,fixed_phase,4096,336,0.71607139,0.05203404,0.98955576
cifar10,fixed_phase,4096,337,0.70748377,0.05757003,0.99608209
cifar10,fixed_phase,4096,338,0.71461727,0.00929339,1.00011092
cifar10,fixed_phase,4096,339,0.70254967,0.00620315,0.98608378
cifar10,fixed_phase,4096,340,0.70127214,0.01227317,1.00256841
cifar10,fixed_phase,4096,341,0.70187623,0.03528987,1.03760738
cifar10,fixed_phase,4096,342,0.71006893,0.12571645,1.00720506
cifar10,fixed_phase,4096,343,0.70284361,0.02131332,1.01326968
cifar10,fixed_phase,4096,344,0.70813032,0.04494299,0.98818449
cifar10,fixed_phase,4096,345,0.70797833,0.00822192,0.99139388
cifar10,fixed_phase,4096,346,0.70447768,0.03967775,1.02807908
cifar10,fixed_phase,4096,347,0.70398588,0.03035837,0.98133447
cifar10,fixed_phase,4096,348,0.70840412,0.0291062,0.97416885
cifar10,fixed_phase,4096,349,0.71168234,0.03064781,0.98173445
cifar10,fixed_phase,4096,350,0.70216644,0.00212764,0.97523546
cifar10,fixed_phase,4096,351,0.69399149,0.0549975,1.02120012
cifar10,fixed_phase,4096,352,0.70237063,0.05980849,0.98965072
cifar10,fixed_phase,4096,353,0.70354435,0.08478027,0.99074737
cifar10,fixed_phase,4096,354,0.71366203,0.04025012,1.01019379
cifar10,fixed_phase,4096,355,0.71390115,0.02255877,1.00489827
cifar10,fixed_phase,4096,356,0.7060109,0.05524289,0.99902618
cifar10,fixed_phase,4096,357,0.70914913,0.01291635,0.99059721
cifar10,fixed_phase,4096,358,0.71353609,0.01163291,0.99524354
cifar10,fixed_phase,4096,359,0.71288322,0.02862868,0.99317851
cifar10,fixed_phase,4096,360,0.69941315,0.0411663,1.00922252
cifar10,fixed_phase,4096,361,0.70445103,0.01512842,1.01348249
cifar10,fixed_phase,4096,362,0.71474099,0.01001663,1.02578705
cifar10,fixed_phase,4096,363,0.70850605,0.04894734,1.0164121
cifar10,fixed_phase,4096,364,0.69969513,0.00838451,1.01555211
cifar10,fixed_phase,4096,365,0.70122883,0.02924865,0.99910968
cifar10,fixed_phase,4096,366,0.71443191,0.02415803,0.99180917
cifar10,fixed_phase,4096,367,0.69220592,0.02794851,1.00151957
cifar10,fixed_phase,4096,368,0.7100022,0.01921891,1.00124962
cifar10,fixed_phase,4096,369,0.70889281,0.03986891,1.01164542
cifar10,fixed_phase,4096,370,0.70665355,0.0321462,1.02148436
cifar10,fixed_phase,4096,371,0.70518826,0.05313852,0.99079977
cifar10,fixed_phase,4096,372,0.71356028,0.04234215,1.02548988
cifar10,fixed_phase,4096,373,0.70391812,0.0870139,1.00461724
cifar10,fixed_phase,4096,374,0.70517171,0.01086137,1.01397212
cifar10,fixed_phase,4096,375,0.70426791,0.03248565,1.01261362
cifar10,fixed_phase,4096,376,0.71347261,0.02732589,1.01155331
cifar10,fixed_phase,4096,377,0.70263409,0.0286481,0.99785855
cifar10,fixed_phase,4096,378,0.71025145,0.03902469,1.02119771
cifar10,fixed_phase,4096,379,0.71041051,0.01959281,0.98394362
cifar10,fixed_phase,4096,380,0.69634439,0.04775595,1.00679255
cifar10,fixed_phase,4096,381,0.69894704,0.00829813,0.99486202
cifar10,fixed_phase,4096,382,0.70846877,0.05117779,0.99999652
cifar10,fixed_phase,4096,383,0.70566592,0.06367058,1.00317855
cifar10,fixed_phase,4096,384,0.70762277,0.01978974,0.99561526
cifar10,fixed_phase,4096,385,0.70435545,0.02516053,1.02136801
cifar10,fixed_phase,4096,386,0.69521803,0.14026836,0.98504106
cifar10,fixed_phase,4096,387,0.70656338,0.01801853,0.99062617
cifar10,fixed_phase,4096,388,0.71525966,0.00872947,1.00796031
cifar10,fixed_phase,4096,389,0.69789527,0.06287683,1.00816742
cifar10,fixed_phase,4096,390,0.71457955,0.03592533,0.97223105
cifar10,fixed_phase,4096,391,0.713737,0.00801357,0.96806582
cifar10,fixed_phase,4096,392,0.71131065,0.04755508,0.99656051
cifar10,fixed_phase,4096,393,0.70342717,0.0473859,0.99789507
cifar10,fixed_phase,4096,394,0.70844626,0.12823248,0.98573864
cifar10,fixed_phase,4096,395,0.7142862,0.00596231,1.01762515
cifar10,fixed_phase,4096,396,0.70964276,0.01616532,0.99953644
cifar10,fixed_phase,4096,397,0.70833451,0.02190737,1.0308492
cifar10,fixed_phase,4096,398,0.70731655,0.01148388,0.98089657
cifar10,fixed_phase,4096,399,0.70663035,0.01656341,1.01468994
cifar10,fixed_phase,4096,400,0.70840453,0.02559252,0.99203798
cifar10,fixed_phase,4096,401,0.70015877,0.01432222,0.99568042
cifar10,fixed_phase,4096,402,0.72122756,0.04678962,0.97262022
cifar10,fixed_phase,4096,403,0.70283972,0.00383389,0.9975022
cifar10,fixed_phase,4096,404,0.70312509,0.02286908,0.99681108
cifar10,fixed_phase,4096,405,0.71497615,0.02402975,1.00348267
cifar10,fixed_phase,4096,406,0.69762735,0.0075051,1.01514811
cifar10,fixed_phase,4096,407,0.70680197,0.02018071,1.01713203
cifar10,fixed_phase,4096,408,0.70273119,0.06295466,1.02200061
cifar10,fixed_phase,4096,409,0.70143169,0.02149345,0.98493833
cifar10,fixed_phase,4096,410,0.70710744,0.00472989,0.99924753
cifar10,fixed_phase,4096,411,0.71188151,0.00322561,0.99154347
cifar10,fixed_phase,4096,412,0.71268536,0.02917731,1.00995713
cifar10,fixed_phase,4096,413,0.70244565,0.03532773,1.00517326
cifar10,fixed_phase,4096,414,0.71465368,0.05410004,0.97898642
cifar10,fixed_phase,4096,415,0.70722786,0.01276016,0.99652132
cifar10,fixed_phase,4096,416,0.70794986,0.01732667,0.99893545
cifar10,fixed_phase,4096,417,0.70495132,0.03158278,1.01973343
cifar10,fixed_phase,4096,418,0.70589123,0.01300363,0.99683394
cifar10,fixed_phase,4096,419,0.7058059,0.01052471,0.96900133
cifar10,fixed_phase,4096,420,0.70550357,0.01072007,1.00097196
cifar10,fixed_phase,4096,421,0.71354638,0.0485136,0.98206217
cifar10,fixed_phase,4096,422,0.70737958,0.00576455,1.0142411
cifar10,fixed_phase,4096,423,0.71215042,0.0578844,1.01982022
cifar10,fixed_phase,4096,424,0.71677174,0.03841485,1.00797845
cifar10,fixed_phase,4096,425,0.70216079,0.09914498,1.02452958
cifar10,fixed_phase,4096,426,0.71413528,0.02262785,1.02650709
cifar10,fixed_phase,4096,427,0.71211046,0.01963409,1.0178492
cifar10,fixed_phase,4096,428,0.71257303,0.15019456,0.99905127
cifar10,fixed_phase,4096,429,0.70355719,0.02854862,0.97574293
cifar10,fixed_phase,4096,430,0.70317877,0.00887704,0.99040513
cifar10,fixed_phase,4096,431,0.70684735,0.02427219,1.00593891
cifar10,fixed_phase,4096,432,0.70306606,0.06755682,1.0040666
cifar10,fixed_phase,4096,433,0.70583193,0.09409533,0.98228885
cifar10,fixed_phase,4096,434,0.70806598,0.00620271,1.02069182
cifar10,fixed_phase,4096,435,0.7187105,0.02683879,0.98618278
cifar10,fixed_phase,4096,436,0.71091383,0.00954742,1.00911457
cifar10,fixed_phase,4096,437,0.70923883,0.01924473,0.96763416
cifar10,fixed_phase,4096,438,0.69921026,0.02053418,1.02265807
cifar10,fixed_phase,4096,439,0.69944395,0.02724008,0.99845886
cifar10,fixed_phase,4096,440,0.70511756,0.07185614,1.00661799
cifar10,fixed_phase,4096,441,0.71838152,0.01838662,1.02740876
cifar10,fixed_phase,4096,442,0.69841406,0.06523309,1.02156897
cifar10,fixed_phase,4096,443,0.7102398,0.03943303,1.01032723
cifar10,fixed_phase,4096,444,0.71177406,0.06386798,1.00814212
cifar10,fixed_phase,4096,445,0.70388359,0.10778212,1.00542849
cifar10,fixed_phase,4096,446,0.69782886,0.01274083,0.99048242
cifar10,fixed_phase,4096,447,0.70522203,0.01887179,0.98148871
cifar10,fixed_phase,4096,448,0.71506026,0.04888362,1.00956276
cifar10,fixed_phase,4096,449,0.69738076,0.00495758,0.96818006
cifar10,fixed_phase,4096,450,0.70128915,0.06136952,1.00857421
cifar10,fixed_phase,4096,451,0.70451615,0.03416328,0.99662248
cifar10,fixed_phase,4096,452,0.70177179,0.05743642,1.00758468
cifar10,fixed_phase,4096,453,0.69877297,0.00149364,1.01046707
cifar10,fixed_phase,4096,454,0.69736426,0.01468825,0.97569628
cifar10,fixed_phase,4096,455,0.70558514,0.03726152,1.00120848
cifar10,fixed_phase,4096,456,0.70734424,0.02384526,1.00826692
cifar10,fixed_phase,4096,457,0.69901102,0.0560552,0.99718254
cifar10,fixed_phase,4096,458,0.70549763,0.03397675,1.01076904
cifar10,fixed_phase,4096,459,0.70889569,0.01968024,0.97669752
cifar10,fixed_phase,4096,460,0.69104815,0.03364341,1.00754533
cifar10,fixed_phase,4096,461,0.70517589,0.10026997,1.00388633
cifar10,fixed_phase,4096,462,0.7146088,0.05082244,1.00458799
cifar10,fixed_phase,4096,463,0.70646989,0.06781732,1.01296547
cifar10,fixed_phase,4096,464,0.70956521,0.05352701,1.02692018
cifar10,fixed_phase,4096,465,0.69570452,0.0242656,1.01836922
cifar10,fixed_phase,4096,466,0.709941,0.08822864,0.99746844
cifar10,fixed_phase,4096,467,0.71041156,0.00898799,0.97480101
cifar10,fixed_phase,4096,468,0.70896316,0.02572352,1.01186344
cifar10,fixed_phase,4096,469,0.70234088,0.01611136,1.00642388
cifar10,fixed_phase,4096,470,0.70887713,0.03221175,1.02120624
cifar10,fixed_phase,4096,471,0.711571,0.00358629,0.96752058
cifar10,fixed_phase,4096,472,0.70507231,0.03390933,0.97668425
cifar10,fixed_phase,4096,473,0.7158815,0.0250389,0.98551561
cifar10,fixed_phase,4096,474,0.70600044,0.03566239,1.00191807
cifar10,fixed_phase,4096,475,0.70597313,0.01639044,0.98925655
cifar10,fixed_phase,4096,476,0.71080121,0.04247689,0.99695849
cifar10,fixed_phase,4096,477,0.70522655,0.04639024,0.9907156
cifar10,fixed_phase,4096,478,0.70517759,0.020398,1.00690786
cifar10,fixed_phase,4096,479,0.71566582,0.1366517,1.01543452
cifar10,fixed_phase,4096,480,0.70326411,0.05550379,1.01508064
cifar10,fixed_phase,4096,481,0.70139761,0.03581763,0.9714449
cifar10,fixed_phase,4096,482,0.70454448,0.0689232,0.99261019
cifar10,fixed_phase,4096,483,0.70852638,0.01680255,0.98316363
cifar10,fixed_phase,4096,484,0.69966427,0.01770207,0.99669054
cifar10,fixed_phase,4096,485,0.69195155,0.02458643,1.00347178
cifar10,fixed_phase,4096,486,0.70388815,0.0302437,0.98931413
cifar10,fixed_phase,4096,487,0.71069309,0.01326995,0.9937448
cifar10,fixed_phase,4096,488,0.70552702,0.01421406,1.00873722
cifar10,fixed_phase,4096,489,0.70868782,0.01229091,1.01589304
cifar10,fixed_phase,4096,490,0.70179387,0.02756035,1.00173967
cifar10,fixed_phase,4096,491,0.70721709,0.02870617,0.98957301
cifar10,fixed_phase,4096,492,0.71063093,0.0293736,0.97648173
cifar10,fixed_phase,4096,493,0.7088661,0.02460774,1.00210121
cifar10,fixed_phase,4096,494,0.69817897,0.0133704,1.03185956
cifar10,fixed_phase,4096,495,0.70262011,0.00976362,1.00441005
cifar10,fixed_phase,4096,496,0.70678528,0.0188141,0.98684936
cifar10,fixed_phase,4096,497,0.7204632,0.05406437,1.03807814
cifar10,fixed_phase,4096,498,0.70402887,0.00057197,0.99414257
cifar10,fixed_phase,4096,499,0.70288549,0.02139864,0.98731798
cifar10,fixed_phase,4096,500,0.69781611,0.10969508,1.01035598
cifar10,fixed_phase,4096,501,0.7156246,0.0730354,0.99624488
cifar10,fixed_phase,4096,502,0.70009195,0.07645896,1.02878235
cifar10,fixed_phase,4096,503,0.70378913,0.0115632,0.98468777
cifar10,fixed_phase,4096,504,0.70438507,0.07922425,0.99484328
cifar10,fixed_phase,4096,505,0.70395851,0.13410118,1.01730577
cifar10,fixed_phase,4096,506,0.70463367,0.02906188,1.02734885
cifar10,fixed_phase,4096,507,0.70035609,0.00221832,1.00035194
cifar10,fixed_phase,4096,508,0.71315345,0.03472166,0.98511055
cifar10,fixed_phase,4096,509,0.70887338,0.03669908,0.9791271
cifar10,fixed_phase,4096,510,0.70286136,0.04072409,0.9868337
cifar10,fixed_phase,4096,511,0.70101893,0.04451238,1.00246722
cifar10,fixed_phase,4096,512,0.70029017,0.00041742,1.02707593
cifar10,fixed_phase,4096,513,0.70363431,0.02100785,1.00275644
cifar10,fixed_phase,4096,514,0.70439736,0.04358054,0.97903552
cifar10,fixed_phase,4096,515,0.71146824,0.11041086,1.00012964
cifar10,fixed_phase,4096,516,0.70322351,0.04841133,1.02003197
cifar10,fixed_phase,4096,517,0.70798128,0.00798632,0.97606626
cifar10,fixed_phase,4096,518,0.70926111,0.06249156,1.00768126
cifar10,fixed_phase,4096,519,0.70470366,0.02943753,1.00225114
cifar10,fixed_phase,4096,520,0.69409124,0.04613648,0.99859918
cifar10,fixed_phase,4096,521,0.70756902,0.06162901,1.01004837
cifar10,fixed_phase,4096,522,0.70510778,0.11474225,1.01634438
cifar10,fixed_phase,4096,523,0.70900137,0.02825381,0.99084249
cifar10,fixed_phase,4096,524,0.69947996,0.02813308,1.02197037
cifar10,fixed_phase,4096,525,0.70589154,0.04681405,0.98286562
cifar10,fixed_phase,4096,526,0.69975346,0.03515914,1.01983296
cifar10,fixed_phase,4096,527,0.69879778,0.05384714,0.9740036
cifar10,fixed_phase,4096,528,0.70552067,0.08661884,1.01651115
cifar10,fixed_phase,4096,529,0.70688077,0.02215484,1.0061802
cifar10,fixed_phase,4096,530,0.70649332,0.01327755,1.01561871
cifar10,fixed_phase,4096,531,0.69829062,0.01867319,0.98327922
cifar10,fixed_phase,4096,532,0.70440834,0.01076687,1.00136068
cifar10,fixed_phase,4096,533,0.71270429,0.00828861,0.99607869
cifar10,fixed_phase,4096,534,0.71554209,0.00076065,0.98148388
cifar10,fixed_phase,4096,535,0.70211173,0.02006133,0.98530614
cifar10,fixed_phase,4096,536,0.71393653,0.04308086,0.98895851
cifar10,fixed_phase,4096,537,0.69985828,0.05659399,1.01882662
cifar10,fixed_phase,4096,538,0.71066824,0.00142531,1.00677819
cifar10,fixed_phase,4096,539,0.70522175,0.02245558,1.02975278
cifar10,fixed_phase,4096,540,0.7131164,0.04542922,0.97831815
cifar10,fixed_phase,4096,541,0.71639564,0.03153373,0.99588022
cifar10,fixed_phase,4096,542,0.70259787,0.01936951,1.00643033
cifar10,fixed_phase,4096,543,0.71468671,0.09890044,0.97670829
cifar10,fixed_phase,4096,544,0.70352791,0.00577571,1.02086757
cifar10,fixed_phase,4096,545,0.71296164,0.05709674,0.98419152
cifar10,fixed_phase,4096,546,0.70233858,0.01403136,0.98838014
cifar10,fixed_phase,4096,547,0.71377368,0.04353467,0.98380407
cifar10,fixed_phase,4096,548,0.7132092,0.05819366,0.99336635
cifar10,fixed_phase,4096,549,0.71044994,0.0096172,1.00180814
cifar10,fixed_phase,4096,550,0.69832135,0.06311225,0.98183645
cifar10,fixed_phase,4096,551,0.71279002,0.02395797,0.9988624
cifar10,fixed_phase,4096,552,0.71037447,0.12346189,0.99955362
cifar10,fixed_phase,4096,553,0.70878948,0.05328728,1.00135312
cifar10,fixed_phase,4096,554,0.71288393,0.06242046,1.01080275
cifar10,fixed_phase,4096,555,0.70834989,0.00131345,1.01813268
cifar10,fixed_phase,4096,556,0.70964019,0.04922495,1.01831602
cifar10,fixed_phase,4096,557,0.70850451,0.0657226,0.99917326
cifar10,fixed_phase,4096,558,0.69934289,0.02144538,0.9868601
cifar10,fixed_phase,4096,559,0.71307437,0.05558634,1.00567013
cifar10,fixed_phase,4096,560,0.69982975,0.11896968,0.99924555
cifar10,fixed_phase,4096,561,0.69790491,0.11392178,0.99266386
cifar10,fixed_phase,4096,562,0.7026446,0.03505283,1.00013763
cifar10,fixed_phase,4096,563,0.70815086,0.02559572,1.00300444
cifar10,fixed_phase,4096,564,0.71126234,0.03232719,1.01344794
cifar10,fixed_phase,4096,565,0.69640018,0.03637809,1.02791112
cifar10,fixed_phase,4096,566,0.70775105,0.00115787,1.0122502
cifar10,fixed_phase,4096,567,0.7027961,0.00874433,1.00810089
cifar10,fixed_phase,4096,568,0.70122799,0.02332883,1.00662049
cifar10,fixed_phase,4096,569,0.70718571,0.02298237,1.00623325
cifar10,fixed_phase,4096,570,0.70738647,0.07026049,1.00995323
cifar10,fixed_phase,4096,571,0.70774395,0.02149425,0.98401044
cifar10,fixed_phase,4096,572,0.70887274,0.02424412,1.00074579
cifar10,fixed_phase,4096,573,0.70835351,0.05639033,0.9866111
cifar10,fixed_phase,4096,574,0.70513816,0.01623723,0.99697297
cifar10,fixed_phase,4096,575,0.71353677,0.01449876,0.98886076
cifar10,fixed_phase,4096,576,0.69627578,0.03173554,1.00961469
cifar10,fixed_phase,4096,577,0.70795382,0.00748021,0.9806471
cifar10,fixed_phase,4096,578,0.70399334,0.01163924,1.0027521
cifar10,fixed_phase,4096,579,0.70893107,0.06869322,0.98418499
cifar10,fixed_phase,4096,580,0.71085339,0.04223224,1.01426105
cifar10,fixed_phase,4096,581,0.71264726,0.02900025,1.01149184
cifar10,fixed_phase,4096,582,0.71846958,0.02435932,1.0044103
cifar10,fixed_phase,4096,583,0.7165591,0.02779017,0.97829477
cifar10,fixed_phase,4096,584,0.70960296,0.03156527,1.01002421
cifar10,fixed_phase,4096,585,0.70228062,0.0487215,1.00214156
cifar10,fixed_phase,4096,586,0.70286836,0.04253523,1.00068466
cifar10,fixed_phase,4096,587,0.70579809,0.0461606,1.01281004
cifar10,fixed_phase,4096,588,0.7055725,0.13388268,0.96318288
cifar10,fixed_phase,4096,589,0.71322352,0.01549114,1.00804024
cifar10,fixed_phase,4096,590,0.70662728,0.12965066,1.00635053
cifar10,fixed_phase,4096,591,0.70336712,0.01667708,0.99802541
cifar10,fixed_phase,4096,592,0.70669062,0.05530155,1.01106651
cifar10,fixed_phase,4096,593,0.7124134,0.01947808,1.00523892
cifar10,fixed_phase,4096,594,0.7032831,0.03358832,1.01448635
cifar10,fixed_phase,4096,595,0.70396189,0.01621497,1.01517852
cifar10,fixed_phase,4096,596,0.70659441,0.03901407,0.99961214
cifar10,fixed_phase,4096,597,0.71209905,0.01798431,1.00881501
cifar10,fixed_phase,4096,598,0.70583047,0.0175567,1.01875641
cifar10,fixed_phase,4096,599,0.70871504,0.01099496,0.98869581
cifar10,fixed_phase,4096,600,0.70025065,0.03826968,0.99628371
cifar10,fixed_phase,4096,601,0.71227816,0.00033613,0.99620433
cifar10,fixed_phase,4096,602,0.70840747,0.04892071,1.00681807
cifar10,fixed_phase,4096,603,0.70360221,0.06280911,1.01539946
cifar10,fixed_phase,4096,604,0.71388611,0.05080796,1.02071482
cifar10,fixed_phase,4096,605,0.70070623,0.03766785,1.0161147
cifar10,fixed_phase,4096,606,0.70354817,0.01982863,0.99878808
cifar10,fixed_phase,4096,607,0.70614934,0.08082045,1.0174226
cifar10,fixed_phase,4096,608,0.7127765,0.03705109,1.00766503
cifar10,fixed_phase,4096,609,0.69982861,0.12068848,0.98621369
cifar10,fixed_phase,4096,610,0.70007969,0.02504616,0.99827201
cifar10,fixed_phase,4096,611,0.71272051,0.031799,0.99039222
cifar10,fixed_phase,4096,612,0.7028148,0.00794946,1.00301263
cifar10,fixed_phase,4096,613,0.70450289,0.03028584,1.02189758
cifar10,fixed_phase,4096,614,0.70675796,0.08055658,1.02074088
cifar10,fixed_phase,4096,615,0.70209479,0.05872467,1.01921763
cifar10,fixed_phase,4096,616,0.70251079,0.03932014,1.00572413
cifar10,fixed_phase,4096,617,0.70720486,0.00928128,0.97709506
cifar10,fixed_phase,4096,618,0.71013679,0.03777709,1.00956175
cifar10,fixed_phase,4096,619,0.71674908,0.02344233,0.96717597
cifar10,fixed_phase,4096,620,0.69568231,0.0213545,1.01737059
cifar10,fixed_phase,4096,621,0.71246974,0.04532072,1.01704272
cifar10,fixed_phase,4096,622,0.71153079,0.01640841,1.01419376
cifar10,fixed_phase,4096,623,0.70193691,0.07740014,1.00436497
cifar10,fixed_phase,4096,624,0.70716728,0.00010289,0.99099754
cifar10,fixed_phase,4096,625,0.71217407,0.04382012,0.97836663
cifar10,fixed_phase,4096,626,0.70461543,0.04566181,0.99324884
cifar10,fixed_phase,4096,627,0.70043952,0.00587915,0.99171025
cifar10,fixed_phase,4096,628,0.70915269,0.00338457,0.98074387
cifar10,fixed_phase,4096,629,0.70212229,0.07239142,0.99653011
cifar10,fixed_phase,4096,630,0.70876483,0.03510349,0.98650641
cifar10,fixed_phase,4096,631,0.70357277,0.01950726,0.99987323
cifar10,fixed_phase,4096,632,0.70292447,0.0234661,0.99216145
cifar10,fixed_phase,4096,633,0.69972187,0.01261861,1.02280688
cifar10,fixed_phase,4096,634,0.70079371,0.01240023,1.00533367
cifar10,fixed_phase,4096,635,0.70953886,0.04019242,1.00068313
cifar10,fixed_phase,4096,636,0.70626806,0.03027137,0.99486267
cifar10,fixed_phase,4096,637,0.70464434,0.03610844,0.99823769
cifar10,fixed_phase,4096,638,0.70919615,0.0121084,1.01456419
cifar10,fixed_phase,4096,639,0.70207462,0.0993977,1.01355001
cifar10,fixed_phase,4096,640,0.70658521,0.03525063,0.9997444
cifar10,fixed_phase,4096,641,0.71468388,0.06445272,1.00767262
cifar10,fixed_phase,4096,642,0.69675123,0.04791763,0.99759329
cifar10,fixed_phase,4096,643,0.69982804,0.00496314,0.99447537
cifar10,fixed_phase,4096,644,0.70834385,0.02942195,0.98551897
cifar10,fixed_phase,4096,645,0.71255931,0.05083648,0.99258705
cifar10,fixed_phase,4096,646,0.71227915,0.07540621,1.02793386
cifar10,fixed_phase,4096,647,0.71022025,0.04112657,0.99614487
cifar10,fixed_phase,4096,648,0.70882045,0.00532672,1.00213746
cifar10,fixed_phase,4096,649,0.71245442,0.03580786,1.0001413
cifar10,fixed_phase,4096,650,0.71423305,0.0164494,0.98870992
cifar10,fixed_phase,4096,651,0.71032489,0.03699383,0.99992314
cifar10,fixed_phase,4096,652,0.71264,0.00972446,1.00752633
cifar10,fixed_phase,4096,653,0.71786666,0.07681183,1.01595988
cifar10,fixed_phase,4096,654,0.70890936,0.0105007,0.98636851
cifar10,fixed_phase,4096,655,0.69627928,0.01343127,0.99371659
cifar10,fixed_phase,4096,656,0.7112465,0.10343404,1.00359684
cifar10,fixed_phase,4096,657,0.70344161,0.10088578,0.99276541
cifar10,fixed_phase,4096,658,0.69769635,0.08578326,1.00932498
cifar10,fixed_phase,4096,659,0.70580536,0.08536913,0.98722096
cifar10,fixed_phase,4096,660,0.71695031,0.08084203,1.02371751
cifar10,fixed_phase,4096,661,0.70629564,0.02395596,0.979484
cifar10,fixed_phase,4096,662,0.70127173,0.0228899,0.99855417
cifar10,fixed_phase,4096,663,0.71352879,0.06896071,1.0096177
cifar10,fixed_phase,4096,664,0.70112448,0.00013823,0.99282805
cifar10,fixed_phase,4096,665,0.71490722,0.00476904,0.98344516
cifar10,fixed_phase,4096,666,0.70221935,0.020584,0.99682854
cifar10,fixed_phase,4096,667,0.7104144,0.08543663,1.00738293
cifar10,fixed_phase,4096,668,0.70013139,0.03549433,0.98225381
cifar10,fixed_phase,4096,669,0.70003623,0.12712955,1.01410986
cifar10,fixed_phase,4096,670,0.70075201,0.03167463,0.99282109
cifar10,fixed_phase,4096,671,0.70407311,0.00692555,1.00654456
cifar10,fixed_phase,4096,672,0.70642432,0.04242378,1.00988606
cifar10,fixed_phase,4096,673,0.71357716,0.00770462,0.98390275
cifar10,fixed_phase,4096,674,0.70115225,0.01062265,1.00099392
cifar10,fixed_phase,4096,675,0.69914527,0.06394354,0.99423991
cifar10,fixed_phase,4096,676,0.69746962,0.07582145,1.00272389
cifar10,fixed_phase,4096,677,0.69964963,0.07545867,1.000259
cifar10,fixed_phase,4096,678,0.70861739,0.01997129,1.00912367
cifar10,fixed_phase,4096,679,0.69937913,0.04422805,0.98849938
cifar10,fixed_phase,4096,680,0.7066779,0.06048298,0.98224445
cifar10,fixed_phase,4096,681,0.70431206,0.02675303,1.0037012
cifar10,fixed_phase,4096,682,0.71474028,0.03532348,0.99176848
cifar10,fixed_phase,4096,683,0.68794389,0.01858512,1.00601697
cifar10,fixed_phase,4096,684,0.70171602,0.04207282,1.02169503
cifar10,fixed_phase,4096,685,0.70862614,0.10365917,0.98729331
cifar10,fixed_phase,4096,686,0.6991351,0.11625939,1.00951407
cifar10,fixed_phase,4096,687,0.70016394,0.05257837,1.03014406
cifar10,fixed_phase,4096,688,0.70808796,0.07498814,1.00545653
cifar10,fixed_phase,4096,689,0.6988459,0.01984627,0.99165356
cifar10,fixed_phase,4096,690,0.70251327,0.03848502,0.96789729
cifar10,fixed_phase,4096,691,0.69865909,0.02723937,1.01564407
cifar10,fixed_phase,4096,692,0.69404415,0.06172953,0.98438854
cifar10,fixed_phase,4096,693,0.70706001,0.02063802,1.01284725
cifar10,fixed_phase,4096,694,0.69401726,0.03233261,0.9858111
cifar10,fixed_phase,4096,695,0.7161785,0.15030347,0.97758484
cifar10,fixed_phase,4096,696,0.70741126,0.00979358,0.98842008
cifar10,fixed_phase,4096,697,0.7156966,0.0378217,0.99811487
cifar10,fixed_phase,4096,698,0.69639693,0.03900654,1.01322111
cifar10,fixed_phase,4096,699,0.71272616,0.06655963,0.99855971
cifar10,fixed_phase,4096,700,0.70252296,0.03945172,1.00392715
cifar10,fixed_phase,4096,701,0.70148112,0.09153522,1.02121465
cifar10,fixed_phase,4096,702,0.71383242,0.03675895,1.01025251
cifar10,fixed_phase,4096,703,0.70076792,0.0112519,0.97291248
cifar10,fixed_phase,4096,704,0.70660172,0.06247742,0.99769015
cifar10,fixed_phase,4096,705,0.70948392,0.01401411,1.00241263
cifar10,fixed_phase,4096,706,0.70609268,0.05118979,1.031639
cifar10,fixed_phase,4096,707,0.69124247,0.0056607,0.99222761
cifar10,fixed_phase,4096,708,0.70355998,0.00693644,1.00316851
cifar10,fixed_phase,4096,709,0.71938722,0.04693954,1.00132945
cifar10,fixed_phase,4096,710,0.71167938,0.02580693,0.98960231
cifar10,fixed_phase,4096,711,0.70700351,0.01971852,0.99232415
cifar10,fixed_phase,4096,712,0.70481743,0.09030341,0.98412985
cifar10,fixed_phase,4096,713,0.70737852,0.05703409,0.99060321
cifar10,fixed_phase,4096,714,0.70616351,0.00057011,0.99190133
cifar10,fixed_phase,4096,715,0.69996946,0.07125993,1.00406313
cifar10,fixed_phase,4096,716,0.70810246,0.11485906,0.99901786
cifar10,fixed_phase,4096,717,0.71971896,0.02876208,1.00680786
cifar10,fixed_phase,4096,718,0.701314,0.00947601,0.99415878
cifar10,fixed_phase,4096,719,0.70545872,0.00876857,1.025221
cifar10,fixed_phase,4096,720,0.71137372,0.02997663,1.01915486
cifar10,fixed_phase,4096,721,0.70908813,0.02492677,0.9770746
cifar10,fixed_phase,4096,722,0.70633559,0.07808164,1.01093365
cifar10,fixed_phase,4096,723,0.707135,0.05558664,0.97975245
cifar10,fixed_phase,4096,724,0.70834443,0.09311469,1.01579162
cifar10,fixed_phase,4096,725,0.71598848,0.02719606,1.01497991
cifar10,fixed_phase,4096,726,0.71003411,0.03634921,0.99391043
cifar10,fixed_phase,4096,727,0.7164116,0.02543998,0.99756762
cifar10,fixed_phase,4096,728,0.71230348,0.00907617,0.98583836
cifar10,fixed_phase,4096,729,0.70977103,0.0053613,0.99791516
cifar10,fixed_phase,4096,730,0.71250466,0.05973768,1.0223015
cifar10,fixed_phase,4096,731,0.69562348,0.062243,0.98621695
cifar10,fixed_phase,4096,732,0.69280181,0.0020007,0.97310188
cifar10,fixed_phase,4096,733,0.70513418,0.01414009,1.02068851
cifar10,fixed_phase,4096,734,0.70809475,0.05450058,1.02374218
cifar10,fixed_phase,4096,735,0.70439899,0.04575251,0.98675282
cifar10,fixed_phase,4096,736,0.69714388,0.06891306,0.97224382
cifar10,fixed_phase,4096,737,0.70037516,0.018728,1.00421795
cifar10,fixed_phase,4096,738,0.70853269,0.06761675,1.0099966
cifar10,fixed_phase,4096,739,0.71117295,0.05480539,1.0325066
cifar10,fixed_phase,4096,740,0.69794131,0.08683846,1.00727273
cifar10,fixed_phase,4096,741,0.69698415,0.03596055,1.00892785
cifar10,fixed_phase,4096,742,0.70217874,0.01035354,0.99742588
cifar10,fixed_phase,4096,743,0.69792973,0.00607882,1.01135114
cifar10,fixed_phase,4096,744,0.70204722,0.04819622,0.97610495
cifar10,fixed_phase,4096,745,0.71401922,0.02682488,0.99758555
cifar10,fixed_phase,4096,746,0.71064487,0.03620564,1.00260852
cifar10,fixed_phase,4096,747,0.70003323,0.03440727,0.99916577
cifar10,fixed_phase,4096,748,0.71160164,0.11210484,1.01080948
cifar10,fixed_phase,4096,749,0.70260166,0.05476059,0.98472716
cifar10,fixed_phase,4096,750,0.7151516,0.03063147,0.98895247
cifar10,fixed_phase,4096,751,0.70660218,0.03189448,0.97407591
cifar10,fixed_phase,4096,752,0.7165772,0.01787684,1.01579624
cifar10,fixed_phase,4096,753,0.70379621,0.07166051,0.99001671
cifar10,fixed_phase,4096,754,0.70367247,0.00794855,1.01634321
cifar10,fixed_phase,4096,755,0.69712997,0.0232937,1.03638489
cifar10,fixed_phase,4096,756,0.69917587,0.03535273,0.99976215
cifar10,fixed_phase,4096,757,0.71073029,0.02410205,0.98680384
cifar10,fixed_phase,4096,758,0.70887611,1.105e-05,0.98110244
cifar10,fixed_phase,4096,759,0.7079382,0.0222933,0.97505609
cifar10,fixed_phase,4096,760,0.70205036,0.00861803,0.99578015
cifar10,fixed_phase,4096,761,0.69800305,0.0055803,0.99620473
cifar10,fixed_phase,4096,762,0.70451927,0.0076716,1.01493676
cifar10,fixed_phase,4096,763,0.7038837,0.02246608,1.01044132
cifar10,fixed_phase,4096,764,0.71226412,0.04934024,0.99240822
cifar10,fixed_phase,4096,765,0.71318367,0.14770959,0.98118078
cifar10,fixed_phase,4096,766,0.71662406,0.03964657,0.97842558
cifar10,fixed_phase,4096,767,0.69454964,0.04324783,1.00655983
cifar10,fixed_phase,4096,768,0.70038302,0.01785862,0.99904843
cifar10,fixed_phase,4096,769,0.70078547,0.05136572,0.99820202
cifar10,fixed_phase,4096,770,0.7131649,0.06516814,1.00189254
cifar10,fixed_phase,4096,771,0.71570902,0.03246443,0.97933777
cifar10,fixed_phase,4096,772,0.7119287,0.07944096,1.01325656
cifar10,fixed_phase,4096,773,0.70850687,0.02107703,1.00646567
cifar10,fixed_phase,4096,774,0.70687719,0.03755454,1.0281687
cifar10,fixed_phase,4096,775,0.70453167,0.05946539,1.00982026
cifar10,fixed_phase,4096,776,0.70244682,0.03155438,1.01138267
cifar10,fixed_phase,4096,777,0.70825332,0.01264537,1.02855882
cifar10,fixed_phase,4096,778,0.69922977,0.06780604,0.99238998
cifar10,fixed_phase,4096,779,0.70816015,0.03067617,0.99406042
cifar10,fixed_phase,4096,780,0.70469868,0.04409056,0.98765429
cifar10,fixed_phase,4096,781,0.69576724,0.01778884,1.00961021
cifar10,fixed_phase,4096,782,0.70239618,0.02452035,1.02589616
cifar10,fixed_phase,4096,783,0.69880756,0.01825118,0.98911805
cifar10,fixed_phase,4096,784,0.70089926,0.01588234,0.99021104
cifar10,fixed_phase,4096,785,0.69711254,0.05660959,1.00090963
cifar10,fixed_phase,4096,786,0.706371,0.01895957,0.99815814
cifar10,fixed_phase,4096,787,0.70451301,0.0691106,0.99175148
cifar10,fixed_phase,4096,788,0.71290235,0.00254111,1.0015447
cifar10,fixed_phase,4096,789,0.70329573,0.0488682,1.00599953
cifar10,fixed_phase,4096,790,0.70903845,0.0051246,1.0086968
cifar10,fixed_phase,4096,791,0.70781042,0.04344672,1.0
cifar10,fixed_phase,4096,792,0.70783159,0.08697329,0.99823499
cifar10,fixed_phase,4096,793,0.6937294,0.0623176,1.01043314
cifar10,fixed_phase,4096,794,0.70857296,0.02223131,0.98004313
cifar10,fixed_phase,4096,795,0.69797757,0.01007112,0.99808691
cifar10,fixed_phase,4096,796,0.70247203,0.04803967,1.01902999
cifar10,fixed_phase,4096,797,0.70915336,0.06896107,1.01316015
cifar10,fixed_phase,4096,798,0.69840275,0.05416349,0.98136987
cifar10,fixed_phase,4096,799,0.70312578,0.05060604,0.9915291
cifar10,fixed_phase,4096,800,0.71573529,0.05712525,1.00833887
cifar10,fixed_phase,4096,801,0.70816187,0.03896415,1.03651853
cifar10,fixed_phase,4096,802,0.69859285,0.09742648,1.01144238
cifar10,fixed_phase,4096,803,0.70399883,0.00885164,1.01297828
cifar10,fixed_phase,4096,804,0.70900504,0.04424413,1.00585446
cifar10,fixed_phase,4096,805,0.70332079,0.01556745,1.00495158
cifar10,fixed_phase,4096,806,0.71515425,0.01234953,0.99572822
cifar10,fixed_phase,4096,807,0.69619739,0.01974514,1.00022798
cifar10,fixed_phase,4096,808,0.70875734,0.13045868,1.00775922
cifar10,fixed_phase,4096,809,0.70862829,0.01077406,0.97424253
cifar10,fixed_phase,4096,810,0.71491623,0.06547517,1.00681522
cifar10,fixed_phase,4096,811,0.70753535,0.0297506,0.99203928
cifar10,fixed_phase,4096,812,0.71154892,0.00695166,1.02493331
cifar10,fixed_phase,4096,813,0.70131724,0.03708183,0.9865999
cifar10,fixed_phase,4096,814,0.70736449,0.09188474,1.01898647
cifar10,fixed_phase,4096,815,0.71587284,0.07984653,1.0237218
cifar10,fixed_phase,4096,816,0.70358758,0.00401628,1.02427871
cifar10,fixed_phase,4096,817,0.70801206,0.02144521,0.98131246
cifar10,fixed_phase,4096,818,0.70401037,0.01998784,1.00118443
cifar10,fixed_phase,4096,819,0.70362617,0.1006844,0.98366242
cifar10,fixed_phase,4096,820,0.71238331,0.0784365,1.01154961
cifar10,fixed_phase,4096,821,0.70087349,0.00389714,0.99879972
cifar10,fixed_phase,4096,822,0.7130195,0.05657664,0.99854138
cifar10,fixed_phase,4096,823,0.71219316,0.14146276,0.98960225
cifar10,fixed_phase,4096,824,0.69677101,0.09551083,0.97655593
cifar10,fixed_phase,4096,825,0.70143027,0.00643718,1.01108879
cifar10,fixed_phase,4096,826,0.70273376,0.03168828,1.00291324
cifar10,fixed_phase,4096,827,0.70773539,0.11965499,1.0083349
cifar10,fixed_phase,4096,828,0.7062909,0.05241899,1.01296743
cifar10,fixed_phase,4096,829,0.71519261,0.02951918,0.99377541
cifar10,fixed_phase,4096,830,0.70244442,0.01238391,1.02754616
cifar10,fixed_phase,4096,831,0.70729776,0.03062506,0.98229323
cifar10,fixed_phase,4096,832,0.70489073,0.01882628,0.9705887
cifar10,fixed_phase,4096,833,0.7001676,0.01506395,1.01748409
cifar10,fixed_phase,4096,834,0.6990394,0.06125671,0.97850906
cifar10,fixed_phase,4096,835,0.70125658,0.04755923,1.01016375
cifar10,fixed_phase,4096,836,0.70218087,0.06084403,0.99461204
cifar10,fixed_phase,4096,837,0.70643116,0.01918763,0.99316411
cifar10,fixed_phase,4096,838,0.70442998,0.00559374,0.99584989
cifar10,fixed_phase,4096,839,0.69732608,0.05688342,1.0034511
cifar10,fixed_phase,4096,840,0.70517029,0.07179049,1.00623599
cifar10,fixed_phase,4096,841,0.69993652,0.01090692,1.02761774
cifar10,fixed_phase,4096,842,0.70055527,0.03339797,1.01357301
cifar10,fixed_phase,4096,843,0.70838105,0.12007438,1.01364314
cifar10,fixed_phase,4096,844,0.70470417,0.07634832,1.00640383
cifar10,fixed_phase,4096,845,0.71050689,0.12189569,0.99277772
cifar10,fixed_phase,4096,846,0.6948981,0.06081714,0.98136806
cifar10,fixed_phase,4096,847,0.69702754,0.01622549,1.01314299
cifar10,fixed_phase,4096,848,0.69838027,0.12841575,0.99870428
cifar10,fixed_phase,4096,849,0.70479286,0.04493677,1.0187947
cifar10,fixed_phase,4096,850,0.7110006,0.01790678,1.01634937
cifar10,fixed_phase,4096,851,0.71210061,0.03648343,0.98921008
cifar10,fixed_phase,4096,852,0.71177023,0.07560147,0.9873543
cifar10,fixed_phase,4096,853,0.71661451,0.11742797,0.99898441
cifar10,fixed_phase,4096,854,0.70647616,0.00660881,1.0133062
cifar10,fixed_phase,4096,855,0.70639556,0.0035981,0.99397146
cifar10,fixed_phase,4096,856,0.70438649,0.01828238,1.01474145
cifar10,fixed_phase,4096,857,0.70651398,0.00927034,0.99537454
cifar10,fixed_phase,4096,858,0.70274782,0.06355118,0.98884628
cifar10,fixed_phase,4096,859,0.70664857,0.05624526,1.00990885
cifar10,fixed_phase,4096,860,0.70088218,0.0278645,0.95566723
cifar10,fixed_phase,4096,861,0.71347135,0.06678271,1.00948308
cifar10,fixed_phase,4096,862,0.69725235,0.02439043,0.99010839
cifar10,fixed_phase,4096,863,0.70047721,0.05334247,1.00511493
cifar10,fixed_phase,4096,864,0.71723493,0.10040963,1.03365257
cifar10,fixed_phase,4096,865,0.71179361,0.00539977,1.00799431
cifar10,fixed_phase,4096,866,0.69509286,0.1105201,0.99890126
cifar10,fixed_phase,4096,867,0.70352375,0.06190195,1.01385122
cifar10,fixed_phase,4096,868,0.70010078,0.04455682,1.01480206
cifar10,fixed_phase,4096,869,0.70547718,0.02196633,1.0031683
cifar10,fixed_phase,4096,870,0.71112781,0.01165072,0.98733605
cifar10,fixed_phase,4096,871,0.69690346,0.03408988,1.01305156
cifar10,fixed_phase,4096,872,0.69469051,0.04307851,0.99206019
cifar10,fixed_phase,4096,873,0.70112189,0.01415859,0.9926215
cifar10,fixed_phase,4096,874,0.71246978,0.00829723,0.98116026
cifar10,fixed_phase,4096,875,0.7061422,0.01825316,1.00030907
cifar10,fixed_phase,4096,876,0.69981291,0.05563599,1.00783899
cifar10,fixed_phase,4096,877,0.71040087,0.02212798,1.0037437
cifar10,fixed_phase,4096,878,0.7029441,0.05691696,1.0110186
cifar10,fixed_phase,4096,879,0.70916777,0.03547627,1.01154567
cifar10,fixed_phase,4096,880,0.7011179,0.02349477,0.99260043
cifar10,fixed_phase,4096,881,0.70542724,0.03848948,1.01807879
cifar10,fixed_phase,4096,882,0.70600395,0.00523917,1.00226641
cifar10,fixed_phase,4096,883,0.70767009,0.01868076,0.99605153
cifar10,fixed_phase,4096,884,0.71185032,0.02472864,0.97072579
cifar10,fixed_phase,4096,885,0.70691482,0.14686909,1.01378843
cifar10,fixed_phase,4096,886,0.70345746,0.02813047,1.02893835
cifar10,fixed_phase,4096,887,0.70642509,0.00822834,0.99220587
cifar10,fixed_phase,4096,888,0.70480436,0.01262212,1.00537598
cifar10,fixed_phase,4096,889,0.70163077,0.02783041,0.99124235
cifar10,fixed_phase,4096,890,0.70004508,0.02456547,1.0003354
cifar10,fixed_phase,4096,891,0.69938593,0.06235564,1.02101072
cifar10,fixed_phase,4096,892,0.70774653,0.0358196,0.97185077
cifar10,fixed_phase,4096,893,0.70921441,0.01022654,0.98740312
cifar10,fixed_phase,4096,894,0.70744737,0.06073924,1.01181136
cifar10,fixed_phase,4096,895,0.71308568,0.07939772,0.99575155
cifar10,fixed_phase,4096,896,0.70425244,0.06150867,1.00652784
cifar10,fixed_phase,4096,897,0.71209048,0.01818638,0.99455719
cifar10,fixed_phase,4096,898,0.70477973,0.05496051,0.9988925
cifar10,fixed_phase,4096,899,0.70347643,0.04074894,1.00400061
cifar10,fixed_phase,4096,900,0.71586371,0.01053066,0.966213
cifar10,fixed_phase,4096,901,0.70287397,0.0837181,1.00667732
cifar10,fixed_phase,4096,902,0.70922814,0.02981406,1.00151473
cifar10,fixed_phase,4096,903,0.68979642,0.0096252,0.99723066
cifar10,fixed_phase,4096,904,0.70847216,0.08092721,1.00528363
cifar10,fixed_phase,4096,905,0.70593475,0.03314214,0.96083565
cifar10,fixed_phase,4096,906,0.69621152,0.06769474,0.99564397
cifar10,fixed_phase,4096,907,0.70561692,0.02625251,0.9933698
cifar10,fixed_phase,4096,908,0.71340538,0.05895037,1.02912762
cifar10,fixed_phase,4096,909,0.71396493,7.024e-05,0.9785141
cifar10,fixed_phase,4096,910,0.6913707,0.07313746,1.02319872
cifar10,fixed_phase,4096,911,0.70648563,0.09046125,0.99004345
cifar10,fixed_phase,4096,912,0.69891859,0.04767231,1.00724242
cifar10,fixed_phase,4096,913,0.71014761,0.06434776,1.01691824
cifar10,fixed_phase,4096,914,0.71799417,0.01259277,1.0185431
cifar10,fixed_phase,4096,915,0.70689085,0.03324814,0.9864311
cifar10,fixed_phase,4096,916,0.71503443,0.0162708,0.99832556
cifar10,fixed_phase,4096,917,0.70419633,0.03396909,1.00603433
cifar10,fixed_phase,4096,918,0.69673851,0.06315782,1.00896591
cifar10,fixed_phase,4096,919,0.70186525,0.03019893,1.00966357
cifar10,fixed_phase,4096,920,0.69798612,0.02177835,1.01034682
cifar10,fixed_phase,4096,921,0.7069082,0.05099799,0.9954361
cifar10,fixed_phase,4096,922,0.70223739,0.02477258,1.01468925
cifar10,fixed_phase,4096,923,0.70532463,0.025896,0.98364045
cifar10,fixed_phase,4096,924,0.70028908,0.04221533,1.00799127
cifar10,fixed_phase,4096,925,0.71148199,0.03209759,1.01776112
cifar10,fixed_phase,4096,926,0.70952748,0.0281071,0.99567665
cifar10,fixed_phase,4096,927,0.71144264,0.01596792,1.00313701
cifar10,fixed_phase,4096,928,0.71574425,0.09291994,0.99792011
cifar10,fixed_phase,4096,929,0.71286001,0.06371796,0.98755786
cifar10,fixed_phase,4096,930,0.70040654,0.01600281,0.99561216
cifar10,fixed_phase,4096,931,0.70618703,0.00060059,0.99843643
cifar10,fixed_phase,4096,932,0.70485469,0.01527678,0.98009915
cifar10,fixed_phase,4096,933,0.71571567,0.08502973,0.9842631
cifar10,fixed_phase,4096,934,0.69971231,0.00563655,1.02646121
cifar10,fixed_phase,4096,935,0.72111876,0.06912702,0.98356463
cifar10,fixed_phase,4096,936,0.7163536,0.097989,0.98756371
cifar10,fixed_phase,4096,937,0.71303226,0.02844397,1.03535316
cifar10,fixed_phase,4096,938,0.70414881,0.00273225,0.98241173
cifar10,fixed_phase,4096,939,0.69940124,0.0821366,1.008712
cifar10,fixed_phase,4096,940,0.71382984,0.03326089,0.9859862
cifar10,fixed_phase,4096,941,0.70271949,0.00264302,1.01005881
cifar10,fixed_phase,4096,942,0.70236836,0.049281,1.02252603
cifar10,fixed_phase,4096,943,0.71281438,0.0133574,0.98078209
cifar10,fixed_phase,4096,944,0.70513936,0.00046136,1.00824402
cifar10,fixed_phase,4096,945,0.70116188,0.05507959,1.01837393
cifar10,fixed_phase,4096,946,0.70995715,0.00316175,0.99137338
cifar10,fixed_phase,4096,947,0.69729884,0.00206989,1.03295763
cifar10,fixed_phase,4096,948,0.70975892,0.01939726,0.96684153
cifar10,fixed_phase,4096,949,0.71161947,0.03621524,0.99351496
cifar10,fixed_phase,4096,950,0.71243511,0.12111578,0.98628882
cifar10,fixed_phase,4096,951,0.70397709,0.04972642,1.01103404
cifar10,fixed_phase,4096,952,0.71371702,0.06366569,0.99528447
cifar10,fixed_phase,4096,953,0.70843295,0.03204121,1.0219129
cifar10,fixed_phase,4096,954,0.70021432,0.0195277,1.00538223
cifar10,fixed_phase,4096,955,0.70981318,0.06649211,0.98698175
cifar10,fixed_phase,4096,956,0.70354465,0.09728,1.01445948
cifar10,fixed_phase,4096,957,0.70260678,0.05079658,1.01308571
cifar10,fixed_phase,4096,958,0.70333452,0.01093546,0.97593188
cifar10,fixed_phase,4096,959,0.70206815,0.0136809,1.01082459
cifar10,fixed_phase,4096,960,0.70374142,0.07080538,1.00439486
cifar10,fixed_phase,4096,961,0.7083582,0.01330339,0.99924675
cifar10,fixed_phase,4096,962,0.70364196,0.03952904,1.01919257
cifar10,fixed_phase,4096,963,0.70666343,0.01191502,1.01899599
cifar10,fixed_phase,4096,964,0.70584279,0.05491064,0.99317015
cifar10,fixed_phase,4096,965,0.70864421,0.04457073,1.02893636
cifar10,fixed_phase,4096,966,0.70921144,0.03776636,1.0084628
cifar10,fixed_phase,4096,967,0.69877301,0.02714365,1.00445533
cifar10,fixed_phase,4096,968,0.70736048,0.00383067,0.99392341
cifar10,fixed_phase,4096,969,0.70980224,0.07589337,0.96781426
cifar10,fixed_phase,4096,970,0.70383551,0.04014678,1.01949115
cifar10,fixed_phase,4096,971,0.70439087,0.06070757,1.01456975
cifar10,fixed_phase,4096,972,0.69671891,0.01711009,0.99643289
cifar10,fixed_phase,4096,973,0.71363137,0.08406263,1.01348335
cifar10,fixed_phase,4096,974,0.70643946,0.02605312,1.01464456
cifar10,fixed_phase,4096,975,0.7014252,0.01104565,0.99907651
cifar10,fixed_phase,4096,976,0.7035756,0.1455355,1.01767923
cifar10,fixed_phase,4096,977,0.70976795,0.02393882,0.99281611
cifar10,fixed_phase,4096,978,0.70262958,0.01195666,1.02462374
cifar10,fixed_phase,4096,979,0.70030457,0.02899416,0.98458493
cifar10,fixed_phase,4096,980,0.70501374,0.02653138,1.01167999
cifar10,fixed_phase,4096,981,0.70865588,0.01993005,1.04208044
cifar10,fixed_phase,4096,982,0.70471344,0.07310497,0.97759484
cifar10,fixed_phase,4096,983,0.70403447,0.03189926,0.9828184
cifar10,fixed_phase,4096,984,0.71320042,0.04351127,0.9883463
cifar10,fixed_phase,4096,985,0.70730284,0.10030061,0.98514878
cifar10,fixed_phase,4096,986,0.70227849,0.00042381,0.99677035
cifar10,fixed_phase,4096,987,0.70835757,0.01084698,0.99216753
cifar10,fixed_phase,4096,988,0.70730519,0.0169652,1.0005421
cifar10,fixed_phase,4096,989,0.71100801,0.06249518,1.00850273
cifar10,fixed_phase,4096,990,0.71887096,0.00780891,1.0079734
cifar10,fixed_phase,4096,991,0.70791387,0.056253,1.01356746
cifar10,fixed_phase,4096,992,0.70399753,0.01434195,1.00193723
cifar10,fixed_phase,4096,993,0.7013894,0.04522214,0.98305665
cifar10,fixed_phase,4096,994,0.71053461,0.00464108,0.99198077
cifar10,fixed_phase,4096,995,0.71739773,0.13309819,1.00333371
cifar10,fixed_phase,4096,996,0.71141295,0.04188399,1.01952615
cifar10,fixed_phase,4096,997,0.68702398,0.04734332,1.0024804
cifar10,fixed_phase,4096,998,0.71474698,0.04624012,1.01009993
cifar10,fixed_phase,4096,999,0.7131041,0.01091546,1.00665912
cifar10,fixed_phase,8192,0,0.71968802,0.05978144,1.00992538
cifar10,fixed_phase,8192,1,0.70780333,0.01278714,1.02299952
cifar10,fixed_phase,8192,2,0.70655883,0.00662232,1.0030009
cifar10,fixed_phase,8192,3,0.70243713,0.0210969,1.00927914
cifar10,fixed_phase,8192,4,0.70945592,0.04891061,1.02646178
cifar10,fixed_phase,8192,5,0.71058118,0.02385312,1.00684988
cifar10,fixed_phase,8192,6,0.7026663,0.02257838,0.96704053
cifar10,fixed_phase,8192,7,0.71001455,0.05860801,0.98725392
cifar10,fixed_phase,8192,8,0.71480498,0.01354475,1.03611499
cifar10,fixed_phase,8192,9,0.69566557,0.02957039,0.99400795
cifar10,fixed_phase,8192,10,0.70516419,0.07018255,0.99911122
cifar10,fixed_phase,8192,11,0.70539515,0.05942505,1.00674892
cifar10,fixed_phase,8192,12,0.71687136,0.00460195,0.9917527
cifar10,fixed_phase,8192,13,0.69139854,0.11154447,1.01418146
cifar10,fixed_phase,8192,14,0.71005729,0.03853629,0.99124432
cifar10,fixed_phase,8192,15,0.70467605,0.01263458,0.98613197
cifar10,fixed_phase,8192,16,0.70254835,0.03742724,1.02754537
cifar10,fixed_phase,8192,17,0.70906032,0.00028624,1.01787824
cifar10,fixed_phase,8192,18,0.71182715,0.09487758,0.97359309
cifar10,fixed_phase,8192,19,0.71204947,0.07694019,1.00003942
cifar10,fixed_phase,8192,20,0.70040665,0.01347925,0.9719794
cifar10,fixed_phase,8192,21,0.71230776,0.01187142,1.02963858
cifar10,fixed_phase,8192,22,0.70287204,0.03472395,0.98773102
cifar10,fixed_phase,8192,23,0.71453123,0.02304969,1.00572416
cifar10,fixed_phase,8192,24,0.71132314,0.02390989,1.00771766
cifar10,fixed_phase,8192,25,0.70914491,0.09642541,1.04086691
cifar10,fixed_phase,8192,26,0.71498247,0.01971255,1.017022
cifar10,fixed_phase,8192,27,0.71168161,0.08520029,1.02271457
cifar10,fixed_phase,8192,28,0.70411268,0.01632842,0.9698892
cifar10,fixed_phase,8192,29,0.69858025,0.00892175,0.98801861
cifar10,fixed_phase,8192,30,0.69909475,0.03010195,1.01127664
cifar10,fixed_phase,8192,31,0.72064921,0.03609118,0.99124834
cifar10,fixed_phase,8192,32,0.69996989,0.00901506,0.98972107
cifar10,fixed_phase,8192,33,0.70643697,0.09692455,0.9743349
cifar10,fixed_phase,8192,34,0.71046447,0.07072763,1.02670641
cifar10,fixed_phase,8192,35,0.69862324,0.03326437,1.00044258
cifar10,fixed_phase,8192,36,0.71022071,0.02294906,0.9983613
cifar10,fixed_phase,8192,37,0.71618,0.02759422,1.01927187
cifar10,fixed_phase,8192,38,0.69551122,0.07242819,0.98898696
cifar10,fixed_phase,8192,39,0.70735771,0.02623635,1.0211052
cifar10,fixed_phase,8192,40,0.70985991,0.03076576,1.01208784
cifar10,fixed_phase,8192,41,0.70901377,0.01554903,0.99400716
cifar10,fixed_phase,8192,42,0.70740434,0.04285684,0.99303775
cifar10,fixed_phase,8192,43,0.70760774,0.07896057,0.99227296
cifar10,fixed_phase,8192,44,0.7093765,0.03575139,1.0170336
cifar10,fixed_phase,8192,45,0.7116492,0.01861804,1.0221813
cifar10,fixed_phase,8192,46,0.70866169,0.01813994,0.98630708
cifar10,fixed_phase,8192,47,0.71144599,0.10207808,0.99374456
cifar10,fixed_phase,8192,48,0.7028822,0.04304127,0.98659703
cifar10,fixed_phase,8192,49,0.70797481,0.05183931,1.00268039
cifar10,fixed_phase,8192,50,0.70307579,0.00735653,1.0094153
cifar10,fixed_phase,8192,51,0.71798024,0.02077021,1.00562414
cifar10,fixed_phase,8192,52,0.70807542,0.01858856,0.99337469
cifar10,fixed_phase,8192,53,0.70787561,0.02202543,1.01320412
cifar10,fixed_phase,8192,54,0.70598141,0.01946467,0.99917223
cifar10,fixed_phase,8192,55,0.70949413,0.0830804,0.99938349
cifar10,fixed_phase,8192,56,0.70408589,0.0102118,0.98244487
cifar10,fixed_phase,8192,57,0.70442857,0.077626,1.02500845
cifar10,fixed_phase,8192,58,0.69820302,0.06500388,1.00276471
cifar10,fixed_phase,8192,59,0.69872927,0.00219168,1.025557
cifar10,fixed_phase,8192,60,0.70366223,0.08342225,1.00970807
cifar10,fixed_phase,8192,61,0.70932771,0.06199025,1.00073036
cifar10,fixed_phase,8192,62,0.71337347,0.02651529,1.01109689
cifar10,fixed_phase,8192,63,0.70012529,0.08955077,0.97595701
cifar10,fixed_phase,8192,64,0.70821537,0.0066824,0.98128099
cifar10,fixed_phase,8192,65,0.71208242,0.01274485,1.01552038
cifar10,fixed_phase,8192,66,0.69678631,0.02901778,0.98486707
cifar10,fixed_phase,8192,67,0.7090751,0.01463242,1.01938373
cifar10,fixed_phase,8192,68,0.70704995,0.04582514,1.01827168
cifar10,fixed_phase,8192,69,0.70650097,0.02931827,0.96631272
cifar10,fixed_phase,8192,70,0.70590047,0.00884658,1.02313378
cifar10,fixed_phase,8192,71,0.70629309,0.07511702,1.00638284
cifar10,fixed_phase,8192,72,0.70503348,0.03981524,1.01840532
cifar10,fixed_phase,8192,73,0.69859499,0.02552079,0.9722598
cifar10,fixed_phase,8192,74,0.70809489,0.13255743,1.00806183
cifar10,fixed_phase,8192,75,0.69870453,0.05537032,0.96672162
cifar10,fixed_phase,8192,76,0.70302288,0.01364778,0.9819427
cifar10,fixed_phase,8192,77,0.71054919,0.01392743,0.99863729
cifar10,fixed_phase,8192,78,0.70600335,0.04179134,0.99169752
cifar10,fixed_phase,8192,79,0.7139744,0.09018433,0.99751829
cifar10,fixed_phase,8192,80,0.71145193,0.09705966,1.00630858
cifar10,fixed_phase,8192,81,0.70993166,0.06168969,1.02549794
cifar10,fixed_phase,8192,82,0.70003163,0.04180798,1.00203702
cifar10,fixed_phase,8192,83,0.70769753,0.00222723,1.00496227
cifar10,fixed_phase,8192,84,0.708075,0.01934563,0.98762377
cifar10,fixed_phase,8192,85,0.7075871,0.02069255,0.99895967
cifar10,fixed_phase,8192,86,0.69693173,0.0176813,0.99298948
cifar10,fixed_phase,8192,87,0.71087186,0.07451597,1.00530148
cifar10,fixed_phase,8192,88,0.69985485,0.09391404,1.01547041
cifar10,fixed_phase,8192,89,0.70533374,0.0547876,1.01199212
cifar10,fixed_phase,8192,90,0.70599918,0.01457804,0.9783973
cifar10,fixed_phase,8192,91,0.70245652,0.05273227,1.01302837
cifar10,fixed_phase,8192,92,0.71459317,0.05172945,1.00438144
cifar10,fixed_phase,8192,93,0.70797232,0.05236308,1.00406789
cifar10,fixed_phase,8192,94,0.71767508,0.08867529,1.01673778
cifar10,fixed_phase,8192,95,0.69874266,0.01323702,1.02399466
cifar10,fixed_phase,8192,96,0.69823391,0.05576488,0.9891526
cifar10,fixed_phase,8192,97,0.70706954,0.03485085,0.97641953
cifar10,fixed_phase,8192,98,0.693056,0.04102949,1.00888867
cifar10,fixed_phase,8192,99,0.6950532,0.09845214,1.03515089
cifar10,fixed_phase,8192,100,0.69800404,0.05186546,1.00818788
cifar10,fixed_phase,8192,101,0.70512702,0.0235571,1.00298293
cifar10,fixed_phase,8192,102,0.71721423,0.06507427,0.9838867
cifar10,fixed_phase,8192,103,0.70343114,0.04225481,0.99218142
cifar10,fixed_phase,8192,104,0.69852493,0.09429167,0.99434194
cifar10,fixed_phase,8192,105,0.70612299,0.01176654,0.98446797
cifar10,fixed_phase,8192,106,0.70973226,0.05435781,0.99910508
cifar10,fixed_phase,8192,107,0.70477139,0.02621094,0.97827527
cifar10,fixed_phase,8192,108,0.71847616,0.04636946,1.00723783
cifar10,fixed_phase,8192,109,0.69851345,0.06537895,1.0355946
cifar10,fixed_phase,8192,110,0.70300026,0.03946421,0.97474035
cifar10,fixed_phase,8192,111,0.71664523,0.00902841,0.997015
cifar10,fixed_phase,8192,112,0.70266804,0.00251935,1.00355612
cifar10,fixed_phase,8192,113,0.71183503,0.0300461,0.97367045
cifar10,fixed_phase,8192,114,0.71198337,0.00938813,0.99040873
cifar10,fixed_phase,8192,115,0.69988152,0.05360675,1.01024218
cifar10,fixed_phase,8192,116,0.70349654,0.03658198,0.98222392
cifar10,fixed_phase,8192,117,0.70339413,0.00470197,0.99600343
cifar10,fixed_phase,8192,118,0.70647809,0.01909915,0.98558311
cifar10,fixed_phase,8192,119,0.69928286,0.0020167,0.99738987
cifar10,fixed_phase,8192,120,0.70647936,0.02761388,1.01215124
cifar10,fixed_phase,8192,121,0.6946598,0.04060074,1.02176895
cifar10,fixed_phase,8192,122,0.70716269,0.01805148,1.01668186
cifar10,fixed_phase,8192,123,0.70140861,0.00099325,1.01893253
cifar10,fixed_phase,8192,124,0.70438926,0.01949859,1.02373409
cifar10,fixed_phase,8192,125,0.70196115,0.00619141,0.99544301
cifar10,fixed_phase,8192,126,0.70452071,0.10209811,0.99219886
cifar10,fixed_phase,8192,127,0.7095042,0.05506032,1.01182619
cifar10,fixed_phase,8192,128,0.71908525,0.10783172,1.01057146
cifar10,fixed_phase,8192,129,0.70706548,0.03105241,0.9951096
cifar10,fixed_phase,8192,130,0.71119063,0.04732781,1.00394161
cifar10,fixed_phase,8192,131,0.70324947,0.06502435,1.03612702
cifar10,fixed_phase,8192,132,0.6968281,0.02927329,1.02107343
cifar10,fixed_phase,8192,133,0.69493004,0.02377348,1.02188796
cifar10,fixed_phase,8192,134,0.69904385,0.0015633,0.99530509
cifar10,fixed_phase,8192,135,0.71790638,0.06430964,0.99668233
cifar10,fixed_phase,8192,136,0.7023664,0.07002148,0.97058684
cifar10,fixed_phase,8192,137,0.70376625,0.02422408,1.01485382
cifar10,fixed_phase,8192,138,0.70385783,0.04121992,0.9848564
cifar10,fixed_phase,8192,139,0.71709509,0.02116434,0.96554459
cifar10,fixed_phase,8192,140,0.70593759,0.04879137,1.02246123
cifar10,fixed_phase,8192,141,0.70830902,0.02066351,1.01421014
cifar10,fixed_phase,8192,142,0.70534426,0.05195983,0.97384047
cifar10,fixed_phase,8192,143,0.71505925,0.02664492,0.9964051
cifar10,fixed_phase,8192,144,0.70689621,0.05611354,1.00629374
cifar10,fixed_phase,8192,145,0.71004323,0.05886302,0.99939954
cifar10,fixed_phase,8192,146,0.71064631,0.03502034,1.01062677
cifar10,fixed_phase,8192,147,0.71808962,0.04177921,1.00139722
cifar10,fixed_phase,8192,148,0.71161539,0.00844276,0.99666517
cifar10,fixed_phase,8192,149,0.70196846,0.01280198,1.00460665
cifar10,fixed_phase,8192,150,0.70186887,0.04462682,0.99920804
cifar10,fixed_phase,8192,151,0.71319906,0.09078938,0.99123834
cifar10,fixed_phase,8192,152,0.70832554,0.02952442,1.01731233
cifar10,fixed_phase,8192,153,0.70565389,0.0708025,1.00329282
cifar10,fixed_phase,8192,154,0.70518703,0.01337492,0.99609028
cifar10,fixed_phase,8192,155,0.70766257,0.08790688,0.98775569
cifar10,fixed_phase,8192,156,0.71409209,0.02535996,0.9907587
cifar10,fixed_phase,8192,157,0.70308785,0.00663258,1.00660951
cifar10,fixed_phase,8192,158,0.70103266,0.0389796,1.00420725
cifar10,fixed_phase,8192,159,0.70295862,0.07221332,1.01769465
cifar10,fixed_phase,8192,160,0.70709108,0.02556161,1.00273385
cifar10,fixed_phase,8192,161,0.70782454,0.00907581,1.0204246
cifar10,fixed_phase,8192,162,0.71249395,0.04620756,0.99868529
cifar10,fixed_phase,8192,163,0.71867828,0.01590921,1.03732093
cifar10,fixed_phase,8192,164,0.69410787,0.02045324,0.99573651
cifar10,fixed_phase,8192,165,0.70132891,0.00286599,0.97708802
cifar10,fixed_phase,8192,166,0.70085316,0.05399157,1.00143205
cifar10,fixed_phase,8192,167,0.70923787,0.01642262,1.00194512
cifar10,fixed_phase,8192,168,0.70641631,0.02086333,1.01033459
cifar10,fixed_phase,8192,169,0.71353365,0.09954809,1.00441023
cifar10,fixed_phase,8192,170,0.71512795,0.0259226,0.99011024
cifar10,fixed_phase,8192,171,0.69983736,0.05233858,1.01643211
cifar10,fixed_phase,8192,172,0.71101299,0.08387976,1.00154909
cifar10,fixed_phase,8192,173,0.70656009,0.00106401,1.00505657
cifar10,fixed_phase,8192,174,0.7139778,0.01074275,1.00191203
cifar10,fixed_phase,8192,175,0.71285112,0.04064277,1.00575805
cifar10,fixed_phase,8192,176,0.70943545,0.02937209,0.98826762
cifar10,fixed_phase,8192,177,0.70927527,0.09798095,0.99152567
cifar10,fixed_phase,8192,178,0.70242463,0.09612118,0.99882789
cifar10,fixed_phase,8192,179,0.69992295,0.00289317,0.99247411
cifar10,fixed_phase,8192,180,0.70427956,0.0428884,1.02561201
cifar10,fixed_phase,8192,181,0.70981109,0.03931618,0.9855857
cifar10,fixed_phase,8192,182,0.7108701,0.083023,1.00312412
cifar10,fixed_phase,8192,183,0.70336443,0.00685734,0.9976786
cifar10,fixed_phase,8192,184,0.71800615,0.02667752,0.98368221
cifar10,fixed_phase,8192,185,0.70649483,0.0369945,0.98390987
cifar10,fixed_phase,8192,186,0.70732809,0.02795152,1.00265757
cifar10,fixed_phase,8192,187,0.71319746,0.00281056,0.993081
cifar10,fixed_phase,8192,188,0.70957648,0.1017963,0.98515552
cifar10,fixed_phase,8192,189,0.71161993,0.02839628,1.00592764
cifar10,fixed_phase,8192,190,0.70473205,0.01049918,0.9865884
cifar10,fixed_phase,8192,191,0.7122486,0.02550434,1.03003343
cifar10,fixed_phase,8192,192,0.71061109,0.01243801,1.00095359
cifar10,fixed_phase,8192,193,0.70274692,0.03146671,1.01648264
cifar10,fixed_phase,8192,194,0.69949698,0.06113532,0.99476644
cifar10,fixed_phase,8192,195,0.70980695,0.0056736,1.01316749
cifar10,fixed_phase,8192,196,0.69729207,0.08820155,1.02136165
cifar10,fixed_phase,8192,197,0.6996928,0.0075434,0.98669885
cifar10,fixed_phase,8192,198,0.71368738,0.00260994,1.03198994
cifar10,fixed_phase,8192,199,0.7101088,0.06778125,0.99096086
cifar10,fixed_phase,8192,200,0.7076639,0.03596708,0.98676413
cifar10,fixed_phase,8192,201,0.70161524,0.06859446,0.99402452
cifar10,fixed_phase,8192,202,0.70031624,0.00951821,1.00740768
cifar10,fixed_phase,8192,203,0.70733544,0.01490465,1.04885721
cifar10,fixed_phase,8192,204,0.71695718,0.0111108,1.00502846
cifar10,fixed_phase,8192,205,0.70808732,0.05321596,1.01233641
cifar10,fixed_phase,8192,206,0.71109277,0.00139887,1.00032818
cifar10,fixed_phase,8192,207,0.70396048,0.02235836,0.99077401
cifar10,fixed_phase,8192,208,0.70808778,0.02364316,1.02760109
cifar10,fixed_phase,8192,209,0.71015629,0.02079794,0.99207347
cifar10,fixed_phase,8192,210,0.71124684,0.17994495,1.00973559
cifar10,fixed_phase,8192,211,0.71476346,0.00628518,1.00078915
cifar10,fixed_phase,8192,212,0.70871027,0.03122671,1.00495786
cifar10,fixed_phase,8192,213,0.70148176,0.00604108,1.03737711
cifar10,fixed_phase,8192,214,0.71224463,0.03663827,0.99633582
cifar10,fixed_phase,8192,215,0.71671526,0.05246809,1.01250991
cifar10,fixed_phase,8192,216,0.69929556,0.02246967,1.00519881
cifar10,fixed_phase,8192,217,0.70744573,0.09377958,0.99819599
cifar10,fixed_phase,8192,218,0.69441729,0.05254295,1.03691332
cifar10,fixed_phase,8192,219,0.70353206,0.03513107,0.96346737
cifar10,fixed_phase,8192,220,0.70477253,0.00808714,0.96152438
cifar10,fixed_phase,8192,221,0.69853017,0.02896436,1.00463221
cifar10,fixed_phase,8192,222,0.71606223,0.03338054,0.99188152
cifar10,fixed_phase,8192,223,0.71277591,0.04586219,1.01235468
cifar10,fixed_phase,8192,224,0.71014056,0.06718888,1.00005664
cifar10,fixed_phase,8192,225,0.71267241,0.01274949,1.01103518
cifar10,fixed_phase,8192,226,0.69978047,0.15144264,0.98885252
cifar10,fixed_phase,8192,227,0.71412532,0.03945842,1.00772348
cifar10,fixed_phase,8192,228,0.70702326,0.01698288,0.99666264
cifar10,fixed_phase,8192,229,0.70462603,0.04309635,0.9704298
cifar10,fixed_phase,8192,230,0.71544216,0.06523454,1.01237113
cifar10,fixed_phase,8192,231,0.7047014,0.01143216,1.00106885
cifar10,fixed_phase,8192,232,0.70583639,0.00429826,1.00153211
cifar10,fixed_phase,8192,233,0.70400107,0.03427276,1.00346166
cifar10,fixed_phase,8192,234,0.70352249,0.00255558,1.0086983
cifar10,fixed_phase,8192,235,0.70385467,0.04315257,0.98396692
cifar10,fixed_phase,8192,236,0.70729203,0.02981765,0.98821427
cifar10,fixed_phase,8192,237,0.70361162,0.0563817,0.98488698
cifar10,fixed_phase,8192,238,0.70891264,0.02769299,0.98704703
cifar10,fixed_phase,8192,239,0.70913601,0.01206071,1.02985812
cifar10,fixed_phase,8192,240,0.69814011,0.00560709,0.99551164
cifar10,fixed_phase,8192,241,0.7168946,0.04748869,1.00699977
cifar10,fixed_phase,8192,242,0.70811751,0.02088157,0.99249895
cifar10,fixed_phase,8192,243,0.71449375,0.09954515,1.00463159
cifar10,fixed_phase,8192,244,0.70541098,0.10153061,0.98738844
cifar10,fixed_phase,8192,245,0.70325412,0.03914672,1.02360368
cifar10,fixed_phase,8192,246,0.70480831,0.01890801,1.00260166
cifar10,fixed_phase,8192,247,0.71774666,0.03812458,0.99339541
cifar10,fixed_phase,8192,248,0.71639086,0.02467292,1.00470064
cifar10,fixed_phase,8192,249,0.70723014,0.05253005,1.00908829
cifar10,fixed_phase,8192,250,0.71018604,0.03978873,1.00861695
cifar10,fixed_phase,8192,251,0.70962622,0.02122588,0.99775868
cifar10,fixed_phase,8192,252,0.69560221,0.01955877,1.00321207
cifar10,fixed_phase,8192,253,0.70661577,0.08258628,0.98210187
cifar10,fixed_phase,8192,254,0.71406822,0.05987429,1.00075236
cifar10,fixed_phase,8192,255,0.71603833,0.00072661,0.99907468
cifar10,fixed_phase,8192,256,0.70432884,0.00961321,1.01126952
cifar10,fixed_phase,8192,257,0.70702494,0.00222409,1.00216466
cifar10,fixed_phase,8192,258,0.70037411,0.03162477,0.97821463
cifar10,fixed_phase,8192,259,0.70782238,0.0110858,1.01342435
cifar10,fixed_phase,8192,260,0.70823742,0.01274455,1.02557227
cifar10,fixed_phase,8192,261,0.69284123,0.00125953,1.00925382
cifar10,fixed_phase,8192,262,0.71578202,0.06005887,0.98823924
cifar10,fixed_phase,8192,263,0.70478342,0.10253768,0.9768083
cifar10,fixed_phase,8192,264,0.71568614,0.04980502,1.00568527
cifar10,fixed_phase,8192,265,0.70124968,0.02435556,1.01751632
cifar10,fixed_phase,8192,266,0.70874671,0.02566957,0.99929779
cifar10,fixed_phase,8192,267,0.71252703,0.03593055,0.97811283
cifar10,fixed_phase,8192,268,0.69613985,0.09924342,1.00368378
cifar10,fixed_phase,8192,269,0.7135437,0.00090657,1.00384396
cifar10,fixed_phase,8192,270,0.70468345,0.00845768,1.00889726
cifar10,fixed_phase,8192,271,0.70704194,0.03660069,0.99448547
cifar10,fixed_phase,8192,272,0.70306994,0.02388864,1.01683674
cifar10,fixed_phase,8192,273,0.71492733,0.05667496,1.00181325
cifar10,fixed_phase,8192,274,0.70213938,0.03649004,1.00731485
cifar10,fixed_phase,8192,275,0.70378454,0.00317956,1.01011402
cifar10,fixed_phase,8192,276,0.70547154,0.00304487,1.01479712
cifar10,fixed_phase,8192,277,0.70773617,0.03286397,1.01908234
cifar10,fixed_phase,8192,278,0.70724064,0.00049595,0.97081173
cifar10,fixed_phase,8192,279,0.70295806,0.07175925,1.00744983
cifar10,fixed_phase,8192,280,0.70881661,0.01839113,0.98975848
cifar10,fixed_phase,8192,281,0.71855497,0.08071199,0.99905907
cifar10,fixed_phase,8192,282,0.70740512,0.04399988,1.01601219
cifar10,fixed_phase,8192,283,0.69887198,0.04129542,1.01373172
cifar10,fixed_phase,8192,284,0.70986605,0.06275577,0.99681469
cifar10,fixed_phase,8192,285,0.697275,0.03079758,0.98643219
cifar10,fixed_phase,8192,286,0.70642938,0.05054717,1.00468035
cifar10,fixed_phase,8192,287,0.69725964,0.04748231,0.9996268
cifar10,fixed_phase,8192,288,0.71429581,0.02795684,1.01690902
cifar10,fixed_phase,8192,289,0.70998762,0.0011008,0.99258647
cifar10,fixed_phase,8192,290,0.69988902,0.09204446,0.98608054
cifar10,fixed_phase,8192,291,0.71285858,0.01863326,0.98521658
cifar10,fixed_phase,8192,292,0.70553898,0.02603209,1.01120541
cifar10,fixed_phase,8192,293,0.71063323,0.01576551,1.02203604
cifar10,fixed_phase,8192,294,0.70412715,0.03564696,1.00515127
cifar10,fixed_phase,8192,295,0.69556585,0.05199901,1.02515506
cifar10,fixed_phase,8192,296,0.69739492,0.07760395,1.00440956
cifar10,fixed_phase,8192,297,0.70615958,0.01980516,1.00307186
cifar10,fixed_phase,8192,298,0.70859539,0.00342392,0.97718535
cifar10,fixed_phase,8192,299,0.69749163,0.00985858,0.97812677
cifar10,fixed_phase,8192,300,0.70816098,0.00471182,1.01769823
cifar10,fixed_phase,8192,301,0.70485845,0.04083044,1.00142695
cifar10,fixed_phase,8192,302,0.71221643,0.08902103,1.02106573
cifar10,fixed_phase,8192,303,0.69680416,0.02805407,1.00893543
cifar10,fixed_phase,8192,304,0.7040238,0.04854378,0.99735595
cifar10,fixed_phase,8192,305,0.70493398,0.05924659,1.0027461
cifar10,fixed_phase,8192,306,0.7078552,0.04960405,0.98555526
cifar10,fixed_phase,8192,307,0.7059838,0.02367864,0.99269967
cifar10,fixed_phase,8192,308,0.70384014,0.05068409,1.0111685
cifar10,fixed_phase,8192,309,0.70536816,0.10492285,0.98981952
cifar10,fixed_phase,8192,310,0.70540897,0.03877205,1.00455288
cifar10,fixed_phase,8192,311,0.70474873,0.01992673,1.00271375
cifar10,fixed_phase,8192,312,0.70784249,0.04194079,0.98669581
cifar10,fixed_phase,8192,313,0.70499925,0.04976915,0.97422498
cifar10,fixed_phase,8192,314,0.70412906,0.00663478,1.0254706
cifar10,fixed_phase,8192,315,0.70938824,0.08616724,0.99208749
cifar10,fixed_phase,8192,316,0.71826582,0.02856307,0.99148587
cifar10,fixed_phase,8192,317,0.70957609,0.08232557,0.99682885
cifar10,fixed_phase,8192,318,0.70747991,0.02993271,1.02006249
cifar10,fixed_phase,8192,319,0.70484184,0.03846281,0.96730769
cifar10,fixed_phase,8192,320,0.70686055,0.02577361,1.01100763
cifar10,fixed_phase,8192,321,0.70595527,0.02028459,1.0033361
cifar10,fixed_phase,8192,322,0.7076629,0.0769356,1.00253744
cifar10,fixed_phase,8192,323,0.70726032,0.02384766,0.98800433
cifar10,fixed_phase,8192,324,0.7134582,0.02045823,0.98009129
cifar10,fixed_phase,8192,325,0.69555681,0.00977419,0.9918895
cifar10,fixed_phase,8192,326,0.71042244,0.05407308,1.00386588
cifar10,fixed_phase,8192,327,0.70322011,0.02226864,0.98865039
cifar10,fixed_phase,8192,328,0.70550339,0.00585845,1.02519096
cifar10,fixed_phase,8192,329,0.70813392,0.13242906,0.98853876
cifar10,fixed_phase,8192,330,0.69974668,0.09232674,0.97659778
cifar10,fixed_phase,8192,331,0.70060198,0.02027185,0.99028816
cifar10,fixed_phase,8192,332,0.69352194,0.03479173,0.99712086
cifar10,fixed_phase,8192,333,0.71038279,0.01902665,1.00438999
cifar10,fixed_phase,8192,334,0.70632349,0.0139103,1.01883
cifar10,fixed_phase,8192,335,0.71298903,0.06662064,0.99330672
cifar10,fixed_phase,8192,336,0.70123215,0.05593917,1.0078991
cifar10,fixed_phase,8192,337,0.69973681,0.02296122,1.00582984
cifar10,fixed_phase,8192,338,0.71098227,0.00265954,1.03431725
cifar10,fixed_phase,8192,339,0.71291372,0.01091285,1.01144306
cifar10,fixed_phase,8192,340,0.70780912,0.03326867,1.01923092
cifar10,fixed_phase,8192,341,0.70614,0.03660039,0.9955161
cifar10,fixed_phase,8192,342,0.71097022,0.03223607,1.0185928
cifar10,fixed_phase,8192,343,0.71059548,0.19977313,1.00535665
cifar10,fixed_phase,8192,344,0.71787482,0.06102916,0.96994746
cifar10,fixed_phase,8192,345,0.70581477,0.02312492,1.01399525
cifar10,fixed_phase,8192,346,0.70659686,0.04649205,0.99031862
cifar10,fixed_phase,8192,347,0.71474676,0.14331763,1.01311796
cifar10,fixed_phase,8192,348,0.70524659,0.11765809,1.00702459
cifar10,fixed_phase,8192,349,0.71259475,0.06817311,1.00234616
cifar10,fixed_phase,8192,350,0.69475401,0.02305739,1.01244843
cifar10,fixed_phase,8192,351,0.70075707,0.01659953,0.99953965
cifar10,fixed_phase,8192,352,0.70529738,0.01740304,0.97467148
cifar10,fixed_phase,8192,353,0.71515654,0.08072067,0.9724355
cifar10,fixed_phase,8192,354,0.7025887,0.00831888,0.99040941
cifar10,fixed_phase,8192,355,0.71471829,0.03387344,0.99173365
cifar10,fixed_phase,8192,356,0.70604525,0.01362066,1.01090631
cifar10,fixed_phase,8192,357,0.69605268,0.02771697,1.01358505
cifar10,fixed_phase,8192,358,0.71255772,0.02609847,1.01124438
cifar10,fixed_phase,8192,359,0.70392718,0.05733614,0.99310689
cifar10,fixed_phase,8192,360,0.7083639,0.00137893,1.01187042
cifar10,fixed_phase,8192,361,0.6963056,0.00231544,0.98079212
cifar10,fixed_phase,8192,362,0.70212075,0.02140095,1.0050875
cifar10,fixed_phase,8192,363,0.70962257,0.03186152,0.97428857
cifar10,fixed_phase,8192,364,0.70197535,0.0175921,1.0178954
cifar10,fixed_phase,8192,365,0.71241895,0.06165356,1.00887397
cifar10,fixed_phase,8192,366,0.69917679,0.01088383,1.00815191
cifar10,fixed_phase,8192,367,0.70648057,0.01387849,0.98991977
cifar10,fixed_phase,8192,368,0.70934247,0.05835061,1.01188516
cifar10,fixed_phase,8192,369,0.70330799,0.0285197,1.01717282
cifar10,fixed_phase,8192,370,0.70889104,0.03286997,1.00187078
cifar10,fixed_phase,8192,371,0.70569602,0.09501465,0.98899043
cifar10,fixed_phase,8192,372,0.70460112,0.00727789,1.01226365
cifar10,fixed_phase,8192,373,0.71018623,0.02012363,1.00464024
cifar10,fixed_phase,8192,374,0.69897661,0.04948654,1.01554723
cifar10,fixed_phase,8192,375,0.71052326,0.00129885,1.00207468
cifar10,fixed_phase,8192,376,0.70196982,0.0578281,0.98763737
cifar10,fixed_phase,8192,377,0.69989086,0.02886399,1.01728112
cifar10,fixed_phase,8192,378,0.69919368,0.09145116,1.00715757
cifar10,fixed_phase,8192,379,0.70577306,0.07060809,1.00068373
cifar10,fixed_phase,8192,380,0.70477363,0.01680891,0.99326204
cifar10,fixed_phase,8192,381,0.71340333,0.03300896,1.01502913
cifar10,fixed_phase,8192,382,0.70131079,0.0306769,0.97865767
cifar10,fixed_phase,8192,383,0.70143944,0.09273251,1.00589915
cifar10,fixed_phase,8192,384,0.69969167,0.04168321,0.99596297
cifar10,fixed_phase,8192,385,0.70729282,0.05015219,0.99346985
cifar10,fixed_phase,8192,386,0.70332654,0.04284828,0.99106296
cifar10,fixed_phase,8192,387,0.70291887,0.07057479,0.99018743
cifar10,fixed_phase,8192,388,0.69682191,0.01630155,0.98094116
cifar10,fixed_phase,8192,389,0.70412513,0.08697169,1.01486949
cifar10,fixed_phase,8192,390,0.69815784,0.02181113,0.99886131
cifar10,fixed_phase,8192,391,0.70427642,0.04228424,1.01471457
cifar10,fixed_phase,8192,392,0.70452983,0.02927991,1.0004358
cifar10,fixed_phase,8192,393,0.71018594,0.00804436,0.99265692
cifar10,fixed_phase,8192,394,0.70092867,0.0174462,0.98381669
cifar10,fixed_phase,8192,395,0.69272995,0.02777596,0.98978512
cifar10,fixed_phase,8192,396,0.70577434,0.02687589,1.01282568
cifar10,fixed_phase,8192,397,0.70240983,0.00615182,0.99568013
cifar10,fixed_phase,8192,398,0.70194748,0.01970146,0.98174786
cifar10,fixed_phase,8192,399,0.70194697,0.02937288,0.99317612
cifar10,fixed_phase,8192,400,0.70138796,0.02281809,0.96496736
cifar10,fixed_phase,8192,401,0.70249557,0.04178026,0.99245353
cifar10,fixed_phase,8192,402,0.70888953,0.00243087,0.9713528
cifar10,fixed_phase,8192,403,0.708274,0.09678716,0.97731432
cifar10,fixed_phase,8192,404,0.70143288,0.01630324,1.00112855
cifar10,fixed_phase,8192,405,0.6987031,0.04107225,1.00065375
cifar10,fixed_phase,8192,406,0.7033796,0.00554879,1.02292518
cifar10,fixed_phase,8192,407,0.70449536,0.0727029,0.98940724
cifar10,fixed_phase,8192,408,0.7056803,0.03410242,1.00538315
cifar10,fixed_phase,8192,409,0.70062255,0.10120806,0.98021846
cifar10,fixed_phase,8192,410,0.70466176,0.06531229,0.98700566
cifar10,fixed_phase,8192,411,0.70715305,0.09771262,0.98050245
cifar10,fixed_phase,8192,412,0.70611882,0.04651697,1.00179152
cifar10,fixed_phase,8192,413,0.71424977,0.09453648,1.00048234
cifar10,fixed_phase,8192,414,0.70520415,0.03981319,0.98981421
cifar10,fixed_phase,8192,415,0.71311517,0.03097857,1.03052675
cifar10,fixed_phase,8192,416,0.70949124,0.01312163,0.9915562
cifar10,fixed_phase,8192,417,0.70041815,0.04070135,0.99288297
cifar10,fixed_phase,8192,418,0.71277399,0.00607152,1.0041288
cifar10,fixed_phase,8192,419,0.70596598,0.06736267,1.02379377
cifar10,fixed_phase,8192,420,0.70953909,0.06214606,1.00631222
cifar10,fixed_phase,8192,421,0.70323508,0.04986639,0.98887507
cifar10,fixed_phase,8192,422,0.69824254,0.03371195,0.97449202
cifar10,fixed_phase,8192,423,0.705421,0.03033854,0.99637763
cifar10,fixed_phase,8192,424,0.71423158,0.01235749,1.00862338
cifar10,fixed_phase,8192,425,0.71286078,0.04741525,1.01341478
cifar10,fixed_phase,8192,426,0.7070941,0.0211541,0.99685713
cifar10,fixed_phase,8192,427,0.69612064,0.12942768,1.01238592
cifar10,fixed_phase,8192,428,0.70917755,0.06889991,0.99079298
cifar10,fixed_phase,8192,429,0.70941917,0.00250279,1.00061737
cifar10,fixed_phase,8192,430,0.71564625,0.05106751,1.01429933
cifar10,fixed_phase,8192,431,0.69427582,0.00845698,0.99522227
cifar10,fixed_phase,8192,432,0.70330001,0.0301813,1.02283453
cifar10,fixed_phase,8192,433,0.69894812,0.00954125,0.98475793
cifar10,fixed_phase,8192,434,0.69835087,0.11593186,0.99515912
cifar10,fixed_phase,8192,435,0.69949998,0.01538833,1.02274465
cifar10,fixed_phase,8192,436,0.7025615,0.07447603,1.00780362
cifar10,fixed_phase,8192,437,0.70244832,0.07445108,0.98242246
cifar10,fixed_phase,8192,438,0.70730264,0.01644284,0.99330691
cifar10,fixed_phase,8192,439,0.70515357,0.04635124,1.00999507
cifar10,fixed_phase,8192,440,0.71004969,0.02117556,1.00973754
cifar10,fixed_phase,8192,441,0.71404059,0.01649242,0.96889303
cifar10,fixed_phase,8192,442,0.70450703,0.05612564,0.98415033
cifar10,fixed_phase,8192,443,0.70662634,0.01336503,0.99123723
cifar10,fixed_phase,8192,444,0.7091254,0.00635665,1.01090643
cifar10,fixed_phase,8192,445,0.71165065,0.05279393,1.01469956
cifar10,fixed_phase,8192,446,0.7066444,0.04981644,1.00462861
cifar10,fixed_phase,8192,447,0.70301719,0.06321523,0.97572812
cifar10,fixed_phase,8192,448,0.70777941,0.05962701,1.00691409
cifar10,fixed_phase,8192,449,0.71288305,0.00907678,0.9764384
cifar10,fixed_phase,8192,450,0.69954396,0.03224228,0.99512306
cifar10,fixed_phase,8192,451,0.7036359,0.07642778,1.00771045
cifar10,fixed_phase,8192,452,0.70640363,0.00677422,0.99949462
cifar10,fixed_phase,8192,453,0.71655254,0.01557679,1.00368768
cifar10,fixed_phase,8192,454,0.69976325,0.05973162,1.0147334
cifar10,fixed_phase,8192,455,0.71471997,0.07351847,1.01582048
cifar10,fixed_phase,8192,456,0.70809652,0.0305146,1.00319118
cifar10,fixed_phase,8192,457,0.70409969,0.09578535,0.96034115
cifar10,fixed_phase,8192,458,0.70189711,0.13268169,1.00418154
cifar10,fixed_phase,8192,459,0.71662019,0.00880743,0.97602862
cifar10,fixed_phase,8192,460,0.70573549,0.04969579,0.98090168
cifar10,fixed_phase,8192,461,0.70631115,0.01771712,0.99789743
cifar10,fixed_phase,8192,462,0.69047993,0.06071819,0.99689132
cifar10,fixed_phase,8192,463,0.70963961,0.0758132,1.02226511
cifar10,fixed_phase,8192,464,0.71215557,0.00325902,0.99447698
cifar10,fixed_phase,8192,465,0.6991202,0.00589688,0.96222504
cifar10,fixed_phase,8192,466,0.71292975,0.01561418,0.99235065
cifar10,fixed_phase,8192,467,0.72331157,0.02209841,1.02188816
cifar10,fixed_phase,8192,468,0.71853643,0.02027054,0.99017813
cifar10,fixed_phase,8192,469,0.71560746,0.10447432,1.0145446
cifar10,fixed_phase,8192,470,0.69831578,0.01035673,0.99711643
cifar10,fixed_phase,8192,471,0.71446148,0.04376545,1.00823156
cifar10,fixed_phase,8192,472,0.71174954,0.02347758,0.96233106
cifar10,fixed_phase,8192,473,0.69834979,0.05043691,0.98458613
cifar10,fixed_phase,8192,474,0.7058477,0.08515319,0.99990317
cifar10,fixed_phase,8192,475,0.69261253,0.06984466,0.99660839
cifar10,fixed_phase,8192,476,0.69423552,0.10504206,1.00651174
cifar10,fixed_phase,8192,477,0.703635,0.05965542,1.00116692
cifar10,fixed_phase,8192,478,0.71178278,0.05938265,0.97584059
cifar10,fixed_phase,8192,479,0.70251983,0.01597453,0.98640657
cifar10,fixed_phase,8192,480,0.7038269,0.09845004,0.9793455
cifar10,fixed_phase,8192,481,0.70793322,0.0691914,0.98401012
cifar10,fixed_phase,8192,482,0.71076689,0.05349029,0.98793821
cifar10,fixed_phase,8192,483,0.7157068,0.02979712,1.00742603
cifar10,fixed_phase,8192,484,0.6973528,0.07345114,0.99830214
cifar10,fixed_phase,8192,485,0.70441644,0.02368083,1.01544259
cifar10,fixed_phase,8192,486,0.7117814,0.03599424,1.017146
cifar10,fixed_phase,8192,487,0.70400276,0.03180851,0.97703143
cifar10,fixed_phase,8192,488,0.71913935,0.04937795,0.99542692
cifar10,fixed_phase,8192,489,0.70925487,0.04073248,0.99277705
cifar10,fixed_phase,8192,490,0.69971468,0.01952798,0.99960955
cifar10,fixed_phase,8192,491,0.70128253,0.04173716,1.0161883
cifar10,fixed_phase,8192,492,0.70157432,0.00068576,1.0425608
cifar10,fixed_phase,8192,493,0.70739038,0.03882372,0.97631763
cifar10,fixed_phase,8192,494,0.70957125,0.03361281,0.97718472
cifar10,fixed_phase,8192,495,0.70196845,0.00303385,0.96840032
cifar10,fixed_phase,8192,496,0.70102397,0.01202231,1.01090879
cifar10,fixed_phase,8192,497,0.70851157,0.01512952,1.00941679
cifar10,fixed_phase,8192,498,0.71962573,0.01691194,0.98451112
cifar10,fixed_phase,8192,499,0.70841369,0.01542369,1.00820202
cifar10,fixed_phase,8192,500,0.70846825,0.07842481,0.98387025
cifar10,fixed_phase,8192,501,0.69650051,0.04397441,0.99421297
cifar10,fixed_phase,8192,502,0.71508598,0.02519458,0.98337429
cifar10,fixed_phase,8192,503,0.71466812,0.01726597,0.98902938
cifar10,fixed_phase,8192,504,0.71110847,0.00370093,1.00474169
cifar10,fixed_phase,8192,505,0.70553585,0.06223988,1.0091981
cifar10,fixed_phase,8192,506,0.70659574,0.03139765,1.00859865
cifar10,fixed_phase,8192,507,0.70287807,0.01100803,1.00136815
cifar10,fixed_phase,8192,508,0.71184006,0.06245146,0.98025801
cifar10,fixed_phase,8192,509,0.70626501,0.03891498,1.01001685
cifar10,fixed_phase,8192,510,0.70262846,0.04507612,1.00701208
cifar10,fixed_phase,8192,511,0.70561678,0.03510171,1.00650246
cifar10,fixed_phase,8192,512,0.70409415,0.0294818,0.99441964
cifar10,fixed_phase,8192,513,0.70104771,0.0287976,1.00189093
cifar10,fixed_phase,8192,514,0.71082778,0.06765645,0.98519822
cifar10,fixed_phase,8192,515,0.70236145,0.03504235,1.00143095
cifar10,fixed_phase,8192,516,0.6870447,0.05582471,1.00943306
cifar10,fixed_phase,8192,517,0.70703197,0.09235302,1.03127518
cifar10,fixed_phase,8192,518,0.70999289,0.05056475,1.0158589
cifar10,fixed_phase,8192,519,0.70566119,0.00067026,1.00364906
cifar10,fixed_phase,8192,520,0.7077206,0.0261439,1.01968082
cifar10,fixed_phase,8192,521,0.70813515,0.08217557,1.01308649
cifar10,fixed_phase,8192,522,0.70156656,0.06895304,0.98621548
cifar10,fixed_phase,8192,523,0.71182913,0.06466798,1.00836668
cifar10,fixed_phase,8192,524,0.70139635,0.12398815,1.02789037
cifar10,fixed_phase,8192,525,0.70819085,0.03836819,0.98754632
cifar10,fixed_phase,8192,526,0.69304674,0.07882782,0.97219222
cifar10,fixed_phase,8192,527,0.72841226,0.02088852,1.00311995
cifar10,fixed_phase,8192,528,0.70358567,0.013852,1.01860564
cifar10,fixed_phase,8192,529,0.70581745,0.01737772,0.99758552
cifar10,fixed_phase,8192,530,0.70753748,0.00345364,1.00535977
cifar10,fixed_phase,8192,531,0.70229788,0.0215001,1.00661994
cifar10,fixed_phase,8192,532,0.70949094,0.07025162,0.98623504
cifar10,fixed_phase,8192,533,0.70914288,0.06208755,1.02343412
cifar10,fixed_phase,8192,534,0.70768291,0.01425307,0.99571522
cifar10,fixed_phase,8192,535,0.72612247,0.02800546,0.99242878
cifar10,fixed_phase,8192,536,0.69480004,0.04287418,1.00863612
cifar10,fixed_phase,8192,537,0.70023515,0.01683493,1.00141735
cifar10,fixed_phase,8192,538,0.70231368,0.02901237,0.99166979
cifar10,fixed_phase,8192,539,0.69867024,0.01179562,0.97671611
cifar10,fixed_phase,8192,540,0.70568601,0.02304498,0.98289055
cifar10,fixed_phase,8192,541,0.70407528,0.03214887,1.00814985
cifar10,fixed_phase,8192,542,0.70264401,0.12307127,0.99628961
cifar10,fixed_phase,8192,543,0.70606362,0.06571071,1.02879871
cifar10,fixed_phase,8192,544,0.70643018,0.03015283,1.0104693
cifar10,fixed_phase,8192,545,0.7067345,0.03863242,1.00485896
cifar10,fixed_phase,8192,546,0.71228725,0.04490079,0.9764382
cifar10,fixed_phase,8192,547,0.69418011,0.05894822,0.99466437
cifar10,fixed_phase,8192,548,0.71326022,0.03759121,1.0002822
cifar10,fixed_phase,8192,549,0.71389355,0.02953187,0.99074178
cifar10,fixed_phase,8192,550,0.70193582,0.01971535,0.97040969
cifar10,fixed_phase,8192,551,0.70555299,0.03585889,1.03046508
cifar10,fixed_phase,8192,552,0.71576106,0.05056693,0.99591191
cifar10,fixed_phase,8192,553,0.70923255,0.02914793,1.00166325
cifar10,fixed_phase,8192,554,0.70110882,0.01739866,0.97780987
cifar10,fixed_phase,8192,555,0.70702529,0.00935176,0.98228238
cifar10,fixed_phase,8192,556,0.70541695,0.01645777,0.98215096
cifar10,fixed_phase,8192,557,0.70435841,0.05928967,1.01950734
cifar10,fixed_phase,8192,558,0.71094482,0.00663631,1.01725018
cifar10,fixed_phase,8192,559,0.71181896,0.00829127,0.96477706
cifar10,fixed_phase,8192,560,0.70736452,0.0547463,0.98116429
cifar10,fixed_phase,8192,561,0.71218952,0.01671858,0.99787646
cifar10,fixed_phase,8192,562,0.70506256,0.00785089,1.00588997
cifar10,fixed_phase,8192,563,0.70824549,0.01412756,0.97365375
cifar10,fixed_phase,8192,564,0.70791653,0.03867987,1.00853397
cifar10,fixed_phase,8192,565,0.70066992,0.03541169,0.99433354
cifar10,fixed_phase,8192,566,0.70328221,0.09308001,1.01186205
cifar10,fixed_phase,8192,567,0.70794738,0.01664005,0.99167601
cifar10,fixed_phase,8192,568,0.71203344,0.06626251,0.9666008
cifar10,fixed_phase,8192,569,0.7059198,0.00085006,1.00322101
cifar10,fixed_phase,8192,570,0.70908218,0.05210169,1.02630196
cifar10,fixed_phase,8192,571,0.70221465,0.04324304,0.99710231
cifar10,fixed_phase,8192,572,0.71619338,0.09839886,0.97379138
cifar10,fixed_phase,8192,573,0.69910305,0.07373764,1.00170189
cifar10,fixed_phase,8192,574,0.70875183,0.00848,1.00092825
cifar10,fixed_phase,8192,575,0.70971,0.02244884,1.01797303
cifar10,fixed_phase,8192,576,0.70700812,0.05714835,0.99560213
cifar10,fixed_phase,8192,577,0.70412952,0.02185163,0.98057323
cifar10,fixed_phase,8192,578,0.70343343,0.05968657,0.97956059
cifar10,fixed_phase,8192,579,0.70896486,0.02912285,1.00604214
cifar10,fixed_phase,8192,580,0.71657133,0.08028312,0.98084697
cifar10,fixed_phase,8192,581,0.70832808,0.12872204,1.00532487
cifar10,fixed_phase,8192,582,0.70710739,0.04026892,1.00213431
cifar10,fixed_phase,8192,583,0.7160607,0.01384599,0.97856162
cifar10,fixed_phase,8192,584,0.70027069,0.09817298,0.98842636
cifar10,fixed_phase,8192,585,0.70156748,0.00770347,0.99400919
cifar10,fixed_phase,8192,586,0.70156862,0.04724076,0.98323038
cifar10,fixed_phase,8192,587,0.70293744,0.07817427,1.01849853
cifar10,fixed_phase,8192,588,0.70427399,0.06343405,0.97922864
cifar10,fixed_phase,8192,589,0.71247013,0.01318733,0.9996701
cifar10,fixed_phase,8192,590,0.70569692,0.01853478,0.9994141
cifar10,fixed_phase,8192,591,0.70278932,0.07603758,1.01800638
cifar10,fixed_phase,8192,592,0.70218399,0.11385824,0.99217963
cifar10,fixed_phase,8192,593,0.71395275,0.04139643,1.02779064
cifar10,fixed_phase,8192,594,0.70836105,0.05718196,0.9883423
cifar10,fixed_phase,8192,595,0.70631899,0.05517951,0.99320873
cifar10,fixed_phase,8192,596,0.69675873,0.0009116,1.00047722
cifar10,fixed_phase,8192,597,0.70317296,0.07702927,0.99796763
cifar10,fixed_phase,8192,598,0.70849655,0.08142599,0.95399323
cifar10,fixed_phase,8192,599,0.70044677,0.00568647,0.97134185
cifar10,fixed_phase,8192,600,0.71317362,0.07182303,0.9875252
cifar10,fixed_phase,8192,601,0.69295992,0.05256927,0.99521894
cifar10,fixed_phase,8192,602,0.70659705,0.03678796,1.00253089
cifar10,fixed_phase,8192,603,0.70217441,0.05719133,1.02767047
cifar10,fixed_phase,8192,604,0.70333486,0.07098902,1.02680934
cifar10,fixed_phase,8192,605,0.70794833,0.07635099,0.9958162
cifar10,fixed_phase,8192,606,0.69967874,0.07039648,1.01913598
cifar10,fixed_phase,8192,607,0.70803389,0.01301597,1.0094769
cifar10,fixed_phase,8192,608,0.70326186,0.02008601,0.96911095
cifar10,fixed_phase,8192,609,0.71565107,0.07387844,0.98071072
cifar10,fixed_phase,8192,610,0.70642086,0.06768386,0.9911365
cifar10,fixed_phase,8192,611,0.71510235,0.02324586,0.99537322
cifar10,fixed_phase,8192,612,0.70989888,0.12909955,1.00137003
cifar10,fixed_phase,8192,613,0.71305173,0.06491189,0.99745967
cifar10,fixed_phase,8192,614,0.70972782,0.04924232,0.99331531
cifar10,fixed_phase,8192,615,0.70874146,0.00536215,1.00214674
cifar10,fixed_phase,8192,616,0.71201728,0.01816462,1.01259401
cifar10,fixed_phase,8192,617,0.70219699,0.05602855,0.9954884
cifar10,fixed_phase,8192,618,0.71476051,0.10021141,1.00913359
cifar10,fixed_phase,8192,619,0.71275688,0.04276542,0.97005944
cifar10,fixed_phase,8192,620,0.70466816,0.10317779,0.98874867
cifar10,fixed_phase,8192,621,0.71719874,0.01808469,1.00980439
cifar10,fixed_phase,8192,622,0.71702397,0.0024244,1.0305088
cifar10,fixed_phase,8192,623,0.70485482,0.05756347,0.99322771
cifar10,fixed_phase,8192,624,0.70299531,0.13574635,0.98966362
cifar10,fixed_phase,8192,625,0.70755163,0.04996692,0.99645003
cifar10,fixed_phase,8192,626,0.70297636,0.0185618,0.99439182
cifar10,fixed_phase,8192,627,0.71402776,0.01502667,0.99722915
cifar10,fixed_phase,8192,628,0.70433572,0.012309,0.99614281
cifar10,fixed_phase,8192,629,0.71745641,0.09288534,0.98798982
cifar10,fixed_phase,8192,630,0.70743619,0.00903796,1.03734339
cifar10,fixed_phase,8192,631,0.70046534,0.03795587,0.99371354
cifar10,fixed_phase,8192,632,0.71678492,0.022917,1.00057886
cifar10,fixed_phase,8192,633,0.69399015,0.05569962,1.01713572
cifar10,fixed_phase,8192,634,0.70191552,0.04581779,0.99417484
cifar10,fixed_phase,8192,635,0.71886836,0.01299191,1.0226788
cifar10,fixed_phase,8192,636,0.70430437,0.00822996,1.00632818
cifar10,fixed_phase,8192,637,0.71507701,0.01148976,0.98438104
cifar10,fixed_phase,8192,638,0.71732489,0.00932603,1.00511844
cifar10,fixed_phase,8192,639,0.70385089,0.02098098,0.97381999
cifar10,fixed_phase,8192,640,0.69983466,0.04180311,0.96413891
cifar10,fixed_phase,8192,641,0.70827481,0.02693173,1.00547115
cifar10,fixed_phase,8192,642,0.69109057,0.09701743,1.01997176
cifar10,fixed_phase,8192,643,0.70857607,0.05662293,0.98873099
cifar10,fixed_phase,8192,644,0.70269494,0.02407325,1.02150298
cifar10,fixed_phase,8192,645,0.70806593,0.00326732,1.00092654
cifar10,fixed_phase,8192,646,0.70934234,0.0267338,0.98425694
cifar10,fixed_phase,8192,647,0.71083379,0.00314236,0.99971616
cifar10,fixed_phase,8192,648,0.71663669,0.02958621,1.01173319
cifar10,fixed_phase,8192,649,0.71098872,0.10590031,1.01502976
cifar10,fixed_phase,8192,650,0.71573333,0.15284567,1.0442484
cifar10,fixed_phase,8192,651,0.71435689,0.06185728,0.99640018
cifar10,fixed_phase,8192,652,0.71795096,0.00044106,1.01067231
cifar10,fixed_phase,8192,653,0.70879423,0.01191495,0.98882532
cifar10,fixed_phase,8192,654,0.7137463,0.07744782,1.02887798
cifar10,fixed_phase,8192,655,0.70615957,0.00139247,1.0170172
cifar10,fixed_phase,8192,656,0.70513649,0.0071262,1.00396876
cifar10,fixed_phase,8192,657,0.70636789,0.01958174,0.99059497
cifar10,fixed_phase,8192,658,0.70293235,0.09865772,0.99686996
cifar10,fixed_phase,8192,659,0.71510479,0.00295864,1.01839111
cifar10,fixed_phase,8192,660,0.71353374,0.00246301,0.99502317
cifar10,fixed_phase,8192,661,0.70914615,0.05566485,1.00372231
cifar10,fixed_phase,8192,662,0.70528138,0.01795732,0.97144521
cifar10,fixed_phase,8192,663,0.70239117,0.08018904,0.97777096
cifar10,fixed_phase,8192,664,0.70382161,0.05357904,1.01376042
cifar10,fixed_phase,8192,665,0.69924681,0.00142451,1.03375181
cifar10,fixed_phase,8192,666,0.70454383,0.03985464,0.96844053
cifar10,fixed_phase,8192,667,0.70417587,0.05988557,1.00473157
cifar10,fixed_phase,8192,668,0.71059102,0.03446136,0.99358567
cifar10,fixed_phase,8192,669,0.71938806,0.00932661,0.98530304
cifar10,fixed_phase,8192,670,0.71223109,0.00340348,1.0012445
cifar10,fixed_phase,8192,671,0.7080984,0.09636754,1.00967684
cifar10,fixed_phase,8192,672,0.70876264,0.04567856,0.98336726
cifar10,fixed_phase,8192,673,0.70584376,0.0324541,1.00242303
cifar10,fixed_phase,8192,674,0.70599742,0.01032654,1.02244524
cifar10,fixed_phase,8192,675,0.69894189,0.09758764,0.98634242
cifar10,fixed_phase,8192,676,0.7019425,0.13303075,0.98926704
cifar10,fixed_phase,8192,677,0.70313886,0.04250583,1.01143151
cifar10,fixed_phase,8192,678,0.70790435,0.04686125,0.97867174
cifar10,fixed_phase,8192,679,0.69792255,0.02183636,0.99824339
cifar10,fixed_phase,8192,680,0.70511547,0.00324108,0.97947322
cifar10,fixed_phase,8192,681,0.71365465,0.01415364,0.98980942
cifar10,fixed_phase,8192,682,0.69778617,0.00928249,1.01537777
cifar10,fixed_phase,8192,683,0.70145832,0.00329606,0.97548998
cifar10,fixed_phase,8192,684,0.70312463,0.05332811,0.98371031
cifar10,fixed_phase,8192,685,0.70994156,0.0567365,0.98016245
cifar10,fixed_phase,8192,686,0.70735594,0.04770476,0.97340335
cifar10,fixed_phase,8192,687,0.70777231,0.04384605,1.00510327
cifar10,fixed_phase,8192,688,0.70394971,0.02808921,1.00140464
cifar10,fixed_phase,8192,689,0.71314833,0.00809365,0.99002579
cifar10,fixed_phase,8192,690,0.70606416,0.0118448,0.98815958
cifar10,fixed_phase,8192,691,0.70815938,0.10046991,1.01250183
cifar10,fixed_phase,8192,692,0.69715591,0.01820584,1.01602873
cifar10,fixed_phase,8192,693,0.70692367,0.00713727,1.00763032
cifar10,fixed_phase,8192,694,0.70253274,0.09155546,1.01375046
cifar10,fixed_phase,8192,695,0.69848994,0.02410405,1.02694552
cifar10,fixed_phase,8192,696,0.70106269,0.05097991,1.00291077
cifar10,fixed_phase,8192,697,0.71062698,0.02862533,1.00162135
cifar10,fixed_phase,8192,698,0.71016845,0.03602981,0.99876925
cifar10,fixed_phase,8192,699,0.70064895,0.03576665,1.0017872
cifar10,fixed_phase,8192,700,0.70109702,0.00366898,1.03038944
cifar10,fixed_phase,8192,701,0.70062102,0.0143584,0.97500273
cifar10,fixed_phase,8192,702,0.70619305,0.00694271,1.00391814
cifar10,fixed_phase,8192,703,0.70657934,0.03361789,0.98971149
cifar10,fixed_phase,8192,704,0.7172424,0.07081456,1.02016309
cifar10,fixed_phase,8192,705,0.70268391,0.09572228,1.00870938
cifar10,fixed_phase,8192,706,0.70314766,0.03261696,1.02122397
cifar10,fixed_phase,8192,707,0.7070971,0.03541905,0.9826124
cifar10,fixed_phase,8192,708,0.71296575,0.07841907,1.0068178
cifar10,fixed_phase,8192,709,0.7050683,0.02152176,0.97792646
cifar10,fixed_phase,8192,710,0.69452686,0.00536575,1.00981441
cifar10,fixed_phase,8192,711,0.70623794,0.13991849,0.98708225
cifar10,fixed_phase,8192,712,0.70271578,0.03314512,1.00017117
cifar10,fixed_phase,8192,713,0.69973908,0.08450894,0.99723996
cifar10,fixed_phase,8192,714,0.71123585,0.00030587,1.00183538
cifar10,fixed_phase,8192,715,0.70704216,0.01385563,1.00146661
cifar10,fixed_phase,8192,716,0.70662468,0.00877391,0.99385779
cifar10,fixed_phase,8192,717,0.708593,0.05548902,1.00517879
cifar10,fixed_phase,8192,718,0.69796912,0.00154269,0.97582446
cifar10,fixed_phase,8192,719,0.70785432,0.0026997,0.99033557
cifar10,fixed_phase,8192,720,0.69653031,0.04403531,0.9871917
cifar10,fixed_phase,8192,721,0.7043557,0.01005848,1.0029434
cifar10,fixed_phase,8192,722,0.70617851,0.00065337,0.98846137
cifar10,fixed_phase,8192,723,0.71186936,0.01791664,0.97597188
cifar10,fixed_phase,8192,724,0.70698043,0.04128953,0.99363463
cifar10,fixed_phase,8192,725,0.7117182,0.09689486,0.98636995
cifar10,fixed_phase,8192,726,0.70222921,0.0440813,0.99702356
cifar10,fixed_phase,8192,727,0.71663041,0.01289414,1.02860705
cifar10,fixed_phase,8192,728,0.70402606,0.04301947,0.99200692
cifar10,fixed_phase,8192,729,0.70321791,0.05008275,1.01632777
cifar10,fixed_phase,8192,730,0.69766178,0.0938959,1.00864575
cifar10,fixed_phase,8192,731,0.69565069,0.06507513,1.0165097
cifar10,fixed_phase,8192,732,0.7123643,0.05271637,0.99756699
cifar10,fixed_phase,8192,733,0.70562314,0.0734921,1.01471214
cifar10,fixed_phase,8192,734,0.70978527,0.11482897,0.9642528
cifar10,fixed_phase,8192,735,0.7154888,0.04371741,1.00521942
cifar10,fixed_phase,8192,736,0.70216449,0.00942173,0.99222122
cifar10,fixed_phase,8192,737,0.7058239,0.04893141,1.02142391
cifar10,fixed_phase,8192,738,0.69924192,0.0086715,0.9931342
cifar10,fixed_phase,8192,739,0.70056889,0.03565762,1.00207627
cifar10,fixed_phase,8192,740,0.70913542,0.05623196,1.01325023
cifar10,fixed_phase,8192,741,0.70777971,0.04758383,1.0001521
cifar10,fixed_phase,8192,742,0.70685707,0.01495814,0.97902277
cifar10,fixed_phase,8192,743,0.70319933,0.03950973,0.99506066
cifar10,fixed_phase,8192,744,0.71044984,0.03767535,1.01001809
cifar10,fixed_phase,8192,745,0.71242089,0.03799172,0.98867777
cifar10,fixed_phase,8192,746,0.69871566,0.01731745,0.97507744
cifar10,fixed_phase,8192,747,0.71735208,0.04914602,0.97278251
cifar10,fixed_phase,8192,748,0.70684103,0.09333868,1.01312292
cifar10,fixed_phase,8192,749,0.69873048,0.03654117,0.99947018
cifar10,fixed_phase,8192,750,0.703348,0.04810508,1.00202456
cifar10,fixed_phase,8192,751,0.70783706,0.0530252,1.01945705
cifar10,fixed_phase,8192,752,0.70367553,0.08101869,0.9985722
cifar10,fixed_phase,8192,753,0.70203187,0.00385466,0.98962745
cifar10,fixed_phase,8192,754,0.71273781,0.074576,0.97799804
cifar10,fixed_phase,8192,755,0.70651365,0.0234264,1.0218763
cifar10,fixed_phase,8192,756,0.71126101,0.08424881,1.00428118
cifar10,fixed_phase,8192,757,0.70428935,0.04742814,0.99416061
cifar10,fixed_phase,8192,758,0.70442103,0.0033086,0.98271385
cifar10,fixed_phase,8192,759,0.71098529,0.02028287,0.96905664
cifar10,fixed_phase,8192,760,0.71464729,0.02052112,0.99140967
cifar10,fixed_phase,8192,761,0.70270324,0.02124299,0.99959256
cifar10,fixed_phase,8192,762,0.71438099,0.02010759,0.97868756
cifar10,fixed_phase,8192,763,0.70746791,0.08490397,1.02518353
cifar10,fixed_phase,8192,764,0.70190291,0.01042398,0.982105
cifar10,fixed_phase,8192,765,0.71172086,0.01751504,1.02862633
cifar10,fixed_phase,8192,766,0.69356484,0.03534345,1.00325333
cifar10,fixed_phase,8192,767,0.70674693,0.05001434,1.01796377
cifar10,fixed_phase,8192,768,0.71811577,0.06637915,1.00292836
cifar10,fixed_phase,8192,769,0.70625368,0.0422255,0.9896686
cifar10,fixed_phase,8192,770,0.72094726,0.11088402,1.00025255
cifar10,fixed_phase,8192,771,0.70109933,0.05569972,1.02313397
cifar10,fixed_phase,8192,772,0.71623921,0.01172438,0.99863498
cifar10,fixed_phase,8192,773,0.70410799,0.00946305,0.9881573
cifar10,fixed_phase,8192,774,0.70852651,0.00757829,0.99892937
cifar10,fixed_phase,8192,775,0.70511127,0.02842434,0.9948508
cifar10,fixed_phase,8192,776,0.71348165,0.04618978,1.01074514
cifar10,fixed_phase,8192,777,0.71646521,0.09833057,1.0131413
cifar10,fixed_phase,8192,778,0.71275125,0.01004161,1.0101
cifar10,fixed_phase,8192,779,0.70823418,0.06094951,0.98627185
cifar10,fixed_phase,8192,780,0.70215421,0.11041881,0.98714141
cifar10,fixed_phase,8192,781,0.70527831,0.02667105,1.01412459
cifar10,fixed_phase,8192,782,0.706925,0.04065819,0.98850417
cifar10,fixed_phase,8192,783,0.7021667,0.0471071,1.02637706
cifar10,fixed_phase,8192,784,0.71981611,0.00520421,0.99926419
cifar10,fixed_phase,8192,785,0.70474371,0.0039918,1.00780626
cifar10,fixed_phase,8192,786,0.70080821,0.06538956,1.00537039
cifar10,fixed_phase,8192,787,0.70645504,0.05732098,0.99491421
cifar10,fixed_phase,8192,788,0.71040765,0.08300573,0.99289185
cifar10,fixed_phase,8192,789,0.70149597,0.03761321,0.98813671
cifar10,fixed_phase,8192,790,0.70913485,0.06939014,1.00193987
cifar10,fixed_phase,8192,791,0.71455306,0.04888968,0.99284678
cifar10,fixed_phase,8192,792,0.69987452,0.0118854,0.97455165
cifar10,fixed_phase,8192,793,0.69914075,0.03308368,1.03197128
cifar10,fixed_phase,8192,794,0.70625322,0.01364162,1.01036452
cifar10,fixed_phase,8192,795,0.70985379,0.04646639,1.0118477
cifar10,fixed_phase,8192,796,0.71393999,0.05439357,1.03400924
cifar10,fixed_phase,8192,797,0.69926738,0.04311343,0.99979747
cifar10,fixed_phase,8192,798,0.7030885,0.09192797,0.98635043
cifar10,fixed_phase,8192,799,0.70608861,0.05045673,1.01656409
cifar10,fixed_phase,8192,800,0.69743596,0.10419022,0.99102365
cifar10,fixed_phase,8192,801,0.69964845,0.14360739,0.99612265
cifar10,fixed_phase,8192,802,0.70809585,0.02425503,0.9767881
cifar10,fixed_phase,8192,803,0.71158729,0.12032728,1.01148869
cifar10,fixed_phase,8192,804,0.70152201,0.07819561,0.98349281
cifar10,fixed_phase,8192,805,0.71223965,0.03740624,0.98973036
cifar10,fixed_phase,8192,806,0.71023553,0.04890595,0.98569002
cifar10,fixed_phase,8192,807,0.70906443,0.03352822,0.99859245
cifar10,fixed_phase,8192,808,0.71044653,0.01006074,0.99501292
cifar10,fixed_phase,8192,809,0.70578674,0.00884937,1.00804565
cifar10,fixed_phase,8192,810,0.7115453,0.01512407,0.97463546
cifar10,fixed_phase,8192,811,0.71904902,0.02874768,1.00518784
cifar10,fixed_phase,8192,812,0.70511127,0.07862279,1.01929888
cifar10,fixed_phase,8192,813,0.71483926,0.074269,0.97053241
cifar10,fixed_phase,8192,814,0.71022442,0.0739426,0.98168706
cifar10,fixed_phase,8192,815,0.71925601,0.02331825,0.99542626
cifar10,fixed_phase,8192,816,0.71021397,0.03464508,0.96455821
cifar10,fixed_phase,8192,817,0.70984164,0.02111668,0.97658831
cifar10,fixed_phase,8192,818,0.71717152,0.07285683,0.98912659
cifar10,fixed_phase,8192,819,0.71012304,0.03741448,0.98052298
cifar10,fixed_phase,8192,820,0.69944154,0.03113564,1.02794189
cifar10,fixed_phase,8192,821,0.71600063,0.0589285,0.99292614
cifar10,fixed_phase,8192,822,0.7035268,0.01431777,1.03932442
cifar10,fixed_phase,8192,823,0.69500076,0.03405648,0.98321661
cifar10,fixed_phase,8192,824,0.69867726,0.01008742,0.99570291
cifar10,fixed_phase,8192,825,0.70864189,0.07857768,1.02190349
cifar10,fixed_phase,8192,826,0.70212643,0.00627769,0.98511938
cifar10,fixed_phase,8192,827,0.70766555,0.02128784,0.99094604
cifar10,fixed_phase,8192,828,0.70456994,0.01008204,1.0040306
cifar10,fixed_phase,8192,829,0.70476676,0.02329876,1.00608916
cifar10,fixed_phase,8192,830,0.69657097,0.08123306,0.99049994
cifar10,fixed_phase,8192,831,0.69904988,0.04732337,0.9915221
cifar10,fixed_phase,8192,832,0.71740291,0.04787343,1.01797964
cifar10,fixed_phase,8192,833,0.71264541,0.02157611,0.99675961
cifar10,fixed_phase,8192,834,0.71245204,0.01126188,0.96199264
cifar10,fixed_phase,8192,835,0.70881381,0.02953405,0.99474414
cifar10,fixed_phase,8192,836,0.70253504,0.06567876,1.00699445
cifar10,fixed_phase,8192,837,0.69929184,0.03683345,1.01299216
cifar10,fixed_phase,8192,838,0.69176222,0.04827292,0.99151644
cifar10,fixed_phase,8192,839,0.70050221,0.05295792,0.98843393
cifar10,fixed_phase,8192,840,0.699013,0.03976762,0.99775869
cifar10,fixed_phase,8192,841,0.71230647,0.02186078,1.01094323
cifar10,fixed_phase,8192,842,0.69453101,0.01026826,1.00981756
cifar10,fixed_phase,8192,843,0.7021191,0.05902372,0.98658562
cifar10,fixed_phase,8192,844,0.70578141,0.09213647,0.98685315
cifar10,fixed_phase,8192,845,0.70704792,0.06683952,1.01190692
cifar10,fixed_phase,8192,846,0.70437988,0.01708228,0.96481374
cifar10,fixed_phase,8192,847,0.7065535,0.01902614,1.00392445
cifar10,fixed_phase,8192,848,0.70440874,0.01523246,0.99471109
cifar10,fixed_phase,8192,849,0.71031442,0.00719327,1.00700215
cifar10,fixed_phase,8192,850,0.70404342,0.01793376,1.01033285
cifar10,fixed_phase,8192,851,0.71254146,0.01807272,0.9906915
cifar10,fixed_phase,8192,852,0.70911754,0.11214085,1.01025275
cifar10,fixed_phase,8192,853,0.71598598,0.06212932,0.9974059
cifar10,fixed_phase,8192,854,0.70345828,0.00332911,0.99867243
cifar10,fixed_phase,8192,855,0.70841764,0.02186916,1.00528978
cifar10,fixed_phase,8192,856,0.71115697,0.00593718,1.0226676
cifar10,fixed_phase,8192,857,0.69781223,0.04189462,0.99282916
cifar10,fixed_phase,8192,858,0.70917084,0.01054528,1.01378739
cifar10,fixed_phase,8192,859,0.70374852,0.01451708,1.00164507
cifar10,fixed_phase,8192,860,0.69959981,0.01990803,1.01255944
cifar10,fixed_phase,8192,861,0.69723288,0.0076644,0.97530577
cifar10,fixed_phase,8192,862,0.69875311,0.02506771,0.99216169
cifar10,fixed_phase,8192,863,0.71272356,0.03237693,0.98873122
cifar10,fixed_phase,8192,864,0.71301099,0.07747179,0.99665799
cifar10,fixed_phase,8192,865,0.71229251,0.00026676,0.98232334
cifar10,fixed_phase,8192,866,0.69578331,0.01146018,0.98007929
cifar10,fixed_phase,8192,867,0.69821476,0.02091346,1.00743615
cifar10,fixed_phase,8192,868,0.70826511,0.02550296,0.98355288
cifar10,fixed_phase,8192,869,0.71427277,0.0182192,1.00139443
cifar10,fixed_phase,8192,870,0.70481407,0.0700525,0.98222726
cifar10,fixed_phase,8192,871,0.70771697,0.03871772,1.01323757
cifar10,fixed_phase,8192,872,0.70625285,0.04219032,0.99753036
cifar10,fixed_phase,8192,873,0.70574636,0.08775788,1.00779639
cifar10,fixed_phase,8192,874,0.708764,0.02547386,1.0061188
cifar10,fixed_phase,8192,875,0.71067909,0.09285406,0.99854413
cifar10,fixed_phase,8192,876,0.69973881,0.00733131,1.02284955
cifar10,fixed_phase,8192,877,0.70721901,0.02162293,1.00853064
cifar10,fixed_phase,8192,878,0.7048812,0.02598417,1.00855047
cifar10,fixed_phase,8192,879,0.7023346,0.00871428,1.00020361
cifar10,fixed_phase,8192,880,0.70666731,0.03089898,1.01486719
cifar10,fixed_phase,8192,881,0.71802672,0.05714622,0.99590616
cifar10,fixed_phase,8192,882,0.70795384,0.02222951,1.00558958
cifar10,fixed_phase,8192,883,0.71624968,0.04336156,1.00752955
cifar10,fixed_phase,8192,884,0.70672273,0.0053547,1.00267959
cifar10,fixed_phase,8192,885,0.70327292,0.05521336,1.00553096
cifar10,fixed_phase,8192,886,0.71398422,0.02206632,1.03288486
cifar10,fixed_phase,8192,887,0.696319,0.05334652,1.02340713
cifar10,fixed_phase,8192,888,0.70509126,0.02358114,1.01218389
cifar10,fixed_phase,8192,889,0.71182795,0.01869452,0.98037424
cifar10,fixed_phase,8192,890,0.69827006,0.08075387,1.01013171
cifar10,fixed_phase,8192,891,0.71887146,0.01092687,1.01163774
cifar10,fixed_phase,8192,892,0.70716995,0.01120894,0.99629151
cifar10,fixed_phase,8192,893,0.70383553,0.01958918,0.95638426
cifar10,fixed_phase,8192,894,0.69456723,0.0068226,1.00834501
cifar10,fixed_phase,8192,895,0.70248412,0.0658201,1.02643634
cifar10,fixed_phase,8192,896,0.70922304,0.01308673,1.00981466
cifar10,fixed_phase,8192,897,0.71372927,0.06286291,0.98908765
cifar10,fixed_phase,8192,898,0.71206933,0.02176167,0.99470158
cifar10,fixed_phase,8192,899,0.70580528,0.02578316,1.01613328
cifar10,fixed_phase,8192,900,0.70389976,0.04319927,0.99213331
cifar10,fixed_phase,8192,901,0.71202393,0.00520171,0.99959207
cifar10,fixed_phase,8192,902,0.70830109,0.03761945,1.02535699
cifar10,fixed_phase,8192,903,0.70599617,0.04938233,0.9807172
cifar10,fixed_phase,8192,904,0.70991377,0.03845607,0.99015977
cifar10,fixed_phase,8192,905,0.71183555,0.01409647,1.00583385
cifar10,fixed_phase,8192,906,0.70068532,0.05764032,0.99094889
cifar10,fixed_phase,8192,907,0.70655938,0.02226925,0.99009548
cifar10,fixed_phase,8192,908,0.71591848,0.11928947,0.98485685
cifar10,fixed_phase,8192,909,0.70221441,0.09514002,0.99847921
cifar10,fixed_phase,8192,910,0.7054681,0.06089176,1.00345378
cifar10,fixed_phase,8192,911,0.70201875,0.01674705,1.00647122
cifar10,fixed_phase,8192,912,0.70658133,0.04628223,0.99341034
cifar10,fixed_phase,8192,913,0.7105872,0.00525704,1.01535579
cifar10,fixed_phase,8192,914,0.71482228,0.00648513,1.01754074
cifar10,fixed_phase,8192,915,0.70858142,0.00738106,1.00878617
cifar10,fixed_phase,8192,916,0.71822807,0.05493932,0.99245778
cifar10,fixed_phase,8192,917,0.70284965,0.04247909,0.99630667
cifar10,fixed_phase,8192,918,0.7084932,0.02985598,0.97346939
cifar10,fixed_phase,8192,919,0.70357427,0.04270808,0.96748676
cifar10,fixed_phase,8192,920,0.7169709,0.01003945,0.99775001
cifar10,fixed_phase,8192,921,0.69976971,0.01914739,0.99291557
cifar10,fixed_phase,8192,922,0.70036938,0.05177746,1.00976233
cifar10,fixed_phase,8192,923,0.70922696,0.04400474,0.99547741
cifar10,fixed_phase,8192,924,0.70743918,0.00602279,0.99658501
cifar10,fixed_phase,8192,925,0.69884665,0.00531747,1.00544453
cifar10,fixed_phase,8192,926,0.71224029,0.09497995,1.00626643
cifar10,fixed_phase,8192,927,0.71380603,0.01483493,1.03047319
cifar10,fixed_phase,8192,928,0.69957975,0.00327338,0.97090909
cifar10,fixed_phase,8192,929,0.71696016,0.02372945,0.98787119
cifar10,fixed_phase,8192,930,0.6938287,0.00901612,0.99967667
cifar10,fixed_phase,8192,931,0.71139529,0.01433812,0.98007893
cifar10,fixed_phase,8192,932,0.70400249,0.0049139,0.99240361
cifar10,fixed_phase,8192,933,0.70735844,0.00024606,1.00894849
cifar10,fixed_phase,8192,934,0.70814364,0.00596343,0.99285127
cifar10,fixed_phase,8192,935,0.70385703,0.04038062,0.9891501
cifar10,fixed_phase,8192,936,0.70501997,0.04186934,1.00948705
cifar10,fixed_phase,8192,937,0.70519957,0.08910533,1.00164771
cifar10,fixed_phase,8192,938,0.70920614,0.029695,0.9888383
cifar10,fixed_phase,8192,939,0.71606567,0.04061203,1.00931583
cifar10,fixed_phase,8192,940,0.70214712,0.02011331,1.00647302
cifar10,fixed_phase,8192,941,0.71289943,0.08754316,1.01252167
cifar10,fixed_phase,8192,942,0.7061663,0.02947927,0.98315133
cifar10,fixed_phase,8192,943,0.70845773,0.1368921,1.01149079
cifar10,fixed_phase,8192,944,0.69276165,0.03830877,0.9939363
cifar10,fixed_phase,8192,945,0.70089148,0.01044993,0.97973516
cifar10,fixed_phase,8192,946,0.69808688,0.04008435,1.01565898
cifar10,fixed_phase,8192,947,0.70805976,0.03784408,0.99892983
cifar10,fixed_phase,8192,948,0.71204073,0.0372992,0.99610943
cifar10,fixed_phase,8192,949,0.70849753,0.02752392,1.00181718
cifar10,fixed_phase,8192,950,0.70902808,0.08893632,1.01951469
cifar10,fixed_phase,8192,951,0.70544476,0.01334407,1.00567866
cifar10,fixed_phase,8192,952,0.70292493,0.0615161,1.01429538
cifar10,fixed_phase,8192,953,0.70460066,0.0143284,0.99512839
cifar10,fixed_phase,8192,954,0.71126775,0.01739385,0.99366437
cifar10,fixed_phase,8192,955,0.70779208,0.01538381,1.01203846
cifar10,fixed_phase,8192,956,0.71238921,0.08051953,1.01592889
cifar10,fixed_phase,8192,957,0.70718024,0.02959473,0.97959372
cifar10,fixed_phase,8192,958,0.70286083,0.00287212,1.00450715
cifar10,fixed_phase,8192,959,0.71293539,0.01044887,1.0092204
cifar10,fixed_phase,8192,960,0.69546073,0.05776053,0.9828565
cifar10,fixed_phase,8192,961,0.70483256,0.06693389,0.9971367
cifar10,fixed_phase,8192,962,0.70623881,0.05932953,0.99977962
cifar10,fixed_phase,8192,963,0.69149881,0.0324583,0.97907927
cifar10,fixed_phase,8192,964,0.70457756,0.01610427,0.99195883
cifar10,fixed_phase,8192,965,0.71207645,0.04769315,0.97591771
cifar10,fixed_phase,8192,966,0.71093357,0.03041169,0.99903374
cifar10,fixed_phase,8192,967,0.69360742,0.02321204,1.00503878
cifar10,fixed_phase,8192,968,0.70659052,0.02351409,1.00394937
cifar10,fixed_phase,8192,969,0.70400386,0.01876332,1.00952705
cifar10,fixed_phase,8192,970,0.70783673,0.03187134,0.97972956
cifar10,fixed_phase,8192,971,0.701371,0.04500714,1.02866113
cifar10,fixed_phase,8192,972,0.70650519,0.01091531,1.00475225
cifar10,fixed_phase,8192,973,0.70837452,0.07972662,0.98797204
cifar10,fixed_phase,8192,974,0.70634408,0.07206296,1.00030974
cifar10,fixed_phase,8192,975,0.70327254,0.04465498,1.03974943
cifar10,fixed_phase,8192,976,0.70990989,0.0026568,1.02910546
cifar10,fixed_phase,8192,977,0.70514428,0.08363704,0.99513021
cifar10,fixed_phase,8192,978,0.71113579,0.02153894,1.00008674
cifar10,fixed_phase,8192,979,0.71185782,0.00966046,0.98387847
cifar10,fixed_phase,8192,980,0.7050402,0.07369903,1.00686731
cifar10,fixed_phase,8192,981,0.71401125,0.05229681,0.99721595
cifar10,fixed_phase,8192,982,0.7093026,0.04845034,1.014475
cifar10,fixed_phase,8192,983,0.70842581,0.01314862,1.00098741
cifar10,fixed_phase,8192,984,0.71063413,0.01961749,0.99247868
cifar10,fixed_phase,8192,985,0.71873211,0.00069908,1.02704018
cifar10,fixed_phase,8192,986,0.70879826,0.0135421,1.00222585
cifar10,fixed_phase,8192,987,0.70673403,0.01195805,1.00339002
cifar10,fixed_phase,8192,988,0.71416788,0.02070342,0.9850651
cifar10,fixed_phase,8192,989,0.7152907,0.00453419,0.99288616
cifar10,fixed_phase,8192,990,0.70513903,0.0190672,0.98100168
cifar10,fixed_phase,8192,991,0.70098506,0.12577109,1.02385517
cifar10,fixed_phase,8192,992,0.7018177,0.00455349,1.00556488
cifar10,fixed_phase,8192,993,0.70529378,0.08442684,0.98665032
cifar10,fixed_phase,8192,994,0.70568877,0.04650879,1.00017367
cifar10,fixed_phase,8192,995,0.71691396,0.04095199,1.00632554
cifar10,fixed_phase,8192,996,0.70325282,0.03280758,1.00547627
cifar10,fixed_phase,8192,997,0.70277424,0.02953436,1.01422924
cifar10,fixed_phase,8192,998,0.7184406,0.02387836,0.98843689
cifar10,fixed_phase,8192,999,0.71658083,0.00986157,1.00281479
