dataset,model,seed,sample_index,measurement_probability,phase_noise_rad,optical_power
circles,cnn,42,0,0.97545394,0.05869642,0.98010789
circles,cnn,42,1,0.97122886,0.01516871,0.99241462
circles,cnn,42,2,0.97308646,0.08130458,0.99385543
circles,cnn,42,3,0.97315041,0.05336183,1.00793241
circles,cnn,42,4,0.97195767,0.00024916,1.01529563
circles,cnn,42,5,0.97771268,0.04894094,1.00168066
circles,cnn,42,6,0.97692629,0.03908154,0.98752384
circles,cnn,42,7,0.97899739,0.06076396,0.97981445
circles,cnn,42,8,0.967787,0.00139958,1.02738592
circles,cnn,42,9,0.96608148,0.01123047,1.01868608
circles,cnn,42,10,0.97965946,0.00412813,0.99786468
circles,cnn,42,11,0.96935566,0.02765902,1.01432298
circles,cnn,42,12,0.97269493,0.01502608,1.01126782
circles,cnn,42,13,0.95660834,0.01978614,0.96080817
circles,cnn,42,14,0.98245548,0.00654631,1.00038668
circles,cnn,42,15,0.97445135,0.04187279,0.98713677
circles,cnn,42,16,0.9774565,0.08825933,0.99323183
circles,cnn,42,17,0.97130207,0.00585611,1.0073013
circles,cnn,42,18,0.96538734,0.02008039,0.98647612
circles,cnn,42,19,0.97557247,0.02250487,0.96936656
circles,cnn,42,20,0.98592491,0.06972923,0.99215515
circles,cnn,42,21,0.96563419,0.02879658,1.03163787
circles,cnn,42,22,0.97415666,0.00592715,1.01573254
circles,cnn,42,23,0.97630048,0.0299705,1.00628786
circles,cnn,42,24,0.97759589,0.05842457,0.98704509
circles,cnn,42,25,0.97000972,0.03119826,1.00965722
circles,cnn,42,26,0.97253813,0.04597965,0.98189967
circles,cnn,42,27,0.97160085,0.01135986,0.99459715
circles,cnn,42,28,0.96522946,0.03077364,0.98419648
circles,cnn,42,29,0.97297845,0.02663138,0.99980508
circles,cnn,42,30,0.97111898,0.02350513,0.97263228
circles,cnn,42,31,0.97998983,0.01124214,0.99141531
circles,cnn,42,32,0.96896413,0.02735266,0.98060834
circles,cnn,42,33,0.97252298,0.00297518,1.00009007
circles,cnn,42,34,0.97748531,0.0085913,1.00725392
circles,cnn,42,35,0.97528132,0.00454147,0.98553763
circles,cnn,42,36,0.98019701,0.01551067,0.98800739
circles,cnn,42,37,0.96071624,0.02718276,1.01486147
circles,cnn,42,38,0.97659945,0.00109736,0.98514482
circles,cnn,42,39,0.98184758,0.0189514,1.00062612
circles,cnn,42,40,0.97878697,0.10034881,1.0160349
circles,cnn,42,41,0.96825243,0.01829307,0.98469807
circles,cnn,42,42,0.98315805,0.01042641,0.98795634
circles,cnn,42,43,0.97668922,0.08569689,1.01164987
circles,cnn,42,44,0.97837791,0.04875817,1.02062895
circles,cnn,42,45,0.96976129,0.00733932,1.01171177
circles,cnn,42,46,0.97416497,0.04772198,1.00408551
circles,cnn,42,47,0.9723848,0.02958077,1.02198179
circles,cnn,42,48,0.97533213,0.02438148,0.9890723
circles,cnn,42,49,0.97623479,0.02885594,1.00372067
circles,cnn,42,50,0.97876602,0.00414142,0.98976007
circles,cnn,42,51,0.96930352,0.03057467,1.00124547
circles,cnn,42,52,0.97416118,0.03945204,1.00115033
circles,cnn,42,53,0.96711805,2.384e-05,1.0072862
circles,cnn,42,54,0.9696499,0.01023712,1.00382069
circles,cnn,42,55,0.96412676,0.16095091,0.98431665
circles,cnn,42,56,0.97352836,0.06200662,0.9944017
circles,cnn,42,57,0.96562604,0.01186973,1.00961913
circles,cnn,42,58,0.97578035,0.01625002,0.98980175
circles,cnn,42,59,0.96968677,0.07547739,0.97787938
circles,cnn,42,60,0.97161634,0.00887606,0.98991537
circles,cnn,42,61,0.97413876,0.03621623,0.99918744
circles,cnn,42,62,0.97381655,0.00818634,1.00121168
circles,cnn,42,63,0.97797662,0.02085722,0.99638577
circles,cnn,42,64,0.97465568,0.05770022,0.98498465
circles,cnn,42,65,0.97697729,0.04028058,0.98650838
circles,cnn,42,66,0.97531523,0.0436398,0.99063994
circles,cnn,42,67,0.97224208,0.00801814,1.00369115
circles,cnn,42,68,0.97230814,0.00699529,0.98864906
circles,cnn,42,69,0.96782833,0.01146485,0.98498795
circles,cnn,42,70,0.97765067,0.01263635,0.97805336
circles,cnn,42,71,0.97443792,0.04992904,0.97153588
circles,cnn,42,72,0.97144201,0.0106594,0.96890388
circles,cnn,42,73,0.96880404,0.04457838,0.99861484
circles,cnn,42,74,0.97397413,0.02484551,0.9801427
circles,cnn,42,75,0.97644807,0.02802555,0.99767039
circles,cnn,42,76,0.96642868,0.05886051,1.00249482
circles,cnn,42,77,0.96655289,0.04776684,1.03597343
circles,cnn,42,78,0.97918496,0.10384867,1.0214685
circles,cnn,42,79,0.97740122,0.15291493,0.97890927
circles,cnn,42,80,0.96349365,0.01530439,0.98983743
circles,cnn,42,81,0.98133683,0.01680529,1.00921495
circles,cnn,42,82,0.97895795,0.08289643,1.00023773
circles,cnn,42,83,0.97273748,0.06385303,1.01631927
circles,cnn,42,84,0.96956907,0.04459027,1.00543793
circles,cnn,42,85,0.97791642,0.09124966,0.98961034
circles,cnn,42,86,0.96441591,0.01558576,0.98826787
circles,cnn,42,87,0.97834186,0.03959389,0.96415014
circles,cnn,42,88,0.96590989,0.01995144,0.99403888
circles,cnn,42,89,0.96650602,0.09677203,0.98788441
circles,cnn,42,90,0.96352459,0.02616167,0.98085185
circles,cnn,42,91,0.96855212,0.125078,0.98477059
circles,cnn,42,92,0.97886885,0.07171919,0.98799628
circles,cnn,42,93,0.97718549,0.00454258,1.01010257
circles,cnn,42,94,0.9787993,0.04242818,0.99760999
circles,cnn,42,95,0.9758235,0.00685416,0.99177155
circles,cnn,42,96,0.9744849,0.00153864,1.00500691
circles,cnn,42,97,0.97876845,0.02949983,1.00258518
circles,cnn,42,98,0.97733682,0.0010771,1.00346373
circles,cnn,42,99,0.98050032,0.00033028,0.98981707
circles,cnn,42,100,0.97346893,0.06229407,1.02043957
circles,cnn,42,101,0.96636929,0.06498701,0.98206292
circles,cnn,42,102,0.96749926,0.04275859,0.98246691
circles,cnn,42,103,0.98163805,0.06853974,0.99656425
circles,cnn,42,104,0.96575532,0.04220172,1.01931027
circles,cnn,42,105,0.97100176,0.06240458,1.00169004
circles,cnn,42,106,0.96457491,0.05208615,1.02107134
circles,cnn,42,107,0.97646939,0.02143308,1.00157423
circles,cnn,42,108,0.97516935,0.07242919,1.01290691
circles,cnn,42,109,0.97134658,0.00070278,0.99983144
circles,cnn,42,110,0.96446177,0.02254014,0.99456162
circles,cnn,42,111,0.97147153,0.0483211,0.97643345
circles,cnn,42,112,0.97232367,0.14982267,1.01442446
circles,cnn,42,113,0.96989884,0.03770464,1.00526689
circles,cnn,42,114,0.97184941,0.02067543,1.0146696
circles,cnn,42,115,0.97307263,0.06995472,1.00258744
circles,cnn,42,116,0.97988898,0.07315665,1.00768211
circles,cnn,42,117,0.9880188,0.03923072,1.00745012
circles,cnn,42,118,0.97152217,0.01525973,1.00519931
circles,cnn,42,119,0.97622399,0.03163143,0.99170402
circles,cnn,42,120,0.97421291,0.00567916,0.99596974
circles,cnn,42,121,0.97811053,0.00085223,0.99329938
circles,cnn,42,122,0.96787665,0.07961322,0.99246221
circles,cnn,42,123,0.96885031,0.00565478,1.00906659
circles,cnn,42,124,0.97754934,0.04111192,1.02881006
circles,cnn,42,125,0.97805096,0.01825282,1.01321042
circles,cnn,42,126,0.98275877,0.02582478,0.99779623
circles,cnn,42,127,0.96306819,0.00372624,1.01750853
circles,cnn,42,128,0.96290569,0.02986239,0.99641306
circles,cnn,42,129,0.9662534,0.02417323,0.98973663
circles,cnn,42,130,0.96947371,0.01424095,0.9833107
circles,cnn,42,131,0.98173913,0.03648987,1.04023296
circles,cnn,42,132,0.96932295,0.06931509,0.96819662
circles,cnn,42,133,0.97237694,0.04474636,1.00035977
circles,cnn,42,134,0.96547354,0.03323765,0.98986577
circles,cnn,42,135,0.9767992,0.00403383,0.9896011
circles,cnn,42,136,0.98360555,0.00325115,0.99766892
circles,cnn,42,137,0.9736382,0.08225051,0.99814004
circles,cnn,42,138,0.97967911,0.04680675,0.98584986
circles,cnn,42,139,0.96897772,0.03220667,0.99104669
circles,cnn,42,140,0.96636303,0.0541859,1.00182385
circles,cnn,42,141,0.97168875,0.00581276,0.97781193
circles,cnn,42,142,0.98558669,0.04156102,0.98764652
circles,cnn,42,143,0.96879056,0.06160526,1.00308977
circles,cnn,42,144,0.97843266,0.00454463,1.00650413
circles,cnn,42,145,0.9804929,0.00985034,0.99630922
circles,cnn,42,146,0.97368763,0.00019086,0.99869581
circles,cnn,42,147,0.97522208,0.08956212,1.01485097
circles,cnn,42,148,0.97154233,0.05439543,1.02115392
circles,cnn,42,149,0.97021476,0.03368527,1.00916834
circles,cnn,42,150,0.96901416,0.00284502,0.97751089
circles,cnn,42,151,0.98108321,0.0113081,1.01631821
circles,cnn,42,152,0.96918784,0.00610469,1.00350403
circles,cnn,42,153,0.97002106,0.04768482,0.99944603
circles,cnn,42,154,0.98046851,0.01460666,0.99698967
circles,cnn,42,155,0.97074462,0.04989343,0.97847845
circles,cnn,42,156,0.96663511,0.051658,0.99369544
circles,cnn,42,157,0.97697993,0.02395526,0.98784985
circles,cnn,42,158,0.98201438,0.05961947,0.99715501
circles,cnn,42,159,0.97762442,0.03674591,0.98767497
circles,cnn,42,160,0.96510489,0.02116604,0.99685267
circles,cnn,42,161,0.96852562,0.02406575,0.98310824
circles,cnn,42,162,0.9702571,0.03380811,1.01681873
circles,cnn,42,163,0.97383053,0.0083956,1.00884267
circles,cnn,42,164,0.97626313,0.02540859,0.98865155
circles,cnn,42,165,0.97303061,0.0118468,0.99197099
circles,cnn,42,166,0.97520361,0.06032211,0.98364627
circles,cnn,42,167,0.96861205,0.07028656,0.98172706
circles,cnn,42,168,0.97353796,0.00354193,0.96941535
circles,cnn,42,169,0.98119896,0.06294297,0.98178601
circles,cnn,42,170,0.97717461,0.02280635,1.00392185
circles,cnn,42,171,0.97137471,0.06161164,1.00015572
circles,cnn,42,172,0.97543838,0.01178532,0.98207178
circles,cnn,42,173,0.96565033,0.0264076,1.00212751
circles,cnn,42,174,0.98237553,0.0406745,1.02602191
circles,cnn,42,175,0.96305978,0.07996284,0.98465376
circles,cnn,42,176,0.97547556,0.0461388,1.00440458
circles,cnn,42,177,0.96544779,0.01017348,0.98901969
circles,cnn,42,178,0.98334237,0.00966868,1.00909688
circles,cnn,42,179,0.9685731,0.09466376,1.01488716
circles,cnn,42,180,0.97072229,0.02741649,1.00347464
circles,cnn,42,181,0.9663198,0.09121367,0.98274017
circles,cnn,42,182,0.96773834,0.00579656,1.0054758
circles,cnn,42,183,0.96913731,0.03565337,0.97162504
circles,cnn,42,184,0.96901307,0.0201811,0.97793909
circles,cnn,42,185,0.97506314,1.961e-05,0.99992483
circles,cnn,42,186,0.98437653,0.02499042,0.98508413
circles,cnn,42,187,0.97411053,0.06596901,1.03755636
circles,cnn,42,188,0.97267682,0.07086209,0.98734553
circles,cnn,42,189,0.96170284,0.07663047,1.01099075
circles,cnn,42,190,0.96715807,0.03852002,1.00145394
circles,cnn,42,191,0.97530147,0.0186957,1.0089776
circles,cnn,42,192,0.97847693,0.02040235,0.99695765
circles,cnn,42,193,0.97951441,0.02721417,1.01652958
circles,cnn,42,194,0.97057205,0.03847372,1.00997676
circles,cnn,42,195,0.97733556,0.02977166,0.97884884
circles,cnn,42,196,0.98465914,0.05066904,1.01798516
circles,cnn,42,197,0.96357674,0.00479993,1.0201485
circles,cnn,42,198,0.96209907,0.03032004,0.97700056
circles,cnn,42,199,0.97526878,0.07600847,0.9953741
circles,cnn,42,200,0.97464348,0.00836565,0.9885378
circles,cnn,42,201,0.97359505,0.00777024,0.99382117
circles,cnn,42,202,0.96998619,0.00095819,1.00928742
circles,cnn,42,203,0.9748695,0.01563285,1.05240566
circles,cnn,42,204,0.97354038,0.11255188,1.01926205
circles,cnn,42,205,0.96851985,0.00416265,1.00024293
circles,cnn,42,206,0.98345683,0.10086034,0.99139766
circles,cnn,42,207,0.96232991,0.01779968,1.00820359
circles,cnn,42,208,0.9706952,0.08148098,1.01400744
circles,cnn,42,209,0.98041088,0.03926575,1.03125686
circles,cnn,42,210,0.97174977,0.01789421,1.00479251
circles,cnn,42,211,0.9658992,0.00170825,1.01038506
circles,cnn,42,212,0.97509214,0.03297242,0.99881831
circles,cnn,42,213,0.97321991,0.00713921,0.99679238
circles,cnn,42,214,0.97533578,0.05483518,0.98823152
circles,cnn,42,215,0.9594244,0.03287665,0.99377025
circles,cnn,42,216,0.97389807,0.10136707,1.01732087
circles,cnn,42,217,0.97410237,0.0200782,1.02610499
circles,cnn,42,218,0.96784474,0.01417653,1.00551756
circles,cnn,42,219,0.96987609,0.03677197,0.99604312
circles,cnn,42,220,0.97169926,0.06339691,0.99062293
circles,cnn,42,221,0.97645088,0.11464552,1.01920634
circles,cnn,42,222,0.97446557,0.00335287,0.96939915
circles,cnn,42,223,0.97478104,0.10528942,0.99327847
circles,cnn,42,224,0.96922989,0.02877552,0.9863015
circles,cnn,42,225,0.97195969,0.03795503,0.99252085
circles,cnn,42,226,0.97857501,0.03946986,0.99912223
circles,cnn,42,227,0.97670036,0.02134043,0.99697246
circles,cnn,42,228,0.96622355,0.05342776,0.99313156
circles,cnn,42,229,0.9704892,0.04826338,0.99221781
circles,cnn,42,230,0.98058051,0.0901983,0.99660098
circles,cnn,42,231,0.98258781,0.00901047,0.98792845
circles,cnn,42,232,0.97707582,0.0426444,0.99150714
circles,cnn,42,233,0.96736757,0.04451884,0.97956571
circles,cnn,42,234,0.97157619,0.04679974,1.00432024
circles,cnn,42,235,0.97692521,0.03464794,1.00605227
circles,cnn,42,236,0.98124218,0.03519555,1.00549655
circles,cnn,42,237,0.95845383,0.02264826,0.98428461
circles,cnn,42,238,0.96846686,0.01499559,1.00820804
circles,cnn,42,239,0.9722898,0.02336266,0.99518319
circles,cnn,42,240,0.97049249,0.03887443,0.98509146
circles,cnn,42,241,0.97181452,0.01337568,0.9917934
circles,cnn,42,242,0.96670946,0.00041748,0.99207437
circles,cnn,42,243,0.97558631,0.03883698,1.00541237
circles,cnn,42,244,0.96873307,0.07320156,0.99130978
circles,cnn,42,245,0.97271309,0.06286382,1.01650462
circles,cnn,42,246,0.9734436,0.03547924,1.02350328
circles,cnn,42,247,0.97476917,0.03730301,1.00223059
circles,cnn,42,248,0.97029429,0.05348668,1.00707082
circles,cnn,42,249,0.97478228,0.00136765,0.99430103
circles,cnn,42,250,0.97429544,0.12941087,1.00494998
circles,cnn,42,251,0.96758271,0.02901735,0.98669539
circles,cnn,42,252,0.97801338,0.02975564,0.99697611
circles,cnn,42,253,0.97374896,0.02867853,1.00656865
circles,cnn,42,254,0.98526414,0.09104281,1.0085612
circles,cnn,42,255,0.96811376,0.00480559,1.02496758
circles,cnn,42,256,0.97103336,0.01145733,1.00514437
circles,cnn,42,257,0.98037352,0.00713175,0.98853002
circles,cnn,42,258,0.97889948,0.05557636,0.9871968
circles,cnn,42,259,0.96660791,0.01133462,0.98152066
circles,cnn,42,260,0.97301984,0.00352389,0.98587579
circles,cnn,42,261,0.98033626,0.08673264,1.00589765
circles,cnn,42,262,0.95570935,0.04813748,1.00612086
circles,cnn,42,263,0.97799085,0.00749873,0.9885985
circles,cnn,42,264,0.97452239,0.08122993,0.98580567
circles,cnn,42,265,0.97200443,0.03777668,1.01433263
circles,cnn,42,266,0.98161669,0.03520231,0.9953738
circles,cnn,42,267,0.97326796,0.01791548,0.9756113
circles,cnn,42,268,0.96512751,0.094738,0.99716306
circles,cnn,42,269,0.96964886,0.05940429,0.99828029
circles,cnn,42,270,0.96443184,0.04369585,1.02570849
circles,cnn,42,271,0.97567072,0.01245261,0.99379494
circles,cnn,42,272,0.96920942,0.0047419,0.98850189
circles,cnn,42,273,0.96022682,0.03906352,1.01641993
circles,cnn,42,274,0.97013431,0.07333099,1.02503799
circles,cnn,42,275,0.97611785,0.0851866,0.98308837
circles,cnn,42,276,0.96228476,0.09003645,1.03230122
circles,cnn,42,277,0.96239737,0.02719423,1.00577847
circles,cnn,42,278,0.97197607,0.02954196,1.01766034
circles,cnn,42,279,0.9746806,0.01083197,0.99054572
circles,cnn,42,280,0.96457661,0.05293579,1.01011402
circles,cnn,42,281,0.97143493,0.0116009,0.97657287
circles,cnn,42,282,0.97493086,0.03833595,0.99265233
circles,cnn,42,283,0.9661423,0.02898679,1.03690588
circles,cnn,42,284,0.96740157,0.08825761,1.00612838
circles,cnn,42,285,0.97421874,0.04851753,1.00571144
circles,cnn,42,286,0.9747001,0.03309407,1.01651553
circles,cnn,42,287,0.97536229,0.01366406,1.00527621
circles,cnn,42,288,0.97879817,0.00977678,0.99885927
circles,cnn,42,289,0.96251118,0.02350393,1.01752754
circles,cnn,42,290,0.97348301,0.05851716,1.01509828
circles,cnn,42,291,0.97377718,0.01963823,0.98453787
circles,cnn,42,292,0.97582423,0.12003218,1.01950079
circles,cnn,42,293,0.97142652,0.04680713,1.01108093
circles,cnn,42,294,0.97805331,0.08264515,0.98751807
circles,cnn,42,295,0.96631876,0.00300422,1.01311699
circles,cnn,42,296,0.96921492,0.00734177,0.98976435
circles,cnn,42,297,0.97870258,0.0248262,0.98386522
circles,cnn,42,298,0.9798199,0.02864736,1.00488689
circles,cnn,42,299,0.98796477,0.08171871,1.00301041
circles,cnn,42,300,0.96651424,0.00775563,0.98970267
circles,cnn,42,301,0.96778528,0.06296467,0.9864345
circles,cnn,42,302,0.96863125,0.0052935,1.00958019
circles,cnn,42,303,0.96269938,0.00695484,0.98419603
circles,cnn,42,304,0.97040081,0.08502637,1.0041522
circles,cnn,42,305,0.96374242,0.01341901,0.99732573
circles,cnn,42,306,0.9723873,0.01460112,1.0264353
circles,cnn,42,307,0.97238669,0.02450871,1.00156183
circles,cnn,42,308,0.97568538,0.02280951,1.0218023
circles,cnn,42,309,0.9680527,0.03487325,0.99574953
circles,cnn,42,310,0.97153655,0.00031878,0.97274334
circles,cnn,42,311,0.96779139,0.02962428,0.98972932
circles,cnn,42,312,0.97396777,0.05527988,0.99425275
circles,cnn,42,313,0.97549986,0.0976847,1.004218
circles,cnn,42,314,0.97704671,0.03697298,0.96977005
circles,cnn,42,315,0.97522155,0.03297061,0.98651932
circles,cnn,42,316,0.96978008,0.07614391,0.97755233
circles,cnn,42,317,0.96689811,0.02915706,1.00615362
circles,cnn,42,318,0.97204951,0.02603175,1.02170982
circles,cnn,42,319,0.96768549,0.01054034,1.00944725
circles,cnn,42,320,0.97869764,0.01982603,0.99921631
circles,cnn,42,321,0.97553625,0.0515658,0.96743528
circles,cnn,42,322,0.97150354,0.01782546,0.99876126
circles,cnn,42,323,0.97205271,0.15075179,0.99491687
circles,cnn,42,324,0.96641925,0.05307274,0.98508605
circles,cnn,42,325,0.96937219,0.01472209,0.98940082
circles,cnn,42,326,0.98819604,0.02490088,1.00910064
circles,cnn,42,327,0.96551286,0.00546552,1.01672488
circles,cnn,42,328,0.96792862,0.0235006,1.00276573
circles,cnn,42,329,0.96925455,0.04851257,1.00127533
circles,cnn,42,330,0.97571897,0.00546119,0.99820823
circles,cnn,42,331,0.96961857,0.03332099,1.01821022
circles,cnn,42,332,0.95625421,0.03183194,0.97896205
circles,cnn,42,333,0.97150594,0.07966073,0.98531121
circles,cnn,42,334,0.97796236,0.05367888,0.99010718
circles,cnn,42,335,0.97255279,0.00579361,0.97812355
circles,cnn,42,336,0.97357002,0.03290716,1.02152968
circles,cnn,42,337,0.97522435,0.03947007,0.98416847
circles,cnn,42,338,0.97420899,0.02760675,0.99116062
circles,cnn,42,339,0.9676515,0.05242691,0.9940773
circles,cnn,42,340,0.97440389,0.00716593,0.99532732
circles,cnn,42,341,0.96835512,0.05390782,0.99123263
circles,cnn,42,342,0.97655409,0.08904831,0.99109278
circles,cnn,42,343,0.98019848,0.05792272,1.00925056
circles,cnn,42,344,0.9704277,0.1192911,1.00218415
circles,cnn,42,345,0.96379746,0.0478938,1.0160342
circles,cnn,42,346,0.97220915,0.00278099,0.9961007
circles,cnn,42,347,0.97556097,0.01107152,0.98417327
circles,cnn,42,348,0.96932337,0.05779525,1.00057335
circles,cnn,42,349,0.96764701,0.05540886,0.98298822
circles,cnn,42,350,0.97459652,0.01754408,1.01052677
circles,cnn,42,351,0.97562475,0.00266441,0.99833628
circles,cnn,42,352,0.97073388,0.10263852,1.0043656
circles,cnn,42,353,0.96754459,0.08646309,1.02690515
circles,cnn,42,354,0.97164191,0.02466379,0.98678556
circles,cnn,42,355,0.96994329,0.08907888,0.99702339
circles,cnn,42,356,0.96312914,0.00700861,0.99311497
circles,cnn,42,357,0.98230179,0.004234,0.98813394
circles,cnn,42,358,0.97326891,0.06665891,1.00860627
circles,cnn,42,359,0.97483538,0.03310777,1.02042028
circles,cnn,42,360,0.97341528,0.01949987,1.00597602
circles,cnn,42,361,0.97146719,0.09479218,1.00575499
circles,cnn,42,362,0.97405155,0.03028709,1.02052536
circles,cnn,42,363,0.96760005,0.00348188,1.00847915
circles,cnn,42,364,0.97594151,0.08627943,1.02525194
circles,cnn,42,365,0.97747322,0.04529981,1.01139041
circles,cnn,42,366,0.97688896,0.01356815,0.98636076
circles,cnn,42,367,0.96897585,0.0048499,0.99356785
circles,cnn,42,368,0.95822571,0.00081974,1.0054596
circles,cnn,42,369,0.97874615,0.05531067,0.99983877
circles,cnn,42,370,0.97034958,0.08168571,0.98585078
circles,cnn,42,371,0.97001964,0.01781398,0.96736773
circles,cnn,42,372,0.95767954,0.02838235,0.98515794
circles,cnn,42,373,0.97256699,0.00407494,1.00756098
circles,cnn,42,374,0.9856719,0.0450929,0.98657325
circles,cnn,42,375,0.96353226,0.03204952,1.02062267
circles,cnn,42,376,0.97599698,0.05373769,0.99718757
circles,cnn,42,377,0.9650591,0.03636044,1.02134331
circles,cnn,42,378,0.97200093,0.01066621,1.0064198
circles,cnn,42,379,0.96366281,0.11350557,0.99267052
circles,cnn,42,380,0.97821628,0.01698526,1.00429138
circles,cnn,42,381,0.97655517,0.01294816,1.01128255
circles,cnn,42,382,0.97272093,0.00933049,0.98362374
circles,cnn,42,383,0.97200781,0.07865989,0.98831526
circles,cnn,42,384,0.95663823,0.01665084,0.99861999
circles,cnn,42,385,0.98131269,0.00500886,1.00276143
circles,cnn,42,386,0.971135,0.01975903,1.01396854
circles,cnn,42,387,0.97661662,0.04163279,0.98243865
circles,cnn,42,388,0.97392328,0.02514009,1.00199215
circles,cnn,42,389,0.97312659,0.15659207,1.00356649
circles,cnn,42,390,0.97882232,0.01390158,1.01928066
circles,cnn,42,391,0.97006427,0.07824014,1.00791679
circles,cnn,42,392,0.97012094,0.06480612,1.02909558
circles,cnn,42,393,0.97648742,0.02641005,0.98417599
circles,cnn,42,394,0.97574835,0.03992835,1.00974236
circles,cnn,42,395,0.97906727,0.00039376,1.02055341
circles,cnn,42,396,0.9742823,0.11479961,0.97956309
circles,cnn,42,397,0.97707782,0.00918135,1.00725963
circles,cnn,42,398,0.97687301,0.07348391,1.03209679
circles,cnn,42,399,0.96470842,0.02708527,0.98954924
circles,cnn,42,400,0.97718829,0.03246219,0.99694757
circles,cnn,42,401,0.97918964,0.02959314,0.99036633
circles,cnn,42,402,0.96757011,0.05862237,1.01513665
circles,cnn,42,403,0.96546102,0.03539042,0.99992432
circles,cnn,42,404,0.97143408,0.04326243,1.0011978
circles,cnn,42,405,0.97147025,0.0639906,1.006993
circles,cnn,42,406,0.9718401,0.00728516,0.97047322
circles,cnn,42,407,0.97989284,0.03256442,0.99720806
circles,cnn,42,408,0.97421781,0.03793587,0.99522473
circles,cnn,42,409,0.96442622,0.06081959,1.02210307
circles,cnn,42,410,0.97596222,0.01953873,0.99194265
circles,cnn,42,411,0.97649085,0.00346921,0.99265002
circles,cnn,42,412,0.97392666,0.05721031,0.99983742
circles,cnn,42,413,0.97999221,0.02782863,1.01858392
circles,cnn,42,414,0.97301521,0.05071049,1.02089621
circles,cnn,42,415,0.96488487,0.01090386,0.98370799
circles,cnn,42,416,0.98189576,0.09384412,1.0079346
circles,cnn,42,417,0.97456544,0.14553364,1.01775716
circles,cnn,42,418,0.97969902,0.01032722,0.99390673
circles,cnn,42,419,0.96503708,0.00545873,1.0134592
circles,cnn,42,420,0.98038967,0.08418247,1.00237141
circles,cnn,42,421,0.97770322,0.08465125,1.00510776
circles,cnn,42,422,0.97506137,0.00811237,1.00601449
circles,cnn,42,423,0.97784744,0.06185974,1.00972513
circles,cnn,42,424,0.97118901,0.0013248,0.9992946
circles,cnn,42,425,0.97774331,0.02542414,0.99968967
circles,cnn,42,426,0.97642165,0.0507732,0.99826845
circles,cnn,42,427,0.977398,0.02582656,0.98403557
circles,cnn,42,428,0.97612068,0.00562201,1.00277657
circles,cnn,42,429,0.97084268,0.03107834,0.99015953
circles,cnn,42,430,0.96907784,0.02426562,0.97729426
circles,cnn,42,431,0.98662849,0.15688644,1.02763645
circles,cnn,42,432,0.97265288,0.04054485,0.99762893
circles,cnn,42,433,0.96361774,0.08053851,0.99260671
circles,cnn,42,434,0.96564202,0.02118543,0.9968879
circles,cnn,42,435,0.97376648,0.04513592,1.00099957
circles,cnn,42,436,0.96736458,0.05703476,1.02847344
circles,cnn,42,437,0.96603951,0.03768716,0.99286716
circles,cnn,42,438,0.96278208,0.0230515,1.01373586
circles,cnn,42,439,0.97003743,0.02299401,0.98904256
circles,cnn,42,440,0.97675655,0.01342641,1.00224978
circles,cnn,42,441,0.97763853,0.00777162,0.98031958
circles,cnn,42,442,0.97292508,0.05443313,0.9899912
circles,cnn,42,443,0.96524836,0.00694671,0.98725003
circles,cnn,42,444,0.98380802,0.01840242,0.99905107
circles,cnn,42,445,0.97879535,0.07957197,1.00340609
circles,cnn,42,446,0.97190698,0.06138312,1.00871467
circles,cnn,42,447,0.98117067,0.0397412,0.97254946
circles,cnn,42,448,0.97333271,0.03615989,1.02211365
circles,cnn,42,449,0.98193052,0.04339186,0.98365289
circles,cnn,42,450,0.97923321,0.00303414,1.03198548
circles,cnn,42,451,0.97487016,0.00458589,1.00173468
circles,cnn,42,452,0.97218117,0.01472041,0.98484492
circles,cnn,42,453,0.97901827,0.02709755,0.99221321
circles,cnn,42,454,0.97929043,0.02082893,1.0185417
circles,cnn,42,455,0.97711022,0.03509722,0.98094613
circles,cnn,42,456,0.96455135,0.07329814,1.01425373
circles,cnn,42,457,0.97520811,0.02490692,1.04211092
circles,cnn,42,458,0.97333788,0.020123,1.01669694
circles,cnn,42,459,0.97120637,0.02514168,1.00418889
circles,cnn,42,460,0.97638045,0.00884372,1.01543372
circles,cnn,42,461,0.98192867,0.00178993,1.02913458
circles,cnn,42,462,0.97951986,0.00865333,0.99944381
circles,cnn,42,463,0.96718179,0.06683367,1.01859697
circles,cnn,42,464,0.96807336,0.04734569,0.99577106
circles,cnn,42,465,0.99162435,0.01792608,0.99663795
circles,cnn,42,466,0.97370571,0.03114624,0.99455661
circles,cnn,42,467,0.97283675,0.08775209,0.97775236
circles,cnn,42,468,0.97294481,0.01102628,0.9840677
circles,cnn,42,469,0.96700391,0.05196396,0.98804023
circles,cnn,42,470,0.98124474,0.02622745,0.99085127
circles,cnn,42,471,0.9777252,0.0065514,0.99981237
circles,cnn,42,472,0.97547374,0.0060968,1.02010225
circles,cnn,42,473,0.97732053,0.02783311,1.03511218
circles,cnn,42,474,0.97656557,0.00099539,1.00294606
circles,cnn,42,475,0.96866216,0.06936615,1.0228336
circles,cnn,42,476,0.96519528,0.00575563,0.99343483
circles,cnn,42,477,0.97361856,0.09762665,0.98631482
circles,cnn,42,478,0.97736731,0.04598312,1.00343889
circles,cnn,42,479,0.96743585,0.00975959,0.98539195
circles,cnn,42,480,0.98017791,0.04744965,0.99902734
circles,cnn,42,481,0.98056396,0.02835148,1.00089253
circles,cnn,42,482,0.98636148,0.07868117,1.00149084
circles,cnn,42,483,0.96467964,0.02936075,0.9933701
circles,cnn,42,484,0.96584138,0.03917446,0.99710058
circles,cnn,42,485,0.97742961,0.04583007,1.0173088
circles,cnn,42,486,0.96370663,0.10301918,0.97311282
circles,cnn,42,487,0.97263178,0.05413472,0.99069922
circles,cnn,42,488,0.97241011,0.04538535,1.01592526
circles,cnn,42,489,0.9710808,0.03288841,1.00067373
circles,cnn,42,490,0.97807031,0.0618351,0.99489416
circles,cnn,42,491,0.9706451,0.01280299,1.0001296
circles,cnn,42,492,0.97282132,0.04588789,0.99647973
circles,cnn,42,493,0.96753148,0.05388042,1.01046669
circles,cnn,42,494,0.98381177,0.05699718,0.98550319
circles,cnn,42,495,0.97648428,0.07376502,0.99000055
circles,cnn,42,496,0.96994162,0.00527177,0.97218905
circles,cnn,42,497,0.97946302,0.00558916,1.00946056
circles,cnn,42,498,0.97373583,0.00590289,0.97612386
circles,cnn,42,499,0.97562784,0.09768992,0.98748666
circles,cnn,42,500,0.96534247,0.00253011,1.0199246
circles,cnn,42,501,0.97299883,0.08164101,1.00099706
circles,cnn,42,502,0.97020883,0.02674317,1.01487514
circles,cnn,42,503,0.98053911,0.08816885,0.9761269
circles,cnn,42,504,0.98539557,0.02567032,0.99017037
circles,cnn,42,505,0.97705177,0.09216413,1.01838195
circles,cnn,42,506,0.97673767,0.01122427,1.01376265
circles,cnn,42,507,0.97752156,0.032676,1.01407273
circles,cnn,42,508,0.97418152,0.0094342,1.00676133
circles,cnn,42,509,0.98285909,0.07671461,0.96977725
circles,cnn,42,510,0.98475291,0.05749212,1.00987603
circles,cnn,42,511,0.97508086,0.04992227,0.98797581
circles,cnn,42,512,0.97894601,0.0147387,1.01007601
circles,cnn,42,513,0.97083926,0.0214957,0.96397321
circles,cnn,42,514,0.96839776,0.00736993,1.00247115
circles,cnn,42,515,0.97446648,0.00992049,0.99950969
circles,cnn,42,516,0.96995776,0.10984212,1.00144334
circles,cnn,42,517,0.96890944,0.0269566,1.01968247
circles,cnn,42,518,0.97800082,0.00405345,1.00881462
circles,cnn,42,519,0.96860355,0.01756197,0.99953818
circles,cnn,42,520,0.97224176,0.0115533,0.97143587
circles,cnn,42,521,0.97284821,0.11129241,1.00789306
circles,cnn,42,522,0.96819554,0.07468204,1.00042426
circles,cnn,42,523,0.96880627,0.06117472,1.00649008
circles,cnn,42,524,0.97300007,0.04160113,1.00349955
circles,cnn,42,525,0.97472432,0.00775829,0.9915277
circles,cnn,42,526,0.97807074,0.01942358,1.00404713
circles,cnn,42,527,0.96732592,0.01617909,1.01628821
circles,cnn,42,528,0.98684851,0.06142052,0.99066404
circles,cnn,42,529,0.97034404,0.03723889,0.99292006
circles,cnn,42,530,0.97290451,0.00098794,0.99812916
circles,cnn,42,531,0.96871208,0.00691321,0.99696084
circles,cnn,42,532,0.97103931,0.00395058,0.98231572
circles,cnn,42,533,0.97383221,0.04771758,0.98790506
circles,cnn,42,534,0.97834386,0.00231799,1.01511281
circles,cnn,42,535,0.97492262,0.05800419,1.00748525
circles,cnn,42,536,0.96355017,0.03434877,0.98361661
circles,cnn,42,537,0.9768323,0.03190508,1.00315926
circles,cnn,42,538,0.97221394,0.02059786,0.99216081
circles,cnn,42,539,0.96984747,0.0098363,1.00520206
circles,cnn,42,540,0.96454319,0.05423373,0.98773665
circles,cnn,42,541,0.9687581,0.01009917,0.98004239
circles,cnn,42,542,0.97257944,0.13567383,1.00968473
circles,cnn,42,543,0.96981302,0.02671338,1.01393777
circles,cnn,42,544,0.97142407,0.01159174,0.98946124
circles,cnn,42,545,0.97727488,0.02557829,0.97526388
circles,cnn,42,546,0.96776206,0.04733134,1.00027364
circles,cnn,42,547,0.98599205,0.0231818,1.0236275
circles,cnn,42,548,0.97619176,0.0648557,1.01736988
circles,cnn,42,549,0.97123396,0.01789828,1.01236844
circles,cnn,42,550,0.96549533,0.05468345,1.00323233
circles,cnn,42,551,0.97611842,0.00339495,0.99455314
circles,cnn,42,552,0.96918858,0.08987721,1.01279484
circles,cnn,42,553,0.96136722,0.03402124,0.9816891
circles,cnn,42,554,0.98676131,0.06111361,1.00002365
circles,cnn,42,555,0.96248579,0.04557825,1.01340344
circles,cnn,42,556,0.97610582,0.00997514,0.98865324
circles,cnn,42,557,0.9729508,0.02254144,1.02116812
circles,cnn,42,558,0.97658314,0.0690506,1.00867177
circles,cnn,42,559,0.96687184,0.05093761,1.00404561
circles,cnn,42,560,0.97177838,0.04355761,0.99203518
circles,cnn,42,561,0.96572466,0.04366852,1.00854879
circles,cnn,42,562,0.96986574,0.01761691,0.99619106
circles,cnn,42,563,0.97253872,0.04540405,1.00886083
circles,cnn,42,564,0.97232879,0.02883895,0.97755063
circles,cnn,42,565,0.96988188,0.02511321,1.00174165
circles,cnn,42,566,0.97540725,0.03697063,0.98278095
circles,cnn,42,567,0.96829028,0.02607293,1.00478207
circles,cnn,42,568,0.97252059,0.01551823,1.0005813
circles,cnn,42,569,0.9822475,0.01812265,0.99298883
circles,cnn,42,570,0.97638571,0.07296802,1.00174679
circles,cnn,42,571,0.9676421,0.04313635,1.00789346
circles,cnn,42,572,0.9844487,0.03326855,0.98818202
circles,cnn,42,573,0.97885229,0.01516892,1.00670682
circles,cnn,42,574,0.9768411,0.03940463,0.99658798
circles,cnn,42,575,0.98093648,0.0207822,1.00343764
circles,cnn,42,576,0.96513107,0.03119427,1.00615082
circles,cnn,42,577,0.98432508,0.01849658,0.99687847
circles,cnn,42,578,0.96669612,0.10352363,1.01146445
circles,cnn,42,579,0.9737619,0.00271715,0.99549084
circles,cnn,42,580,0.96991755,0.0102996,0.98377198
circles,cnn,42,581,0.97619113,0.03945597,1.02010562
circles,cnn,42,582,0.9810644,0.00816844,1.01084003
circles,cnn,42,583,0.97964622,0.01443681,1.01256802
circles,cnn,42,584,0.9608216,0.10191498,0.99212623
circles,cnn,42,585,0.98016427,0.0020055,1.00620952
circles,cnn,42,586,0.97195041,0.10485909,1.02224246
circles,cnn,42,587,0.97520951,0.0565499,0.97742811
circles,cnn,42,588,0.97630802,0.03865754,1.01920527
circles,cnn,42,589,0.97176336,0.05727902,1.03304995
circles,cnn,42,590,0.96431471,0.03231395,0.9890614
circles,cnn,42,591,0.96852335,0.13072729,1.0058315
circles,cnn,42,592,0.97302006,0.07079826,1.01078028
circles,cnn,42,593,0.98127317,0.05396302,1.01973718
circles,cnn,42,594,0.97048866,0.05020365,1.00086285
circles,cnn,42,595,0.96957059,0.00119347,1.03589064
circles,cnn,42,596,0.96824048,0.0854629,1.01824439
circles,cnn,42,597,0.98247234,0.02560658,1.0220287
circles,cnn,42,598,0.97182365,0.04566697,0.98560699
circles,cnn,42,599,0.96394409,0.06834436,1.00923283
circles,cnn,42,600,0.972108,0.05743782,1.00961423
circles,cnn,42,601,0.97783783,0.01337098,0.98660314
circles,cnn,42,602,0.96951362,0.03451051,0.97515327
circles,cnn,42,603,0.96674143,0.0165843,1.03097045
circles,cnn,42,604,0.96843571,0.04962923,0.97614724
circles,cnn,42,605,0.96507812,0.00707997,0.98892812
circles,cnn,42,606,0.96915289,0.0533993,1.0101025
circles,cnn,42,607,0.97157283,0.0038475,0.98063979
circles,cnn,42,608,0.97984935,0.03713827,1.00869012
circles,cnn,42,609,0.976979,0.01400287,1.02502401
circles,cnn,42,610,0.98535507,0.02666259,1.00925547
circles,cnn,42,611,0.97191058,0.00906144,0.98592397
circles,cnn,42,612,0.97140906,0.01691944,1.02249507
circles,cnn,42,613,0.97266084,0.07135898,0.993785
circles,cnn,42,614,0.96917124,0.00140441,1.00668503
circles,cnn,42,615,0.97669438,0.03463698,0.99237368
circles,cnn,42,616,0.97679799,0.04839001,1.00671271
circles,cnn,42,617,0.96606635,0.05049519,1.02746371
circles,cnn,42,618,0.98161406,0.02919021,1.00233306
circles,cnn,42,619,0.97745966,0.01969742,1.0072747
circles,cnn,42,620,0.96890994,0.02800777,0.97819
circles,cnn,42,621,0.96668534,0.06060295,1.01175472
circles,cnn,42,622,0.97645437,0.02622442,1.01020172
circles,cnn,42,623,0.97844644,0.00883208,1.0138831
circles,cnn,42,624,0.97802627,0.006195,0.99731125
circles,cnn,42,625,0.98421948,0.05080255,1.00621802
circles,cnn,42,626,0.96805875,0.05516857,0.97819036
circles,cnn,42,627,0.96605115,0.08231439,0.98705063
circles,cnn,42,628,0.96663016,0.06129827,0.99452574
circles,cnn,42,629,0.97189767,0.00314658,0.99450139
circles,cnn,42,630,0.95917678,0.05913844,1.00766916
circles,cnn,42,631,0.97842295,0.02091875,1.00949409
circles,cnn,42,632,0.98137743,0.03369267,0.99860253
circles,cnn,42,633,0.96395438,0.00853923,0.96877003
circles,cnn,42,634,0.97049287,0.01619655,0.99887089
circles,cnn,42,635,0.97810582,0.00864684,1.0200986
circles,cnn,42,636,0.97361435,0.0583154,1.00829316
circles,cnn,42,637,0.97535271,0.04336612,1.00423671
circles,cnn,42,638,0.97286564,0.03041708,1.00252967
circles,cnn,42,639,0.98156452,0.01524296,0.99770547
circles,cnn,42,640,0.96886189,0.12779449,0.99901429
circles,cnn,42,641,0.97673922,0.05775856,0.98243002
circles,cnn,42,642,0.97979494,0.0035369,0.97951808
circles,cnn,42,643,0.97600494,0.02600829,0.99709777
circles,cnn,42,644,0.96048227,0.0124285,1.01021021
circles,cnn,42,645,0.96509749,0.05628329,1.00579497
circles,cnn,42,646,0.96191706,0.0217272,0.9925821
circles,cnn,42,647,0.97126469,0.0182305,1.00127566
circles,cnn,42,648,0.96563988,0.00057892,1.0169925
circles,cnn,42,649,0.98626836,0.04630255,1.00583569
circles,cnn,42,650,0.96767482,0.03429497,1.01431833
circles,cnn,42,651,0.97339578,0.06128377,0.99161074
circles,cnn,42,652,0.97978189,0.03329615,1.00223789
circles,cnn,42,653,0.9720729,0.06189915,0.99000636
circles,cnn,42,654,0.97647193,0.04553521,0.98193028
circles,cnn,42,655,0.97087312,0.0082771,0.98454795
circles,cnn,42,656,0.97113793,0.02342732,1.00598192
circles,cnn,42,657,0.97510101,0.00153352,0.99342197
circles,cnn,42,658,0.97407058,0.05228059,0.99032268
circles,cnn,42,659,0.97083863,0.02876569,1.02674649
circles,cnn,42,660,0.97303116,0.04602722,0.97060606
circles,cnn,42,661,0.96663676,0.02728721,0.99399035
circles,cnn,42,662,0.98132755,0.07570356,1.00870427
circles,cnn,42,663,0.97629568,0.04168042,1.00842035
circles,cnn,42,664,0.97261669,0.08650658,0.97338564
circles,cnn,42,665,0.96516618,0.01887553,1.01217172
circles,cnn,42,666,0.96890312,0.10198357,1.02379533
circles,cnn,42,667,0.97646699,0.04596345,0.99159563
circles,cnn,42,668,0.97047039,0.0213192,1.00185513
circles,cnn,42,669,0.97026608,0.05216359,0.99863617
circles,cnn,42,670,0.97979393,0.03725856,0.99461039
circles,cnn,42,671,0.96217101,0.06529828,0.97388138
circles,cnn,42,672,0.97346273,0.01746772,0.98883264
circles,cnn,42,673,0.97678812,0.048472,0.99190554
circles,cnn,42,674,0.9743964,0.02652659,0.99736882
circles,cnn,42,675,0.97369525,0.03294902,0.98853417
circles,cnn,42,676,0.96895522,0.02602333,0.97496615
circles,cnn,42,677,0.9666831,0.02514309,1.0238164
circles,cnn,42,678,0.9653905,0.01222513,1.02176668
circles,cnn,42,679,0.96746157,0.04181768,0.98921866
circles,cnn,42,680,0.97003012,0.00291979,1.00471451
circles,cnn,42,681,0.96614502,0.06211706,0.98116148
circles,cnn,42,682,0.96710765,0.0390215,1.02099063
circles,cnn,42,683,0.9690214,0.03573752,0.98129201
circles,cnn,42,684,0.97797135,0.01506721,1.00432755
circles,cnn,42,685,0.98328883,0.05734427,1.01248042
circles,cnn,42,686,0.97832779,0.05830175,1.01311608
circles,cnn,42,687,0.96557135,0.03241564,1.00598085
circles,cnn,42,688,0.97493975,0.00550592,0.99457402
circles,cnn,42,689,0.9662884,0.05709825,0.98427555
circles,cnn,42,690,0.97353112,0.01325893,1.02860181
circles,cnn,42,691,0.97814189,0.02625613,0.97369203
circles,cnn,42,692,0.97528564,0.04813474,1.00791589
circles,cnn,42,693,0.96969429,0.02629309,0.97152822
circles,cnn,42,694,0.97223647,0.01045141,0.9778173
circles,cnn,42,695,0.97484485,0.05280717,1.01601557
circles,cnn,42,696,0.96920977,0.00193444,0.98576883
circles,cnn,42,697,0.97753665,0.01187293,1.00737228
circles,cnn,42,698,0.98204534,0.00806141,1.01409187
circles,cnn,42,699,0.97753383,0.06621049,0.9961181
circles,cnn,42,700,0.97338852,0.03382397,0.98158638
circles,cnn,42,701,0.97296725,0.01012475,1.0148204
circles,cnn,42,702,0.97476699,0.00222732,1.00301846
circles,cnn,42,703,0.97727936,0.04143446,1.00528728
circles,cnn,42,704,0.97589315,0.00990009,0.99045305
circles,cnn,42,705,0.98048193,0.04681015,0.98785106
circles,cnn,42,706,0.97368605,0.05489109,0.98939477
circles,cnn,42,707,0.97658656,0.03575633,0.98277374
circles,cnn,42,708,0.96829278,0.04732819,0.97973503
circles,cnn,42,709,0.97549766,0.13594172,1.00308701
circles,cnn,42,710,0.9777858,0.06022674,1.00790687
circles,cnn,42,711,0.96094025,0.0267627,0.97187218
circles,cnn,42,712,0.97817751,0.07753056,0.99295285
circles,cnn,42,713,0.96952519,0.03357189,1.01378137
circles,cnn,42,714,0.98294273,0.01890819,0.97838447
circles,cnn,42,715,0.96648397,0.04830448,1.01138106
circles,cnn,42,716,0.97721085,0.0419801,1.00329982
circles,cnn,42,717,0.95750429,0.02853821,1.01854665
circles,cnn,42,718,0.97740342,0.05286575,0.99764021
circles,cnn,42,719,0.97633471,0.08327153,1.00950947
circles,cnn,42,720,0.96966655,0.08539921,1.00341107
circles,cnn,42,721,0.97085907,0.08594606,0.9916258
circles,cnn,42,722,0.96853735,0.05839931,1.00981474
circles,cnn,42,723,0.97379957,0.03731133,1.01203304
circles,cnn,42,724,0.97164458,0.02244634,0.97437195
circles,cnn,42,725,0.96037946,0.04247572,0.97434163
circles,cnn,42,726,0.97109709,0.00277725,1.00696224
circles,cnn,42,727,0.98035057,0.02174251,1.01549705
circles,cnn,42,728,0.982094,0.03996781,0.99232169
circles,cnn,42,729,0.97162044,0.06684589,1.02291894
circles,cnn,42,730,0.97113498,0.09439219,0.99071956
circles,cnn,42,731,0.96260232,0.02261793,1.01642621
circles,cnn,42,732,0.96824361,0.04047327,0.99542019
circles,cnn,42,733,0.97543367,0.05971926,0.99256633
circles,cnn,42,734,0.97671728,0.04208881,0.98760059
circles,cnn,42,735,0.98501462,0.01044994,1.0054196
circles,cnn,42,736,0.96583225,0.00978552,1.01706138
circles,cnn,42,737,0.97017696,0.03474787,0.99149706
circles,cnn,42,738,0.9730178,0.01698592,0.99564348
circles,cnn,42,739,0.97626089,0.02490504,0.9928619
circles,cnn,42,740,0.96908534,0.05266019,0.97452391
circles,cnn,42,741,0.97036071,0.01712471,1.00745933
circles,cnn,42,742,0.97209141,0.06287406,1.00928575
circles,cnn,42,743,0.98360407,0.00656868,1.00470246
circles,cnn,42,744,0.97009039,0.05842461,0.99367344
circles,cnn,42,745,0.95452318,0.04333204,0.99809061
circles,cnn,42,746,0.97296184,0.06144075,0.99249575
circles,cnn,42,747,0.97543848,0.08790803,1.00265668
circles,cnn,42,748,0.9751469,0.01023353,0.96467764
circles,cnn,42,749,0.97178806,0.02182642,0.97489919
circles,cnn,42,750,0.97169622,0.01228825,1.01037861
circles,cnn,42,751,0.96854365,0.11455839,0.96599555
circles,cnn,42,752,0.97019555,0.06011544,0.98545655
circles,cnn,42,753,0.97359961,0.04243562,0.98883816
circles,cnn,42,754,0.97220138,0.00698933,0.99459445
circles,cnn,42,755,0.97548442,0.06359632,1.00146177
circles,cnn,42,756,0.97650433,0.02104385,1.0151945
circles,cnn,42,757,0.97273848,0.00162524,0.96678321
circles,cnn,42,758,0.97074652,0.03603363,0.98520084
circles,cnn,42,759,0.97009099,0.01624669,1.00156188
circles,cnn,42,760,0.95987052,0.05232376,1.00894809
circles,cnn,42,761,0.97521912,0.04494364,0.98303594
circles,cnn,42,762,0.97228025,0.05708519,1.00385751
circles,cnn,42,763,0.97684807,0.09752049,0.99659473
circles,cnn,42,764,0.97359407,0.08741035,1.00756978
circles,cnn,42,765,0.97285431,0.01276977,1.03530759
circles,cnn,42,766,0.97786272,0.03651248,1.01206327
circles,cnn,42,767,0.97066594,0.02412591,0.99397462
circles,cnn,42,768,0.98004786,0.01708815,1.01188131
circles,cnn,42,769,0.98026273,0.047713,0.99162377
circles,cnn,42,770,0.979848,0.01737858,1.00305487
circles,cnn,42,771,0.98356618,0.00464112,1.00617124
circles,cnn,42,772,0.96729707,0.04048198,1.0015069
circles,cnn,42,773,0.97174085,0.02387026,1.00277402
circles,cnn,42,774,0.9674958,0.01976552,0.98923398
circles,cnn,42,775,0.97938943,0.02384013,0.99852941
circles,cnn,42,776,0.96516725,0.06347149,1.00591215
circles,cnn,42,777,0.97420482,0.00548827,0.99323308
circles,cnn,42,778,0.97406339,0.02293766,0.98775287
circles,cnn,42,779,0.97289282,0.01419924,1.01029561
circles,cnn,42,780,0.96649194,0.04422693,1.01163025
circles,cnn,42,781,0.97350941,0.01070217,1.01375182
circles,cnn,42,782,0.9682796,0.00141667,1.01077484
circles,cnn,42,783,0.96692391,0.08889603,0.99087647
circles,cnn,42,784,0.97317701,0.03207723,1.0023324
circles,cnn,42,785,0.97326684,0.02627443,0.97461111
circles,cnn,42,786,0.97266073,0.03320033,0.98582586
circles,cnn,42,787,0.97645324,0.11003358,1.00902109
circles,cnn,42,788,0.98503481,0.00263615,0.99549752
circles,cnn,42,789,0.96935865,0.0438648,0.99840155
circles,cnn,42,790,0.96813232,0.00736682,1.00938441
circles,cnn,42,791,0.98550522,0.04287542,1.01926399
circles,cnn,42,792,0.96932952,0.0284631,0.98309771
circles,cnn,42,793,0.97482547,0.05026031,0.99710405
circles,cnn,42,794,0.98468202,0.01618398,1.00356507
circles,cnn,42,795,0.97505483,0.11961664,0.98352273
circles,cnn,42,796,0.97327854,0.0095193,0.98826232
circles,cnn,42,797,0.97554973,0.01172328,0.99321957
circles,cnn,42,798,0.96918151,0.02218674,1.01477374
circles,cnn,42,799,0.96680458,0.00238134,1.01396298
circles,cnn,42,800,0.96867116,0.02230501,0.98476061
circles,cnn,42,801,0.9742625,0.06495997,0.99946498
circles,cnn,42,802,0.96100208,0.01562002,0.97625334
circles,cnn,42,803,0.9660173,0.00469076,0.99361583
circles,cnn,42,804,0.9748693,0.02996711,1.04181454
circles,cnn,42,805,0.98399348,0.07913779,0.97354699
circles,cnn,42,806,0.97278343,0.01183667,0.99920688
circles,cnn,42,807,0.96516494,0.03053614,0.99583169
circles,cnn,42,808,0.97172003,0.00147044,0.99344924
circles,cnn,42,809,0.98139518,0.05566408,0.97383454
circles,cnn,42,810,0.9798394,0.05337569,1.04638572
circles,cnn,42,811,0.97372607,0.01485355,0.98040182
circles,cnn,42,812,0.97624425,0.00773516,0.98620831
circles,cnn,42,813,0.97195642,0.03347104,0.98601559
circles,cnn,42,814,0.97234672,0.04719673,1.01484604
circles,cnn,42,815,0.98116209,0.045341,1.03166046
circles,cnn,42,816,0.96673659,0.02345302,1.01345065
circles,cnn,42,817,0.96104704,0.02627803,1.00019887
circles,cnn,42,818,0.97364243,0.0456927,0.98122127
circles,cnn,42,819,0.971911,0.01844549,0.99014324
circles,cnn,42,820,0.97371835,0.03167637,1.00664548
circles,cnn,42,821,0.96888216,0.00197137,1.00405072
circles,cnn,42,822,0.97935006,0.03975362,1.00210135
circles,cnn,42,823,0.97741625,0.02412497,1.00080305
circles,cnn,42,824,0.96091525,0.01334553,0.99197307
circles,cnn,42,825,0.96320939,0.02555528,0.9988098
circles,cnn,42,826,0.97981422,0.04355472,0.9731068
circles,cnn,42,827,0.97675742,0.06739455,1.0118224
circles,cnn,42,828,0.96742715,0.04550444,1.02018174
circles,cnn,42,829,0.96631482,0.01252245,0.97836564
circles,cnn,42,830,0.97598259,0.04092468,1.00279088
circles,cnn,42,831,0.97727694,0.00431756,0.98902319
circles,cnn,42,832,0.97481584,0.04183222,0.96503715
circles,cnn,42,833,0.97412935,0.00108231,1.00835984
circles,cnn,42,834,0.97153473,0.06442044,1.00355513
circles,cnn,42,835,0.98201946,0.04154327,1.02630392
circles,cnn,42,836,0.97724021,0.0052445,0.96757736
circles,cnn,42,837,0.98091575,0.03824857,1.00180508
circles,cnn,42,838,0.95349366,0.04627604,1.00449526
circles,cnn,42,839,0.98471649,0.04322105,0.99081814
circles,cnn,42,840,0.9781365,0.06673481,1.00674877
circles,cnn,42,841,0.97436351,0.02490259,1.00145746
circles,cnn,42,842,0.96824662,0.02281355,1.00017952
circles,cnn,42,843,0.97191155,0.01674673,1.01282597
circles,cnn,42,844,0.97777053,0.03432075,1.02171794
circles,cnn,42,845,0.97694215,0.01362155,0.9925952
circles,cnn,42,846,0.97262207,0.10089993,0.98761923
circles,cnn,42,847,0.9712695,0.01742372,0.99523018
circles,cnn,42,848,0.97007783,0.06631104,1.02682323
circles,cnn,42,849,0.97411068,0.06495348,0.99441482
circles,cnn,42,850,0.96256885,0.07738136,0.9814232
circles,cnn,42,851,0.97193862,0.01291281,0.99395496
circles,cnn,42,852,0.97249904,0.00128188,0.98869925
circles,cnn,42,853,0.97578273,0.06603044,0.99802068
circles,cnn,42,854,0.97896539,0.01469466,0.99766261
circles,cnn,42,855,0.96420455,0.0820286,0.97415016
circles,cnn,42,856,0.98229351,0.0131956,1.00359909
circles,cnn,42,857,0.97902127,0.14749468,1.03083404
circles,cnn,42,858,0.98503985,0.03841895,0.99892707
circles,cnn,42,859,0.97890401,0.00254514,0.97237897
circles,cnn,42,860,0.97340632,0.02291801,0.97625624
circles,cnn,42,861,0.97742608,0.08554658,0.98801111
circles,cnn,42,862,0.9771747,0.01752294,0.99653041
circles,cnn,42,863,0.97843128,0.01589375,0.98775874
circles,cnn,42,864,0.97522791,0.07549992,1.01670586
circles,cnn,42,865,0.96630935,0.0067767,0.99427474
circles,cnn,42,866,0.96493504,0.02598916,0.97608362
circles,cnn,42,867,0.97660154,0.01169358,0.99193852
circles,cnn,42,868,0.97385268,0.01482583,1.01982509
circles,cnn,42,869,0.96825948,0.06970744,0.98845441
circles,cnn,42,870,0.97570736,0.05296936,1.03529886
circles,cnn,42,871,0.96597922,0.0214442,0.99933944
circles,cnn,42,872,0.96805948,0.03137827,1.00789553
circles,cnn,42,873,0.97594916,0.014168,1.01172912
circles,cnn,42,874,0.97769702,0.07838403,0.97889896
circles,cnn,42,875,0.96103817,0.04944682,1.00365883
circles,cnn,42,876,0.975799,0.02649566,0.992759
circles,cnn,42,877,0.97485911,0.00139446,0.98880023
circles,cnn,42,878,0.97503215,0.02218407,0.9897112
circles,cnn,42,879,0.95745652,0.06069541,0.98890417
circles,cnn,42,880,0.96827926,0.07240838,0.99732202
circles,cnn,42,881,0.9781294,0.03071317,0.98618554
circles,cnn,42,882,0.98202005,0.0031976,1.01356005
circles,cnn,42,883,0.97532668,0.01352813,1.0361933
circles,cnn,42,884,0.97192018,0.04362009,1.03043934
circles,cnn,42,885,0.9667511,0.04562108,0.9892971
circles,cnn,42,886,0.97926206,0.0337574,0.99246188
circles,cnn,42,887,0.97644558,0.04062752,0.99282366
circles,cnn,42,888,0.97241739,0.06158228,0.98485846
circles,cnn,42,889,0.97081504,0.0488952,1.00624768
circles,cnn,42,890,0.96981049,0.04536296,0.9981818
circles,cnn,42,891,0.9746686,0.06097399,0.96778678
circles,cnn,42,892,0.9644221,0.07601341,0.99961341
circles,cnn,42,893,0.97810042,0.01809203,0.98850709
circles,cnn,42,894,0.97765714,0.00527532,0.99159468
circles,cnn,42,895,0.979994,0.06774518,0.9952659
circles,cnn,42,896,0.97774504,0.04433607,1.00283408
circles,cnn,42,897,0.97268713,0.07427801,0.99925096
circles,cnn,42,898,0.96994285,0.013692,0.98092479
circles,cnn,42,899,0.96492442,0.05347152,0.97482062
circles,cnn,42,900,0.96974047,0.03954138,0.99160097
circles,cnn,42,901,0.980003,0.03177528,1.03538999
circles,cnn,42,902,0.97105825,0.03116978,0.9965306
circles,cnn,42,903,0.96519393,0.01270331,0.97726952
circles,cnn,42,904,0.97076515,0.01060445,0.99445788
circles,cnn,42,905,0.97211495,0.02927601,0.99476485
circles,cnn,42,906,0.96997505,0.02196807,1.02031965
circles,cnn,42,907,0.9670827,0.03004745,0.9795787
circles,cnn,42,908,0.96043798,0.08792832,1.01105647
circles,cnn,42,909,0.98374456,0.11663212,0.99900568
circles,cnn,42,910,0.97108682,0.06849041,1.03795791
circles,cnn,42,911,0.97636159,0.01478909,1.0017696
circles,cnn,42,912,0.97726026,0.03675267,1.00966486
circles,cnn,42,913,0.9736518,0.04193285,0.98672451
circles,cnn,42,914,0.97400496,0.02060664,0.98238289
circles,cnn,42,915,0.9671425,0.05027439,0.99471585
circles,cnn,42,916,0.98137165,0.04972507,0.99584767
circles,cnn,42,917,0.97593875,0.04953118,1.00428381
circles,cnn,42,918,0.96996378,0.02610984,0.98720042
circles,cnn,42,919,0.98229612,0.10431479,0.98180278
circles,cnn,42,920,0.97374844,0.00540651,1.01084031
circles,cnn,42,921,0.97352621,0.03514178,0.98664309
circles,cnn,42,922,0.96704853,0.00392912,1.01341196
circles,cnn,42,923,0.96313981,0.08260274,1.01433774
circles,cnn,42,924,0.97251524,0.02925356,1.01240176
circles,cnn,42,925,0.97229484,0.08450407,0.97810763
circles,cnn,42,926,0.98328311,0.045664,1.03600002
circles,cnn,42,927,0.9735602,0.04437089,0.99103345
circles,cnn,42,928,0.97523403,0.03506384,0.99960074
circles,cnn,42,929,0.96656276,0.06070476,1.02927927
circles,cnn,42,930,0.97719899,0.03079543,0.97582311
circles,cnn,42,931,0.97516854,0.03182084,0.99985552
circles,cnn,42,932,0.96491302,0.01369073,1.02460729
circles,cnn,42,933,0.97440316,0.08915802,0.99461119
circles,cnn,42,934,0.96524088,0.02799264,0.9942167
circles,cnn,42,935,0.96454135,0.09201925,0.98077516
circles,cnn,42,936,0.97027468,0.03081873,0.99176928
circles,cnn,42,937,0.97830811,0.00613542,0.98487249
circles,cnn,42,938,0.97815582,0.01358252,0.9803918
circles,cnn,42,939,0.97170173,0.0450848,0.97115585
circles,cnn,42,940,0.97962104,0.02994445,0.99992788
circles,cnn,42,941,0.96441901,0.02140189,0.96274515
circles,cnn,42,942,0.98150543,0.01377933,1.00123077
circles,cnn,42,943,0.9692023,0.04981914,0.99317812
circles,cnn,42,944,0.98632365,0.00867852,0.98608089
circles,cnn,42,945,0.97273545,0.10137705,0.98819602
circles,cnn,42,946,0.98234332,0.07931349,1.00340418
circles,cnn,42,947,0.96574371,0.00712495,0.99968858
circles,cnn,42,948,0.97742602,0.04839643,0.99808139
circles,cnn,42,949,0.97632197,0.02829108,1.00325031
circles,cnn,42,950,0.97371851,0.07723864,1.00399232
circles,cnn,42,951,0.9813006,0.08472299,1.02295124
circles,cnn,42,952,0.98111654,0.03943685,0.99877897
circles,cnn,42,953,0.97424744,0.00263506,1.00320679
circles,cnn,42,954,0.98151896,0.05099273,1.00088184
circles,cnn,42,955,0.97285055,0.00135231,0.9942567
circles,cnn,42,956,0.97213145,0.00120814,1.01739682
circles,cnn,42,957,0.977486,0.03939631,1.00424159
circles,cnn,42,958,0.98004446,0.01705522,0.99821957
circles,cnn,42,959,0.97352384,0.09394852,1.03883025
circles,cnn,42,960,0.97935944,0.06618963,1.00313435
circles,cnn,42,961,0.96800553,0.02501947,0.99729498
circles,cnn,42,962,0.97388376,0.03417536,0.98746166
circles,cnn,42,963,0.98609349,0.00498703,1.02369396
circles,cnn,42,964,0.97720787,0.05518073,0.98497787
circles,cnn,42,965,0.96489815,0.04939004,0.99944409
circles,cnn,42,966,0.96836378,0.02122729,1.00450155
circles,cnn,42,967,0.97447203,0.09643912,1.00518085
circles,cnn,42,968,0.98215178,0.0139817,1.01160793
circles,cnn,42,969,0.97532842,0.02832772,0.96820144
circles,cnn,42,970,0.96580982,0.04702607,0.9727802
circles,cnn,42,971,0.97612647,0.00498014,0.98664201
circles,cnn,42,972,0.98237692,0.0093584,0.98695366
circles,cnn,42,973,0.9668976,0.0600439,0.98433095
circles,cnn,42,974,0.97178246,0.03937373,0.98656457
circles,cnn,42,975,0.99007388,0.03852615,0.97141518
circles,cnn,42,976,0.97171488,0.0365855,1.01836552
circles,cnn,42,977,0.96273805,0.04969197,1.00385747
circles,cnn,42,978,0.97494691,0.05244569,1.00018673
circles,cnn,42,979,0.97368707,0.08106923,1.01515037
circles,cnn,42,980,0.97537654,0.0540085,1.00585174
circles,cnn,42,981,0.9772146,0.01406472,1.00463424
circles,cnn,42,982,0.97453088,0.01339674,1.00466006
circles,cnn,42,983,0.97607109,0.03476407,1.0119882
circles,cnn,42,984,0.96799707,0.04023595,0.99521002
circles,cnn,42,985,0.96515373,0.03220923,0.98502351
circles,cnn,42,986,0.97510744,0.02284062,0.97071513
circles,cnn,42,987,0.97915947,0.0356783,0.97722975
circles,cnn,42,988,0.96441316,0.06254305,0.98449517
circles,cnn,42,989,0.97292986,0.1147808,1.00670825
circles,cnn,42,990,0.97621832,0.0686856,0.97243913
circles,cnn,42,991,0.97674174,0.03834568,0.99670731
circles,cnn,42,992,0.97964043,0.05221461,0.98849269
circles,cnn,42,993,0.96634209,0.03923505,0.99088533
circles,cnn,42,994,0.96038946,0.00195706,0.98843476
circles,cnn,42,995,0.97888376,0.00920647,0.98793085
circles,cnn,42,996,0.97463928,0.03796737,1.00394662
circles,cnn,42,997,0.97121265,0.0725313,1.00153445
circles,cnn,42,998,0.97667076,0.08660384,1.01228057
circles,cnn,42,999,0.97569401,0.08680789,1.00992371
circles,cnn,123,0,0.9871531,0.06494552,0.99715934
circles,cnn,123,1,0.96892484,0.05712019,1.00175294
circles,cnn,123,2,0.97932532,0.00801296,0.99570038
circles,cnn,123,3,0.96700331,0.0195178,0.99575864
circles,cnn,123,4,0.97480039,0.08238782,1.00689561
circles,cnn,123,5,0.96538083,0.05054843,1.01907862
circles,cnn,123,6,0.97003104,0.03580335,1.01744748
circles,cnn,123,7,0.97427442,0.03343489,1.00352749
circles,cnn,123,8,0.98090018,0.01652373,1.00587409
circles,cnn,123,9,0.97309854,0.04018022,0.99001515
circles,cnn,123,10,0.96451655,0.0659528,0.98323422
circles,cnn,123,11,0.97052657,0.03903368,1.0160778
circles,cnn,123,12,0.97800404,0.07269731,0.98957096
circles,cnn,123,13,0.97398164,0.02846764,0.99549543
circles,cnn,123,14,0.97611396,0.05073203,0.97047314
circles,cnn,123,15,0.97336597,0.09067473,1.02230773
circles,cnn,123,16,0.96470215,0.01116879,1.01183008
circles,cnn,123,17,0.96921918,0.0057946,1.01678225
circles,cnn,123,18,0.97677302,0.02378614,0.99710345
circles,cnn,123,19,0.97792302,0.02214747,1.01917438
circles,cnn,123,20,0.98080636,0.06195662,1.02974062
circles,cnn,123,21,0.97532841,0.0248106,0.99394488
circles,cnn,123,22,0.98838705,0.06379488,1.02829878
circles,cnn,123,23,0.981247,0.06931055,0.98232214
circles,cnn,123,24,0.95306952,0.00109508,0.99899134
circles,cnn,123,25,0.96765644,0.06831096,1.01757209
circles,cnn,123,26,0.97900576,0.09864585,1.01182394
circles,cnn,123,27,0.97582813,0.02736106,1.02223053
circles,cnn,123,28,0.97983793,0.01145174,0.99960297
circles,cnn,123,29,0.98014364,0.02719902,0.98239235
circles,cnn,123,30,0.97501895,0.0974793,1.00963303
circles,cnn,123,31,0.97645158,0.01665466,0.99943039
circles,cnn,123,32,0.96816159,0.0360864,0.98569361
circles,cnn,123,33,0.97255979,0.06526645,1.00599327
circles,cnn,123,34,0.99148852,0.11238622,1.00967818
circles,cnn,123,35,0.97886776,0.02555944,1.03470097
circles,cnn,123,36,0.98297852,0.00930378,1.02397122
circles,cnn,123,37,0.97511245,0.07507785,1.03637295
circles,cnn,123,38,0.98316034,0.04842126,1.0138928
circles,cnn,123,39,0.96683219,0.04443609,0.97334399
circles,cnn,123,40,0.97225131,0.00381978,1.03052245
circles,cnn,123,41,0.9643539,0.13014913,1.00101501
circles,cnn,123,42,0.98389291,0.12695673,1.00152194
circles,cnn,123,43,0.97592256,0.04377724,1.00389595
circles,cnn,123,44,0.96758063,0.0868828,1.01289147
circles,cnn,123,45,0.98224794,0.03338041,0.9911445
circles,cnn,123,46,0.97407178,0.03191145,0.98855674
circles,cnn,123,47,0.97572474,0.02290312,1.02909385
circles,cnn,123,48,0.96964027,0.05043421,1.00511931
circles,cnn,123,49,0.97560637,0.02921439,0.99494429
circles,cnn,123,50,0.97157212,0.01226316,0.99861939
circles,cnn,123,51,0.97465456,0.00570768,1.02727376
circles,cnn,123,52,0.97289868,0.03650905,0.9793205
circles,cnn,123,53,0.96591824,0.01385314,0.99681567
circles,cnn,123,54,0.97195557,0.05707837,1.014679
circles,cnn,123,55,0.96732121,0.08254356,0.97953981
circles,cnn,123,56,0.97802998,0.04369923,0.98212683
circles,cnn,123,57,0.97742626,0.04434913,0.99473749
circles,cnn,123,58,0.97287718,0.03804644,0.98969501
circles,cnn,123,59,0.96698907,0.02043454,1.00963524
circles,cnn,123,60,0.96747483,0.03691673,1.03836005
circles,cnn,123,61,0.9763218,0.01340477,1.02276504
circles,cnn,123,62,0.96940458,0.00092481,0.98547638
circles,cnn,123,63,0.97801243,0.02867703,0.98029516
circles,cnn,123,64,0.97161905,0.0129437,0.99201455
circles,cnn,123,65,0.97761614,0.09883152,0.99445313
circles,cnn,123,66,0.97191734,0.06405367,0.99353274
circles,cnn,123,67,0.9711934,0.0718743,0.99325418
circles,cnn,123,68,0.96683772,0.02247672,0.99149887
circles,cnn,123,69,0.96908434,0.01186043,0.99157923
circles,cnn,123,70,0.97684228,0.00395363,0.97677968
circles,cnn,123,71,0.9712402,0.06397622,0.99741567
circles,cnn,123,72,0.97397735,0.00170529,1.02059476
circles,cnn,123,73,0.96926093,0.01119675,0.98132414
circles,cnn,123,74,0.96700471,0.01222319,0.99950103
circles,cnn,123,75,0.97547359,0.01514557,0.97998236
circles,cnn,123,76,0.96852953,0.00512459,1.01451479
circles,cnn,123,77,0.96541411,0.0733861,1.00019563
circles,cnn,123,78,0.9747487,0.09833882,0.9957862
circles,cnn,123,79,0.97753988,0.07506636,0.99214817
circles,cnn,123,80,0.97209226,0.0632747,1.01428279
circles,cnn,123,81,0.97708725,0.0171009,0.99747157
circles,cnn,123,82,0.97038312,0.03971078,1.02546763
circles,cnn,123,83,0.97198206,0.05213895,1.00770917
circles,cnn,123,84,0.97392132,3.917e-05,0.9905444
circles,cnn,123,85,0.97477164,0.02635348,1.00571939
circles,cnn,123,86,0.97395595,0.05677171,0.99509822
circles,cnn,123,87,0.96928049,0.05309642,1.00347247
circles,cnn,123,88,0.97226704,0.0829052,0.99192158
circles,cnn,123,89,0.97203266,0.07629003,1.00081355
circles,cnn,123,90,0.97804055,0.03451657,0.96437718
circles,cnn,123,91,0.96945682,0.06546987,0.98795004
circles,cnn,123,92,0.97712452,0.02329041,0.99380584
circles,cnn,123,93,0.968261,0.04636759,0.98675455
circles,cnn,123,94,0.98771502,0.09042337,1.02419956
circles,cnn,123,95,0.98205333,0.04137808,1.00616644
circles,cnn,123,96,0.96331697,0.05841069,0.99256657
circles,cnn,123,97,0.9675975,0.09914016,1.0083617
circles,cnn,123,98,0.97424835,0.10007109,1.00990335
circles,cnn,123,99,0.96384269,0.03774718,0.99672757
circles,cnn,123,100,0.9699181,0.05681343,1.00712652
circles,cnn,123,101,0.97458562,0.0280328,1.03089077
circles,cnn,123,102,0.97446523,0.07247924,0.99130585
circles,cnn,123,103,0.97758609,0.05438867,1.00002666
circles,cnn,123,104,0.96732175,0.0574437,1.01762549
circles,cnn,123,105,0.97216434,0.06987394,1.01735788
circles,cnn,123,106,0.97377724,0.00512752,1.00495461
circles,cnn,123,107,0.97335225,0.05866719,0.98118443
circles,cnn,123,108,0.97505469,0.03381662,0.97938157
circles,cnn,123,109,0.96313259,0.00084963,1.00662009
circles,cnn,123,110,0.97833966,0.04682181,0.97474419
circles,cnn,123,111,0.97265077,0.00609108,0.9986884
circles,cnn,123,112,0.97076754,0.01369888,0.99934407
circles,cnn,123,113,0.98068904,0.03663103,1.01168353
circles,cnn,123,114,0.96958764,0.10696181,0.97982302
circles,cnn,123,115,0.97751093,0.06094807,1.02008092
circles,cnn,123,116,0.9732224,0.14292849,0.99984387
circles,cnn,123,117,0.97669432,0.02608997,1.01147486
circles,cnn,123,118,0.9673449,0.00785306,0.97931748
circles,cnn,123,119,0.96914535,0.09843195,1.00683773
circles,cnn,123,120,0.98071615,0.01602885,0.98688577
circles,cnn,123,121,0.97486371,0.01545383,1.00563243
circles,cnn,123,122,0.96634021,0.00113689,1.03518503
circles,cnn,123,123,0.97819675,0.03485563,1.02123424
circles,cnn,123,124,0.97522751,0.0660489,1.00689259
circles,cnn,123,125,0.96724423,0.00836502,1.01067179
circles,cnn,123,126,0.96945889,0.03791729,0.99144523
circles,cnn,123,127,0.97623678,0.02979239,1.00509926
circles,cnn,123,128,0.97269732,0.05448298,0.97476598
circles,cnn,123,129,0.97695275,0.08666947,1.00583843
circles,cnn,123,130,0.96613282,0.0622418,0.99772361
circles,cnn,123,131,0.97670615,0.04126418,0.99728278
circles,cnn,123,132,0.97752117,0.07806713,0.99401053
circles,cnn,123,133,0.97366324,0.07015241,0.99772626
circles,cnn,123,134,0.96660281,0.03193954,0.98749724
circles,cnn,123,135,0.96992501,0.02256374,1.02584029
circles,cnn,123,136,0.97406042,0.01455662,1.01009919
circles,cnn,123,137,0.97095,0.01574131,1.00768843
circles,cnn,123,138,0.98355374,0.01848398,1.01439965
circles,cnn,123,139,0.95628592,0.0319626,1.00853262
circles,cnn,123,140,0.96854339,0.04136279,1.01093809
circles,cnn,123,141,0.96139742,0.06419021,0.99767995
circles,cnn,123,142,0.96615608,0.06589897,1.00848051
circles,cnn,123,143,0.97087074,0.01161793,0.99657491
circles,cnn,123,144,0.97213329,0.13343304,1.02356277
circles,cnn,123,145,0.97090033,0.0165785,0.99701652
circles,cnn,123,146,0.97787039,0.12126409,0.97229357
circles,cnn,123,147,0.97248651,0.1221972,1.02162919
circles,cnn,123,148,0.98933725,0.03903047,1.00179445
circles,cnn,123,149,0.97270834,0.05516439,0.98685486
circles,cnn,123,150,0.98000195,0.03491644,1.00213848
circles,cnn,123,151,0.96651606,0.0430305,1.01171019
circles,cnn,123,152,0.97082844,0.01694252,1.02423385
circles,cnn,123,153,0.9710031,0.03919494,0.99655135
circles,cnn,123,154,0.97810408,0.00637016,0.98351633
circles,cnn,123,155,0.9789887,0.04376341,0.97861363
circles,cnn,123,156,0.96731029,0.05226143,0.98445292
circles,cnn,123,157,0.9818577,0.04016196,1.01617202
circles,cnn,123,158,0.97213481,0.00767211,0.99559158
circles,cnn,123,159,0.9581136,0.10458132,0.98151267
circles,cnn,123,160,0.97408778,0.02901089,0.99426494
circles,cnn,123,161,0.97681609,0.01856959,0.99977994
circles,cnn,123,162,0.97089614,0.00083369,1.01584322
circles,cnn,123,163,0.97119423,0.00473512,0.99523403
circles,cnn,123,164,0.97412338,0.04674436,1.00606576
circles,cnn,123,165,0.96858262,0.0378422,0.9952559
circles,cnn,123,166,0.96363541,0.04910943,0.99833995
circles,cnn,123,167,0.97533115,0.00951466,1.00094781
circles,cnn,123,168,0.96775518,0.03549742,0.98520362
circles,cnn,123,169,0.98503348,0.09482569,0.96387201
circles,cnn,123,170,0.9841326,0.05053706,0.97891426
circles,cnn,123,171,0.9753503,0.03175741,1.01473805
circles,cnn,123,172,0.97391833,0.04261848,0.98380647
circles,cnn,123,173,0.97210241,0.09502837,0.98699335
circles,cnn,123,174,0.97654815,0.00241703,0.98598547
circles,cnn,123,175,0.9624414,0.0760434,0.99456955
circles,cnn,123,176,0.9723057,0.03575547,1.01012721
circles,cnn,123,177,0.97526602,0.10790138,0.96186657
circles,cnn,123,178,0.96118045,0.01015136,1.00026787
circles,cnn,123,179,0.97915904,0.02639027,0.99240159
circles,cnn,123,180,0.95932158,0.02939488,1.01801574
circles,cnn,123,181,0.98278588,0.12586131,0.99474837
circles,cnn,123,182,0.97354543,0.02450514,1.00581868
circles,cnn,123,183,0.96871321,0.0455586,1.00087187
circles,cnn,123,184,0.9810181,0.06538701,0.99066492
circles,cnn,123,185,0.97613995,0.06522359,0.98972328
circles,cnn,123,186,0.97487318,0.02206152,1.02209751
circles,cnn,123,187,0.97492714,0.00420342,1.02182729
circles,cnn,123,188,0.97371579,0.0786094,1.02088066
circles,cnn,123,189,0.96938009,0.05895937,0.99824715
circles,cnn,123,190,0.96721066,0.03458513,0.98883015
circles,cnn,123,191,0.97432913,0.08193493,0.98989643
circles,cnn,123,192,0.97446334,0.04117117,1.00348878
circles,cnn,123,193,0.96041399,0.01945831,0.98146388
circles,cnn,123,194,0.95837423,0.02044734,0.96384662
circles,cnn,123,195,0.96797604,0.01226487,1.01436793
circles,cnn,123,196,0.97102812,0.06970263,1.01370557
circles,cnn,123,197,0.96737377,0.01217938,0.97401515
circles,cnn,123,198,0.96336933,0.04464927,1.01834913
circles,cnn,123,199,0.97592079,0.12827524,0.98772275
circles,cnn,123,200,0.9798337,0.00566608,1.012513
circles,cnn,123,201,0.97380863,0.00791939,1.00440925
circles,cnn,123,202,0.9683833,0.02244245,0.99898053
circles,cnn,123,203,0.97869909,0.02126353,0.99909617
circles,cnn,123,204,0.97064804,0.01032192,1.00671085
circles,cnn,123,205,0.98490207,0.03374202,0.98813713
circles,cnn,123,206,0.96378982,0.01412107,1.000865
circles,cnn,123,207,0.97568432,0.05042484,1.00974332
circles,cnn,123,208,0.97548251,0.00743915,1.00343055
circles,cnn,123,209,0.97544665,0.09211044,0.99512476
circles,cnn,123,210,0.97458844,0.04100899,1.00637356
circles,cnn,123,211,0.97618284,0.02605964,1.00716844
circles,cnn,123,212,0.97449395,0.00836327,0.97847753
circles,cnn,123,213,0.96889098,0.05039705,1.00738778
circles,cnn,123,214,0.99066885,0.04561933,1.02526251
circles,cnn,123,215,0.96775484,0.02132657,1.02305005
circles,cnn,123,216,0.97720207,0.03998135,1.01243635
circles,cnn,123,217,0.97618689,0.06470622,1.01175791
circles,cnn,123,218,0.97194958,0.00973613,0.98019875
circles,cnn,123,219,0.97043234,0.03775086,1.00909446
circles,cnn,123,220,0.98681615,0.05496124,0.98275156
circles,cnn,123,221,0.97579736,0.038297,1.00735132
circles,cnn,123,222,0.9645484,0.00096532,0.9898488
circles,cnn,123,223,0.97158408,0.01576554,0.99566307
circles,cnn,123,224,0.97473706,0.03623904,1.01990767
circles,cnn,123,225,0.97049856,0.0148514,1.01784542
circles,cnn,123,226,0.97970553,0.00714174,1.01950911
circles,cnn,123,227,0.97107463,0.00216301,0.99289237
circles,cnn,123,228,0.96847685,0.07643902,0.99603781
circles,cnn,123,229,0.95952847,0.04097557,0.9659544
circles,cnn,123,230,0.97543389,0.03642223,0.97876276
circles,cnn,123,231,0.96456526,0.01273509,1.02630115
circles,cnn,123,232,0.97101006,0.08806227,1.00226681
circles,cnn,123,233,0.97936554,0.01894241,0.96868246
circles,cnn,123,234,0.97929624,0.01103431,0.99291239
circles,cnn,123,235,0.97406356,0.11603315,0.99717351
circles,cnn,123,236,0.98227703,0.01278432,1.00144085
circles,cnn,123,237,0.96986637,0.0057885,1.01200519
circles,cnn,123,238,0.98022632,0.08509084,0.99810456
circles,cnn,123,239,0.96768091,0.05749568,1.01741554
circles,cnn,123,240,0.97219003,0.03853473,1.00080248
circles,cnn,123,241,0.9788558,0.01990002,1.03221675
circles,cnn,123,242,0.97271888,0.01734238,0.99835756
circles,cnn,123,243,0.97072881,0.01543403,1.02899684
circles,cnn,123,244,0.97215581,0.00249178,0.99980566
circles,cnn,123,245,0.96388337,0.08100979,1.00378968
circles,cnn,123,246,0.96194959,0.02688023,0.98924632
circles,cnn,123,247,0.97778814,0.02239618,1.00609664
circles,cnn,123,248,0.97239694,0.03580411,1.01116475
circles,cnn,123,249,0.98603507,0.02098744,0.98468156
circles,cnn,123,250,0.96632548,0.06643719,0.99653457
circles,cnn,123,251,0.97651462,0.05904978,0.99764224
circles,cnn,123,252,0.97721738,0.12541685,1.03047216
circles,cnn,123,253,0.97004691,0.01150753,1.02066404
circles,cnn,123,254,0.97582558,0.01828771,1.017861
circles,cnn,123,255,0.97197207,0.03071523,0.99573751
circles,cnn,123,256,0.97672159,0.02996605,0.99244181
circles,cnn,123,257,0.96781011,0.02779089,1.00729844
circles,cnn,123,258,0.98114874,0.04250227,0.9884308
circles,cnn,123,259,0.98160214,0.03414339,0.98980667
circles,cnn,123,260,0.97681647,0.06079836,0.98597597
circles,cnn,123,261,0.97216466,0.00582921,0.99262198
circles,cnn,123,262,0.98272446,0.06282711,0.99291722
circles,cnn,123,263,0.96697461,0.02217458,0.9926975
circles,cnn,123,264,0.9687383,0.03302164,1.01029815
circles,cnn,123,265,0.96598109,0.04863945,1.01104921
circles,cnn,123,266,0.98117939,0.00986783,1.00540315
circles,cnn,123,267,0.97345324,0.0047177,1.00377221
circles,cnn,123,268,0.97346199,0.00736936,1.00117817
circles,cnn,123,269,0.97018685,0.02157582,0.98166288
circles,cnn,123,270,0.9799327,0.03973333,0.96309139
circles,cnn,123,271,0.97478746,0.00818756,1.0024025
circles,cnn,123,272,0.96957731,2.459e-05,0.99756165
circles,cnn,123,273,0.97193899,0.04381921,0.98677346
circles,cnn,123,274,0.98226759,0.03648698,0.98500097
circles,cnn,123,275,0.96592797,0.02726167,0.97435506
circles,cnn,123,276,0.98064541,0.07921459,0.98808516
circles,cnn,123,277,0.98014554,0.08341885,0.99663575
circles,cnn,123,278,0.96954825,0.02251396,1.00984254
circles,cnn,123,279,0.97311963,1.297e-05,0.99498213
circles,cnn,123,280,0.97042819,0.05943738,1.01005177
circles,cnn,123,281,0.96955537,0.00213792,1.00542905
circles,cnn,123,282,0.97706276,0.01303026,1.00381933
circles,cnn,123,283,0.98242537,0.00649389,1.00188714
circles,cnn,123,284,0.97101014,0.0022225,1.00893944
circles,cnn,123,285,0.97617352,0.03272924,0.99840733
circles,cnn,123,286,0.96352444,0.01010172,1.00891928
circles,cnn,123,287,0.97645249,0.03585456,1.03138013
circles,cnn,123,288,0.98906102,0.09556935,1.00613077
circles,cnn,123,289,0.98124352,0.09934816,1.02898439
circles,cnn,123,290,0.98024418,0.07632889,0.99002611
circles,cnn,123,291,0.9709318,0.05344127,1.0010918
circles,cnn,123,292,0.97433786,0.03530897,1.01563788
circles,cnn,123,293,0.97768725,0.00439513,0.98741285
circles,cnn,123,294,0.97026259,0.05724658,1.00647121
circles,cnn,123,295,0.96700364,0.02998559,1.01584215
circles,cnn,123,296,0.97058437,0.00702822,0.96509766
circles,cnn,123,297,0.96859191,0.11513357,0.98219834
circles,cnn,123,298,0.96077304,0.03159999,0.99805706
circles,cnn,123,299,0.98121237,0.05294299,1.02319512
circles,cnn,123,300,0.96575271,0.03598335,0.97800182
circles,cnn,123,301,0.9679523,0.04150883,0.98947456
circles,cnn,123,302,0.96878119,0.02151753,1.00710301
circles,cnn,123,303,0.96773309,0.06751166,1.0113108
circles,cnn,123,304,0.97527922,0.05882395,1.00579718
circles,cnn,123,305,0.97674926,0.04815732,1.03443355
circles,cnn,123,306,0.96045758,0.05080315,1.01991558
circles,cnn,123,307,0.97145014,0.00679623,1.04637979
circles,cnn,123,308,0.98087958,0.03724026,0.98754967
circles,cnn,123,309,0.97884438,0.03499832,0.98508519
circles,cnn,123,310,0.98207446,0.00668559,1.01157981
circles,cnn,123,311,0.9720333,0.02227994,0.97244736
circles,cnn,123,312,0.96296354,0.0211139,0.97906495
circles,cnn,123,313,0.97011833,0.05406107,0.98607339
circles,cnn,123,314,0.96794255,0.05390875,1.01127246
circles,cnn,123,315,0.97578019,0.03410894,1.00311892
circles,cnn,123,316,0.97635707,0.06128009,0.99902087
circles,cnn,123,317,0.96323939,0.00405564,0.98170892
circles,cnn,123,318,0.96257038,0.01028787,1.00772978
circles,cnn,123,319,0.97675464,0.02006446,0.99810642
circles,cnn,123,320,0.9739058,0.08098678,0.99902731
circles,cnn,123,321,0.96543768,0.08266979,1.00337078
circles,cnn,123,322,0.96747591,0.01298417,1.01566251
circles,cnn,123,323,0.97490972,0.0273353,1.0173576
circles,cnn,123,324,0.96908846,0.02195117,0.99201906
circles,cnn,123,325,0.97329426,0.04275505,0.95215503
circles,cnn,123,326,0.97710243,0.04946313,0.99571399
circles,cnn,123,327,0.97721021,0.00152705,1.01432907
circles,cnn,123,328,0.97105164,0.00070455,1.00955456
circles,cnn,123,329,0.96933228,0.04624852,0.98238626
circles,cnn,123,330,0.9769964,0.10773143,1.00162091
circles,cnn,123,331,0.96737915,0.02857224,1.01134001
circles,cnn,123,332,0.97080202,0.04232538,0.98308803
circles,cnn,123,333,0.97444846,0.06782891,1.00101801
circles,cnn,123,334,0.97457315,0.00558945,1.00475884
circles,cnn,123,335,0.96370139,0.08240956,0.98728558
circles,cnn,123,336,0.97235062,0.09479618,0.98946088
circles,cnn,123,337,0.97871795,0.03938233,1.01438863
circles,cnn,123,338,0.96845497,0.02403497,1.00172297
circles,cnn,123,339,0.96697412,0.1000927,0.9962472
circles,cnn,123,340,0.9685336,0.06333174,0.98151008
circles,cnn,123,341,0.98001275,0.0002107,1.02030219
circles,cnn,123,342,0.9841923,0.01702466,1.0004851
circles,cnn,123,343,0.9702146,0.04706251,0.99496705
circles,cnn,123,344,0.97593412,0.00954644,0.99034513
circles,cnn,123,345,0.95692514,0.03060488,0.99421348
circles,cnn,123,346,0.96618953,0.06399983,0.99863178
circles,cnn,123,347,0.96736471,0.04704798,0.99333784
circles,cnn,123,348,0.97024114,0.04090619,0.99327495
circles,cnn,123,349,0.97432341,0.0140158,1.03437556
circles,cnn,123,350,0.96068399,0.08223805,1.04145576
circles,cnn,123,351,0.97073446,0.02691871,1.00296725
circles,cnn,123,352,0.97037719,0.01889146,0.99520536
circles,cnn,123,353,0.97196785,0.07709189,1.01026691
circles,cnn,123,354,0.96741144,0.03342464,1.00074775
circles,cnn,123,355,0.97125214,0.02218765,0.9670683
circles,cnn,123,356,0.9791863,0.05199508,0.99696454
circles,cnn,123,357,0.96366253,0.0359919,0.9816297
circles,cnn,123,358,0.97242187,0.01034153,0.99372793
circles,cnn,123,359,0.96977589,0.07399529,0.98659768
circles,cnn,123,360,0.97630003,0.0443807,1.00854661
circles,cnn,123,361,0.96712532,0.01390105,0.99097606
circles,cnn,123,362,0.97272073,0.00149717,1.01381185
circles,cnn,123,363,0.96083773,0.05248001,1.01806438
circles,cnn,123,364,0.97462929,0.06548398,1.02283283
circles,cnn,123,365,0.97414727,0.03192469,1.03038518
circles,cnn,123,366,0.96552296,0.02572304,1.01263911
circles,cnn,123,367,0.97468258,0.00346727,0.99028049
circles,cnn,123,368,0.98313071,0.0085336,0.98865959
circles,cnn,123,369,0.96851395,0.00876897,0.98846473
circles,cnn,123,370,0.97692533,0.03261116,1.00496913
circles,cnn,123,371,0.97431781,0.04664963,1.00039241
circles,cnn,123,372,0.98154658,0.00848814,0.98523735
circles,cnn,123,373,0.96942578,0.01664124,0.97452917
circles,cnn,123,374,0.97670596,0.0046678,1.00756261
circles,cnn,123,375,0.95937909,0.05669146,0.99141012
circles,cnn,123,376,0.97209731,0.1131518,1.00790201
circles,cnn,123,377,0.96449993,0.07933395,1.00336235
circles,cnn,123,378,0.97291238,0.02599323,0.98762077
circles,cnn,123,379,0.95838773,0.13782944,0.98366618
circles,cnn,123,380,0.97311166,0.01272133,1.00760099
circles,cnn,123,381,0.96314056,0.02642902,1.01515207
circles,cnn,123,382,0.97293098,3.156e-05,0.99985278
circles,cnn,123,383,0.97030513,0.04108691,0.99851498
circles,cnn,123,384,0.98585956,0.04377805,1.02698531
circles,cnn,123,385,0.96979323,0.00620933,1.00486516
circles,cnn,123,386,0.97299587,0.07902145,1.03104368
circles,cnn,123,387,0.96899456,0.03075748,1.01505625
circles,cnn,123,388,0.97360061,0.041915,0.97557706
circles,cnn,123,389,0.97604029,0.04891107,0.98938685
circles,cnn,123,390,0.971989,0.13128916,1.0088132
circles,cnn,123,391,0.96510798,0.03976286,1.00840878
circles,cnn,123,392,0.97731403,0.02324762,0.98889009
circles,cnn,123,393,0.9667901,0.0150516,1.02493733
circles,cnn,123,394,0.97932937,0.0187812,0.99456752
circles,cnn,123,395,0.97600207,0.01919333,0.9742704
circles,cnn,123,396,0.96708179,0.0492947,0.9927011
circles,cnn,123,397,0.96999911,0.00481807,1.00266535
circles,cnn,123,398,0.97590913,0.06134169,0.9891267
circles,cnn,123,399,0.97302681,0.00020234,1.00545324
circles,cnn,123,400,0.98299358,0.07284759,0.99215696
circles,cnn,123,401,0.98201911,0.07715464,1.00966954
circles,cnn,123,402,0.98402724,0.00333212,1.02008845
circles,cnn,123,403,0.97461977,0.01209133,1.00919757
circles,cnn,123,404,0.97013814,0.03385297,0.98843099
circles,cnn,123,405,0.96958011,0.00836023,0.99494786
circles,cnn,123,406,0.96841887,0.0710826,1.02873946
circles,cnn,123,407,0.96904911,0.00370122,0.99244986
circles,cnn,123,408,0.96866689,0.00537808,0.99485203
circles,cnn,123,409,0.96379937,0.01312622,0.98789175
circles,cnn,123,410,0.98009636,0.04694815,1.01937094
circles,cnn,123,411,0.98514627,0.01531707,0.98588102
circles,cnn,123,412,0.97865403,0.06593205,1.01914043
circles,cnn,123,413,0.97420555,0.07576586,0.99439216
circles,cnn,123,414,0.97569928,0.03127598,1.00448356
circles,cnn,123,415,0.97621068,0.03455107,0.98546716
circles,cnn,123,416,0.98181517,0.00220834,0.96564885
circles,cnn,123,417,0.9746714,0.06839861,0.98624694
circles,cnn,123,418,0.97174298,0.02695764,1.00577044
circles,cnn,123,419,0.97136831,0.00951955,0.9752368
circles,cnn,123,420,0.9763423,0.00151397,0.9785567
circles,cnn,123,421,0.96914225,0.00660059,1.00730433
circles,cnn,123,422,0.97064371,0.05893055,0.98614641
circles,cnn,123,423,0.97352849,0.03977808,0.98617648
circles,cnn,123,424,0.97921642,0.01488326,1.00737791
circles,cnn,123,425,0.98275363,0.00371758,1.01399459
circles,cnn,123,426,0.9736524,0.03454761,0.98684988
circles,cnn,123,427,0.97483635,0.00495389,0.99369664
circles,cnn,123,428,0.97871618,0.06116607,1.00921678
circles,cnn,123,429,0.96683461,0.01156753,0.98615237
circles,cnn,123,430,0.96838394,0.03109848,0.9842951
circles,cnn,123,431,0.96746367,0.06840749,1.01031494
circles,cnn,123,432,0.97284405,0.02589337,0.99718018
circles,cnn,123,433,0.97600984,0.00372753,1.00158379
circles,cnn,123,434,0.96417983,0.0033033,1.00534314
circles,cnn,123,435,0.97879696,0.06693987,0.98339398
circles,cnn,123,436,0.97725514,0.01648259,1.02447445
circles,cnn,123,437,0.97575922,0.01606836,0.97266335
circles,cnn,123,438,0.96260235,0.04608897,1.00662875
circles,cnn,123,439,0.97462162,0.10272419,0.99459996
circles,cnn,123,440,0.98223332,0.0258432,0.98375581
circles,cnn,123,441,0.96711082,0.00231768,0.9780753
circles,cnn,123,442,0.9692616,0.00203997,1.01138182
circles,cnn,123,443,0.97492979,0.00565035,0.98950026
circles,cnn,123,444,0.96814297,0.03876128,0.98218487
circles,cnn,123,445,0.98512269,0.03307667,1.00407882
circles,cnn,123,446,0.97611855,0.00849172,1.00585851
circles,cnn,123,447,0.96556244,0.02900902,0.98789211
circles,cnn,123,448,0.97716181,0.02870491,1.00898417
circles,cnn,123,449,0.97761365,0.04909034,0.98563877
circles,cnn,123,450,0.95940245,0.00814336,1.03123451
circles,cnn,123,451,0.96982333,0.01798496,0.99642878
circles,cnn,123,452,0.97239933,0.03437045,1.01146038
circles,cnn,123,453,0.9690825,0.02027534,1.02341271
circles,cnn,123,454,0.96353058,0.07529549,1.02367513
circles,cnn,123,455,0.97729108,0.06180177,1.01437621
circles,cnn,123,456,0.97010237,0.07739882,1.00506227
circles,cnn,123,457,0.96612132,0.0505627,0.98498599
circles,cnn,123,458,0.98155254,0.05625426,0.99345998
circles,cnn,123,459,0.97452197,0.01871216,0.98092107
circles,cnn,123,460,0.96661838,0.04992285,0.97641162
circles,cnn,123,461,0.97382483,0.04969694,1.01479806
circles,cnn,123,462,0.96703422,0.01045342,1.01098884
circles,cnn,123,463,0.98426783,0.03387495,1.00731255
circles,cnn,123,464,0.97292396,0.01818263,0.99013966
circles,cnn,123,465,0.96770893,0.00624576,1.01466581
circles,cnn,123,466,0.97331502,0.00703292,1.00887228
circles,cnn,123,467,0.97963341,0.0091353,1.00148595
circles,cnn,123,468,0.96863516,0.02801131,1.00206861
circles,cnn,123,469,0.97558262,0.04021403,0.98980405
circles,cnn,123,470,0.9694827,0.01767236,0.99179701
circles,cnn,123,471,0.97883978,0.01114467,1.02175952
circles,cnn,123,472,0.97702036,0.02399124,0.97777847
circles,cnn,123,473,0.97032015,0.0655777,1.00060019
circles,cnn,123,474,0.9721002,0.01389067,1.00593078
circles,cnn,123,475,0.97748784,0.08527518,1.01542517
circles,cnn,123,476,0.97304654,0.1099757,0.98952336
circles,cnn,123,477,0.98248179,0.01018702,0.98481814
circles,cnn,123,478,0.9786175,0.06155068,1.01497911
circles,cnn,123,479,0.96899461,0.00118608,1.00512178
circles,cnn,123,480,0.97683718,0.03165831,1.00694373
circles,cnn,123,481,0.97019697,0.01611516,1.00014848
circles,cnn,123,482,0.97152996,0.0105994,0.97860612
circles,cnn,123,483,0.96213134,0.06648339,1.00227706
circles,cnn,123,484,0.98476457,0.04068186,1.02627905
circles,cnn,123,485,0.97106771,0.10056638,1.0129104
circles,cnn,123,486,0.98416665,0.05714044,1.00502192
circles,cnn,123,487,0.96920762,0.00651156,1.0034037
circles,cnn,123,488,0.98339022,0.0354526,0.99947456
circles,cnn,123,489,0.96365434,0.10861034,1.02377925
circles,cnn,123,490,0.97963388,0.04691282,0.97590596
circles,cnn,123,491,0.97690503,0.00723379,1.01570257
circles,cnn,123,492,0.97697774,0.03079507,0.99071638
circles,cnn,123,493,0.96346453,0.05608757,0.98662757
circles,cnn,123,494,0.9647797,0.01968303,1.03561127
circles,cnn,123,495,0.96688207,0.10238844,0.99477232
circles,cnn,123,496,0.96695713,0.02003138,1.00577552
circles,cnn,123,497,0.97734714,0.00115552,1.01540436
circles,cnn,123,498,0.97629047,0.03766166,1.02324561
circles,cnn,123,499,0.97114865,0.00590543,0.99422617
circles,cnn,123,500,0.97515252,0.03863916,1.01169001
circles,cnn,123,501,0.97255492,0.01318794,0.98453517
circles,cnn,123,502,0.98243258,0.03393865,1.0145803
circles,cnn,123,503,0.96717017,0.01571359,1.01979375
circles,cnn,123,504,0.97395783,0.01231746,1.00151955
circles,cnn,123,505,0.98636817,0.0076697,0.98434503
circles,cnn,123,506,0.96848189,0.0571446,0.98424016
circles,cnn,123,507,0.98746139,0.02720103,1.015441
circles,cnn,123,508,0.96844829,0.00305609,1.00582827
circles,cnn,123,509,0.97954922,0.01985741,1.00573483
circles,cnn,123,510,0.96548246,0.02201503,1.01701024
circles,cnn,123,511,0.97007172,0.01207935,0.95592394
circles,cnn,123,512,0.97346698,0.09837958,1.00297614
circles,cnn,123,513,0.96558733,0.04505255,1.00843084
circles,cnn,123,514,0.97046619,0.02939663,0.99243492
circles,cnn,123,515,0.97703629,0.04552792,1.00225175
circles,cnn,123,516,0.97788178,0.00918417,0.99432105
circles,cnn,123,517,0.96944296,0.01885864,0.97884328
circles,cnn,123,518,0.96449946,0.07098588,1.01522576
circles,cnn,123,519,0.97756015,0.08622514,1.01525362
circles,cnn,123,520,0.96355267,0.03435886,1.00293815
circles,cnn,123,521,0.97228657,0.07557163,1.01632738
circles,cnn,123,522,0.97835022,0.00997102,0.98286671
circles,cnn,123,523,0.97316219,0.01514199,1.01781567
circles,cnn,123,524,0.96688809,0.01728511,1.01715744
circles,cnn,123,525,0.97988042,0.05135661,1.00121312
circles,cnn,123,526,0.97549206,0.03257412,1.01521893
circles,cnn,123,527,0.97075364,0.04949577,1.01792502
circles,cnn,123,528,0.96753985,0.00294136,0.98169288
circles,cnn,123,529,0.98254415,0.01819972,1.00216632
circles,cnn,123,530,0.97254473,0.05399324,0.98973254
circles,cnn,123,531,0.97770806,0.02589985,0.98104029
circles,cnn,123,532,0.97540945,0.02297283,1.00728625
circles,cnn,123,533,0.96584353,0.02895941,1.00273825
circles,cnn,123,534,0.97647431,0.01612518,1.01404907
circles,cnn,123,535,0.97296159,0.0828632,1.00534038
circles,cnn,123,536,0.97968906,0.01423025,0.99465137
circles,cnn,123,537,0.96548548,0.02456689,0.9947165
circles,cnn,123,538,0.96719977,0.00836816,0.99642845
circles,cnn,123,539,0.96969363,0.0420594,1.00681568
circles,cnn,123,540,0.96158195,0.00425985,0.98340613
circles,cnn,123,541,0.97999811,0.00497345,1.01163486
circles,cnn,123,542,0.98036626,0.05818106,0.99641749
circles,cnn,123,543,0.95951328,0.08543736,0.97232035
circles,cnn,123,544,0.9743301,0.07635582,0.99106164
circles,cnn,123,545,0.98096118,0.00192607,0.98672148
circles,cnn,123,546,0.96950228,0.04280855,1.00207839
circles,cnn,123,547,0.96766491,0.00988884,0.98665298
circles,cnn,123,548,0.97578643,0.04268819,0.97952349
circles,cnn,123,549,0.98556627,0.012196,1.00059717
circles,cnn,123,550,0.9736462,0.02576643,0.97510097
circles,cnn,123,551,0.97241953,0.1038513,0.99748838
circles,cnn,123,552,0.98013897,0.00893485,1.01474751
circles,cnn,123,553,0.97854292,0.01938311,1.00885447
circles,cnn,123,554,0.96809274,0.05516333,1.00451292
circles,cnn,123,555,0.96724335,0.01607546,0.99241574
circles,cnn,123,556,0.96890725,0.01154127,0.9823971
circles,cnn,123,557,0.96554621,0.05125239,0.99597608
circles,cnn,123,558,0.97752743,0.05755488,0.99463371
circles,cnn,123,559,0.96913106,0.03720128,0.9781175
circles,cnn,123,560,0.97360546,0.07419827,0.9891508
circles,cnn,123,561,0.97940708,0.03518707,1.00030041
circles,cnn,123,562,0.97314811,0.0648998,0.99016971
circles,cnn,123,563,0.96529164,0.1127133,0.99697679
circles,cnn,123,564,0.98592273,0.0174472,0.98538649
circles,cnn,123,565,0.97209952,0.03055964,1.00115308
circles,cnn,123,566,0.97493329,0.03611219,0.99549965
circles,cnn,123,567,0.97825893,0.03088941,0.99739115
circles,cnn,123,568,0.97166571,0.00876774,1.02168982
circles,cnn,123,569,0.97758595,0.07441811,0.97703811
circles,cnn,123,570,0.97138343,0.01702928,0.99016724
circles,cnn,123,571,0.96779305,0.03263853,1.0018011
circles,cnn,123,572,0.96954376,0.00050717,0.99952758
circles,cnn,123,573,0.97190987,0.01704097,0.98852618
circles,cnn,123,574,0.97885495,0.05456484,1.01210115
circles,cnn,123,575,0.97327868,0.01896263,0.99272398
circles,cnn,123,576,0.96827951,0.07149104,0.96164891
circles,cnn,123,577,0.97697571,0.0372042,1.00830169
circles,cnn,123,578,0.96579935,0.01425574,0.9928154
circles,cnn,123,579,0.98236731,0.01661286,0.98100293
circles,cnn,123,580,0.97997454,0.00029604,1.00937034
circles,cnn,123,581,0.97099272,0.05698691,1.00879986
circles,cnn,123,582,0.97346336,0.03090333,0.99967753
circles,cnn,123,583,0.96592457,0.01762847,1.01265952
circles,cnn,123,584,0.97263616,0.1147228,1.02015854
circles,cnn,123,585,0.96806301,0.02445789,1.00871301
circles,cnn,123,586,0.97284001,0.00584288,1.00269998
circles,cnn,123,587,0.97594374,0.02402747,1.00693511
circles,cnn,123,588,0.97559326,0.053263,0.9984586
circles,cnn,123,589,0.96643015,0.01524897,1.03634521
circles,cnn,123,590,0.97645708,0.01089715,1.0015663
circles,cnn,123,591,0.97023858,0.02974033,0.98969451
circles,cnn,123,592,0.96894496,0.0385008,0.98633022
circles,cnn,123,593,0.97761516,0.04328708,0.98707394
circles,cnn,123,594,0.97668756,0.01392316,0.99910857
circles,cnn,123,595,0.97656964,0.03081385,1.01798165
circles,cnn,123,596,0.98096359,0.01531032,0.97788832
circles,cnn,123,597,0.97463884,0.01772783,1.00708709
circles,cnn,123,598,0.97389089,0.02120241,1.01050405
circles,cnn,123,599,0.96115291,0.07147072,1.02028889
circles,cnn,123,600,0.96817408,0.03507743,0.98434763
circles,cnn,123,601,0.97752137,0.01507288,1.00009171
circles,cnn,123,602,0.97534011,0.05637873,1.00362642
circles,cnn,123,603,0.9845097,0.02894755,0.97117359
circles,cnn,123,604,0.97255587,0.01972834,0.98392188
circles,cnn,123,605,0.97269909,0.06082046,1.01494809
circles,cnn,123,606,0.97570343,0.04343921,0.98722251
circles,cnn,123,607,0.97116506,0.00436241,0.98137565
circles,cnn,123,608,0.97182975,0.07585247,0.9757317
circles,cnn,123,609,0.96369143,0.06752945,1.0062655
circles,cnn,123,610,0.97195184,0.01080757,1.03706056
circles,cnn,123,611,0.97458234,0.07704714,1.00643897
circles,cnn,123,612,0.97569633,0.02031309,1.00251064
circles,cnn,123,613,0.98131304,0.02795838,1.00075766
circles,cnn,123,614,0.9767753,0.03294607,1.00164201
circles,cnn,123,615,0.97320272,0.00661808,0.97115476
circles,cnn,123,616,0.96422176,0.06960804,1.02632183
circles,cnn,123,617,0.97325183,0.02266344,1.00011128
circles,cnn,123,618,0.96893139,0.0623824,1.00092982
circles,cnn,123,619,0.97609149,0.04818953,1.00408205
circles,cnn,123,620,0.97577718,0.04755146,1.01741196
circles,cnn,123,621,0.99168099,0.02607579,0.97270593
circles,cnn,123,622,0.97263223,0.14812797,1.01288911
circles,cnn,123,623,0.97462884,0.03737883,0.98061243
circles,cnn,123,624,0.97342838,0.04759443,1.00370532
circles,cnn,123,625,0.97082649,0.01078665,1.03298697
circles,cnn,123,626,0.97343801,0.01507071,0.98834284
circles,cnn,123,627,0.9813885,0.09255098,1.00071964
circles,cnn,123,628,0.98062698,0.0140753,0.9908616
circles,cnn,123,629,0.97526053,0.03895981,1.00653611
circles,cnn,123,630,0.97270826,0.00269616,0.98097574
circles,cnn,123,631,0.96741955,0.01626907,0.99964506
circles,cnn,123,632,0.96190571,0.00601016,1.02166781
circles,cnn,123,633,0.96466988,0.10986108,0.98460098
circles,cnn,123,634,0.96821096,0.04623688,1.01649671
circles,cnn,123,635,0.97722782,0.08050203,0.99838117
circles,cnn,123,636,0.98390564,0.02630414,1.00461048
circles,cnn,123,637,0.97490469,0.00936066,1.00052421
circles,cnn,123,638,0.97730868,0.06562484,1.02336256
circles,cnn,123,639,0.98373644,0.01927836,1.00333361
circles,cnn,123,640,0.9763464,0.05441109,1.01487995
circles,cnn,123,641,0.96760616,0.08088494,0.9937375
circles,cnn,123,642,0.97604125,0.034996,0.98941366
circles,cnn,123,643,0.96799871,0.0125268,0.99048552
circles,cnn,123,644,0.97326766,0.02607514,1.00421404
circles,cnn,123,645,0.97063605,0.01073899,0.97764732
circles,cnn,123,646,0.97448194,0.03060825,1.00818129
circles,cnn,123,647,0.96905002,0.03058404,1.01048781
circles,cnn,123,648,0.97769935,0.01417214,0.97501321
circles,cnn,123,649,0.9763318,0.04316556,1.00093864
circles,cnn,123,650,0.97791522,0.01079329,1.01372303
circles,cnn,123,651,0.96860835,0.08819602,1.01368313
circles,cnn,123,652,0.98437777,0.02092537,1.01936538
circles,cnn,123,653,0.97550797,0.05966115,1.00223371
circles,cnn,123,654,0.98590082,0.04070288,1.02427913
circles,cnn,123,655,0.97146715,0.01666883,1.0033954
circles,cnn,123,656,0.97745171,0.10514667,1.00181103
circles,cnn,123,657,0.97720657,0.0855717,0.99213946
circles,cnn,123,658,0.96893239,0.02350074,1.00593967
circles,cnn,123,659,0.96745156,0.0086446,1.03177169
circles,cnn,123,660,0.98021466,0.00878973,1.01688104
circles,cnn,123,661,0.96540519,0.00807304,0.99579174
circles,cnn,123,662,0.96002224,0.04743917,1.01370635
circles,cnn,123,663,0.98050725,0.00129776,0.99032156
circles,cnn,123,664,0.95971737,0.12077466,1.00610524
circles,cnn,123,665,0.98370966,0.05844401,0.98243144
circles,cnn,123,666,0.97550403,0.02731654,1.00124965
circles,cnn,123,667,0.96758602,0.0248686,1.00163665
circles,cnn,123,668,0.97778686,0.07243002,0.99171406
circles,cnn,123,669,0.97284896,0.08401748,0.99119668
circles,cnn,123,670,0.97821799,0.00786226,1.02685335
circles,cnn,123,671,0.97299142,0.04626054,0.98104021
circles,cnn,123,672,0.97473558,0.00543407,1.00199049
circles,cnn,123,673,0.96977943,0.00912394,1.00087469
circles,cnn,123,674,0.9698406,0.09423364,1.00544273
circles,cnn,123,675,0.96666052,0.08467304,1.00815465
circles,cnn,123,676,0.97182422,0.10142852,1.0012962
circles,cnn,123,677,0.97953742,0.06572132,0.98735289
circles,cnn,123,678,0.9651867,0.01163961,0.98400187
circles,cnn,123,679,0.9813712,0.03325872,1.02991843
circles,cnn,123,680,0.98231495,0.02745214,0.9961637
circles,cnn,123,681,0.96948726,0.03418163,1.01872528
circles,cnn,123,682,0.97249482,0.07662568,1.00725817
circles,cnn,123,683,0.96132893,0.09248741,0.98757784
circles,cnn,123,684,0.96726416,0.01206967,1.01381164
circles,cnn,123,685,0.98269302,0.02991355,1.02561327
circles,cnn,123,686,0.98260089,0.00197893,1.0147125
circles,cnn,123,687,0.96587966,0.03338085,1.0016006
circles,cnn,123,688,0.96966844,0.03394713,0.99488116
circles,cnn,123,689,0.9800501,0.05724029,0.99256155
circles,cnn,123,690,0.97845373,0.0405425,1.01751029
circles,cnn,123,691,0.97606021,0.04388414,1.00222038
circles,cnn,123,692,0.96604347,0.01074744,1.00470432
circles,cnn,123,693,0.97496297,0.02599686,0.98233169
circles,cnn,123,694,0.98325631,0.06711464,0.99140132
circles,cnn,123,695,0.9696593,0.03451391,0.99701417
circles,cnn,123,696,0.95953635,0.01807404,1.00869016
circles,cnn,123,697,0.97510159,0.00574524,1.01228298
circles,cnn,123,698,0.97090879,0.03635705,1.03144224
circles,cnn,123,699,0.96873855,0.03090264,1.01254644
circles,cnn,123,700,0.97152415,0.06911463,1.02113653
circles,cnn,123,701,0.96747054,0.03073351,0.9866175
circles,cnn,123,702,0.97962885,0.01001957,1.00883624
circles,cnn,123,703,0.9821254,0.05900803,0.99998088
circles,cnn,123,704,0.96701074,0.00822003,0.98579025
circles,cnn,123,705,0.96605569,0.00286576,0.98120263
circles,cnn,123,706,0.97407211,0.1177775,0.99894014
circles,cnn,123,707,0.96946158,0.00778282,0.99652553
circles,cnn,123,708,0.96596093,0.1131678,0.98175763
circles,cnn,123,709,0.97307372,0.06188914,1.00365086
circles,cnn,123,710,0.96948162,0.03421687,0.97072622
circles,cnn,123,711,0.96876298,0.07631191,0.98608996
circles,cnn,123,712,0.97382746,0.02732122,1.00750954
circles,cnn,123,713,0.96092129,0.06353684,0.99872157
circles,cnn,123,714,0.97251891,0.08492789,0.99513833
circles,cnn,123,715,0.97479698,0.02073556,0.97269781
circles,cnn,123,716,0.97448207,0.03932064,1.00545067
circles,cnn,123,717,0.98104522,0.03407168,1.02064344
circles,cnn,123,718,0.97428793,0.04425753,1.00661913
circles,cnn,123,719,0.96412452,0.04154633,1.00970217
circles,cnn,123,720,0.96757042,0.08236854,0.98829861
circles,cnn,123,721,0.9654406,0.0084307,0.99946274
circles,cnn,123,722,0.96350868,0.01125257,0.98732532
circles,cnn,123,723,0.97254245,0.02788384,1.01007184
circles,cnn,123,724,0.97444259,0.08529329,0.99947471
circles,cnn,123,725,0.97597621,0.00874796,1.02926387
circles,cnn,123,726,0.96493894,0.00093387,0.97408925
circles,cnn,123,727,0.95587692,0.02347052,0.99233973
circles,cnn,123,728,0.96872757,0.03131523,0.99235332
circles,cnn,123,729,0.96771403,0.00765693,0.99959635
circles,cnn,123,730,0.95936602,0.0558151,1.01372917
circles,cnn,123,731,0.97052377,0.00491805,0.97594919
circles,cnn,123,732,0.96196198,0.04245615,1.00485503
circles,cnn,123,733,0.97166041,0.00336313,0.96545166
circles,cnn,123,734,0.97615733,0.00158101,1.00286687
circles,cnn,123,735,0.97685766,0.01399465,0.98549757
circles,cnn,123,736,0.97189996,0.02924407,1.0220963
circles,cnn,123,737,0.97343503,0.05608122,1.01237856
circles,cnn,123,738,0.96870496,0.01191541,1.02446023
circles,cnn,123,739,0.98660955,0.06952087,0.98078576
circles,cnn,123,740,0.97026217,0.02084367,1.01418489
circles,cnn,123,741,0.97260093,0.0553519,1.00578243
circles,cnn,123,742,0.9706298,0.05662422,1.0055846
circles,cnn,123,743,0.96689147,0.03139262,0.99071936
circles,cnn,123,744,0.97295973,0.02295689,1.01146379
circles,cnn,123,745,0.97537836,0.06158637,1.02867819
circles,cnn,123,746,0.9714124,0.01548461,0.99879354
circles,cnn,123,747,0.98101317,0.05991504,0.99785594
circles,cnn,123,748,0.96569343,0.05012124,1.00519097
circles,cnn,123,749,0.97294582,0.02742707,0.98295497
circles,cnn,123,750,0.97403195,0.06387328,1.00122498
circles,cnn,123,751,0.96782208,0.08845267,0.98694488
circles,cnn,123,752,0.95993395,0.05990052,0.99572207
circles,cnn,123,753,0.98341674,0.0450528,0.99183692
circles,cnn,123,754,0.98165105,0.00133376,1.00252126
circles,cnn,123,755,0.97064489,0.02385779,0.96988089
circles,cnn,123,756,0.97145775,0.03619834,0.99829206
circles,cnn,123,757,0.96307949,0.04407131,1.02042718
circles,cnn,123,758,0.97319467,0.0113542,1.00972912
circles,cnn,123,759,0.97671745,0.03782268,0.99950797
circles,cnn,123,760,0.96750686,0.0309961,0.99242077
circles,cnn,123,761,0.97893386,0.09926193,1.00662419
circles,cnn,123,762,0.97891238,0.00819879,1.00427297
circles,cnn,123,763,0.96971552,0.01831854,1.0031381
circles,cnn,123,764,0.98161768,0.05833053,0.98516982
circles,cnn,123,765,0.96766407,0.0842632,1.00723595
circles,cnn,123,766,0.97363065,0.03075624,0.98438525
circles,cnn,123,767,0.9608412,0.05217288,0.9933767
circles,cnn,123,768,0.97807578,0.0027386,0.99478295
circles,cnn,123,769,0.97761536,0.02828131,0.99810604
circles,cnn,123,770,0.96992756,0.03851231,0.98237577
circles,cnn,123,771,0.97673868,0.06838753,1.02569066
circles,cnn,123,772,0.98106702,0.01157535,1.00983161
circles,cnn,123,773,0.97388557,0.06981287,1.02128546
circles,cnn,123,774,0.97061815,0.07931118,1.00369358
circles,cnn,123,775,0.97791349,0.02186541,1.00462595
circles,cnn,123,776,0.97028515,0.00092909,1.00521151
circles,cnn,123,777,0.96831195,0.004679,1.01751626
circles,cnn,123,778,0.980773,0.02623855,0.98993106
circles,cnn,123,779,0.97384278,0.02246164,0.98288009
circles,cnn,123,780,0.96948347,0.03089996,1.00646099
circles,cnn,123,781,0.97328667,0.00477747,0.9786578
circles,cnn,123,782,0.96292232,0.02589662,0.9751591
circles,cnn,123,783,0.97269248,0.04119214,1.0026179
circles,cnn,123,784,0.9693875,0.02634164,0.98548143
circles,cnn,123,785,0.97920041,0.01560149,1.01103184
circles,cnn,123,786,0.97973258,0.03925861,1.01599267
circles,cnn,123,787,0.97527288,0.00830884,1.00371883
circles,cnn,123,788,0.96926619,0.00137903,1.03136717
circles,cnn,123,789,0.98092502,0.04482123,0.98550219
circles,cnn,123,790,0.97585508,0.01726683,0.98511939
circles,cnn,123,791,0.98322554,0.12910899,0.99845382
circles,cnn,123,792,0.97608062,0.00732461,0.99102211
circles,cnn,123,793,0.96739071,0.01272056,0.99872105
circles,cnn,123,794,0.96659617,0.0410336,0.99935613
circles,cnn,123,795,0.98031235,0.02467549,0.98551699
circles,cnn,123,796,0.96518907,0.13625135,0.98199136
circles,cnn,123,797,0.9786405,0.0372026,0.99697113
circles,cnn,123,798,0.9699657,0.0711726,0.97016253
circles,cnn,123,799,0.96882992,0.03846743,1.01582516
circles,cnn,123,800,0.97601369,0.0427851,0.97451149
circles,cnn,123,801,0.96556479,0.0591769,0.9786575
circles,cnn,123,802,0.96932665,0.06602835,0.99092493
circles,cnn,123,803,0.96632022,0.00927679,0.9808415
circles,cnn,123,804,0.97855687,0.07757264,0.98090416
circles,cnn,123,805,0.97842299,0.02254575,1.0255606
circles,cnn,123,806,0.98087352,0.06087467,0.97809569
circles,cnn,123,807,0.97734065,0.05647848,0.97735309
circles,cnn,123,808,0.99246137,0.00027917,1.00835636
circles,cnn,123,809,0.97685818,0.02012317,1.01867726
circles,cnn,123,810,0.97476854,0.10938092,1.00188637
circles,cnn,123,811,0.98276305,0.09268514,0.99274503
circles,cnn,123,812,0.98293877,0.01595419,0.97881285
circles,cnn,123,813,0.96523258,0.02251764,0.99931354
circles,cnn,123,814,0.97168475,0.04340166,1.00544816
circles,cnn,123,815,0.97124451,0.05168118,1.00891957
circles,cnn,123,816,0.9748176,0.03518477,0.99602224
circles,cnn,123,817,0.96931099,0.03987472,0.99215759
circles,cnn,123,818,0.96562905,0.03203951,1.00711442
circles,cnn,123,819,0.97726647,0.08377696,0.97923106
circles,cnn,123,820,0.97607068,0.04081362,1.00463606
circles,cnn,123,821,0.97233199,0.01148365,1.00156306
circles,cnn,123,822,0.96821551,0.10077449,1.02375523
circles,cnn,123,823,0.96451498,0.06648557,0.99296105
circles,cnn,123,824,0.95959554,0.02740574,0.99370222
circles,cnn,123,825,0.97346517,0.05668579,1.00939856
circles,cnn,123,826,0.97611771,0.0082192,0.98993447
circles,cnn,123,827,0.97002638,0.00030858,1.03061346
circles,cnn,123,828,0.96947745,0.02085613,0.99899102
circles,cnn,123,829,0.97860492,0.02276131,1.01644838
circles,cnn,123,830,0.97493804,0.07912981,0.99051022
circles,cnn,123,831,0.9754342,0.08809979,1.02863813
circles,cnn,123,832,0.97316618,0.02945019,1.01599773
circles,cnn,123,833,0.97259139,0.11223551,1.00283138
circles,cnn,123,834,0.97551789,0.02986603,0.98635678
circles,cnn,123,835,0.98309061,0.00443601,0.97813342
circles,cnn,123,836,0.96264711,0.05915715,1.01272797
circles,cnn,123,837,0.97685663,0.02366899,1.02728281
circles,cnn,123,838,0.97188635,0.04562594,0.99672566
circles,cnn,123,839,0.97942681,0.01724595,0.97843503
circles,cnn,123,840,0.97486965,0.01200554,0.99673475
circles,cnn,123,841,0.97882038,0.07957816,0.97333518
circles,cnn,123,842,0.97173456,0.0363009,1.0087905
circles,cnn,123,843,0.96861349,0.04983826,1.00719889
circles,cnn,123,844,0.97084005,0.00692722,1.00058262
circles,cnn,123,845,0.96103935,0.00567795,0.97389284
circles,cnn,123,846,0.98089859,0.09055838,1.00797588
circles,cnn,123,847,0.97347233,0.12531965,0.99042492
circles,cnn,123,848,0.97352991,0.00747548,1.01894858
circles,cnn,123,849,0.97491835,0.00315941,0.98477476
circles,cnn,123,850,0.9684303,0.05367538,1.0319839
circles,cnn,123,851,0.97508142,0.05921728,1.00507871
circles,cnn,123,852,0.98416539,0.05694672,0.98344682
circles,cnn,123,853,0.96970623,0.01252707,0.96305763
circles,cnn,123,854,0.96854948,0.03454572,0.99410047
circles,cnn,123,855,0.97479696,0.00586137,0.98420655
circles,cnn,123,856,0.97220463,0.01222739,0.99036572
circles,cnn,123,857,0.97491574,0.01950315,1.02545704
circles,cnn,123,858,0.97057614,0.00790667,1.01727882
circles,cnn,123,859,0.97912617,0.03935254,1.03027949
circles,cnn,123,860,0.97275337,0.06655583,1.03014702
circles,cnn,123,861,0.97340186,0.10546709,0.99548974
circles,cnn,123,862,0.98077895,0.01464791,0.99572358
circles,cnn,123,863,0.97319573,0.02252258,1.00860975
circles,cnn,123,864,0.97690341,0.08407188,0.99254228
circles,cnn,123,865,0.9687077,0.03306626,1.01434531
circles,cnn,123,866,0.96985744,0.02013766,0.9975387
circles,cnn,123,867,0.96531855,0.0222845,1.00042586
circles,cnn,123,868,0.97326223,0.0769808,1.00670651
circles,cnn,123,869,0.97167364,0.0394892,0.97723922
circles,cnn,123,870,0.96097751,0.05287988,0.98869885
circles,cnn,123,871,0.96668533,0.04297665,1.00240168
circles,cnn,123,872,0.97204816,0.05877534,1.01012736
circles,cnn,123,873,0.97702116,0.03144344,0.99707782
circles,cnn,123,874,0.97604142,0.07696204,0.97521202
circles,cnn,123,875,0.96578869,0.03329758,1.01174218
circles,cnn,123,876,0.96720059,0.02113882,1.00369961
circles,cnn,123,877,0.98056022,0.03080735,1.00839243
circles,cnn,123,878,0.96468007,0.02522458,0.98004938
circles,cnn,123,879,0.9706681,0.04746422,1.01007047
circles,cnn,123,880,0.96819974,0.06516893,1.03153171
circles,cnn,123,881,0.96325931,0.04776001,1.01122668
circles,cnn,123,882,0.97162153,0.00364576,1.00458311
circles,cnn,123,883,0.97198189,0.01679905,0.9998615
circles,cnn,123,884,0.98233969,0.04891487,1.01698609
circles,cnn,123,885,0.96795037,0.00630631,1.00363243
circles,cnn,123,886,0.97275775,0.02465261,0.98628833
circles,cnn,123,887,0.97249624,0.08021881,1.01673527
circles,cnn,123,888,0.98028526,0.02321791,0.99329382
circles,cnn,123,889,0.9719835,0.05825581,1.00065552
circles,cnn,123,890,0.97485564,0.04730894,1.00623487
circles,cnn,123,891,0.95502203,0.07146096,1.00367648
circles,cnn,123,892,0.98443944,0.02137678,0.9884011
circles,cnn,123,893,0.96956972,0.01259978,0.98291272
circles,cnn,123,894,0.97268384,0.05371201,0.98663874
circles,cnn,123,895,0.9629636,0.02715805,0.9980481
circles,cnn,123,896,0.97663935,0.15420153,0.98476768
circles,cnn,123,897,0.97197818,0.05703962,0.98915046
circles,cnn,123,898,0.97892589,0.02057688,0.99204953
circles,cnn,123,899,0.97438824,0.08863638,1.04093115
circles,cnn,123,900,0.98477433,0.01948834,1.01967218
circles,cnn,123,901,0.9743839,0.07795946,0.98804447
circles,cnn,123,902,0.97135309,0.06553554,0.98743677
circles,cnn,123,903,0.97109947,0.03773981,1.01152068
circles,cnn,123,904,0.97088282,0.09017986,1.0100471
circles,cnn,123,905,0.97816818,0.01863485,1.01757183
circles,cnn,123,906,0.96628305,0.04445316,0.98499499
circles,cnn,123,907,0.97183496,0.01125555,1.01545568
circles,cnn,123,908,0.96832085,0.08714713,1.01181191
circles,cnn,123,909,0.96964851,0.0237336,0.99313545
circles,cnn,123,910,0.97000154,0.03507703,1.01781283
circles,cnn,123,911,0.97992901,0.03653627,1.00533577
circles,cnn,123,912,0.96850241,0.09392179,1.02982526
circles,cnn,123,913,0.97422479,0.01089672,0.97809034
circles,cnn,123,914,0.97856131,0.03508265,1.00325033
circles,cnn,123,915,0.96888131,0.08309457,0.99805581
circles,cnn,123,916,0.97878522,0.00261171,0.99476522
circles,cnn,123,917,0.97113977,0.03630931,1.00813185
circles,cnn,123,918,0.96926607,0.06832106,1.01452025
circles,cnn,123,919,0.97722103,0.05224245,1.00448116
circles,cnn,123,920,0.9772955,0.01749773,1.01219314
circles,cnn,123,921,0.97718668,0.00646241,1.02218762
circles,cnn,123,922,0.96738957,0.07243375,1.015508
circles,cnn,123,923,0.97815956,0.02518267,1.00030841
circles,cnn,123,924,0.97643282,0.00800548,0.9957084
circles,cnn,123,925,0.95769576,0.04238397,1.02085887
circles,cnn,123,926,0.97242349,0.09874489,1.01267397
circles,cnn,123,927,0.96152968,0.00989296,1.00011693
circles,cnn,123,928,0.97199267,0.06397452,1.01379882
circles,cnn,123,929,0.97494778,0.06254378,0.99325022
circles,cnn,123,930,0.9711359,0.02955835,1.00700693
circles,cnn,123,931,0.97277976,0.00962247,0.99602924
circles,cnn,123,932,0.97544045,0.03400004,1.01292416
circles,cnn,123,933,0.96892751,0.00349011,1.02607712
circles,cnn,123,934,0.97009295,0.02679926,0.98258216
circles,cnn,123,935,0.96145506,0.00336449,0.99674971
circles,cnn,123,936,0.97086937,0.05210652,1.00557529
circles,cnn,123,937,0.97317781,0.02940799,0.99796814
circles,cnn,123,938,0.9650088,0.08437442,1.01866886
circles,cnn,123,939,0.96949708,0.01762286,0.99791553
circles,cnn,123,940,0.97286149,0.00980492,1.03018096
circles,cnn,123,941,0.97878114,0.0154606,1.02401254
circles,cnn,123,942,0.97356847,0.0396081,0.99120059
circles,cnn,123,943,0.96703637,0.02709277,1.01283022
circles,cnn,123,944,0.97771029,0.02178028,0.99603372
circles,cnn,123,945,0.96763576,0.05081452,0.98643489
circles,cnn,123,946,0.98079576,0.04030582,1.00178523
circles,cnn,123,947,0.97178304,0.01201713,0.99306643
circles,cnn,123,948,0.96827027,0.01866634,1.0506039
circles,cnn,123,949,0.97189807,0.00407029,1.00606296
circles,cnn,123,950,0.96896989,0.03171991,0.99594131
circles,cnn,123,951,0.9661151,0.00134874,0.99727469
circles,cnn,123,952,0.97010498,0.009639,0.99671198
circles,cnn,123,953,0.97619776,0.06858343,0.97345131
circles,cnn,123,954,0.97066441,0.00729021,0.99059536
circles,cnn,123,955,0.97510497,0.01702295,0.98698237
circles,cnn,123,956,0.97737885,0.04656817,1.00633523
circles,cnn,123,957,0.96994456,0.04187468,0.99497137
circles,cnn,123,958,0.97482608,0.01643958,1.01001788
circles,cnn,123,959,0.96721078,0.0346546,0.97756037
circles,cnn,123,960,0.96931002,0.02455362,1.01051016
circles,cnn,123,961,0.97684076,0.06832528,0.9853066
circles,cnn,123,962,0.97742108,0.03071883,1.00596445
circles,cnn,123,963,0.96897214,0.11856944,1.00921889
circles,cnn,123,964,0.98456831,0.01846441,1.00191323
circles,cnn,123,965,0.96656729,0.06384377,0.99766323
circles,cnn,123,966,0.97686051,0.02471685,0.97636312
circles,cnn,123,967,0.95840591,0.01728043,0.98214392
circles,cnn,123,968,0.96617373,0.04072267,1.01192574
circles,cnn,123,969,0.96796668,0.00325355,1.00361111
circles,cnn,123,970,0.97209402,0.05752305,0.96509434
circles,cnn,123,971,0.96338637,0.06460872,0.99278989
circles,cnn,123,972,0.966077,0.01463632,0.99291226
circles,cnn,123,973,0.96375085,0.00411887,1.00495486
circles,cnn,123,974,0.97315425,0.09011462,1.00306232
circles,cnn,123,975,0.96474938,0.00372875,1.0006094
circles,cnn,123,976,0.97376451,0.04807475,1.01327042
circles,cnn,123,977,0.97481633,0.05170802,0.9981812
circles,cnn,123,978,0.97395764,0.0135912,1.02789694
circles,cnn,123,979,0.97330802,0.02625626,0.97979143
circles,cnn,123,980,0.9697449,0.04389558,1.00554362
circles,cnn,123,981,0.97056559,0.01711778,1.00926411
circles,cnn,123,982,0.97013089,0.03716372,0.99227322
circles,cnn,123,983,0.9699518,0.03448056,1.02701739
circles,cnn,123,984,0.9736587,0.09634486,1.02216105
circles,cnn,123,985,0.97297461,0.02020137,0.9859594
circles,cnn,123,986,0.97527849,0.07625908,0.99141335
circles,cnn,123,987,0.96937484,0.02852312,1.01620902
circles,cnn,123,988,0.98258432,0.02746709,0.98519525
circles,cnn,123,989,0.95875268,0.05929894,0.97232502
circles,cnn,123,990,0.97568572,0.04918574,0.9987821
circles,cnn,123,991,0.96325131,0.02222491,0.99887338
circles,cnn,123,992,0.97458145,0.06860586,1.0090567
circles,cnn,123,993,0.97080483,0.10477403,1.0126512
circles,cnn,123,994,0.9845274,0.03229925,1.011214
circles,cnn,123,995,0.97550935,0.02764574,0.98376989
circles,cnn,123,996,0.96745002,0.02769673,0.9857601
circles,cnn,123,997,0.97640254,0.03862686,0.97794596
circles,cnn,123,998,0.96430272,0.13630793,1.0027313
circles,cnn,123,999,0.97470097,0.03913833,0.96461797
circles,cnn,256,0,0.96816746,0.03618827,0.99004855
circles,cnn,256,1,0.97742333,0.0317885,0.98107828
circles,cnn,256,2,0.97168642,0.08745524,1.01162189
circles,cnn,256,3,0.96677908,0.11136873,1.00380848
circles,cnn,256,4,0.98029529,0.0143504,0.99734649
circles,cnn,256,5,0.97143055,0.04224079,0.99345168
circles,cnn,256,6,0.97559178,0.10257941,1.01758647
circles,cnn,256,7,0.96799412,0.04388797,1.0083828
circles,cnn,256,8,0.98279982,0.02273921,1.01569785
circles,cnn,256,9,0.98146348,0.08690252,1.01896903
circles,cnn,256,10,0.97571535,0.02343424,0.99626893
circles,cnn,256,11,0.97527017,0.01516737,1.01126612
circles,cnn,256,12,0.97073476,0.0021864,1.00179479
circles,cnn,256,13,0.97529095,0.02802291,1.01294277
circles,cnn,256,14,0.97676014,0.00828955,0.98443192
circles,cnn,256,15,0.9761016,0.08162701,0.99710709
circles,cnn,256,16,0.98696626,0.13990183,1.02733086
circles,cnn,256,17,0.97404459,0.0041532,0.97966537
circles,cnn,256,18,0.97312858,0.02439824,1.00612905
circles,cnn,256,19,0.95463139,0.03891472,1.0028324
circles,cnn,256,20,0.97165806,0.03243965,0.98907856
circles,cnn,256,21,0.97688063,0.01456811,1.0229576
circles,cnn,256,22,0.97846616,0.07974132,0.98620697
circles,cnn,256,23,0.97051362,0.03554595,1.00098062
circles,cnn,256,24,0.9732882,0.01720913,0.98815572
circles,cnn,256,25,0.97671757,0.02383604,0.96698192
circles,cnn,256,26,0.97341746,0.01192017,1.00906932
circles,cnn,256,27,0.97109832,0.01500563,1.00975999
circles,cnn,256,28,0.97364101,0.01820204,0.99365649
circles,cnn,256,29,0.97766281,0.05064004,1.00408801
circles,cnn,256,30,0.97310543,0.09714406,0.99023794
circles,cnn,256,31,0.97763102,0.06479331,1.02043953
circles,cnn,256,32,0.96583966,0.07664159,1.00862877
circles,cnn,256,33,0.9747452,0.02800854,0.99625135
circles,cnn,256,34,0.98308602,0.03106622,1.00769312
circles,cnn,256,35,0.97627229,0.09024786,0.99041672
circles,cnn,256,36,0.98380785,0.03908773,1.00477511
circles,cnn,256,37,0.96884477,0.01110501,0.98837736
circles,cnn,256,38,0.97810973,0.00337463,1.00468943
circles,cnn,256,39,0.97498727,0.03645573,1.01513694
circles,cnn,256,40,0.97495106,0.06479817,1.00120133
circles,cnn,256,41,0.98192168,0.12586161,0.99833679
circles,cnn,256,42,0.97375404,0.03595507,0.99637993
circles,cnn,256,43,0.9749259,0.12660172,1.01403348
circles,cnn,256,44,0.97876224,0.04210689,1.00005162
circles,cnn,256,45,0.96512633,0.00173872,1.00871927
circles,cnn,256,46,0.97615315,0.02434706,0.99047443
circles,cnn,256,47,0.98078252,0.04985385,1.01263408
circles,cnn,256,48,0.96781165,0.06422634,0.9885807
circles,cnn,256,49,0.96511655,0.05846031,1.02687485
circles,cnn,256,50,0.97117996,0.07064864,0.99908256
circles,cnn,256,51,0.97322354,0.09084531,1.02380992
circles,cnn,256,52,0.97320088,0.07258044,0.98133235
circles,cnn,256,53,0.96861357,0.03924342,0.9977892
circles,cnn,256,54,0.97645259,0.06725285,1.01424189
circles,cnn,256,55,0.97148687,0.00326622,1.01432581
circles,cnn,256,56,0.97850531,0.05988517,0.96264013
circles,cnn,256,57,0.97176562,0.0450717,0.98696908
circles,cnn,256,58,0.9669799,0.01634481,0.97959813
circles,cnn,256,59,0.98966092,0.098327,1.02716482
circles,cnn,256,60,0.9662478,0.04401374,0.9820835
circles,cnn,256,61,0.97441898,0.03058067,0.98954276
circles,cnn,256,62,0.97625,0.04987321,1.0310063
circles,cnn,256,63,0.96697364,0.06562694,1.00916608
circles,cnn,256,64,0.97178748,0.00475081,1.02188895
circles,cnn,256,65,0.96046225,0.1069125,0.96179832
circles,cnn,256,66,0.96736759,0.0548244,1.01063828
circles,cnn,256,67,0.96335239,0.02321593,1.00668228
circles,cnn,256,68,0.96336375,0.07804278,0.99804915
circles,cnn,256,69,0.97449063,0.07118896,1.00806677
circles,cnn,256,70,0.97522733,0.05400762,0.99567142
circles,cnn,256,71,0.97182827,0.017073,0.99411599
circles,cnn,256,72,0.97121919,0.03140999,1.00978053
circles,cnn,256,73,0.96635188,0.01013031,0.9968231
circles,cnn,256,74,0.9741067,0.02128733,1.04342925
circles,cnn,256,75,0.97194844,0.02449377,1.01331911
circles,cnn,256,76,0.97650436,0.06403834,0.99617983
circles,cnn,256,77,0.97413175,0.00692967,0.99530364
circles,cnn,256,78,0.97552883,0.05412275,0.99022887
circles,cnn,256,79,0.96933663,0.03175062,0.97862808
circles,cnn,256,80,0.97284538,0.06940897,0.99772576
circles,cnn,256,81,0.96700844,0.01295518,1.02135685
circles,cnn,256,82,0.97869921,0.03496815,1.00303271
circles,cnn,256,83,0.97030376,0.03513575,1.00515113
circles,cnn,256,84,0.95917613,0.0339562,1.01095233
circles,cnn,256,85,0.97681202,0.04989105,1.01283652
circles,cnn,256,86,0.97494738,0.0653395,1.01831102
circles,cnn,256,87,0.9768687,0.09408252,1.00152639
circles,cnn,256,88,0.97372906,0.03568038,1.01293172
circles,cnn,256,89,0.97942292,0.06626734,0.99723886
circles,cnn,256,90,0.96860837,0.03596667,1.00749536
circles,cnn,256,91,0.96479018,0.06949313,0.9702175
circles,cnn,256,92,0.96299406,0.03509331,1.00134809
circles,cnn,256,93,0.97193435,0.00754044,1.0159733
circles,cnn,256,94,0.97205268,0.0098943,0.97406823
circles,cnn,256,95,0.96552231,0.04219488,0.9880545
circles,cnn,256,96,0.96716443,0.00895441,1.01500161
circles,cnn,256,97,0.97025277,0.12627706,0.99704151
circles,cnn,256,98,0.97979228,0.05732967,1.00851501
circles,cnn,256,99,0.96544427,0.00947906,0.99968282
circles,cnn,256,100,0.971101,0.04084902,0.99414152
circles,cnn,256,101,0.97023376,0.00915268,0.98205077
circles,cnn,256,102,0.97128695,0.03917188,1.00637039
circles,cnn,256,103,0.96907816,0.02226686,1.01978471
circles,cnn,256,104,0.97843255,0.03887277,1.01053484
circles,cnn,256,105,0.96874242,0.02248177,1.01541102
circles,cnn,256,106,0.97652411,0.03379957,1.00543055
circles,cnn,256,107,0.97951805,0.08988913,1.00415875
circles,cnn,256,108,0.97013295,0.07855627,0.98321527
circles,cnn,256,109,0.97137133,0.01384447,0.99852149
circles,cnn,256,110,0.96952988,0.02263861,1.01221366
circles,cnn,256,111,0.9742927,0.00370442,1.02028544
circles,cnn,256,112,0.97942055,0.01279214,0.98741557
circles,cnn,256,113,0.97667959,0.17643671,0.98824999
circles,cnn,256,114,0.96760944,0.03784848,1.0062589
circles,cnn,256,115,0.97509599,0.04327077,1.00304784
circles,cnn,256,116,0.96560591,0.03415503,0.98788352
circles,cnn,256,117,0.97093857,0.05732134,0.97855603
circles,cnn,256,118,0.97682216,0.03197026,1.00060413
circles,cnn,256,119,0.97315396,0.02252663,0.99868543
circles,cnn,256,120,0.98439726,0.02538804,0.98601696
circles,cnn,256,121,0.98761489,0.00535865,1.0086564
circles,cnn,256,122,0.98113764,0.05376637,0.99636852
circles,cnn,256,123,0.96573764,0.00170673,1.03580008
circles,cnn,256,124,0.99127701,0.04072549,0.98892132
circles,cnn,256,125,0.9765544,0.07835784,1.01179127
circles,cnn,256,126,0.97029575,0.05205417,1.02660976
circles,cnn,256,127,0.96661624,0.04978988,1.01083544
circles,cnn,256,128,0.97982201,0.01263536,1.01410208
circles,cnn,256,129,0.96376845,0.05832265,1.01311394
circles,cnn,256,130,0.97541373,0.03843149,1.02306604
circles,cnn,256,131,0.96857951,0.09006886,1.0003961
circles,cnn,256,132,0.96639924,0.02988705,1.0159609
circles,cnn,256,133,0.98205067,0.05571498,0.99143187
circles,cnn,256,134,0.97860583,0.08523919,0.9958265
circles,cnn,256,135,0.96955008,0.05502916,0.99884614
circles,cnn,256,136,0.97369699,0.12783153,0.97264404
circles,cnn,256,137,0.97219393,0.00810684,0.99884389
circles,cnn,256,138,0.9787109,0.03427942,0.97471528
circles,cnn,256,139,0.96388385,0.01828536,0.99975962
circles,cnn,256,140,0.97629474,0.01598301,1.0036693
circles,cnn,256,141,0.97158819,0.05228769,0.99562869
circles,cnn,256,142,0.97300499,0.03080597,0.98520661
circles,cnn,256,143,0.97272254,0.02646933,1.00280444
circles,cnn,256,144,0.96900126,0.03013127,0.98185901
circles,cnn,256,145,0.96976654,0.01993607,1.02952103
circles,cnn,256,146,0.98235668,0.02302443,0.99121837
circles,cnn,256,147,0.9725367,0.09333477,0.99361538
circles,cnn,256,148,0.97246222,0.0430789,0.99317185
circles,cnn,256,149,0.96819186,0.0074169,0.99317169
circles,cnn,256,150,0.97697242,0.02884107,1.00955748
circles,cnn,256,151,0.97699434,0.02073978,0.97924586
circles,cnn,256,152,0.97164182,0.018595,0.99731832
circles,cnn,256,153,0.98141874,0.05804272,1.01614139
circles,cnn,256,154,0.97384462,0.0111838,0.96477073
circles,cnn,256,155,0.96542272,0.03491905,0.98643957
circles,cnn,256,156,0.97778172,0.02346183,0.9856624
circles,cnn,256,157,0.96248628,0.02663995,0.9928498
circles,cnn,256,158,0.96307687,0.04337228,1.01528362
circles,cnn,256,159,0.96663894,0.04840071,0.99340866
circles,cnn,256,160,0.97587512,0.07069087,0.99921611
circles,cnn,256,161,0.97455325,0.02878452,1.02105344
circles,cnn,256,162,0.98378284,0.04877662,0.9868649
circles,cnn,256,163,0.9761863,0.03194196,0.9966556
circles,cnn,256,164,0.97327505,0.01283129,1.00448867
circles,cnn,256,165,0.96515808,0.04487786,0.95595177
circles,cnn,256,166,0.97497251,0.04230066,1.01065252
circles,cnn,256,167,0.97264062,0.05805822,0.99834772
circles,cnn,256,168,0.97292989,0.00111491,0.99103109
circles,cnn,256,169,0.96607314,0.06537888,0.97507506
circles,cnn,256,170,0.97321468,0.03381167,0.98890217
circles,cnn,256,171,0.97189699,0.04442958,1.01116305
circles,cnn,256,172,0.97362157,0.05947224,1.00429818
circles,cnn,256,173,0.97390634,0.07244685,0.99279969
circles,cnn,256,174,0.9779456,0.07389557,0.99808575
circles,cnn,256,175,0.9615375,0.01302532,1.00710047
circles,cnn,256,176,0.9747952,0.05823371,1.00518784
circles,cnn,256,177,0.96465252,0.07743904,1.0203098
circles,cnn,256,178,0.97446515,0.0530989,1.00857836
circles,cnn,256,179,0.98326131,0.02811565,1.00932746
circles,cnn,256,180,0.97537576,0.0058869,1.02117904
circles,cnn,256,181,0.97476408,0.04672064,1.00071947
circles,cnn,256,182,0.95619895,0.01273767,1.01428011
circles,cnn,256,183,0.9726154,0.00631831,0.98899802
circles,cnn,256,184,0.9681255,0.01374476,1.00382331
circles,cnn,256,185,0.96751062,0.03297826,1.00330802
circles,cnn,256,186,0.98081003,0.01309444,1.01915518
circles,cnn,256,187,0.97713862,0.06479254,1.00820702
circles,cnn,256,188,0.96045453,0.0732253,0.99419753
circles,cnn,256,189,0.98197786,0.06627701,0.97304015
circles,cnn,256,190,0.96300913,0.00774242,1.00470993
circles,cnn,256,191,0.96259924,0.02007554,0.99803471
circles,cnn,256,192,0.96835035,0.09244813,0.98272172
circles,cnn,256,193,0.9755862,0.03909823,1.02150875
circles,cnn,256,194,0.96583834,0.04759044,1.0064352
circles,cnn,256,195,0.9732628,0.05284681,0.99928125
circles,cnn,256,196,0.97332847,0.01003882,0.99555785
circles,cnn,256,197,0.97518099,0.07038654,0.96917677
circles,cnn,256,198,0.97377198,0.07899716,1.02868659
circles,cnn,256,199,0.97268772,0.05262143,1.01796363
circles,cnn,256,200,0.97684939,0.04597573,1.00042665
circles,cnn,256,201,0.97089202,0.00111949,0.99234771
circles,cnn,256,202,0.96257659,0.00426702,0.97160589
circles,cnn,256,203,0.96896881,0.01335463,1.00001198
circles,cnn,256,204,0.96432096,0.08115975,0.98222177
circles,cnn,256,205,0.97099473,0.02767676,1.02613132
circles,cnn,256,206,0.96851411,0.07165549,1.00768098
circles,cnn,256,207,0.9677608,0.09569243,0.99982187
circles,cnn,256,208,0.98468067,0.09412154,0.98391215
circles,cnn,256,209,0.97232064,0.03648688,1.00002368
circles,cnn,256,210,0.97179468,0.03715094,1.01095479
circles,cnn,256,211,0.9796493,0.10431555,1.00135531
circles,cnn,256,212,0.96738408,0.03932592,1.01456313
circles,cnn,256,213,0.96880907,0.00157652,0.99440245
circles,cnn,256,214,0.98836561,0.00495657,0.99518492
circles,cnn,256,215,0.97835329,0.01143705,1.01742231
circles,cnn,256,216,0.98218502,0.03595947,0.99313182
circles,cnn,256,217,0.97041344,0.07876924,1.02057702
circles,cnn,256,218,0.96225112,0.07245555,1.00981463
circles,cnn,256,219,0.97760779,0.00056326,0.99882569
circles,cnn,256,220,0.96966197,0.00783774,1.01175801
circles,cnn,256,221,0.96829997,0.04683603,1.00219578
circles,cnn,256,222,0.97081294,0.05385517,1.00846146
circles,cnn,256,223,0.97254559,0.04503739,0.98435434
circles,cnn,256,224,0.97749458,0.04963961,0.97683819
circles,cnn,256,225,0.97653045,0.01413963,1.00320822
circles,cnn,256,226,0.97598323,0.05662591,1.00106323
circles,cnn,256,227,0.97899743,0.01906005,1.00872505
circles,cnn,256,228,0.9556416,0.01177847,1.00039413
circles,cnn,256,229,0.97007458,0.0383647,0.98665408
circles,cnn,256,230,0.96981812,0.03349947,1.01212936
circles,cnn,256,231,0.97632971,0.00730166,1.00926862
circles,cnn,256,232,0.95845806,0.02181157,1.0040997
circles,cnn,256,233,0.97278513,0.01109044,0.99771625
circles,cnn,256,234,0.97147521,0.02926605,1.00411972
circles,cnn,256,235,0.97542497,0.038949,0.98791219
circles,cnn,256,236,0.96628758,0.06567144,1.00482916
circles,cnn,256,237,0.96945555,0.01220466,0.99424121
circles,cnn,256,238,0.97160516,0.04168057,0.97520363
circles,cnn,256,239,0.97248985,0.02730079,0.9933318
circles,cnn,256,240,0.97519207,0.00375951,1.00413852
circles,cnn,256,241,0.98057121,0.0131343,1.01064442
circles,cnn,256,242,0.97752017,0.00212368,0.96560245
circles,cnn,256,243,0.98281889,0.00826133,0.97449551
circles,cnn,256,244,0.97574445,0.02832587,1.00781718
circles,cnn,256,245,0.97499119,0.02828571,1.01354515
circles,cnn,256,246,0.98519194,0.01435281,0.99362892
circles,cnn,256,247,0.97840563,0.03861096,1.00356566
circles,cnn,256,248,0.96184256,0.02153121,0.98625218
circles,cnn,256,249,0.98815752,0.02314779,1.00755669
circles,cnn,256,250,0.97653344,0.0304764,1.01471951
circles,cnn,256,251,0.96586417,0.02354339,1.00496577
circles,cnn,256,252,0.97278809,0.06978662,0.9895879
circles,cnn,256,253,0.96758285,0.04976002,0.98614564
circles,cnn,256,254,0.97688354,0.10977659,0.99377928
circles,cnn,256,255,0.97647754,0.06655974,1.02600188
circles,cnn,256,256,0.97445135,0.07303203,0.99316624
circles,cnn,256,257,0.97850351,0.03117525,1.00335274
circles,cnn,256,258,0.97180909,0.01756574,1.00576726
circles,cnn,256,259,0.97369103,0.13127204,0.98742435
circles,cnn,256,260,0.97363254,0.00881233,0.99183789
circles,cnn,256,261,0.97562207,0.0527887,0.98718756
circles,cnn,256,262,0.96822278,0.01674755,1.01542456
circles,cnn,256,263,0.9711875,0.02620943,1.00219613
circles,cnn,256,264,0.97657176,0.04000137,0.9795309
circles,cnn,256,265,0.97138194,0.03372869,1.00114897
circles,cnn,256,266,0.97155879,0.00897744,1.00507783
circles,cnn,256,267,0.97836663,0.03036997,0.99856381
circles,cnn,256,268,0.97922696,0.0288705,0.99875702
circles,cnn,256,269,0.9698659,0.01801282,0.98761596
circles,cnn,256,270,0.96939614,0.07990277,1.01800535
circles,cnn,256,271,0.96811941,0.03011552,0.99835281
circles,cnn,256,272,0.97279079,0.01994662,0.98989485
circles,cnn,256,273,0.9659126,0.01110816,1.02006479
circles,cnn,256,274,0.97389785,0.04686084,0.99936902
circles,cnn,256,275,0.96544197,0.01092519,0.97787157
circles,cnn,256,276,0.96194652,0.02916116,1.00700104
circles,cnn,256,277,0.96651392,0.04496216,0.98735811
circles,cnn,256,278,0.98060285,0.00709096,1.00846616
circles,cnn,256,279,0.98921213,0.07766909,1.01624116
circles,cnn,256,280,0.98041199,0.01802146,1.00853079
circles,cnn,256,281,0.97116156,0.03822575,0.99681124
circles,cnn,256,282,0.97122139,0.0699564,0.99536381
circles,cnn,256,283,0.9593486,0.02881052,1.00369747
circles,cnn,256,284,0.97448157,0.00959773,0.98521976
circles,cnn,256,285,0.97740711,0.05602335,1.01026943
circles,cnn,256,286,0.98733077,0.05700893,0.98628497
circles,cnn,256,287,0.98151544,0.03000867,1.01608059
circles,cnn,256,288,0.9759376,0.03267244,1.00251976
circles,cnn,256,289,0.96473887,0.01041289,0.99799212
circles,cnn,256,290,0.96936335,0.00720874,1.00055974
circles,cnn,256,291,0.97028486,0.02273094,0.99854583
circles,cnn,256,292,0.96937715,0.04467456,1.02020883
circles,cnn,256,293,0.98382698,0.03997114,0.99456865
circles,cnn,256,294,0.96498039,0.08737026,1.00232097
circles,cnn,256,295,0.97339633,0.00321302,0.98862916
circles,cnn,256,296,0.97789928,0.02937808,0.99004286
circles,cnn,256,297,0.97353571,0.0110624,1.00921857
circles,cnn,256,298,0.96840435,0.02910144,1.00229611
circles,cnn,256,299,0.98021103,0.03169338,1.02506166
circles,cnn,256,300,0.98101284,0.04852428,0.9894975
circles,cnn,256,301,0.97833798,0.04994553,0.98298724
circles,cnn,256,302,0.97511656,0.04545086,1.00658485
circles,cnn,256,303,0.96904541,0.06253907,1.02615142
circles,cnn,256,304,0.96849717,0.01640157,1.01970488
circles,cnn,256,305,0.96951209,0.12243379,0.99263488
circles,cnn,256,306,0.98188684,0.02614598,0.99846253
circles,cnn,256,307,0.97242475,0.0530147,1.01961837
circles,cnn,256,308,0.97223025,0.03381619,1.01202236
circles,cnn,256,309,0.97154412,0.05820518,1.00334029
circles,cnn,256,310,0.97436874,0.04105034,1.01395983
circles,cnn,256,311,0.97640103,0.02600799,1.02475087
circles,cnn,256,312,0.97422611,0.06587676,0.99726137
circles,cnn,256,313,0.95885826,0.00449735,1.00912397
circles,cnn,256,314,0.97809496,0.02981854,0.98822927
circles,cnn,256,315,0.97207559,0.00639415,1.01357077
circles,cnn,256,316,0.97526718,0.01522666,1.005126
circles,cnn,256,317,0.96876325,0.0564893,0.99462915
circles,cnn,256,318,0.97000407,0.08783578,0.98070609
circles,cnn,256,319,0.96619444,0.04337763,0.97909395
circles,cnn,256,320,0.96303941,0.06795268,1.0082797
circles,cnn,256,321,0.96942148,0.04564564,0.99478707
circles,cnn,256,322,0.97911152,0.10133905,1.01319399
circles,cnn,256,323,0.96966458,0.02755142,1.00087299
circles,cnn,256,324,0.96572896,0.06148133,0.99313107
circles,cnn,256,325,0.96546621,0.07627406,1.03346951
circles,cnn,256,326,0.96542112,0.00317924,1.01847794
circles,cnn,256,327,0.97261513,0.01013769,1.03126249
circles,cnn,256,328,0.98003006,0.05570086,1.01777122
circles,cnn,256,329,0.97337789,0.02058879,1.00127314
circles,cnn,256,330,0.9703937,0.01132504,1.00678789
circles,cnn,256,331,0.96905215,0.0229613,0.99535837
circles,cnn,256,332,0.97380003,0.0628589,0.99200795
circles,cnn,256,333,0.97688714,0.07677298,0.99845526
circles,cnn,256,334,0.98299686,0.02397163,0.99042914
circles,cnn,256,335,0.97292319,0.00523468,0.98703122
circles,cnn,256,336,0.9789561,0.03205413,1.00434901
circles,cnn,256,337,0.95664707,0.02259585,1.00387153
circles,cnn,256,338,0.96752045,0.06321168,1.01155945
circles,cnn,256,339,0.96554571,0.03256414,0.97904933
circles,cnn,256,340,0.96943444,0.01335045,1.01114166
circles,cnn,256,341,0.98076274,0.01362555,1.02945747
circles,cnn,256,342,0.97035809,0.07761201,0.98864305
circles,cnn,256,343,0.97630265,0.01757602,0.99919259
circles,cnn,256,344,0.96553855,0.02480567,1.00625667
circles,cnn,256,345,0.98358376,0.05802112,1.00960322
circles,cnn,256,346,0.98102522,0.04274381,0.99353743
circles,cnn,256,347,0.97280352,0.0470165,1.00562954
circles,cnn,256,348,0.97202115,0.05356675,0.99830713
circles,cnn,256,349,0.95958523,0.04078973,1.00235699
circles,cnn,256,350,0.98000603,0.03565379,1.00414565
circles,cnn,256,351,0.97463751,0.00379185,0.99188664
circles,cnn,256,352,0.97812481,0.04964019,1.00252535
circles,cnn,256,353,0.98439508,0.02863885,1.02175736
circles,cnn,256,354,0.97615803,0.04827717,0.99414301
circles,cnn,256,355,0.97108946,0.05105315,0.99767932
circles,cnn,256,356,0.97153575,0.00936423,1.00338153
circles,cnn,256,357,0.96532082,0.00214425,1.01237139
circles,cnn,256,358,0.98318992,0.03153573,0.99390408
circles,cnn,256,359,0.970622,0.00793141,0.99293842
circles,cnn,256,360,0.96958692,0.0086472,1.00774353
circles,cnn,256,361,0.97185772,0.0397342,0.99422361
circles,cnn,256,362,0.97367483,0.03998623,1.01255415
circles,cnn,256,363,0.98089876,0.07099243,0.97139916
circles,cnn,256,364,0.98398632,0.06652269,0.9976867
circles,cnn,256,365,0.96550763,0.02769506,0.98779805
circles,cnn,256,366,0.96918836,0.02402778,1.02445811
circles,cnn,256,367,0.9807894,0.02745874,0.98416537
circles,cnn,256,368,0.96829765,0.03055725,0.99352322
circles,cnn,256,369,0.96928049,0.011525,0.99096012
circles,cnn,256,370,0.96946873,0.00066022,1.01264698
circles,cnn,256,371,0.96748346,0.01458851,0.9807282
circles,cnn,256,372,0.95925719,0.01060233,1.02294569
circles,cnn,256,373,0.96763225,0.00861236,1.00114621
circles,cnn,256,374,0.97432505,0.00676408,0.98483883
circles,cnn,256,375,0.96109427,0.00237598,1.00443826
circles,cnn,256,376,0.97135733,0.01949895,1.0219525
circles,cnn,256,377,0.9768043,0.01545157,0.99687013
circles,cnn,256,378,0.97562091,0.06182216,1.0131265
circles,cnn,256,379,0.9679453,0.03962408,0.97197407
circles,cnn,256,380,0.9781334,0.04394923,0.98989664
circles,cnn,256,381,0.96716569,0.01581761,1.00394256
circles,cnn,256,382,0.97481055,0.01658484,1.00809937
circles,cnn,256,383,0.96705941,0.01600262,1.0046434
circles,cnn,256,384,0.97282704,0.01633967,0.99080735
circles,cnn,256,385,0.9747794,0.01454704,0.99308758
circles,cnn,256,386,0.97226053,0.05976465,0.98613873
circles,cnn,256,387,0.97006555,0.00506029,0.98966804
circles,cnn,256,388,0.97240754,0.00710405,0.9828464
circles,cnn,256,389,0.97322608,0.00874582,0.98365064
circles,cnn,256,390,0.96986373,0.01128238,1.01262059
circles,cnn,256,391,0.97397956,0.03422386,0.99455064
circles,cnn,256,392,0.97064154,0.072831,1.02031893
circles,cnn,256,393,0.96849673,0.04051532,0.99939488
circles,cnn,256,394,0.98013211,0.06159684,1.01564879
circles,cnn,256,395,0.96912713,0.03045294,0.99748967
circles,cnn,256,396,0.97089864,0.02198009,1.00454552
circles,cnn,256,397,0.96873442,0.10790007,1.01886724
circles,cnn,256,398,0.97553261,0.04104754,1.04022118
circles,cnn,256,399,0.97894378,0.0179887,0.98165538
circles,cnn,256,400,0.97995893,0.05896449,0.99753552
circles,cnn,256,401,0.97622623,0.05457281,0.98199751
circles,cnn,256,402,0.96921346,0.01103042,1.0071327
circles,cnn,256,403,0.98127631,0.00110861,1.00989229
circles,cnn,256,404,0.96597964,0.01177032,0.98558814
circles,cnn,256,405,0.97583672,0.04659988,0.99738222
circles,cnn,256,406,0.96042556,0.00084568,1.00019954
circles,cnn,256,407,0.9644218,0.10391598,0.97901199
circles,cnn,256,408,0.98016391,0.00459966,0.9864875
circles,cnn,256,409,0.97228048,0.04824481,1.00623608
circles,cnn,256,410,0.95948145,0.06020449,1.00528321
circles,cnn,256,411,0.97973707,0.01048078,0.97931684
circles,cnn,256,412,0.97585022,0.07229265,0.99211828
circles,cnn,256,413,0.97769901,0.01755249,0.9741011
circles,cnn,256,414,0.97645484,0.02258016,0.98172391
circles,cnn,256,415,0.9636702,0.07762319,1.0206641
circles,cnn,256,416,0.96953454,0.06867744,0.99226995
circles,cnn,256,417,0.9674907,0.05856389,1.018516
circles,cnn,256,418,0.97676936,0.02391745,0.98937073
circles,cnn,256,419,0.96220798,0.03508461,1.01520733
circles,cnn,256,420,0.97325296,0.03105265,0.99464364
circles,cnn,256,421,0.97008879,0.01354595,1.01639625
circles,cnn,256,422,0.97525188,0.00451177,1.00122487
circles,cnn,256,423,0.96967651,0.02195007,1.00348768
circles,cnn,256,424,0.96853811,0.03288959,1.0277437
circles,cnn,256,425,0.97024089,0.11404654,1.01010862
circles,cnn,256,426,0.97851082,0.07260975,0.99076682
circles,cnn,256,427,0.97170834,0.03053681,1.00511971
circles,cnn,256,428,0.96743283,0.01231937,0.99513511
circles,cnn,256,429,0.97992341,0.00617003,0.98876288
circles,cnn,256,430,0.9731231,0.03568117,0.97892276
circles,cnn,256,431,0.97638514,0.00672777,1.01248615
circles,cnn,256,432,0.9739439,0.05246387,0.98427857
circles,cnn,256,433,0.9705648,0.04103884,1.0206697
circles,cnn,256,434,0.97143268,0.05494139,0.99767274
circles,cnn,256,435,0.96911431,0.08009937,0.96846003
circles,cnn,256,436,0.97418347,0.05671969,1.00625338
circles,cnn,256,437,0.96848124,0.07405263,1.01800977
circles,cnn,256,438,0.97880681,0.02486489,0.99745661
circles,cnn,256,439,0.9636138,0.06659792,0.98639258
circles,cnn,256,440,0.9741029,0.03303864,1.00522131
circles,cnn,256,441,0.96731954,0.06424304,1.00168689
circles,cnn,256,442,0.98139268,0.02428947,0.9916439
circles,cnn,256,443,0.97565295,0.01269208,1.03404004
circles,cnn,256,444,0.97170992,0.05262538,1.01176936
circles,cnn,256,445,0.968573,0.02507789,0.9925162
circles,cnn,256,446,0.97712787,0.04041628,1.00480078
circles,cnn,256,447,0.97068782,0.07217261,0.98182686
circles,cnn,256,448,0.97459825,0.00803145,1.0227657
circles,cnn,256,449,0.98317094,0.04279446,0.97871692
circles,cnn,256,450,0.96845816,0.05702852,0.99529688
circles,cnn,256,451,0.97855682,0.08566185,1.00512334
circles,cnn,256,452,0.96503353,0.00807812,0.97744238
circles,cnn,256,453,0.97478899,0.05337294,1.00527633
circles,cnn,256,454,0.97188048,0.08440699,0.99383583
circles,cnn,256,455,0.97635294,0.01389205,0.99372562
circles,cnn,256,456,0.97198858,0.06057369,1.03164706
circles,cnn,256,457,0.97480609,0.03651906,1.01724507
circles,cnn,256,458,0.97514246,0.00560089,0.98079013
circles,cnn,256,459,0.96873262,0.10119876,1.0062018
circles,cnn,256,460,0.96843099,0.08783481,1.00641468
circles,cnn,256,461,0.97047395,0.00605481,1.00637973
circles,cnn,256,462,0.98189833,0.03724261,1.030359
circles,cnn,256,463,0.97637766,0.04517044,1.02308347
circles,cnn,256,464,0.970553,0.00889242,1.01057546
circles,cnn,256,465,0.96747113,0.04229089,1.0042443
circles,cnn,256,466,0.96370203,0.01715355,1.02718864
circles,cnn,256,467,0.97708581,0.01814671,0.99356107
circles,cnn,256,468,0.97738518,0.07668485,0.99165065
circles,cnn,256,469,0.96392395,0.04774202,0.9811647
circles,cnn,256,470,0.97559971,0.06241701,0.95957685
circles,cnn,256,471,0.97561933,0.03867909,1.0171643
circles,cnn,256,472,0.96485601,0.06576108,1.03279425
circles,cnn,256,473,0.96421903,0.05823573,1.00203789
circles,cnn,256,474,0.97742955,0.0203804,1.01070161
circles,cnn,256,475,0.97704773,0.06471715,1.02321384
circles,cnn,256,476,0.96759023,0.04683718,0.99331644
circles,cnn,256,477,0.96463731,0.11499839,0.9994555
circles,cnn,256,478,0.96888464,0.07806047,0.99540792
circles,cnn,256,479,0.96523362,0.02887023,0.98332932
circles,cnn,256,480,0.97191569,0.04951682,0.98305027
circles,cnn,256,481,0.96619296,0.04945372,0.97514816
circles,cnn,256,482,0.96807581,0.01021009,0.99165417
circles,cnn,256,483,0.97937606,0.03205016,1.00654925
circles,cnn,256,484,0.97480489,0.08464638,0.98845323
circles,cnn,256,485,0.96996307,0.04730077,0.99063657
circles,cnn,256,486,0.97691879,0.08313538,1.01394037
circles,cnn,256,487,0.96693453,0.03758301,0.99980158
circles,cnn,256,488,0.97179324,0.09908456,1.00962374
circles,cnn,256,489,0.9769077,0.01842195,0.97982824
circles,cnn,256,490,0.97126581,0.00233448,0.99664156
circles,cnn,256,491,0.97440571,0.02106988,1.0152135
circles,cnn,256,492,0.97747222,0.01341706,1.00137596
circles,cnn,256,493,0.97196077,0.06764886,0.99247206
circles,cnn,256,494,0.96797663,0.03193991,1.01138905
circles,cnn,256,495,0.97349063,0.03664607,1.00915096
circles,cnn,256,496,0.98015741,0.04483973,0.99581721
circles,cnn,256,497,0.96649294,0.00197102,1.01122891
circles,cnn,256,498,0.97350832,0.03829478,0.96859586
circles,cnn,256,499,0.9778189,0.00269771,1.00167117
circles,cnn,256,500,0.97411339,0.06772663,1.00019771
circles,cnn,256,501,0.97475567,0.09274524,1.00487427
circles,cnn,256,502,0.98937589,0.01984877,0.99683235
circles,cnn,256,503,0.96811442,0.05763477,0.9971732
circles,cnn,256,504,0.97337813,0.00291792,1.01023262
circles,cnn,256,505,0.97820654,0.01249626,0.9891975
circles,cnn,256,506,0.97885892,0.01391796,0.98417223
circles,cnn,256,507,0.97052626,0.06006526,1.0058642
circles,cnn,256,508,0.97031758,0.00102899,0.98415859
circles,cnn,256,509,0.9711548,0.00831935,1.0174718
circles,cnn,256,510,0.9595507,0.02214762,1.00338605
circles,cnn,256,511,0.96653388,0.05834246,0.98408033
circles,cnn,256,512,0.96979779,0.03702645,1.0088978
circles,cnn,256,513,0.96748425,0.00113271,0.96505794
circles,cnn,256,514,0.97507501,0.03046733,1.02143729
circles,cnn,256,515,0.97773302,0.02694331,1.01095688
circles,cnn,256,516,0.96950745,0.04633928,1.00729279
circles,cnn,256,517,0.96958506,0.02267727,1.00747101
circles,cnn,256,518,0.97033096,0.04075627,0.99614277
circles,cnn,256,519,0.9792972,0.03422739,0.98189746
circles,cnn,256,520,0.96955125,0.06506575,0.98250473
circles,cnn,256,521,0.97816833,0.05290943,0.98929931
circles,cnn,256,522,0.97094067,0.00288998,1.00922312
circles,cnn,256,523,0.96272657,0.02039695,1.03467934
circles,cnn,256,524,0.97060144,0.05077335,0.98099981
circles,cnn,256,525,0.98237402,0.06289429,1.0175255
circles,cnn,256,526,0.96962425,0.00683094,1.02767065
circles,cnn,256,527,0.97176063,0.01452953,1.00539443
circles,cnn,256,528,0.9686421,0.10861805,0.98231761
circles,cnn,256,529,0.97725964,0.01272871,1.00310759
circles,cnn,256,530,0.97509906,0.09455487,0.99740931
circles,cnn,256,531,0.97658583,0.02885073,0.9948921
circles,cnn,256,532,0.97946548,0.01254366,1.00573898
circles,cnn,256,533,0.97407334,0.05145884,0.99258623
circles,cnn,256,534,0.97449458,0.05556262,1.00725326
circles,cnn,256,535,0.97623696,0.00978279,0.96475688
circles,cnn,256,536,0.97843808,0.02209474,0.99258419
circles,cnn,256,537,0.98566155,0.00664915,1.01092401
circles,cnn,256,538,0.97415686,0.00077883,0.97295851
circles,cnn,256,539,0.98022966,0.0985574,1.00526974
circles,cnn,256,540,0.98320164,0.02509942,1.00354512
circles,cnn,256,541,0.97524546,0.08202933,1.00386524
circles,cnn,256,542,0.96892253,0.04595485,1.00272351
circles,cnn,256,543,0.97409608,0.10897946,0.95823344
circles,cnn,256,544,0.96428668,0.0405878,0.97568438
circles,cnn,256,545,0.98122628,0.01667222,0.98949059
circles,cnn,256,546,0.96609439,0.05485028,1.02014788
circles,cnn,256,547,0.97742554,0.03551981,1.01734912
circles,cnn,256,548,0.97810906,0.00423967,0.97326443
circles,cnn,256,549,0.9681913,0.03734367,0.99928796
circles,cnn,256,550,0.97036367,0.00440163,0.99563872
circles,cnn,256,551,0.97445731,0.08708854,0.9965623
circles,cnn,256,552,0.98744082,0.01238388,0.99309765
circles,cnn,256,553,0.97059114,0.04717959,0.99650789
circles,cnn,256,554,0.96942584,0.00738396,0.98797118
circles,cnn,256,555,0.97246783,0.05422259,1.01797605
circles,cnn,256,556,0.97214215,0.00413603,1.00212882
circles,cnn,256,557,0.96904429,0.04172287,1.00836088
circles,cnn,256,558,0.96605244,0.03405323,1.01128475
circles,cnn,256,559,0.97225677,0.01009526,1.04526249
circles,cnn,256,560,0.9624116,0.02810702,1.0123455
circles,cnn,256,561,0.97560297,0.03230335,0.99170646
circles,cnn,256,562,0.97557201,0.1001301,1.01841607
circles,cnn,256,563,0.96784126,0.10195274,0.97750369
circles,cnn,256,564,0.9679419,0.00403955,0.9915457
circles,cnn,256,565,0.97803137,0.13206517,1.00625763
circles,cnn,256,566,0.96232101,0.01613607,1.0076748
circles,cnn,256,567,0.96394203,0.04316381,0.98762756
circles,cnn,256,568,0.97233245,0.06413026,0.99912849
circles,cnn,256,569,0.96513457,0.00381351,0.98486979
circles,cnn,256,570,0.97248593,0.04702302,0.98332789
circles,cnn,256,571,0.97155989,0.02560438,0.9765214
circles,cnn,256,572,0.9815611,0.03658065,0.99702487
circles,cnn,256,573,0.96975777,0.08916493,0.98399461
circles,cnn,256,574,0.96625402,0.03656999,0.96675543
circles,cnn,256,575,0.98183561,0.01595073,1.01145392
circles,cnn,256,576,0.97640196,0.04463767,1.01262873
circles,cnn,256,577,0.97189821,0.0141233,1.01345281
circles,cnn,256,578,0.97970078,0.02788468,1.03597351
circles,cnn,256,579,0.96581839,0.03743624,0.97600571
circles,cnn,256,580,0.98288469,0.06937645,1.00023951
circles,cnn,256,581,0.97308494,0.0535541,0.9830407
circles,cnn,256,582,0.97515372,0.10999053,1.00348039
circles,cnn,256,583,0.96730136,0.00026122,1.00011078
circles,cnn,256,584,0.97219711,0.01216275,0.99454022
circles,cnn,256,585,0.96127148,0.07419593,1.00356764
circles,cnn,256,586,0.9819731,0.06511102,0.99192486
circles,cnn,256,587,0.96639222,0.04516126,0.98678444
circles,cnn,256,588,0.97773517,0.02040141,0.99449529
circles,cnn,256,589,0.96551884,0.01696854,1.01212034
circles,cnn,256,590,0.96550632,0.00820574,0.98706546
circles,cnn,256,591,0.97184032,0.03638017,0.98240458
circles,cnn,256,592,0.97390434,0.06306499,0.97254645
circles,cnn,256,593,0.97466242,0.00536902,0.99092223
circles,cnn,256,594,0.96629822,0.07121203,0.9827066
circles,cnn,256,595,0.97257234,0.07462784,0.99335815
circles,cnn,256,596,0.97251039,0.00999288,1.00438767
circles,cnn,256,597,0.98516272,0.07589094,1.01958954
circles,cnn,256,598,0.97947579,0.06886342,1.0258712
circles,cnn,256,599,0.97548135,0.03521517,1.04190764
circles,cnn,256,600,0.96579319,0.02661169,1.00326772
circles,cnn,256,601,0.97822922,0.02511399,0.98477851
circles,cnn,256,602,0.97428177,0.04600923,1.00304153
circles,cnn,256,603,0.96578845,0.00094088,0.98457345
circles,cnn,256,604,0.9661807,0.00473644,1.00091559
circles,cnn,256,605,0.97270139,0.00984903,0.99617246
circles,cnn,256,606,0.96357816,0.00610437,1.00071631
circles,cnn,256,607,0.97609015,0.01582579,0.98353979
circles,cnn,256,608,0.96800346,0.02540572,1.02451926
circles,cnn,256,609,0.96965228,0.06676124,1.01403242
circles,cnn,256,610,0.97692491,0.01764109,0.98142807
circles,cnn,256,611,0.97331025,0.03344592,0.99541039
circles,cnn,256,612,0.98412274,0.03135139,1.02715748
circles,cnn,256,613,0.97450664,0.0792823,0.99788118
circles,cnn,256,614,0.970969,0.11364816,1.01700297
circles,cnn,256,615,0.9730827,0.00990749,0.99653173
circles,cnn,256,616,0.97203745,0.04593523,1.00561663
circles,cnn,256,617,0.96837793,0.02473359,0.97824375
circles,cnn,256,618,0.96390317,0.05242946,0.99128315
circles,cnn,256,619,0.97177937,0.05072868,1.00167915
circles,cnn,256,620,0.96522628,0.01492838,0.99552431
circles,cnn,256,621,0.96083136,0.05953131,1.01031889
circles,cnn,256,622,0.96420253,0.02744731,1.01649582
circles,cnn,256,623,0.96769345,0.05617658,0.9925874
circles,cnn,256,624,0.9738788,0.12077188,0.97777019
circles,cnn,256,625,0.97323854,0.10373592,1.01372902
circles,cnn,256,626,0.97577852,0.05862381,0.99535499
circles,cnn,256,627,0.98422515,0.03528474,0.98842444
circles,cnn,256,628,0.97903825,0.02774594,1.00897604
circles,cnn,256,629,0.97728679,0.0509144,0.97330713
circles,cnn,256,630,0.96953259,0.06488144,1.01197058
circles,cnn,256,631,0.9760699,0.07175111,0.97733193
circles,cnn,256,632,0.97067029,0.06780876,1.01485716
circles,cnn,256,633,0.97455536,0.00680736,0.96562709
circles,cnn,256,634,0.97491026,0.05373576,1.00020803
circles,cnn,256,635,0.96523494,0.0060275,1.02200972
circles,cnn,256,636,0.99133678,0.09722861,0.98732192
circles,cnn,256,637,0.97609043,0.01793244,0.99943587
circles,cnn,256,638,0.96448197,0.0229704,0.99159581
circles,cnn,256,639,0.97264116,0.01057654,1.0048141
circles,cnn,256,640,0.96575904,0.01340619,1.0368545
circles,cnn,256,641,0.98373508,0.04120418,0.99585466
circles,cnn,256,642,0.95977765,0.02013944,1.00988346
circles,cnn,256,643,0.97177712,0.02490179,1.0062621
circles,cnn,256,644,0.98865295,0.07408858,1.01333842
circles,cnn,256,645,0.97412991,0.06110489,1.00726606
circles,cnn,256,646,0.97089951,0.0149837,1.01605803
circles,cnn,256,647,0.97690615,0.01627089,0.98340069
circles,cnn,256,648,0.97461721,0.03980962,0.99330329
circles,cnn,256,649,0.9636494,0.04797736,1.00205426
circles,cnn,256,650,0.97073329,0.00067918,0.99738255
circles,cnn,256,651,0.97459875,0.02017632,0.99855245
circles,cnn,256,652,0.96993173,0.06117975,0.99913438
circles,cnn,256,653,0.98221328,0.00033424,1.02673252
circles,cnn,256,654,0.9701564,0.00665041,1.0107863
circles,cnn,256,655,0.97880232,0.01902623,0.98429833
circles,cnn,256,656,0.9744495,0.00906827,1.02921051
circles,cnn,256,657,0.96685192,0.06733543,1.01904085
circles,cnn,256,658,0.96130934,0.02434295,0.99602044
circles,cnn,256,659,0.95978202,0.04146525,0.97913701
circles,cnn,256,660,0.97892708,0.09658137,0.98030423
circles,cnn,256,661,0.97988385,0.15715638,1.01515415
circles,cnn,256,662,0.96866892,0.0550569,0.97213626
circles,cnn,256,663,0.975539,0.02492594,0.98813339
circles,cnn,256,664,0.95906932,0.05268976,1.01677505
circles,cnn,256,665,0.9702979,0.05744398,1.0057767
circles,cnn,256,666,0.97610539,0.08496599,0.9758454
circles,cnn,256,667,0.96726991,0.01616553,0.98244532
circles,cnn,256,668,0.97263422,0.04794241,1.00402452
circles,cnn,256,669,0.97027271,0.05238732,0.98679663
circles,cnn,256,670,0.98380978,0.00302204,1.02222639
circles,cnn,256,671,0.98076738,0.01845408,1.00170801
circles,cnn,256,672,0.9560352,0.04570477,0.98670162
circles,cnn,256,673,0.96429241,0.01412502,0.99666384
circles,cnn,256,674,0.96655216,0.01620543,1.00017946
circles,cnn,256,675,0.97332543,0.04131027,1.00021232
circles,cnn,256,676,0.97125966,0.06652471,0.97257018
circles,cnn,256,677,0.95823966,0.05243533,0.9804923
circles,cnn,256,678,0.97408974,0.00822812,0.98254446
circles,cnn,256,679,0.97102654,0.04273145,0.98765396
circles,cnn,256,680,0.96938654,0.01588627,1.00425682
circles,cnn,256,681,0.97390152,0.02550833,1.00560779
circles,cnn,256,682,0.97072772,0.00181351,0.9928773
circles,cnn,256,683,0.9676633,0.01754864,0.9867427
circles,cnn,256,684,0.97609041,0.002707,1.00031819
circles,cnn,256,685,0.97397293,0.03941843,1.02431589
circles,cnn,256,686,0.97961857,0.00892688,1.01039876
circles,cnn,256,687,0.97336902,0.03205985,1.00993992
circles,cnn,256,688,0.96921967,0.01427665,0.98437363
circles,cnn,256,689,0.97286322,0.09350061,1.00724393
circles,cnn,256,690,0.97514204,0.03407313,1.00862034
circles,cnn,256,691,0.97163611,0.04904947,1.01426827
circles,cnn,256,692,0.97359393,0.01225264,0.99869631
circles,cnn,256,693,0.9699048,0.05488626,1.0065522
circles,cnn,256,694,0.96951203,0.03612604,0.99109805
circles,cnn,256,695,0.96712243,0.05223667,0.98787211
circles,cnn,256,696,0.97495047,0.0225534,1.00394438
circles,cnn,256,697,0.96510141,0.02811214,1.00352458
circles,cnn,256,698,0.98267565,0.04220515,1.02052737
circles,cnn,256,699,0.97830282,0.02408768,1.02302514
circles,cnn,256,700,0.97664661,0.02937797,1.00680966
circles,cnn,256,701,0.97034109,0.03093946,1.00512011
circles,cnn,256,702,0.97556404,0.0591046,0.99308808
circles,cnn,256,703,0.98005554,0.00897733,1.00304357
circles,cnn,256,704,0.96611374,0.02861666,0.97077554
circles,cnn,256,705,0.97814398,0.02713836,1.00004359
circles,cnn,256,706,0.9816259,0.02967661,1.00434472
circles,cnn,256,707,0.97036891,0.06247369,1.00875779
circles,cnn,256,708,0.96936544,0.07683586,0.97223966
circles,cnn,256,709,0.97204596,0.06371299,1.01463435
circles,cnn,256,710,0.97294797,0.00640565,1.00545409
circles,cnn,256,711,0.97346122,0.07048166,1.01189648
circles,cnn,256,712,0.97678242,0.0150913,1.02093535
circles,cnn,256,713,0.97362019,0.05032966,0.99263901
circles,cnn,256,714,0.97161914,0.06606029,0.99081013
circles,cnn,256,715,0.97304617,0.04675541,0.97186627
circles,cnn,256,716,0.97705525,0.05350104,1.00423834
circles,cnn,256,717,0.97422707,0.02805502,1.0004249
circles,cnn,256,718,0.9656954,0.06784003,1.01029037
circles,cnn,256,719,0.98298477,0.01090058,1.01508475
circles,cnn,256,720,0.96620465,0.03616715,0.99945646
circles,cnn,256,721,0.98409194,0.06166418,1.0011388
circles,cnn,256,722,0.97095047,0.02424083,1.0156299
circles,cnn,256,723,0.98049609,0.07160045,1.01731406
circles,cnn,256,724,0.97364059,0.02703521,1.02093397
circles,cnn,256,725,0.97484939,0.12229235,1.00441404
circles,cnn,256,726,0.9760387,0.06736948,1.00205838
circles,cnn,256,727,0.97176194,0.02602539,0.99650514
circles,cnn,256,728,0.96921203,0.0528561,1.00441377
circles,cnn,256,729,0.97347032,0.06143758,1.00003982
circles,cnn,256,730,0.97429887,0.06066836,0.97291286
circles,cnn,256,731,0.97654171,0.00857002,0.98996881
circles,cnn,256,732,0.97865975,0.07287254,0.99311915
circles,cnn,256,733,0.98135438,0.09240879,1.00155795
circles,cnn,256,734,0.97617947,0.01760514,0.96841129
circles,cnn,256,735,0.98181864,0.11645011,0.98424025
circles,cnn,256,736,0.97684553,0.0089409,0.98417825
circles,cnn,256,737,0.96955679,0.009412,0.99573371
circles,cnn,256,738,0.9674756,0.02254022,0.9856113
circles,cnn,256,739,0.97707189,0.10167878,0.99893226
circles,cnn,256,740,0.96344869,0.0200304,1.02916618
circles,cnn,256,741,0.98030437,0.05381976,0.98579697
circles,cnn,256,742,0.97925869,0.02665926,0.98247706
circles,cnn,256,743,0.97328225,0.03039759,0.97918386
circles,cnn,256,744,0.97676538,0.06713665,0.9906941
circles,cnn,256,745,0.97705038,0.06116056,0.97417327
circles,cnn,256,746,0.96629865,0.03048282,1.00040127
circles,cnn,256,747,0.97776534,0.05490451,1.02477988
circles,cnn,256,748,0.96471785,0.02933625,1.00834753
circles,cnn,256,749,0.9805248,0.04997422,1.01221258
circles,cnn,256,750,0.9736548,0.03822906,1.0098871
circles,cnn,256,751,0.98151995,0.02832351,1.02705256
circles,cnn,256,752,0.97034264,0.03641003,0.98795173
circles,cnn,256,753,0.97053846,0.00371987,1.01451598
circles,cnn,256,754,0.9657972,0.02027997,0.98609715
circles,cnn,256,755,0.97326644,0.09715314,1.01051889
circles,cnn,256,756,0.96987678,0.02036437,0.98924894
circles,cnn,256,757,0.97295225,0.04103753,1.01849484
circles,cnn,256,758,0.97573319,0.0446291,1.00274388
circles,cnn,256,759,0.98388932,0.0434473,1.01982561
circles,cnn,256,760,0.9720451,0.06082836,0.98593342
circles,cnn,256,761,0.96472047,0.03370113,1.02376583
circles,cnn,256,762,0.95668823,0.0881458,1.00756963
circles,cnn,256,763,0.97314429,0.02452977,1.02198047
circles,cnn,256,764,0.96861663,0.04589211,0.99501992
circles,cnn,256,765,0.97042553,0.01274701,1.00664197
circles,cnn,256,766,0.97788326,0.01406724,0.99036438
circles,cnn,256,767,0.96964715,0.01180061,0.98735247
circles,cnn,256,768,0.98444618,0.14128666,1.02945741
circles,cnn,256,769,0.97684759,0.07519136,1.00225346
circles,cnn,256,770,0.97257982,0.00865725,0.98256158
circles,cnn,256,771,0.97346887,0.00599072,0.97856182
circles,cnn,256,772,0.98101739,0.00483246,1.00698799
circles,cnn,256,773,0.96974973,0.01179621,1.00056561
circles,cnn,256,774,0.97614808,0.19093697,1.0213785
circles,cnn,256,775,0.97488474,0.04731053,1.01230263
circles,cnn,256,776,0.98120042,0.02540277,0.98293008
circles,cnn,256,777,0.97004915,0.05340882,0.98788871
circles,cnn,256,778,0.9802623,0.00213668,1.00031661
circles,cnn,256,779,0.96908184,0.00881029,0.96825036
circles,cnn,256,780,0.97674228,0.00734286,0.98673343
circles,cnn,256,781,0.97462135,0.04359557,0.99790888
circles,cnn,256,782,0.96881351,0.02297614,1.01197391
circles,cnn,256,783,0.97077259,0.04636303,0.97825014
circles,cnn,256,784,0.96932546,0.00323083,0.96798347
circles,cnn,256,785,0.9709087,0.06606523,0.99492793
circles,cnn,256,786,0.97301784,0.02153311,0.97205909
circles,cnn,256,787,0.98073822,0.02670138,0.99595695
circles,cnn,256,788,0.96996407,0.04086743,1.04056215
circles,cnn,256,789,0.96781405,0.03495193,0.98881691
circles,cnn,256,790,0.97224778,0.01303987,1.00028172
circles,cnn,256,791,0.9669117,0.03287655,1.02026157
circles,cnn,256,792,0.97966578,0.03077264,0.99474515
circles,cnn,256,793,0.9764749,0.14639932,1.02571779
circles,cnn,256,794,0.97677789,0.04049012,0.9588476
circles,cnn,256,795,0.97039663,0.00096039,0.99692205
circles,cnn,256,796,0.97535296,0.02182024,1.00648522
circles,cnn,256,797,0.97172365,0.02310469,1.01031048
circles,cnn,256,798,0.97298307,0.07120764,0.98657263
circles,cnn,256,799,0.97032685,0.06931712,1.00678625
circles,cnn,256,800,0.97645042,0.0159317,1.00848535
circles,cnn,256,801,0.96002396,0.08719734,0.98318995
circles,cnn,256,802,0.9733881,0.00589188,1.01444655
circles,cnn,256,803,0.97296234,0.0313357,0.99841948
circles,cnn,256,804,0.97499578,0.05446761,1.00075187
circles,cnn,256,805,0.9748135,0.00232132,1.01602581
circles,cnn,256,806,0.97832592,0.00278038,0.99864958
circles,cnn,256,807,0.97913912,0.05994034,1.00346036
circles,cnn,256,808,0.98439322,0.12346096,1.02186039
circles,cnn,256,809,0.97170175,0.02633947,0.99358504
circles,cnn,256,810,0.96467627,0.04962563,1.04697158
circles,cnn,256,811,0.97795934,0.00830379,1.00318527
circles,cnn,256,812,0.97728544,0.00758141,0.98243111
circles,cnn,256,813,0.97553814,0.03757811,1.00143287
circles,cnn,256,814,0.9723758,0.03040381,1.01025139
circles,cnn,256,815,0.97733621,0.02896585,0.99070648
circles,cnn,256,816,0.97906343,0.03762245,0.99861767
circles,cnn,256,817,0.96469921,0.06075637,0.99146385
circles,cnn,256,818,0.96899288,0.04934058,0.99268752
circles,cnn,256,819,0.97094161,0.06502157,1.01993247
circles,cnn,256,820,0.9737129,0.07620608,1.02773357
circles,cnn,256,821,0.96901434,0.09121667,1.00111408
circles,cnn,256,822,0.96014156,0.03934785,1.02421718
circles,cnn,256,823,0.97618138,0.04359219,0.98901966
circles,cnn,256,824,0.96669802,0.06966569,1.025193
circles,cnn,256,825,0.98009507,0.00181435,0.96354194
circles,cnn,256,826,0.97764662,0.08024284,1.01057921
circles,cnn,256,827,0.97156697,0.05977676,0.97606735
circles,cnn,256,828,0.97222003,0.04855302,1.01852829
circles,cnn,256,829,0.96960305,0.03481252,1.01172585
circles,cnn,256,830,0.96736485,0.02126881,0.99824211
circles,cnn,256,831,0.97334537,0.00673881,1.00140269
circles,cnn,256,832,0.96870021,0.12506428,0.99212127
circles,cnn,256,833,0.97046552,0.03773,1.00533996
circles,cnn,256,834,0.97128466,0.02310632,1.00205012
circles,cnn,256,835,0.97544334,0.01616713,0.99484091
circles,cnn,256,836,0.98149675,0.02352138,1.00751191
circles,cnn,256,837,0.96636713,0.06791287,0.96747283
circles,cnn,256,838,0.97077156,0.010202,1.00302784
circles,cnn,256,839,0.97204214,0.11471167,0.99691816
circles,cnn,256,840,0.97513445,0.02191803,0.99742533
circles,cnn,256,841,0.96991776,0.05725341,1.03665635
circles,cnn,256,842,0.98400759,0.0507319,0.98781915
circles,cnn,256,843,0.97337228,0.01182857,0.98496617
circles,cnn,256,844,0.97144261,0.03922304,1.00213549
circles,cnn,256,845,0.97649614,0.02481811,1.02388695
circles,cnn,256,846,0.96630992,0.01842189,0.9995367
circles,cnn,256,847,0.97713759,0.04226788,0.9799303
circles,cnn,256,848,0.9735876,0.0283869,1.02207095
circles,cnn,256,849,0.96269374,0.03216122,0.98866272
circles,cnn,256,850,0.97714531,0.00544057,0.97557149
circles,cnn,256,851,0.98578167,0.01799998,1.01242752
circles,cnn,256,852,0.97641422,0.05550701,0.98319333
circles,cnn,256,853,0.97698006,0.13946996,0.99338244
circles,cnn,256,854,0.97192327,0.05308084,1.00723638
circles,cnn,256,855,0.98709479,0.04206993,1.00086354
circles,cnn,256,856,0.97350589,0.01754725,0.99518058
circles,cnn,256,857,0.98016355,0.03247768,0.98587132
circles,cnn,256,858,0.97476202,0.09066252,0.99263147
circles,cnn,256,859,0.96667982,0.05395994,0.98747922
circles,cnn,256,860,0.96506343,0.05516979,0.98741602
circles,cnn,256,861,0.9525737,0.00989676,0.99671141
circles,cnn,256,862,0.97568943,0.03566956,0.99626851
circles,cnn,256,863,0.97088081,0.06553713,1.01294978
circles,cnn,256,864,0.97511601,0.02838676,0.99515339
circles,cnn,256,865,0.97406784,0.09188409,0.9888494
circles,cnn,256,866,0.97425283,0.00421088,1.00817504
circles,cnn,256,867,0.97397767,0.01543917,1.00064144
circles,cnn,256,868,0.96868653,0.01885527,0.97618206
circles,cnn,256,869,0.97024491,0.06427059,1.00518262
circles,cnn,256,870,0.96647312,0.08413602,0.98667594
circles,cnn,256,871,0.97842864,0.04999309,0.99640926
circles,cnn,256,872,0.97315781,0.034074,0.97447558
circles,cnn,256,873,0.97055535,0.05480666,1.02182564
circles,cnn,256,874,0.97275416,0.01068369,0.99252898
circles,cnn,256,875,0.9727576,0.03994781,0.99616118
circles,cnn,256,876,0.96861753,0.02249078,0.98469642
circles,cnn,256,877,0.97773285,0.00509076,1.01347054
circles,cnn,256,878,0.9810209,0.00733844,0.98295335
circles,cnn,256,879,0.96390465,0.0150565,1.01632305
circles,cnn,256,880,0.96585858,0.07614755,0.99638152
circles,cnn,256,881,0.97992699,0.04141535,0.98651457
circles,cnn,256,882,0.9533969,0.09915855,1.01773462
circles,cnn,256,883,0.97771213,0.04235739,0.99649426
circles,cnn,256,884,0.97739107,0.05603525,0.99790839
circles,cnn,256,885,0.97472434,0.09253918,1.00753576
circles,cnn,256,886,0.96776726,0.01741697,0.99329022
circles,cnn,256,887,0.96976455,0.04305201,0.97723902
circles,cnn,256,888,0.97542091,0.05181104,1.03745568
circles,cnn,256,889,0.97004241,0.00548131,1.01622619
circles,cnn,256,890,0.9654965,0.03863235,1.00970853
circles,cnn,256,891,0.96190252,0.06847106,1.01255643
circles,cnn,256,892,0.97088678,0.01554745,1.0215615
circles,cnn,256,893,0.97688407,0.05591304,0.99574358
circles,cnn,256,894,0.97334355,0.05948956,0.99731542
circles,cnn,256,895,0.97461961,0.00520704,1.01036243
circles,cnn,256,896,0.9852161,0.04735103,1.00570665
circles,cnn,256,897,0.97351713,0.07658536,0.98777625
circles,cnn,256,898,0.97644675,0.01208297,0.98990691
circles,cnn,256,899,0.97627001,0.06357095,0.98234753
circles,cnn,256,900,0.97352285,0.07674748,0.98726421
circles,cnn,256,901,0.96518568,0.0096845,1.00275532
circles,cnn,256,902,0.97700562,0.00170175,0.99921332
circles,cnn,256,903,0.97829825,0.07164022,1.00834938
circles,cnn,256,904,0.96530782,0.04757062,1.0407669
circles,cnn,256,905,0.96725199,0.07486897,0.99559229
circles,cnn,256,906,0.96927555,0.0405835,1.00068772
circles,cnn,256,907,0.97830599,0.05468816,0.98583545
circles,cnn,256,908,0.96932215,0.05546487,0.99677526
circles,cnn,256,909,0.97012984,0.02008692,0.99673894
circles,cnn,256,910,0.97259495,0.01456441,0.98167523
circles,cnn,256,911,0.98059393,0.05275026,1.01496578
circles,cnn,256,912,0.9785492,0.0177708,1.00529523
circles,cnn,256,913,0.96526909,0.02668144,1.00235377
circles,cnn,256,914,0.96808733,0.01328347,1.01614731
circles,cnn,256,915,0.97559528,0.01962684,0.99849645
circles,cnn,256,916,0.95642015,0.0202941,1.01912566
circles,cnn,256,917,0.98355104,0.12493039,0.98259922
circles,cnn,256,918,0.97575401,0.02006146,0.99701496
circles,cnn,256,919,0.96685747,0.01311253,0.99122779
circles,cnn,256,920,0.97079805,0.04123919,0.99100081
circles,cnn,256,921,0.97598474,0.0122402,0.98906597
circles,cnn,256,922,0.97934013,0.04129084,0.9925434
circles,cnn,256,923,0.97863823,0.06338414,0.98938305
circles,cnn,256,924,0.97785086,0.07566257,0.99843187
circles,cnn,256,925,0.9744085,0.05291015,0.99906925
circles,cnn,256,926,0.97103007,0.05603832,1.00827628
circles,cnn,256,927,0.97426949,0.00999927,1.02504054
circles,cnn,256,928,0.96529487,0.04911572,0.98409451
circles,cnn,256,929,0.97639649,0.04489622,0.99732744
circles,cnn,256,930,0.9621957,0.11179103,0.98813597
circles,cnn,256,931,0.96876736,0.01263969,0.99507018
circles,cnn,256,932,0.98032636,0.01446524,1.01335991
circles,cnn,256,933,0.97530753,0.06393207,0.99889929
circles,cnn,256,934,0.98498115,0.02439803,0.99930585
circles,cnn,256,935,0.97851137,0.02356391,0.99069248
circles,cnn,256,936,0.9703165,0.03849117,1.01729065
circles,cnn,256,937,0.9704374,0.01831222,0.98596628
circles,cnn,256,938,0.96923662,0.01422398,1.00473786
circles,cnn,256,939,0.97079232,0.04750192,1.00907614
circles,cnn,256,940,0.98126214,0.00690038,0.99533297
circles,cnn,256,941,0.97560443,0.00900032,1.00980117
circles,cnn,256,942,0.9782079,0.02739594,0.97749273
circles,cnn,256,943,0.96052763,0.06543526,0.99812082
circles,cnn,256,944,0.97018178,0.03360935,1.02082569
circles,cnn,256,945,0.97329345,0.12463992,0.99301479
circles,cnn,256,946,0.97386499,0.01299287,0.98483202
circles,cnn,256,947,0.96780449,0.01820774,1.00981446
circles,cnn,256,948,0.9674871,0.05189403,1.00386765
circles,cnn,256,949,0.98579091,0.01580947,1.00352955
circles,cnn,256,950,0.97824208,0.07353244,0.97740971
circles,cnn,256,951,0.97878713,0.01420414,0.9943412
circles,cnn,256,952,0.98094755,0.05528401,1.00662791
circles,cnn,256,953,0.98125799,0.04862368,0.98997175
circles,cnn,256,954,0.96030066,0.05109413,0.99347718
circles,cnn,256,955,0.97506018,0.09800509,1.01880981
circles,cnn,256,956,0.96894693,0.01770834,0.98974101
circles,cnn,256,957,0.97999011,0.06123462,0.97828691
circles,cnn,256,958,0.96762847,0.03423899,0.99942797
circles,cnn,256,959,0.98199445,0.01242662,0.99729799
circles,cnn,256,960,0.97049197,0.02755953,0.98371924
circles,cnn,256,961,0.9752463,0.01870532,0.99791467
circles,cnn,256,962,0.98183841,0.0247106,0.99718489
circles,cnn,256,963,0.97368352,0.07364809,1.00859298
circles,cnn,256,964,0.97722335,0.0063427,1.03000569
circles,cnn,256,965,0.98281537,0.05003973,1.02759537
circles,cnn,256,966,0.97596253,0.05708096,1.03464308
circles,cnn,256,967,0.97783767,0.06845675,0.98739722
circles,cnn,256,968,0.98201855,0.09294425,1.00689837
circles,cnn,256,969,0.96882114,0.08448431,0.99931932
circles,cnn,256,970,0.97371005,0.00715051,0.99027151
circles,cnn,256,971,0.96538862,0.05174725,1.01965235
circles,cnn,256,972,0.98046855,0.03074772,0.992233
circles,cnn,256,973,0.97900927,0.01448255,0.98860272
circles,cnn,256,974,0.97790913,0.02515918,0.98732199
circles,cnn,256,975,0.97256062,0.05418009,0.98224081
circles,cnn,256,976,0.96987768,0.07809218,0.9983747
circles,cnn,256,977,0.96644244,0.02657097,1.02906987
circles,cnn,256,978,0.96632829,0.07755873,1.01975998
circles,cnn,256,979,0.96437497,0.07617384,0.99269557
circles,cnn,256,980,0.97223463,0.05735343,0.98349726
circles,cnn,256,981,0.97441391,0.01477501,0.96280066
circles,cnn,256,982,0.9734755,0.00971152,0.98083472
circles,cnn,256,983,0.97833143,0.03629912,1.00776557
circles,cnn,256,984,0.97338386,0.01305248,1.01754836
circles,cnn,256,985,0.98065215,0.04971098,1.00242485
circles,cnn,256,986,0.97349986,0.04746955,1.00706173
circles,cnn,256,987,0.97142398,0.03720293,0.99241558
circles,cnn,256,988,0.97929425,0.06248426,0.97158281
circles,cnn,256,989,0.98077806,0.05135609,0.99387018
circles,cnn,256,990,0.96791726,0.07343587,1.00191951
circles,cnn,256,991,0.97174423,0.03807837,1.01414729
circles,cnn,256,992,0.96317109,0.05099227,1.03087346
circles,cnn,256,993,0.98293627,0.03262123,0.99936138
circles,cnn,256,994,0.98290002,0.05819651,0.99345118
circles,cnn,256,995,0.98380008,0.0475294,1.01117597
circles,cnn,256,996,0.97185123,0.03041499,0.97776819
circles,cnn,256,997,0.97557912,0.00783856,1.01453718
circles,cnn,256,998,0.97284094,0.03746022,0.97897364
circles,cnn,256,999,0.96627558,0.14715399,1.01756582
circles,cnn,512,0,0.96673522,0.00163746,0.99461178
circles,cnn,512,1,0.97516607,0.05796255,0.97923572
circles,cnn,512,2,0.97660918,0.01004984,1.00416058
circles,cnn,512,3,0.96102392,0.00647851,1.01107408
circles,cnn,512,4,0.97662327,0.04713227,1.01311956
circles,cnn,512,5,0.97018625,0.12125615,1.03187067
circles,cnn,512,6,0.9763853,0.07376685,0.98118126
circles,cnn,512,7,0.97063642,0.02128986,1.00469334
circles,cnn,512,8,0.96739936,0.09577223,1.01208508
circles,cnn,512,9,0.96919181,0.03308126,0.99872944
circles,cnn,512,10,0.97250826,0.04698752,0.98486414
circles,cnn,512,11,0.97230369,0.01810034,0.9930417
circles,cnn,512,12,0.97155946,0.04487277,1.00851735
circles,cnn,512,13,0.98235853,0.03356832,0.97855519
circles,cnn,512,14,0.97688657,0.00286462,0.96714006
circles,cnn,512,15,0.97454894,0.01689229,1.00816236
circles,cnn,512,16,0.9772903,0.01235753,0.97637858
circles,cnn,512,17,0.97435258,0.03975758,0.9959836
circles,cnn,512,18,0.96832909,0.02063521,1.02263645
circles,cnn,512,19,0.97217109,0.01117425,0.98508457
circles,cnn,512,20,0.96960738,0.02497832,1.02404148
circles,cnn,512,21,0.98761367,0.09825555,0.99276363
circles,cnn,512,22,0.98425987,0.11857457,0.99867058
circles,cnn,512,23,0.97359808,0.05400543,0.99787735
circles,cnn,512,24,0.97163145,0.05053797,1.00969829
circles,cnn,512,25,0.97975365,0.04346777,0.98167533
circles,cnn,512,26,0.97144414,0.06958755,0.99249142
circles,cnn,512,27,0.97397659,0.04943356,1.01850788
circles,cnn,512,28,0.97268183,0.00957083,1.0208681
circles,cnn,512,29,0.97371908,0.02450112,1.01909347
circles,cnn,512,30,0.98331182,0.03613257,0.97453581
circles,cnn,512,31,0.97101058,0.0417705,0.97965766
circles,cnn,512,32,0.97430968,0.05050258,1.01522592
circles,cnn,512,33,0.97324648,0.00371514,1.00520789
circles,cnn,512,34,0.97005685,0.07025682,1.01015278
circles,cnn,512,35,0.96357449,0.07577733,0.99807099
circles,cnn,512,36,0.96780252,0.01173254,0.99702509
circles,cnn,512,37,0.96378776,0.00058558,1.00363262
circles,cnn,512,38,0.97211582,0.02432513,1.00690592
circles,cnn,512,39,0.97241725,0.06118822,1.00472066
circles,cnn,512,40,0.98176667,0.04628347,0.99758852
circles,cnn,512,41,0.97928309,0.02931019,1.00533238
circles,cnn,512,42,0.96522457,0.05521338,1.01280212
circles,cnn,512,43,0.97023163,0.04942276,1.01187966
circles,cnn,512,44,0.97896042,0.04253404,0.97684124
circles,cnn,512,45,0.96693221,0.00759407,1.00235287
circles,cnn,512,46,0.98640908,0.00697912,0.9858091
circles,cnn,512,47,0.97352785,0.07473955,1.01352607
circles,cnn,512,48,0.97242136,0.0294596,0.97556497
circles,cnn,512,49,0.97462453,0.06815717,1.00531463
circles,cnn,512,50,0.98503248,0.01229115,0.99473826
circles,cnn,512,51,0.96874711,0.02451496,0.97499414
circles,cnn,512,52,0.97926434,0.04688394,0.98916256
circles,cnn,512,53,0.966185,0.10861024,1.00405825
circles,cnn,512,54,0.97449462,0.03250796,0.98704686
circles,cnn,512,55,0.97267274,0.04213896,1.00155949
circles,cnn,512,56,0.97242208,0.00094043,1.00416907
circles,cnn,512,57,0.96585464,0.08023007,0.99012697
circles,cnn,512,58,0.96807343,0.01823833,1.00812409
circles,cnn,512,59,0.9773804,0.01648546,0.9776333
circles,cnn,512,60,0.97469245,0.09568249,1.00362076
circles,cnn,512,61,0.96544549,0.04569386,0.99411144
circles,cnn,512,62,0.97454774,0.03421352,1.02206756
circles,cnn,512,63,0.97662209,0.06542657,1.004036
circles,cnn,512,64,0.9720147,0.06757108,0.99190663
circles,cnn,512,65,0.98521919,0.00839449,1.018629
circles,cnn,512,66,0.96911472,0.11631202,1.0116855
circles,cnn,512,67,0.97006327,0.07668219,1.02341439
circles,cnn,512,68,0.98042074,0.03204795,0.99773406
circles,cnn,512,69,0.96693566,0.03449007,0.99340981
circles,cnn,512,70,0.98009122,0.06811933,1.01050991
circles,cnn,512,71,0.97681804,0.03164615,0.9757038
circles,cnn,512,72,0.96836719,0.05871577,1.00015111
circles,cnn,512,73,0.97508746,0.00994914,0.9867126
circles,cnn,512,74,0.98203791,0.00321524,0.99083135
circles,cnn,512,75,0.9675559,0.02674709,1.01428956
circles,cnn,512,76,0.98003176,0.02910295,1.00396073
circles,cnn,512,77,0.96598916,0.0222435,1.00766667
circles,cnn,512,78,0.9806772,0.01240148,0.96456395
circles,cnn,512,79,0.96035554,0.12195901,0.99110476
circles,cnn,512,80,0.96927499,0.07619047,0.98930854
circles,cnn,512,81,0.98238262,0.04584606,1.01466522
circles,cnn,512,82,0.96524366,0.03782024,0.98508965
circles,cnn,512,83,0.96201391,0.07114254,0.97414507
circles,cnn,512,84,0.97326519,0.03651717,1.00830729
circles,cnn,512,85,0.97697203,0.00832304,1.01085889
circles,cnn,512,86,0.97357299,0.00357055,1.01013361
circles,cnn,512,87,0.97005051,0.05988012,1.02853093
circles,cnn,512,88,0.98441088,0.02494735,0.9936764
circles,cnn,512,89,0.97639026,0.02759468,0.99416092
circles,cnn,512,90,0.97329577,0.0882919,1.01779427
circles,cnn,512,91,0.97212547,0.03831939,0.99755083
circles,cnn,512,92,0.97650213,0.00723378,0.97403303
circles,cnn,512,93,0.98245917,0.11654151,1.01265224
circles,cnn,512,94,0.96788949,0.01200951,1.00227836
circles,cnn,512,95,0.97390655,0.04343386,1.00817888
circles,cnn,512,96,0.96688952,0.02963607,1.01017568
circles,cnn,512,97,0.96763761,0.02732325,0.97965579
circles,cnn,512,98,0.98091329,0.01827601,1.03365713
circles,cnn,512,99,0.96904693,0.06334435,1.00503054
circles,cnn,512,100,0.98317992,0.03760133,1.0070991
circles,cnn,512,101,0.96493102,0.03999537,1.00556273
circles,cnn,512,102,0.97044079,0.05595761,1.02936207
circles,cnn,512,103,0.97876018,0.02372887,0.99410439
circles,cnn,512,104,0.97208811,0.06120562,1.00878502
circles,cnn,512,105,0.97445589,0.00637775,0.99861001
circles,cnn,512,106,0.98029989,0.0383806,0.98749703
circles,cnn,512,107,0.97997112,0.04301219,0.99717377
circles,cnn,512,108,0.97128406,0.00941612,1.00123135
circles,cnn,512,109,0.97097687,0.01148254,0.97929694
circles,cnn,512,110,0.97194221,0.10342291,0.99049009
circles,cnn,512,111,0.97792954,0.03430789,0.99820595
circles,cnn,512,112,0.97658237,0.02698336,0.98341441
circles,cnn,512,113,0.97761772,0.01779855,1.00789155
circles,cnn,512,114,0.96661142,0.02024192,0.98345754
circles,cnn,512,115,0.96896643,0.05112316,0.99036397
circles,cnn,512,116,0.97641976,0.02055267,1.01374965
circles,cnn,512,117,0.97549092,0.07589106,1.00506348
circles,cnn,512,118,0.96374046,0.01407549,1.00605332
circles,cnn,512,119,0.97236173,0.03538219,1.01385683
circles,cnn,512,120,0.97394942,0.06008826,1.00534772
circles,cnn,512,121,0.96576693,0.07280064,0.99882103
circles,cnn,512,122,0.95861568,0.05664748,1.0106972
circles,cnn,512,123,0.97309764,0.06322221,1.00689641
circles,cnn,512,124,0.98088297,0.08373814,0.99970393
circles,cnn,512,125,0.97174755,0.00878906,0.99861779
circles,cnn,512,126,0.97353613,0.07356088,1.02138047
circles,cnn,512,127,0.98679177,0.04717104,1.01124939
circles,cnn,512,128,0.96087695,0.0011678,1.00498032
circles,cnn,512,129,0.96790679,0.04711268,0.98570517
circles,cnn,512,130,0.97308727,0.05616463,1.01153727
circles,cnn,512,131,0.97861589,0.02283829,1.05618019
circles,cnn,512,132,0.97972076,0.04749363,1.00075205
circles,cnn,512,133,0.98006098,0.00633426,1.01435734
circles,cnn,512,134,0.97932629,0.04572823,1.01322494
circles,cnn,512,135,0.9745686,0.09876781,1.01267032
circles,cnn,512,136,0.98209916,0.06457682,1.01847039
circles,cnn,512,137,0.95621702,0.0048181,1.0238477
circles,cnn,512,138,0.97448662,0.04602774,1.00626104
circles,cnn,512,139,0.98169581,0.04194736,1.01256619
circles,cnn,512,140,0.96953682,0.06412966,0.99112026
circles,cnn,512,141,0.97264246,0.07082232,0.97350768
circles,cnn,512,142,0.97172716,0.01659495,1.00999852
circles,cnn,512,143,0.96853803,0.07335831,0.99658768
circles,cnn,512,144,0.96573196,0.07858061,1.00935614
circles,cnn,512,145,0.97049939,0.01644166,0.99692399
circles,cnn,512,146,0.96562233,0.01198571,1.00939306
circles,cnn,512,147,0.97400914,0.00181179,1.00090691
circles,cnn,512,148,0.97818743,0.05918725,1.01887419
circles,cnn,512,149,0.96334601,0.011683,0.9772862
circles,cnn,512,150,0.97154133,0.01702731,1.00385359
circles,cnn,512,151,0.97354291,0.09428026,1.03060697
circles,cnn,512,152,0.96263569,0.07610413,1.00071704
circles,cnn,512,153,0.97167308,0.06434012,0.98371841
circles,cnn,512,154,0.96472357,0.05845599,0.99228096
circles,cnn,512,155,0.96267379,0.12021963,1.01170514
circles,cnn,512,156,0.98104602,0.01306807,1.0115067
circles,cnn,512,157,0.98177187,0.0604327,1.00681415
circles,cnn,512,158,0.97943804,0.05599831,1.01709701
circles,cnn,512,159,0.96935197,0.00563184,1.01507638
circles,cnn,512,160,0.97301693,0.04365236,1.01966533
circles,cnn,512,161,0.96289607,0.01352786,0.99874428
circles,cnn,512,162,0.97111157,0.02448435,1.01976224
circles,cnn,512,163,0.97452537,0.01696455,0.99332919
circles,cnn,512,164,0.97010751,0.0337665,0.99997189
circles,cnn,512,165,0.9746582,0.01554972,0.99080639
circles,cnn,512,166,0.97339772,0.05666948,0.98750831
circles,cnn,512,167,0.98135292,0.01157286,0.9918737
circles,cnn,512,168,0.97167341,0.09617503,1.00801925
circles,cnn,512,169,0.97404329,0.05095914,0.97916597
circles,cnn,512,170,0.97132869,0.07249794,1.03173207
circles,cnn,512,171,0.9660544,0.0126345,0.98106517
circles,cnn,512,172,0.97141867,0.05921767,0.99857551
circles,cnn,512,173,0.96940505,0.02172718,0.9888581
circles,cnn,512,174,0.98236597,0.01668409,0.9966448
circles,cnn,512,175,0.98493917,0.04979485,1.00499248
circles,cnn,512,176,0.97099393,0.03040247,1.00028867
circles,cnn,512,177,0.97489691,0.03505463,0.98986091
circles,cnn,512,178,0.97595195,0.05733264,0.98750786
circles,cnn,512,179,0.96308213,0.04355843,0.99478843
circles,cnn,512,180,0.9681634,0.05341974,0.98089019
circles,cnn,512,181,0.96779714,0.02237758,0.99442436
circles,cnn,512,182,0.97158814,0.02153413,1.02731697
circles,cnn,512,183,0.96692737,0.02300072,1.01128452
circles,cnn,512,184,0.96582682,0.04014488,0.9912491
circles,cnn,512,185,0.9742244,0.04402257,0.98931767
circles,cnn,512,186,0.97149832,0.02395034,1.03896377
circles,cnn,512,187,0.97439608,0.04368364,1.01824475
circles,cnn,512,188,0.96644626,0.01025359,1.00937846
circles,cnn,512,189,0.97222109,0.05174488,0.99471911
circles,cnn,512,190,0.96564851,0.02959894,0.98855459
circles,cnn,512,191,0.98090583,0.04415083,1.02071867
circles,cnn,512,192,0.97131247,0.00308973,1.01141021
circles,cnn,512,193,0.96815577,0.08850975,0.9856607
circles,cnn,512,194,0.96802187,0.06773962,0.99258109
circles,cnn,512,195,0.9775462,0.02892757,1.02242757
circles,cnn,512,196,0.97280139,0.03155356,1.01442555
circles,cnn,512,197,0.97431546,0.01930833,1.00478566
circles,cnn,512,198,0.96959859,0.11497023,1.01134748
circles,cnn,512,199,0.97248922,0.01322997,0.96954491
circles,cnn,512,200,0.96591463,0.00769516,0.97658432
circles,cnn,512,201,0.96749524,0.01350331,1.01309544
circles,cnn,512,202,0.9779407,0.06358091,0.97892541
circles,cnn,512,203,0.97564059,0.00704318,0.99551646
circles,cnn,512,204,0.96593633,0.04690187,0.98271713
circles,cnn,512,205,0.98039308,0.07830373,0.99271994
circles,cnn,512,206,0.96961206,0.08386268,0.99544271
circles,cnn,512,207,0.96533802,0.08287382,1.00081031
circles,cnn,512,208,0.96344346,0.06662892,0.98059746
circles,cnn,512,209,0.9659805,0.09340686,1.003562
circles,cnn,512,210,0.97858515,0.0785155,0.98692448
circles,cnn,512,211,0.96602676,0.00096728,1.00944147
circles,cnn,512,212,0.96441678,0.02115876,0.99266359
circles,cnn,512,213,0.9771335,0.06173298,0.98146073
circles,cnn,512,214,0.95841811,0.0594957,0.99743923
circles,cnn,512,215,0.9696812,0.09341965,1.00137642
circles,cnn,512,216,0.96991892,0.03202943,1.02725727
circles,cnn,512,217,0.96221192,0.04028506,1.01324039
circles,cnn,512,218,0.97442479,0.0596636,0.99166923
circles,cnn,512,219,0.97235201,0.00269045,0.99132872
circles,cnn,512,220,0.97310647,0.11810101,0.97516971
circles,cnn,512,221,0.96703851,0.05767234,1.00468706
circles,cnn,512,222,0.95572873,0.03214936,0.99781155
circles,cnn,512,223,0.97325977,0.04353076,1.01003353
circles,cnn,512,224,0.98006469,0.07552634,0.98868103
circles,cnn,512,225,0.97300993,0.00623041,1.0102487
circles,cnn,512,226,0.96936933,0.0122608,1.00664845
circles,cnn,512,227,0.97608771,0.0109284,0.99728055
circles,cnn,512,228,0.97368666,0.054412,1.00055498
circles,cnn,512,229,0.96939818,0.03950846,1.02220627
circles,cnn,512,230,0.97137704,0.06778122,1.00398613
circles,cnn,512,231,0.96380661,0.01725379,1.00610192
circles,cnn,512,232,0.96966251,0.0085202,0.9847909
circles,cnn,512,233,0.97456648,0.01261578,1.00474252
circles,cnn,512,234,0.96955344,0.10317911,1.02363255
circles,cnn,512,235,0.9665604,0.00069637,0.99849546
circles,cnn,512,236,0.97666182,0.03977786,1.00101844
circles,cnn,512,237,0.98083542,0.01934406,0.99459713
circles,cnn,512,238,0.98364679,0.02213238,1.00875826
circles,cnn,512,239,0.97393044,0.01627249,1.00848999
circles,cnn,512,240,0.97502391,0.01637327,0.99053578
circles,cnn,512,241,0.97218125,0.03541235,0.9974949
circles,cnn,512,242,0.97240481,0.0202662,1.03687985
circles,cnn,512,243,0.97193376,0.11291429,0.99344977
circles,cnn,512,244,0.97184521,0.00648569,1.02338907
circles,cnn,512,245,0.97398904,0.06848151,1.01441517
circles,cnn,512,246,0.97371635,0.05984021,1.02040641
circles,cnn,512,247,0.96679916,0.09499198,0.99413273
circles,cnn,512,248,0.97512952,0.02313796,0.99717614
circles,cnn,512,249,0.9833811,0.04431553,0.99170747
circles,cnn,512,250,0.98126795,0.06087649,1.00296752
circles,cnn,512,251,0.98088711,0.03458169,1.00700577
circles,cnn,512,252,0.9654385,0.00357601,0.99602297
circles,cnn,512,253,0.97627995,0.03088637,1.01629974
circles,cnn,512,254,0.9747241,0.02053775,0.99194947
circles,cnn,512,255,0.98611632,0.01891543,1.00415231
circles,cnn,512,256,0.97297595,0.01785487,1.00763428
circles,cnn,512,257,0.97079265,0.07234996,0.99731512
circles,cnn,512,258,0.9791904,0.0711353,1.00790162
circles,cnn,512,259,0.97789933,0.02108926,1.00009703
circles,cnn,512,260,0.97932023,0.00276206,0.9893988
circles,cnn,512,261,0.97525534,0.01116246,1.03211078
circles,cnn,512,262,0.97587292,0.03552232,0.9958758
circles,cnn,512,263,0.97836752,0.03489098,0.99955527
circles,cnn,512,264,0.97388845,0.0669547,0.9923802
circles,cnn,512,265,0.97016133,0.03897266,0.99807511
circles,cnn,512,266,0.97126773,0.07576641,0.99399745
circles,cnn,512,267,0.97981455,0.02341324,1.01023489
circles,cnn,512,268,0.97499017,0.10181457,1.00333964
circles,cnn,512,269,0.98708754,0.08343633,0.98015325
circles,cnn,512,270,0.97760681,0.071078,0.9816507
circles,cnn,512,271,0.96898652,0.03948732,0.98966868
circles,cnn,512,272,0.96558248,0.03445036,0.98746664
circles,cnn,512,273,0.97396879,0.09113647,0.98257685
circles,cnn,512,274,0.97613691,0.048113,1.04144516
circles,cnn,512,275,0.97285071,0.03180451,1.00141892
circles,cnn,512,276,0.97201121,0.01601816,1.00393423
circles,cnn,512,277,0.97771998,0.06390589,0.9612176
circles,cnn,512,278,0.97889874,0.03688992,0.99860356
circles,cnn,512,279,0.9651495,0.0597977,0.98941398
circles,cnn,512,280,0.97425648,0.05889456,0.99853712
circles,cnn,512,281,0.96874349,0.09247771,1.02392235
circles,cnn,512,282,0.95705124,0.06609484,0.9812913
circles,cnn,512,283,0.97547052,0.00287604,1.01002479
circles,cnn,512,284,0.97780292,0.03821536,1.01898472
circles,cnn,512,285,0.96572585,0.08591228,0.9923387
circles,cnn,512,286,0.9711923,0.00278205,1.00188173
circles,cnn,512,287,0.97929743,0.01806314,0.97257431
circles,cnn,512,288,0.98488385,0.00499364,0.97478782
circles,cnn,512,289,0.96818607,0.00786583,0.97987254
circles,cnn,512,290,0.95828685,0.01672392,1.02061656
circles,cnn,512,291,0.97344778,0.07790275,0.98186339
circles,cnn,512,292,0.97357327,0.03517021,0.99654974
circles,cnn,512,293,0.96316053,0.02676751,0.98755082
circles,cnn,512,294,0.97615903,0.01699683,1.03093143
circles,cnn,512,295,0.97362409,0.00496352,1.02365326
circles,cnn,512,296,0.96762659,0.05590814,0.98953467
circles,cnn,512,297,0.97367858,0.03366423,0.98771539
circles,cnn,512,298,0.97876541,0.02865449,1.01127712
circles,cnn,512,299,0.97358081,0.02805385,0.99284393
circles,cnn,512,300,0.98003583,0.05039521,1.02546762
circles,cnn,512,301,0.97184398,0.0019603,0.99068396
circles,cnn,512,302,0.97661491,0.02867504,0.97595999
circles,cnn,512,303,0.97139373,0.01194621,1.00366324
circles,cnn,512,304,0.97255793,0.03354719,0.99115393
circles,cnn,512,305,0.96611117,0.02921965,1.00714075
circles,cnn,512,306,0.97803848,0.05961441,0.97640573
circles,cnn,512,307,0.97605936,0.05430962,0.98532979
circles,cnn,512,308,0.97398702,0.04294809,1.00543977
circles,cnn,512,309,0.97200861,0.04933936,0.98675164
circles,cnn,512,310,0.97727661,0.03960749,0.99054972
circles,cnn,512,311,0.97448875,0.02106639,1.01425961
circles,cnn,512,312,0.97448665,0.03673718,1.01020015
circles,cnn,512,313,0.9705976,0.03608277,1.00352897
circles,cnn,512,314,0.96183471,0.0253082,1.00138321
circles,cnn,512,315,0.97646271,0.03332778,0.98954223
circles,cnn,512,316,0.96287595,0.01829893,1.01476011
circles,cnn,512,317,0.9769149,0.0833104,0.99107261
circles,cnn,512,318,0.9735787,0.0651314,0.99809399
circles,cnn,512,319,0.97420467,0.01130542,1.00334424
circles,cnn,512,320,0.96910639,0.0390159,1.01485403
circles,cnn,512,321,0.97423243,0.01635123,1.01282575
circles,cnn,512,322,0.96244387,0.01000005,0.97149831
circles,cnn,512,323,0.97179718,0.0144228,0.99340507
circles,cnn,512,324,0.96901691,0.01760998,0.99796406
circles,cnn,512,325,0.97658894,0.00742692,0.99737127
circles,cnn,512,326,0.9828708,0.03939138,0.9800234
circles,cnn,512,327,0.97449831,0.02669945,0.98961452
circles,cnn,512,328,0.97107726,0.07645701,0.98623177
circles,cnn,512,329,0.96928406,0.04360724,0.99923534
circles,cnn,512,330,0.96423805,0.06466794,1.01804574
circles,cnn,512,331,0.96828132,0.03115998,1.01996704
circles,cnn,512,332,0.97268977,0.03705726,0.99132685
circles,cnn,512,333,0.96531489,0.00620638,0.99599735
circles,cnn,512,334,0.9652532,0.02385444,0.97353649
circles,cnn,512,335,0.98021407,0.06161747,0.98593751
circles,cnn,512,336,0.97592916,0.07136675,1.01631974
circles,cnn,512,337,0.96838592,0.02735617,1.01661512
circles,cnn,512,338,0.9748498,0.0229821,1.00755231
circles,cnn,512,339,0.98032345,0.01751098,1.00956577
circles,cnn,512,340,0.97469549,0.09084012,0.98629568
circles,cnn,512,341,0.96481855,0.01107801,1.00121389
circles,cnn,512,342,0.97848227,0.00838604,1.00099087
circles,cnn,512,343,0.97427048,0.03650421,1.00278484
circles,cnn,512,344,0.96224025,0.05718656,1.0172311
circles,cnn,512,345,0.97087442,0.02732896,0.97978802
circles,cnn,512,346,0.96063443,0.02919303,1.00188143
circles,cnn,512,347,0.97129491,0.0115552,1.01821376
circles,cnn,512,348,0.96665985,0.01090343,1.00983489
circles,cnn,512,349,0.96928348,0.06746464,0.96856636
circles,cnn,512,350,0.97140823,0.00128411,1.0113597
circles,cnn,512,351,0.97529724,0.02959773,0.98435353
circles,cnn,512,352,0.98063056,0.01862885,1.01828649
circles,cnn,512,353,0.97155106,0.0207552,1.00306579
circles,cnn,512,354,0.96340658,0.01155301,0.99193205
circles,cnn,512,355,0.96865695,0.01038316,1.00465578
circles,cnn,512,356,0.96393911,0.0453829,0.99578743
circles,cnn,512,357,0.98249362,0.04363971,1.03065649
circles,cnn,512,358,0.97189927,0.06104354,0.99865389
circles,cnn,512,359,0.97295858,0.01048069,0.97659938
circles,cnn,512,360,0.96670991,0.03585789,0.97426272
circles,cnn,512,361,0.97559202,0.02107912,0.99362921
circles,cnn,512,362,0.96411215,0.0231684,0.99795207
circles,cnn,512,363,0.96717172,0.09475905,0.98432214
circles,cnn,512,364,0.97784916,0.04239338,0.98938579
circles,cnn,512,365,0.9720473,0.02659747,1.008865
circles,cnn,512,366,0.96947938,0.04882057,1.0184192
circles,cnn,512,367,0.97463232,0.02526306,0.99442383
circles,cnn,512,368,0.98007816,0.06035057,0.97179264
circles,cnn,512,369,0.97648636,0.02818654,1.00208882
circles,cnn,512,370,0.97207434,0.02641672,0.98752699
circles,cnn,512,371,0.98002094,0.01739311,1.01544395
circles,cnn,512,372,0.96479922,0.02495453,0.99427215
circles,cnn,512,373,0.97887946,0.06554902,1.04032155
circles,cnn,512,374,0.97138074,0.06140857,1.00345595
circles,cnn,512,375,0.97687718,0.0493748,1.00428057
circles,cnn,512,376,0.95627294,0.05188435,0.97983942
circles,cnn,512,377,0.98073292,0.04351872,0.99993303
circles,cnn,512,378,0.97499333,0.06930182,1.02133576
circles,cnn,512,379,0.97005771,0.0508069,0.99908473
circles,cnn,512,380,0.96872424,0.03174212,1.00217899
circles,cnn,512,381,0.96988681,0.08721958,1.00224051
circles,cnn,512,382,0.96281985,0.01989867,1.02884662
circles,cnn,512,383,0.9817037,0.03303631,0.96334209
circles,cnn,512,384,0.97124451,0.0595721,0.97170388
circles,cnn,512,385,0.9769888,0.02542639,0.99040659
circles,cnn,512,386,0.97296106,0.00511423,0.99996269
circles,cnn,512,387,0.97420023,0.00079219,0.98257653
circles,cnn,512,388,0.97559259,0.00872919,1.0123852
circles,cnn,512,389,0.96490949,0.08826207,0.98496965
circles,cnn,512,390,0.97749524,0.06111494,0.98908851
circles,cnn,512,391,0.97011718,0.04987785,0.99686598
circles,cnn,512,392,0.98020116,0.07287904,0.99643419
circles,cnn,512,393,0.97298765,0.00359381,1.04077679
circles,cnn,512,394,0.97558094,0.06094378,1.01747469
circles,cnn,512,395,0.97175163,0.01702915,0.99691232
circles,cnn,512,396,0.97574843,0.03549548,0.98455447
circles,cnn,512,397,0.97935543,0.02482599,0.9827469
circles,cnn,512,398,0.96735347,0.04576363,0.98761898
circles,cnn,512,399,0.96867345,0.08814838,0.99288675
circles,cnn,512,400,0.9741141,0.05434421,1.01859894
circles,cnn,512,401,0.97763307,0.00076884,1.01620001
circles,cnn,512,402,0.97670564,0.01387023,1.0232454
circles,cnn,512,403,0.97368355,0.01254797,1.00730762
circles,cnn,512,404,0.97670108,0.01093416,0.99063595
circles,cnn,512,405,0.97813277,0.08123236,0.98153323
circles,cnn,512,406,0.96957558,0.02133538,0.98969715
circles,cnn,512,407,0.96640802,0.07300234,0.98475302
circles,cnn,512,408,0.97723214,0.01106832,1.01636205
circles,cnn,512,409,0.98047007,0.05322608,1.00579771
circles,cnn,512,410,0.96907445,0.05632832,1.00723647
circles,cnn,512,411,0.96056899,0.03851541,1.0279329
circles,cnn,512,412,0.98841117,0.07038166,0.99831898
circles,cnn,512,413,0.97896642,0.02482647,1.01813934
circles,cnn,512,414,0.97154267,0.05007528,0.98356071
circles,cnn,512,415,0.9571607,0.03366471,1.02357758
circles,cnn,512,416,0.97389486,0.0049418,1.00485538
circles,cnn,512,417,0.95908599,0.03940418,0.98893432
circles,cnn,512,418,0.96519821,0.06429707,1.01388085
circles,cnn,512,419,0.96928354,0.0155403,0.98966645
circles,cnn,512,420,0.96424066,0.02924815,1.01637829
circles,cnn,512,421,0.98060299,0.03700768,1.02073833
circles,cnn,512,422,0.97348021,0.05109573,0.97912624
circles,cnn,512,423,0.96721105,0.03450464,1.01456811
circles,cnn,512,424,0.96519869,0.07427726,1.02268541
circles,cnn,512,425,0.95892512,0.00541153,0.99927451
circles,cnn,512,426,0.96743817,0.02474069,0.98588068
circles,cnn,512,427,0.97845492,0.03688284,1.01710466
circles,cnn,512,428,0.9641908,0.02051809,0.99647765
circles,cnn,512,429,0.9744993,0.07824124,1.01373148
circles,cnn,512,430,0.96941061,0.0445114,0.96625229
circles,cnn,512,431,0.97378388,0.05475335,0.99065841
circles,cnn,512,432,0.98160291,0.04258692,0.97859132
circles,cnn,512,433,0.9825841,0.02177489,0.98327686
circles,cnn,512,434,0.97103487,0.06722083,1.01385053
circles,cnn,512,435,0.98336167,0.04936471,1.00017276
circles,cnn,512,436,0.97167146,0.09413272,1.01140588
circles,cnn,512,437,0.97973096,0.02782414,0.99987398
circles,cnn,512,438,0.9748987,0.00427241,0.9903932
circles,cnn,512,439,0.97077436,0.11541693,1.00122363
circles,cnn,512,440,0.96764493,0.02992667,0.98927816
circles,cnn,512,441,0.97520204,0.10495999,0.99042198
circles,cnn,512,442,0.97319061,0.02355529,0.99939007
circles,cnn,512,443,0.96558919,0.02054059,1.01652473
circles,cnn,512,444,0.9852221,0.0194571,0.97521145
circles,cnn,512,445,0.96636182,0.02202608,1.00150997
circles,cnn,512,446,0.9757955,0.00278164,1.00063203
circles,cnn,512,447,0.97405642,0.05683935,1.02830009
circles,cnn,512,448,0.98000604,0.00206295,1.0097147
circles,cnn,512,449,0.96735906,0.08743369,1.0367871
circles,cnn,512,450,0.968889,0.01699791,0.97438817
circles,cnn,512,451,0.97793002,0.07141028,0.99726837
circles,cnn,512,452,0.96940146,0.06728141,0.99961765
circles,cnn,512,453,0.96854259,0.00526044,1.0252367
circles,cnn,512,454,0.9704724,0.0071211,1.00134817
circles,cnn,512,455,0.96848409,0.01278945,0.99690552
circles,cnn,512,456,0.97431232,0.07822659,0.97225131
circles,cnn,512,457,0.96914029,0.00972314,1.00903123
circles,cnn,512,458,0.97710563,0.00470358,0.99728125
circles,cnn,512,459,0.97035903,0.02907561,1.01863423
circles,cnn,512,460,0.98151271,0.02591941,1.00907159
circles,cnn,512,461,0.97152245,0.00357669,1.02028743
circles,cnn,512,462,0.97254664,0.01016403,1.00544695
circles,cnn,512,463,0.97143257,0.02267819,1.0067986
circles,cnn,512,464,0.97794863,0.1239102,1.0114918
circles,cnn,512,465,0.97516939,0.06742693,1.00516293
circles,cnn,512,466,0.97531048,0.01048275,0.99815137
circles,cnn,512,467,0.97628159,0.07549775,1.00226873
circles,cnn,512,468,0.97073694,0.01641114,0.96468011
circles,cnn,512,469,0.96474587,0.03178698,0.99738279
circles,cnn,512,470,0.97428697,0.08618275,1.00128674
circles,cnn,512,471,0.96642627,0.08682473,0.9913231
circles,cnn,512,472,0.96608862,0.04321589,1.015986
circles,cnn,512,473,0.96613788,0.05165948,0.97648969
circles,cnn,512,474,0.96975489,0.03418855,1.00198414
circles,cnn,512,475,0.97789867,0.03726803,0.98691254
circles,cnn,512,476,0.96872257,0.004542,0.96621982
circles,cnn,512,477,0.97167105,0.01091023,1.01260679
circles,cnn,512,478,0.97570535,0.01790219,0.9848407
circles,cnn,512,479,0.97700202,0.00187522,1.00645523
circles,cnn,512,480,0.96553249,0.02451074,0.98916358
circles,cnn,512,481,0.97781968,0.02036756,1.01685597
circles,cnn,512,482,0.97532663,0.01096383,1.00064667
circles,cnn,512,483,0.9793149,0.01119906,0.99578171
circles,cnn,512,484,0.97343463,0.02637137,1.02276418
circles,cnn,512,485,0.97116316,0.07118962,1.01279001
circles,cnn,512,486,0.97882703,0.00817198,1.00599286
circles,cnn,512,487,0.97418014,0.03067167,1.00890414
circles,cnn,512,488,0.97211153,0.04292448,1.01602798
circles,cnn,512,489,0.97589975,0.03371267,0.9903092
circles,cnn,512,490,0.97464286,0.01896813,0.99024087
circles,cnn,512,491,0.96077457,0.05148622,1.01063259
circles,cnn,512,492,0.97950567,0.07020821,0.97908526
circles,cnn,512,493,0.97078953,0.00787584,1.00110882
circles,cnn,512,494,0.96898471,0.01115536,1.02242386
circles,cnn,512,495,0.96440801,0.02189643,1.01991466
circles,cnn,512,496,0.97598265,0.03341469,0.9912901
circles,cnn,512,497,0.97812444,0.01252213,1.02398508
circles,cnn,512,498,0.96855314,0.03104359,1.01294308
circles,cnn,512,499,0.96948513,0.01178117,0.99147133
circles,cnn,512,500,0.97740826,0.04815246,1.01576865
circles,cnn,512,501,0.96032852,0.00675228,0.9922338
circles,cnn,512,502,0.97881226,0.02346256,1.00913326
circles,cnn,512,503,0.969415,0.00504898,1.02082245
circles,cnn,512,504,0.97615211,0.02752702,1.0198923
circles,cnn,512,505,0.97041394,0.03605584,1.00805829
circles,cnn,512,506,0.98303477,0.01336761,1.01348022
circles,cnn,512,507,0.9766427,0.02558336,1.00009606
circles,cnn,512,508,0.96765014,0.02915941,0.99182171
circles,cnn,512,509,0.97352184,0.01403213,1.01474124
circles,cnn,512,510,0.97097003,0.01176294,1.01001889
circles,cnn,512,511,0.97597968,0.03651934,1.00513921
circles,cnn,512,512,0.96998227,0.02951253,1.00693744
circles,cnn,512,513,0.97344854,0.04611105,1.03303855
circles,cnn,512,514,0.97087307,0.04964714,1.00165876
circles,cnn,512,515,0.97169966,0.02112858,1.00839557
circles,cnn,512,516,0.97880548,0.01060861,1.00464227
circles,cnn,512,517,0.96772455,0.01849816,1.00586415
circles,cnn,512,518,0.97864657,0.12924022,0.97585304
circles,cnn,512,519,0.96449738,0.06525496,0.9932326
circles,cnn,512,520,0.97039367,0.06781063,0.99262629
circles,cnn,512,521,0.97265584,0.06116768,1.01803076
circles,cnn,512,522,0.96406066,0.03798167,0.98355437
circles,cnn,512,523,0.977459,0.01293878,1.01187676
circles,cnn,512,524,0.9840784,0.00410525,1.00735152
circles,cnn,512,525,0.98175646,0.04817769,1.00113988
circles,cnn,512,526,0.97068535,0.00674002,0.99471563
circles,cnn,512,527,0.96529743,0.04808411,0.99281141
circles,cnn,512,528,0.96714178,0.00901815,1.00023371
circles,cnn,512,529,0.97699464,0.02291158,1.00530661
circles,cnn,512,530,0.96759834,0.00429092,1.00580391
circles,cnn,512,531,0.98150728,0.02842,0.99771655
circles,cnn,512,532,0.96983013,0.000649,1.02724498
circles,cnn,512,533,0.97216105,0.02742811,0.98490927
circles,cnn,512,534,0.97023411,0.02931894,1.00790668
circles,cnn,512,535,0.97317511,0.05525468,1.00906346
circles,cnn,512,536,0.97147546,0.09684683,1.0140124
circles,cnn,512,537,0.96744696,0.0473516,1.00358115
circles,cnn,512,538,0.96134233,0.03941466,0.99952933
circles,cnn,512,539,0.97618174,0.02177289,1.01093188
circles,cnn,512,540,0.97374261,0.02366035,1.00093463
circles,cnn,512,541,0.97423298,0.01327718,1.01145902
circles,cnn,512,542,0.97367736,0.1051436,0.99988232
circles,cnn,512,543,0.9705747,0.10428726,1.01056252
circles,cnn,512,544,0.97899601,0.06397171,0.99591405
circles,cnn,512,545,0.97630629,0.06982635,1.01460722
circles,cnn,512,546,0.97030717,0.02319186,0.98309422
circles,cnn,512,547,0.96828929,0.15929684,0.99819259
circles,cnn,512,548,0.97229541,0.06172839,0.99340453
circles,cnn,512,549,0.979153,0.05442512,1.00596875
circles,cnn,512,550,0.96918158,0.0079917,1.01489724
circles,cnn,512,551,0.97207178,0.0782052,0.99058677
circles,cnn,512,552,0.97539378,0.04720277,1.00231158
circles,cnn,512,553,0.97182076,0.0712756,0.99906094
circles,cnn,512,554,0.97588313,0.07904079,0.98475728
circles,cnn,512,555,0.97800138,0.04920742,1.0061129
circles,cnn,512,556,0.97614641,0.0660189,1.00495593
circles,cnn,512,557,0.97184934,0.09342352,1.00089397
circles,cnn,512,558,0.97437447,0.01728966,0.99928441
circles,cnn,512,559,0.97149566,0.06717997,0.97918404
circles,cnn,512,560,0.97433184,0.03671326,0.99362964
circles,cnn,512,561,0.96554709,0.02228561,0.97704314
circles,cnn,512,562,0.96394341,0.09016057,0.99315221
circles,cnn,512,563,0.98377275,0.09529167,1.00273183
circles,cnn,512,564,0.96548899,0.08129904,1.02033887
circles,cnn,512,565,0.96679735,0.00076249,0.99233365
circles,cnn,512,566,0.97636383,0.04782722,1.01277294
circles,cnn,512,567,0.97353954,0.03653742,1.01072053
circles,cnn,512,568,0.98494813,0.00726841,1.02354076
circles,cnn,512,569,0.96066219,0.03849561,0.98617049
circles,cnn,512,570,0.97425953,0.00699973,0.97853559
circles,cnn,512,571,0.98208577,0.04094643,0.99942605
circles,cnn,512,572,0.96550396,0.00527988,1.01708123
circles,cnn,512,573,0.97676618,0.03709596,0.98605312
circles,cnn,512,574,0.96035889,0.05290428,1.01446659
circles,cnn,512,575,0.97075239,0.02977006,1.00361381
circles,cnn,512,576,0.98281502,0.00186747,1.02229689
circles,cnn,512,577,0.96824803,0.03794373,0.98835313
circles,cnn,512,578,0.9739701,0.10667007,1.01511945
circles,cnn,512,579,0.97640847,0.14537718,0.99392389
circles,cnn,512,580,0.96974091,0.05353027,0.97892255
circles,cnn,512,581,0.97130944,0.01872603,1.01868453
circles,cnn,512,582,0.96905783,0.05413563,0.97773758
circles,cnn,512,583,0.96441017,0.05610254,1.00733337
circles,cnn,512,584,0.97476004,0.04972538,0.98754909
circles,cnn,512,585,0.96994304,0.03251233,0.97287383
circles,cnn,512,586,0.97130388,0.00091781,0.96721713
circles,cnn,512,587,0.97629627,0.08449763,0.95295621
circles,cnn,512,588,0.96903038,0.04336252,1.00286673
circles,cnn,512,589,0.96730773,0.04351792,1.0217708
circles,cnn,512,590,0.97034212,0.00696912,1.00417502
circles,cnn,512,591,0.97606535,0.02165571,0.97022919
circles,cnn,512,592,0.97466366,0.00734225,1.01226762
circles,cnn,512,593,0.97751719,0.02515994,0.96867534
circles,cnn,512,594,0.9706796,0.05015944,0.98857797
circles,cnn,512,595,0.97301013,0.056318,0.99231914
circles,cnn,512,596,0.96679922,0.09696848,0.98671942
circles,cnn,512,597,0.97369033,0.0529025,0.99369303
circles,cnn,512,598,0.97591926,0.10698898,1.00166436
circles,cnn,512,599,0.96811251,0.00567395,0.98821429
circles,cnn,512,600,0.9691883,0.03408388,1.00469677
circles,cnn,512,601,0.9702926,0.03235122,1.00376722
circles,cnn,512,602,0.96924584,0.10730108,0.9832192
circles,cnn,512,603,0.97983548,0.08560254,1.02529867
circles,cnn,512,604,0.97539211,0.02559376,1.02614816
circles,cnn,512,605,0.96746442,0.02138405,1.01325135
circles,cnn,512,606,0.97168659,0.02858225,1.00401165
circles,cnn,512,607,0.97304537,0.02414218,1.0243483
circles,cnn,512,608,0.97968316,0.1035926,0.99806078
circles,cnn,512,609,0.96552353,0.06888916,0.98909318
circles,cnn,512,610,0.97353774,0.01715275,0.98571574
circles,cnn,512,611,0.9811108,0.04734062,1.00126566
circles,cnn,512,612,0.97338342,0.0439756,1.00617545
circles,cnn,512,613,0.9859592,0.04525883,1.00460286
circles,cnn,512,614,0.96585214,0.04642636,0.96719116
circles,cnn,512,615,0.97793853,0.05315296,1.01630418
circles,cnn,512,616,0.96928794,0.0589516,1.03635205
circles,cnn,512,617,0.98294093,0.00244652,1.02248224
circles,cnn,512,618,0.96998691,0.02693003,1.02484698
circles,cnn,512,619,0.97178564,0.06345367,1.01100828
circles,cnn,512,620,0.96189005,0.04096139,1.00195077
circles,cnn,512,621,0.98081158,0.03250632,0.99396956
circles,cnn,512,622,0.96629129,0.0238851,1.01151692
circles,cnn,512,623,0.97037331,0.0051862,1.01286475
circles,cnn,512,624,0.97568551,0.02398306,1.0229784
circles,cnn,512,625,0.99184992,0.06506615,1.03361561
circles,cnn,512,626,0.97449584,0.0176035,1.02681774
circles,cnn,512,627,0.96607736,0.02264791,0.99687284
circles,cnn,512,628,0.96710642,0.0565003,0.99164785
circles,cnn,512,629,0.9800541,0.00922739,0.99532059
circles,cnn,512,630,0.97914188,0.01172313,0.97729753
circles,cnn,512,631,0.97092458,0.01053502,1.01928122
circles,cnn,512,632,0.98079969,0.01993274,0.98867807
circles,cnn,512,633,0.96835455,0.00484074,1.01715283
circles,cnn,512,634,0.97065174,0.02677181,0.9732645
circles,cnn,512,635,0.97774811,0.03301455,1.02433924
circles,cnn,512,636,0.97638605,0.0276427,0.9846982
circles,cnn,512,637,0.97705262,0.03414823,0.99618185
circles,cnn,512,638,0.97356159,0.0090342,1.01798352
circles,cnn,512,639,0.96048955,0.03501721,0.98028026
circles,cnn,512,640,0.97294249,0.01526167,1.02267575
circles,cnn,512,641,0.98013533,0.03094504,0.99535002
circles,cnn,512,642,0.96528135,0.01713936,1.02570782
circles,cnn,512,643,0.97517472,0.01844158,0.99954416
circles,cnn,512,644,0.96873263,0.02631401,1.01290763
circles,cnn,512,645,0.98062543,0.1015305,1.01614344
circles,cnn,512,646,0.96550782,0.03663431,0.97869446
circles,cnn,512,647,0.97255954,0.01216246,0.98250802
circles,cnn,512,648,0.98374812,0.01034927,1.01915147
circles,cnn,512,649,0.96468191,0.03069576,1.00553656
circles,cnn,512,650,0.98880193,0.00483058,1.01416274
circles,cnn,512,651,0.98014728,0.00543033,1.00775144
circles,cnn,512,652,0.9709146,0.04151745,0.9987546
circles,cnn,512,653,0.96482037,0.04369367,1.01539427
circles,cnn,512,654,0.9743305,0.00987841,1.00447324
circles,cnn,512,655,0.97690652,0.02914776,0.98287833
circles,cnn,512,656,0.97771341,0.01783706,1.00597653
circles,cnn,512,657,0.97536785,0.05721295,1.00909973
circles,cnn,512,658,0.96176693,0.06804881,1.00084059
circles,cnn,512,659,0.97810574,0.01122827,0.98390503
circles,cnn,512,660,0.96980436,0.00825209,0.98628455
circles,cnn,512,661,0.97910961,0.01256612,1.01205192
circles,cnn,512,662,0.96842855,0.04955497,0.97699052
circles,cnn,512,663,0.97205038,0.09304681,1.01832618
circles,cnn,512,664,0.97224861,0.0395613,1.01644865
circles,cnn,512,665,0.96829243,0.04414782,1.00013143
circles,cnn,512,666,0.97214178,0.04831909,0.98312386
circles,cnn,512,667,0.9882082,0.04700279,0.99452767
circles,cnn,512,668,0.97227052,0.01001475,1.01562789
circles,cnn,512,669,0.96390922,0.05763539,1.0145893
circles,cnn,512,670,0.96726966,0.07246525,1.00180325
circles,cnn,512,671,0.97223428,0.01490351,1.00936024
circles,cnn,512,672,0.97576413,0.0521347,1.00695325
circles,cnn,512,673,0.97283271,0.04689989,1.00688649
circles,cnn,512,674,0.96919878,0.0013821,1.00372594
circles,cnn,512,675,0.98131566,0.03144138,0.98775162
circles,cnn,512,676,0.96778587,0.03106348,0.99986623
circles,cnn,512,677,0.9795849,0.07560264,1.0072648
circles,cnn,512,678,0.9670728,0.0165731,1.00054745
circles,cnn,512,679,0.96632249,0.05466095,0.99462465
circles,cnn,512,680,0.9719847,0.13069332,0.9953567
circles,cnn,512,681,0.97481463,0.06888137,1.00194935
circles,cnn,512,682,0.98469014,0.0343229,1.0141967
circles,cnn,512,683,0.98061443,0.0167379,0.9920117
circles,cnn,512,684,0.97121763,0.08961442,1.0122937
circles,cnn,512,685,0.97450395,0.03982915,1.00944113
circles,cnn,512,686,0.96669966,0.06099667,0.98578408
circles,cnn,512,687,0.97728374,0.01640017,0.9776294
circles,cnn,512,688,0.9679079,0.05892339,1.03450968
circles,cnn,512,689,0.96573962,0.10573839,1.00689517
circles,cnn,512,690,0.97323514,0.05465651,1.00538149
circles,cnn,512,691,0.95718364,0.07078671,0.98289974
circles,cnn,512,692,0.96411716,0.08251331,0.96169127
circles,cnn,512,693,0.97868251,0.00762954,0.99193475
circles,cnn,512,694,0.97740352,0.02419396,1.01464577
circles,cnn,512,695,0.96535704,0.00490487,0.99767487
circles,cnn,512,696,0.96384286,0.00097874,1.0202317
circles,cnn,512,697,0.96865249,0.00479624,1.00460816
circles,cnn,512,698,0.96970161,0.04634314,1.00334895
circles,cnn,512,699,0.96419193,0.04542687,1.00781523
circles,cnn,512,700,0.97810341,0.05601656,1.0139973
circles,cnn,512,701,0.97605643,0.02511727,1.00891767
circles,cnn,512,702,0.97760408,0.02208765,1.00020344
circles,cnn,512,703,0.97051696,0.02037168,1.02233561
circles,cnn,512,704,0.96538156,0.04982147,0.98160712
circles,cnn,512,705,0.98851242,0.01656161,0.99262525
circles,cnn,512,706,0.96923777,0.00825398,0.99426639
circles,cnn,512,707,0.96823282,0.03970775,1.00632664
circles,cnn,512,708,0.96639936,0.06586358,0.99800142
circles,cnn,512,709,0.98056203,0.07429952,1.01252875
circles,cnn,512,710,0.97419686,0.03695371,0.98565569
circles,cnn,512,711,0.96460813,0.01202924,1.00735875
circles,cnn,512,712,0.9775646,0.0503355,1.02451592
circles,cnn,512,713,0.96692778,0.0242088,0.98445209
circles,cnn,512,714,0.97975954,0.00183254,1.00319625
circles,cnn,512,715,0.97525135,0.03476591,1.00217527
circles,cnn,512,716,0.98119996,0.05859805,1.00238385
circles,cnn,512,717,0.96965727,0.04257689,1.0141702
circles,cnn,512,718,0.96996189,0.07753861,1.0252896
circles,cnn,512,719,0.97408023,0.03809992,1.02990746
circles,cnn,512,720,0.96907551,0.01384989,1.01614067
circles,cnn,512,721,0.97663876,0.01029376,0.99588506
circles,cnn,512,722,0.96991338,0.03254202,1.00198712
circles,cnn,512,723,0.97986047,0.00442409,1.00758268
circles,cnn,512,724,0.96726774,0.02740912,1.00168392
circles,cnn,512,725,0.97183331,0.02754151,1.00476363
circles,cnn,512,726,0.97962187,0.05374213,1.01671123
circles,cnn,512,727,0.96203916,0.03496708,1.01462751
circles,cnn,512,728,0.97451513,0.02255149,1.02718382
circles,cnn,512,729,0.97259172,0.04912833,0.9871759
circles,cnn,512,730,0.97987278,0.01861262,0.99986242
circles,cnn,512,731,0.97098076,0.01679093,1.01276415
circles,cnn,512,732,0.97741239,0.00139325,0.98388777
circles,cnn,512,733,0.96326032,0.06453708,0.99702811
circles,cnn,512,734,0.97993712,0.03176789,1.01043675
circles,cnn,512,735,0.98013409,0.00121664,1.01172159
circles,cnn,512,736,0.97744065,0.01766233,0.97522153
circles,cnn,512,737,0.96017781,0.01205604,1.00115529
circles,cnn,512,738,0.98163885,0.02097079,1.00402942
circles,cnn,512,739,0.97172355,0.08038669,1.01680424
circles,cnn,512,740,0.97844236,0.08439172,1.00423955
circles,cnn,512,741,0.97793939,0.01360643,1.00908968
circles,cnn,512,742,0.97405735,0.04918048,1.01343985
circles,cnn,512,743,0.98226133,0.12395318,0.98381023
circles,cnn,512,744,0.97645821,0.08632115,1.00031808
circles,cnn,512,745,0.9720706,0.06745411,1.00854067
circles,cnn,512,746,0.97988886,0.07483658,1.00769429
circles,cnn,512,747,0.96371787,0.01163964,0.97770363
circles,cnn,512,748,0.98280332,0.06887941,1.00848017
circles,cnn,512,749,0.96882725,0.03907162,0.99874764
circles,cnn,512,750,0.97671717,0.0911559,0.99673148
circles,cnn,512,751,0.96055251,0.05801435,1.00099414
circles,cnn,512,752,0.97169738,0.05637014,1.00872377
circles,cnn,512,753,0.96512087,0.01608227,0.98926718
circles,cnn,512,754,0.98201498,0.13947093,1.01569932
circles,cnn,512,755,0.97247751,0.05615479,1.00350663
circles,cnn,512,756,0.97654885,0.00338918,0.98435685
circles,cnn,512,757,0.98042938,0.01256819,0.98528467
circles,cnn,512,758,0.97692576,0.00935762,1.00638119
circles,cnn,512,759,0.97339121,0.07105815,0.98495462
circles,cnn,512,760,0.9650704,0.06456556,0.98622708
circles,cnn,512,761,0.96738715,0.10975795,0.99863314
circles,cnn,512,762,0.97070895,0.01384638,1.0033402
circles,cnn,512,763,0.9689974,0.0167749,1.00300964
circles,cnn,512,764,0.96658931,0.08719,0.96794071
circles,cnn,512,765,0.96921631,0.10927264,0.99756751
circles,cnn,512,766,0.97480879,0.05308437,0.99182421
circles,cnn,512,767,0.95966189,0.00629972,1.01239873
circles,cnn,512,768,0.97775342,0.00784924,0.97979129
circles,cnn,512,769,0.97427113,0.05032497,0.95618187
circles,cnn,512,770,0.97733864,0.01525976,0.97779924
circles,cnn,512,771,0.98255332,0.03157741,1.00975236
circles,cnn,512,772,0.97843016,0.02339503,0.99962848
circles,cnn,512,773,0.97401812,0.03646306,0.99448619
circles,cnn,512,774,0.9727518,0.10325571,0.99766487
circles,cnn,512,775,0.98163471,0.0197116,0.99977941
circles,cnn,512,776,0.97538955,0.02459971,0.9538054
circles,cnn,512,777,0.9697122,0.13419932,0.96332277
circles,cnn,512,778,0.96476269,0.02990109,0.99361676
circles,cnn,512,779,0.96664274,0.04597585,1.03435998
circles,cnn,512,780,0.97347757,0.02230507,1.01051038
circles,cnn,512,781,0.97630801,0.01875202,0.97516232
circles,cnn,512,782,0.97241159,0.0864834,0.99339455
circles,cnn,512,783,0.95845289,0.00788807,0.97753131
circles,cnn,512,784,0.97140776,0.03861031,0.97897973
circles,cnn,512,785,0.96701755,0.01316186,0.9704779
circles,cnn,512,786,0.97112929,0.00592622,1.00546225
circles,cnn,512,787,0.97457259,0.03431401,0.99418244
circles,cnn,512,788,0.97590347,0.00630182,0.99430357
circles,cnn,512,789,0.98045342,0.08017993,1.00660109
circles,cnn,512,790,0.96920379,0.03803567,0.98081204
circles,cnn,512,791,0.96604083,0.02778753,1.02951618
circles,cnn,512,792,0.97273831,0.00387013,1.00638756
circles,cnn,512,793,0.96880198,0.12100859,0.96054388
circles,cnn,512,794,0.97201686,0.01697399,0.97723736
circles,cnn,512,795,0.97202681,0.00348256,1.0011854
circles,cnn,512,796,0.97180332,0.05846969,1.00168124
circles,cnn,512,797,0.98030719,0.04211832,1.02497148
circles,cnn,512,798,0.96736845,0.01540462,0.99407009
circles,cnn,512,799,0.97345504,0.00899721,0.99638754
circles,cnn,512,800,0.97005775,0.03828671,0.97588653
circles,cnn,512,801,0.97499807,0.01294834,1.0058033
circles,cnn,512,802,0.97053913,0.06647663,1.00572062
circles,cnn,512,803,0.97461237,0.02734101,0.99671513
circles,cnn,512,804,0.9684821,0.07121897,0.99613216
circles,cnn,512,805,0.98050507,0.03051613,1.00002811
circles,cnn,512,806,0.97735927,0.02916014,0.99865671
circles,cnn,512,807,0.97704805,0.06207769,1.00224667
circles,cnn,512,808,0.98616196,0.0026033,0.96991704
circles,cnn,512,809,0.97958549,0.06141244,0.99903802
circles,cnn,512,810,0.96687374,0.03704029,1.03014568
circles,cnn,512,811,0.96686545,0.11446782,1.01223393
circles,cnn,512,812,0.97099719,0.01379279,1.0030205
circles,cnn,512,813,0.97077261,0.10225442,1.013352
circles,cnn,512,814,0.96332919,0.00795,0.97886271
circles,cnn,512,815,0.97254661,0.04717632,1.03649556
circles,cnn,512,816,0.97487787,0.01069992,0.98989869
circles,cnn,512,817,0.96769883,0.05718154,1.0140015
circles,cnn,512,818,0.97758839,0.01794652,1.00410626
circles,cnn,512,819,0.96808061,0.08397997,0.9808414
circles,cnn,512,820,0.97044206,0.07290034,0.97580429
circles,cnn,512,821,0.97695999,0.04567361,0.99185286
circles,cnn,512,822,0.9762933,0.03504172,1.02395912
circles,cnn,512,823,0.97020166,0.03246392,0.98711106
circles,cnn,512,824,0.96066445,0.06680474,0.98981441
circles,cnn,512,825,0.96525848,0.01269715,1.00118407
circles,cnn,512,826,0.96388081,0.01875296,1.00049844
circles,cnn,512,827,0.97334298,0.00560068,1.00634195
circles,cnn,512,828,0.97629359,0.01493417,0.99458599
circles,cnn,512,829,0.9856899,0.01880335,1.01039813
circles,cnn,512,830,0.97306383,0.00263435,1.00842531
circles,cnn,512,831,0.96134488,0.00237106,1.02101939
circles,cnn,512,832,0.98146764,0.1259051,1.00460865
circles,cnn,512,833,0.97970783,0.02398073,1.00609659
circles,cnn,512,834,0.96960219,0.02701379,1.01740499
circles,cnn,512,835,0.96450366,0.00142245,0.99238631
circles,cnn,512,836,0.97757998,0.04065348,0.98312315
circles,cnn,512,837,0.9671247,0.06317726,0.99742428
circles,cnn,512,838,0.9779443,0.06262976,0.99892634
circles,cnn,512,839,0.975629,0.0202892,0.96696843
circles,cnn,512,840,0.96743949,0.06783242,1.00783985
circles,cnn,512,841,0.99224398,0.06558803,1.00962463
circles,cnn,512,842,0.971957,0.04476656,1.015172
circles,cnn,512,843,0.97808442,0.05578486,0.98285542
circles,cnn,512,844,0.97952849,0.02482174,0.99784446
circles,cnn,512,845,0.98129099,0.03681481,1.02948375
circles,cnn,512,846,0.96756683,0.07408572,0.98730592
circles,cnn,512,847,0.98187849,0.02258454,1.0070581
circles,cnn,512,848,0.9730303,0.08137296,0.96611827
circles,cnn,512,849,0.97252048,0.00959128,1.03102685
circles,cnn,512,850,0.97777177,0.02765594,0.99290427
circles,cnn,512,851,0.97792477,0.12275991,1.02265352
circles,cnn,512,852,0.97554775,0.00442504,1.01275391
circles,cnn,512,853,0.97953028,0.10329842,1.01503572
circles,cnn,512,854,0.98058879,0.03843803,0.98219158
circles,cnn,512,855,0.96884064,0.00583689,1.01984995
circles,cnn,512,856,0.98436947,0.07595629,1.00037618
circles,cnn,512,857,0.97111786,0.06651007,1.00261911
circles,cnn,512,858,0.97176499,0.04124896,0.99144548
circles,cnn,512,859,0.98040089,0.01752434,0.97058347
circles,cnn,512,860,0.96808069,0.11786688,1.01654104
circles,cnn,512,861,0.97192482,0.05199241,0.97525195
circles,cnn,512,862,0.96471909,0.05248363,1.00819702
circles,cnn,512,863,0.96260872,0.04422504,0.99008979
circles,cnn,512,864,0.97432613,0.00975047,1.01165917
circles,cnn,512,865,0.96919775,0.06941116,1.01105305
circles,cnn,512,866,0.97100537,0.07224535,1.01037967
circles,cnn,512,867,0.97563201,0.02165126,0.99912843
circles,cnn,512,868,0.9693952,0.01254121,1.02443165
circles,cnn,512,869,0.97995409,0.04528557,0.98972188
circles,cnn,512,870,0.96771296,0.09215818,0.98390463
circles,cnn,512,871,0.9739126,0.09711172,1.01920943
circles,cnn,512,872,0.97871099,0.07215282,1.00598048
circles,cnn,512,873,0.97725866,0.0672155,0.99742214
circles,cnn,512,874,0.96880801,0.12366183,0.99027007
circles,cnn,512,875,0.96896288,0.02733813,0.97947375
circles,cnn,512,876,0.96648936,0.03468618,0.99677116
circles,cnn,512,877,0.99263695,0.0532487,1.00879768
circles,cnn,512,878,0.97689545,0.02885998,0.97826031
circles,cnn,512,879,0.96541725,0.09211528,0.99984916
circles,cnn,512,880,0.96865213,0.05353566,0.98141112
circles,cnn,512,881,0.98296674,0.04965767,0.97415147
circles,cnn,512,882,0.97660387,0.00327087,0.98914015
circles,cnn,512,883,0.96917119,0.03738333,0.99516778
circles,cnn,512,884,0.97070802,0.03848111,1.0373377
circles,cnn,512,885,0.96878911,0.0473797,1.00170941
circles,cnn,512,886,0.97503658,0.00950768,1.03921113
circles,cnn,512,887,0.97131101,0.00582459,0.99196047
circles,cnn,512,888,0.9683785,0.03457648,1.00309458
circles,cnn,512,889,0.9837477,0.01634603,1.00663679
circles,cnn,512,890,0.97353535,0.04277028,0.99798974
circles,cnn,512,891,0.98462824,0.1034224,0.99363224
circles,cnn,512,892,0.96138705,0.018691,1.00970761
circles,cnn,512,893,0.97903365,0.08433547,1.00115915
circles,cnn,512,894,0.96383852,0.03147786,0.99737621
circles,cnn,512,895,0.96987418,0.01551238,0.98911475
circles,cnn,512,896,0.96728677,0.05131494,0.98237473
circles,cnn,512,897,0.96031193,0.05549721,0.98843119
circles,cnn,512,898,0.97019077,0.04715715,1.01292438
circles,cnn,512,899,0.98052367,0.01296967,1.00954006
circles,cnn,512,900,0.97276297,0.01800423,0.98118945
circles,cnn,512,901,0.96720664,0.07908408,1.01035497
circles,cnn,512,902,0.96921154,0.0015722,1.00065202
circles,cnn,512,903,0.978209,0.01702024,1.01056608
circles,cnn,512,904,0.97235145,0.07431518,1.02255503
circles,cnn,512,905,0.97577327,0.00573291,1.02162113
circles,cnn,512,906,0.97377577,0.02141557,0.99710476
circles,cnn,512,907,0.97425105,0.01780057,0.97661383
circles,cnn,512,908,0.96833635,0.01163545,1.01257531
circles,cnn,512,909,0.97403719,0.02812892,0.99803398
circles,cnn,512,910,0.97256643,0.06887381,1.01598519
circles,cnn,512,911,0.96667728,0.04448465,0.98505511
circles,cnn,512,912,0.97096813,0.07493645,1.01429536
circles,cnn,512,913,0.97492768,0.03018072,1.02506226
circles,cnn,512,914,0.9813105,0.07725072,1.00529348
circles,cnn,512,915,0.9713343,0.00030131,0.99100754
circles,cnn,512,916,0.97032697,0.07534262,0.99844102
circles,cnn,512,917,0.96742097,0.09432131,1.00245997
circles,cnn,512,918,0.98071555,0.07357011,1.00539052
circles,cnn,512,919,0.9650739,0.03134976,1.00092562
circles,cnn,512,920,0.97707308,0.13164406,1.0030785
circles,cnn,512,921,0.97806703,0.03778382,0.99003627
circles,cnn,512,922,0.9635463,0.05325498,1.0025185
circles,cnn,512,923,0.9545947,0.02290936,1.01611524
circles,cnn,512,924,0.98022171,0.03912893,0.99314219
circles,cnn,512,925,0.97265998,0.11098668,0.99858509
circles,cnn,512,926,0.97396554,0.07015129,0.99623587
circles,cnn,512,927,0.96510585,0.02008663,1.00500505
circles,cnn,512,928,0.97591247,0.0402007,0.98380385
circles,cnn,512,929,0.98164754,0.01737634,1.0063234
circles,cnn,512,930,0.9805644,0.03648652,1.00724916
circles,cnn,512,931,0.97486431,0.00548384,1.00028566
circles,cnn,512,932,0.97701242,0.0545525,1.02399187
circles,cnn,512,933,0.96764287,0.11934648,0.99630255
circles,cnn,512,934,0.97893163,0.0456443,0.99122425
circles,cnn,512,935,0.97836007,0.00539773,0.96680439
circles,cnn,512,936,0.95988598,0.03648179,1.01734344
circles,cnn,512,937,0.98803335,0.05715588,0.9902081
circles,cnn,512,938,0.98104653,0.01840003,0.99111088
circles,cnn,512,939,0.96266565,0.03123682,0.97177974
circles,cnn,512,940,0.97400178,0.11476501,0.97887425
circles,cnn,512,941,0.97750237,0.00505073,1.04586646
circles,cnn,512,942,0.97891023,0.0039695,0.98737586
circles,cnn,512,943,0.98476082,0.03679531,0.99177305
circles,cnn,512,944,0.9776614,0.05155586,1.01640932
circles,cnn,512,945,0.97266653,0.03331678,1.0190139
circles,cnn,512,946,0.98143689,0.07557817,0.99440791
circles,cnn,512,947,0.97606221,0.02596116,0.99648281
circles,cnn,512,948,0.97537046,0.11232316,0.97342359
circles,cnn,512,949,0.96576997,0.0452683,1.00553649
circles,cnn,512,950,0.96955712,0.01974966,0.99102974
circles,cnn,512,951,0.95654702,0.02392464,0.99435268
circles,cnn,512,952,0.96617174,0.01849173,0.99053113
circles,cnn,512,953,0.97862445,0.06367807,1.0188689
circles,cnn,512,954,0.97896256,0.01070548,0.99050876
circles,cnn,512,955,0.97095732,0.08445851,1.01104533
circles,cnn,512,956,0.97698068,0.00667302,1.00971213
circles,cnn,512,957,0.97593463,0.05846839,1.01457426
circles,cnn,512,958,0.97698829,0.0570152,0.99083547
circles,cnn,512,959,0.97595573,0.05274745,0.97428995
circles,cnn,512,960,0.98130694,0.06899484,1.00099109
circles,cnn,512,961,0.98826815,0.03723302,1.03200379
circles,cnn,512,962,0.96930244,0.03627164,1.0137712
circles,cnn,512,963,0.97459354,0.10072457,1.01515093
circles,cnn,512,964,0.97859583,0.03713936,0.98847404
circles,cnn,512,965,0.96819892,0.01793725,0.99082858
circles,cnn,512,966,0.97435871,0.02912421,1.0147373
circles,cnn,512,967,0.96801275,0.04011804,0.9886276
circles,cnn,512,968,0.97028344,0.03203041,1.00540218
circles,cnn,512,969,0.97614149,0.04770744,1.0204931
circles,cnn,512,970,0.96665538,0.08876783,1.01826211
circles,cnn,512,971,0.98126603,0.03376527,0.98296663
circles,cnn,512,972,0.96807285,0.01827637,1.00956052
circles,cnn,512,973,0.9700976,0.04182031,1.00962971
circles,cnn,512,974,0.97466313,0.05782553,0.99646446
circles,cnn,512,975,0.97205629,0.1012481,1.00451648
circles,cnn,512,976,0.96609917,0.03229943,1.01364243
circles,cnn,512,977,0.97855185,0.20726541,0.98157412
circles,cnn,512,978,0.98783934,0.03368345,1.00676012
circles,cnn,512,979,0.96983802,0.05001201,1.00909882
circles,cnn,512,980,0.9709367,0.02316835,1.01266044
circles,cnn,512,981,0.96937869,0.00399122,0.99054591
circles,cnn,512,982,0.97111335,0.03127875,0.99349303
circles,cnn,512,983,0.97483485,0.01730654,1.02886104
circles,cnn,512,984,0.96700581,0.04489069,0.98391097
circles,cnn,512,985,0.96284337,0.06914228,1.02123037
circles,cnn,512,986,0.97502763,0.06173425,1.0126403
circles,cnn,512,987,0.97701173,0.01641569,0.99727595
circles,cnn,512,988,0.97148613,0.07865655,0.99722776
circles,cnn,512,989,0.98205406,0.04654652,1.00660391
circles,cnn,512,990,0.9648805,0.00697251,1.00648929
circles,cnn,512,991,0.96851482,0.12629568,0.97143489
circles,cnn,512,992,0.97368544,0.05549156,0.98739771
circles,cnn,512,993,0.96323846,0.0218058,0.99103779
circles,cnn,512,994,0.97942443,0.00713522,0.99564469
circles,cnn,512,995,0.96693556,0.03248728,0.98850758
circles,cnn,512,996,0.97167238,0.02067107,1.02662057
circles,cnn,512,997,0.96884631,0.02694604,0.99396209
circles,cnn,512,998,0.96728244,0.01363476,0.99401867
circles,cnn,512,999,0.97626562,0.00061769,1.00746216
circles,cnn,1024,0,0.98166785,0.03760906,0.99345595
circles,cnn,1024,1,0.96686223,0.03061889,0.98020397
circles,cnn,1024,2,0.97333372,0.02299958,1.00120321
circles,cnn,1024,3,0.9804054,0.04423218,0.98837897
circles,cnn,1024,4,0.97401888,0.07582134,0.9956984
circles,cnn,1024,5,0.97311654,0.00441456,0.98845331
circles,cnn,1024,6,0.96813466,0.07559375,0.99562911
circles,cnn,1024,7,0.97010646,0.00391731,1.00583539
circles,cnn,1024,8,0.96694703,0.01883861,1.0056937
circles,cnn,1024,9,0.97908659,0.03440591,0.97629957
circles,cnn,1024,10,0.98111296,0.04670684,1.0171138
circles,cnn,1024,11,0.9752978,0.0504305,0.97000173
circles,cnn,1024,12,0.97067777,0.04020875,1.01021626
circles,cnn,1024,13,0.98366247,0.02118314,0.99796028
circles,cnn,1024,14,0.97808668,0.01026739,0.98774711
circles,cnn,1024,15,0.9781285,0.01771313,1.01758775
circles,cnn,1024,16,0.9713885,0.04990897,0.98199532
circles,cnn,1024,17,0.98510003,0.03974737,0.98421869
circles,cnn,1024,18,0.97526112,0.02152004,1.00630518
circles,cnn,1024,19,0.97578991,0.05980433,0.97781025
circles,cnn,1024,20,0.97961384,0.0774881,0.97825894
circles,cnn,1024,21,0.98273137,0.03271508,1.01448809
circles,cnn,1024,22,0.96355441,0.00427618,0.9939705
circles,cnn,1024,23,0.97159306,0.04502049,1.01431265
circles,cnn,1024,24,0.9789127,0.04447943,1.00119261
circles,cnn,1024,25,0.97328085,0.13215208,0.9993353
circles,cnn,1024,26,0.97494561,0.01545763,1.01731402
circles,cnn,1024,27,0.97664035,0.0166426,1.01284412
circles,cnn,1024,28,0.97258726,0.02943186,0.99635325
circles,cnn,1024,29,0.97491149,0.01508463,1.03052207
circles,cnn,1024,30,0.97898,0.02280675,1.01392423
circles,cnn,1024,31,0.97306717,0.03602822,1.00227549
circles,cnn,1024,32,0.96978456,0.01257073,1.01916224
circles,cnn,1024,33,0.97175644,0.02931397,0.98550193
circles,cnn,1024,34,0.96849265,0.0661534,0.98919739
circles,cnn,1024,35,0.97755286,0.01592695,0.98394477
circles,cnn,1024,36,0.96593345,0.01321632,1.00774451
circles,cnn,1024,37,0.96619501,0.01798514,1.00839179
circles,cnn,1024,38,0.97823683,0.00631844,1.00291714
circles,cnn,1024,39,0.98248313,0.01254714,1.02212624
circles,cnn,1024,40,0.96956802,0.05423676,0.96898605
circles,cnn,1024,41,0.97562422,0.05753417,0.9891535
circles,cnn,1024,42,0.9706772,0.04755476,1.01307074
circles,cnn,1024,43,0.97314184,0.03902686,1.02562254
circles,cnn,1024,44,0.97635544,0.02584672,0.99277677
circles,cnn,1024,45,0.96890823,0.00578639,1.00802372
circles,cnn,1024,46,0.97092683,0.06133592,1.00354998
circles,cnn,1024,47,0.97242848,0.09809433,1.00829377
circles,cnn,1024,48,0.98486496,0.02564348,1.02418767
circles,cnn,1024,49,0.97487773,0.03284296,0.97712747
circles,cnn,1024,50,0.97467858,0.04482835,0.95342283
circles,cnn,1024,51,0.9877239,0.0339588,0.99840961
circles,cnn,1024,52,0.96648175,0.02142166,0.98307564
circles,cnn,1024,53,0.97266248,0.09039034,0.98876531
circles,cnn,1024,54,0.97715081,0.01804869,1.01660282
circles,cnn,1024,55,0.9646983,0.01519706,0.97866952
circles,cnn,1024,56,0.97377696,0.04834257,0.99304897
circles,cnn,1024,57,0.97161274,0.0023532,0.98858719
circles,cnn,1024,58,0.9833816,0.00223716,0.99714941
circles,cnn,1024,59,0.96546702,0.04005399,0.99020374
circles,cnn,1024,60,0.97078728,0.07513744,1.0103126
circles,cnn,1024,61,0.97429316,0.07479781,1.00116782
circles,cnn,1024,62,0.96131374,0.02825712,1.01208813
circles,cnn,1024,63,0.97574483,0.00667785,1.00248945
circles,cnn,1024,64,0.97124188,0.02522113,1.01777617
circles,cnn,1024,65,0.96757431,0.05396427,0.99263596
circles,cnn,1024,66,0.97813968,0.00555664,1.01769023
circles,cnn,1024,67,0.97367926,0.12201605,1.01731241
circles,cnn,1024,68,0.97505063,0.06203428,0.98180403
circles,cnn,1024,69,0.97477433,0.04288175,0.9908871
circles,cnn,1024,70,0.96495083,0.04491398,1.01236907
circles,cnn,1024,71,0.96911826,0.03971212,0.99609229
circles,cnn,1024,72,0.97100048,0.02011443,0.9922061
circles,cnn,1024,73,0.9762108,0.01692329,1.04150894
circles,cnn,1024,74,0.96937979,0.11374702,0.98188321
circles,cnn,1024,75,0.96509962,0.03123235,0.98303972
circles,cnn,1024,76,0.99220933,0.06286612,1.00658521
circles,cnn,1024,77,0.96361473,0.02450415,1.00358638
circles,cnn,1024,78,0.97591168,0.07299171,0.97275523
circles,cnn,1024,79,0.97394859,0.01634784,1.00283965
circles,cnn,1024,80,0.96893183,0.00401196,0.97020149
circles,cnn,1024,81,0.97556998,0.01381042,0.97291374
circles,cnn,1024,82,0.96974164,0.04670908,0.98451408
circles,cnn,1024,83,0.97328653,0.0525118,0.98832265
circles,cnn,1024,84,0.98298975,0.00793675,0.98810064
circles,cnn,1024,85,0.97438271,0.01273506,1.02328995
circles,cnn,1024,86,0.96893674,0.06515891,0.9749937
circles,cnn,1024,87,0.97214713,0.03919228,1.01706397
circles,cnn,1024,88,0.98073829,0.00120738,0.99354835
circles,cnn,1024,89,0.96174268,0.0282119,0.98402912
circles,cnn,1024,90,0.97374494,0.05474068,0.9956342
circles,cnn,1024,91,0.9744487,0.04825682,0.999889
circles,cnn,1024,92,0.96245937,0.04542429,0.96441604
circles,cnn,1024,93,0.97375496,0.00770887,1.00663383
circles,cnn,1024,94,0.97483737,0.09347462,1.01680279
circles,cnn,1024,95,0.97008922,0.01918979,1.00595904
circles,cnn,1024,96,0.97636346,0.00605736,0.98729063
circles,cnn,1024,97,0.97694502,0.10812356,1.00116376
circles,cnn,1024,98,0.97339882,0.05158466,0.98893263
circles,cnn,1024,99,0.9584534,0.06522789,0.98743112
circles,cnn,1024,100,0.96816454,0.02852245,0.99257825
circles,cnn,1024,101,0.9727904,0.02555893,1.01620741
circles,cnn,1024,102,0.98011957,0.05583659,1.01414806
circles,cnn,1024,103,0.97985158,0.06036329,0.99589653
circles,cnn,1024,104,0.97761476,0.00243471,0.99735803
circles,cnn,1024,105,0.96288184,0.05313991,0.99818641
circles,cnn,1024,106,0.96611402,0.03746369,1.01356045
circles,cnn,1024,107,0.96025016,0.10886633,1.00029415
circles,cnn,1024,108,0.97830024,0.02521071,1.01192996
circles,cnn,1024,109,0.97833065,0.05986279,0.99269779
circles,cnn,1024,110,0.96686814,0.00844976,0.9826137
circles,cnn,1024,111,0.96811865,0.02410598,1.00623394
circles,cnn,1024,112,0.9723208,0.04782318,0.99857344
circles,cnn,1024,113,0.97492927,0.04478353,1.00870708
circles,cnn,1024,114,0.97177865,0.01204492,1.01464741
circles,cnn,1024,115,0.98163118,0.00857274,0.99680481
circles,cnn,1024,116,0.96980045,0.02586233,0.98185868
circles,cnn,1024,117,0.98219432,0.00420161,1.02415821
circles,cnn,1024,118,0.98537104,0.01753071,1.01006202
circles,cnn,1024,119,0.96983056,0.00323814,0.99254635
circles,cnn,1024,120,0.97298715,0.03272911,0.98414237
circles,cnn,1024,121,0.96610702,0.00541465,0.99983978
circles,cnn,1024,122,0.97069973,0.0708963,0.97723395
circles,cnn,1024,123,0.97196272,0.1001249,1.00485441
circles,cnn,1024,124,0.96920496,0.06297448,1.00055822
circles,cnn,1024,125,0.96451831,0.12284645,1.0092825
circles,cnn,1024,126,0.98089182,0.01427982,0.98393167
circles,cnn,1024,127,0.96417999,0.01212651,1.00250102
circles,cnn,1024,128,0.97325639,0.03735306,1.02785494
circles,cnn,1024,129,0.97699827,0.00866217,1.01904051
circles,cnn,1024,130,0.96740311,0.03300917,0.98441142
circles,cnn,1024,131,0.97919822,0.02863987,1.0049358
circles,cnn,1024,132,0.97302744,0.03035737,1.0283706
circles,cnn,1024,133,0.98029443,0.04645875,0.9875836
circles,cnn,1024,134,0.98772077,0.00948038,1.02286071
circles,cnn,1024,135,0.9802182,0.03250097,1.01454422
circles,cnn,1024,136,0.97028372,0.00783772,0.99096352
circles,cnn,1024,137,0.978143,0.00205489,0.99639199
circles,cnn,1024,138,0.97356218,0.02093157,0.9892477
circles,cnn,1024,139,0.96991391,0.04633059,0.99394201
circles,cnn,1024,140,0.97276441,0.00703104,1.01376125
circles,cnn,1024,141,0.97494254,0.02438353,0.96937057
circles,cnn,1024,142,0.9732954,0.01962039,0.99249206
circles,cnn,1024,143,0.9664839,0.08056638,1.03649198
circles,cnn,1024,144,0.9687225,0.02111176,0.96780978
circles,cnn,1024,145,0.97918575,0.0204223,0.99603775
circles,cnn,1024,146,0.97027745,0.06111726,0.99165152
circles,cnn,1024,147,0.97461779,0.02455177,0.99306002
circles,cnn,1024,148,0.97130929,0.03739693,1.00154579
circles,cnn,1024,149,0.97442566,0.03114985,0.98655769
circles,cnn,1024,150,0.98037441,0.0578562,0.99435815
circles,cnn,1024,151,0.97042137,0.02943203,1.0154883
circles,cnn,1024,152,0.98301159,0.09049083,1.00796973
circles,cnn,1024,153,0.97459088,0.00906841,0.97906637
circles,cnn,1024,154,0.96661221,0.02418322,1.01129533
circles,cnn,1024,155,0.97591127,0.05207628,1.00511178
circles,cnn,1024,156,0.96982666,0.02370139,1.00078105
circles,cnn,1024,157,0.97206224,0.06619619,0.99380903
circles,cnn,1024,158,0.97255091,0.01224671,0.99480371
circles,cnn,1024,159,0.97252067,0.01438569,1.01128633
circles,cnn,1024,160,0.95614166,0.04578888,0.99942542
circles,cnn,1024,161,0.9789228,0.05986926,0.99992865
circles,cnn,1024,162,0.97831318,0.07422258,1.00453686
circles,cnn,1024,163,0.96446365,0.06536756,1.00208093
circles,cnn,1024,164,0.96925046,0.04113198,0.98710194
circles,cnn,1024,165,0.97100003,0.03577417,1.01195932
circles,cnn,1024,166,0.97308787,0.04236277,1.0257305
circles,cnn,1024,167,0.97183202,0.0415408,1.02025046
circles,cnn,1024,168,0.96283757,0.04522782,0.98122704
circles,cnn,1024,169,0.97235796,0.08935282,1.00277674
circles,cnn,1024,170,0.96664585,0.00780071,0.9931838
circles,cnn,1024,171,0.97414651,0.08056251,1.01810054
circles,cnn,1024,172,0.97844949,0.01374019,0.97198132
circles,cnn,1024,173,0.97102414,0.05074408,1.00677374
circles,cnn,1024,174,0.97048534,0.05436727,0.99924454
circles,cnn,1024,175,0.98052295,0.02641235,0.98174183
circles,cnn,1024,176,0.97854916,0.02471151,0.99732889
circles,cnn,1024,177,0.97195037,0.01690429,1.00558219
circles,cnn,1024,178,0.9754824,0.03640487,1.0004194
circles,cnn,1024,179,0.97322544,0.02435006,0.9659875
circles,cnn,1024,180,0.98132967,0.13336659,1.01304956
circles,cnn,1024,181,0.96587812,0.01097339,1.02914934
circles,cnn,1024,182,0.9716276,0.01629881,0.9906072
circles,cnn,1024,183,0.97898175,0.03981061,0.98510756
circles,cnn,1024,184,0.96286558,0.01781492,1.00772602
circles,cnn,1024,185,0.9759724,0.05903417,0.9832948
circles,cnn,1024,186,0.9764533,0.02028077,1.0182776
circles,cnn,1024,187,0.96860386,0.00744598,0.98606818
circles,cnn,1024,188,0.97348835,0.04861502,0.98605516
circles,cnn,1024,189,0.97072909,0.01773038,1.01542378
circles,cnn,1024,190,0.9695297,0.05291804,1.00964263
circles,cnn,1024,191,0.97965395,0.05735968,0.97305701
circles,cnn,1024,192,0.96510919,0.01390141,0.99593519
circles,cnn,1024,193,0.97362241,0.02258167,0.98354727
circles,cnn,1024,194,0.9865024,0.11201712,0.99118997
circles,cnn,1024,195,0.97407258,0.03507461,1.01361216
circles,cnn,1024,196,0.97375785,0.0373323,0.98647209
circles,cnn,1024,197,0.97511874,0.02675897,0.97289592
circles,cnn,1024,198,0.98038193,0.01804303,1.01171307
circles,cnn,1024,199,0.96392417,0.04846121,0.99111068
circles,cnn,1024,200,0.97197327,0.06221241,0.99708329
circles,cnn,1024,201,0.97824378,0.02154102,1.00233894
circles,cnn,1024,202,0.96182497,0.0354696,1.00692303
circles,cnn,1024,203,0.9753156,0.0056613,0.99033725
circles,cnn,1024,204,0.98036089,0.00403541,1.02892499
circles,cnn,1024,205,0.96613432,0.01019565,1.00518971
circles,cnn,1024,206,0.96905582,0.01382614,0.98978419
circles,cnn,1024,207,0.96381759,0.02752504,1.00019957
circles,cnn,1024,208,0.97920679,0.03136627,1.0213276
circles,cnn,1024,209,0.98063681,0.01910303,0.98759511
circles,cnn,1024,210,0.97541939,0.01716638,0.99482079
circles,cnn,1024,211,0.9706425,0.08759696,1.00051484
circles,cnn,1024,212,0.97117261,0.00079405,0.99234138
circles,cnn,1024,213,0.98034319,0.01959992,1.00437772
circles,cnn,1024,214,0.97351351,0.01925644,1.02179495
circles,cnn,1024,215,0.97092852,0.12795952,1.00788027
circles,cnn,1024,216,0.9747819,0.07811706,0.99207627
circles,cnn,1024,217,0.97447364,0.02103408,1.03086469
circles,cnn,1024,218,0.97631051,0.01217169,0.99345327
circles,cnn,1024,219,0.97197927,0.0006611,0.97792605
circles,cnn,1024,220,0.96164224,0.0015146,1.00175917
circles,cnn,1024,221,0.97614157,0.06793843,1.00284683
circles,cnn,1024,222,0.98487255,0.00122837,0.97176058
circles,cnn,1024,223,0.9800325,0.05695387,1.01613729
circles,cnn,1024,224,0.97220977,0.00668043,0.987026
circles,cnn,1024,225,0.97086479,0.06005536,1.01219912
circles,cnn,1024,226,0.98394751,0.04344141,0.98198937
circles,cnn,1024,227,0.97224515,0.04589312,1.00766351
circles,cnn,1024,228,0.96470912,0.01005071,1.00849577
circles,cnn,1024,229,0.97929882,0.02017789,0.9963586
circles,cnn,1024,230,0.96656478,0.0310939,1.0010079
circles,cnn,1024,231,0.97516846,0.07380662,0.98697701
circles,cnn,1024,232,0.9587867,0.05732153,1.00359693
circles,cnn,1024,233,0.98249975,0.00086223,1.01088939
circles,cnn,1024,234,0.96987469,0.00269675,0.99763936
circles,cnn,1024,235,0.97670628,0.1062877,0.99132082
circles,cnn,1024,236,0.97601479,0.04864331,1.01426076
circles,cnn,1024,237,0.97534198,0.03198187,1.01189043
circles,cnn,1024,238,0.95726895,0.03031645,1.03224461
circles,cnn,1024,239,0.97518501,0.04118539,0.99065891
circles,cnn,1024,240,0.96959974,0.06448179,1.00813534
circles,cnn,1024,241,0.97910716,0.11308417,1.01241152
circles,cnn,1024,242,0.9741556,0.02562527,1.02389523
circles,cnn,1024,243,0.96524074,0.04288902,1.044622
circles,cnn,1024,244,0.98324256,0.03870807,0.99130738
circles,cnn,1024,245,0.97500602,0.02531916,0.9947784
circles,cnn,1024,246,0.97144117,0.01830573,0.99942302
circles,cnn,1024,247,0.97714795,0.02184997,1.00236116
circles,cnn,1024,248,0.97565279,0.13110319,1.02189059
circles,cnn,1024,249,0.9690994,0.11194575,1.01670983
circles,cnn,1024,250,0.97348726,0.02790073,1.00565189
circles,cnn,1024,251,0.97743079,0.08999187,0.9801044
circles,cnn,1024,252,0.97757843,0.0255231,1.01173727
circles,cnn,1024,253,0.98195146,0.09607585,1.01696202
circles,cnn,1024,254,0.97015098,0.03063157,1.03120559
circles,cnn,1024,255,0.97908432,0.01512051,0.99055958
circles,cnn,1024,256,0.97221339,0.02113116,1.01504786
circles,cnn,1024,257,0.97392168,0.01351703,1.03445803
circles,cnn,1024,258,0.97906299,0.09026279,0.97555894
circles,cnn,1024,259,0.9748649,0.00381236,0.98737204
circles,cnn,1024,260,0.97352097,0.02285329,1.02633302
circles,cnn,1024,261,0.98032906,0.05213602,0.9859713
circles,cnn,1024,262,0.96925916,0.01651635,1.00284972
circles,cnn,1024,263,0.9693843,0.05252049,1.0061837
circles,cnn,1024,264,0.98171071,0.08118143,0.98791448
circles,cnn,1024,265,0.97329613,0.03397669,1.00988861
circles,cnn,1024,266,0.97385152,0.08663009,0.99442394
circles,cnn,1024,267,0.9689844,0.02311145,0.9835742
circles,cnn,1024,268,0.96783839,0.00616399,0.99942151
circles,cnn,1024,269,0.97305379,0.00995717,0.99969708
circles,cnn,1024,270,0.97381209,0.00513894,1.00651777
circles,cnn,1024,271,0.98183103,0.04800649,1.01607539
circles,cnn,1024,272,0.96997603,0.14818006,0.9824914
circles,cnn,1024,273,0.97180304,0.00916171,0.98108453
circles,cnn,1024,274,0.96765125,0.00166657,1.00406444
circles,cnn,1024,275,0.96987656,0.07960733,0.99071478
circles,cnn,1024,276,0.96623551,0.0210141,1.01442669
circles,cnn,1024,277,0.96629933,0.02104501,1.01325901
circles,cnn,1024,278,0.96397407,0.0321427,0.99632
circles,cnn,1024,279,0.97809309,0.03805425,1.02607163
circles,cnn,1024,280,0.98680656,0.02709046,0.97811776
circles,cnn,1024,281,0.95782156,0.14103404,1.01456549
circles,cnn,1024,282,0.96461494,0.04941915,1.0031682
circles,cnn,1024,283,0.97059961,0.01909795,1.01855641
circles,cnn,1024,284,0.96801277,0.03348988,0.98866728
circles,cnn,1024,285,0.97305857,0.00896102,0.9760853
circles,cnn,1024,286,0.97388951,0.00662539,0.98300821
circles,cnn,1024,287,0.97617187,0.01220977,1.00788444
circles,cnn,1024,288,0.97920396,0.05742131,1.00445728
circles,cnn,1024,289,0.96846709,0.01664085,1.00463636
circles,cnn,1024,290,0.97560372,0.01929315,0.98568903
circles,cnn,1024,291,0.9720508,0.03072817,0.99416203
circles,cnn,1024,292,0.96413237,0.03945204,0.98836427
circles,cnn,1024,293,0.97052252,0.07607077,0.97823194
circles,cnn,1024,294,0.97333554,0.09124591,0.988326
circles,cnn,1024,295,0.96847843,0.08705936,1.0257624
circles,cnn,1024,296,0.97055789,0.01479366,0.9844453
circles,cnn,1024,297,0.97637936,0.02704934,0.99444573
circles,cnn,1024,298,0.97737529,0.08897349,1.01912149
circles,cnn,1024,299,0.96514021,0.06707503,1.02027735
circles,cnn,1024,300,0.98038222,0.07815732,0.99811409
circles,cnn,1024,301,0.97903503,0.04235256,0.97804225
circles,cnn,1024,302,0.9704683,0.01396995,0.98810189
circles,cnn,1024,303,0.97361577,0.04354112,0.99493313
circles,cnn,1024,304,0.97608197,0.00607516,1.01429395
circles,cnn,1024,305,0.98096043,0.01344695,1.0031184
circles,cnn,1024,306,0.96375858,0.03976734,0.99664755
circles,cnn,1024,307,0.97541377,0.02708625,1.00306765
circles,cnn,1024,308,0.97251027,0.02487658,1.01352991
circles,cnn,1024,309,0.96216415,0.01088873,0.97526375
circles,cnn,1024,310,0.97533351,0.04721835,1.00311544
circles,cnn,1024,311,0.95830218,0.04026118,0.99205711
circles,cnn,1024,312,0.97513469,0.05773027,1.00216888
circles,cnn,1024,313,0.97264729,0.06127774,0.99288508
circles,cnn,1024,314,0.97835478,0.02277118,1.00236261
circles,cnn,1024,315,0.97728781,0.01216782,1.02073274
circles,cnn,1024,316,0.97485216,0.0262851,0.98139253
circles,cnn,1024,317,0.98227968,0.06976621,1.01110159
circles,cnn,1024,318,0.97128253,0.01520264,0.99628971
circles,cnn,1024,319,0.96175991,0.00153321,1.00657216
circles,cnn,1024,320,0.96757352,0.00488412,1.01895374
circles,cnn,1024,321,0.96916833,0.0155965,0.98892792
circles,cnn,1024,322,0.97076846,0.0369887,0.98797799
circles,cnn,1024,323,0.9637561,0.03631859,0.99431791
circles,cnn,1024,324,0.97241128,0.00479902,1.00620734
circles,cnn,1024,325,0.96765686,0.03437094,0.99427245
circles,cnn,1024,326,0.97143626,0.01933879,1.002044
circles,cnn,1024,327,0.96798732,0.07294357,1.0060661
circles,cnn,1024,328,0.97225824,0.01776103,1.02490658
circles,cnn,1024,329,0.97591775,0.02529861,0.99938813
circles,cnn,1024,330,0.98065388,0.0458052,1.00783117
circles,cnn,1024,331,0.97510062,0.04329963,0.95916579
circles,cnn,1024,332,0.96968189,0.08462214,0.99423529
circles,cnn,1024,333,0.97913607,0.1030859,0.9961473
circles,cnn,1024,334,0.97371481,0.02311956,0.9903205
circles,cnn,1024,335,0.97326063,0.00109677,1.02357875
circles,cnn,1024,336,0.96891486,0.06326849,0.99480269
circles,cnn,1024,337,0.96325059,0.06575687,1.0089536
circles,cnn,1024,338,0.96558144,0.0209531,1.00186889
circles,cnn,1024,339,0.97522857,0.02204017,1.01128809
circles,cnn,1024,340,0.96390798,0.06030917,1.00089231
circles,cnn,1024,341,0.97253009,0.03140936,1.02239848
circles,cnn,1024,342,0.97282287,0.04391665,0.99112977
circles,cnn,1024,343,0.97217163,0.05108474,1.00361678
circles,cnn,1024,344,0.9719986,0.03692326,1.01297994
circles,cnn,1024,345,0.97608459,0.11767475,0.99152927
circles,cnn,1024,346,0.96931192,0.07978899,1.0175607
circles,cnn,1024,347,0.9788891,0.06120945,0.99933524
circles,cnn,1024,348,0.9796142,0.05168367,1.01242675
circles,cnn,1024,349,0.97145466,0.07765569,1.01011291
circles,cnn,1024,350,0.97011788,0.02466988,0.99329575
circles,cnn,1024,351,0.97013049,0.06096742,0.98508062
circles,cnn,1024,352,0.97332928,0.01589132,1.00822071
circles,cnn,1024,353,0.97742762,0.06973733,1.0044499
circles,cnn,1024,354,0.97139369,0.03418267,1.00573852
circles,cnn,1024,355,0.96713612,0.06636181,1.00211695
circles,cnn,1024,356,0.98432555,0.04994222,0.99469316
circles,cnn,1024,357,0.97160945,0.02591482,1.00762473
circles,cnn,1024,358,0.97534339,0.04353492,1.01788425
circles,cnn,1024,359,0.97057693,0.0263493,1.00934998
circles,cnn,1024,360,0.96640687,0.02481089,1.00208637
circles,cnn,1024,361,0.97126272,0.00050233,0.98214953
circles,cnn,1024,362,0.97197799,0.02381632,0.99907038
circles,cnn,1024,363,0.9718386,0.02201227,1.01323129
circles,cnn,1024,364,0.97113658,0.08474239,0.99024799
circles,cnn,1024,365,0.96664783,0.00823175,0.98600842
circles,cnn,1024,366,0.97751828,0.05337597,1.03429197
circles,cnn,1024,367,0.98596027,0.0082668,0.99387087
circles,cnn,1024,368,0.967566,0.05561716,1.00118947
circles,cnn,1024,369,0.9714964,0.03234988,1.00877469
circles,cnn,1024,370,0.97225115,0.02910413,1.01843477
circles,cnn,1024,371,0.97828383,0.05994678,0.98149239
circles,cnn,1024,372,0.98184659,0.00333261,0.98208274
circles,cnn,1024,373,0.97362177,0.03859785,0.99188392
circles,cnn,1024,374,0.96653824,0.10372193,0.99193754
circles,cnn,1024,375,0.96663888,0.0117639,1.00087322
circles,cnn,1024,376,0.97427222,0.06923437,0.99923596
circles,cnn,1024,377,0.97645662,0.05793149,0.98884438
circles,cnn,1024,378,0.98056408,0.04403866,0.99371827
circles,cnn,1024,379,0.98741831,0.03495173,1.01091224
circles,cnn,1024,380,0.97133829,0.0123956,1.00505346
circles,cnn,1024,381,0.97947378,0.022078,1.00895532
circles,cnn,1024,382,0.96792266,0.05831765,0.98890066
circles,cnn,1024,383,0.96787931,0.04129991,1.01608092
circles,cnn,1024,384,0.97442611,0.06242519,0.99427221
circles,cnn,1024,385,0.97405353,0.05288255,0.99971364
circles,cnn,1024,386,0.97737537,0.09549999,0.99178961
circles,cnn,1024,387,0.96734026,0.01726675,0.99640372
circles,cnn,1024,388,0.97428748,0.01503796,0.97993723
circles,cnn,1024,389,0.9691223,0.01396797,1.00587499
circles,cnn,1024,390,0.97462231,0.08415582,1.00744475
circles,cnn,1024,391,0.97511474,0.07945893,0.97770688
circles,cnn,1024,392,0.96980224,0.04551097,1.00066238
circles,cnn,1024,393,0.97300048,0.10244696,0.98626135
circles,cnn,1024,394,0.97419206,0.00348577,1.01049398
circles,cnn,1024,395,0.97327261,0.02197045,1.00821735
circles,cnn,1024,396,0.97461379,0.00131085,0.98318553
circles,cnn,1024,397,0.98517499,0.00629965,1.0095243
circles,cnn,1024,398,0.96884841,0.02772768,1.02863132
circles,cnn,1024,399,0.96699531,0.01783752,0.98677638
circles,cnn,1024,400,0.97455541,0.04349733,0.986876
circles,cnn,1024,401,0.97750526,0.03873369,0.99674548
circles,cnn,1024,402,0.95861827,0.05741346,0.99045319
circles,cnn,1024,403,0.96635401,0.01436712,0.99794293
circles,cnn,1024,404,0.96464118,0.02721092,0.97387416
circles,cnn,1024,405,0.97494335,0.0182914,1.01268828
circles,cnn,1024,406,0.96758725,0.05230465,0.98121745
circles,cnn,1024,407,0.97911114,0.07117032,1.00137874
circles,cnn,1024,408,0.96224023,0.04791779,0.99528427
circles,cnn,1024,409,0.9764076,0.0477768,0.99846828
circles,cnn,1024,410,0.97889191,0.04609097,0.99556015
circles,cnn,1024,411,0.97268593,0.08100815,1.00215582
circles,cnn,1024,412,0.97247307,0.04824429,0.99715226
circles,cnn,1024,413,0.97227966,0.00472365,1.01774852
circles,cnn,1024,414,0.96894848,0.02697122,0.98938685
circles,cnn,1024,415,0.96782874,0.01333881,1.00918746
circles,cnn,1024,416,0.96915272,0.08383499,1.00211325
circles,cnn,1024,417,0.9619949,0.07599339,0.99869727
circles,cnn,1024,418,0.97533811,0.02391982,1.01053165
circles,cnn,1024,419,0.96243707,0.04989544,1.01891221
circles,cnn,1024,420,0.96821104,0.00811142,0.98924551
circles,cnn,1024,421,0.9787068,0.00208455,1.01382101
circles,cnn,1024,422,0.98792068,0.09588295,1.01760221
circles,cnn,1024,423,0.98070354,0.02910729,0.98801158
circles,cnn,1024,424,0.97230513,0.00518081,1.00821735
circles,cnn,1024,425,0.98167225,0.02933603,1.00717691
circles,cnn,1024,426,0.97165453,0.03164103,0.9921974
circles,cnn,1024,427,0.97168832,0.02886486,1.01969288
circles,cnn,1024,428,0.98179521,0.00570163,0.98901205
circles,cnn,1024,429,0.98769547,0.05101083,0.99891805
circles,cnn,1024,430,0.97223596,0.01247719,0.97599382
circles,cnn,1024,431,0.96978024,0.02204096,1.01567998
circles,cnn,1024,432,0.96545807,0.03675078,1.00999397
circles,cnn,1024,433,0.97187531,0.03582245,0.99926825
circles,cnn,1024,434,0.97198256,0.02207186,1.00749155
circles,cnn,1024,435,0.97891136,0.04681809,1.01793751
circles,cnn,1024,436,0.9589084,0.00932738,1.00992139
circles,cnn,1024,437,0.9709756,0.13198853,0.98733252
circles,cnn,1024,438,0.979954,0.05727102,0.98990709
circles,cnn,1024,439,0.97241594,0.0299383,0.97631196
circles,cnn,1024,440,0.973023,0.03175393,1.0267142
circles,cnn,1024,441,0.96646552,0.03495444,1.00349529
circles,cnn,1024,442,0.98061643,0.09171722,1.02759552
circles,cnn,1024,443,0.96816051,0.02992741,0.99485351
circles,cnn,1024,444,0.96851427,0.06852299,1.01274677
circles,cnn,1024,445,0.97923051,0.06135288,0.98455012
circles,cnn,1024,446,0.96894467,0.02378919,1.00560975
circles,cnn,1024,447,0.97117882,0.01357941,0.99560746
circles,cnn,1024,448,0.97105384,0.03670695,0.98665114
circles,cnn,1024,449,0.96387295,0.02770121,0.98457839
circles,cnn,1024,450,0.97445914,0.00824236,1.01801849
circles,cnn,1024,451,0.97102468,0.07748427,1.01202329
circles,cnn,1024,452,0.96791264,0.00135969,0.98250504
circles,cnn,1024,453,0.97790753,0.07458313,1.02260493
circles,cnn,1024,454,0.96916736,0.10747549,0.98656179
circles,cnn,1024,455,0.97091266,0.03392801,1.00520953
circles,cnn,1024,456,0.97377166,0.02474124,0.99115779
circles,cnn,1024,457,0.97612387,0.05191655,0.98349399
circles,cnn,1024,458,0.97225088,0.13303015,1.00728877
circles,cnn,1024,459,0.98151537,0.04572806,1.02220527
circles,cnn,1024,460,0.97315538,0.00223155,1.01860182
circles,cnn,1024,461,0.96741482,0.0248606,1.00572137
circles,cnn,1024,462,0.98250016,0.0840438,0.98353549
circles,cnn,1024,463,0.97689517,0.04814447,1.01103903
circles,cnn,1024,464,0.98160484,0.02077453,1.00538254
circles,cnn,1024,465,0.97949036,0.00993793,0.99654198
circles,cnn,1024,466,0.97776226,0.03117363,1.00918768
circles,cnn,1024,467,0.97695626,0.00376806,0.97793667
circles,cnn,1024,468,0.97519986,0.06016295,1.01719513
circles,cnn,1024,469,0.96063316,0.07762779,1.00449544
circles,cnn,1024,470,0.98195069,0.00044967,1.02509503
circles,cnn,1024,471,0.97339742,0.07476017,0.99408198
circles,cnn,1024,472,0.97191445,0.0057714,0.99291034
circles,cnn,1024,473,0.96230252,0.02978504,1.01310793
circles,cnn,1024,474,0.97081942,0.00200625,0.99287212
circles,cnn,1024,475,0.97264363,0.02700513,1.01118674
circles,cnn,1024,476,0.96547901,0.07560174,0.97834532
circles,cnn,1024,477,0.97385319,0.0520844,1.01414056
circles,cnn,1024,478,0.96871308,0.01099474,1.01316017
circles,cnn,1024,479,0.96630254,0.05417788,0.99512278
circles,cnn,1024,480,0.98847104,0.00186743,0.97153192
circles,cnn,1024,481,0.97965075,0.03423798,0.97519294
circles,cnn,1024,482,0.97139173,0.08504289,0.98084147
circles,cnn,1024,483,0.97673583,0.00390332,0.99291159
circles,cnn,1024,484,0.98207173,0.07842383,1.02719019
circles,cnn,1024,485,0.96459966,0.00844451,0.99140914
circles,cnn,1024,486,0.97591038,0.02763687,0.97541594
circles,cnn,1024,487,0.97575505,0.012106,1.00336801
circles,cnn,1024,488,0.96428117,0.03518072,1.01534019
circles,cnn,1024,489,0.96778815,0.04648347,0.97646588
circles,cnn,1024,490,0.96529042,0.09817854,1.00040321
circles,cnn,1024,491,0.97485345,0.0489484,1.0278437
circles,cnn,1024,492,0.97223075,0.11884485,0.99818033
circles,cnn,1024,493,0.96871922,0.05065829,0.9882032
circles,cnn,1024,494,0.96908415,0.04162682,1.01423274
circles,cnn,1024,495,0.96437989,0.04285775,1.00910999
circles,cnn,1024,496,0.96893627,0.00042272,1.01387262
circles,cnn,1024,497,0.9770286,0.0060367,1.00192819
circles,cnn,1024,498,0.97717661,0.0498314,1.01280536
circles,cnn,1024,499,0.96428025,0.01921987,0.99409083
circles,cnn,1024,500,0.98702595,0.02351751,0.98614223
circles,cnn,1024,501,0.96503579,0.01301643,1.00020051
circles,cnn,1024,502,0.96898301,0.11954318,1.00738204
circles,cnn,1024,503,0.96719872,0.06700615,1.01643289
circles,cnn,1024,504,0.96684824,0.00176578,0.99106546
circles,cnn,1024,505,0.97015104,0.1038379,0.99257515
circles,cnn,1024,506,0.98101097,0.04944316,1.0087862
circles,cnn,1024,507,0.98119649,0.04818744,1.00471157
circles,cnn,1024,508,0.96981811,0.04694234,0.98830935
circles,cnn,1024,509,0.98165001,0.01124606,0.99591355
circles,cnn,1024,510,0.98028915,0.04661534,0.99462211
circles,cnn,1024,511,0.97156017,0.0009489,1.02128067
circles,cnn,1024,512,0.96812262,0.00125606,0.9947175
circles,cnn,1024,513,0.97135645,0.05698924,1.00223056
circles,cnn,1024,514,0.97520346,0.04673854,0.99218217
circles,cnn,1024,515,0.97393922,0.07762734,1.00356922
circles,cnn,1024,516,0.97312551,0.09068441,1.00545178
circles,cnn,1024,517,0.95999687,0.03793301,1.01697421
circles,cnn,1024,518,0.96987053,0.05028666,0.97942216
circles,cnn,1024,519,0.97442943,0.04020367,1.00065107
circles,cnn,1024,520,0.97387342,0.0303972,0.99403194
circles,cnn,1024,521,0.97466206,0.08200346,1.0043576
circles,cnn,1024,522,0.96206855,0.05235674,1.00305531
circles,cnn,1024,523,0.98139844,0.06632671,1.00073839
circles,cnn,1024,524,0.97842964,0.01487108,0.9939728
circles,cnn,1024,525,0.97108705,0.0229079,1.01891678
circles,cnn,1024,526,0.96546426,0.06142525,0.99623612
circles,cnn,1024,527,0.97452511,0.07349934,0.97293976
circles,cnn,1024,528,0.96512817,0.0210686,0.94544941
circles,cnn,1024,529,0.98760505,0.05580558,1.01781816
circles,cnn,1024,530,0.9720758,0.05747232,1.00772286
circles,cnn,1024,531,0.98198029,0.03639431,1.00351711
circles,cnn,1024,532,0.98274404,0.04635092,0.99581413
circles,cnn,1024,533,0.97646734,0.04601366,1.00854528
circles,cnn,1024,534,0.96451993,0.03684654,0.98110987
circles,cnn,1024,535,0.97061825,0.1206639,1.00231311
circles,cnn,1024,536,0.96990131,0.00366914,1.00490389
circles,cnn,1024,537,0.97428032,0.08109527,1.02207906
circles,cnn,1024,538,0.97829427,0.03420428,1.00041105
circles,cnn,1024,539,0.97166636,0.0197693,1.00370726
circles,cnn,1024,540,0.96502709,0.03671873,0.98295886
circles,cnn,1024,541,0.97148219,0.09455727,1.00980964
circles,cnn,1024,542,0.96913159,0.06519608,1.00795043
circles,cnn,1024,543,0.95585826,0.01089374,0.99164716
circles,cnn,1024,544,0.97707371,0.02429588,1.00313761
circles,cnn,1024,545,0.97337431,0.07152461,1.00893521
circles,cnn,1024,546,0.96630575,0.01771655,1.00315069
circles,cnn,1024,547,0.96561679,0.06997356,1.03476968
circles,cnn,1024,548,0.97308682,0.05287894,1.00548861
circles,cnn,1024,549,0.97278837,0.01539627,0.98617617
circles,cnn,1024,550,0.970868,0.04556233,1.00197302
circles,cnn,1024,551,0.95815028,0.08509882,0.99298206
circles,cnn,1024,552,0.97450095,0.07163063,0.99975475
circles,cnn,1024,553,0.97478459,0.09497351,1.01727869
circles,cnn,1024,554,0.97759118,0.10475013,0.99712618
circles,cnn,1024,555,0.97907446,0.01148853,1.02071717
circles,cnn,1024,556,0.97241244,0.01261816,1.01546261
circles,cnn,1024,557,0.96952667,0.03331677,1.01832804
circles,cnn,1024,558,0.97417255,0.01841944,1.03782787
circles,cnn,1024,559,0.97777069,0.1009658,0.99542886
circles,cnn,1024,560,0.96959011,0.02976668,0.99375179
circles,cnn,1024,561,0.97489,0.08068565,1.00845143
circles,cnn,1024,562,0.97670403,0.07106054,1.00357401
circles,cnn,1024,563,0.9812057,0.07324126,0.98274634
circles,cnn,1024,564,0.97678233,0.01091144,0.99830453
circles,cnn,1024,565,0.96453568,0.04223826,0.98225044
circles,cnn,1024,566,0.97540354,0.06195377,0.97948741
circles,cnn,1024,567,0.97728011,0.0985096,1.00711735
circles,cnn,1024,568,0.98255028,0.04714609,1.01060831
circles,cnn,1024,569,0.96254753,0.0711354,1.01719535
circles,cnn,1024,570,0.98170588,0.05205709,0.96947494
circles,cnn,1024,571,0.96613497,0.05320721,0.9884875
circles,cnn,1024,572,0.98814018,0.00926432,0.98273877
circles,cnn,1024,573,0.97323076,0.04182361,0.97893434
circles,cnn,1024,574,0.97329658,0.00101879,1.01110635
circles,cnn,1024,575,0.97302984,0.00095781,1.00150679
circles,cnn,1024,576,0.97401139,0.01263715,0.97644543
circles,cnn,1024,577,0.9677539,0.03986978,1.02479577
circles,cnn,1024,578,0.97373608,0.01127616,0.99762834
circles,cnn,1024,579,0.96633822,0.01363198,1.01751269
circles,cnn,1024,580,0.97407033,0.01875763,0.99475806
circles,cnn,1024,581,0.97345016,0.01384453,0.99699087
circles,cnn,1024,582,0.97155571,0.00633403,1.00682795
circles,cnn,1024,583,0.97858804,0.00158269,1.02009842
circles,cnn,1024,584,0.97259282,0.03040167,1.00938992
circles,cnn,1024,585,0.97272414,0.04479413,1.00105893
circles,cnn,1024,586,0.96793373,0.00777131,1.03825647
circles,cnn,1024,587,0.9797639,0.03520249,0.97829008
circles,cnn,1024,588,0.97469047,0.048749,0.99364461
circles,cnn,1024,589,0.9766802,0.01224999,0.96635993
circles,cnn,1024,590,0.97071221,0.09295671,0.98950323
circles,cnn,1024,591,0.98038427,0.02066162,1.01921084
circles,cnn,1024,592,0.97160916,0.01753753,0.99794955
circles,cnn,1024,593,0.96900283,0.06508209,1.00808437
circles,cnn,1024,594,0.97917691,0.00379389,0.9873758
circles,cnn,1024,595,0.97258865,0.03099326,0.97285893
circles,cnn,1024,596,0.96800124,0.07187316,1.00499998
circles,cnn,1024,597,0.97361987,0.07872716,1.00565293
circles,cnn,1024,598,0.97457499,0.04004566,0.98312293
circles,cnn,1024,599,0.97276069,0.00708822,0.98088475
circles,cnn,1024,600,0.96784284,0.05160729,1.01974987
circles,cnn,1024,601,0.9644689,5.182e-05,0.97895662
circles,cnn,1024,602,0.97371798,0.01730007,0.99934789
circles,cnn,1024,603,0.9771389,0.0805814,1.01798376
circles,cnn,1024,604,0.97602186,0.04424608,0.98862549
circles,cnn,1024,605,0.96794726,0.10093344,0.99140998
circles,cnn,1024,606,0.96674024,0.05584204,1.00609334
circles,cnn,1024,607,0.97121393,0.05028808,1.01766244
circles,cnn,1024,608,0.98359629,0.03623336,0.99170688
circles,cnn,1024,609,0.98244797,0.00408038,1.00392051
circles,cnn,1024,610,0.96655351,0.14139999,0.99501683
circles,cnn,1024,611,0.97696049,0.07285752,0.98262108
circles,cnn,1024,612,0.97324817,0.04569559,1.01059999
circles,cnn,1024,613,0.9717207,0.04373025,0.98456311
circles,cnn,1024,614,0.97442315,0.02023221,1.01203357
circles,cnn,1024,615,0.97736008,0.03588478,0.97989873
circles,cnn,1024,616,0.97881309,0.06464475,0.96949052
circles,cnn,1024,617,0.96260821,0.00702984,1.01567221
circles,cnn,1024,618,0.9764008,0.00949651,1.00616946
circles,cnn,1024,619,0.98012041,0.03649485,0.99447329
circles,cnn,1024,620,0.97457915,0.09274572,1.02393264
circles,cnn,1024,621,0.97822747,0.0039959,0.99933041
circles,cnn,1024,622,0.97831053,0.08099194,1.02827819
circles,cnn,1024,623,0.97368431,0.00364367,1.00623358
circles,cnn,1024,624,0.97465546,0.02058484,0.99696672
circles,cnn,1024,625,0.9738011,0.00071684,1.00382851
circles,cnn,1024,626,0.97437361,0.06511592,1.01933974
circles,cnn,1024,627,0.96528477,0.03483085,0.99702298
circles,cnn,1024,628,0.97071933,0.00481513,1.00768249
circles,cnn,1024,629,0.97652033,0.08695988,1.0038314
circles,cnn,1024,630,0.96634529,0.04327013,0.97631048
circles,cnn,1024,631,0.97395079,0.04377363,0.98290519
circles,cnn,1024,632,0.96562002,0.04838842,0.96151521
circles,cnn,1024,633,0.9742559,0.06191298,0.99280986
circles,cnn,1024,634,0.97280612,0.04081151,1.01524808
circles,cnn,1024,635,0.98599077,0.06259297,1.0186366
circles,cnn,1024,636,0.97699538,0.07486278,1.01259648
circles,cnn,1024,637,0.9690165,0.03981603,0.99531098
circles,cnn,1024,638,0.96870126,0.02932066,0.9735572
circles,cnn,1024,639,0.98158129,0.08668854,0.99304502
circles,cnn,1024,640,0.9701685,0.02219514,1.00591839
circles,cnn,1024,641,0.98441179,0.01790168,0.98735447
circles,cnn,1024,642,0.97300811,0.01263381,0.99086774
circles,cnn,1024,643,0.9744196,0.0510984,0.98646149
circles,cnn,1024,644,0.97242129,0.02208612,1.00990246
circles,cnn,1024,645,0.97688323,0.07929034,1.00759377
circles,cnn,1024,646,0.97067006,0.01975531,0.96538336
circles,cnn,1024,647,0.9768797,0.02506804,0.98866522
circles,cnn,1024,648,0.9756846,0.01626969,0.98737876
circles,cnn,1024,649,0.97391313,0.00801039,0.99372513
circles,cnn,1024,650,0.9677529,0.06215411,1.01196247
circles,cnn,1024,651,0.97576807,0.04007481,0.99147426
circles,cnn,1024,652,0.96443542,0.07055048,0.98878685
circles,cnn,1024,653,0.97537108,0.02689857,0.98356476
circles,cnn,1024,654,0.97138285,0.00752267,0.99218633
circles,cnn,1024,655,0.98690267,0.05006915,0.98408341
circles,cnn,1024,656,0.97826533,0.04393997,0.99909631
circles,cnn,1024,657,0.96961535,0.08890309,1.02306042
circles,cnn,1024,658,0.97692902,0.03149621,0.99611514
circles,cnn,1024,659,0.97447143,0.01182305,1.00791927
circles,cnn,1024,660,0.96539224,0.03447752,0.99739562
circles,cnn,1024,661,0.97479484,0.02361449,0.97983029
circles,cnn,1024,662,0.97134876,0.00534514,1.00734696
circles,cnn,1024,663,0.98062419,0.02641043,0.99480808
circles,cnn,1024,664,0.98219814,0.00899449,0.9862442
circles,cnn,1024,665,0.97090122,0.01198665,1.01259245
circles,cnn,1024,666,0.98642874,0.01111458,0.99209354
circles,cnn,1024,667,0.9648406,0.00422245,0.98853881
circles,cnn,1024,668,0.97952226,0.01315643,0.98977296
circles,cnn,1024,669,0.98238688,0.03116479,1.02845565
circles,cnn,1024,670,0.9723043,0.02776706,1.00460799
circles,cnn,1024,671,0.97708045,0.00616595,1.00008146
circles,cnn,1024,672,0.97770008,0.05139427,0.99147466
circles,cnn,1024,673,0.96759754,0.0933821,0.9997497
circles,cnn,1024,674,0.96725982,0.05461938,1.00988327
circles,cnn,1024,675,0.97169464,0.00515939,1.01593711
circles,cnn,1024,676,0.9722561,0.04644213,1.00003071
circles,cnn,1024,677,0.97724002,0.08813718,1.01866733
circles,cnn,1024,678,0.96792455,0.02810869,1.00231445
circles,cnn,1024,679,0.97025055,0.01465396,1.00400548
circles,cnn,1024,680,0.97635599,0.03213134,0.98661181
circles,cnn,1024,681,0.98070837,0.03966327,1.01016102
circles,cnn,1024,682,0.97545544,0.01692029,0.96611808
circles,cnn,1024,683,0.96669795,0.03225884,0.98589363
circles,cnn,1024,684,0.97728383,0.04795866,1.00637198
circles,cnn,1024,685,0.98160536,0.11467186,1.00550412
circles,cnn,1024,686,0.98344791,0.05724274,0.98591863
circles,cnn,1024,687,0.98869007,0.02348773,1.02886185
circles,cnn,1024,688,0.96550152,0.02118543,1.00680652
circles,cnn,1024,689,0.967245,0.02468794,1.01776751
circles,cnn,1024,690,0.97200235,0.04756511,0.99410454
circles,cnn,1024,691,0.98519719,0.05341625,1.00396498
circles,cnn,1024,692,0.97360018,0.04514275,0.97930632
circles,cnn,1024,693,0.97724553,0.07130451,0.97803113
circles,cnn,1024,694,0.9698465,0.05386208,1.00146425
circles,cnn,1024,695,0.9733619,0.05705648,0.97326041
circles,cnn,1024,696,0.97420429,0.0148396,1.00635731
circles,cnn,1024,697,0.98435726,0.10235677,1.00141386
circles,cnn,1024,698,0.97654675,0.00332962,1.02525032
circles,cnn,1024,699,0.96387174,0.0723357,1.0250592
circles,cnn,1024,700,0.96650568,0.01859937,0.98962084
circles,cnn,1024,701,0.97884781,0.00211703,0.98530264
circles,cnn,1024,702,0.96853718,0.00957686,1.02178727
circles,cnn,1024,703,0.9622273,0.0486605,1.00124632
circles,cnn,1024,704,0.97656627,0.01231495,0.97514761
circles,cnn,1024,705,0.96383634,0.03667838,1.00925093
circles,cnn,1024,706,0.96979414,0.07398248,1.01756172
circles,cnn,1024,707,0.97937097,0.02264476,1.01759431
circles,cnn,1024,708,0.97462664,0.00272709,1.00051368
circles,cnn,1024,709,0.97881223,0.03549388,1.00890861
circles,cnn,1024,710,0.96927442,0.07228172,0.97121838
circles,cnn,1024,711,0.96944201,0.05319172,0.9871333
circles,cnn,1024,712,0.96874459,0.01852454,0.98963549
circles,cnn,1024,713,0.9726944,0.0381195,0.97693154
circles,cnn,1024,714,0.96887342,0.04146373,0.99848475
circles,cnn,1024,715,0.97920843,0.00487729,0.97970658
circles,cnn,1024,716,0.98671838,0.0437751,1.00091338
circles,cnn,1024,717,0.96710753,0.00873507,1.02421118
circles,cnn,1024,718,0.96926431,0.03386966,0.99696333
circles,cnn,1024,719,0.96114087,0.01728384,1.00202245
circles,cnn,1024,720,0.97335201,0.01656482,0.98821447
circles,cnn,1024,721,0.97057334,0.02204078,1.00939494
circles,cnn,1024,722,0.97467482,0.04328062,0.9898493
circles,cnn,1024,723,0.97334321,0.01344053,0.98617518
circles,cnn,1024,724,0.9815365,0.00545336,0.98271969
circles,cnn,1024,725,0.97257804,0.01958147,0.99910827
circles,cnn,1024,726,0.9757313,0.02351067,1.00940879
circles,cnn,1024,727,0.97683304,0.05999488,0.97935551
circles,cnn,1024,728,0.97160175,0.05144594,0.96563757
circles,cnn,1024,729,0.96471593,0.01746054,0.99678364
circles,cnn,1024,730,0.97024394,0.03884938,0.99861568
circles,cnn,1024,731,0.97823105,0.06103957,0.98998716
circles,cnn,1024,732,0.98231636,0.04557317,0.99468574
circles,cnn,1024,733,0.97115501,0.03110089,0.98951566
circles,cnn,1024,734,0.97862542,0.02608438,1.00007049
circles,cnn,1024,735,0.98491983,0.0260215,0.99310985
circles,cnn,1024,736,0.96746281,0.07960522,1.00550812
circles,cnn,1024,737,0.9800521,0.05568606,1.02697755
circles,cnn,1024,738,0.96852874,0.0574786,0.98481058
circles,cnn,1024,739,0.98018897,0.02881014,0.97469044
circles,cnn,1024,740,0.97609329,0.10935718,1.01691045
circles,cnn,1024,741,0.97055237,0.00815776,0.99590137
circles,cnn,1024,742,0.97481622,0.07371827,0.99150479
circles,cnn,1024,743,0.97806012,0.02015451,1.00768955
circles,cnn,1024,744,0.96982725,0.03916025,1.00705953
circles,cnn,1024,745,0.97000622,0.08688732,1.01342052
circles,cnn,1024,746,0.97949531,0.13681784,0.98322955
circles,cnn,1024,747,0.98026918,0.02347877,1.00005355
circles,cnn,1024,748,0.97713309,0.04246374,1.01029155
circles,cnn,1024,749,0.9708874,0.00412916,0.9745059
circles,cnn,1024,750,0.97416961,0.14287649,1.01709677
circles,cnn,1024,751,0.96756634,0.04579451,1.02347658
circles,cnn,1024,752,0.97856364,0.08669719,0.98334122
circles,cnn,1024,753,0.97038186,0.04347404,1.00763465
circles,cnn,1024,754,0.97128219,0.04178537,0.99887591
circles,cnn,1024,755,0.9639944,0.01735123,0.97730451
circles,cnn,1024,756,0.97402363,0.03940116,1.01506959
circles,cnn,1024,757,0.96407131,0.02195974,0.99099186
circles,cnn,1024,758,0.9854412,0.04404938,0.98843531
circles,cnn,1024,759,0.96602933,0.03887869,0.96266428
circles,cnn,1024,760,0.9705764,0.09699728,1.01024946
circles,cnn,1024,761,0.97230126,0.03649148,0.96313909
circles,cnn,1024,762,0.97249762,0.01459081,0.99627556
circles,cnn,1024,763,0.97496095,0.04337606,1.01258475
circles,cnn,1024,764,0.96748208,0.00891147,1.00150076
circles,cnn,1024,765,0.97097187,0.00524827,0.99564262
circles,cnn,1024,766,0.97376393,0.00534576,0.98125716
circles,cnn,1024,767,0.97278941,0.02947638,1.01885832
circles,cnn,1024,768,0.98130202,0.01621922,0.98305707
circles,cnn,1024,769,0.97578103,0.00026631,0.96423547
circles,cnn,1024,770,0.96707508,0.02894342,1.00428034
circles,cnn,1024,771,0.96667298,0.07885013,0.98458586
circles,cnn,1024,772,0.97060331,0.0364306,0.99574846
circles,cnn,1024,773,0.97164065,0.04055011,0.99460692
circles,cnn,1024,774,0.97621163,0.04248238,0.98859621
circles,cnn,1024,775,0.98589314,0.02316444,1.01477508
circles,cnn,1024,776,0.970149,0.03539757,0.99096768
circles,cnn,1024,777,0.9780177,0.02778765,1.01044495
circles,cnn,1024,778,0.96427051,0.04162336,0.99396927
circles,cnn,1024,779,0.97070702,0.02338352,0.98641643
circles,cnn,1024,780,0.97326718,0.04201651,0.99618961
circles,cnn,1024,781,0.96182545,0.01592035,1.00786159
circles,cnn,1024,782,0.97955159,0.11756328,1.0137338
circles,cnn,1024,783,0.96331972,0.06505142,0.99401557
circles,cnn,1024,784,0.96922591,0.03919082,1.00006233
circles,cnn,1024,785,0.96770717,0.03098575,1.01552535
circles,cnn,1024,786,0.97610618,0.06295837,1.00741984
circles,cnn,1024,787,0.97081655,0.0389894,0.99433407
circles,cnn,1024,788,0.97271041,0.0124147,1.01818288
circles,cnn,1024,789,0.97099456,0.00416762,0.98259011
circles,cnn,1024,790,0.98307394,0.04087609,1.0110793
circles,cnn,1024,791,0.98069545,0.01610557,0.98172705
circles,cnn,1024,792,0.96644365,0.04238298,0.97814088
circles,cnn,1024,793,0.97240267,0.06097404,0.98329478
circles,cnn,1024,794,0.97421823,0.07613772,1.01154196
circles,cnn,1024,795,0.97986937,0.0252214,0.9896068
circles,cnn,1024,796,0.9811405,0.08385177,1.00635739
circles,cnn,1024,797,0.97255216,0.04293426,1.01195114
circles,cnn,1024,798,0.96939103,0.01754066,1.01506509
circles,cnn,1024,799,0.97549178,0.05499809,1.02269843
circles,cnn,1024,800,0.96681585,0.0224699,0.98575416
circles,cnn,1024,801,0.97305931,0.04374664,0.99978092
circles,cnn,1024,802,0.97109528,0.06617003,0.99088729
circles,cnn,1024,803,0.96857922,0.02522521,0.99882507
circles,cnn,1024,804,0.96683001,0.08764953,1.02813046
circles,cnn,1024,805,0.96777933,0.08337614,0.97689993
circles,cnn,1024,806,0.97280629,0.03646539,1.00594871
circles,cnn,1024,807,0.9658279,0.02020322,1.0286982
circles,cnn,1024,808,0.96800622,0.0631858,1.00816357
circles,cnn,1024,809,0.96256801,0.0091556,1.01837685
circles,cnn,1024,810,0.97966325,0.0146213,0.97140409
circles,cnn,1024,811,0.9644653,0.03292199,0.98663151
circles,cnn,1024,812,0.97156553,0.04920253,0.99508969
circles,cnn,1024,813,0.97002829,0.09716497,1.00204891
circles,cnn,1024,814,0.96648176,0.06121061,1.00844783
circles,cnn,1024,815,0.98034786,0.01471037,1.00027728
circles,cnn,1024,816,0.9740032,0.05905005,0.98978497
circles,cnn,1024,817,0.98917917,0.06101734,1.0004982
circles,cnn,1024,818,0.96979685,0.04956885,0.98289467
circles,cnn,1024,819,0.97587086,0.02880898,1.00201348
circles,cnn,1024,820,0.98519881,0.00426928,0.99888255
circles,cnn,1024,821,0.97161357,0.05071064,0.9975091
circles,cnn,1024,822,0.96486164,0.00883491,1.01485698
circles,cnn,1024,823,0.98363818,0.01443579,1.00361809
circles,cnn,1024,824,0.95966138,0.07585076,1.0132571
circles,cnn,1024,825,0.97730506,0.04745167,1.00317112
circles,cnn,1024,826,0.96115766,0.0706519,1.00822261
circles,cnn,1024,827,0.97398195,0.06768735,0.9797015
circles,cnn,1024,828,0.96209251,0.00408123,1.02717662
circles,cnn,1024,829,0.97084766,0.05037822,0.9915363
circles,cnn,1024,830,0.97791634,0.05699819,0.99434547
circles,cnn,1024,831,0.98098347,0.01423525,1.00122536
circles,cnn,1024,832,0.96356544,0.09510339,0.98459905
circles,cnn,1024,833,0.9852359,0.01182466,1.02219396
circles,cnn,1024,834,0.97705055,0.02910416,1.00561198
circles,cnn,1024,835,0.9779386,0.03631608,1.02863328
circles,cnn,1024,836,0.975427,0.00680106,0.996662
circles,cnn,1024,837,0.9724911,0.05535777,1.00101401
circles,cnn,1024,838,0.9730227,0.03143807,0.99023078
circles,cnn,1024,839,0.96628771,0.02559361,0.99888284
circles,cnn,1024,840,0.98140175,0.09048372,0.98073389
circles,cnn,1024,841,0.96455267,0.0481333,1.01617857
circles,cnn,1024,842,0.96750309,0.05601399,1.01365604
circles,cnn,1024,843,0.9724762,0.01436256,1.01084193
circles,cnn,1024,844,0.97215242,0.01943261,0.99197143
circles,cnn,1024,845,0.97354538,0.05958611,1.026018
circles,cnn,1024,846,0.96727219,0.01414705,0.99730067
circles,cnn,1024,847,0.96167393,0.13835823,1.00388165
circles,cnn,1024,848,0.97372244,0.00225886,0.97426088
circles,cnn,1024,849,0.97526029,0.01792893,0.97253356
circles,cnn,1024,850,0.96441529,0.05375896,0.97892046
circles,cnn,1024,851,0.97474293,0.05028321,1.02235285
circles,cnn,1024,852,0.97128023,0.07323531,1.00307426
circles,cnn,1024,853,0.96285579,0.0199537,1.00220924
circles,cnn,1024,854,0.97993302,0.05368022,0.97938445
circles,cnn,1024,855,0.97208364,0.01060831,1.01729299
circles,cnn,1024,856,0.96593954,0.01329625,0.9729628
circles,cnn,1024,857,0.97691791,0.0093897,1.00117501
circles,cnn,1024,858,0.97848149,0.00262394,1.00577807
circles,cnn,1024,859,0.97204119,0.01111904,0.98212762
circles,cnn,1024,860,0.9607535,0.02187479,0.98909226
circles,cnn,1024,861,0.97741955,0.00718994,0.98747756
circles,cnn,1024,862,0.97087604,0.03691052,1.01041837
circles,cnn,1024,863,0.97225175,0.03216375,0.99525566
circles,cnn,1024,864,0.97367001,0.0243821,0.99087909
circles,cnn,1024,865,0.97975066,0.0702439,0.98691828
circles,cnn,1024,866,0.97240383,0.05248891,0.98867802
circles,cnn,1024,867,0.95860875,0.06577086,0.98796041
circles,cnn,1024,868,0.97616194,0.02472836,0.97994412
circles,cnn,1024,869,0.98339011,0.06819534,0.99390309
circles,cnn,1024,870,0.96887975,0.00048806,1.01700418
circles,cnn,1024,871,0.97522949,0.06214661,0.9966538
circles,cnn,1024,872,0.96930876,0.03602684,0.98589579
circles,cnn,1024,873,0.97201566,0.01542331,0.98261149
circles,cnn,1024,874,0.9694463,0.01697478,0.99828553
circles,cnn,1024,875,0.96909612,0.00163984,0.99391924
circles,cnn,1024,876,0.97152091,0.01877761,1.02897008
circles,cnn,1024,877,0.97385511,0.03344144,1.0142872
circles,cnn,1024,878,0.97688282,0.05491887,1.00474323
circles,cnn,1024,879,0.96169299,0.03636479,0.98698206
circles,cnn,1024,880,0.9763175,0.03248781,1.01634617
circles,cnn,1024,881,0.97233691,0.02828182,1.0131223
circles,cnn,1024,882,0.97227696,0.01075244,1.03530224
circles,cnn,1024,883,0.97324185,0.04146554,0.9874404
circles,cnn,1024,884,0.97072873,0.00839429,1.00729732
circles,cnn,1024,885,0.98157551,0.02054304,0.9951461
circles,cnn,1024,886,0.97053252,0.0570495,0.99686727
circles,cnn,1024,887,0.97694938,0.0658504,0.99382798
circles,cnn,1024,888,0.99154864,0.00731049,0.99809631
circles,cnn,1024,889,0.98100183,0.00295803,1.04500362
circles,cnn,1024,890,0.96063678,0.13240322,1.00560678
circles,cnn,1024,891,0.97361863,0.05500159,1.00002029
circles,cnn,1024,892,0.97156127,0.06820149,0.98777661
circles,cnn,1024,893,0.96557022,0.0188853,0.98435221
circles,cnn,1024,894,0.9637756,0.00924178,1.0303392
circles,cnn,1024,895,0.96857821,0.05927435,1.00958653
circles,cnn,1024,896,0.97494543,0.0510037,0.99401475
circles,cnn,1024,897,0.9758201,0.01603754,1.0214689
circles,cnn,1024,898,0.97465499,0.01280283,0.98373695
circles,cnn,1024,899,0.98378518,0.04817304,1.01472657
circles,cnn,1024,900,0.98117496,0.02835864,1.00710112
circles,cnn,1024,901,0.96726056,0.03490956,0.98253592
circles,cnn,1024,902,0.98322611,0.02112509,1.02971869
circles,cnn,1024,903,0.97922138,0.01780406,1.01392185
circles,cnn,1024,904,0.97124158,0.0021348,0.98949717
circles,cnn,1024,905,0.98417688,0.00573634,1.00899587
circles,cnn,1024,906,0.96178047,0.09472527,0.9838875
circles,cnn,1024,907,0.97435643,0.07662409,0.9950315
circles,cnn,1024,908,0.96831994,0.00385771,1.0013488
circles,cnn,1024,909,0.97248122,0.04556735,0.98753645
circles,cnn,1024,910,0.97733742,0.07300372,0.99267865
circles,cnn,1024,911,0.97272154,0.01513541,1.0107164
circles,cnn,1024,912,0.96927422,0.11401756,1.02793438
circles,cnn,1024,913,0.96180082,0.0366454,1.01056214
circles,cnn,1024,914,0.97363727,0.0420313,1.01107841
circles,cnn,1024,915,0.97055898,0.07102946,1.01810115
circles,cnn,1024,916,0.97017104,0.1422803,0.99436256
circles,cnn,1024,917,0.96808752,0.05248681,0.99474862
circles,cnn,1024,918,0.96413649,0.13791304,1.00073456
circles,cnn,1024,919,0.96127655,0.0061012,0.98169008
circles,cnn,1024,920,0.96075943,0.00151276,0.98759773
circles,cnn,1024,921,0.97752321,0.04720839,0.98631065
circles,cnn,1024,922,0.97366192,0.06478867,0.96574946
circles,cnn,1024,923,0.97653877,0.02400592,1.01195242
circles,cnn,1024,924,0.96919461,0.00960677,1.00075195
circles,cnn,1024,925,0.96625229,0.07349622,1.00441863
circles,cnn,1024,926,0.97200469,0.07042752,0.98182647
circles,cnn,1024,927,0.98406034,0.02670963,0.98912336
circles,cnn,1024,928,0.97732007,0.00394076,1.00824968
circles,cnn,1024,929,0.97566395,0.0086909,1.00643054
circles,cnn,1024,930,0.97969017,0.00951136,1.01018415
circles,cnn,1024,931,0.97399959,0.13450552,1.0005549
circles,cnn,1024,932,0.96501192,0.01731579,0.99317621
circles,cnn,1024,933,0.96912224,0.04473247,0.97549911
circles,cnn,1024,934,0.97517752,0.02014967,1.00915312
circles,cnn,1024,935,0.96814851,0.04079025,0.98364186
circles,cnn,1024,936,0.98324825,0.08257264,1.00202335
circles,cnn,1024,937,0.96896586,0.04611579,0.97989547
circles,cnn,1024,938,0.97091314,0.05623301,0.9849637
circles,cnn,1024,939,0.974508,0.01622123,1.01205741
circles,cnn,1024,940,0.97975828,0.0681039,0.99890745
circles,cnn,1024,941,0.97159381,0.00707567,1.01453676
circles,cnn,1024,942,0.97713708,0.01716456,1.01225856
circles,cnn,1024,943,0.96474727,0.00819604,0.99793619
circles,cnn,1024,944,0.97047726,0.03704274,0.99959695
circles,cnn,1024,945,0.98481093,0.00303894,1.01014987
circles,cnn,1024,946,0.96907622,0.04955571,0.99904477
circles,cnn,1024,947,0.97635649,0.11546705,1.02519932
circles,cnn,1024,948,0.96203303,0.08671195,1.00999553
circles,cnn,1024,949,0.96785301,0.01026145,1.00219094
circles,cnn,1024,950,0.96747719,0.03110062,0.97782056
circles,cnn,1024,951,0.97907179,0.00600951,1.00163767
circles,cnn,1024,952,0.95956289,0.03447742,1.00194285
circles,cnn,1024,953,0.97284416,0.02518463,0.98222476
circles,cnn,1024,954,0.97309728,0.02933706,1.03561462
circles,cnn,1024,955,0.98410186,0.00043377,0.97401066
circles,cnn,1024,956,0.97668711,0.00265415,0.97842485
circles,cnn,1024,957,0.98041021,0.03873096,1.00768607
circles,cnn,1024,958,0.9793467,0.00427266,1.00012847
circles,cnn,1024,959,0.96710497,0.03058667,0.97737354
circles,cnn,1024,960,0.976508,0.03758295,0.99891277
circles,cnn,1024,961,0.97949421,0.07353293,0.98566806
circles,cnn,1024,962,0.9765341,0.01590404,0.98806416
circles,cnn,1024,963,0.96496546,0.11159813,0.99663015
circles,cnn,1024,964,0.97580991,0.05893111,0.96766719
circles,cnn,1024,965,0.97547808,0.00676882,0.99081925
circles,cnn,1024,966,0.97594385,0.05722695,1.00716976
circles,cnn,1024,967,0.96852927,0.05671488,1.02496695
circles,cnn,1024,968,0.97595371,0.00954377,0.99895296
circles,cnn,1024,969,0.96311709,0.05776123,0.98448499
circles,cnn,1024,970,0.98247073,0.04714814,0.98002825
circles,cnn,1024,971,0.97474267,0.06098449,1.0253046
circles,cnn,1024,972,0.96384287,0.00603974,0.97980304
circles,cnn,1024,973,0.97268652,0.00579322,1.02660476
circles,cnn,1024,974,0.97853277,0.11968016,1.02385518
circles,cnn,1024,975,0.97735428,0.02794076,1.01045003
circles,cnn,1024,976,0.97241306,0.03598568,1.0062043
circles,cnn,1024,977,0.97175929,0.02399745,1.00477878
circles,cnn,1024,978,0.97811477,0.02800892,1.0111646
circles,cnn,1024,979,0.97215554,0.0314842,1.0112119
circles,cnn,1024,980,0.96826765,0.02852838,0.98061665
circles,cnn,1024,981,0.97521739,0.03414109,1.01966791
circles,cnn,1024,982,0.97841494,0.06643716,1.03299876
circles,cnn,1024,983,0.97530421,0.05361914,0.98404534
circles,cnn,1024,984,0.97035792,0.08195033,1.01602254
circles,cnn,1024,985,0.96335967,0.0053831,1.00282022
circles,cnn,1024,986,0.96933914,0.01777476,0.9904075
circles,cnn,1024,987,0.97435549,0.0998086,1.00722972
circles,cnn,1024,988,0.9728632,0.03745333,1.00953586
circles,cnn,1024,989,0.97557135,0.00626517,1.00446124
circles,cnn,1024,990,0.96207836,0.0228583,0.99920443
circles,cnn,1024,991,0.9704437,0.03889352,0.99579349
circles,cnn,1024,992,0.97201725,0.03922102,1.01012911
circles,cnn,1024,993,0.98001859,0.00041078,0.98827602
circles,cnn,1024,994,0.97931044,0.02862093,0.98940346
circles,cnn,1024,995,0.97529702,0.03800584,1.00101175
circles,cnn,1024,996,0.96718884,0.0799051,0.99903012
circles,cnn,1024,997,0.96955925,0.10998371,0.9847928
circles,cnn,1024,998,0.97428193,0.03074554,1.01373703
circles,cnn,1024,999,0.97036175,0.00785007,1.00422732
circles,cnn,2024,0,0.96818376,0.03659837,1.02397364
circles,cnn,2024,1,0.96540246,0.02564497,0.98010244
circles,cnn,2024,2,0.96429376,0.01311547,1.01124173
circles,cnn,2024,3,0.98132437,0.00720165,0.9846392
circles,cnn,2024,4,0.97324674,0.05575857,1.0013394
circles,cnn,2024,5,0.97045374,0.06910354,0.98892236
circles,cnn,2024,6,0.9740173,0.00934151,1.01533211
circles,cnn,2024,7,0.96816331,0.00076561,1.02079127
circles,cnn,2024,8,0.96566556,0.0075208,1.00051465
circles,cnn,2024,9,0.97574563,0.0227871,1.00143178
circles,cnn,2024,10,0.97804317,0.04533934,0.99431232
circles,cnn,2024,11,0.97393234,0.09414533,1.00180553
circles,cnn,2024,12,0.97851127,0.03167252,0.9596732
circles,cnn,2024,13,0.97640597,0.04039193,0.98905813
circles,cnn,2024,14,0.9807964,0.03732659,1.03576768
circles,cnn,2024,15,0.96668341,0.01202414,1.00031025
circles,cnn,2024,16,0.97852268,0.09567601,0.9878353
circles,cnn,2024,17,0.9702141,0.03143153,0.9821315
circles,cnn,2024,18,0.97061669,0.08227467,0.99808042
circles,cnn,2024,19,0.97973029,0.04401891,1.02672021
circles,cnn,2024,20,0.95399512,0.05217337,1.01154508
circles,cnn,2024,21,0.97640153,0.06545649,1.01566611
circles,cnn,2024,22,0.96437359,0.08646755,0.97864411
circles,cnn,2024,23,0.97235535,0.06164452,1.00067272
circles,cnn,2024,24,0.98141633,0.07063879,1.00128201
circles,cnn,2024,25,0.97831716,0.06893957,0.97848224
circles,cnn,2024,26,0.97836087,0.03585002,1.00250825
circles,cnn,2024,27,0.98438084,0.07300682,1.00308706
circles,cnn,2024,28,0.97606678,0.07555686,1.0154223
circles,cnn,2024,29,0.97689004,0.1072266,0.99752407
circles,cnn,2024,30,0.97778875,0.02912803,0.99590321
circles,cnn,2024,31,0.97453776,0.07820915,1.01413407
circles,cnn,2024,32,0.96708521,0.00418534,0.98356895
circles,cnn,2024,33,0.97429351,0.04616889,0.97484478
circles,cnn,2024,34,0.9591242,0.08123299,1.0016922
circles,cnn,2024,35,0.98785492,0.00265136,1.03624248
circles,cnn,2024,36,0.98248009,0.00122013,0.99250636
circles,cnn,2024,37,0.97189543,0.00107536,1.00503136
circles,cnn,2024,38,0.9701717,0.04444864,0.99791298
circles,cnn,2024,39,0.9707756,0.02297666,0.98984367
circles,cnn,2024,40,0.98519319,0.01182303,1.01944158
circles,cnn,2024,41,0.9715582,0.0418031,1.00163939
circles,cnn,2024,42,0.96478251,0.00760831,0.99876221
circles,cnn,2024,43,0.97416879,0.02696103,0.9902042
circles,cnn,2024,44,0.97620217,0.04147151,0.99012919
circles,cnn,2024,45,0.97471184,0.00539467,0.99889545
circles,cnn,2024,46,0.9820304,0.00364133,1.01109819
circles,cnn,2024,47,0.97262697,0.04323602,1.00788291
circles,cnn,2024,48,0.97357975,0.00652774,0.98548629
circles,cnn,2024,49,0.97702245,0.02709749,1.01624703
circles,cnn,2024,50,0.97445782,0.07581892,1.02420006
circles,cnn,2024,51,0.9738107,0.04158123,0.9835054
circles,cnn,2024,52,0.98319796,0.08802038,1.01670605
circles,cnn,2024,53,0.96829826,0.04510022,0.99555282
circles,cnn,2024,54,0.97461961,0.10340291,1.01745044
circles,cnn,2024,55,0.97437517,0.05122491,1.0091922
circles,cnn,2024,56,0.9662541,0.051098,1.02160354
circles,cnn,2024,57,0.9738123,0.03320451,0.9891511
circles,cnn,2024,58,0.962426,0.09662681,0.99380387
circles,cnn,2024,59,0.97102761,0.08372256,0.98256777
circles,cnn,2024,60,0.96945948,0.04730314,0.98632774
circles,cnn,2024,61,0.96124284,0.07569638,1.00104932
circles,cnn,2024,62,0.97593251,0.02005285,0.9812668
circles,cnn,2024,63,0.98145032,0.00583365,1.01263429
circles,cnn,2024,64,0.97291437,0.00079671,1.01329767
circles,cnn,2024,65,0.97146801,0.00234737,0.97797019
circles,cnn,2024,66,0.97874318,0.08681214,1.00518685
circles,cnn,2024,67,0.97442617,0.01994074,0.96177812
circles,cnn,2024,68,0.97823486,0.0643143,1.0070393
circles,cnn,2024,69,0.97108042,0.0226164,1.00471029
circles,cnn,2024,70,0.96773002,0.00354817,0.98627671
circles,cnn,2024,71,0.98306828,0.06496337,0.99753971
circles,cnn,2024,72,0.96629118,0.01295058,1.01664992
circles,cnn,2024,73,0.97625028,0.07140283,1.00984363
circles,cnn,2024,74,0.97243765,0.04008052,1.01215272
circles,cnn,2024,75,0.97110851,0.04426371,0.99669757
circles,cnn,2024,76,0.98397818,0.10681928,0.99847461
circles,cnn,2024,77,0.96659817,0.08406436,0.99457651
circles,cnn,2024,78,0.97387491,0.05757446,0.99647072
circles,cnn,2024,79,0.97343231,0.04050797,1.0050302
circles,cnn,2024,80,0.97220556,0.04498322,1.01101514
circles,cnn,2024,81,0.97367481,0.05182436,1.02584151
circles,cnn,2024,82,0.96319262,0.0250352,1.0146547
circles,cnn,2024,83,0.97961702,0.04522808,0.99290044
circles,cnn,2024,84,0.9736593,0.01699288,1.00016245
circles,cnn,2024,85,0.96945864,0.03253681,0.99071205
circles,cnn,2024,86,0.97974714,0.06843528,0.98347699
circles,cnn,2024,87,0.98160584,0.08373925,0.99989853
circles,cnn,2024,88,0.97324141,0.07698328,1.00756409
circles,cnn,2024,89,0.96725473,0.03736598,1.00605804
circles,cnn,2024,90,0.96957718,0.01146633,0.99876443
circles,cnn,2024,91,0.97286828,0.01523468,1.00123621
circles,cnn,2024,92,0.96830775,0.0139708,0.99605665
circles,cnn,2024,93,0.97899938,0.00250015,1.04619969
circles,cnn,2024,94,0.97804217,0.01764817,0.99263804
circles,cnn,2024,95,0.97362884,0.02750508,0.99441394
circles,cnn,2024,96,0.9674548,0.01096944,1.00485834
circles,cnn,2024,97,0.97201936,0.00760295,1.02586849
circles,cnn,2024,98,0.96452977,0.08590711,1.02055557
circles,cnn,2024,99,0.96079288,0.03358279,0.97064806
circles,cnn,2024,100,0.98145549,0.0355071,1.00622553
circles,cnn,2024,101,0.98553864,0.03941541,0.98299514
circles,cnn,2024,102,0.96514179,0.05972088,0.99983148
circles,cnn,2024,103,0.9804884,0.02873051,1.01302658
circles,cnn,2024,104,0.96789312,0.04277508,0.97615352
circles,cnn,2024,105,0.98204502,0.0580658,0.98281013
circles,cnn,2024,106,0.97719036,0.02011748,0.99891719
circles,cnn,2024,107,0.97682687,0.05938411,0.98827206
circles,cnn,2024,108,0.97467065,0.07580058,0.99034254
circles,cnn,2024,109,0.97869681,0.06224382,0.99051706
circles,cnn,2024,110,0.96717864,0.0966166,1.00814821
circles,cnn,2024,111,0.98666645,0.02970661,0.98835189
circles,cnn,2024,112,0.97536589,0.03268382,0.9992314
circles,cnn,2024,113,0.97592351,0.04948552,0.98753616
circles,cnn,2024,114,0.96900573,0.040413,0.99383395
circles,cnn,2024,115,0.96496319,0.00087682,1.01881414
circles,cnn,2024,116,0.97174604,0.01453657,0.98401631
circles,cnn,2024,117,0.9667996,0.06929097,0.99964914
circles,cnn,2024,118,0.97171462,0.06682904,0.99725349
circles,cnn,2024,119,0.97557488,0.01660097,0.97154226
circles,cnn,2024,120,0.97598037,0.08121497,1.00469704
circles,cnn,2024,121,0.96557335,0.01379111,1.01158593
circles,cnn,2024,122,0.97338611,0.06154676,0.99040867
circles,cnn,2024,123,0.98037207,0.06848379,1.00423496
circles,cnn,2024,124,0.96671175,0.05131863,0.97783771
circles,cnn,2024,125,0.97167644,0.02480075,1.02753106
circles,cnn,2024,126,0.97380482,0.02603322,1.00638146
circles,cnn,2024,127,0.9662714,0.0070357,1.00255231
circles,cnn,2024,128,0.97578553,0.04524907,1.00454025
circles,cnn,2024,129,0.9802233,0.04967952,1.01264049
circles,cnn,2024,130,0.98890765,0.02189219,1.00933458
circles,cnn,2024,131,0.97458294,0.07084317,0.98597457
circles,cnn,2024,132,0.98163058,0.0217879,0.97899522
circles,cnn,2024,133,0.96718066,0.065311,1.03114785
circles,cnn,2024,134,0.96747588,0.02158917,0.99423058
circles,cnn,2024,135,0.96664626,0.06581778,0.98906233
circles,cnn,2024,136,0.97797462,0.00096392,1.0079346
circles,cnn,2024,137,0.96865615,0.0485848,0.9941896
circles,cnn,2024,138,0.97013826,0.0739218,1.00247454
circles,cnn,2024,139,0.96647644,0.04286679,0.97492057
circles,cnn,2024,140,0.97308479,0.04285223,0.9941752
circles,cnn,2024,141,0.97048931,0.05982859,0.99527037
circles,cnn,2024,142,0.96368787,0.03852077,0.97895967
circles,cnn,2024,143,0.97115129,0.09374754,1.00659366
circles,cnn,2024,144,0.96919868,0.00367006,0.97514317
circles,cnn,2024,145,0.96886363,0.04080859,0.98247883
circles,cnn,2024,146,0.98622973,0.0108875,0.99906208
circles,cnn,2024,147,0.9757384,0.08602425,1.00864165
circles,cnn,2024,148,0.97033738,0.04203338,1.00130648
circles,cnn,2024,149,0.97313096,0.02852079,0.98338997
circles,cnn,2024,150,0.96940581,0.01688195,1.02071829
circles,cnn,2024,151,0.98736966,0.01676399,0.99587651
circles,cnn,2024,152,0.97229034,0.02847872,0.98720797
circles,cnn,2024,153,0.97770217,0.03470432,0.9888949
circles,cnn,2024,154,0.97087748,0.049782,1.00490654
circles,cnn,2024,155,0.97659925,0.10851919,0.9843204
circles,cnn,2024,156,0.98422865,0.04859164,0.9908307
circles,cnn,2024,157,0.96412724,0.01676446,0.99558806
circles,cnn,2024,158,0.96932852,0.0596113,1.01578547
circles,cnn,2024,159,0.97301201,0.02479196,1.01855245
circles,cnn,2024,160,0.97089963,0.02354405,0.99201548
circles,cnn,2024,161,0.96870703,0.02699799,0.9982171
circles,cnn,2024,162,0.96917361,0.05775239,1.00303671
circles,cnn,2024,163,0.9747623,0.00012049,0.99547444
circles,cnn,2024,164,0.96643006,0.00846519,0.98398323
circles,cnn,2024,165,0.96811885,0.05599024,0.98497982
circles,cnn,2024,166,0.98196058,0.07649587,1.01178965
circles,cnn,2024,167,0.98668923,0.07940372,0.99875353
circles,cnn,2024,168,0.97645935,0.06069112,1.02057197
circles,cnn,2024,169,0.96382595,0.02285178,0.99363574
circles,cnn,2024,170,0.97847644,0.08250223,0.98418557
circles,cnn,2024,171,0.96801199,0.03776979,0.97860395
circles,cnn,2024,172,0.97073443,0.01715255,0.98491224
circles,cnn,2024,173,0.96675563,0.01279553,1.00423089
circles,cnn,2024,174,0.96824557,0.00697803,1.00157173
circles,cnn,2024,175,0.96704224,0.00396596,0.99159909
circles,cnn,2024,176,0.96686056,0.01847648,0.99232095
circles,cnn,2024,177,0.97284032,0.00244164,1.02228479
circles,cnn,2024,178,0.9691106,0.07980555,1.00841076
circles,cnn,2024,179,0.96778443,0.01929092,1.00877055
circles,cnn,2024,180,0.97965006,0.12129827,1.002244
circles,cnn,2024,181,0.97655174,0.08317531,1.01613477
circles,cnn,2024,182,0.9620052,0.00674159,1.01761099
circles,cnn,2024,183,0.97186006,0.020138,1.01421202
circles,cnn,2024,184,0.97484511,0.03917332,0.99560433
circles,cnn,2024,185,0.97673519,0.01038458,0.98291251
circles,cnn,2024,186,0.97611172,0.06567267,1.01423971
circles,cnn,2024,187,0.9635407,0.00326831,0.99146422
circles,cnn,2024,188,0.97095281,0.06985916,0.98057111
circles,cnn,2024,189,0.97009019,0.0349677,1.00095948
circles,cnn,2024,190,0.97425683,0.02384584,0.99618325
circles,cnn,2024,191,0.96805945,0.03580742,0.98399254
circles,cnn,2024,192,0.98880445,0.0285503,1.00129046
circles,cnn,2024,193,0.97544327,0.02779327,1.00467922
circles,cnn,2024,194,0.96115466,0.09380235,0.98718843
circles,cnn,2024,195,0.96682774,0.04320607,0.99926176
circles,cnn,2024,196,0.97145654,0.04306862,0.99317907
circles,cnn,2024,197,0.96773733,0.06284742,0.99988628
circles,cnn,2024,198,0.97239767,0.01363471,0.99987614
circles,cnn,2024,199,0.97623304,0.02009312,1.00660619
circles,cnn,2024,200,0.97211877,0.03419796,1.00314659
circles,cnn,2024,201,0.97067794,0.00204763,0.99713409
circles,cnn,2024,202,0.97439513,0.03934188,1.01652835
circles,cnn,2024,203,0.96933698,0.00365545,0.98877863
circles,cnn,2024,204,0.97454672,0.01427877,0.9961017
circles,cnn,2024,205,0.97451489,0.01181676,1.01129572
circles,cnn,2024,206,0.97786251,0.09888077,1.01124728
circles,cnn,2024,207,0.97178891,0.01568047,1.02323729
circles,cnn,2024,208,0.97591334,0.02914003,1.01371865
circles,cnn,2024,209,0.96676535,0.03761214,0.99899922
circles,cnn,2024,210,0.97408592,0.06519329,1.00138156
circles,cnn,2024,211,0.97400395,0.07172588,1.02253963
circles,cnn,2024,212,0.97677976,0.00986827,0.96619683
circles,cnn,2024,213,0.972121,0.02856406,0.97187508
circles,cnn,2024,214,0.97481863,0.00948114,0.98546089
circles,cnn,2024,215,0.97322367,0.01293086,0.99048159
circles,cnn,2024,216,0.96694725,0.03333354,0.99237298
circles,cnn,2024,217,0.97659836,0.00919641,0.9740379
circles,cnn,2024,218,0.97041387,0.02493846,1.00418291
circles,cnn,2024,219,0.96910871,0.00934355,0.99023113
circles,cnn,2024,220,0.97461543,0.09398266,0.99429925
circles,cnn,2024,221,0.96682229,0.05073691,1.00394879
circles,cnn,2024,222,0.97426354,0.07321988,1.01435241
circles,cnn,2024,223,0.9778936,0.11865497,1.02286194
circles,cnn,2024,224,0.98555816,0.00682689,0.9991372
circles,cnn,2024,225,0.97450184,0.04300296,1.00306707
circles,cnn,2024,226,0.97250543,0.03073979,1.01093894
circles,cnn,2024,227,0.9679091,0.05162716,1.00238292
circles,cnn,2024,228,0.98644884,0.01872037,0.98431424
circles,cnn,2024,229,0.95363232,0.00857401,1.01162626
circles,cnn,2024,230,0.97446579,0.04186369,0.98943389
circles,cnn,2024,231,0.98790034,0.05415481,1.03185277
circles,cnn,2024,232,0.96496439,0.06792266,0.98280211
circles,cnn,2024,233,0.97048621,0.03074152,1.00261754
circles,cnn,2024,234,0.96894707,0.06553762,1.00286082
circles,cnn,2024,235,0.97979609,0.10786036,0.98267918
circles,cnn,2024,236,0.96735217,0.06325385,0.9857089
circles,cnn,2024,237,0.974161,0.13448919,1.00186822
circles,cnn,2024,238,0.97118477,0.00979622,0.99017712
circles,cnn,2024,239,0.96865993,0.03030456,1.023119
circles,cnn,2024,240,0.97300362,0.00293627,1.00210816
circles,cnn,2024,241,0.97557532,0.04260018,1.00466984
circles,cnn,2024,242,0.96863891,0.00264439,0.99239456
circles,cnn,2024,243,0.97989908,0.02873165,0.98959019
circles,cnn,2024,244,0.96009634,0.05372634,1.00316384
circles,cnn,2024,245,0.98033451,0.00740682,1.00937785
circles,cnn,2024,246,0.97163714,0.0475529,1.0233663
circles,cnn,2024,247,0.97631738,0.03452941,1.00390907
circles,cnn,2024,248,0.97050829,0.04043698,1.01216369
circles,cnn,2024,249,0.98065353,0.00223634,0.99695251
circles,cnn,2024,250,0.96856092,0.02830874,0.97867487
circles,cnn,2024,251,0.97510185,0.03773769,1.03696784
circles,cnn,2024,252,0.97894817,0.08238234,0.98297802
circles,cnn,2024,253,0.9832554,0.02191171,0.98495577
circles,cnn,2024,254,0.971018,0.06909739,0.98969196
circles,cnn,2024,255,0.98396041,0.06462851,1.00168402
circles,cnn,2024,256,0.96829052,0.05067346,0.9825033
circles,cnn,2024,257,0.97611223,0.0294992,0.99573267
circles,cnn,2024,258,0.9688836,0.0226202,0.98582051
circles,cnn,2024,259,0.96803453,0.01455479,1.02888501
circles,cnn,2024,260,0.98207066,0.03540869,1.00443155
circles,cnn,2024,261,0.98171163,0.07075526,1.0003134
circles,cnn,2024,262,0.96837298,0.05338424,0.99026156
circles,cnn,2024,263,0.97075059,0.06718721,1.02054787
circles,cnn,2024,264,0.9750089,0.02126496,1.0024634
circles,cnn,2024,265,0.96759289,0.08273934,1.0084958
circles,cnn,2024,266,0.97980803,0.04046488,0.99104785
circles,cnn,2024,267,0.96829988,0.00614436,1.00319588
circles,cnn,2024,268,0.97440513,0.0588963,0.96802681
circles,cnn,2024,269,0.97325275,0.04595768,1.00035715
circles,cnn,2024,270,0.96172817,0.02926514,0.99399246
circles,cnn,2024,271,0.97863788,0.00459849,0.99676956
circles,cnn,2024,272,0.97550984,0.03973918,1.00674132
circles,cnn,2024,273,0.96926198,0.02283463,1.0069377
circles,cnn,2024,274,0.97591688,0.01827083,1.01887078
circles,cnn,2024,275,0.96626351,0.0782509,1.00789056
circles,cnn,2024,276,0.97668979,0.02392946,1.00432773
circles,cnn,2024,277,0.97162313,0.02716506,1.03219313
circles,cnn,2024,278,0.98388405,0.04003268,1.0075598
circles,cnn,2024,279,0.96924879,0.028066,0.98650361
circles,cnn,2024,280,0.97037566,0.06436476,1.0090544
circles,cnn,2024,281,0.95899593,0.12254695,1.02063606
circles,cnn,2024,282,0.97716793,0.01926705,1.04099417
circles,cnn,2024,283,0.98354659,0.00151554,1.01375103
circles,cnn,2024,284,0.97415506,0.00277183,1.0092944
circles,cnn,2024,285,0.97141128,0.07651271,1.01720919
circles,cnn,2024,286,0.9778632,0.00150936,1.01573131
circles,cnn,2024,287,0.97075451,0.04065579,0.99338699
circles,cnn,2024,288,0.98278124,0.02098634,0.99232342
circles,cnn,2024,289,0.977138,0.00191795,0.99687591
circles,cnn,2024,290,0.97361884,0.05521164,0.97630305
circles,cnn,2024,291,0.97137198,0.05330966,0.98960133
circles,cnn,2024,292,0.96756863,0.03189149,1.01922836
circles,cnn,2024,293,0.97921145,0.02460948,0.99186079
circles,cnn,2024,294,0.96892285,0.07414797,0.96914973
circles,cnn,2024,295,0.97793163,0.01477752,1.0030315
circles,cnn,2024,296,0.96871701,0.05008131,1.0048902
circles,cnn,2024,297,0.97449526,0.04412473,0.98645703
circles,cnn,2024,298,0.97295745,0.03952073,0.96512869
circles,cnn,2024,299,0.97409669,0.04256482,1.01051008
circles,cnn,2024,300,0.964761,0.02832379,1.00844745
circles,cnn,2024,301,0.9656741,0.03730305,0.9937405
circles,cnn,2024,302,0.97351143,0.02036499,0.99097277
circles,cnn,2024,303,0.97531228,0.01859338,0.98410756
circles,cnn,2024,304,0.96954979,0.07278504,1.02311001
circles,cnn,2024,305,0.9783541,0.03157963,1.00590384
circles,cnn,2024,306,0.97325629,0.01800981,1.02362922
circles,cnn,2024,307,0.97538063,0.07916682,0.99193889
circles,cnn,2024,308,0.96947624,0.08130028,0.98170512
circles,cnn,2024,309,0.97937612,0.07484508,0.99139549
circles,cnn,2024,310,0.97874134,0.02827963,0.98903866
circles,cnn,2024,311,0.97654939,0.0185864,0.99793283
circles,cnn,2024,312,0.98758999,0.01896088,0.98610592
circles,cnn,2024,313,0.9766453,0.03785954,1.00955799
circles,cnn,2024,314,0.97114622,0.05201961,1.0212331
circles,cnn,2024,315,0.97991101,0.02702327,0.98968789
circles,cnn,2024,316,0.97297323,0.03912894,0.99528421
circles,cnn,2024,317,0.96330218,0.06631508,1.02372483
circles,cnn,2024,318,0.96931088,0.03185678,0.98836236
circles,cnn,2024,319,0.96330874,0.01936082,0.99460714
circles,cnn,2024,320,0.97000552,0.00019663,0.98186299
circles,cnn,2024,321,0.96812341,0.04342627,0.99202602
circles,cnn,2024,322,0.97096723,0.05820338,0.99595733
circles,cnn,2024,323,0.97689597,0.04952799,0.99275028
circles,cnn,2024,324,0.97251082,0.09517934,1.0137575
circles,cnn,2024,325,0.9813727,0.03426819,1.02472722
circles,cnn,2024,326,0.97896747,0.00061573,0.99849936
circles,cnn,2024,327,0.97188971,0.01836078,1.00904806
circles,cnn,2024,328,0.97390717,0.03613844,0.98750096
circles,cnn,2024,329,0.97416618,0.0477675,1.01968671
circles,cnn,2024,330,0.96825691,0.01479578,1.01358241
circles,cnn,2024,331,0.98716862,0.0159359,1.00679877
circles,cnn,2024,332,0.98279172,0.00826721,0.99207411
circles,cnn,2024,333,0.97636476,0.03236331,0.99717989
circles,cnn,2024,334,0.97000659,0.05482019,0.99210147
circles,cnn,2024,335,0.97091733,0.00038792,0.99826114
circles,cnn,2024,336,0.96966323,0.04090446,1.0064787
circles,cnn,2024,337,0.97689148,0.01422568,1.00751569
circles,cnn,2024,338,0.96930625,0.02331039,1.01434197
circles,cnn,2024,339,0.97279073,0.0191541,0.9881718
circles,cnn,2024,340,0.96866811,0.0151155,0.98760971
circles,cnn,2024,341,0.97003971,0.05231485,0.98374746
circles,cnn,2024,342,0.98104748,0.00574535,1.00430543
circles,cnn,2024,343,0.97939414,0.11827704,0.98126033
circles,cnn,2024,344,0.97241829,0.02592343,0.98975126
circles,cnn,2024,345,0.96340872,0.05201484,1.01450527
circles,cnn,2024,346,0.98220373,0.03677808,0.99604682
circles,cnn,2024,347,0.97960108,0.05724787,1.01567235
circles,cnn,2024,348,0.9685675,0.02261152,1.01033106
circles,cnn,2024,349,0.973966,0.01592121,1.00445498
circles,cnn,2024,350,0.96633915,0.04586521,1.01307048
circles,cnn,2024,351,0.97182901,0.02758135,1.02961862
circles,cnn,2024,352,0.97222684,0.04651791,1.0060204
circles,cnn,2024,353,0.97353815,0.01082144,0.99814413
circles,cnn,2024,354,0.97851753,0.0905122,0.97087738
circles,cnn,2024,355,0.96325064,0.03304211,1.00601628
circles,cnn,2024,356,0.97107763,0.03127828,1.02117196
circles,cnn,2024,357,0.98041644,0.04190885,0.98097131
circles,cnn,2024,358,0.97007837,0.01587462,1.00755943
circles,cnn,2024,359,0.97187449,0.08627353,1.02816954
circles,cnn,2024,360,0.96641863,0.04109434,0.98624763
circles,cnn,2024,361,0.97381988,0.07512803,0.99271603
circles,cnn,2024,362,0.96979514,0.00049457,0.99090617
circles,cnn,2024,363,0.96593282,0.01775227,0.9804828
circles,cnn,2024,364,0.96179749,0.00472649,1.03506291
circles,cnn,2024,365,0.96526354,0.02845171,1.00791122
circles,cnn,2024,366,0.97173569,0.00677067,0.99331557
circles,cnn,2024,367,0.97429149,0.0264919,0.98728878
circles,cnn,2024,368,0.95978063,0.11164194,1.01475477
circles,cnn,2024,369,0.97460955,0.03884157,1.0139507
circles,cnn,2024,370,0.96704995,0.07940764,1.00263789
circles,cnn,2024,371,0.97411346,0.01544424,1.03023525
circles,cnn,2024,372,0.96920516,0.06035068,1.00338055
circles,cnn,2024,373,0.98322021,0.01652982,0.99933364
circles,cnn,2024,374,0.96756538,0.02781826,1.02915817
circles,cnn,2024,375,0.96334764,0.03928992,0.99399957
circles,cnn,2024,376,0.97661197,0.02572366,0.97186322
circles,cnn,2024,377,0.9771283,0.05812489,0.99437659
circles,cnn,2024,378,0.96376319,0.05487802,1.0066684
circles,cnn,2024,379,0.95872111,0.0202507,1.00018627
circles,cnn,2024,380,0.9776768,0.00191129,1.00901937
circles,cnn,2024,381,0.96511417,0.04859454,1.0068957
circles,cnn,2024,382,0.97075318,0.03143305,0.94816851
circles,cnn,2024,383,0.97180598,0.03041104,1.02331156
circles,cnn,2024,384,0.97459704,0.04929163,1.0012322
circles,cnn,2024,385,0.98095217,0.00363068,1.00724202
circles,cnn,2024,386,0.96405479,0.02973232,0.99074012
circles,cnn,2024,387,0.97226714,0.00613683,0.99724887
circles,cnn,2024,388,0.97061756,0.01496497,1.00244773
circles,cnn,2024,389,0.97992744,0.02044113,1.01719768
circles,cnn,2024,390,0.96957897,0.00565141,1.00395547
circles,cnn,2024,391,0.97054194,0.05230961,1.01222983
circles,cnn,2024,392,0.98659419,0.05914789,1.01122394
circles,cnn,2024,393,0.96882284,0.0160028,0.98377351
circles,cnn,2024,394,0.9848261,0.00460262,1.00363094
circles,cnn,2024,395,0.97141654,0.04953916,0.99639712
circles,cnn,2024,396,0.9635609,0.07651911,0.99984069
circles,cnn,2024,397,0.9652806,0.0688342,0.98773504
circles,cnn,2024,398,0.97127281,0.04994468,1.00731659
circles,cnn,2024,399,0.97611386,0.08479156,1.01377024
circles,cnn,2024,400,0.97480918,0.04780256,0.99592333
circles,cnn,2024,401,0.97389048,0.03000406,1.01485794
circles,cnn,2024,402,0.97341779,0.02518325,0.99550013
circles,cnn,2024,403,0.97645844,0.02382215,0.99757979
circles,cnn,2024,404,0.96153296,0.02031047,0.96618058
circles,cnn,2024,405,0.98582579,0.00619218,1.00096271
circles,cnn,2024,406,0.9790647,0.01996178,0.9892333
circles,cnn,2024,407,0.97753642,0.07122835,1.00832261
circles,cnn,2024,408,0.97098658,0.04449082,0.98290657
circles,cnn,2024,409,0.97416917,7.413e-05,0.98756925
circles,cnn,2024,410,0.97215758,0.07458877,0.98847833
circles,cnn,2024,411,0.97116159,0.03880152,0.98501503
circles,cnn,2024,412,0.97983462,0.02003203,0.98938347
circles,cnn,2024,413,0.96322579,0.00494255,0.99667142
circles,cnn,2024,414,0.97136239,0.0520259,1.00226947
circles,cnn,2024,415,0.97967542,0.03316859,0.9635605
circles,cnn,2024,416,0.96868699,0.12166079,1.00752349
circles,cnn,2024,417,0.98353467,0.00438618,0.96727145
circles,cnn,2024,418,0.96346206,0.07354523,1.01257278
circles,cnn,2024,419,0.97136938,0.09893443,1.00191249
circles,cnn,2024,420,0.97645743,0.00123228,1.03101897
circles,cnn,2024,421,0.97101466,0.03641315,0.95296508
circles,cnn,2024,422,0.96906229,0.02072927,0.98676073
circles,cnn,2024,423,0.97382413,0.04206047,1.03951683
circles,cnn,2024,424,0.98237958,0.09808201,0.99245871
circles,cnn,2024,425,0.97428036,0.00733293,1.01734208
circles,cnn,2024,426,0.9750061,0.01871762,1.00454392
circles,cnn,2024,427,0.97833276,0.03045911,1.00526977
circles,cnn,2024,428,0.98036819,0.04874088,0.98286402
circles,cnn,2024,429,0.97684997,0.09015802,0.9751592
circles,cnn,2024,430,0.96653824,0.03774148,0.9880301
circles,cnn,2024,431,0.97342391,0.0934392,1.00081875
circles,cnn,2024,432,0.97380246,0.03711969,1.01016347
circles,cnn,2024,433,0.98903214,0.04098145,0.99921704
circles,cnn,2024,434,0.98246609,0.0768036,0.99794746
circles,cnn,2024,435,0.97107491,0.02487757,0.98780327
circles,cnn,2024,436,0.97182038,0.09192923,1.00057824
circles,cnn,2024,437,0.97846311,0.05186976,1.00818155
circles,cnn,2024,438,0.97177513,0.00582173,0.99774693
circles,cnn,2024,439,0.96556758,0.01098011,1.01402414
circles,cnn,2024,440,0.97457719,0.02054987,0.9848788
circles,cnn,2024,441,0.9722701,0.04707536,1.02510503
circles,cnn,2024,442,0.97528111,0.03730259,0.99747277
circles,cnn,2024,443,0.97637031,0.0575304,0.99479076
circles,cnn,2024,444,0.96425046,0.07766994,0.99351066
circles,cnn,2024,445,0.96017937,0.0120752,0.99416286
circles,cnn,2024,446,0.96382043,0.04763616,0.99913233
circles,cnn,2024,447,0.99015663,0.06486614,0.99438908
circles,cnn,2024,448,0.96623853,0.03193595,0.97072126
circles,cnn,2024,449,0.9733442,0.02009458,0.97400896
circles,cnn,2024,450,0.97629026,0.01161896,0.98100208
circles,cnn,2024,451,0.96702133,0.0118047,1.01518084
circles,cnn,2024,452,0.96782859,0.02770893,1.00337543
circles,cnn,2024,453,0.96934298,0.02647066,0.96382085
circles,cnn,2024,454,0.97345435,0.00258293,0.99894619
circles,cnn,2024,455,0.9749252,0.05680085,1.0204439
circles,cnn,2024,456,0.97872132,0.00595666,1.00540969
circles,cnn,2024,457,0.97815937,0.0331022,0.9862915
circles,cnn,2024,458,0.97082133,0.02479501,0.99996514
circles,cnn,2024,459,0.98040991,0.05877304,0.97868056
circles,cnn,2024,460,0.97830525,0.05143909,1.0001321
circles,cnn,2024,461,0.98448335,0.01858647,1.00086479
circles,cnn,2024,462,0.97847555,0.00043909,0.99790545
circles,cnn,2024,463,0.95800862,0.03053944,1.00464936
circles,cnn,2024,464,0.97236825,0.07899416,1.00170692
circles,cnn,2024,465,0.98256371,0.02221537,0.99462435
circles,cnn,2024,466,0.97209017,0.05653843,0.99631068
circles,cnn,2024,467,0.97661887,0.00076504,1.01397976
circles,cnn,2024,468,0.97270473,0.02439206,1.01370541
circles,cnn,2024,469,0.96950882,0.02794349,0.98857
circles,cnn,2024,470,0.97272051,0.11317291,0.98784211
circles,cnn,2024,471,0.96797745,0.09845312,1.019164
circles,cnn,2024,472,0.97864961,0.02136191,1.02382243
circles,cnn,2024,473,0.97506729,0.02023542,1.01140688
circles,cnn,2024,474,0.9634303,0.05509811,0.99014606
circles,cnn,2024,475,0.966819,0.04710458,1.00273919
circles,cnn,2024,476,0.96963693,0.07177801,0.95850813
circles,cnn,2024,477,0.9743,0.02186702,0.97753581
circles,cnn,2024,478,0.96553262,0.01411477,0.99644785
circles,cnn,2024,479,0.96322524,0.04048467,1.00357636
circles,cnn,2024,480,0.95927592,0.00241268,1.00711868
circles,cnn,2024,481,0.96319011,0.11583509,0.99444868
circles,cnn,2024,482,0.97313712,0.03008406,0.99408478
circles,cnn,2024,483,0.97258309,0.0837944,1.00520452
circles,cnn,2024,484,0.97017652,0.00711439,1.00864235
circles,cnn,2024,485,0.97099577,0.01635505,0.99820072
circles,cnn,2024,486,0.98037038,0.06231302,1.02830885
circles,cnn,2024,487,0.9721856,0.00618212,0.94392955
circles,cnn,2024,488,0.98104113,0.02363834,0.99937238
circles,cnn,2024,489,0.97413947,0.01018302,1.00096172
circles,cnn,2024,490,0.96856179,0.01388147,0.99715696
circles,cnn,2024,491,0.9590498,0.00736163,1.00103256
circles,cnn,2024,492,0.96593515,0.05214639,1.00329952
circles,cnn,2024,493,0.97397248,0.00642687,0.99714759
circles,cnn,2024,494,0.97242012,0.00554387,0.97298877
circles,cnn,2024,495,0.97925503,0.02067462,0.99790469
circles,cnn,2024,496,0.97192567,0.01751373,1.01194097
circles,cnn,2024,497,0.97457005,0.07321396,0.9937459
circles,cnn,2024,498,0.97681393,0.01827382,1.02204727
circles,cnn,2024,499,0.9742081,0.01670781,1.0141758
circles,cnn,2024,500,0.97474967,0.06168553,0.99681094
circles,cnn,2024,501,0.96409986,0.00883156,1.00963394
circles,cnn,2024,502,0.96073156,0.00252585,1.01493538
circles,cnn,2024,503,0.96661579,0.06805622,0.99876897
circles,cnn,2024,504,0.9736205,0.02543864,0.99207742
circles,cnn,2024,505,0.9789047,0.017705,1.02507484
circles,cnn,2024,506,0.97353472,0.02757162,1.00050427
circles,cnn,2024,507,0.96755644,0.01161311,0.99741628
circles,cnn,2024,508,0.97496209,0.0441601,1.01363506
circles,cnn,2024,509,0.96417331,0.06183703,1.00154494
circles,cnn,2024,510,0.97616407,0.00570626,0.99438475
circles,cnn,2024,511,0.96749162,0.09940334,1.00107724
circles,cnn,2024,512,0.97509869,0.07806272,1.01201065
circles,cnn,2024,513,0.99286766,0.0398316,1.01144395
circles,cnn,2024,514,0.97131283,0.03592671,0.99876654
circles,cnn,2024,515,0.9715413,0.01921204,0.99568041
circles,cnn,2024,516,0.9764357,0.01960951,1.01607142
circles,cnn,2024,517,0.97755657,0.00977126,1.0146885
circles,cnn,2024,518,0.9689528,0.0304264,1.0336872
circles,cnn,2024,519,0.97603013,0.0204125,1.01316571
circles,cnn,2024,520,0.97579317,0.02770581,0.99294191
circles,cnn,2024,521,0.96540162,0.01384609,1.00318781
circles,cnn,2024,522,0.97006043,0.05940639,0.98314109
circles,cnn,2024,523,0.96756052,0.02743328,0.99817534
circles,cnn,2024,524,0.95898744,0.08776839,0.99875049
circles,cnn,2024,525,0.9784813,0.03763088,0.997473
circles,cnn,2024,526,0.97251956,0.01681853,1.002069
circles,cnn,2024,527,0.9739881,0.07412147,0.98855604
circles,cnn,2024,528,0.97853741,0.05284182,0.99864278
circles,cnn,2024,529,0.96855918,0.02513602,0.98074901
circles,cnn,2024,530,0.972263,0.01712776,1.00776279
circles,cnn,2024,531,0.97316463,0.04146333,1.00010882
circles,cnn,2024,532,0.96854491,0.04425501,0.99533399
circles,cnn,2024,533,0.97632875,0.03773998,1.00765797
circles,cnn,2024,534,0.96849137,0.0196203,0.98929145
circles,cnn,2024,535,0.96864849,0.06907179,0.99989947
circles,cnn,2024,536,0.97673051,0.04285829,0.98063231
circles,cnn,2024,537,0.97278566,0.00010962,1.01281685
circles,cnn,2024,538,0.97607204,0.05228165,0.99716304
circles,cnn,2024,539,0.97932789,0.10556939,0.99996693
circles,cnn,2024,540,0.97848231,0.01018523,0.98741576
circles,cnn,2024,541,0.96777078,0.01629769,1.00923853
circles,cnn,2024,542,0.9678673,0.02698875,0.99756102
circles,cnn,2024,543,0.98127151,0.01702958,0.95837655
circles,cnn,2024,544,0.97217665,0.05308232,0.9911064
circles,cnn,2024,545,0.98097702,0.11022784,1.02025144
circles,cnn,2024,546,0.96719783,0.04496826,0.98331095
circles,cnn,2024,547,0.97804464,0.05517846,0.99304909
circles,cnn,2024,548,0.98039049,0.05045782,1.00882109
circles,cnn,2024,549,0.97736531,0.02996177,0.96920728
circles,cnn,2024,550,0.9728036,0.00696961,1.00274664
circles,cnn,2024,551,0.97370726,0.01129122,1.00882201
circles,cnn,2024,552,0.97138555,0.05503066,1.01006741
circles,cnn,2024,553,0.97257283,0.05170705,1.02880859
circles,cnn,2024,554,0.96970267,0.00878779,0.99452506
circles,cnn,2024,555,0.96484576,0.03195744,0.97379949
circles,cnn,2024,556,0.9786975,0.02652346,0.99772205
circles,cnn,2024,557,0.96637091,0.00886595,1.00205871
circles,cnn,2024,558,0.96999669,0.05799454,0.99148748
circles,cnn,2024,559,0.97538689,0.07966891,0.98627577
circles,cnn,2024,560,0.97433694,0.00711577,0.99132538
circles,cnn,2024,561,0.9827746,0.01673917,0.9955333
circles,cnn,2024,562,0.98016206,0.04284794,1.0122657
circles,cnn,2024,563,0.98343478,0.0249451,0.97931065
circles,cnn,2024,564,0.98821338,0.00931273,0.9991509
circles,cnn,2024,565,0.96518402,0.01373417,1.01598062
circles,cnn,2024,566,0.98376516,0.06326958,1.01059941
circles,cnn,2024,567,0.97867757,0.00646883,0.98065975
circles,cnn,2024,568,0.98130904,0.02679797,1.00557421
circles,cnn,2024,569,0.97324384,0.09230007,1.03085822
circles,cnn,2024,570,0.99234198,0.05124535,1.01167332
circles,cnn,2024,571,0.97116811,0.00758404,0.9958953
circles,cnn,2024,572,0.98009529,0.01062465,1.01226061
circles,cnn,2024,573,0.97813856,0.05464424,1.01430495
circles,cnn,2024,574,0.96647232,0.06382224,0.99903331
circles,cnn,2024,575,0.97669895,0.03673759,1.01073852
circles,cnn,2024,576,0.96487788,0.03204951,0.96606199
circles,cnn,2024,577,0.97792029,0.10305292,1.00430801
circles,cnn,2024,578,0.9703266,0.06379688,0.96558862
circles,cnn,2024,579,0.9722249,0.00343106,1.00409161
circles,cnn,2024,580,0.97870869,0.02542966,1.00415684
circles,cnn,2024,581,0.97008179,0.00689069,1.00001188
circles,cnn,2024,582,0.98271525,0.09431691,0.99762253
circles,cnn,2024,583,0.9740764,0.07927142,1.00010984
circles,cnn,2024,584,0.97224731,0.04700558,1.0081992
circles,cnn,2024,585,0.9729306,0.03495416,0.99874547
circles,cnn,2024,586,0.96864694,0.00175209,0.99641771
circles,cnn,2024,587,0.97565817,0.00034332,0.98390987
circles,cnn,2024,588,0.96763707,0.01768458,0.98733293
circles,cnn,2024,589,0.98202468,0.08724085,0.97647458
circles,cnn,2024,590,0.96336304,0.05433791,0.98764023
circles,cnn,2024,591,0.96176133,0.05393073,1.04697144
circles,cnn,2024,592,0.96975801,0.02249444,1.00957255
circles,cnn,2024,593,0.9806584,0.02836228,1.00088349
circles,cnn,2024,594,0.9673064,0.03237573,1.02108065
circles,cnn,2024,595,0.97263425,0.02227511,0.99024639
circles,cnn,2024,596,0.9719301,0.03086909,0.99147167
circles,cnn,2024,597,0.98477635,0.06133676,0.99332711
circles,cnn,2024,598,0.96640012,0.02028925,0.9958479
circles,cnn,2024,599,0.96375452,0.0058158,1.01486433
circles,cnn,2024,600,0.97782359,0.01172016,0.99768838
circles,cnn,2024,601,0.97028809,0.02806271,1.02696451
circles,cnn,2024,602,0.96637281,0.02736173,0.98861662
circles,cnn,2024,603,0.97610744,0.0040089,1.01459107
circles,cnn,2024,604,0.97385936,0.00655256,0.99963762
circles,cnn,2024,605,0.96869688,0.05600293,1.02740911
circles,cnn,2024,606,0.9655691,0.05501756,1.01078112
circles,cnn,2024,607,0.97368903,0.06578118,0.99009623
circles,cnn,2024,608,0.97288208,0.04533074,0.99098083
circles,cnn,2024,609,0.97410208,0.00671511,1.01231378
circles,cnn,2024,610,0.96193197,0.05308999,1.0229746
circles,cnn,2024,611,0.98348732,0.10332033,0.98090844
circles,cnn,2024,612,0.96993991,0.0295195,1.00950628
circles,cnn,2024,613,0.9774017,0.01585868,0.99060649
circles,cnn,2024,614,0.96860123,0.01402322,0.99312193
circles,cnn,2024,615,0.97447706,0.0225216,0.98847649
circles,cnn,2024,616,0.96680925,0.08179707,1.00742435
circles,cnn,2024,617,0.97936139,0.00298779,0.99084252
circles,cnn,2024,618,0.97515301,0.00516276,1.03484063
circles,cnn,2024,619,0.98585922,0.04462834,1.01838004
circles,cnn,2024,620,0.97533949,0.03235798,0.98397636
circles,cnn,2024,621,0.96976409,0.02126392,0.98903913
circles,cnn,2024,622,0.97245692,0.01234972,1.005105
circles,cnn,2024,623,0.97299434,0.07536044,1.00567494
circles,cnn,2024,624,0.9706596,0.02604142,0.97015055
circles,cnn,2024,625,0.98160932,0.08261034,1.02815891
circles,cnn,2024,626,0.97114968,0.00037294,1.02620678
circles,cnn,2024,627,0.9735453,0.02358094,0.99707861
circles,cnn,2024,628,0.97812829,0.00389424,1.02595173
circles,cnn,2024,629,0.9713552,0.04415424,0.98493639
circles,cnn,2024,630,0.96796144,0.08428136,1.00201398
circles,cnn,2024,631,0.97735458,0.03777452,0.9783141
circles,cnn,2024,632,0.97459792,0.04129064,0.98219863
circles,cnn,2024,633,0.97097987,0.02949145,1.02266
circles,cnn,2024,634,0.96962631,0.07238215,1.01538527
circles,cnn,2024,635,0.96703318,0.01972052,0.99954916
circles,cnn,2024,636,0.96662054,0.02814452,0.99143334
circles,cnn,2024,637,0.96397259,0.01614588,1.02081836
circles,cnn,2024,638,0.97138693,0.05328599,1.018162
circles,cnn,2024,639,0.97689124,0.02955828,1.0144822
circles,cnn,2024,640,0.96662865,0.03987298,0.99707955
circles,cnn,2024,641,0.96702388,0.03697716,0.98184718
circles,cnn,2024,642,0.97241181,0.01028621,1.00848836
circles,cnn,2024,643,0.97120746,0.00880535,1.00271298
circles,cnn,2024,644,0.97482008,0.01356041,0.95611101
circles,cnn,2024,645,0.96204256,0.0206839,1.00267108
circles,cnn,2024,646,0.97520079,0.02211584,0.99536073
circles,cnn,2024,647,0.9696661,0.02221955,0.98377041
circles,cnn,2024,648,0.95895217,0.04434214,0.99862599
circles,cnn,2024,649,0.97767969,0.01741468,0.9959767
circles,cnn,2024,650,0.97914061,0.01869805,0.99897576
circles,cnn,2024,651,0.96995316,0.03815709,0.97778379
circles,cnn,2024,652,0.97820658,0.05076817,1.01619439
circles,cnn,2024,653,0.97542079,0.07720063,1.0090287
circles,cnn,2024,654,0.96960331,0.09868095,1.01127868
circles,cnn,2024,655,0.97448793,0.02498657,0.98518965
circles,cnn,2024,656,0.96711494,0.02476306,1.01070546
circles,cnn,2024,657,0.97284333,0.03292646,0.99160965
circles,cnn,2024,658,0.97172099,0.07167984,1.00171908
circles,cnn,2024,659,0.9785579,0.02579364,0.9861303
circles,cnn,2024,660,0.96581412,0.02052718,0.99798794
circles,cnn,2024,661,0.96457863,0.07647457,0.98462451
circles,cnn,2024,662,0.9758216,0.04950819,0.9780265
circles,cnn,2024,663,0.97484334,0.03901789,1.00177046
circles,cnn,2024,664,0.97952008,0.03583487,0.99863997
circles,cnn,2024,665,0.97584756,0.00937655,1.00137642
circles,cnn,2024,666,0.98003369,0.00561759,1.02420303
circles,cnn,2024,667,0.98008348,0.00025224,1.00993266
circles,cnn,2024,668,0.97095239,0.03270809,0.98389879
circles,cnn,2024,669,0.97409736,0.01321111,1.00627648
circles,cnn,2024,670,0.97498837,0.04846641,0.99290168
circles,cnn,2024,671,0.97744927,0.05272207,0.99181626
circles,cnn,2024,672,0.97780283,0.000502,0.98567177
circles,cnn,2024,673,0.95682986,0.07531234,1.01497293
circles,cnn,2024,674,0.97464233,0.00080529,0.99403633
circles,cnn,2024,675,0.97301224,0.01262459,0.99266473
circles,cnn,2024,676,0.97340445,0.07205486,0.98887764
circles,cnn,2024,677,0.97640097,0.02494953,1.01394089
circles,cnn,2024,678,0.96732391,0.00190482,1.01417242
circles,cnn,2024,679,0.96500453,0.04038417,0.98653795
circles,cnn,2024,680,0.97686346,0.07348987,0.99928584
circles,cnn,2024,681,0.9728264,0.0376029,1.03507097
circles,cnn,2024,682,0.96493565,0.01810151,1.01794064
circles,cnn,2024,683,0.97471708,0.03507582,1.01210707
circles,cnn,2024,684,0.97552663,0.00169913,1.0123383
circles,cnn,2024,685,0.97396089,0.04358134,0.98917658
circles,cnn,2024,686,0.96711555,0.05236154,0.99303015
circles,cnn,2024,687,0.96850367,0.04439833,1.01141685
circles,cnn,2024,688,0.97357882,0.08084645,1.00088934
circles,cnn,2024,689,0.97563511,0.03189753,1.03102862
circles,cnn,2024,690,0.97687254,0.00666299,0.99283156
circles,cnn,2024,691,0.97272191,0.0870729,0.98948257
circles,cnn,2024,692,0.96902197,0.06255973,0.98837022
circles,cnn,2024,693,0.95763312,0.01754396,0.99730652
circles,cnn,2024,694,0.97266331,0.00495973,1.03806603
circles,cnn,2024,695,0.96277005,0.12112958,0.99188312
circles,cnn,2024,696,0.9768893,0.02750213,0.98006249
circles,cnn,2024,697,0.96714624,0.01109088,0.98012937
circles,cnn,2024,698,0.96967192,0.04239371,0.99800547
circles,cnn,2024,699,0.96951021,0.04441488,1.01606171
circles,cnn,2024,700,0.95684899,0.05543995,0.99128429
circles,cnn,2024,701,0.9816303,0.06097685,1.02298759
circles,cnn,2024,702,0.97132885,0.00010459,1.00901268
circles,cnn,2024,703,0.97801445,0.04321555,1.00465078
circles,cnn,2024,704,0.96604735,0.03014768,0.9884448
circles,cnn,2024,705,0.97010806,0.04689481,0.9965091
circles,cnn,2024,706,0.97610282,0.13024293,0.99651997
circles,cnn,2024,707,0.96565239,0.01805573,0.9941526
circles,cnn,2024,708,0.96718948,0.06098986,1.01151855
circles,cnn,2024,709,0.97370794,0.00592459,0.99618912
circles,cnn,2024,710,0.9658489,0.07113771,1.00140518
circles,cnn,2024,711,0.96588846,0.05524906,0.98918183
circles,cnn,2024,712,0.97606482,0.01728252,1.00321132
circles,cnn,2024,713,0.97910459,0.03781215,1.03759921
circles,cnn,2024,714,0.97622723,0.04086611,1.014168
circles,cnn,2024,715,0.98642473,0.01685976,1.01300083
circles,cnn,2024,716,0.97923196,0.04958577,1.00485677
circles,cnn,2024,717,0.9698215,0.04769792,0.98871022
circles,cnn,2024,718,0.97434827,0.03143986,0.99583059
circles,cnn,2024,719,0.96768443,0.01788519,1.01968422
circles,cnn,2024,720,0.97966145,0.03818744,0.9907629
circles,cnn,2024,721,0.97344883,0.04231459,0.99263622
circles,cnn,2024,722,0.97229569,0.07089687,0.99731503
circles,cnn,2024,723,0.97267229,0.05536663,1.01406034
circles,cnn,2024,724,0.96890931,0.11000765,0.98914199
circles,cnn,2024,725,0.97626647,0.01499426,0.98425784
circles,cnn,2024,726,0.97101813,0.03979811,1.02099877
circles,cnn,2024,727,0.98717117,0.01885441,1.02079206
circles,cnn,2024,728,0.96894885,0.05838326,1.00211702
circles,cnn,2024,729,0.97272002,0.00673171,1.00754194
circles,cnn,2024,730,0.97788859,0.04026305,0.98647734
circles,cnn,2024,731,0.96654325,0.00723154,0.98705266
circles,cnn,2024,732,0.96800328,0.06440412,0.98411534
circles,cnn,2024,733,0.97580355,0.06379485,0.99195419
circles,cnn,2024,734,0.97132641,0.01544402,0.99727384
circles,cnn,2024,735,0.97239203,0.00428123,1.00401833
circles,cnn,2024,736,0.96716543,0.01554599,1.0088912
circles,cnn,2024,737,0.96404136,0.01110371,0.96652081
circles,cnn,2024,738,0.97162903,0.0506331,1.00042382
circles,cnn,2024,739,0.9693682,0.00882167,0.98531199
circles,cnn,2024,740,0.98015854,0.01034017,1.02182092
circles,cnn,2024,741,0.97396309,0.03658303,0.98432566
circles,cnn,2024,742,0.96383598,0.01552048,0.98564509
circles,cnn,2024,743,0.96758162,0.02651323,1.01679145
circles,cnn,2024,744,0.97896576,0.00104232,1.01313964
circles,cnn,2024,745,0.96886154,0.01634719,1.00647809
circles,cnn,2024,746,0.9720772,0.05647152,1.000948
circles,cnn,2024,747,0.97274461,0.00393645,0.98909705
circles,cnn,2024,748,0.97295643,0.03017548,1.00197413
circles,cnn,2024,749,0.96399426,0.04105292,0.99563465
circles,cnn,2024,750,0.97530287,0.16409772,1.0011092
circles,cnn,2024,751,0.97018426,0.03986774,1.01064473
circles,cnn,2024,752,0.97547947,0.00860464,0.98708126
circles,cnn,2024,753,0.9690135,0.0792544,1.0007029
circles,cnn,2024,754,0.97743457,0.00858215,0.98945555
circles,cnn,2024,755,0.96403079,0.00708348,0.97709612
circles,cnn,2024,756,0.96808709,0.00428943,1.00389489
circles,cnn,2024,757,0.97541543,0.05575837,1.0211413
circles,cnn,2024,758,0.9719234,0.01857064,1.02356448
circles,cnn,2024,759,0.96744143,0.01762765,1.01539186
circles,cnn,2024,760,0.96404861,0.06192776,1.01118626
circles,cnn,2024,761,0.97789086,0.0358095,0.9912161
circles,cnn,2024,762,0.98316363,0.08343799,0.99422766
circles,cnn,2024,763,0.97288482,0.03696109,1.01638992
circles,cnn,2024,764,0.9762484,0.00345374,0.99898947
circles,cnn,2024,765,0.97086755,0.01740577,0.9924113
circles,cnn,2024,766,0.97718916,0.06691412,0.96882853
circles,cnn,2024,767,0.9736181,0.00831875,0.96157788
circles,cnn,2024,768,0.97918193,0.05399418,0.99740459
circles,cnn,2024,769,0.97548447,0.0404906,0.99267286
circles,cnn,2024,770,0.9817378,0.03338872,0.98643145
circles,cnn,2024,771,0.96086153,0.01691694,1.00837106
circles,cnn,2024,772,0.97956181,0.02165053,1.00337719
circles,cnn,2024,773,0.97340853,0.04224837,1.02213648
circles,cnn,2024,774,0.96504952,0.00642499,0.97925409
circles,cnn,2024,775,0.97286537,0.02432556,0.97436838
circles,cnn,2024,776,0.97231142,0.05790321,1.01553327
circles,cnn,2024,777,0.97808379,0.02352625,0.99019546
circles,cnn,2024,778,0.96986181,0.04970981,1.00945596
circles,cnn,2024,779,0.97137714,0.06284238,0.9969835
circles,cnn,2024,780,0.9736577,0.03954698,1.00307423
circles,cnn,2024,781,0.97020365,0.03063278,1.02085387
circles,cnn,2024,782,0.97589209,0.00312182,0.99420294
circles,cnn,2024,783,0.9816572,0.05800322,1.01494365
circles,cnn,2024,784,0.98090262,0.01184123,1.00955107
circles,cnn,2024,785,0.95936765,0.00838281,1.01740809
circles,cnn,2024,786,0.96274025,0.03293873,0.99375527
circles,cnn,2024,787,0.96827154,0.05032127,0.99603322
circles,cnn,2024,788,0.97174155,0.00991351,1.02910906
circles,cnn,2024,789,0.97934398,0.01855408,1.01476778
circles,cnn,2024,790,0.97687766,0.0504609,0.98675138
circles,cnn,2024,791,0.97451786,0.02454626,0.98680239
circles,cnn,2024,792,0.97962117,0.00044593,1.00484783
circles,cnn,2024,793,0.97312253,0.03591712,1.00018585
circles,cnn,2024,794,0.97772907,0.11549593,1.00939186
circles,cnn,2024,795,0.98161989,0.00483315,1.00324851
circles,cnn,2024,796,0.96521901,0.02574145,0.97689934
circles,cnn,2024,797,0.96202987,0.02657441,0.97022211
circles,cnn,2024,798,0.97373581,0.11778732,1.00121974
circles,cnn,2024,799,0.97524624,0.02709047,0.99430372
circles,cnn,2024,800,0.97735264,0.02611003,0.98011835
circles,cnn,2024,801,0.97550879,0.05750986,0.99039552
circles,cnn,2024,802,0.96362511,0.06216358,0.98720298
circles,cnn,2024,803,0.97796201,0.03570507,1.0008028
circles,cnn,2024,804,0.97329478,0.01052523,1.0024534
circles,cnn,2024,805,0.97739381,0.02811947,1.00187046
circles,cnn,2024,806,0.97608904,0.03153169,1.00742223
circles,cnn,2024,807,0.96931566,0.03541687,0.98678676
circles,cnn,2024,808,0.97325817,0.03847262,1.00099012
circles,cnn,2024,809,0.97017282,0.0068623,1.00395794
circles,cnn,2024,810,0.97864577,0.05179969,1.02565162
circles,cnn,2024,811,0.98666822,0.06694679,0.98908154
circles,cnn,2024,812,0.96166646,0.11460996,1.01173701
circles,cnn,2024,813,0.96470078,0.04249574,0.98992345
circles,cnn,2024,814,0.98252961,0.02601595,0.99033791
circles,cnn,2024,815,0.96528116,0.03868571,1.00112102
circles,cnn,2024,816,0.97338982,0.0040157,0.98433109
circles,cnn,2024,817,0.97722265,0.03777511,1.00969468
circles,cnn,2024,818,0.97755323,0.03700774,0.97768066
circles,cnn,2024,819,0.97000988,0.03553547,0.99535891
circles,cnn,2024,820,0.97081246,0.05252341,1.01241975
circles,cnn,2024,821,0.96632593,0.08903607,1.00649711
circles,cnn,2024,822,0.97173332,0.08752657,0.97842009
circles,cnn,2024,823,0.97298326,0.01254606,0.99704314
circles,cnn,2024,824,0.97315538,0.03846687,1.00905173
circles,cnn,2024,825,0.96148455,0.13538597,0.9755581
circles,cnn,2024,826,0.97679817,0.00423838,0.98420567
circles,cnn,2024,827,0.97571474,0.00697493,0.99907635
circles,cnn,2024,828,0.97533288,0.03051248,1.01239803
circles,cnn,2024,829,0.97404523,0.02910208,1.00698193
circles,cnn,2024,830,0.97551356,0.04041109,1.01103934
circles,cnn,2024,831,0.97359952,0.02207851,0.98693438
circles,cnn,2024,832,0.97537862,0.08192266,0.98448088
circles,cnn,2024,833,0.9714901,0.05798893,1.02852215
circles,cnn,2024,834,0.96761885,0.02265682,0.9628374
circles,cnn,2024,835,0.96570417,0.07069399,0.99722971
circles,cnn,2024,836,0.98039638,0.01360144,0.97058431
circles,cnn,2024,837,0.97554526,0.01881407,0.97813534
circles,cnn,2024,838,0.97359268,0.06029968,0.97128199
circles,cnn,2024,839,0.97884186,0.00519557,0.9963759
circles,cnn,2024,840,0.97400119,0.04601348,1.00199059
circles,cnn,2024,841,0.9699253,0.05155227,0.99046162
circles,cnn,2024,842,0.97502059,0.02189294,1.00478441
circles,cnn,2024,843,0.96652873,0.03930078,1.02439622
circles,cnn,2024,844,0.98097716,0.0274072,1.00063354
circles,cnn,2024,845,0.96749829,0.02692965,1.00153618
circles,cnn,2024,846,0.96640251,0.0263182,1.00302436
circles,cnn,2024,847,0.97388846,0.01009661,0.98417616
circles,cnn,2024,848,0.97236798,0.05721476,0.97575269
circles,cnn,2024,849,0.97202142,0.07168141,0.98714805
circles,cnn,2024,850,0.97000931,0.11664683,1.0036428
circles,cnn,2024,851,0.97024539,0.01722688,0.97667947
circles,cnn,2024,852,0.97731844,0.06925083,0.98913987
circles,cnn,2024,853,0.96640914,0.07116554,0.98684623
circles,cnn,2024,854,0.97963078,0.00343474,1.00755454
circles,cnn,2024,855,0.98195458,0.03000989,1.02730939
circles,cnn,2024,856,0.98007757,0.07579146,0.99053922
circles,cnn,2024,857,0.97109112,0.00912372,0.9805821
circles,cnn,2024,858,0.96404718,0.02732579,1.02522863
circles,cnn,2024,859,0.96855855,0.11986562,1.00159543
circles,cnn,2024,860,0.9714739,0.0190206,1.02173524
circles,cnn,2024,861,0.97620579,0.00621409,1.01739221
circles,cnn,2024,862,0.97522773,0.0314887,0.99229309
circles,cnn,2024,863,0.97403469,0.0482437,0.99394587
circles,cnn,2024,864,0.96757278,0.10943147,0.98837475
circles,cnn,2024,865,0.97423957,0.01601174,1.01274476
circles,cnn,2024,866,0.95925108,0.03288572,0.99841441
circles,cnn,2024,867,0.96375348,0.07774167,1.02642564
circles,cnn,2024,868,0.96845404,0.09518527,1.02446487
circles,cnn,2024,869,0.96584457,0.02701746,1.00769063
circles,cnn,2024,870,0.96654132,0.02316135,0.98566552
circles,cnn,2024,871,0.97221715,0.01161647,1.0194794
circles,cnn,2024,872,0.95762576,0.04688357,1.02653479
circles,cnn,2024,873,0.96823456,0.10437686,1.03276153
circles,cnn,2024,874,0.96937007,0.07214028,1.00967189
circles,cnn,2024,875,0.97181035,0.03904588,1.0014275
circles,cnn,2024,876,0.96620602,0.01182697,1.01045558
circles,cnn,2024,877,0.97477767,0.04917852,1.01478022
circles,cnn,2024,878,0.96784476,0.01543148,0.99807199
circles,cnn,2024,879,0.96655858,0.00163716,1.01484537
circles,cnn,2024,880,0.97743888,0.04004703,0.98413893
circles,cnn,2024,881,0.97831513,0.04720726,1.01970982
circles,cnn,2024,882,0.96915043,0.00777194,0.99404748
circles,cnn,2024,883,0.96462312,0.05442268,1.01932234
circles,cnn,2024,884,0.96743243,0.04688046,1.02720473
circles,cnn,2024,885,0.97738344,0.02071771,0.98800913
circles,cnn,2024,886,0.9694868,0.06016366,1.00316853
circles,cnn,2024,887,0.97548321,0.01073303,0.99655861
circles,cnn,2024,888,0.9743406,0.10573993,1.02259366
circles,cnn,2024,889,0.96334108,0.04445294,1.01296151
circles,cnn,2024,890,0.97859043,0.03415449,1.00058225
circles,cnn,2024,891,0.96443404,0.00300533,0.99154496
circles,cnn,2024,892,0.98004018,0.05265754,1.0050499
circles,cnn,2024,893,0.95755496,0.05776241,0.99842711
circles,cnn,2024,894,0.97034389,0.01604837,0.99031381
circles,cnn,2024,895,0.97892729,0.04110973,1.01992841
circles,cnn,2024,896,0.96461817,0.00922867,0.99995052
circles,cnn,2024,897,0.97705515,0.03043404,0.98148354
circles,cnn,2024,898,0.97477138,0.04086842,0.9913114
circles,cnn,2024,899,0.96777915,0.03305756,0.99394355
circles,cnn,2024,900,0.97864783,0.0030657,0.99692099
circles,cnn,2024,901,0.98082568,0.01468746,0.99698868
circles,cnn,2024,902,0.97006876,0.03623518,0.98987513
circles,cnn,2024,903,0.98131463,0.00016869,0.99586222
circles,cnn,2024,904,0.97212819,0.08661696,0.99175985
circles,cnn,2024,905,0.97771279,0.0007555,0.96984744
circles,cnn,2024,906,0.97006664,0.05252985,0.99997614
circles,cnn,2024,907,0.97422434,0.00525003,1.00528979
circles,cnn,2024,908,0.96793883,0.10637201,0.99308565
circles,cnn,2024,909,0.96833961,0.00831981,0.98655558
circles,cnn,2024,910,0.97701519,0.03976157,1.02556667
circles,cnn,2024,911,0.97817163,0.04951662,0.99889974
circles,cnn,2024,912,0.97564384,0.07914965,1.00247853
circles,cnn,2024,913,0.97827384,0.05574685,1.03145685
circles,cnn,2024,914,0.96822177,0.109325,1.00186143
circles,cnn,2024,915,0.98532757,0.01751406,0.99769449
circles,cnn,2024,916,0.9658231,0.04482777,1.00609269
circles,cnn,2024,917,0.98023623,0.01983075,1.01930739
circles,cnn,2024,918,0.97177228,0.04003616,1.01545901
circles,cnn,2024,919,0.97919535,0.01004917,0.9825233
circles,cnn,2024,920,0.97254506,0.072794,1.00027905
circles,cnn,2024,921,0.98270294,0.07616238,1.02161779
circles,cnn,2024,922,0.97343155,0.0549644,0.99710992
circles,cnn,2024,923,0.96976338,0.01279634,0.99375784
circles,cnn,2024,924,0.97568717,0.01464867,0.99261794
circles,cnn,2024,925,0.96755552,0.12038987,1.01569903
circles,cnn,2024,926,0.97875365,0.05015699,0.98337401
circles,cnn,2024,927,0.98567899,0.04880411,0.97014648
circles,cnn,2024,928,0.96253114,0.01748768,0.98399981
circles,cnn,2024,929,0.97242735,0.00013097,1.009983
circles,cnn,2024,930,0.9738973,0.07164134,1.01460139
circles,cnn,2024,931,0.97048435,0.00292785,0.98005001
circles,cnn,2024,932,0.98024946,0.09998243,1.01518467
circles,cnn,2024,933,0.97245057,0.02899029,0.98909909
circles,cnn,2024,934,0.98069728,0.05135948,0.98980196
circles,cnn,2024,935,0.97081504,0.12136857,0.97998677
circles,cnn,2024,936,0.96389759,0.0532319,0.98862464
circles,cnn,2024,937,0.96711049,0.01228971,0.98310749
circles,cnn,2024,938,0.96365401,0.07137789,0.99889737
circles,cnn,2024,939,0.95736581,0.05124852,0.9792716
circles,cnn,2024,940,0.98104313,0.03323476,1.02384047
circles,cnn,2024,941,0.97224859,0.05016373,1.0049912
circles,cnn,2024,942,0.97225282,0.06597645,1.00455961
circles,cnn,2024,943,0.97342525,0.05115587,1.00429611
circles,cnn,2024,944,0.97244014,0.10367061,1.00652469
circles,cnn,2024,945,0.98054272,0.05856272,0.99823779
circles,cnn,2024,946,0.97398605,0.06590671,1.01369984
circles,cnn,2024,947,0.97260924,0.04280829,0.99642279
circles,cnn,2024,948,0.97269227,0.01300323,1.0078443
circles,cnn,2024,949,0.96491753,0.02450211,0.97967834
circles,cnn,2024,950,0.97552079,0.07165923,0.97177724
circles,cnn,2024,951,0.96424179,0.02742353,1.02308197
circles,cnn,2024,952,0.96899006,0.0360373,1.01731985
circles,cnn,2024,953,0.96843183,0.03774672,0.97804823
circles,cnn,2024,954,0.96864477,0.01323713,1.0069591
circles,cnn,2024,955,0.97954685,0.02150333,0.9897932
circles,cnn,2024,956,0.96428803,0.01088119,0.99380287
circles,cnn,2024,957,0.97072747,0.03276536,1.01803498
circles,cnn,2024,958,0.97305921,0.00713591,1.0007247
circles,cnn,2024,959,0.9800244,0.0380395,0.99333642
circles,cnn,2024,960,0.97940733,0.0080985,0.98989339
circles,cnn,2024,961,0.97217303,0.09984257,1.0017842
circles,cnn,2024,962,0.96347083,0.07797094,0.99371086
circles,cnn,2024,963,0.97591256,0.05029048,1.0350844
circles,cnn,2024,964,0.96305948,0.03313811,1.01821296
circles,cnn,2024,965,0.97923991,0.05629929,1.01648756
circles,cnn,2024,966,0.96035532,0.03159712,0.98988217
circles,cnn,2024,967,0.97376049,0.00577983,0.98797514
circles,cnn,2024,968,0.96938872,0.10554552,1.01544997
circles,cnn,2024,969,0.97893518,0.04095906,1.0100159
circles,cnn,2024,970,0.97428577,0.03345688,0.98828617
circles,cnn,2024,971,0.97475124,0.09861425,1.01692286
circles,cnn,2024,972,0.97893177,0.00396618,0.98070861
circles,cnn,2024,973,0.96716125,0.00683829,1.00733049
circles,cnn,2024,974,0.96173885,0.10467156,0.98563927
circles,cnn,2024,975,0.97186625,0.11500458,0.98179118
circles,cnn,2024,976,0.97231495,0.01691193,0.99914006
circles,cnn,2024,977,0.97775439,0.07491994,1.01574702
circles,cnn,2024,978,0.97686378,0.034673,0.99692631
circles,cnn,2024,979,0.95926532,0.00771327,1.0234479
circles,cnn,2024,980,0.98228901,0.12022625,0.99734598
circles,cnn,2024,981,0.97307937,0.05696253,0.99126698
circles,cnn,2024,982,0.96635601,0.08364874,0.97737075
circles,cnn,2024,983,0.98236032,0.09945969,0.99636968
circles,cnn,2024,984,0.97171463,0.06599728,1.00959622
circles,cnn,2024,985,0.97610516,0.08213258,0.99386299
circles,cnn,2024,986,0.97116691,0.00124219,0.99931492
circles,cnn,2024,987,0.97179588,0.00042946,0.98675631
circles,cnn,2024,988,0.97115895,0.04881188,1.00932813
circles,cnn,2024,989,0.97965219,0.01069946,0.99350498
circles,cnn,2024,990,0.97721128,0.04148996,0.97401105
circles,cnn,2024,991,0.97551748,0.08490964,1.01101037
circles,cnn,2024,992,0.97887793,0.02099788,1.01776141
circles,cnn,2024,993,0.97038261,0.04346247,0.99282157
circles,cnn,2024,994,0.96670899,0.05738097,0.99175468
circles,cnn,2024,995,0.96894261,0.03095946,1.01314218
circles,cnn,2024,996,0.97080085,0.02652111,1.0038985
circles,cnn,2024,997,0.9805114,0.0730027,1.0208038
circles,cnn,2024,998,0.97027519,0.01968144,1.00458233
circles,cnn,2024,999,0.96995393,0.05115896,1.02292108
circles,cnn,4096,0,0.981814,0.02440023,1.00059651
circles,cnn,4096,1,0.97623628,0.02427358,0.99914925
circles,cnn,4096,2,0.97256257,0.01064343,0.97224663
circles,cnn,4096,3,0.97863157,0.01939558,0.99916302
circles,cnn,4096,4,0.97805113,0.04763586,1.01559378
circles,cnn,4096,5,0.97184798,0.00137913,0.9894677
circles,cnn,4096,6,0.97112272,0.00528353,1.01183867
circles,cnn,4096,7,0.97602468,0.03724995,0.99868715
circles,cnn,4096,8,0.97830264,0.01642841,0.98171209
circles,cnn,4096,9,0.96608565,0.00831652,1.04350961
circles,cnn,4096,10,0.9724808,0.06430009,1.01689274
circles,cnn,4096,11,0.96775997,0.0746967,0.98463784
circles,cnn,4096,12,0.96371429,0.08916874,0.99521341
circles,cnn,4096,13,0.98297027,0.02457003,0.99813494
circles,cnn,4096,14,0.96856871,0.04986875,1.02402582
circles,cnn,4096,15,0.97439348,0.00553609,0.99496089
circles,cnn,4096,16,0.97347371,0.0028736,1.01837454
circles,cnn,4096,17,0.97489599,0.0384025,1.00576524
circles,cnn,4096,18,0.96463747,0.04288202,1.00138402
circles,cnn,4096,19,0.97048322,0.0266298,0.99751949
circles,cnn,4096,20,0.97817399,0.0115848,0.9993365
circles,cnn,4096,21,0.97075352,0.01144666,1.00294996
circles,cnn,4096,22,0.97603315,0.04803539,1.00742247
circles,cnn,4096,23,0.96914913,0.01205643,0.99638912
circles,cnn,4096,24,0.97896238,0.02098795,1.01911174
circles,cnn,4096,25,0.98136506,0.06519965,1.00713531
circles,cnn,4096,26,0.97312749,0.01605195,0.99208606
circles,cnn,4096,27,0.96967395,0.0122232,0.99465218
circles,cnn,4096,28,0.96478511,0.01399302,1.00553737
circles,cnn,4096,29,0.97490917,0.10032142,1.01211048
circles,cnn,4096,30,0.96868332,0.00885943,0.99587501
circles,cnn,4096,31,0.97113977,0.07336426,0.98978202
circles,cnn,4096,32,0.96515198,0.08205401,1.00205639
circles,cnn,4096,33,0.97587924,0.00386987,0.97958796
circles,cnn,4096,34,0.97352341,0.10571572,1.03035739
circles,cnn,4096,35,0.99150194,0.03408817,0.98113601
circles,cnn,4096,36,0.97000996,0.01878708,1.00956384
circles,cnn,4096,37,0.96968264,0.00424477,0.99024412
circles,cnn,4096,38,0.98078072,0.00463743,1.00546005
circles,cnn,4096,39,0.96234166,0.0573142,0.99620699
circles,cnn,4096,40,0.97520033,0.05363279,1.01379686
circles,cnn,4096,41,0.96642309,0.07436643,1.01654314
circles,cnn,4096,42,0.9656707,0.05731837,1.02922777
circles,cnn,4096,43,0.97226994,0.03998582,0.96831959
circles,cnn,4096,44,0.97182685,0.06828745,1.01106604
circles,cnn,4096,45,0.97945673,0.0048002,0.99531234
circles,cnn,4096,46,0.96824064,0.02702207,0.99914569
circles,cnn,4096,47,0.96621094,0.04419609,1.00302624
circles,cnn,4096,48,0.99417744,0.0021109,0.99714748
circles,cnn,4096,49,0.96035269,0.03698128,0.99815451
circles,cnn,4096,50,0.97610697,0.05172342,0.99577132
circles,cnn,4096,51,0.96562185,0.00499552,1.00610012
circles,cnn,4096,52,0.96295971,0.00092699,1.01912031
circles,cnn,4096,53,0.97519291,0.02876679,0.96350076
circles,cnn,4096,54,0.96493901,0.11844328,0.97934245
circles,cnn,4096,55,0.97232232,0.00767824,1.02150612
circles,cnn,4096,56,0.96752345,0.05341843,1.01254379
circles,cnn,4096,57,0.97273146,0.08316131,0.99814959
circles,cnn,4096,58,0.974793,0.06424975,1.00416759
circles,cnn,4096,59,0.96600284,0.00329,0.99372612
circles,cnn,4096,60,0.97856948,0.05891604,1.00080403
circles,cnn,4096,61,0.97288242,0.00144698,1.0131221
circles,cnn,4096,62,0.97018567,0.05348863,1.0335901
circles,cnn,4096,63,0.97597713,0.05273561,0.991779
circles,cnn,4096,64,0.96402686,0.00762754,1.00179761
circles,cnn,4096,65,0.96626193,0.09690035,1.01940514
circles,cnn,4096,66,0.97235542,0.04854153,1.008722
circles,cnn,4096,67,0.96360452,0.02671481,0.99589605
circles,cnn,4096,68,0.96194375,0.06123604,0.97265537
circles,cnn,4096,69,0.97017909,0.06657265,0.99753613
circles,cnn,4096,70,0.97489422,0.00901066,1.01076159
circles,cnn,4096,71,0.97316918,0.02873989,1.0035557
circles,cnn,4096,72,0.98684238,0.02692896,0.98455409
circles,cnn,4096,73,0.96939108,0.03846929,1.0170569
circles,cnn,4096,74,0.97309992,0.00891808,1.00033363
circles,cnn,4096,75,0.97514626,0.00350189,1.00062492
circles,cnn,4096,76,0.97072246,0.02318677,0.96625722
circles,cnn,4096,77,0.96876089,0.00969562,0.99256557
circles,cnn,4096,78,0.99148855,0.01743796,1.00887016
circles,cnn,4096,79,0.97547735,0.0182917,0.98604799
circles,cnn,4096,80,0.97001239,0.00246884,0.9997153
circles,cnn,4096,81,0.97662497,0.05945478,0.9944946
circles,cnn,4096,82,0.97622672,0.03285975,0.99511466
circles,cnn,4096,83,0.96956276,0.08347656,0.99942402
circles,cnn,4096,84,0.97521124,0.04140265,0.99733212
circles,cnn,4096,85,0.97114445,0.01009019,1.01507094
circles,cnn,4096,86,0.97191394,0.01202101,0.994349
circles,cnn,4096,87,0.97922177,0.00717557,1.01271555
circles,cnn,4096,88,0.97091156,0.10687197,0.98781852
circles,cnn,4096,89,0.97500624,0.02223556,0.99039841
circles,cnn,4096,90,0.97537347,0.0545985,0.96726106
circles,cnn,4096,91,0.96829798,0.0520443,0.9866521
circles,cnn,4096,92,0.97370371,0.05402007,0.98029243
circles,cnn,4096,93,0.97898613,0.02588869,1.00081735
circles,cnn,4096,94,0.95925814,0.05374327,0.98464774
circles,cnn,4096,95,0.96428217,0.07982206,0.98768892
circles,cnn,4096,96,0.98102262,0.00110904,1.01146041
circles,cnn,4096,97,0.97713211,0.04673376,1.0064586
circles,cnn,4096,98,0.97556328,0.03224485,1.01448544
circles,cnn,4096,99,0.97913845,0.04911985,1.00005885
circles,cnn,4096,100,0.98545231,0.08008082,1.00849058
circles,cnn,4096,101,0.96407339,0.03420748,0.99407725
circles,cnn,4096,102,0.97251814,0.03787168,1.00128771
circles,cnn,4096,103,0.97220205,0.02624693,0.99418804
circles,cnn,4096,104,0.96923046,0.01887246,0.98946968
circles,cnn,4096,105,0.96782033,0.06310096,0.99345411
circles,cnn,4096,106,0.97179017,0.02051388,0.99550827
circles,cnn,4096,107,0.97899454,0.01080934,1.00625022
circles,cnn,4096,108,0.97152768,0.04631581,0.9798838
circles,cnn,4096,109,0.97105138,0.03668334,0.98723155
circles,cnn,4096,110,0.96368745,0.05833852,1.000471
circles,cnn,4096,111,0.97402884,0.07324056,1.0008032
circles,cnn,4096,112,0.97518712,0.02064982,1.00702191
circles,cnn,4096,113,0.96700335,0.11833693,0.97285628
circles,cnn,4096,114,0.97765049,0.00486296,0.99243995
circles,cnn,4096,115,0.97888267,0.02023752,0.99260679
circles,cnn,4096,116,0.97570254,0.01604499,0.99069407
circles,cnn,4096,117,0.97871561,0.02679976,1.01680727
circles,cnn,4096,118,0.96951334,0.02922866,0.97825158
circles,cnn,4096,119,0.96486544,0.02122777,0.96933268
circles,cnn,4096,120,0.97436189,0.05652992,1.00392285
circles,cnn,4096,121,0.97232605,0.04874219,0.99833573
circles,cnn,4096,122,0.97597103,0.01264216,1.00789002
circles,cnn,4096,123,0.97136093,0.05077461,0.97934776
circles,cnn,4096,124,0.97984541,0.10193563,0.99782793
circles,cnn,4096,125,0.96693566,0.04177356,0.99452697
circles,cnn,4096,126,0.98070301,0.04724377,1.00266685
circles,cnn,4096,127,0.96480762,0.03140272,1.01733032
circles,cnn,4096,128,0.97118419,0.02128654,1.02704294
circles,cnn,4096,129,0.96269557,0.07206918,0.96921935
circles,cnn,4096,130,0.96777637,0.11268815,1.02277604
circles,cnn,4096,131,0.96914087,0.00354317,1.01042644
circles,cnn,4096,132,0.97136226,0.00728111,1.00792149
circles,cnn,4096,133,0.97342074,0.07144065,0.98139972
circles,cnn,4096,134,0.9715064,0.03405082,1.00352878
circles,cnn,4096,135,0.97340996,0.0072265,0.99541951
circles,cnn,4096,136,0.97092764,0.03928379,0.99773622
circles,cnn,4096,137,0.97416485,0.07918583,1.02910309
circles,cnn,4096,138,0.97543488,0.08294553,0.98709424
circles,cnn,4096,139,0.97078054,0.05441635,0.98995578
circles,cnn,4096,140,0.96575187,0.03022944,0.989239
circles,cnn,4096,141,0.97126192,0.02986544,1.00887555
circles,cnn,4096,142,0.97454049,0.03461141,1.01812113
circles,cnn,4096,143,0.97981464,0.01173602,1.00710696
circles,cnn,4096,144,0.9729925,0.05365615,1.01714351
circles,cnn,4096,145,0.968806,0.08194036,0.99652125
circles,cnn,4096,146,0.97029021,0.01237087,0.99844645
circles,cnn,4096,147,0.97868233,0.05105638,0.97719827
circles,cnn,4096,148,0.97502919,0.05159588,0.99990036
circles,cnn,4096,149,0.97011878,0.01533397,1.01639467
circles,cnn,4096,150,0.96602365,0.00291351,1.00072141
circles,cnn,4096,151,0.96973743,0.10916966,0.99509775
circles,cnn,4096,152,0.96790316,0.05296799,0.9858925
circles,cnn,4096,153,0.96798557,0.03113847,0.99950588
circles,cnn,4096,154,0.96919635,0.04000971,1.04199492
circles,cnn,4096,155,0.97699239,0.05633365,1.00959793
circles,cnn,4096,156,0.97954264,0.00429193,0.99129125
circles,cnn,4096,157,0.97261947,0.00285433,0.98759693
circles,cnn,4096,158,0.9645314,0.03625411,1.01393361
circles,cnn,4096,159,0.96920987,0.06226804,1.01493903
circles,cnn,4096,160,0.971918,0.03536523,0.98540817
circles,cnn,4096,161,0.97469444,0.06377676,0.98398607
circles,cnn,4096,162,0.96569791,0.08091598,1.00334928
circles,cnn,4096,163,0.9755164,0.0427489,1.00796785
circles,cnn,4096,164,0.96790452,0.04183911,0.98407932
circles,cnn,4096,165,0.9664954,0.0604878,0.99428046
circles,cnn,4096,166,0.9700892,0.04737441,1.00898239
circles,cnn,4096,167,0.98217337,0.02121738,1.0069971
circles,cnn,4096,168,0.97618487,0.0067569,0.99851399
circles,cnn,4096,169,0.97317255,0.01337754,1.02277504
circles,cnn,4096,170,0.98616921,0.00546492,1.01356748
circles,cnn,4096,171,0.97828689,0.04670297,0.99381615
circles,cnn,4096,172,0.96906793,0.01991051,0.99380603
circles,cnn,4096,173,0.96727338,0.0212081,1.02384232
circles,cnn,4096,174,0.97558437,0.05367435,1.00741844
circles,cnn,4096,175,0.97213625,0.03194127,1.00922948
circles,cnn,4096,176,0.96487797,0.07886962,1.01967825
circles,cnn,4096,177,0.96541455,0.02071739,0.9929879
circles,cnn,4096,178,0.98295042,0.01847303,1.00948235
circles,cnn,4096,179,0.97070001,0.04612789,1.00508507
circles,cnn,4096,180,0.97645026,0.05847443,1.01901792
circles,cnn,4096,181,0.96868687,0.05800331,1.01887174
circles,cnn,4096,182,0.97540387,0.07429599,1.00427929
circles,cnn,4096,183,0.96902475,0.06059638,1.02081991
circles,cnn,4096,184,0.96729072,0.04517139,0.98318065
circles,cnn,4096,185,0.97647398,0.08643431,0.98559047
circles,cnn,4096,186,0.98296476,0.00912483,1.01752306
circles,cnn,4096,187,0.97022693,0.01915721,1.02751203
circles,cnn,4096,188,0.96849741,0.03910007,1.0106906
circles,cnn,4096,189,0.97577672,0.02186702,0.99500988
circles,cnn,4096,190,0.96646649,0.00914937,1.00943162
circles,cnn,4096,191,0.9722503,0.0216278,1.01332779
circles,cnn,4096,192,0.98264392,0.03570858,1.00284901
circles,cnn,4096,193,0.97184861,0.05061897,0.98167549
circles,cnn,4096,194,0.9786833,0.05704904,0.96905722
circles,cnn,4096,195,0.97321686,0.07827263,0.98631935
circles,cnn,4096,196,0.96904712,0.08203025,1.01379897
circles,cnn,4096,197,0.98160551,0.0362268,1.02244422
circles,cnn,4096,198,0.9688169,0.0165216,0.99555141
circles,cnn,4096,199,0.98070761,0.05955543,0.99586133
circles,cnn,4096,200,0.96682707,0.00959644,0.97011068
circles,cnn,4096,201,0.9725882,0.08271141,0.99036251
circles,cnn,4096,202,0.97320625,0.08034891,1.01533792
circles,cnn,4096,203,0.97937366,0.04418203,0.98790143
circles,cnn,4096,204,0.98447329,0.0659017,1.02692021
circles,cnn,4096,205,0.97276814,0.09370896,0.98839054
circles,cnn,4096,206,0.97237989,0.00049686,0.9907441
circles,cnn,4096,207,0.97105345,0.03125449,1.00331963
circles,cnn,4096,208,0.98235992,0.05860073,1.01378687
circles,cnn,4096,209,0.9760694,0.0187356,0.97618343
circles,cnn,4096,210,0.97823711,0.01355473,1.01749093
circles,cnn,4096,211,0.98092835,0.0517186,0.99925406
circles,cnn,4096,212,0.97589596,0.11189433,0.99231978
circles,cnn,4096,213,0.96327226,0.05524203,1.00081088
circles,cnn,4096,214,0.96916855,0.01761158,1.00334577
circles,cnn,4096,215,0.97048103,0.04497839,1.0144239
circles,cnn,4096,216,0.96485126,0.03271158,1.02600445
circles,cnn,4096,217,0.97029354,0.0314616,0.99494678
circles,cnn,4096,218,0.98118585,0.0030626,1.00566314
circles,cnn,4096,219,0.97956885,0.05294572,1.00672588
circles,cnn,4096,220,0.96579351,0.06009023,1.00978135
circles,cnn,4096,221,0.98006196,0.02894619,1.00329824
circles,cnn,4096,222,0.97469524,0.06736097,1.01138717
circles,cnn,4096,223,0.97508995,0.07467999,0.99086624
circles,cnn,4096,224,0.97671365,0.06959119,1.0229672
circles,cnn,4096,225,0.97818629,0.02704601,0.98099023
circles,cnn,4096,226,0.97796222,0.03391663,1.00399783
circles,cnn,4096,227,0.97152711,0.09519724,0.99055562
circles,cnn,4096,228,0.97487028,0.01568397,0.96873289
circles,cnn,4096,229,0.97717149,0.05462585,1.00093336
circles,cnn,4096,230,0.95968116,0.01777109,1.01156243
circles,cnn,4096,231,0.96599168,0.04106195,1.00393717
circles,cnn,4096,232,0.97147792,0.02397885,1.02714484
circles,cnn,4096,233,0.98146168,0.04296352,0.99782174
circles,cnn,4096,234,0.97301973,0.04263347,1.00269179
circles,cnn,4096,235,0.96979058,0.02255615,0.98444788
circles,cnn,4096,236,0.973982,0.03462448,1.03444595
circles,cnn,4096,237,0.96703474,0.01499596,0.99601973
circles,cnn,4096,238,0.97795381,0.00018255,1.00892649
circles,cnn,4096,239,0.96642042,0.03388962,1.01078843
circles,cnn,4096,240,0.98075535,0.03960896,1.01338847
circles,cnn,4096,241,0.97866031,0.02413438,1.00928733
circles,cnn,4096,242,0.96179192,0.02003923,0.98276332
circles,cnn,4096,243,0.97142429,0.00081267,0.97112769
circles,cnn,4096,244,0.96475267,0.01995702,0.98693371
circles,cnn,4096,245,0.97712891,0.04618405,0.9936833
circles,cnn,4096,246,0.97185425,0.0497914,1.00953828
circles,cnn,4096,247,0.97296845,0.02732386,0.99796481
circles,cnn,4096,248,0.9787605,0.01995126,1.01111009
circles,cnn,4096,249,0.97632624,0.01793329,0.97901906
circles,cnn,4096,250,0.97070772,0.00879456,0.98925952
circles,cnn,4096,251,0.97932033,0.04503582,0.99905271
circles,cnn,4096,252,0.96973689,0.03412478,1.00633045
circles,cnn,4096,253,0.96665941,0.02432418,0.96309733
circles,cnn,4096,254,0.96684719,0.0030835,1.00741598
circles,cnn,4096,255,0.97244827,0.06701021,0.98612826
circles,cnn,4096,256,0.96329771,0.09500606,0.97743129
circles,cnn,4096,257,0.97754239,0.09847998,1.03809337
circles,cnn,4096,258,0.95804359,0.00697195,1.02941782
circles,cnn,4096,259,0.97355713,0.00963166,1.00991974
circles,cnn,4096,260,0.96039992,0.11609484,1.00782676
circles,cnn,4096,261,0.98523052,0.0144277,0.98669226
circles,cnn,4096,262,0.97437304,0.00880579,0.97817955
circles,cnn,4096,263,0.97204547,0.02530317,1.00265399
circles,cnn,4096,264,0.97399603,0.08363398,0.99275492
circles,cnn,4096,265,0.9671527,0.03664517,0.99679149
circles,cnn,4096,266,0.9818608,0.00166839,0.9802681
circles,cnn,4096,267,0.96856237,0.00952549,1.00738829
circles,cnn,4096,268,0.96556915,0.02147862,0.99481363
circles,cnn,4096,269,0.96950339,0.00508897,1.01221471
circles,cnn,4096,270,0.97480138,0.04798396,0.96477576
circles,cnn,4096,271,0.96278016,0.03445383,1.01610193
circles,cnn,4096,272,0.97127437,0.06144733,0.99629001
circles,cnn,4096,273,0.97115161,0.00455586,0.98902529
circles,cnn,4096,274,0.97257662,0.01048877,1.04153611
circles,cnn,4096,275,0.9786504,0.05386602,0.98336874
circles,cnn,4096,276,0.97623806,0.0107432,1.01344761
circles,cnn,4096,277,0.9655975,0.00879017,1.01551962
circles,cnn,4096,278,0.97147084,0.08928136,0.97767923
circles,cnn,4096,279,0.96960609,0.01545223,0.99661462
circles,cnn,4096,280,0.96672285,0.01200102,0.99651557
circles,cnn,4096,281,0.97908178,0.0623846,1.00996036
circles,cnn,4096,282,0.96963227,0.03211158,1.02514136
circles,cnn,4096,283,0.97091133,0.06529668,0.99043884
circles,cnn,4096,284,0.97256908,0.00219799,0.99107584
circles,cnn,4096,285,0.9799033,0.0367295,0.98598183
circles,cnn,4096,286,0.97472857,0.01573755,0.95742511
circles,cnn,4096,287,0.96636731,0.07671934,1.01427667
circles,cnn,4096,288,0.97796388,0.02766403,1.03256958
circles,cnn,4096,289,0.97604612,0.00403884,1.00870537
circles,cnn,4096,290,0.97121046,0.11367026,1.0176314
circles,cnn,4096,291,0.97193714,0.0128224,0.99152143
circles,cnn,4096,292,0.96728494,0.03880724,0.99197114
circles,cnn,4096,293,0.9745769,0.01001402,1.00040201
circles,cnn,4096,294,0.97094731,0.02867577,0.97452035
circles,cnn,4096,295,0.96757453,0.00997205,0.9842648
circles,cnn,4096,296,0.964251,0.03239062,0.99745797
circles,cnn,4096,297,0.97199833,0.08323448,0.99546634
circles,cnn,4096,298,0.9720034,0.08053595,0.99854311
circles,cnn,4096,299,0.96908297,0.03835459,1.01106457
circles,cnn,4096,300,0.97957627,0.01545749,0.99700717
circles,cnn,4096,301,0.97739178,0.0212003,0.99122881
circles,cnn,4096,302,0.96539566,0.05849821,1.0249346
circles,cnn,4096,303,0.9686881,0.01789471,1.02879052
circles,cnn,4096,304,0.96312166,0.01062331,1.00994465
circles,cnn,4096,305,0.97619795,0.0350953,1.0065609
circles,cnn,4096,306,0.98058224,0.07340409,0.96839447
circles,cnn,4096,307,0.97290429,0.10028126,0.99663632
circles,cnn,4096,308,0.97240938,0.03585192,0.97585868
circles,cnn,4096,309,0.98259815,0.03715303,1.02941458
circles,cnn,4096,310,0.96991798,0.00175354,1.0126526
circles,cnn,4096,311,0.97364534,0.04234735,1.018386
circles,cnn,4096,312,0.95962549,0.00408173,1.0197377
circles,cnn,4096,313,0.97078404,0.04844278,0.98981665
circles,cnn,4096,314,0.98460741,0.04370756,0.99654402
circles,cnn,4096,315,0.97272671,0.06096878,1.00007843
circles,cnn,4096,316,0.97841541,0.10753557,0.99514637
circles,cnn,4096,317,0.97628166,0.01063283,0.98125674
circles,cnn,4096,318,0.97438513,0.01323181,0.99638046
circles,cnn,4096,319,0.96577571,0.03901108,0.99210654
circles,cnn,4096,320,0.97369467,0.01116269,1.0078188
circles,cnn,4096,321,0.97783445,0.0092463,0.98006909
circles,cnn,4096,322,0.97611127,0.000601,0.99081313
circles,cnn,4096,323,0.98760273,0.03493688,1.00552974
circles,cnn,4096,324,0.96355198,0.01335944,1.0093247
circles,cnn,4096,325,0.96869651,0.02428044,1.00042419
circles,cnn,4096,326,0.96628462,0.03116956,1.01604943
circles,cnn,4096,327,0.97344702,0.02355422,0.9778371
circles,cnn,4096,328,0.96969596,0.01196753,1.00816193
circles,cnn,4096,329,0.97989629,0.00628605,1.00576749
circles,cnn,4096,330,0.97233921,0.08049273,0.98055979
circles,cnn,4096,331,0.97964449,0.02443714,0.97782604
circles,cnn,4096,332,0.96998651,0.0378998,1.00097816
circles,cnn,4096,333,0.96971313,0.04502406,1.00709789
circles,cnn,4096,334,0.96764842,0.00709844,0.99026197
circles,cnn,4096,335,0.97545073,0.04295634,0.99336896
circles,cnn,4096,336,0.96422365,0.00854477,0.9901046
circles,cnn,4096,337,0.96620751,0.04204688,1.00690703
circles,cnn,4096,338,0.98023118,0.03344058,0.98310627
circles,cnn,4096,339,0.97627227,0.1349231,0.95245239
circles,cnn,4096,340,0.97467166,0.066827,0.98737653
circles,cnn,4096,341,0.97473172,0.05359352,0.99784957
circles,cnn,4096,342,0.98191303,0.01932528,0.99818935
circles,cnn,4096,343,0.9737256,0.02271418,1.02782456
circles,cnn,4096,344,0.97811787,0.04348953,0.99583856
circles,cnn,4096,345,0.97256599,0.03938123,0.99228727
circles,cnn,4096,346,0.97410796,0.08818453,1.02979323
circles,cnn,4096,347,0.97285883,0.01168715,1.02973724
circles,cnn,4096,348,0.97706936,0.01366025,1.02396672
circles,cnn,4096,349,0.98079329,0.03930995,1.01678123
circles,cnn,4096,350,0.97690251,0.02566052,0.98377758
circles,cnn,4096,351,0.96325071,0.03166336,1.0281941
circles,cnn,4096,352,0.97950849,0.07312398,1.01793535
circles,cnn,4096,353,0.97163669,0.03870321,0.96999543
circles,cnn,4096,354,0.97116789,0.12810093,0.97452304
circles,cnn,4096,355,0.97702625,0.01714567,1.00807732
circles,cnn,4096,356,0.95776847,0.02506121,0.97610253
circles,cnn,4096,357,0.97547071,0.03015392,1.00930828
circles,cnn,4096,358,0.9730378,0.03734093,0.99991948
circles,cnn,4096,359,0.97939166,0.00905029,0.95545712
circles,cnn,4096,360,0.9761974,0.02877304,0.99811543
circles,cnn,4096,361,0.98259768,0.07520854,1.00497425
circles,cnn,4096,362,0.96568128,0.03152464,1.02488604
circles,cnn,4096,363,0.96841335,0.01993088,0.9728241
circles,cnn,4096,364,0.96680835,0.00680996,0.98665457
circles,cnn,4096,365,0.97067602,0.03231606,0.98887611
circles,cnn,4096,366,0.97139145,0.07795401,1.00851472
circles,cnn,4096,367,0.9732149,0.09133912,1.01769688
circles,cnn,4096,368,0.97608109,0.01017081,1.0074468
circles,cnn,4096,369,0.97504885,0.01228709,0.98503749
circles,cnn,4096,370,0.96654472,0.10087532,0.99809738
circles,cnn,4096,371,0.96937657,0.01005783,1.01034049
circles,cnn,4096,372,0.97221728,0.0206696,0.9955842
circles,cnn,4096,373,0.98730034,0.04217481,1.00547694
circles,cnn,4096,374,0.97391308,0.07120773,1.02951829
circles,cnn,4096,375,0.97570129,0.00591557,0.9938177
circles,cnn,4096,376,0.96845419,0.11502657,0.9878548
circles,cnn,4096,377,0.96793037,0.00237213,1.01233961
circles,cnn,4096,378,0.97268566,0.01968601,0.99040391
circles,cnn,4096,379,0.97719758,0.03540091,0.99452312
circles,cnn,4096,380,0.97156854,0.07640038,0.98764698
circles,cnn,4096,381,0.96601804,0.03649202,1.01277002
circles,cnn,4096,382,0.97540309,0.02104596,0.98107113
circles,cnn,4096,383,0.97922194,0.03130568,1.00404067
circles,cnn,4096,384,0.96438474,0.0122407,1.00713572
circles,cnn,4096,385,0.97802106,0.04671228,0.98212846
circles,cnn,4096,386,0.97294823,0.08175651,0.98813692
circles,cnn,4096,387,0.97493144,0.02147659,0.9929742
circles,cnn,4096,388,0.9748037,0.07491055,1.01572744
circles,cnn,4096,389,0.96876977,0.06464714,0.98515286
circles,cnn,4096,390,0.96442039,0.01929947,0.98082996
circles,cnn,4096,391,0.97383152,0.0079866,1.02358295
circles,cnn,4096,392,0.98023841,0.08659622,1.00665569
circles,cnn,4096,393,0.9738633,0.01843855,0.97012588
circles,cnn,4096,394,0.97165663,0.10980982,0.99797924
circles,cnn,4096,395,0.9726459,0.04044976,0.99130573
circles,cnn,4096,396,0.97701819,0.00536951,0.99983188
circles,cnn,4096,397,0.95755257,0.06326917,0.98265818
circles,cnn,4096,398,0.97492961,0.05644533,1.01723697
circles,cnn,4096,399,0.96023622,0.05776225,0.98983298
circles,cnn,4096,400,0.97253847,0.00765381,0.99181088
circles,cnn,4096,401,0.97010629,0.06030769,1.01351927
circles,cnn,4096,402,0.96983591,0.02972665,0.98615937
circles,cnn,4096,403,0.97100457,0.07964642,0.98711306
circles,cnn,4096,404,0.97881013,0.13944064,1.00641754
circles,cnn,4096,405,0.97385729,0.04604942,1.02186662
circles,cnn,4096,406,0.98685013,0.02943987,1.00482726
circles,cnn,4096,407,0.97279659,0.09581011,0.99050476
circles,cnn,4096,408,0.98338483,0.02706643,0.98824491
circles,cnn,4096,409,0.96332417,0.09141952,1.01020223
circles,cnn,4096,410,0.97546338,0.05207556,0.99259038
circles,cnn,4096,411,0.98110083,0.04776579,1.02055288
circles,cnn,4096,412,0.97312062,0.02520647,1.0142209
circles,cnn,4096,413,0.96503201,0.02786815,0.98147231
circles,cnn,4096,414,0.97185602,0.04372658,1.01798078
circles,cnn,4096,415,0.97439663,0.08922035,1.03495283
circles,cnn,4096,416,0.97822984,0.02502016,0.98330532
circles,cnn,4096,417,0.97598916,0.00490363,0.98405838
circles,cnn,4096,418,0.96889614,0.06244107,1.01069839
circles,cnn,4096,419,0.97253459,0.05438156,1.004505
circles,cnn,4096,420,0.97654178,0.02036509,0.99055996
circles,cnn,4096,421,0.97514491,0.07258406,1.00766478
circles,cnn,4096,422,0.98099448,0.02914195,1.0167644
circles,cnn,4096,423,0.95756833,0.05856692,0.98595057
circles,cnn,4096,424,0.97490324,0.03064272,0.98777183
circles,cnn,4096,425,0.97463219,0.00508364,0.98922066
circles,cnn,4096,426,0.97111465,0.00670117,1.02027989
circles,cnn,4096,427,0.97166795,0.02360366,1.01763672
circles,cnn,4096,428,0.96747663,0.07706522,0.98132487
circles,cnn,4096,429,0.97740557,0.02981027,1.00544817
circles,cnn,4096,430,0.96555403,0.06612748,1.0324903
circles,cnn,4096,431,0.97787732,0.06202529,1.00089457
circles,cnn,4096,432,0.96870422,0.0130717,1.01918292
circles,cnn,4096,433,0.97964627,0.04848114,0.98963845
circles,cnn,4096,434,0.97990021,0.0190861,1.01735437
circles,cnn,4096,435,0.96603857,0.05442256,0.98867141
circles,cnn,4096,436,0.97465741,0.0577953,0.98137212
circles,cnn,4096,437,0.97247512,0.01159048,1.01576034
circles,cnn,4096,438,0.96927626,0.06304963,1.00932131
circles,cnn,4096,439,0.95710831,0.03278007,1.00741646
circles,cnn,4096,440,0.97872702,0.05477921,1.01787518
circles,cnn,4096,441,0.96538843,0.01045614,0.99280267
circles,cnn,4096,442,0.97163213,0.01794805,1.00520003
circles,cnn,4096,443,0.97543675,0.02326647,1.0156904
circles,cnn,4096,444,0.9720752,0.00728296,1.01279346
circles,cnn,4096,445,0.99006042,0.02938007,0.98608643
circles,cnn,4096,446,0.98821665,0.04051651,1.0188596
circles,cnn,4096,447,0.97239793,0.07598886,1.00186538
circles,cnn,4096,448,0.97603033,0.00424484,1.00770046
circles,cnn,4096,449,0.97809106,0.09095551,0.98894842
circles,cnn,4096,450,0.97553757,0.08924647,1.0328571
circles,cnn,4096,451,0.96794499,0.02411372,0.98943903
circles,cnn,4096,452,0.96842752,0.0108152,1.00619494
circles,cnn,4096,453,0.97312153,0.09212078,0.97753784
circles,cnn,4096,454,0.97591244,0.02404587,1.000016
circles,cnn,4096,455,0.99129858,0.04843253,1.01166814
circles,cnn,4096,456,0.97296214,0.06825277,0.98904742
circles,cnn,4096,457,0.97233759,0.01045085,1.01163243
circles,cnn,4096,458,0.96634841,0.01515159,1.00146967
circles,cnn,4096,459,0.97821546,0.03387999,1.01728218
circles,cnn,4096,460,0.96543865,0.0359493,0.99645886
circles,cnn,4096,461,0.9690206,0.05608441,0.99039639
circles,cnn,4096,462,0.96041094,0.06104874,1.01188526
circles,cnn,4096,463,0.9580875,0.05025859,0.9873459
circles,cnn,4096,464,0.96955466,0.06325892,1.02757535
circles,cnn,4096,465,0.97238605,0.00860441,1.00079429
circles,cnn,4096,466,0.97694518,0.06764342,1.00710701
circles,cnn,4096,467,0.97456943,0.00528168,0.98308824
circles,cnn,4096,468,0.97420025,0.01616538,1.01465822
circles,cnn,4096,469,0.96842105,0.08150953,1.02867769
circles,cnn,4096,470,0.97959434,0.01457078,0.99246166
circles,cnn,4096,471,0.96049564,0.05485716,1.01163414
circles,cnn,4096,472,0.98275107,0.05552581,0.99060606
circles,cnn,4096,473,0.96602628,0.01693495,0.97261175
circles,cnn,4096,474,0.96565882,0.03061745,1.01031651
circles,cnn,4096,475,0.97896851,0.00977664,0.98279232
circles,cnn,4096,476,0.96617343,0.02068074,0.99049796
circles,cnn,4096,477,0.97083992,0.04356269,1.01516786
circles,cnn,4096,478,0.97453104,0.02257391,1.0144521
circles,cnn,4096,479,0.97892853,0.05140548,1.01095912
circles,cnn,4096,480,0.96974351,0.0494976,1.02463617
circles,cnn,4096,481,0.96631196,0.0370791,1.00999653
circles,cnn,4096,482,0.97154961,0.0305697,0.98272979
circles,cnn,4096,483,0.96499038,0.0522557,0.98000169
circles,cnn,4096,484,0.97383435,0.04634384,1.02507058
circles,cnn,4096,485,0.97526586,0.01810379,1.00548335
circles,cnn,4096,486,0.98481564,0.07658334,0.99795478
circles,cnn,4096,487,0.97458452,0.0304839,1.00225734
circles,cnn,4096,488,0.96646114,0.03466712,1.00707599
circles,cnn,4096,489,0.97186941,0.04166739,1.00876814
circles,cnn,4096,490,0.97722693,0.02921895,0.99468371
circles,cnn,4096,491,0.96403005,0.01039407,1.00454142
circles,cnn,4096,492,0.96109372,0.05335206,1.0218991
circles,cnn,4096,493,0.97761184,0.04202155,0.9915792
circles,cnn,4096,494,0.97080977,0.05058445,1.01691306
circles,cnn,4096,495,0.97571268,0.01403258,0.98740687
circles,cnn,4096,496,0.97168796,0.06136878,0.97540398
circles,cnn,4096,497,0.97196218,0.02773579,1.02418429
circles,cnn,4096,498,0.97534457,0.06565045,1.01613173
circles,cnn,4096,499,0.97682346,0.02614482,1.02030368
circles,cnn,4096,500,0.97143533,0.06041829,0.99841586
circles,cnn,4096,501,0.96678339,0.13138385,0.98644797
circles,cnn,4096,502,0.9789086,0.02940517,1.00161664
circles,cnn,4096,503,0.97452223,0.07817005,0.97940922
circles,cnn,4096,504,0.98132225,0.07072873,1.0186349
circles,cnn,4096,505,0.97368364,0.05653228,1.00561143
circles,cnn,4096,506,0.97366945,0.02740289,1.00773424
circles,cnn,4096,507,0.9665814,0.04496317,1.02244991
circles,cnn,4096,508,0.97313337,0.07298946,0.9931602
circles,cnn,4096,509,0.97578286,0.01084973,1.01719748
circles,cnn,4096,510,0.97613601,0.03153058,1.0095039
circles,cnn,4096,511,0.97788098,0.01413221,1.01426556
circles,cnn,4096,512,0.98339142,0.05184632,1.01618071
circles,cnn,4096,513,0.98453469,0.01986376,0.9894866
circles,cnn,4096,514,0.97916706,0.08555054,0.97373811
circles,cnn,4096,515,0.97322997,0.08612991,0.96915848
circles,cnn,4096,516,0.96654255,0.03824537,0.99957322
circles,cnn,4096,517,0.97647066,0.04561115,1.01408082
circles,cnn,4096,518,0.97267849,0.02155933,0.99376451
circles,cnn,4096,519,0.98186005,0.00216249,0.97930155
circles,cnn,4096,520,0.97141399,0.06088663,0.9890299
circles,cnn,4096,521,0.96655903,0.01220301,0.99002323
circles,cnn,4096,522,0.97050629,0.08802491,0.97751503
circles,cnn,4096,523,0.96609621,0.08249435,1.02800058
circles,cnn,4096,524,0.97379601,0.06798165,0.97626473
circles,cnn,4096,525,0.97699527,0.04592716,0.98833264
circles,cnn,4096,526,0.97604281,0.07672377,1.0122803
circles,cnn,4096,527,0.9742058,0.12513871,1.01066846
circles,cnn,4096,528,0.97083638,0.02820462,0.99741194
circles,cnn,4096,529,0.97073792,0.10922012,1.00394642
circles,cnn,4096,530,0.98523943,0.07516613,1.00203017
circles,cnn,4096,531,0.97545674,0.00567917,1.00152484
circles,cnn,4096,532,0.97880062,0.02233256,0.99027471
circles,cnn,4096,533,0.97521644,0.00029926,0.97312775
circles,cnn,4096,534,0.97034253,0.10988602,1.01184442
circles,cnn,4096,535,0.98041224,0.01970923,1.02454826
circles,cnn,4096,536,0.97473463,0.0408314,0.99450949
circles,cnn,4096,537,0.97091885,0.01489536,1.02744379
circles,cnn,4096,538,0.97216403,0.02813548,0.99989127
circles,cnn,4096,539,0.97479503,0.00987234,1.01169993
circles,cnn,4096,540,0.97124208,0.03339672,1.0016903
circles,cnn,4096,541,0.97425075,0.02976723,0.99551112
circles,cnn,4096,542,0.97030582,0.00146385,0.99881321
circles,cnn,4096,543,0.9689582,0.01132268,0.96376622
circles,cnn,4096,544,0.97619907,0.02729577,0.99220696
circles,cnn,4096,545,0.97111199,0.02589988,1.01706193
circles,cnn,4096,546,0.97573329,0.01369481,0.99852628
circles,cnn,4096,547,0.97515006,0.00365869,1.00307043
circles,cnn,4096,548,0.97196487,0.0148919,1.01638403
circles,cnn,4096,549,0.96959778,0.08966694,0.98303441
circles,cnn,4096,550,0.97158436,0.03323806,1.00247528
circles,cnn,4096,551,0.97537626,0.13696991,1.0092197
circles,cnn,4096,552,0.9740277,0.00770639,1.00738903
circles,cnn,4096,553,0.9815437,0.02563479,0.99855143
circles,cnn,4096,554,0.98119025,0.06266826,1.00609549
circles,cnn,4096,555,0.96962299,0.03109144,1.01623868
circles,cnn,4096,556,0.97726762,0.07936143,1.01237163
circles,cnn,4096,557,0.96128891,0.00641376,0.97565861
circles,cnn,4096,558,0.97241636,0.01071254,0.99841075
circles,cnn,4096,559,0.97014563,0.05771213,0.99758652
circles,cnn,4096,560,0.97182903,0.01945718,1.0002275
circles,cnn,4096,561,0.97373705,0.03984163,1.00425104
circles,cnn,4096,562,0.97327934,0.04000825,0.98351829
circles,cnn,4096,563,0.96680732,0.0818197,1.00205693
circles,cnn,4096,564,0.9675816,0.01883567,1.01318374
circles,cnn,4096,565,0.97391908,0.01108484,0.9992066
circles,cnn,4096,566,0.97070286,0.02486202,0.96495749
circles,cnn,4096,567,0.97553616,0.00485656,1.01462567
circles,cnn,4096,568,0.9703896,0.04338953,1.02302526
circles,cnn,4096,569,0.9848581,0.00022111,1.01610126
circles,cnn,4096,570,0.97295251,0.03603989,0.98592778
circles,cnn,4096,571,0.96895644,0.09783612,1.00765014
circles,cnn,4096,572,0.9779009,0.03373839,1.03003703
circles,cnn,4096,573,0.97490964,0.04840325,1.01870333
circles,cnn,4096,574,0.97215763,0.03701808,1.00767413
circles,cnn,4096,575,0.97823221,0.02410987,0.98639273
circles,cnn,4096,576,0.97362997,0.02666932,0.99163318
circles,cnn,4096,577,0.97208322,0.09316136,1.00679055
circles,cnn,4096,578,0.97885983,0.02107066,0.98880194
circles,cnn,4096,579,0.98332249,0.03169106,0.96864436
circles,cnn,4096,580,0.97742366,0.08097164,1.003576
circles,cnn,4096,581,0.96900399,0.01770266,0.99469594
circles,cnn,4096,582,0.97071832,0.04514263,1.02297215
circles,cnn,4096,583,0.97513423,0.02685124,1.00292833
circles,cnn,4096,584,0.97244039,0.042674,1.01173558
circles,cnn,4096,585,0.97193828,0.01655463,0.99073679
circles,cnn,4096,586,0.98673726,0.00204718,0.9993532
circles,cnn,4096,587,0.96867859,0.12405053,0.99080016
circles,cnn,4096,588,0.97665168,0.02540808,1.00090908
circles,cnn,4096,589,0.97664074,0.02345851,1.00350093
circles,cnn,4096,590,0.98108582,0.062906,1.00253165
circles,cnn,4096,591,0.96240766,0.03915082,0.99728122
circles,cnn,4096,592,0.9698579,0.02424664,1.02443801
circles,cnn,4096,593,0.97280261,0.00271664,1.00045015
circles,cnn,4096,594,0.97099035,0.07357159,0.99787584
circles,cnn,4096,595,0.97296988,0.12148784,0.98937773
circles,cnn,4096,596,0.96843321,0.01020789,1.0177946
circles,cnn,4096,597,0.98399148,0.03907669,1.00276538
circles,cnn,4096,598,0.98074762,0.04113318,1.00506998
circles,cnn,4096,599,0.96335305,0.01974928,1.01132452
circles,cnn,4096,600,0.98109128,0.06869283,1.00815487
circles,cnn,4096,601,0.97562907,0.02524867,1.01038298
circles,cnn,4096,602,0.96146339,0.0071748,1.05312587
circles,cnn,4096,603,0.97798854,0.02011218,1.01507968
circles,cnn,4096,604,0.97265229,0.02676463,1.00735271
circles,cnn,4096,605,0.96934951,0.08538048,0.99071863
circles,cnn,4096,606,0.97652856,0.05126469,1.01260245
circles,cnn,4096,607,0.97129538,0.0696974,1.01415342
circles,cnn,4096,608,0.96937447,0.11864403,1.01640362
circles,cnn,4096,609,0.97068011,0.02628518,1.02004525
circles,cnn,4096,610,0.9696203,0.04206579,0.98116605
circles,cnn,4096,611,0.97785386,0.02010278,0.98139354
circles,cnn,4096,612,0.97166015,0.01255511,1.00097663
circles,cnn,4096,613,0.95922735,0.01381283,0.99940399
circles,cnn,4096,614,0.97290417,0.0195911,0.98424041
circles,cnn,4096,615,0.97242577,0.01967849,0.99685392
circles,cnn,4096,616,0.97175305,0.04798234,0.99482897
circles,cnn,4096,617,0.97286543,0.01714602,0.99962985
circles,cnn,4096,618,0.96170337,0.04632542,0.98682254
circles,cnn,4096,619,0.97371954,0.01975971,0.99952657
circles,cnn,4096,620,0.96901441,0.03407343,1.01916167
circles,cnn,4096,621,0.98121738,0.00995339,0.99350394
circles,cnn,4096,622,0.97900307,0.05757027,1.01049562
circles,cnn,4096,623,0.97373644,0.00313388,0.98908203
circles,cnn,4096,624,0.97650816,0.0514496,1.00962105
circles,cnn,4096,625,0.99164548,0.06559316,0.96255425
circles,cnn,4096,626,0.97970776,0.00097867,0.99590166
circles,cnn,4096,627,0.97013761,0.03150847,1.00230105
circles,cnn,4096,628,0.98026928,0.02314431,0.98655127
circles,cnn,4096,629,0.9708367,0.05043141,1.02501017
circles,cnn,4096,630,0.9705287,0.05406966,0.99110645
circles,cnn,4096,631,0.970961,0.01853526,0.99797677
circles,cnn,4096,632,0.96783966,0.04656406,1.01716092
circles,cnn,4096,633,0.98031187,0.04711501,0.98810623
circles,cnn,4096,634,0.96520636,0.03986592,0.99705388
circles,cnn,4096,635,0.97662303,0.06995018,1.00165447
circles,cnn,4096,636,0.96767243,0.0299728,0.98309883
circles,cnn,4096,637,0.97422982,0.00773656,1.02364601
circles,cnn,4096,638,0.96413503,0.0399823,1.01655275
circles,cnn,4096,639,0.96682318,0.03067299,0.99575009
circles,cnn,4096,640,0.98029615,0.01454516,0.99883205
circles,cnn,4096,641,0.97288228,0.04629836,0.98692062
circles,cnn,4096,642,0.97755203,0.07308885,0.98184253
circles,cnn,4096,643,0.97068339,0.01725634,0.99414402
circles,cnn,4096,644,0.97821115,0.001119,1.00310697
circles,cnn,4096,645,0.96742132,0.00945878,1.02140438
circles,cnn,4096,646,0.97161878,0.01936882,1.0001983
circles,cnn,4096,647,0.97485707,0.04933317,1.0060874
circles,cnn,4096,648,0.97633302,0.06894013,0.9967378
circles,cnn,4096,649,0.97640854,0.0648554,1.00049603
circles,cnn,4096,650,0.96995911,0.05884857,1.00371218
circles,cnn,4096,651,0.98406276,0.01669476,0.9923316
circles,cnn,4096,652,0.9597943,0.00129263,1.01172462
circles,cnn,4096,653,0.96958454,0.10646573,1.00983644
circles,cnn,4096,654,0.95802703,0.00885816,0.99003606
circles,cnn,4096,655,0.96722862,0.05173632,0.992194
circles,cnn,4096,656,0.9697259,0.05154043,1.01404263
circles,cnn,4096,657,0.97715432,0.0451556,1.00415153
circles,cnn,4096,658,0.97339593,0.0139011,1.02293593
circles,cnn,4096,659,0.97875904,0.0254702,0.99843631
circles,cnn,4096,660,0.96445706,0.1080826,0.99567583
circles,cnn,4096,661,0.96352019,0.0061601,0.9947106
circles,cnn,4096,662,0.96935986,0.04493188,1.021215
circles,cnn,4096,663,0.97041205,0.03726735,1.02108107
circles,cnn,4096,664,0.974636,0.01032624,0.98236639
circles,cnn,4096,665,0.97869137,0.0177686,0.99125181
circles,cnn,4096,666,0.97065126,0.01071353,1.00110256
circles,cnn,4096,667,0.97386976,0.01050502,0.9933728
circles,cnn,4096,668,0.96267227,0.07346665,1.00450072
circles,cnn,4096,669,0.97986624,0.05256096,0.9706886
circles,cnn,4096,670,0.97360296,0.00620822,1.01716118
circles,cnn,4096,671,0.97565115,0.04824728,1.0201821
circles,cnn,4096,672,0.97031286,0.05674401,1.01422092
circles,cnn,4096,673,0.96680727,0.025771,1.02733669
circles,cnn,4096,674,0.96694904,0.03857378,0.99328149
circles,cnn,4096,675,0.96396308,0.0296378,1.01920771
circles,cnn,4096,676,0.96790505,0.11147884,0.98997101
circles,cnn,4096,677,0.97300673,0.05518184,0.98235134
circles,cnn,4096,678,0.96916464,0.05069911,1.00573695
circles,cnn,4096,679,0.97577392,0.03980856,0.99676507
circles,cnn,4096,680,0.97575189,0.00608334,0.9892936
circles,cnn,4096,681,0.97804325,0.14001392,0.98715502
circles,cnn,4096,682,0.96539122,0.04911584,1.00128428
circles,cnn,4096,683,0.96058352,0.01891537,1.00101846
circles,cnn,4096,684,0.96803888,0.05251657,1.00645311
circles,cnn,4096,685,0.97874748,0.02294389,0.99404247
circles,cnn,4096,686,0.97790795,0.00194437,1.00814024
circles,cnn,4096,687,0.97989726,0.10037155,1.00992891
circles,cnn,4096,688,0.9775343,0.00244277,1.00089723
circles,cnn,4096,689,0.96731728,0.0286266,0.99913018
circles,cnn,4096,690,0.96726759,0.02182944,1.01185303
circles,cnn,4096,691,0.98128664,0.00050682,0.9865732
circles,cnn,4096,692,0.96694479,0.04878492,1.00582975
circles,cnn,4096,693,0.97400922,0.04112891,1.01323406
circles,cnn,4096,694,0.9749818,0.07042053,0.98583363
circles,cnn,4096,695,0.97744757,0.02762424,0.98625423
circles,cnn,4096,696,0.96357456,0.01539184,1.01550135
circles,cnn,4096,697,0.96707282,0.0425232,1.00404776
circles,cnn,4096,698,0.97262807,0.05457449,0.97804751
circles,cnn,4096,699,0.96911818,0.03178429,1.00890429
circles,cnn,4096,700,0.96567098,0.00398114,1.01790418
circles,cnn,4096,701,0.98080806,0.01602931,1.0028452
circles,cnn,4096,702,0.97906323,0.07756748,1.01095915
circles,cnn,4096,703,0.97072295,0.05733142,1.00978919
circles,cnn,4096,704,0.96823659,0.00075755,0.97402465
circles,cnn,4096,705,0.97185257,0.03959419,1.02725788
circles,cnn,4096,706,0.96755876,0.058524,0.98135917
circles,cnn,4096,707,0.97392497,0.03357581,0.99187053
circles,cnn,4096,708,0.97674513,0.0488909,0.97194963
circles,cnn,4096,709,0.95881454,0.00081026,1.01262806
circles,cnn,4096,710,0.98067544,0.01241252,0.99510141
circles,cnn,4096,711,0.97739372,0.02953363,1.0079978
circles,cnn,4096,712,0.97735132,0.07833015,0.98955937
circles,cnn,4096,713,0.97364208,0.05566263,0.9988665
circles,cnn,4096,714,0.97413958,0.02083566,1.0026955
circles,cnn,4096,715,0.97791098,0.01058742,0.98165461
circles,cnn,4096,716,0.9756712,0.02749237,0.99594926
circles,cnn,4096,717,0.9811524,0.03129212,0.98599108
circles,cnn,4096,718,0.97336806,0.01270216,1.00355717
circles,cnn,4096,719,0.96876112,0.00232506,0.96631808
circles,cnn,4096,720,0.97251856,0.05343011,1.00747514
circles,cnn,4096,721,0.97324775,0.01035932,1.00132444
circles,cnn,4096,722,0.95901959,0.02932628,0.97892146
circles,cnn,4096,723,0.9717194,0.08044054,1.0144333
circles,cnn,4096,724,0.97147543,0.14942239,0.98806595
circles,cnn,4096,725,0.97582175,0.01894153,1.01816186
circles,cnn,4096,726,0.9764927,0.01584562,1.00949401
circles,cnn,4096,727,0.97286904,0.06960101,0.97953774
circles,cnn,4096,728,0.97035565,0.03913802,0.98174839
circles,cnn,4096,729,0.97071023,0.02482271,1.00610094
circles,cnn,4096,730,0.96985512,0.03792075,1.02449966
circles,cnn,4096,731,0.96520119,0.15515085,0.98910175
circles,cnn,4096,732,0.96842357,0.02856565,0.97363731
circles,cnn,4096,733,0.9702099,0.06210019,1.01263697
circles,cnn,4096,734,0.97287241,0.06601597,0.99695618
circles,cnn,4096,735,0.96687261,0.04925337,1.00061534
circles,cnn,4096,736,0.96752409,0.01741861,1.0007947
circles,cnn,4096,737,0.98204097,0.02482659,0.97849608
circles,cnn,4096,738,0.97776607,0.02145939,0.98985438
circles,cnn,4096,739,0.97193195,0.01558806,1.01346731
circles,cnn,4096,740,0.97046111,0.0004759,1.00274864
circles,cnn,4096,741,0.98375244,0.01275847,0.98022569
circles,cnn,4096,742,0.96886043,0.07411137,0.98891979
circles,cnn,4096,743,0.97369407,0.03797423,1.0078764
circles,cnn,4096,744,0.97210637,0.03296922,0.99362975
circles,cnn,4096,745,0.96654006,0.00745734,1.009902
circles,cnn,4096,746,0.96606808,0.02284869,0.98632029
circles,cnn,4096,747,0.97766271,0.05978535,0.99318285
circles,cnn,4096,748,0.97616923,0.03210457,0.99414144
circles,cnn,4096,749,0.98066873,0.01190236,0.99957136
circles,cnn,4096,750,0.96861981,0.06884434,1.0045491
circles,cnn,4096,751,0.969252,0.07925596,1.00288969
circles,cnn,4096,752,0.9767676,0.09200595,0.98671274
circles,cnn,4096,753,0.96584907,0.08080471,0.98520148
circles,cnn,4096,754,0.96210515,0.05021903,1.02618093
circles,cnn,4096,755,0.96375521,0.0474018,1.00871922
circles,cnn,4096,756,0.9716082,0.01213004,0.99161127
circles,cnn,4096,757,0.97699863,0.03842818,1.01793614
circles,cnn,4096,758,0.98404322,0.05297952,1.00844742
circles,cnn,4096,759,0.96601005,0.02177662,0.97855121
circles,cnn,4096,760,0.96395863,0.02928332,0.99166702
circles,cnn,4096,761,0.96411974,0.09176698,1.00380694
circles,cnn,4096,762,0.97241224,0.05456265,1.01942491
circles,cnn,4096,763,0.96422569,0.06201138,1.00927867
circles,cnn,4096,764,0.96821285,0.07003123,0.96397574
circles,cnn,4096,765,0.98186869,0.02112,1.01896513
circles,cnn,4096,766,0.97140392,0.0492403,1.00192075
circles,cnn,4096,767,0.96813729,0.00857909,0.97751388
circles,cnn,4096,768,0.969097,0.06372901,0.97801696
circles,cnn,4096,769,0.97149621,0.10553064,0.9993079
circles,cnn,4096,770,0.96688735,0.00723066,0.9950708
circles,cnn,4096,771,0.96848594,0.00104064,1.01366366
circles,cnn,4096,772,0.9656555,0.01555757,1.00737813
circles,cnn,4096,773,0.97930456,0.13981631,1.00615935
circles,cnn,4096,774,0.9741335,0.042733,1.00727091
circles,cnn,4096,775,0.97897331,0.00266391,0.97705444
circles,cnn,4096,776,0.96714593,0.04622033,0.97958809
circles,cnn,4096,777,0.96839461,0.05778398,1.01419713
circles,cnn,4096,778,0.97298862,0.02655243,0.99070348
circles,cnn,4096,779,0.96624539,0.00155478,1.00460137
circles,cnn,4096,780,0.98236602,0.08011741,1.00681083
circles,cnn,4096,781,0.98053503,0.02258743,0.98113446
circles,cnn,4096,782,0.97152504,0.03639344,1.01941472
circles,cnn,4096,783,0.97079788,0.00081077,1.00288694
circles,cnn,4096,784,0.97924404,0.04479208,0.99389064
circles,cnn,4096,785,0.96913122,0.03436475,1.03138508
circles,cnn,4096,786,0.97655603,0.01192539,1.01568253
circles,cnn,4096,787,0.9694806,0.0895918,1.00918167
circles,cnn,4096,788,0.97238544,0.01381735,1.00631744
circles,cnn,4096,789,0.96203502,0.0538541,0.99506177
circles,cnn,4096,790,0.96967191,0.04395071,0.99905134
circles,cnn,4096,791,0.97487084,0.00244918,0.98420984
circles,cnn,4096,792,0.96707781,0.04460789,0.97888682
circles,cnn,4096,793,0.9595033,0.00559215,0.99157736
circles,cnn,4096,794,0.97637839,0.01338304,0.99058489
circles,cnn,4096,795,0.97720132,0.07416675,1.01366436
circles,cnn,4096,796,0.97805851,0.00939568,1.02806557
circles,cnn,4096,797,0.98161856,0.0890898,0.98066717
circles,cnn,4096,798,0.97880732,0.10301053,0.99986925
circles,cnn,4096,799,0.97856364,0.03383409,0.99758826
circles,cnn,4096,800,0.97344471,0.03250603,0.99183976
circles,cnn,4096,801,0.96685032,0.00141768,0.99294136
circles,cnn,4096,802,0.97671772,0.04112139,0.99196175
circles,cnn,4096,803,0.97186201,0.06330642,1.00636204
circles,cnn,4096,804,0.98432889,0.03053203,1.02144842
circles,cnn,4096,805,0.96582662,0.06986359,0.98509747
circles,cnn,4096,806,0.97023368,0.09314996,0.98509214
circles,cnn,4096,807,0.96820114,0.03269112,0.98603451
circles,cnn,4096,808,0.96420294,0.07158928,1.00147753
circles,cnn,4096,809,0.97178385,0.00784627,1.00087397
circles,cnn,4096,810,0.96517306,0.04614798,0.98490384
circles,cnn,4096,811,0.97312376,0.03166183,1.00353522
circles,cnn,4096,812,0.97714618,0.01182423,1.01962302
circles,cnn,4096,813,0.97090732,0.02860468,1.01795413
circles,cnn,4096,814,0.97831876,0.04176903,1.01527218
circles,cnn,4096,815,0.96862778,0.01939104,0.98095986
circles,cnn,4096,816,0.97028028,0.03282337,0.98791274
circles,cnn,4096,817,0.97371403,0.00832922,0.99840754
circles,cnn,4096,818,0.97354371,0.00818371,1.01131799
circles,cnn,4096,819,0.97579741,0.00600823,1.0172292
circles,cnn,4096,820,0.977643,0.03722357,0.99542836
circles,cnn,4096,821,0.97762066,0.06661867,0.98809421
circles,cnn,4096,822,0.97352188,0.01658861,1.02276752
circles,cnn,4096,823,0.95839226,0.07536753,0.97949068
circles,cnn,4096,824,0.97385219,0.07687587,1.01088478
circles,cnn,4096,825,0.96865513,0.06530945,1.00141664
circles,cnn,4096,826,0.9747139,0.05816512,0.99263361
circles,cnn,4096,827,0.96428857,0.06363138,1.0329062
circles,cnn,4096,828,0.97207905,0.04005984,0.99294247
circles,cnn,4096,829,0.97121136,0.03567375,1.01205073
circles,cnn,4096,830,0.96981526,0.04315862,0.99480026
circles,cnn,4096,831,0.98072549,0.02232454,1.0051725
circles,cnn,4096,832,0.97626154,0.0252701,0.9850205
circles,cnn,4096,833,0.97211668,0.00939295,0.97406298
circles,cnn,4096,834,0.96825374,0.01077874,1.01755579
circles,cnn,4096,835,0.97144861,0.04073928,0.96869596
circles,cnn,4096,836,0.97345555,0.05462269,0.99339778
circles,cnn,4096,837,0.97416655,0.03625141,1.00491787
circles,cnn,4096,838,0.97348526,0.00886465,0.97487287
circles,cnn,4096,839,0.97287533,0.06309868,0.98161228
circles,cnn,4096,840,0.96404913,0.00745161,1.00278139
circles,cnn,4096,841,0.97569673,0.0981226,0.98070723
circles,cnn,4096,842,0.9726509,0.0805855,0.98795598
circles,cnn,4096,843,0.97022898,0.0387402,1.01340737
circles,cnn,4096,844,0.97139721,0.03609722,1.01056162
circles,cnn,4096,845,0.97166776,0.0305955,0.98213127
circles,cnn,4096,846,0.97533889,0.10137682,1.02452467
circles,cnn,4096,847,0.97244059,0.02954266,0.98292007
circles,cnn,4096,848,0.9743519,0.05151601,1.00105268
circles,cnn,4096,849,0.96561908,0.01275608,1.01158173
circles,cnn,4096,850,0.98150889,0.01695619,0.99211245
circles,cnn,4096,851,0.97054421,0.01698305,1.0080271
circles,cnn,4096,852,0.9725024,0.04380511,1.01519518
circles,cnn,4096,853,0.97672338,0.0420975,0.98946197
circles,cnn,4096,854,0.96716282,0.02169925,0.98553108
circles,cnn,4096,855,0.96808301,0.01380766,0.99074138
circles,cnn,4096,856,0.97464996,0.05483644,1.01534624
circles,cnn,4096,857,0.97130472,0.06922122,0.9871513
circles,cnn,4096,858,0.97444435,0.07498798,0.97369886
circles,cnn,4096,859,0.96621933,0.05193154,0.99685854
circles,cnn,4096,860,0.977348,0.12452039,0.98715115
circles,cnn,4096,861,0.97397198,0.06946385,0.99345485
circles,cnn,4096,862,0.96894598,0.06597382,0.98709864
circles,cnn,4096,863,0.97147971,0.11106227,1.00206351
circles,cnn,4096,864,0.97201431,0.00592104,1.02084963
circles,cnn,4096,865,0.97298456,0.05586272,0.98920997
circles,cnn,4096,866,0.97452089,0.0561252,0.98417273
circles,cnn,4096,867,0.97404739,0.01828159,1.00557139
circles,cnn,4096,868,0.97066859,0.00463909,1.00944373
circles,cnn,4096,869,0.97407132,0.03758612,1.01606846
circles,cnn,4096,870,0.96907332,0.02343685,1.01508481
circles,cnn,4096,871,0.97384854,0.05933622,0.98950426
circles,cnn,4096,872,0.97049301,0.01193369,1.00388803
circles,cnn,4096,873,0.97356016,0.07314966,1.04941236
circles,cnn,4096,874,0.97107554,0.01682995,0.99988405
circles,cnn,4096,875,0.971514,0.13509184,1.01115248
circles,cnn,4096,876,0.99528971,0.02133213,1.00467951
circles,cnn,4096,877,0.97134014,0.01947855,0.99938806
circles,cnn,4096,878,0.97252459,0.02124539,0.96853184
circles,cnn,4096,879,0.97482952,0.07417699,1.01594899
circles,cnn,4096,880,0.97722458,0.04765244,1.00057723
circles,cnn,4096,881,0.96684039,0.1190265,1.00170599
circles,cnn,4096,882,0.96082985,0.03881656,1.00353266
circles,cnn,4096,883,0.9778422,0.07863356,0.99624214
circles,cnn,4096,884,0.97450638,0.05890922,0.99619017
circles,cnn,4096,885,0.97685084,0.11431482,1.01311155
circles,cnn,4096,886,0.97929437,0.07263842,0.94530406
circles,cnn,4096,887,0.97046507,0.09397691,0.96067242
circles,cnn,4096,888,0.97811269,0.02029314,0.98319626
circles,cnn,4096,889,0.98146698,0.01744863,1.02276913
circles,cnn,4096,890,0.98300335,0.05174459,0.99512654
circles,cnn,4096,891,0.98335188,0.0152113,0.98756867
circles,cnn,4096,892,0.97242841,0.04980549,0.99859313
circles,cnn,4096,893,0.96513451,0.01088398,1.00564349
circles,cnn,4096,894,0.9673943,0.05318246,0.99660845
circles,cnn,4096,895,0.97460867,0.00690397,1.01937125
circles,cnn,4096,896,0.96814001,0.04319672,0.99864226
circles,cnn,4096,897,0.96823057,0.01495199,1.02846153
circles,cnn,4096,898,0.97806055,0.00139464,1.00071361
circles,cnn,4096,899,0.97122433,0.05079656,1.02698489
circles,cnn,4096,900,0.97412462,0.01189529,1.00112551
circles,cnn,4096,901,0.97445276,0.00857339,1.01239404
circles,cnn,4096,902,0.96335614,0.03213349,0.994139
circles,cnn,4096,903,0.98097357,0.01873143,0.95631828
circles,cnn,4096,904,0.97693871,0.07291269,0.98656907
circles,cnn,4096,905,0.97473368,0.0385553,0.98542056
circles,cnn,4096,906,0.97581119,0.04115101,0.99916369
circles,cnn,4096,907,0.96086705,0.07619957,1.00224188
circles,cnn,4096,908,0.97903026,0.00325037,0.98907611
circles,cnn,4096,909,0.97525442,0.05526999,0.99913955
circles,cnn,4096,910,0.96736108,0.03402928,1.02477648
circles,cnn,4096,911,0.96866532,0.07436406,0.9925749
circles,cnn,4096,912,0.97586898,0.00452169,1.01046496
circles,cnn,4096,913,0.9698725,0.02952779,0.99774605
circles,cnn,4096,914,0.97339785,0.06479638,0.99245066
circles,cnn,4096,915,0.96772124,0.05896264,0.98080894
circles,cnn,4096,916,0.96929762,0.11806477,0.99314861
circles,cnn,4096,917,0.97254026,0.048952,0.99988427
circles,cnn,4096,918,0.9702673,0.00351886,1.01383351
circles,cnn,4096,919,0.97041795,0.01714384,1.00198143
circles,cnn,4096,920,0.97639202,0.0485686,0.98409367
circles,cnn,4096,921,0.97620798,0.0359977,0.99884664
circles,cnn,4096,922,0.97834603,0.01507214,1.00240812
circles,cnn,4096,923,0.97652065,0.08220522,1.00235288
circles,cnn,4096,924,0.98060399,0.02912988,1.01777802
circles,cnn,4096,925,0.97321226,0.00655566,1.0000936
circles,cnn,4096,926,0.97751308,0.07132646,1.01094894
circles,cnn,4096,927,0.96918775,0.02825779,0.97722604
circles,cnn,4096,928,0.96870146,0.13657313,0.98969732
circles,cnn,4096,929,0.97552285,0.06747828,1.02117751
circles,cnn,4096,930,0.97152306,0.03766145,1.00490031
circles,cnn,4096,931,0.96529547,0.00288712,1.02046211
circles,cnn,4096,932,0.97623176,0.0101762,0.99492317
circles,cnn,4096,933,0.96380391,0.0073185,1.0173862
circles,cnn,4096,934,0.98343979,0.02945163,1.01047944
circles,cnn,4096,935,0.97394291,0.08557328,1.01283053
circles,cnn,4096,936,0.96194553,0.02717577,0.98011718
circles,cnn,4096,937,0.9809538,0.02129141,1.00205442
circles,cnn,4096,938,0.96425811,0.01962259,1.01563049
circles,cnn,4096,939,0.96701686,0.03856392,1.00268358
circles,cnn,4096,940,0.97612529,0.02587299,1.0280972
circles,cnn,4096,941,0.97469655,0.04351284,1.00151437
circles,cnn,4096,942,0.97901495,0.07797063,0.99309622
circles,cnn,4096,943,0.9784317,0.00219695,1.00348009
circles,cnn,4096,944,0.97678654,0.03313221,1.0295045
circles,cnn,4096,945,0.96588423,0.01461572,1.00906196
circles,cnn,4096,946,0.97398762,0.06517461,0.99699572
circles,cnn,4096,947,0.97379738,0.05474042,1.00481979
circles,cnn,4096,948,0.96336668,0.08447562,1.00493259
circles,cnn,4096,949,0.97145477,0.07302998,1.00380249
circles,cnn,4096,950,0.97153387,0.00531959,1.0245765
circles,cnn,4096,951,0.97481099,0.0737534,0.99185134
circles,cnn,4096,952,0.96609647,0.02737242,1.0015095
circles,cnn,4096,953,0.97002776,0.0901444,0.99994159
circles,cnn,4096,954,0.97135199,0.02277477,0.97677569
circles,cnn,4096,955,0.97689532,0.0164766,0.99474526
circles,cnn,4096,956,0.97507948,0.02222945,0.99109143
circles,cnn,4096,957,0.97617027,0.00900226,0.97616331
circles,cnn,4096,958,0.97588367,0.00384502,0.97714742
circles,cnn,4096,959,0.98241097,0.03229409,1.01603121
circles,cnn,4096,960,0.96596674,0.03418293,0.99931308
circles,cnn,4096,961,0.97065607,0.02357165,1.02502419
circles,cnn,4096,962,0.96344577,0.09543589,1.0204387
circles,cnn,4096,963,0.96144703,0.02896125,1.01932665
circles,cnn,4096,964,0.9671321,0.06197876,1.0034285
circles,cnn,4096,965,0.98856139,0.03333281,0.98199547
circles,cnn,4096,966,0.99021834,0.01403552,0.99229584
circles,cnn,4096,967,0.97777347,0.0160881,0.99427264
circles,cnn,4096,968,0.96688318,0.02965641,1.00893784
circles,cnn,4096,969,0.97724867,0.01692911,1.00170221
circles,cnn,4096,970,0.97734131,0.07048584,0.99086164
circles,cnn,4096,971,0.9689253,0.01878396,1.01131184
circles,cnn,4096,972,0.97771487,0.01990952,0.98234221
circles,cnn,4096,973,0.98347484,0.04514923,0.99016476
circles,cnn,4096,974,0.96599118,0.03967477,1.00954922
circles,cnn,4096,975,0.97080156,0.02940118,1.01200842
circles,cnn,4096,976,0.98183366,0.0179715,1.00847703
circles,cnn,4096,977,0.97084208,0.0475664,1.00790276
circles,cnn,4096,978,0.98357495,0.01424656,1.01561747
circles,cnn,4096,979,0.96705614,0.06094467,1.03697373
circles,cnn,4096,980,0.97042426,0.03035176,0.9933184
circles,cnn,4096,981,0.97635267,0.08357669,1.00440943
circles,cnn,4096,982,0.9773389,0.00605558,0.98786224
circles,cnn,4096,983,0.97674779,0.05630424,0.9763749
circles,cnn,4096,984,0.98508473,0.06776474,1.03183409
circles,cnn,4096,985,0.98217041,0.04387635,1.00450582
circles,cnn,4096,986,0.96493358,0.02437222,1.00707126
circles,cnn,4096,987,0.97111772,0.03584623,0.97763825
circles,cnn,4096,988,0.97630396,0.03523164,1.00930445
circles,cnn,4096,989,0.97109708,0.04935151,0.99547517
circles,cnn,4096,990,0.97259654,0.06055023,0.9911205
circles,cnn,4096,991,0.97170037,0.06106564,0.97223218
circles,cnn,4096,992,0.98205604,0.07025832,0.98730955
circles,cnn,4096,993,0.96592476,0.02545011,1.02002241
circles,cnn,4096,994,0.97745936,0.04817336,0.9769895
circles,cnn,4096,995,0.97484474,0.00187206,0.99879514
circles,cnn,4096,996,0.96803299,0.01933491,1.02109306
circles,cnn,4096,997,0.96873002,0.03689939,1.00111494
circles,cnn,4096,998,0.96586326,0.00765401,1.00495907
circles,cnn,4096,999,0.96344129,0.00892102,1.01550393
circles,cnn,8192,0,0.97381228,0.04317611,0.97921802
circles,cnn,8192,1,0.97336002,0.07718388,1.00944074
circles,cnn,8192,2,0.96923756,0.07896734,0.99488705
circles,cnn,8192,3,0.9746271,0.02834854,1.00529948
circles,cnn,8192,4,0.97673796,0.02727709,1.01143054
circles,cnn,8192,5,0.97827071,0.03860375,1.01722741
circles,cnn,8192,6,0.9718964,0.02498319,1.00562422
circles,cnn,8192,7,0.96473804,0.04210005,0.99874345
circles,cnn,8192,8,0.9703101,0.02994033,0.99695324
circles,cnn,8192,9,0.97275154,0.05340172,0.98768136
circles,cnn,8192,10,0.97838286,0.0206174,0.99247865
circles,cnn,8192,11,0.97598898,0.01955932,1.01318928
circles,cnn,8192,12,0.97794919,0.00736247,1.00929306
circles,cnn,8192,13,0.9764594,0.04404689,0.97928117
circles,cnn,8192,14,0.98630972,0.05126802,0.99425684
circles,cnn,8192,15,0.9664119,0.03475278,1.01827987
circles,cnn,8192,16,0.97258148,0.00337475,1.01353618
circles,cnn,8192,17,0.97152805,0.03398734,1.00788131
circles,cnn,8192,18,0.9836181,0.11141787,0.97526997
circles,cnn,8192,19,0.9608064,0.0320554,0.99104935
circles,cnn,8192,20,0.98393328,0.02434235,1.00880555
circles,cnn,8192,21,0.97557833,0.02974629,0.99639795
circles,cnn,8192,22,0.97522407,0.02108188,0.97077174
circles,cnn,8192,23,0.97898969,0.02132811,1.00644068
circles,cnn,8192,24,0.96669971,0.03260237,1.00790976
circles,cnn,8192,25,0.96769927,0.00252488,0.97779959
circles,cnn,8192,26,0.96538996,0.03000132,0.98329556
circles,cnn,8192,27,0.97866236,0.09878383,0.99571878
circles,cnn,8192,28,0.97690292,0.059745,1.00675532
circles,cnn,8192,29,0.97913028,0.01064938,0.99843557
circles,cnn,8192,30,0.97166923,0.00032039,0.98633113
circles,cnn,8192,31,0.9740021,0.08351708,0.96481367
circles,cnn,8192,32,0.96120233,0.09790277,0.99583111
circles,cnn,8192,33,0.97500013,0.08150536,0.99328797
circles,cnn,8192,34,0.97757142,0.06551564,0.99356784
circles,cnn,8192,35,0.97652893,0.00439388,0.99044688
circles,cnn,8192,36,0.98555172,0.08748644,0.99867337
circles,cnn,8192,37,0.96878935,0.04096703,0.98115487
circles,cnn,8192,38,0.97338184,0.04064388,1.00432867
circles,cnn,8192,39,0.97588671,0.02468501,0.96931405
circles,cnn,8192,40,0.97548333,0.01173625,1.00360021
circles,cnn,8192,41,0.96751737,0.01561504,0.99813344
circles,cnn,8192,42,0.97164211,0.01304431,1.02062852
circles,cnn,8192,43,0.97028337,0.03307216,1.00946294
circles,cnn,8192,44,0.98166273,0.04758716,0.982372
circles,cnn,8192,45,0.96924994,0.04495442,1.01119418
circles,cnn,8192,46,0.96586535,0.05002392,1.01680268
circles,cnn,8192,47,0.97954221,0.02693356,0.99396386
circles,cnn,8192,48,0.95873555,0.00914733,0.98051916
circles,cnn,8192,49,0.98014776,0.02196399,0.99682082
circles,cnn,8192,50,0.96755953,0.05082891,0.98072526
circles,cnn,8192,51,0.97723401,0.10959069,0.99361423
circles,cnn,8192,52,0.97264723,0.03707074,1.01377621
circles,cnn,8192,53,0.97000429,0.03882173,0.99048661
circles,cnn,8192,54,0.98337655,0.05427515,1.02919653
circles,cnn,8192,55,0.97166601,0.01265385,0.99732236
circles,cnn,8192,56,0.96820899,0.03799679,0.99982804
circles,cnn,8192,57,0.9638513,0.01649839,0.99682073
circles,cnn,8192,58,0.97890612,0.09273884,1.00231258
circles,cnn,8192,59,0.95667319,0.10338124,0.99920163
circles,cnn,8192,60,0.96824767,0.05915988,1.00234935
circles,cnn,8192,61,0.9672614,0.03261574,0.99557012
circles,cnn,8192,62,0.96286253,0.05399957,0.98778644
circles,cnn,8192,63,0.97298964,0.06751962,0.99250357
circles,cnn,8192,64,0.97562843,0.05697926,0.99131614
circles,cnn,8192,65,0.97448421,0.10304121,1.0094963
circles,cnn,8192,66,0.9787547,0.01591446,0.97535079
circles,cnn,8192,67,0.96844125,0.04982606,0.97024002
circles,cnn,8192,68,0.96300984,0.05734367,1.00027215
circles,cnn,8192,69,0.97222531,0.08899214,0.99181203
circles,cnn,8192,70,0.97135243,0.05074846,0.9976908
circles,cnn,8192,71,0.97006148,0.03066361,1.01710497
circles,cnn,8192,72,0.9662163,0.01605336,0.98183649
circles,cnn,8192,73,0.97336392,0.03641689,1.00296921
circles,cnn,8192,74,0.97805838,0.06247939,1.02118914
circles,cnn,8192,75,0.98198451,0.03772527,0.99555571
circles,cnn,8192,76,0.97291369,0.05985335,1.002174
circles,cnn,8192,77,0.9641686,0.01058131,0.98139964
circles,cnn,8192,78,0.98382341,0.0470706,0.97862666
circles,cnn,8192,79,0.97196513,0.04928744,0.99849469
circles,cnn,8192,80,0.97205386,0.00703512,1.000063
circles,cnn,8192,81,0.982624,0.0631668,1.02770861
circles,cnn,8192,82,0.97310205,0.01847205,1.00090654
circles,cnn,8192,83,0.97623878,0.05081745,1.0000754
circles,cnn,8192,84,0.97141615,0.04135971,1.00693492
circles,cnn,8192,85,0.97142662,0.028384,1.00908197
circles,cnn,8192,86,0.97541808,0.03377019,1.01493543
circles,cnn,8192,87,0.97531477,0.06423116,1.03000712
circles,cnn,8192,88,0.97688483,0.06372623,0.9784044
circles,cnn,8192,89,0.97650063,0.07556685,0.98323234
circles,cnn,8192,90,0.96590573,0.09440539,0.99166618
circles,cnn,8192,91,0.96993463,0.01971287,1.01885489
circles,cnn,8192,92,0.9809474,0.06861404,0.99937278
circles,cnn,8192,93,0.97519806,0.12044627,1.0208564
circles,cnn,8192,94,0.97011673,0.03073544,1.00972874
circles,cnn,8192,95,0.96771681,0.0172237,0.97677757
circles,cnn,8192,96,0.97321224,0.02695685,0.96609115
circles,cnn,8192,97,0.96857523,0.02469004,0.99364807
circles,cnn,8192,98,0.978769,0.04353816,0.98450773
circles,cnn,8192,99,0.97730442,0.07410966,1.03621065
circles,cnn,8192,100,0.95994556,0.01699929,0.97463251
circles,cnn,8192,101,0.97311171,0.07705201,1.01046456
circles,cnn,8192,102,0.97700266,0.01913306,0.99401752
circles,cnn,8192,103,0.97399312,0.03978053,1.02435769
circles,cnn,8192,104,0.97997587,0.06342748,1.00809379
circles,cnn,8192,105,0.97674328,0.02626356,1.01122811
circles,cnn,8192,106,0.98076164,0.03884791,1.01773215
circles,cnn,8192,107,0.96479707,0.02137259,0.98993776
circles,cnn,8192,108,0.97323928,0.09351013,0.99334865
circles,cnn,8192,109,0.96429949,0.00339293,1.01582725
circles,cnn,8192,110,0.97747972,0.0140268,1.00891486
circles,cnn,8192,111,0.9708997,0.03434693,1.01761026
circles,cnn,8192,112,0.96215628,0.01236166,1.00119793
circles,cnn,8192,113,0.97625945,0.05976826,0.96760831
circles,cnn,8192,114,0.9746616,0.01114562,0.9962284
circles,cnn,8192,115,0.98032471,0.03056006,0.99034156
circles,cnn,8192,116,0.97160371,0.00153814,1.00098412
circles,cnn,8192,117,0.97190884,0.09822697,1.00912211
circles,cnn,8192,118,0.97239067,0.03538313,1.00284382
circles,cnn,8192,119,0.96780289,0.00767685,0.98801924
circles,cnn,8192,120,0.97186634,0.06318377,1.02722491
circles,cnn,8192,121,0.97279138,0.04853757,1.00373349
circles,cnn,8192,122,0.97049105,0.02584184,0.98989509
circles,cnn,8192,123,0.98658783,1.79e-06,1.02367851
circles,cnn,8192,124,0.97259377,0.01028418,1.00619228
circles,cnn,8192,125,0.96319092,0.05150115,0.9829158
circles,cnn,8192,126,0.97173456,0.07080095,0.97164304
circles,cnn,8192,127,0.9775709,0.04791878,1.0184203
circles,cnn,8192,128,0.97761622,0.02737991,1.01175002
circles,cnn,8192,129,0.97070775,0.06916138,1.02367528
circles,cnn,8192,130,0.97641421,0.08287253,1.0077361
circles,cnn,8192,131,0.97522525,0.05645139,0.9894192
circles,cnn,8192,132,0.96450975,0.03479478,0.99053149
circles,cnn,8192,133,0.9709205,0.01550578,1.04220557
circles,cnn,8192,134,0.97037133,0.03096575,1.0311257
circles,cnn,8192,135,0.97348361,0.02818866,0.98796028
circles,cnn,8192,136,0.98830341,0.01574457,1.00498717
circles,cnn,8192,137,0.96689532,0.09888039,0.97875463
circles,cnn,8192,138,0.98594936,0.09470087,0.9766766
circles,cnn,8192,139,0.98065956,0.00734947,1.00395449
circles,cnn,8192,140,0.98757874,0.03251429,0.99527459
circles,cnn,8192,141,0.9771153,0.00402205,0.99216488
circles,cnn,8192,142,0.97459334,0.02245221,1.00973952
circles,cnn,8192,143,0.97779794,0.03079974,0.98583626
circles,cnn,8192,144,0.97999076,0.10487539,1.03006592
circles,cnn,8192,145,0.97334113,0.10369974,1.0115579
circles,cnn,8192,146,0.97573626,0.08302814,0.97908962
circles,cnn,8192,147,0.97637007,0.01964612,1.02887319
circles,cnn,8192,148,0.97158378,0.03095862,0.99776083
circles,cnn,8192,149,0.9701663,0.00140111,0.99055084
circles,cnn,8192,150,0.97649572,0.1109864,0.99663226
circles,cnn,8192,151,0.97162698,0.10079592,0.98518037
circles,cnn,8192,152,0.96683164,0.04645378,1.00075284
circles,cnn,8192,153,0.97244187,0.07917727,1.00757574
circles,cnn,8192,154,0.96675381,0.09135702,0.98065434
circles,cnn,8192,155,0.98120346,0.01862864,0.99181432
circles,cnn,8192,156,0.97738074,0.04033177,1.02758504
circles,cnn,8192,157,0.9828526,0.01181923,1.02158305
circles,cnn,8192,158,0.97762274,0.04818547,1.00937537
circles,cnn,8192,159,0.97164423,2.013e-05,0.97381644
circles,cnn,8192,160,0.97805743,0.02102229,1.01098649
circles,cnn,8192,161,0.96971476,0.03850841,0.99407417
circles,cnn,8192,162,0.97146929,0.00600819,0.99663178
circles,cnn,8192,163,0.97172826,0.00862839,1.00603769
circles,cnn,8192,164,0.97721243,0.01099245,1.02587624
circles,cnn,8192,165,0.96236154,0.11428161,0.9939291
circles,cnn,8192,166,0.96705633,0.09332341,1.0372714
circles,cnn,8192,167,0.96213572,0.04909589,0.99856455
circles,cnn,8192,168,0.97671646,0.06731721,0.98786406
circles,cnn,8192,169,0.98085561,0.01092699,0.98180424
circles,cnn,8192,170,0.97472106,0.05366875,0.99948929
circles,cnn,8192,171,0.96935951,0.03716933,1.01080228
circles,cnn,8192,172,0.97549442,0.03475294,0.99781809
circles,cnn,8192,173,0.96728694,0.03562414,1.0080501
circles,cnn,8192,174,0.96275631,0.02882038,0.9768441
circles,cnn,8192,175,0.97227058,0.002619,1.00443231
circles,cnn,8192,176,0.9835968,0.00334442,0.99479542
circles,cnn,8192,177,0.96480725,0.02450093,1.01494134
circles,cnn,8192,178,0.97315579,0.08323071,0.99431433
circles,cnn,8192,179,0.96944333,0.05583344,1.01756862
circles,cnn,8192,180,0.96992818,0.00255786,1.01295036
circles,cnn,8192,181,0.96768731,0.04255563,1.00109114
circles,cnn,8192,182,0.97170494,0.06875592,0.98254363
circles,cnn,8192,183,0.97151745,0.042375,1.01446885
circles,cnn,8192,184,0.96759156,0.02951171,0.99383274
circles,cnn,8192,185,0.97496799,0.09836537,1.01359353
circles,cnn,8192,186,0.96580956,0.06463437,0.9959625
circles,cnn,8192,187,0.97139369,0.01220476,1.01259682
circles,cnn,8192,188,0.97175605,0.0206817,0.95256872
circles,cnn,8192,189,0.98510321,0.06335946,1.00336885
circles,cnn,8192,190,0.97422118,0.0333179,0.99711455
circles,cnn,8192,191,0.98996682,0.00854746,1.01425315
circles,cnn,8192,192,0.97732936,0.09086528,1.00061117
circles,cnn,8192,193,0.97491996,0.06923562,1.02639928
circles,cnn,8192,194,0.96775667,0.03754463,0.99655952
circles,cnn,8192,195,0.9777598,0.06564496,0.9810164
circles,cnn,8192,196,0.96827569,0.02052895,1.01401767
circles,cnn,8192,197,0.97388702,0.07657401,0.99981525
circles,cnn,8192,198,0.98109327,0.03303798,1.01107727
circles,cnn,8192,199,0.97375318,0.01971436,1.00385275
circles,cnn,8192,200,0.96849498,0.0153098,0.98889901
circles,cnn,8192,201,0.95886971,0.05810166,0.97980825
circles,cnn,8192,202,0.96889494,0.05604777,0.99643279
circles,cnn,8192,203,0.97137368,0.04792712,0.991877
circles,cnn,8192,204,0.98204454,0.01064199,1.00090308
circles,cnn,8192,205,0.97128396,0.01431181,1.00871834
circles,cnn,8192,206,0.97947121,0.04153427,0.99366363
circles,cnn,8192,207,0.97457605,0.05831832,0.98496698
circles,cnn,8192,208,0.97698718,0.08234932,0.99687448
circles,cnn,8192,209,0.97054449,0.02028819,0.97817688
circles,cnn,8192,210,0.96508039,0.02370956,0.99307643
circles,cnn,8192,211,0.96478086,0.02316417,0.97399033
circles,cnn,8192,212,0.97183833,0.01819916,0.99148794
circles,cnn,8192,213,0.979592,0.02321474,1.01824568
circles,cnn,8192,214,0.96882327,0.03690948,1.00175252
circles,cnn,8192,215,0.98306415,0.00343332,0.97459824
circles,cnn,8192,216,0.96532497,0.02574927,1.00535285
circles,cnn,8192,217,0.96496042,0.05743809,1.00838478
circles,cnn,8192,218,0.9799211,0.04590714,0.99769631
circles,cnn,8192,219,0.97139629,0.02430448,0.99183612
circles,cnn,8192,220,0.97154187,0.00768855,1.01789217
circles,cnn,8192,221,0.97000137,0.02332531,1.01447469
circles,cnn,8192,222,0.97087899,0.05832668,0.96926546
circles,cnn,8192,223,0.97775962,0.02309381,0.99169782
circles,cnn,8192,224,0.96959156,0.04038838,0.9776148
circles,cnn,8192,225,0.96867307,0.00959854,0.99904688
circles,cnn,8192,226,0.96468693,0.06473519,0.99420074
circles,cnn,8192,227,0.98189165,0.03582183,0.9890285
circles,cnn,8192,228,0.96743163,0.05455338,1.00377362
circles,cnn,8192,229,0.97485821,0.07267276,1.0100923
circles,cnn,8192,230,0.98956246,0.03164639,0.98405861
circles,cnn,8192,231,0.97131193,0.01331477,0.9843328
circles,cnn,8192,232,0.96577,0.00431108,1.04169584
circles,cnn,8192,233,0.97691778,0.01264104,0.99978494
circles,cnn,8192,234,0.9693288,0.03917645,1.01526043
circles,cnn,8192,235,0.97040204,0.01405762,1.00716278
circles,cnn,8192,236,0.96166152,0.03198431,1.02044635
circles,cnn,8192,237,0.97675172,0.05425272,0.98386927
circles,cnn,8192,238,0.96705219,0.01247538,0.98206074
circles,cnn,8192,239,0.96452323,0.05107367,0.98549404
circles,cnn,8192,240,0.96094776,0.0114539,0.98758206
circles,cnn,8192,241,0.96358575,0.00687118,0.98953019
circles,cnn,8192,242,0.97175659,0.00854989,1.00308623
circles,cnn,8192,243,0.98510481,0.00397352,1.02138594
circles,cnn,8192,244,0.97241707,0.03957788,1.01776628
circles,cnn,8192,245,0.97815414,0.05167619,1.02540929
circles,cnn,8192,246,0.97659714,0.05171008,0.9904021
circles,cnn,8192,247,0.97937464,0.0221754,0.98183914
circles,cnn,8192,248,0.96955645,0.04883549,1.00513417
circles,cnn,8192,249,0.98531027,0.00538547,0.99204401
circles,cnn,8192,250,0.96753301,0.05107854,1.00892592
circles,cnn,8192,251,0.97196815,0.00230333,0.99229929
circles,cnn,8192,252,0.97578657,0.05488332,1.0054591
circles,cnn,8192,253,0.97201507,0.03053382,0.995641
circles,cnn,8192,254,0.97517797,0.02273093,0.98218332
circles,cnn,8192,255,0.96068624,0.03985102,1.01013423
circles,cnn,8192,256,0.97336839,0.00288213,1.0163052
circles,cnn,8192,257,0.98409209,0.08642485,1.00078
circles,cnn,8192,258,0.96754934,0.03293744,0.95819981
circles,cnn,8192,259,0.96961752,0.005666,1.0133006
circles,cnn,8192,260,0.97647958,0.00024633,0.98436145
circles,cnn,8192,261,0.98448595,0.01532365,0.99841688
circles,cnn,8192,262,0.95722503,0.07002916,0.98892769
circles,cnn,8192,263,0.97703777,0.02773551,0.96881218
circles,cnn,8192,264,0.98241721,0.0373417,1.00331737
circles,cnn,8192,265,0.97723497,0.01159937,0.97241722
circles,cnn,8192,266,0.97712068,0.02861793,1.01750622
circles,cnn,8192,267,0.97134625,0.04850005,0.99835433
circles,cnn,8192,268,0.9825452,0.00704062,1.0192554
circles,cnn,8192,269,0.98100365,0.07561908,1.02956382
circles,cnn,8192,270,0.96248199,0.00046245,0.97380251
circles,cnn,8192,271,0.98347441,0.00224477,1.01862743
circles,cnn,8192,272,0.98587375,0.03106873,1.00697908
circles,cnn,8192,273,0.97939121,0.04490983,1.00596826
circles,cnn,8192,274,0.98220551,0.08195789,1.00369983
circles,cnn,8192,275,0.98147589,0.03677505,0.99761481
circles,cnn,8192,276,0.96879576,0.04338668,0.99050104
circles,cnn,8192,277,0.9752009,0.00054414,1.00231977
circles,cnn,8192,278,0.96808018,0.04403411,0.99268866
circles,cnn,8192,279,0.97037387,0.06672741,1.00327772
circles,cnn,8192,280,0.97987242,0.01742025,1.0029282
circles,cnn,8192,281,0.96006293,0.04003629,0.99254696
circles,cnn,8192,282,0.97005931,0.01863434,1.00110116
circles,cnn,8192,283,0.96420112,0.06083982,1.02516092
circles,cnn,8192,284,0.96704684,0.0537494,1.01011708
circles,cnn,8192,285,0.96633742,0.01967134,1.02286386
circles,cnn,8192,286,0.96663239,0.03816506,1.01408204
circles,cnn,8192,287,0.96746144,0.06199383,0.99960008
circles,cnn,8192,288,0.96528727,0.0985239,0.97601092
circles,cnn,8192,289,0.97809906,0.03273816,1.00088913
circles,cnn,8192,290,0.96100447,0.04703998,1.03701951
circles,cnn,8192,291,0.9753888,0.02951567,1.01035582
circles,cnn,8192,292,0.96705731,0.05110581,1.01189873
circles,cnn,8192,293,0.9822565,0.01997404,0.9903004
circles,cnn,8192,294,0.97364805,0.04216636,0.98383396
circles,cnn,8192,295,0.96524808,0.06559265,0.9886947
circles,cnn,8192,296,0.97304693,0.05861849,1.01294352
circles,cnn,8192,297,0.97099643,0.00281434,0.98793163
circles,cnn,8192,298,0.97943618,0.03197873,1.00125739
circles,cnn,8192,299,0.97801886,0.07538333,1.00226354
circles,cnn,8192,300,0.96381778,0.05364472,1.00798916
circles,cnn,8192,301,0.97391309,0.07725924,1.01331002
circles,cnn,8192,302,0.97393041,0.01311056,1.0215633
circles,cnn,8192,303,0.96666078,0.02057234,0.9996836
circles,cnn,8192,304,0.96473894,0.03850041,0.9964157
circles,cnn,8192,305,0.96900863,0.03571465,0.99452318
circles,cnn,8192,306,0.98144202,0.01504859,0.99091992
circles,cnn,8192,307,0.97487088,0.05209054,1.01851208
circles,cnn,8192,308,0.97505302,0.01429938,0.98477205
circles,cnn,8192,309,0.96414077,0.03587689,1.00367423
circles,cnn,8192,310,0.97240556,0.02772911,0.99411884
circles,cnn,8192,311,0.97424377,0.0023652,0.99102919
circles,cnn,8192,312,0.97582489,0.03194995,1.00079298
circles,cnn,8192,313,0.95885182,0.019107,1.00329611
circles,cnn,8192,314,0.97612037,0.00716638,1.00012121
circles,cnn,8192,315,0.96623205,0.0389388,1.01190743
circles,cnn,8192,316,0.96877987,0.04232983,0.98674132
circles,cnn,8192,317,0.97692157,0.04792815,1.01827907
circles,cnn,8192,318,0.97216006,0.07632297,0.99295814
circles,cnn,8192,319,0.9721659,0.05349482,0.98156972
circles,cnn,8192,320,0.97913419,0.02002523,0.99378813
circles,cnn,8192,321,0.97312281,0.01412941,1.0071246
circles,cnn,8192,322,0.97401157,0.0076067,1.03686683
circles,cnn,8192,323,0.9730741,0.03238855,0.98871547
circles,cnn,8192,324,0.96822171,0.03199662,0.99702567
circles,cnn,8192,325,0.96681607,0.02894106,0.98997244
circles,cnn,8192,326,0.97533392,0.03261743,0.9796171
circles,cnn,8192,327,0.97371479,0.09674979,1.00140151
circles,cnn,8192,328,0.97592022,0.01573127,0.98356155
circles,cnn,8192,329,0.97143591,0.03646673,1.03779118
circles,cnn,8192,330,0.96799398,0.08395425,1.00387772
circles,cnn,8192,331,0.96511367,0.03735744,0.97753249
circles,cnn,8192,332,0.9670703,0.02924185,1.03400043
circles,cnn,8192,333,0.95985973,0.02586337,0.99232173
circles,cnn,8192,334,0.95804161,0.04657725,1.02798259
circles,cnn,8192,335,0.98378672,0.00797928,0.99535263
circles,cnn,8192,336,0.97920725,0.10342682,0.994165
circles,cnn,8192,337,0.9732241,0.08316462,1.0132757
circles,cnn,8192,338,0.97244535,0.02044499,1.00949695
circles,cnn,8192,339,0.97159928,0.00071564,0.99689317
circles,cnn,8192,340,0.97654641,0.02586713,1.03914386
circles,cnn,8192,341,0.96655373,0.02451779,0.99770741
circles,cnn,8192,342,0.97907662,0.00309891,0.98954814
circles,cnn,8192,343,0.97693067,0.07384517,1.00693302
circles,cnn,8192,344,0.97157623,0.03207049,0.99912096
circles,cnn,8192,345,0.97388208,0.10205451,1.00012359
circles,cnn,8192,346,0.96780557,0.01291837,1.00336795
circles,cnn,8192,347,0.96513173,0.01893911,0.97795903
circles,cnn,8192,348,0.97031801,0.0039478,1.00611242
circles,cnn,8192,349,0.97749825,0.02519005,1.03012893
circles,cnn,8192,350,0.9671252,0.03452451,1.00703153
circles,cnn,8192,351,0.97056193,0.02679033,0.99535744
circles,cnn,8192,352,0.97809535,0.07271027,0.99254581
circles,cnn,8192,353,0.9754792,0.0073105,1.00746625
circles,cnn,8192,354,0.97112259,0.01984323,1.00135126
circles,cnn,8192,355,0.97254441,0.02830271,0.98476799
circles,cnn,8192,356,0.96448901,0.05207641,1.0114106
circles,cnn,8192,357,0.97941922,0.05428709,0.99759276
circles,cnn,8192,358,0.97474244,0.00376591,0.97661555
circles,cnn,8192,359,0.97872077,0.08152959,0.98182136
circles,cnn,8192,360,0.97265273,0.01915545,0.99103861
circles,cnn,8192,361,0.96991875,0.00391429,1.01621936
circles,cnn,8192,362,0.98361969,0.07867612,1.0048008
circles,cnn,8192,363,0.97824567,0.03150874,0.9934609
circles,cnn,8192,364,0.97697985,0.04354696,1.00232264
circles,cnn,8192,365,0.9773597,0.00759585,0.99626195
circles,cnn,8192,366,0.97218094,0.02853297,0.99516306
circles,cnn,8192,367,0.9678936,0.04518352,1.00720961
circles,cnn,8192,368,0.97110995,0.01310333,1.01127565
circles,cnn,8192,369,0.98042278,0.0697266,1.00073911
circles,cnn,8192,370,0.9771077,0.00448613,1.00194489
circles,cnn,8192,371,0.98503235,0.0676243,1.00976765
circles,cnn,8192,372,0.97409013,0.04420755,1.01681563
circles,cnn,8192,373,0.95844377,0.05822268,1.0130272
circles,cnn,8192,374,0.97326753,0.00879544,0.99774739
circles,cnn,8192,375,0.97434293,0.04432376,1.00916741
circles,cnn,8192,376,0.97108415,0.02580822,0.99633818
circles,cnn,8192,377,0.96739875,0.05357975,0.99648319
circles,cnn,8192,378,0.96689514,0.03511683,0.99733314
circles,cnn,8192,379,0.97288938,0.06775477,1.00586591
circles,cnn,8192,380,0.97516046,0.01890117,0.99916452
circles,cnn,8192,381,0.96134859,0.04378787,0.99603082
circles,cnn,8192,382,0.97945463,0.06985441,0.99671978
circles,cnn,8192,383,0.96269419,0.12313305,1.01462013
circles,cnn,8192,384,0.96181566,0.0852032,1.00721677
circles,cnn,8192,385,0.97391646,0.01023145,0.99285536
circles,cnn,8192,386,0.96620775,0.00166556,0.97825859
circles,cnn,8192,387,0.97317051,0.03781588,1.01408649
circles,cnn,8192,388,0.96408993,0.02065497,1.0040288
circles,cnn,8192,389,0.9760997,0.07074578,0.98629198
circles,cnn,8192,390,0.9725176,0.11086096,1.00551953
circles,cnn,8192,391,0.97018734,0.00510454,0.99791948
circles,cnn,8192,392,0.96322736,0.02909818,0.99226699
circles,cnn,8192,393,0.9764088,0.03494444,1.01714556
circles,cnn,8192,394,0.97318413,0.0107724,1.02948517
circles,cnn,8192,395,0.96062503,0.02540397,1.00003616
circles,cnn,8192,396,0.98012897,0.01398009,0.97431088
circles,cnn,8192,397,0.98169095,0.13928645,0.97903394
circles,cnn,8192,398,0.98423635,0.02020208,0.9703158
circles,cnn,8192,399,0.97755672,0.03885069,0.99517259
circles,cnn,8192,400,0.97118326,0.0298215,1.0279441
circles,cnn,8192,401,0.97872563,0.0338317,0.96693904
circles,cnn,8192,402,0.96524617,0.05527282,1.00865299
circles,cnn,8192,403,0.97105307,0.08327954,1.03213332
circles,cnn,8192,404,0.96611982,0.01792478,0.98726023
circles,cnn,8192,405,0.97014426,0.037824,0.99044814
circles,cnn,8192,406,0.97934993,0.02488392,1.01107088
circles,cnn,8192,407,0.96681717,0.00191007,1.01402365
circles,cnn,8192,408,0.96587626,0.06888339,0.99482859
circles,cnn,8192,409,0.95938775,0.08366371,0.99226319
circles,cnn,8192,410,0.97284677,0.04796994,1.00524862
circles,cnn,8192,411,0.97235341,0.00968431,0.98726113
circles,cnn,8192,412,0.97223135,0.07671827,0.97540429
circles,cnn,8192,413,0.97045812,0.00577141,1.01589355
circles,cnn,8192,414,0.98322786,0.03161756,0.99953018
circles,cnn,8192,415,0.96987525,0.10271786,0.98113696
circles,cnn,8192,416,0.98066156,0.00163138,0.98473399
circles,cnn,8192,417,0.9613127,0.05311296,1.01427795
circles,cnn,8192,418,0.96940287,0.05978845,1.00761452
circles,cnn,8192,419,0.97064663,0.01389798,1.01215193
circles,cnn,8192,420,0.96758864,0.02098957,0.99773725
circles,cnn,8192,421,0.96774077,0.02949179,0.99417571
circles,cnn,8192,422,0.96794044,0.03564335,1.02567159
circles,cnn,8192,423,0.97460646,0.05414743,1.00119625
circles,cnn,8192,424,0.96559228,0.08002823,1.02611934
circles,cnn,8192,425,0.9773732,0.02806085,0.9994402
circles,cnn,8192,426,0.97775374,0.02369455,0.99593208
circles,cnn,8192,427,0.98511126,0.0515515,1.01570204
circles,cnn,8192,428,0.97405635,0.02329783,1.00364156
circles,cnn,8192,429,0.96431525,0.04800122,0.98970855
circles,cnn,8192,430,0.97139363,0.08939126,0.98966619
circles,cnn,8192,431,0.97872458,0.03038867,1.03998583
circles,cnn,8192,432,0.97384068,0.0821753,0.99743516
circles,cnn,8192,433,0.96798532,0.00612724,0.98688131
circles,cnn,8192,434,0.98037987,0.02153657,1.01429659
circles,cnn,8192,435,0.97123381,0.04867061,0.98802123
circles,cnn,8192,436,0.97255253,0.01436358,1.00701897
circles,cnn,8192,437,0.97024926,0.06222145,0.98383414
circles,cnn,8192,438,0.97468145,0.04162071,0.99545912
circles,cnn,8192,439,0.97845416,0.01552793,1.03066947
circles,cnn,8192,440,0.96871645,0.03895377,0.97654132
circles,cnn,8192,441,0.97716864,0.11387749,1.0049178
circles,cnn,8192,442,0.97363616,0.02345504,1.01675631
circles,cnn,8192,443,0.96866957,0.02312377,0.99437234
circles,cnn,8192,444,0.96790392,0.04502977,1.00004192
circles,cnn,8192,445,0.97562224,0.0613176,1.01602529
circles,cnn,8192,446,0.96808,0.03149272,1.01451185
circles,cnn,8192,447,0.97407732,0.00411485,1.00413733
circles,cnn,8192,448,0.96603401,0.04258818,0.98152796
circles,cnn,8192,449,0.98622706,0.02368875,0.98377704
circles,cnn,8192,450,0.96306161,0.0294372,1.00623068
circles,cnn,8192,451,0.95827192,0.0932231,0.99171129
circles,cnn,8192,452,0.97773508,0.09628468,1.00840119
circles,cnn,8192,453,0.96734293,0.10094618,0.99863636
circles,cnn,8192,454,0.96437788,0.08200915,0.99920852
circles,cnn,8192,455,0.9784751,0.0328288,0.99283758
circles,cnn,8192,456,0.96346658,0.01174251,0.97406941
circles,cnn,8192,457,0.96896584,0.00507357,1.0023593
circles,cnn,8192,458,0.98170961,0.03642232,0.97719641
circles,cnn,8192,459,0.96580736,0.02562584,1.01098453
circles,cnn,8192,460,0.96832217,0.06235093,0.98150619
circles,cnn,8192,461,0.97183757,0.00305986,0.97295096
circles,cnn,8192,462,0.97212632,0.00669595,1.01771603
circles,cnn,8192,463,0.97059905,0.0425405,1.01099477
circles,cnn,8192,464,0.96686202,0.01272019,0.99332203
circles,cnn,8192,465,0.97772867,0.08077065,0.99351644
circles,cnn,8192,466,0.9705925,0.01706751,1.00135736
circles,cnn,8192,467,0.97042616,0.04612146,0.99262319
circles,cnn,8192,468,0.980799,0.00083753,1.02584844
circles,cnn,8192,469,0.97056656,0.0272816,1.01240614
circles,cnn,8192,470,0.97470423,0.01705617,1.00138573
circles,cnn,8192,471,0.98308647,0.0462652,1.01511477
circles,cnn,8192,472,0.97566372,0.01962461,0.98502576
circles,cnn,8192,473,0.98186883,0.06702502,0.98671472
circles,cnn,8192,474,0.96842359,0.02765831,0.9937053
circles,cnn,8192,475,0.98565121,0.10787494,1.03102644
circles,cnn,8192,476,0.96742244,0.04964843,0.97152443
circles,cnn,8192,477,0.97175757,0.00566829,0.97524169
circles,cnn,8192,478,0.97359137,0.03139307,1.01122232
circles,cnn,8192,479,0.97637218,0.04511246,1.00830236
circles,cnn,8192,480,0.96706023,0.01720782,1.01959492
circles,cnn,8192,481,0.97320579,0.02868524,1.01486836
circles,cnn,8192,482,0.97533534,0.03432561,1.00734886
circles,cnn,8192,483,0.97785114,0.05492835,0.97552469
circles,cnn,8192,484,0.97362029,0.12676887,0.99410246
circles,cnn,8192,485,0.97076913,0.05568022,1.00984424
circles,cnn,8192,486,0.96788025,0.04754017,0.98015947
circles,cnn,8192,487,0.97257616,0.08488092,0.99252786
circles,cnn,8192,488,0.96398048,0.01313403,1.00842842
circles,cnn,8192,489,0.97759826,0.05336918,1.00981699
circles,cnn,8192,490,0.98253276,0.0120799,1.01677685
circles,cnn,8192,491,0.9807813,0.02427929,0.99013973
circles,cnn,8192,492,0.9663453,0.01799236,1.02964069
circles,cnn,8192,493,0.97690871,0.01673111,0.99614357
circles,cnn,8192,494,0.9753038,0.0726837,1.01877652
circles,cnn,8192,495,0.960996,0.06916598,1.01448481
circles,cnn,8192,496,0.97803354,0.0199044,1.00512163
circles,cnn,8192,497,0.98175943,0.04619721,1.00788202
circles,cnn,8192,498,0.96458699,0.04903617,0.99745265
circles,cnn,8192,499,0.97021657,0.10409905,1.02324375
circles,cnn,8192,500,0.99051741,0.02030116,1.00301225
circles,cnn,8192,501,0.97353411,0.03461656,0.98832557
circles,cnn,8192,502,0.97528738,0.05130648,1.01650328
circles,cnn,8192,503,0.97726924,0.01156032,1.00097268
circles,cnn,8192,504,0.96689649,0.05915169,0.97906363
circles,cnn,8192,505,0.97755204,0.02878403,1.00837739
circles,cnn,8192,506,0.97559701,0.10146691,0.97856244
circles,cnn,8192,507,0.97515887,0.03095481,0.99451301
circles,cnn,8192,508,0.97678274,0.05782408,0.9903361
circles,cnn,8192,509,0.97012395,0.03203745,1.00760322
circles,cnn,8192,510,0.96736163,0.00267055,0.97769088
circles,cnn,8192,511,0.96845642,0.01945948,0.97834652
circles,cnn,8192,512,0.97495879,0.02940784,0.99447444
circles,cnn,8192,513,0.96573565,0.12296581,0.99430511
circles,cnn,8192,514,0.97402452,0.02381004,1.00485452
circles,cnn,8192,515,0.96804973,0.03443945,1.00003958
circles,cnn,8192,516,0.97707866,0.01615731,1.00900892
circles,cnn,8192,517,0.97649419,0.04633304,0.99515767
circles,cnn,8192,518,0.97866978,0.03711713,1.0037143
circles,cnn,8192,519,0.97129851,0.06837029,1.00735017
circles,cnn,8192,520,0.96887372,0.00133707,0.99121119
circles,cnn,8192,521,0.96096225,0.01472288,1.0297378
circles,cnn,8192,522,0.97204458,0.00198467,1.00639593
circles,cnn,8192,523,0.97137389,0.08447379,0.99430742
circles,cnn,8192,524,0.97337874,0.08911741,1.01496394
circles,cnn,8192,525,0.97650188,0.00251146,1.00485795
circles,cnn,8192,526,0.97355684,0.08006444,0.98623097
circles,cnn,8192,527,0.96519404,0.01097095,0.99646044
circles,cnn,8192,528,0.97303438,0.03453232,1.00272197
circles,cnn,8192,529,0.97915654,0.05713272,0.97816231
circles,cnn,8192,530,0.97552237,0.04604829,1.03296132
circles,cnn,8192,531,0.97678456,0.00673904,0.99569246
circles,cnn,8192,532,0.96810593,0.07457332,1.01263082
circles,cnn,8192,533,0.96672778,0.05777659,1.00789753
circles,cnn,8192,534,0.98549329,0.01298646,1.00096525
circles,cnn,8192,535,0.96726058,0.12094553,1.00599854
circles,cnn,8192,536,0.97996528,0.01309282,1.00403515
circles,cnn,8192,537,0.97941175,0.04469012,1.01055286
circles,cnn,8192,538,0.97040119,0.00175709,0.98803044
circles,cnn,8192,539,0.96888583,0.00729469,0.98736911
circles,cnn,8192,540,0.971556,0.00173514,0.98574456
circles,cnn,8192,541,0.97636273,0.12943018,0.98740299
circles,cnn,8192,542,0.96224056,0.04266211,0.97583149
circles,cnn,8192,543,0.9674227,0.06295969,0.98921329
circles,cnn,8192,544,0.97097531,0.05719068,0.97069005
circles,cnn,8192,545,0.97223014,0.02431899,0.99258314
circles,cnn,8192,546,0.96807192,0.1007054,1.00264006
circles,cnn,8192,547,0.9699135,0.00519536,0.99395802
circles,cnn,8192,548,0.97720763,0.03248784,1.01891638
circles,cnn,8192,549,0.97402084,0.00815942,0.98570226
circles,cnn,8192,550,0.97778453,0.02183913,1.00436082
circles,cnn,8192,551,0.96942418,0.04858262,1.00678254
circles,cnn,8192,552,0.97191694,0.09195068,0.98008405
circles,cnn,8192,553,0.96592136,0.00696415,1.00717924
circles,cnn,8192,554,0.9769465,0.05835598,1.00819724
circles,cnn,8192,555,0.97409695,0.07424878,1.02379289
circles,cnn,8192,556,0.97882007,0.02944663,0.99150247
circles,cnn,8192,557,0.98089507,0.05410297,1.01778683
circles,cnn,8192,558,0.96749386,0.05608681,0.99599258
circles,cnn,8192,559,0.98256105,0.07325339,0.99521656
circles,cnn,8192,560,0.97311645,0.00580593,1.0007059
circles,cnn,8192,561,0.98310523,0.04616805,1.00597479
circles,cnn,8192,562,0.96318482,0.00707303,0.96866981
circles,cnn,8192,563,0.97382538,0.03637976,1.01570756
circles,cnn,8192,564,0.97567856,0.06490985,0.98108844
circles,cnn,8192,565,0.95940135,0.05587759,0.99082991
circles,cnn,8192,566,0.97300323,0.03888621,1.02051693
circles,cnn,8192,567,0.97726414,0.03938369,0.99765748
circles,cnn,8192,568,0.96447097,0.02623794,1.00291648
circles,cnn,8192,569,0.97292338,0.04239654,1.02485597
circles,cnn,8192,570,0.98333347,0.05074744,1.01363799
circles,cnn,8192,571,0.9764583,0.0190015,1.03903005
circles,cnn,8192,572,0.97289097,0.0545335,1.01303529
circles,cnn,8192,573,0.97798662,0.00929365,0.98829722
circles,cnn,8192,574,0.97597491,0.0476768,0.97399095
circles,cnn,8192,575,0.99068245,0.07824959,1.01780448
circles,cnn,8192,576,0.96757156,0.00503142,1.02543965
circles,cnn,8192,577,0.97757282,0.04449504,1.00729881
circles,cnn,8192,578,0.97362011,0.02473036,1.00750633
circles,cnn,8192,579,0.98373817,0.00750625,0.99295685
circles,cnn,8192,580,0.97122963,0.00032238,0.99349389
circles,cnn,8192,581,0.97487685,0.01877557,0.97448891
circles,cnn,8192,582,0.9699316,0.05191826,1.01059609
circles,cnn,8192,583,0.97995992,0.01313071,0.99001673
circles,cnn,8192,584,0.96231898,0.00380316,1.02551642
circles,cnn,8192,585,0.96862123,0.11217131,1.01002037
circles,cnn,8192,586,0.98137868,0.02603975,1.02224795
circles,cnn,8192,587,0.9699748,0.14343256,1.01291817
circles,cnn,8192,588,0.98093225,0.01838253,1.01329732
circles,cnn,8192,589,0.98164729,0.03066919,0.99721013
circles,cnn,8192,590,0.98056392,0.02665638,1.01158333
circles,cnn,8192,591,0.96644245,0.12422571,0.99443997
circles,cnn,8192,592,0.96692593,0.06960091,0.98458649
circles,cnn,8192,593,0.96913189,0.06189519,0.96407154
circles,cnn,8192,594,0.96423195,0.00067408,1.02128481
circles,cnn,8192,595,0.97431939,0.03981653,0.99059492
circles,cnn,8192,596,0.97090659,0.02131714,1.01989789
circles,cnn,8192,597,0.96527085,0.02046789,1.0195055
circles,cnn,8192,598,0.9689935,0.05982486,0.99036809
circles,cnn,8192,599,0.97465444,0.04584782,0.99144058
circles,cnn,8192,600,0.9783681,0.10678552,0.98881187
circles,cnn,8192,601,0.96788643,0.02261687,0.9656549
circles,cnn,8192,602,0.96743594,0.09138031,0.99167321
circles,cnn,8192,603,0.97657737,0.0222163,1.01744924
circles,cnn,8192,604,0.97234896,0.05673282,1.01749292
circles,cnn,8192,605,0.96534914,0.02489047,0.96203437
circles,cnn,8192,606,0.97775295,0.07343668,0.98770998
circles,cnn,8192,607,0.96863584,0.03670159,0.98266748
circles,cnn,8192,608,0.96649685,0.03933194,0.99186773
circles,cnn,8192,609,0.97309188,0.04403591,0.98228993
circles,cnn,8192,610,0.97259148,0.02081213,1.01052081
circles,cnn,8192,611,0.97167148,0.06008729,1.01468194
circles,cnn,8192,612,0.97499983,0.05220205,1.03970478
circles,cnn,8192,613,0.9726602,0.0394669,1.01753031
circles,cnn,8192,614,0.97109269,0.0026413,1.01168518
circles,cnn,8192,615,0.97251411,0.06854178,0.98547702
circles,cnn,8192,616,0.95400015,0.04631552,1.02555934
circles,cnn,8192,617,0.97294381,0.02364248,0.98962105
circles,cnn,8192,618,0.97078193,0.06630676,1.00524624
circles,cnn,8192,619,0.97848062,0.00976045,0.97128625
circles,cnn,8192,620,0.96855812,0.04739111,0.96500398
circles,cnn,8192,621,0.97909486,0.05820362,0.99777746
circles,cnn,8192,622,0.9616853,0.0037153,1.0095555
circles,cnn,8192,623,0.97822328,0.03408306,0.99970277
circles,cnn,8192,624,0.97424634,0.04684064,1.00596747
circles,cnn,8192,625,0.98481603,0.01005646,0.98659527
circles,cnn,8192,626,0.9686785,0.048373,0.98273696
circles,cnn,8192,627,0.96552315,0.00948549,1.01610134
circles,cnn,8192,628,0.97308685,0.01779017,0.99536339
circles,cnn,8192,629,0.96879355,0.02955785,1.01868584
circles,cnn,8192,630,0.98629443,0.07391305,0.99516467
circles,cnn,8192,631,0.97313955,0.04511754,1.01076384
circles,cnn,8192,632,0.98124397,0.02349548,1.00389533
circles,cnn,8192,633,0.97775652,0.03989014,0.99963051
circles,cnn,8192,634,0.96919946,0.02334193,0.9908738
circles,cnn,8192,635,0.98044064,0.01869091,0.95920439
circles,cnn,8192,636,0.97109807,0.07221045,0.97642676
circles,cnn,8192,637,0.9720813,0.00670167,0.99863995
circles,cnn,8192,638,0.97610631,0.07566874,1.01011191
circles,cnn,8192,639,0.97687536,0.0166453,1.00481171
circles,cnn,8192,640,0.96860431,0.05040342,0.98277277
circles,cnn,8192,641,0.97770433,0.00256445,0.97893498
circles,cnn,8192,642,0.96277393,0.02438963,0.99643826
circles,cnn,8192,643,0.97017253,0.00042431,0.99621634
circles,cnn,8192,644,0.97562763,0.06686226,1.00732112
circles,cnn,8192,645,0.96418021,0.03057976,1.0130429
circles,cnn,8192,646,0.96505314,0.07455278,0.98844487
circles,cnn,8192,647,0.96528604,0.04008424,1.01030459
circles,cnn,8192,648,0.9715002,0.03809639,1.01833461
circles,cnn,8192,649,0.97377181,0.06254741,1.00422083
circles,cnn,8192,650,0.96695674,0.06591678,0.9869467
circles,cnn,8192,651,0.97566911,0.01746725,1.01864212
circles,cnn,8192,652,0.97347728,0.03185283,1.02462587
circles,cnn,8192,653,0.97203897,0.04956387,1.01226019
circles,cnn,8192,654,0.96407722,0.0692716,0.97997097
circles,cnn,8192,655,0.97533362,0.05165002,0.98617586
circles,cnn,8192,656,0.95968534,0.06256574,0.98644505
circles,cnn,8192,657,0.96643505,0.02049805,1.00037182
circles,cnn,8192,658,0.97085103,0.12009181,0.9892927
circles,cnn,8192,659,0.96899392,0.05832204,0.98141519
circles,cnn,8192,660,0.98098286,0.01248995,0.98442209
circles,cnn,8192,661,0.97674349,0.01078398,1.00225065
circles,cnn,8192,662,0.97295051,0.05024547,0.99974451
circles,cnn,8192,663,0.96767521,0.08397185,1.01878631
circles,cnn,8192,664,0.98207951,0.03819871,1.00336089
circles,cnn,8192,665,0.97748531,0.00931149,0.98792155
circles,cnn,8192,666,0.96721029,0.0055187,1.00095893
circles,cnn,8192,667,0.97704769,0.07144012,0.99156033
circles,cnn,8192,668,0.96782825,0.09760067,1.00444669
circles,cnn,8192,669,0.97020823,0.00750394,0.99274639
circles,cnn,8192,670,0.97399218,0.03068426,0.98222001
circles,cnn,8192,671,0.95884834,0.04162492,1.00024276
circles,cnn,8192,672,0.97566555,0.00524867,1.00496923
circles,cnn,8192,673,0.96809546,0.01152096,1.04031502
circles,cnn,8192,674,0.98179942,0.07889018,0.99946644
circles,cnn,8192,675,0.97619354,0.00748228,1.00355786
circles,cnn,8192,676,0.9628685,0.01606315,1.02181254
circles,cnn,8192,677,0.97798104,0.04028861,0.99432282
circles,cnn,8192,678,0.97320538,0.01933335,0.97109885
circles,cnn,8192,679,0.97160185,0.02143442,0.98725051
circles,cnn,8192,680,0.96443277,0.05128185,1.02739194
circles,cnn,8192,681,0.96588078,0.05005138,0.99991993
circles,cnn,8192,682,0.97328231,0.0620715,0.99556155
circles,cnn,8192,683,0.96872861,0.02071575,1.00856487
circles,cnn,8192,684,0.9627095,0.04819274,0.99977909
circles,cnn,8192,685,0.97133942,0.04616674,0.98918066
circles,cnn,8192,686,0.97308334,0.0698614,1.00243202
circles,cnn,8192,687,0.97784435,0.02377592,0.99804057
circles,cnn,8192,688,0.95702871,0.00995641,0.986895
circles,cnn,8192,689,0.97698013,0.06479959,1.03044394
circles,cnn,8192,690,0.96506608,0.05421399,1.0238624
circles,cnn,8192,691,0.97523614,0.00702443,1.01997522
circles,cnn,8192,692,0.97364942,0.00625287,1.00803755
circles,cnn,8192,693,0.97366864,0.00907038,0.9921896
circles,cnn,8192,694,0.97741035,0.05225814,0.99397383
circles,cnn,8192,695,0.97355058,0.02924773,1.00613297
circles,cnn,8192,696,0.96386245,0.01425137,1.00781288
circles,cnn,8192,697,0.97556661,0.07006909,0.99054683
circles,cnn,8192,698,0.96928083,0.14109065,1.00714535
circles,cnn,8192,699,0.98755637,0.03286494,1.00686915
circles,cnn,8192,700,0.96831364,0.05214796,0.96529852
circles,cnn,8192,701,0.97549387,0.00796082,1.01368618
circles,cnn,8192,702,0.97455544,0.0802023,1.01539888
circles,cnn,8192,703,0.98706004,0.04395723,0.98904128
circles,cnn,8192,704,0.9856639,0.04707005,1.00002168
circles,cnn,8192,705,0.96799273,0.03800888,0.98381608
circles,cnn,8192,706,0.97433439,0.01907097,0.99903037
circles,cnn,8192,707,0.96592179,0.03104628,0.9983393
circles,cnn,8192,708,0.98198554,0.07590401,0.98096365
circles,cnn,8192,709,0.97654465,0.00894521,0.99574173
circles,cnn,8192,710,0.97512196,0.00159635,1.01297991
circles,cnn,8192,711,0.9870813,0.0256824,0.97760663
circles,cnn,8192,712,0.97673104,0.10266486,0.99685542
circles,cnn,8192,713,0.97370203,0.03192376,1.02160228
circles,cnn,8192,714,0.9690997,0.01249685,1.03489254
circles,cnn,8192,715,0.97288641,0.03228514,0.99825088
circles,cnn,8192,716,0.97172646,0.07841376,0.99499561
circles,cnn,8192,717,0.97844023,0.00011132,1.00209729
circles,cnn,8192,718,0.98798812,0.10856606,1.00075992
circles,cnn,8192,719,0.96529922,0.00434715,1.00648607
circles,cnn,8192,720,0.97768838,0.03975443,1.02367672
circles,cnn,8192,721,0.97453595,0.08114319,1.01405876
circles,cnn,8192,722,0.9628693,0.06441983,1.00185081
circles,cnn,8192,723,0.97207596,0.01251356,1.00196205
circles,cnn,8192,724,0.97143596,0.04813111,0.99750662
circles,cnn,8192,725,0.96631435,0.00143165,0.97389364
circles,cnn,8192,726,0.97175568,0.04119708,1.01802764
circles,cnn,8192,727,0.98362873,0.02747333,1.00170363
circles,cnn,8192,728,0.96690826,0.02245392,0.99893253
circles,cnn,8192,729,0.97026594,0.02426461,0.95703052
circles,cnn,8192,730,0.96418169,0.03065268,0.9797575
circles,cnn,8192,731,0.97138463,0.03618691,0.99487747
circles,cnn,8192,732,0.96782895,0.0259211,0.98605249
circles,cnn,8192,733,0.97288136,0.06297278,0.99641071
circles,cnn,8192,734,0.96564422,0.01901561,1.01269302
circles,cnn,8192,735,0.97239985,0.01078881,0.98802213
circles,cnn,8192,736,0.98137587,0.01830292,1.0050681
circles,cnn,8192,737,0.9739949,0.09306977,0.98625415
circles,cnn,8192,738,0.96661299,0.03910748,0.99674415
circles,cnn,8192,739,0.96725553,0.0588234,0.97286985
circles,cnn,8192,740,0.97553484,0.03613953,1.02044219
circles,cnn,8192,741,0.96302577,0.06570105,0.99889675
circles,cnn,8192,742,0.9663644,0.01954729,1.01832289
circles,cnn,8192,743,0.97380577,0.01787373,1.01386121
circles,cnn,8192,744,0.9694248,0.02080429,0.98963275
circles,cnn,8192,745,0.9801965,0.02819387,1.00028904
circles,cnn,8192,746,0.98142959,0.08719905,0.99781054
circles,cnn,8192,747,0.9796233,0.01448556,1.00505089
circles,cnn,8192,748,0.96617476,0.0561278,1.00823279
circles,cnn,8192,749,0.98306372,0.00893453,0.99394136
circles,cnn,8192,750,0.97575491,0.03548842,1.00313286
circles,cnn,8192,751,0.97536766,0.10228415,1.01400265
circles,cnn,8192,752,0.96546855,0.09888501,1.00446313
circles,cnn,8192,753,0.97351969,0.04159264,0.995762
circles,cnn,8192,754,0.98029449,0.09442145,1.00096048
circles,cnn,8192,755,0.96451349,0.10778809,1.00869534
circles,cnn,8192,756,0.97374555,0.07495699,0.99925904
circles,cnn,8192,757,0.97706894,0.01597274,0.99132026
circles,cnn,8192,758,0.97284166,0.03267052,1.03689946
circles,cnn,8192,759,0.97042775,0.04466333,1.00111779
circles,cnn,8192,760,0.96378803,0.09621271,1.02011827
circles,cnn,8192,761,0.97755935,0.01976785,1.01247022
circles,cnn,8192,762,0.97521159,0.10311317,0.98974927
circles,cnn,8192,763,0.97331901,0.00961946,0.98512928
circles,cnn,8192,764,0.96638002,0.0434501,1.01888371
circles,cnn,8192,765,0.96787464,0.05385465,0.97691855
circles,cnn,8192,766,0.98089012,0.02531727,1.00278161
circles,cnn,8192,767,0.96990514,0.02730995,0.99695884
circles,cnn,8192,768,0.96429465,0.07444554,0.99701889
circles,cnn,8192,769,0.9706203,0.04517454,1.02854751
circles,cnn,8192,770,0.97624279,0.03605116,0.98962884
circles,cnn,8192,771,0.96701766,0.00921118,1.00054124
circles,cnn,8192,772,0.97676677,0.03099209,0.99619076
circles,cnn,8192,773,0.98051711,0.00647749,0.97774327
circles,cnn,8192,774,0.97128091,0.05192913,1.00195016
circles,cnn,8192,775,0.96116712,0.08224574,0.98379981
circles,cnn,8192,776,0.98203243,0.00811669,1.02388049
circles,cnn,8192,777,0.96109871,0.08337867,0.99084246
circles,cnn,8192,778,0.97317852,0.0139485,0.96973795
circles,cnn,8192,779,0.97004077,0.01450889,1.00844643
circles,cnn,8192,780,0.96983892,0.04733935,1.0116201
circles,cnn,8192,781,0.96405791,0.03821916,1.00277906
circles,cnn,8192,782,0.97204218,0.04150241,1.01503553
circles,cnn,8192,783,0.96805772,0.0138057,0.97518041
circles,cnn,8192,784,0.97600504,0.03146412,1.0203819
circles,cnn,8192,785,0.96092724,0.06032406,1.01606584
circles,cnn,8192,786,0.96661367,0.04538954,1.01761526
circles,cnn,8192,787,0.97956503,0.07193956,0.98365352
circles,cnn,8192,788,0.9690811,0.10596523,0.97878875
circles,cnn,8192,789,0.97798913,0.06931172,1.02668361
circles,cnn,8192,790,0.97003584,0.00357689,1.01890378
circles,cnn,8192,791,0.96155786,0.01600133,1.02055687
circles,cnn,8192,792,0.96683175,0.0419227,0.98395998
circles,cnn,8192,793,0.97137416,0.0970733,0.99080288
circles,cnn,8192,794,0.98378868,0.01142299,1.00341082
circles,cnn,8192,795,0.97425596,0.00629987,0.99434575
circles,cnn,8192,796,0.96550497,0.01519077,0.99235692
circles,cnn,8192,797,0.97044469,0.08341412,1.00885538
circles,cnn,8192,798,0.98155973,0.03192283,1.00897488
circles,cnn,8192,799,0.97889799,0.0141749,1.00944137
circles,cnn,8192,800,0.96778977,0.09505611,1.01957093
circles,cnn,8192,801,0.96368072,0.05552677,0.9919654
circles,cnn,8192,802,0.97373784,0.03660772,0.99915344
circles,cnn,8192,803,0.96365857,0.05255271,0.99152914
circles,cnn,8192,804,0.97763034,0.03784299,1.00497933
circles,cnn,8192,805,0.96960843,0.02863544,0.99429076
circles,cnn,8192,806,0.97098851,0.04141279,0.98491912
circles,cnn,8192,807,0.96515089,0.03274983,1.01728299
circles,cnn,8192,808,0.97412523,0.086972,0.98465024
circles,cnn,8192,809,0.98229935,0.08574311,1.0235558
circles,cnn,8192,810,0.97347219,0.02341313,0.99665716
circles,cnn,8192,811,0.97598773,0.01061225,1.02125696
circles,cnn,8192,812,0.96992616,0.04117821,0.99661537
circles,cnn,8192,813,0.96544866,0.01749866,1.00118299
circles,cnn,8192,814,0.98893562,0.01113887,1.02101764
circles,cnn,8192,815,0.97343923,0.00893934,1.0163615
circles,cnn,8192,816,0.9772526,0.1126502,0.97752541
circles,cnn,8192,817,0.97194091,0.03603826,0.97503574
circles,cnn,8192,818,0.96335199,0.07833017,0.99996844
circles,cnn,8192,819,0.9730109,0.00688625,0.99144653
circles,cnn,8192,820,0.97945468,0.03753177,0.97841758
circles,cnn,8192,821,0.97917374,0.03780038,1.00526662
circles,cnn,8192,822,0.97466784,0.02132929,0.99177379
circles,cnn,8192,823,0.97790405,0.04950107,0.97673943
circles,cnn,8192,824,0.96763086,0.00059296,1.00949639
circles,cnn,8192,825,0.97175207,0.00265467,0.99793587
circles,cnn,8192,826,0.97663805,0.04067875,0.97744859
circles,cnn,8192,827,0.97082156,0.03941185,0.99858258
circles,cnn,8192,828,0.97070579,0.03392034,0.98426353
circles,cnn,8192,829,0.96981882,0.06401001,1.00611587
circles,cnn,8192,830,0.9729362,0.01449838,0.97914991
circles,cnn,8192,831,0.97429097,0.01562772,1.00349641
circles,cnn,8192,832,0.96899818,0.03613453,1.01247465
circles,cnn,8192,833,0.97069731,0.03976638,1.0109909
circles,cnn,8192,834,0.97334486,0.0100085,0.99602999
circles,cnn,8192,835,0.97642538,0.09815045,1.00405605
circles,cnn,8192,836,0.96873409,0.00654673,1.01180193
circles,cnn,8192,837,0.97853798,0.01574136,1.01641465
circles,cnn,8192,838,0.96524941,0.01408855,1.01216781
circles,cnn,8192,839,0.9670317,0.00615051,0.98672111
circles,cnn,8192,840,0.96582839,0.01687897,0.99656048
circles,cnn,8192,841,0.97900012,0.00159434,1.01464238
circles,cnn,8192,842,0.97569123,0.02282066,0.98394358
circles,cnn,8192,843,0.97795554,0.08988272,1.01254127
circles,cnn,8192,844,0.96518271,0.14417307,1.0259349
circles,cnn,8192,845,0.96729758,0.05364398,1.01640274
circles,cnn,8192,846,0.97324338,0.01633127,1.00451029
circles,cnn,8192,847,0.97585029,0.09685424,1.01787943
circles,cnn,8192,848,0.97309796,0.07314327,0.98797185
circles,cnn,8192,849,0.97343499,0.03772331,1.01706536
circles,cnn,8192,850,0.96725537,0.08354623,0.99497083
circles,cnn,8192,851,0.96621129,0.04611063,0.99162485
circles,cnn,8192,852,0.98667753,0.01195821,1.00178454
circles,cnn,8192,853,0.96518146,0.13472185,0.9941651
circles,cnn,8192,854,0.97158162,0.01443778,0.98497816
circles,cnn,8192,855,0.97307772,0.09011259,1.02097214
circles,cnn,8192,856,0.96410294,0.03972539,0.99518449
circles,cnn,8192,857,0.96350517,0.01109331,0.98862475
circles,cnn,8192,858,0.96876704,0.04982895,0.98762905
circles,cnn,8192,859,0.97469951,0.00860362,1.00060876
circles,cnn,8192,860,0.96489394,0.08696288,0.99050408
circles,cnn,8192,861,0.98151903,0.04399659,0.99149396
circles,cnn,8192,862,0.9673635,0.03446923,0.99445766
circles,cnn,8192,863,0.97463137,0.03821231,0.99754855
circles,cnn,8192,864,0.9659632,0.00996998,1.00323188
circles,cnn,8192,865,0.97783684,0.00282429,1.01592045
circles,cnn,8192,866,0.97106359,0.03639759,1.01448413
circles,cnn,8192,867,0.96980047,0.05918669,1.00806873
circles,cnn,8192,868,0.97302773,0.00211787,0.98723511
circles,cnn,8192,869,0.97130302,0.00310644,1.00408384
circles,cnn,8192,870,0.97307209,0.00762948,1.00792599
circles,cnn,8192,871,0.9770299,0.02900082,1.02195838
circles,cnn,8192,872,0.97829279,0.04407979,1.02022882
circles,cnn,8192,873,0.97008108,0.09489449,0.98733473
circles,cnn,8192,874,0.97366493,0.01377063,0.99870457
circles,cnn,8192,875,0.98080706,0.03160748,0.9973296
circles,cnn,8192,876,0.96423448,0.0387202,0.99797051
circles,cnn,8192,877,0.97261597,0.03380659,0.95753
circles,cnn,8192,878,0.97450018,0.03222996,1.01637209
circles,cnn,8192,879,0.98675078,0.0030335,0.97923363
circles,cnn,8192,880,0.97373929,0.02102965,0.9916485
circles,cnn,8192,881,0.98070344,0.02810003,1.01656199
circles,cnn,8192,882,0.97904746,0.0363736,1.00603703
circles,cnn,8192,883,0.97178548,0.05296475,0.99225811
circles,cnn,8192,884,0.97792186,0.04605295,0.99873161
circles,cnn,8192,885,0.97380536,0.01788517,1.02191514
circles,cnn,8192,886,0.97469169,0.02235897,0.99582394
circles,cnn,8192,887,0.97782857,0.07568172,1.00339558
circles,cnn,8192,888,0.98737531,0.03208732,1.01063974
circles,cnn,8192,889,0.97509418,0.03732523,1.01529459
circles,cnn,8192,890,0.96345522,0.00214351,1.01990173
circles,cnn,8192,891,0.96951953,0.07094436,1.01609332
circles,cnn,8192,892,0.98077704,0.09479291,0.99857619
circles,cnn,8192,893,0.97942925,0.00335963,0.99647165
circles,cnn,8192,894,0.96850376,0.0423618,1.0035499
circles,cnn,8192,895,0.97336608,0.05088605,1.01241519
circles,cnn,8192,896,0.97229071,0.00386006,1.00136868
circles,cnn,8192,897,0.96498588,0.03023877,0.9923262
circles,cnn,8192,898,0.97895278,0.01474811,1.02303145
circles,cnn,8192,899,0.97050922,0.00588961,0.98676351
circles,cnn,8192,900,0.96770738,0.00014333,1.00068925
circles,cnn,8192,901,0.97116215,0.05347986,0.97037135
circles,cnn,8192,902,0.96455081,0.01162437,1.00452078
circles,cnn,8192,903,0.96989015,0.02935781,0.97249125
circles,cnn,8192,904,0.97228174,0.00618932,1.00075228
circles,cnn,8192,905,0.98235237,0.02476415,0.99685206
circles,cnn,8192,906,0.96958129,0.01226935,0.97772223
circles,cnn,8192,907,0.97347664,0.02009741,0.97953095
circles,cnn,8192,908,0.97234272,0.00941358,0.97590341
circles,cnn,8192,909,0.97582299,0.01340872,1.02605047
circles,cnn,8192,910,0.96795843,0.01171589,0.98335201
circles,cnn,8192,911,0.97032435,0.02244138,0.97109982
circles,cnn,8192,912,0.97074473,0.00563829,0.99814499
circles,cnn,8192,913,0.96570194,0.02526493,0.9839495
circles,cnn,8192,914,0.97181048,0.0097535,0.99877209
circles,cnn,8192,915,0.97592172,0.0549017,0.99207873
circles,cnn,8192,916,0.96659011,0.03727115,0.99386591
circles,cnn,8192,917,0.97219713,0.03085311,0.97889174
circles,cnn,8192,918,0.97677593,0.06479548,1.01672382
circles,cnn,8192,919,0.97778598,0.03303363,0.99833472
circles,cnn,8192,920,0.96247085,0.01724616,0.98987991
circles,cnn,8192,921,0.97478274,0.02668997,0.98692817
circles,cnn,8192,922,0.97102668,0.02018297,1.00901236
circles,cnn,8192,923,0.98420323,0.04952356,0.98564267
circles,cnn,8192,924,0.96971023,0.01009981,0.99382738
circles,cnn,8192,925,0.97837366,0.01389914,1.02073645
circles,cnn,8192,926,0.96583348,0.0115355,0.99646313
circles,cnn,8192,927,0.97012462,0.01810152,0.98187369
circles,cnn,8192,928,0.98087829,0.06304583,1.00510588
circles,cnn,8192,929,0.98203944,0.11074838,1.01397616
circles,cnn,8192,930,0.97689322,0.03951568,0.99303283
circles,cnn,8192,931,0.9788155,0.04010305,0.9933079
circles,cnn,8192,932,0.97897591,0.0305956,1.01773719
circles,cnn,8192,933,0.97277969,0.05122738,0.97367903
circles,cnn,8192,934,0.97273766,0.04507253,1.02210913
circles,cnn,8192,935,0.97421562,0.09029356,0.98424873
circles,cnn,8192,936,0.98007142,0.01249193,0.98988882
circles,cnn,8192,937,0.97091776,0.04491226,1.01859309
circles,cnn,8192,938,0.97400388,0.04618404,0.96737665
circles,cnn,8192,939,0.98366143,0.03152455,1.01057136
circles,cnn,8192,940,0.98270441,0.09196927,1.01175145
circles,cnn,8192,941,0.98149944,0.00106911,1.01093687
circles,cnn,8192,942,0.96327449,0.0805722,0.98803486
circles,cnn,8192,943,0.96685902,0.04296736,1.01100647
circles,cnn,8192,944,0.97720925,0.06449519,1.00293068
circles,cnn,8192,945,0.9703316,0.07273213,1.0093869
circles,cnn,8192,946,0.97238289,0.0335548,1.02016661
circles,cnn,8192,947,0.97463919,0.01492497,1.02301945
circles,cnn,8192,948,0.97426153,0.08168846,1.00428655
circles,cnn,8192,949,0.97102273,0.00739537,0.98940216
circles,cnn,8192,950,0.98503547,0.01618978,0.99486414
circles,cnn,8192,951,0.97833739,0.00326451,0.98263651
circles,cnn,8192,952,0.975572,0.07005378,1.01411088
circles,cnn,8192,953,0.96716441,0.00261997,1.00902151
circles,cnn,8192,954,0.97722087,0.06081078,0.99620533
circles,cnn,8192,955,0.97223584,0.04306368,0.97834437
circles,cnn,8192,956,0.97708593,0.04703151,1.01942101
circles,cnn,8192,957,0.9676069,0.03491318,1.00475715
circles,cnn,8192,958,0.96862948,0.07460988,1.03054262
circles,cnn,8192,959,0.97769229,0.04207453,0.98971704
circles,cnn,8192,960,0.96606376,0.06600096,1.00664063
circles,cnn,8192,961,0.97076813,0.05241507,0.98101287
circles,cnn,8192,962,0.96970211,0.05753393,0.98870283
circles,cnn,8192,963,0.97413887,0.0620488,1.02338012
circles,cnn,8192,964,0.96923605,0.00343077,1.01961098
circles,cnn,8192,965,0.96852467,0.01212819,0.98234178
circles,cnn,8192,966,0.97053311,0.03520114,0.97326256
circles,cnn,8192,967,0.96673076,0.07333761,1.00079841
circles,cnn,8192,968,0.97664531,0.06248886,0.99734068
circles,cnn,8192,969,0.96446898,0.02771815,1.00254527
circles,cnn,8192,970,0.98222189,0.09081314,1.00837759
circles,cnn,8192,971,0.95520855,0.03941115,0.98490959
circles,cnn,8192,972,0.97571242,0.00616063,0.9986113
circles,cnn,8192,973,0.97290622,0.04182861,0.98393972
circles,cnn,8192,974,0.96731222,0.08929531,1.00755405
circles,cnn,8192,975,0.96508675,0.04610721,0.99447145
circles,cnn,8192,976,0.97322641,0.06883202,1.00638793
circles,cnn,8192,977,0.97108515,0.03065961,0.98258135
circles,cnn,8192,978,0.96777918,0.05175216,0.9981833
circles,cnn,8192,979,0.9758669,0.01939606,1.01914844
circles,cnn,8192,980,0.98271174,0.0775742,1.00684136
circles,cnn,8192,981,0.98184569,0.01632859,1.00954768
circles,cnn,8192,982,0.96324768,0.10790329,0.99230739
circles,cnn,8192,983,0.9710933,0.0129348,1.00825319
circles,cnn,8192,984,0.96704583,0.01494149,0.99465106
circles,cnn,8192,985,0.97297107,0.05185737,0.98440005
circles,cnn,8192,986,0.96565876,0.03560606,0.97264758
circles,cnn,8192,987,0.97865301,0.0167765,0.97965221
circles,cnn,8192,988,0.97721492,0.03756375,1.00090792
circles,cnn,8192,989,0.97473137,0.02745735,0.99672038
circles,cnn,8192,990,0.9809749,0.05824482,1.02159768
circles,cnn,8192,991,0.9765944,0.00824696,0.99176661
circles,cnn,8192,992,0.97428088,0.07217892,0.99573941
circles,cnn,8192,993,0.97933805,0.00323593,0.99754154
circles,cnn,8192,994,0.96997902,0.05311836,0.99589461
circles,cnn,8192,995,0.97403974,0.12242481,1.02416355
circles,cnn,8192,996,0.97135662,0.04945428,0.9607856
circles,cnn,8192,997,0.97178584,0.01693018,1.00816695
circles,cnn,8192,998,0.97545147,0.00328346,0.99624273
circles,cnn,8192,999,0.96631793,0.00113329,0.99035811
mnist,proposed,42,0,0.98763776,0.03588619,0.98833246
mnist,proposed,42,1,0.98378936,0.01732422,1.01447233
mnist,proposed,42,2,0.9808161,0.04276504,0.99589762
mnist,proposed,42,3,0.99517348,0.04208792,0.99668815
mnist,proposed,42,4,0.99813276,0.07305904,1.02968617
mnist,proposed,42,5,0.98331625,0.02103226,1.0237369
mnist,proposed,42,6,0.98025768,0.01490966,1.00269516
mnist,proposed,42,7,0.98895573,0.01221186,0.99770782
mnist,proposed,42,8,0.99130838,0.08219295,1.00953219
mnist,proposed,42,9,0.99202112,0.05566049,0.97639858
mnist,proposed,42,10,0.99597228,0.05409078,1.00543065
mnist,proposed,42,11,0.9852012,0.00578586,1.02122403
mnist,proposed,42,12,0.98734693,0.01319475,0.99623289
mnist,proposed,42,13,0.99068268,0.05135339,1.02764007
mnist,proposed,42,14,0.98780236,0.05152196,1.00645314
mnist,proposed,42,15,0.98276794,0.00102045,0.98979806
mnist,proposed,42,16,0.98618319,0.02251512,0.95489074
mnist,proposed,42,17,0.98048312,0.00416885,0.97914011
mnist,proposed,42,18,0.98609358,0.00663003,0.98960439
mnist,proposed,42,19,0.98798036,0.0009954,1.0067031
mnist,proposed,42,20,0.99017634,0.05767919,1.01137386
mnist,proposed,42,21,0.98632223,0.07112154,1.00134262
mnist,proposed,42,22,0.98041947,0.00366545,1.01918992
mnist,proposed,42,23,0.98891268,0.12115383,1.01810756
mnist,proposed,42,24,0.9819835,0.06958282,1.02205434
mnist,proposed,42,25,0.98953645,0.02469816,1.0108985
mnist,proposed,42,26,0.98791438,0.06569016,1.02092073
mnist,proposed,42,27,0.97804634,0.00087273,1.00829906
mnist,proposed,42,28,0.98577737,0.01547225,1.01287225
mnist,proposed,42,29,0.991211,0.05660017,1.00806653
mnist,proposed,42,30,0.98856533,0.04457737,1.01970053
mnist,proposed,42,31,0.98068734,0.07434633,1.01870487
mnist,proposed,42,32,0.98414342,0.00516109,0.98243342
mnist,proposed,42,33,0.97637121,0.09104908,1.00288935
mnist,proposed,42,34,0.99000182,0.08070098,1.01270863
mnist,proposed,42,35,0.97789954,0.04526585,0.98042951
mnist,proposed,42,36,0.99026159,0.05832806,1.0006551
mnist,proposed,42,37,0.99630311,0.11386669,0.98648997
mnist,proposed,42,38,0.98840581,0.00466218,1.00500454
mnist,proposed,42,39,0.999,0.01845811,0.98219032
mnist,proposed,42,40,0.99315304,0.00882144,1.00755187
mnist,proposed,42,41,0.99367827,0.06782551,1.00907272
mnist,proposed,42,42,0.98149986,0.02168957,1.02117403
mnist,proposed,42,43,0.98695278,0.00973873,1.01821713
mnist,proposed,42,44,0.99429875,0.07398001,0.98500952
mnist,proposed,42,45,0.98185653,0.00555344,1.00307038
mnist,proposed,42,46,0.98661004,0.02928125,0.99036013
mnist,proposed,42,47,0.98265336,0.07893612,1.02163024
mnist,proposed,42,48,0.98180531,0.00402866,1.00675788
mnist,proposed,42,49,0.98318371,0.01676671,0.99922286
mnist,proposed,42,50,0.9849548,0.02901812,0.98677589
mnist,proposed,42,51,0.97655231,0.01364254,0.98018978
mnist,proposed,42,52,0.98911058,0.01484096,1.00446692
mnist,proposed,42,53,0.999,0.05928644,0.99455795
mnist,proposed,42,54,0.99410663,0.05289555,1.00709609
mnist,proposed,42,55,0.97740755,0.00692782,0.98557704
mnist,proposed,42,56,0.98676884,0.04810833,1.02606615
mnist,proposed,42,57,0.98399776,0.03011043,1.01969514
mnist,proposed,42,58,0.98731323,0.04163129,1.00507431
mnist,proposed,42,59,0.98485246,0.00967552,0.9841438
mnist,proposed,42,60,0.98499648,0.02698921,0.99548449
mnist,proposed,42,61,0.99302284,0.01976852,1.00859969
mnist,proposed,42,62,0.98473828,0.059124,0.98431138
mnist,proposed,42,63,0.97935702,0.03506857,1.00719108
mnist,proposed,42,64,0.98549637,0.04796638,0.98503665
mnist,proposed,42,65,0.98652572,0.04445471,1.02177516
mnist,proposed,42,66,0.99864281,0.01892516,0.97248241
mnist,proposed,42,67,0.98813426,0.03201324,0.97381014
mnist,proposed,42,68,0.98470503,0.04265547,1.00588147
mnist,proposed,42,69,0.98999412,0.02464895,0.98737795
mnist,proposed,42,70,0.98107289,0.07640036,1.01977066
mnist,proposed,42,71,0.99306305,0.02537795,0.98818077
mnist,proposed,42,72,0.98092306,0.0336456,1.01176307
mnist,proposed,42,73,0.99022564,0.01574138,1.00433764
mnist,proposed,42,74,0.97958723,0.08687703,0.99486918
mnist,proposed,42,75,0.98726194,0.00474649,0.9774329
mnist,proposed,42,76,0.99456162,0.07428549,1.00930353
mnist,proposed,42,77,0.98849411,0.11238823,1.01650389
mnist,proposed,42,78,0.98129123,0.06359441,1.01413058
mnist,proposed,42,79,0.98560584,0.01952298,0.99456971
mnist,proposed,42,80,0.98114192,0.0858341,1.00368201
mnist,proposed,42,81,0.99142514,0.02132824,1.0162918
mnist,proposed,42,82,0.98809618,0.05176371,0.9841095
mnist,proposed,42,83,0.99395577,0.06006208,0.98157868
mnist,proposed,42,84,0.98951549,0.0011186,0.98912997
mnist,proposed,42,85,0.97203648,0.1174362,0.99096935
mnist,proposed,42,86,0.99239951,0.06569601,1.00988765
mnist,proposed,42,87,0.9936891,0.01501105,0.98563663
mnist,proposed,42,88,0.99600567,0.05380139,0.97152416
mnist,proposed,42,89,0.99103751,0.01368066,0.99257566
mnist,proposed,42,90,0.99571383,0.01297017,1.00504372
mnist,proposed,42,91,0.98916677,0.09099897,1.04244119
mnist,proposed,42,92,0.990798,0.00553784,0.99288481
mnist,proposed,42,93,0.98672953,0.11303226,0.99772307
mnist,proposed,42,94,0.98085863,0.04414319,1.00139022
mnist,proposed,42,95,0.98763431,0.03451513,1.00697474
mnist,proposed,42,96,0.98178608,0.06157239,0.98939742
mnist,proposed,42,97,0.99456459,0.04087039,1.00233151
mnist,proposed,42,98,0.98792481,0.03658769,1.01747689
mnist,proposed,42,99,0.98706971,0.13435863,0.98699639
mnist,proposed,42,100,0.98693767,0.00676618,1.01353913
mnist,proposed,42,101,0.98183184,0.0325719,1.00823206
mnist,proposed,42,102,0.98449428,0.08727125,1.0009265
mnist,proposed,42,103,0.9899195,0.04935318,0.98080691
mnist,proposed,42,104,0.988857,0.00169859,0.98944891
mnist,proposed,42,105,0.99396027,0.01317391,0.99746937
mnist,proposed,42,106,0.98200768,0.01941827,1.00911989
mnist,proposed,42,107,0.99241471,0.04924275,1.01520792
mnist,proposed,42,108,0.9897112,0.04357148,0.98744729
mnist,proposed,42,109,0.98637201,0.01823387,1.03034381
mnist,proposed,42,110,0.97676855,0.05723927,1.00074571
mnist,proposed,42,111,0.98554656,0.00954116,0.9887079
mnist,proposed,42,112,0.99547323,0.00401644,0.99961483
mnist,proposed,42,113,0.97854646,0.00373918,1.02595799
mnist,proposed,42,114,0.99435843,0.06748808,0.9803834
mnist,proposed,42,115,0.99171904,0.00150039,1.02509277
mnist,proposed,42,116,0.98854493,0.00203287,0.98652941
mnist,proposed,42,117,0.9876742,0.00443651,1.00789546
mnist,proposed,42,118,0.98397498,0.01106817,0.99255831
mnist,proposed,42,119,0.99891207,0.01325167,1.03586982
mnist,proposed,42,120,0.99065937,0.00705309,0.99414821
mnist,proposed,42,121,0.99303713,0.00965314,1.00844453
mnist,proposed,42,122,0.98191386,0.04680517,0.99350079
mnist,proposed,42,123,0.99295985,0.04159442,0.98230386
mnist,proposed,42,124,0.99236157,0.0145568,1.02106207
mnist,proposed,42,125,0.98329409,0.06391809,1.02666245
mnist,proposed,42,126,0.98150469,0.01937246,1.02206411
mnist,proposed,42,127,0.97673192,0.03374655,0.98450438
mnist,proposed,42,128,0.9896163,0.0070516,1.03396321
mnist,proposed,42,129,0.98324359,0.06831836,1.00097804
mnist,proposed,42,130,0.98226652,0.00782597,1.00415736
mnist,proposed,42,131,0.98422246,0.05989863,0.99562301
mnist,proposed,42,132,0.98311633,0.01809446,0.99751588
mnist,proposed,42,133,0.98633373,0.00516192,1.00508046
mnist,proposed,42,134,0.97854669,0.04765765,0.99696478
mnist,proposed,42,135,0.99365744,0.00526074,1.00466379
mnist,proposed,42,136,0.98189738,0.02744713,0.98927172
mnist,proposed,42,137,0.98076645,0.04453313,1.00317066
mnist,proposed,42,138,0.9808477,0.00083963,1.00760098
mnist,proposed,42,139,0.99260335,0.0351437,1.00874308
mnist,proposed,42,140,0.99318061,0.01311627,0.99699715
mnist,proposed,42,141,0.9945694,0.02793749,0.99803635
mnist,proposed,42,142,0.99363209,0.06253117,0.99234177
mnist,proposed,42,143,0.98127502,0.0188919,1.02568735
mnist,proposed,42,144,0.99018964,0.00432185,0.96153197
mnist,proposed,42,145,0.99754536,0.01408776,0.997407
mnist,proposed,42,146,0.97680838,0.01455447,0.9995813
mnist,proposed,42,147,0.999,0.09774695,1.00104305
mnist,proposed,42,148,0.99790951,0.06254668,0.98390373
mnist,proposed,42,149,0.9979727,0.03421538,1.00130979
mnist,proposed,42,150,0.98196995,0.00291713,1.00717362
mnist,proposed,42,151,0.9913034,0.05372262,0.99074877
mnist,proposed,42,152,0.99729023,0.01155966,0.98379883
mnist,proposed,42,153,0.98862592,0.13233308,1.02096384
mnist,proposed,42,154,0.98744011,0.12967679,0.98347746
mnist,proposed,42,155,0.98817659,0.06002609,0.97830222
mnist,proposed,42,156,0.98193973,0.01708646,0.99304497
mnist,proposed,42,157,0.999,0.07263684,1.01466425
mnist,proposed,42,158,0.98083932,0.02744484,1.0029147
mnist,proposed,42,159,0.99046353,0.0594095,1.02082924
mnist,proposed,42,160,0.97950254,0.00646517,1.01352399
mnist,proposed,42,161,0.98906052,0.04812623,1.00594956
mnist,proposed,42,162,0.98006701,0.0330079,1.00293413
mnist,proposed,42,163,0.99023472,0.06943802,1.01705193
mnist,proposed,42,164,0.98668565,0.05061315,1.0064296
mnist,proposed,42,165,0.98865065,0.0190133,0.994986
mnist,proposed,42,166,0.98595019,0.00209273,1.01482982
mnist,proposed,42,167,0.9890965,0.01357033,1.00127466
mnist,proposed,42,168,0.99566455,0.01814811,0.99410953
mnist,proposed,42,169,0.98585469,0.03249668,0.98662183
mnist,proposed,42,170,0.98094743,0.01415313,0.98580113
mnist,proposed,42,171,0.98283674,0.06586704,0.9992503
mnist,proposed,42,172,0.98366156,0.01793402,1.02436849
mnist,proposed,42,173,0.98785777,0.06784651,0.99013321
mnist,proposed,42,174,0.99223825,0.00500273,1.00821554
mnist,proposed,42,175,0.99017473,0.0934209,1.00193953
mnist,proposed,42,176,0.99323176,0.00361634,0.99039832
mnist,proposed,42,177,0.98268274,0.01473535,0.9923672
mnist,proposed,42,178,0.98096446,0.02910672,0.99659824
mnist,proposed,42,179,0.98349053,0.0375009,0.98695011
mnist,proposed,42,180,0.98924637,0.06941129,0.99534861
mnist,proposed,42,181,0.98975152,0.01868152,1.00188825
mnist,proposed,42,182,0.98742619,0.08449915,1.02622074
mnist,proposed,42,183,0.9775186,0.06988459,0.99483294
mnist,proposed,42,184,0.98524446,0.03673758,1.00713684
mnist,proposed,42,185,0.99155864,0.05312235,0.98428995
mnist,proposed,42,186,0.99063252,0.04253274,0.99904432
mnist,proposed,42,187,0.98827682,0.00292962,1.01631507
mnist,proposed,42,188,0.99328807,0.05991836,1.01424504
mnist,proposed,42,189,0.98477782,0.03183653,1.01128267
mnist,proposed,42,190,0.99469949,0.08170437,1.00560493
mnist,proposed,42,191,0.99564087,0.05609863,1.0002006
mnist,proposed,42,192,0.99345248,0.1023733,1.00098686
mnist,proposed,42,193,0.98706559,0.02788835,0.96110059
mnist,proposed,42,194,0.9908614,0.03966896,0.99433283
mnist,proposed,42,195,0.9914321,0.00261203,0.99347639
mnist,proposed,42,196,0.99415052,0.0133472,1.0027109
mnist,proposed,42,197,0.98729171,0.0350804,1.00416214
mnist,proposed,42,198,0.9847268,0.00026939,1.02309769
mnist,proposed,42,199,0.98152499,0.10053312,1.02241683
mnist,proposed,42,200,0.98603453,0.02625119,0.99369279
mnist,proposed,42,201,0.99826249,0.05514158,0.99198509
mnist,proposed,42,202,0.98653772,0.03191344,1.00629832
mnist,proposed,42,203,0.98793501,0.00729514,1.01603798
mnist,proposed,42,204,0.98377557,0.12047675,1.00524691
mnist,proposed,42,205,0.99600941,0.07319291,1.00047896
mnist,proposed,42,206,0.98633306,0.05403141,0.99714533
mnist,proposed,42,207,0.98979925,0.05019832,0.98640368
mnist,proposed,42,208,0.98262505,0.03216006,0.99485522
mnist,proposed,42,209,0.97973587,0.16002923,1.00242287
mnist,proposed,42,210,0.99362367,0.07010386,1.00154096
mnist,proposed,42,211,0.9894358,0.00301731,0.97555472
mnist,proposed,42,212,0.97876979,0.0403141,0.98628738
mnist,proposed,42,213,0.99488047,0.00865242,0.997223
mnist,proposed,42,214,0.97983653,0.03108743,1.00785113
mnist,proposed,42,215,0.99104593,0.02063053,0.97476868
mnist,proposed,42,216,0.98984533,0.02972134,1.00461593
mnist,proposed,42,217,0.9865747,0.11288751,1.00392989
mnist,proposed,42,218,0.98643911,0.03728862,0.98885147
mnist,proposed,42,219,0.99096404,0.00327096,1.00841039
mnist,proposed,42,220,0.98742968,0.02504182,1.0317077
mnist,proposed,42,221,0.97836414,0.05447071,1.01500226
mnist,proposed,42,222,0.99867124,0.05378713,1.01177719
mnist,proposed,42,223,0.97913451,0.03133034,1.00662011
mnist,proposed,42,224,0.98098669,0.02225335,0.9907409
mnist,proposed,42,225,0.99248059,0.02224652,0.97446408
mnist,proposed,42,226,0.99113249,0.02579186,1.01689124
mnist,proposed,42,227,0.99374305,0.09693965,0.99864183
mnist,proposed,42,228,0.98761535,0.02645048,1.00482491
mnist,proposed,42,229,0.97931681,0.00348258,1.01077951
mnist,proposed,42,230,0.98561993,0.03736128,0.99925462
mnist,proposed,42,231,0.98596045,0.05665535,0.98414301
mnist,proposed,42,232,0.986133,0.09236628,0.99537308
mnist,proposed,42,233,0.98320801,0.00048121,1.00153079
mnist,proposed,42,234,0.98449051,0.02891427,0.99073144
mnist,proposed,42,235,0.98226614,0.07957289,0.99423376
mnist,proposed,42,236,0.97347928,0.00098828,0.98073293
mnist,proposed,42,237,0.98475332,0.07603455,1.00111759
mnist,proposed,42,238,0.98329867,0.01368696,1.00741508
mnist,proposed,42,239,0.98103618,0.0568544,0.98598456
mnist,proposed,42,240,0.9861432,0.03685028,0.99430301
mnist,proposed,42,241,0.99070757,0.00696069,1.01138638
mnist,proposed,42,242,0.98174902,0.01736274,1.02717831
mnist,proposed,42,243,0.98209536,0.0786611,0.96998464
mnist,proposed,42,244,0.99425635,0.0177334,1.01668636
mnist,proposed,42,245,0.99251547,0.05850511,0.99929438
mnist,proposed,42,246,0.98317866,0.02916308,0.99425239
mnist,proposed,42,247,0.999,0.10609572,1.01088315
mnist,proposed,42,248,0.98468954,0.00404871,0.98653507
mnist,proposed,42,249,0.9860694,0.00110636,0.98719799
mnist,proposed,42,250,0.98801075,0.04381123,0.99686123
mnist,proposed,42,251,0.99333563,0.06684526,1.02238526
mnist,proposed,42,252,0.99257878,0.01180106,0.97302126
mnist,proposed,42,253,0.97277907,0.02551251,1.00387045
mnist,proposed,42,254,0.98864744,0.0120076,1.0144292
mnist,proposed,42,255,0.99047828,0.07020281,1.01663937
mnist,proposed,42,256,0.99050695,0.03087039,1.00285598
mnist,proposed,42,257,0.99457498,0.01096317,1.01224326
mnist,proposed,42,258,0.98530162,0.06207577,1.02147818
mnist,proposed,42,259,0.99812452,0.05055461,1.00350833
mnist,proposed,42,260,0.98883103,0.01478994,0.9837411
mnist,proposed,42,261,0.99706073,0.01201781,0.98887045
mnist,proposed,42,262,0.97729703,0.04765671,0.99634912
mnist,proposed,42,263,0.99333287,0.01146048,0.98093793
mnist,proposed,42,264,0.98617546,0.05054364,1.01697276
mnist,proposed,42,265,0.999,0.01576337,0.97412942
mnist,proposed,42,266,0.97973323,0.05089752,1.01298959
mnist,proposed,42,267,0.99707983,0.00435891,0.98598112
mnist,proposed,42,268,0.97650052,0.10230144,0.9783971
mnist,proposed,42,269,0.98032621,0.08699832,1.01562584
mnist,proposed,42,270,0.97885684,0.08009308,0.99281228
mnist,proposed,42,271,0.99072594,0.05776119,0.99783122
mnist,proposed,42,272,0.98079744,0.0313051,1.02258873
mnist,proposed,42,273,0.97768757,0.03015189,0.98187391
mnist,proposed,42,274,0.99300061,0.03477787,1.00589859
mnist,proposed,42,275,0.99370716,0.01904136,1.0321154
mnist,proposed,42,276,0.98324526,0.02344329,0.98377853
mnist,proposed,42,277,0.98780128,0.03072411,1.02388766
mnist,proposed,42,278,0.99767981,0.00752488,0.99497949
mnist,proposed,42,279,0.99194343,0.01374988,1.00081644
mnist,proposed,42,280,0.98054625,0.01153638,1.0099541
mnist,proposed,42,281,0.98839459,0.04703887,1.00340646
mnist,proposed,42,282,0.99336011,0.05776191,0.99000502
mnist,proposed,42,283,0.97890738,0.02707135,0.98069799
mnist,proposed,42,284,0.98657167,0.08011393,0.98786805
mnist,proposed,42,285,0.99094816,0.11948612,0.98339604
mnist,proposed,42,286,0.98807281,0.00159658,0.98165982
mnist,proposed,42,287,0.99218059,0.03874801,1.02642143
mnist,proposed,42,288,0.98410802,0.02481732,0.98151246
mnist,proposed,42,289,0.99508981,0.04595054,1.00751808
mnist,proposed,42,290,0.98012107,0.06308955,1.00555426
mnist,proposed,42,291,0.98606489,0.0062103,0.99146955
mnist,proposed,42,292,0.98561431,0.07629934,1.00283061
mnist,proposed,42,293,0.99517483,0.0320549,1.00743159
mnist,proposed,42,294,0.98395105,0.02606777,1.03517153
mnist,proposed,42,295,0.98960164,0.00755946,1.00571755
mnist,proposed,42,296,0.98836897,0.07247525,1.00246705
mnist,proposed,42,297,0.99162156,0.03368065,1.01423987
mnist,proposed,42,298,0.98316803,0.0318312,0.9813766
mnist,proposed,42,299,0.98934351,0.03838981,0.98726286
mnist,proposed,42,300,0.97706777,0.08524916,0.99465513
mnist,proposed,42,301,0.99015476,0.0541656,0.97599495
mnist,proposed,42,302,0.98687569,0.00363961,0.97980804
mnist,proposed,42,303,0.98313914,0.07834777,1.00960412
mnist,proposed,42,304,0.99612331,0.05594737,0.98309084
mnist,proposed,42,305,0.98617211,0.01846999,1.001348
mnist,proposed,42,306,0.98644231,0.03180102,0.99238927
mnist,proposed,42,307,0.97677549,0.03092697,1.0199702
mnist,proposed,42,308,0.98380449,0.01881374,1.01596977
mnist,proposed,42,309,0.98956961,0.04523231,1.00878144
mnist,proposed,42,310,0.98715109,0.02323238,0.97820906
mnist,proposed,42,311,0.98923932,0.06265376,1.00960014
mnist,proposed,42,312,0.9792645,0.0685263,1.03146883
mnist,proposed,42,313,0.9907621,0.03211836,1.017422
mnist,proposed,42,314,0.98018769,0.057245,1.01285399
mnist,proposed,42,315,0.99043449,0.03552618,0.99821799
mnist,proposed,42,316,0.99841155,0.0354618,0.99331569
mnist,proposed,42,317,0.98666421,0.08995467,0.98624026
mnist,proposed,42,318,0.99334559,0.01906497,1.01314678
mnist,proposed,42,319,0.98858724,0.04459215,0.99205859
mnist,proposed,42,320,0.9935514,0.07367459,0.98748348
mnist,proposed,42,321,0.98521831,0.07050197,0.9985241
mnist,proposed,42,322,0.99503746,0.02721523,1.02141931
mnist,proposed,42,323,0.98394051,0.00308345,0.99387652
mnist,proposed,42,324,0.98756589,0.02207164,1.01728431
mnist,proposed,42,325,0.99210345,0.0445793,1.01118402
mnist,proposed,42,326,0.98719245,0.0012056,1.03115034
mnist,proposed,42,327,0.98180124,0.04342805,0.97651454
mnist,proposed,42,328,0.99787374,0.00979378,1.01361997
mnist,proposed,42,329,0.98659781,0.01655351,0.98918879
mnist,proposed,42,330,0.97802502,0.05014001,0.99808755
mnist,proposed,42,331,0.97959257,0.00813184,1.0042578
mnist,proposed,42,332,0.9789558,0.05250114,1.00053281
mnist,proposed,42,333,0.985089,0.03305481,0.99904649
mnist,proposed,42,334,0.99234874,0.02743593,0.9853541
mnist,proposed,42,335,0.99064707,0.0139664,0.98932969
mnist,proposed,42,336,0.9826088,0.07284349,0.99277509
mnist,proposed,42,337,0.98927257,0.05593329,0.98235474
mnist,proposed,42,338,0.98930239,0.00189206,0.99155473
mnist,proposed,42,339,0.99140816,0.06983635,1.01356829
mnist,proposed,42,340,0.99266276,0.04901643,0.99949348
mnist,proposed,42,341,0.9894875,0.03927916,0.9766663
mnist,proposed,42,342,0.99126206,0.03480704,0.98310354
mnist,proposed,42,343,0.98902015,0.07878756,1.00098674
mnist,proposed,42,344,0.98595523,0.0304587,0.99147615
mnist,proposed,42,345,0.98474679,0.09777047,0.99226741
mnist,proposed,42,346,0.97565579,0.01484814,1.00187509
mnist,proposed,42,347,0.99549514,0.01615032,1.00522728
mnist,proposed,42,348,0.99242118,0.0014587,0.99104303
mnist,proposed,42,349,0.98585184,0.06396886,1.01035287
mnist,proposed,42,350,0.9989166,0.00048458,1.00410216
mnist,proposed,42,351,0.97961693,0.04540224,1.01212102
mnist,proposed,42,352,0.99480797,0.02413986,1.01327825
mnist,proposed,42,353,0.9958198,0.00541124,1.00380211
mnist,proposed,42,354,0.99656193,0.10487355,0.98728211
mnist,proposed,42,355,0.9884508,0.02204931,1.01537022
mnist,proposed,42,356,0.99178226,0.03155569,0.99937636
mnist,proposed,42,357,0.98293812,0.06385023,1.00226317
mnist,proposed,42,358,0.98065945,0.07420977,0.99141067
mnist,proposed,42,359,0.99203065,0.0086336,1.00692609
mnist,proposed,42,360,0.99265084,0.08461172,0.99150929
mnist,proposed,42,361,0.98823499,0.00040657,1.00117886
mnist,proposed,42,362,0.99297112,0.09368407,0.98373482
mnist,proposed,42,363,0.97610257,0.1407744,1.01762081
mnist,proposed,42,364,0.98787455,0.03811435,0.9822889
mnist,proposed,42,365,0.9965818,0.04325472,0.98373017
mnist,proposed,42,366,0.98483737,0.04601136,1.00140827
mnist,proposed,42,367,0.98565863,2.985e-05,0.99552802
mnist,proposed,42,368,0.99027457,0.05192745,0.96300482
mnist,proposed,42,369,0.98571197,0.03724078,0.98367456
mnist,proposed,42,370,0.98241151,0.00552411,0.98333675
mnist,proposed,42,371,0.98960954,0.03798484,0.99844136
mnist,proposed,42,372,0.98976643,0.06495148,0.98909569
mnist,proposed,42,373,0.98708391,0.01285341,1.00440028
mnist,proposed,42,374,0.98097577,0.06699398,0.98954607
mnist,proposed,42,375,0.9937376,0.03602391,0.98733361
mnist,proposed,42,376,0.97944807,0.04835717,0.9775233
mnist,proposed,42,377,0.96524431,0.03660337,1.03515841
mnist,proposed,42,378,0.98600482,0.01848475,1.01002285
mnist,proposed,42,379,0.99309738,0.06369006,0.98121284
mnist,proposed,42,380,0.98599545,0.00103062,1.00326726
mnist,proposed,42,381,0.99587204,0.03618853,0.99148502
mnist,proposed,42,382,0.99850335,0.02206336,0.99997839
mnist,proposed,42,383,0.97650359,0.01273795,0.99206243
mnist,proposed,42,384,0.98212387,0.02575342,1.01730876
mnist,proposed,42,385,0.9860537,0.02819611,1.00169
mnist,proposed,42,386,0.98781877,0.01742741,1.00979708
mnist,proposed,42,387,0.97975655,0.02746413,1.00625925
mnist,proposed,42,388,0.98029502,0.00701204,0.98104723
mnist,proposed,42,389,0.98549722,0.01875027,0.98698396
mnist,proposed,42,390,0.98660232,0.03945512,0.98657495
mnist,proposed,42,391,0.99624763,0.05820759,1.00342056
mnist,proposed,42,392,0.9875405,0.07546222,0.99948161
mnist,proposed,42,393,0.98705301,0.06003216,1.01421589
mnist,proposed,42,394,0.999,0.05906385,1.01513864
mnist,proposed,42,395,0.98055627,0.06374342,1.00525326
mnist,proposed,42,396,0.98627129,0.02341457,0.97883599
mnist,proposed,42,397,0.99724725,0.01094529,0.99454428
mnist,proposed,42,398,0.98867198,0.04533109,1.01039325
mnist,proposed,42,399,0.98245589,0.00165705,1.02188422
mnist,proposed,42,400,0.99464181,0.00526497,0.99169548
mnist,proposed,42,401,0.9808311,0.00243751,1.03927464
mnist,proposed,42,402,0.98743446,0.08967346,0.98442241
mnist,proposed,42,403,0.98636154,0.01654113,0.99369567
mnist,proposed,42,404,0.98342535,0.02180226,1.02355263
mnist,proposed,42,405,0.99156708,0.0171174,1.00729566
mnist,proposed,42,406,0.98827474,0.02902512,0.99880318
mnist,proposed,42,407,0.98237828,0.01831871,0.98992569
mnist,proposed,42,408,0.98737917,0.05285957,1.00104524
mnist,proposed,42,409,0.99002792,0.04966855,0.9798056
mnist,proposed,42,410,0.98757596,0.07261884,0.98943529
mnist,proposed,42,411,0.98881104,0.00946239,0.99092663
mnist,proposed,42,412,0.99175586,0.00843457,0.98320252
mnist,proposed,42,413,0.98628261,0.03957244,1.0126531
mnist,proposed,42,414,0.97676527,0.06731432,1.01207498
mnist,proposed,42,415,0.99228602,0.01910197,0.97537485
mnist,proposed,42,416,0.97977609,0.06043339,1.0358156
mnist,proposed,42,417,0.99024776,0.00521581,0.9918713
mnist,proposed,42,418,0.98695894,0.00551458,0.99346541
mnist,proposed,42,419,0.98633973,0.0783274,1.01510902
mnist,proposed,42,420,0.98543901,0.00026985,0.99674733
mnist,proposed,42,421,0.99522256,0.06110479,0.99359724
mnist,proposed,42,422,0.97758588,0.05165988,0.99479292
mnist,proposed,42,423,0.97711651,0.03438085,1.03034236
mnist,proposed,42,424,0.98564943,0.02423443,0.97881414
mnist,proposed,42,425,0.97878433,0.02283582,0.97879103
mnist,proposed,42,426,0.98721679,0.04596809,1.0013631
mnist,proposed,42,427,0.9783041,0.01550727,1.02070719
mnist,proposed,42,428,0.999,0.00615798,0.99623253
mnist,proposed,42,429,0.98711514,0.0445431,1.01199972
mnist,proposed,42,430,0.99404047,0.08613031,0.98692446
mnist,proposed,42,431,0.98096885,0.03085673,0.98233183
mnist,proposed,42,432,0.99027422,0.01109411,0.98327205
mnist,proposed,42,433,0.98495954,0.01112252,0.99785841
mnist,proposed,42,434,0.97480421,0.01586767,1.03155043
mnist,proposed,42,435,0.97191583,0.04425622,0.98419974
mnist,proposed,42,436,0.99214325,0.02873719,1.02396268
mnist,proposed,42,437,0.98893311,0.00443059,0.99887789
mnist,proposed,42,438,0.98267477,0.03267754,0.97293308
mnist,proposed,42,439,0.99070888,0.05163939,0.99098803
mnist,proposed,42,440,0.98410166,0.11789956,0.9899773
mnist,proposed,42,441,0.99518084,0.02566661,0.99213014
mnist,proposed,42,442,0.98436339,0.02798651,0.99509261
mnist,proposed,42,443,0.99013668,0.10364302,1.01618407
mnist,proposed,42,444,0.98207036,0.0432187,0.98766155
mnist,proposed,42,445,0.99613492,0.05838598,1.00640409
mnist,proposed,42,446,0.97790544,0.0439474,1.00625174
mnist,proposed,42,447,0.98820534,0.01685798,0.99342855
mnist,proposed,42,448,0.98116367,0.05800942,0.9624069
mnist,proposed,42,449,0.999,0.01273368,1.04073096
mnist,proposed,42,450,0.98614444,0.06019919,1.00089689
mnist,proposed,42,451,0.98802211,0.06642682,1.02136615
mnist,proposed,42,452,0.99547732,0.0854639,0.99671823
mnist,proposed,42,453,0.98556608,0.07993575,1.00110816
mnist,proposed,42,454,0.98047336,0.03826709,1.00096439
mnist,proposed,42,455,0.999,0.01699229,0.98631049
mnist,proposed,42,456,0.999,0.03811395,1.03132796
mnist,proposed,42,457,0.99539976,0.00738551,0.97676936
mnist,proposed,42,458,0.98496939,0.07967649,0.99743539
mnist,proposed,42,459,0.99212173,0.02651256,0.99093592
mnist,proposed,42,460,0.99049182,0.05756102,0.97928493
mnist,proposed,42,461,0.99817623,0.09820494,1.00662696
mnist,proposed,42,462,0.98450977,0.00085242,0.99447618
mnist,proposed,42,463,0.98302082,0.04105056,1.00514767
mnist,proposed,42,464,0.98786384,0.01830677,0.99417492
mnist,proposed,42,465,0.99622234,0.12086227,0.99382752
mnist,proposed,42,466,0.97209889,0.11495071,0.99285944
mnist,proposed,42,467,0.98692255,0.00671616,0.98978786
mnist,proposed,42,468,0.98630133,0.00530046,0.99960908
mnist,proposed,42,469,0.98825504,0.0007556,1.0198872
mnist,proposed,42,470,0.99073027,0.08236611,1.00297209
mnist,proposed,42,471,0.97959894,0.10272764,1.01077158
mnist,proposed,42,472,0.99457145,0.01772979,0.96972999
mnist,proposed,42,473,0.98152728,0.00734487,0.99221748
mnist,proposed,42,474,0.99638339,0.124287,0.98537802
mnist,proposed,42,475,0.98975204,0.05615677,1.01399934
mnist,proposed,42,476,0.999,0.11090129,1.00554347
mnist,proposed,42,477,0.98769651,0.0392073,1.01202478
mnist,proposed,42,478,0.98522491,0.00325289,0.9945462
mnist,proposed,42,479,0.98703169,0.01722459,0.99851884
mnist,proposed,42,480,0.98107342,0.00238331,1.00599304
mnist,proposed,42,481,0.99227684,0.05620021,1.02347634
mnist,proposed,42,482,0.98587901,0.01263485,1.0285829
mnist,proposed,42,483,0.98226599,0.0656218,0.99864519
mnist,proposed,42,484,0.98710003,0.0040467,1.00430657
mnist,proposed,42,485,0.98492166,0.02038313,0.99720957
mnist,proposed,42,486,0.98601561,0.02059014,1.03461436
mnist,proposed,42,487,0.99347773,0.03264819,1.01194689
mnist,proposed,42,488,0.97584099,0.05601886,1.00292574
mnist,proposed,42,489,0.98660188,0.04267353,0.99728172
mnist,proposed,42,490,0.99027904,0.07419287,1.01093307
mnist,proposed,42,491,0.98795794,0.04283755,1.01053405
mnist,proposed,42,492,0.97569921,0.02263345,1.00546511
mnist,proposed,42,493,0.99025743,0.02297965,1.00016837
mnist,proposed,42,494,0.98687239,0.01472019,1.01274027
mnist,proposed,42,495,0.98514572,0.05174152,1.02121505
mnist,proposed,42,496,0.98672745,0.0307347,1.01997336
mnist,proposed,42,497,0.98820924,0.03559914,1.01441896
mnist,proposed,42,498,0.99532422,0.00134139,1.01527102
mnist,proposed,42,499,0.98243086,0.04384698,1.01019082
mnist,proposed,42,500,0.99208946,0.12747806,1.00653927
mnist,proposed,42,501,0.99602448,0.07354927,1.00914946
mnist,proposed,42,502,0.98818561,0.08741158,1.00019804
mnist,proposed,42,503,0.98027565,0.04613353,0.98782156
mnist,proposed,42,504,0.97888197,0.00407652,0.991979
mnist,proposed,42,505,0.99053535,0.05410686,1.02081451
mnist,proposed,42,506,0.98544269,0.01220852,1.01347
mnist,proposed,42,507,0.9971423,0.05413593,1.01498709
mnist,proposed,42,508,0.98694302,0.04639764,0.96902903
mnist,proposed,42,509,0.98098065,0.05029244,1.01434194
mnist,proposed,42,510,0.99230203,0.00054463,0.99097454
mnist,proposed,42,511,0.98001015,0.03421519,1.00468779
mnist,proposed,42,512,0.99403862,0.11596412,0.99072836
mnist,proposed,42,513,0.98385217,0.04810847,0.98721871
mnist,proposed,42,514,0.99689096,0.04240601,0.97604781
mnist,proposed,42,515,0.98715992,0.0371783,0.9860802
mnist,proposed,42,516,0.99056228,0.01980015,1.01261248
mnist,proposed,42,517,0.98901359,0.01558432,1.01545362
mnist,proposed,42,518,0.99334275,0.05262163,1.00701119
mnist,proposed,42,519,0.99276435,0.05671315,0.99944135
mnist,proposed,42,520,0.99000099,0.02626748,1.00785404
mnist,proposed,42,521,0.97925987,0.02224258,0.96539147
mnist,proposed,42,522,0.9807246,0.00399966,0.99983744
mnist,proposed,42,523,0.99148849,0.0372889,0.98355176
mnist,proposed,42,524,0.98749551,0.07976746,0.99682189
mnist,proposed,42,525,0.99859691,0.04119014,0.98474065
mnist,proposed,42,526,0.9843236,0.05619945,1.00695158
mnist,proposed,42,527,0.986513,0.04513922,0.99540418
mnist,proposed,42,528,0.98522238,0.14162269,1.00384365
mnist,proposed,42,529,0.99102629,0.08649975,1.00454488
mnist,proposed,42,530,0.98801937,0.05191819,0.97627274
mnist,proposed,42,531,0.99412533,0.03837087,1.00933612
mnist,proposed,42,532,0.98871591,0.08239226,1.01178992
mnist,proposed,42,533,0.98840367,0.02423443,1.00301778
mnist,proposed,42,534,0.99172629,0.01042743,0.99523545
mnist,proposed,42,535,0.99129598,0.00379178,0.97619799
mnist,proposed,42,536,0.99107371,0.10609918,0.99736663
mnist,proposed,42,537,0.99687374,0.00088198,1.01297446
mnist,proposed,42,538,0.98940401,0.0462558,0.99810457
mnist,proposed,42,539,0.99012372,0.09804862,0.99859856
mnist,proposed,42,540,0.98216516,0.03459963,1.01845757
mnist,proposed,42,541,0.98129698,0.09209717,1.01086582
mnist,proposed,42,542,0.98850654,0.07068494,0.96779695
mnist,proposed,42,543,0.98820225,0.00744435,0.98929963
mnist,proposed,42,544,0.9944989,0.08597702,0.98714247
mnist,proposed,42,545,0.99897115,0.00988356,1.01627204
mnist,proposed,42,546,0.9943178,0.01472024,1.02116339
mnist,proposed,42,547,0.9812856,0.01422237,0.99252775
mnist,proposed,42,548,0.99016672,0.03525295,0.99635821
mnist,proposed,42,549,0.98573257,0.00956898,1.00799312
mnist,proposed,42,550,0.98018278,0.0253191,0.99988493
mnist,proposed,42,551,0.9861692,0.02908187,1.01480854
mnist,proposed,42,552,0.98454535,0.01839537,0.98918581
mnist,proposed,42,553,0.99276679,0.00843738,1.00485582
mnist,proposed,42,554,0.98480417,0.00435615,1.00363774
mnist,proposed,42,555,0.97879066,0.04172417,0.97216274
mnist,proposed,42,556,0.98126217,0.02002362,0.98575393
mnist,proposed,42,557,0.98095567,0.01054417,0.98900615
mnist,proposed,42,558,0.98812636,0.00967868,0.97578656
mnist,proposed,42,559,0.98523567,0.02778164,0.97518304
mnist,proposed,42,560,0.98519704,0.04315686,0.99165687
mnist,proposed,42,561,0.99143228,0.02713434,0.97186031
mnist,proposed,42,562,0.98511596,0.08610928,0.97366809
mnist,proposed,42,563,0.98383347,0.0473958,0.98879425
mnist,proposed,42,564,0.99503009,0.06698426,1.00330044
mnist,proposed,42,565,0.98990482,0.00611311,0.99727497
mnist,proposed,42,566,0.98956443,0.08867494,1.01199668
mnist,proposed,42,567,0.98392724,0.01056372,0.97955013
mnist,proposed,42,568,0.98835344,0.05823769,1.02039478
mnist,proposed,42,569,0.98702263,0.08389261,1.00122792
mnist,proposed,42,570,0.98826556,0.07846234,1.00695029
mnist,proposed,42,571,0.9845672,0.04420988,0.99695235
mnist,proposed,42,572,0.98582242,0.01339265,1.00368804
mnist,proposed,42,573,0.97715837,0.07523048,1.02482937
mnist,proposed,42,574,0.9878595,0.03333563,0.99252452
mnist,proposed,42,575,0.98176023,0.0377729,1.01359952
mnist,proposed,42,576,0.98234094,0.0037248,1.00885721
mnist,proposed,42,577,0.9927759,0.03137509,0.98872519
mnist,proposed,42,578,0.99498725,0.03914364,0.98362132
mnist,proposed,42,579,0.99858811,0.03758332,0.99422716
mnist,proposed,42,580,0.99428428,0.011566,1.00665219
mnist,proposed,42,581,0.98645158,0.04420759,0.99371724
mnist,proposed,42,582,0.98747548,0.02563272,1.0060986
mnist,proposed,42,583,0.99731842,0.03270798,1.01096645
mnist,proposed,42,584,0.97233603,0.00802908,1.02168004
mnist,proposed,42,585,0.97841014,0.04131452,0.98249363
mnist,proposed,42,586,0.97951613,0.01708621,0.97661989
mnist,proposed,42,587,0.98552929,0.055656,0.98500857
mnist,proposed,42,588,0.98353058,0.04069778,0.98039335
mnist,proposed,42,589,0.98616352,0.0263678,1.00547588
mnist,proposed,42,590,0.98190706,0.03063496,1.01408252
mnist,proposed,42,591,0.99237864,0.04274171,0.98686194
mnist,proposed,42,592,0.98302067,0.04963062,0.98660825
mnist,proposed,42,593,0.98614031,0.04273613,1.00875824
mnist,proposed,42,594,0.97815803,0.0129491,1.00320481
mnist,proposed,42,595,0.98541475,0.03287858,1.01219606
mnist,proposed,42,596,0.98109739,0.01471882,0.97585821
mnist,proposed,42,597,0.99286631,0.01493681,1.00176274
mnist,proposed,42,598,0.982972,0.00790797,1.00673058
mnist,proposed,42,599,0.9771155,0.10125631,0.98468515
mnist,proposed,42,600,0.98669909,0.0108935,0.99840766
mnist,proposed,42,601,0.9949655,0.04282554,1.01864611
mnist,proposed,42,602,0.98723944,0.07837055,1.02116662
mnist,proposed,42,603,0.98527009,0.00292167,1.00350519
mnist,proposed,42,604,0.98920731,0.08140994,1.00317907
mnist,proposed,42,605,0.98736648,0.01324722,1.01489343
mnist,proposed,42,606,0.98867437,0.03501283,1.00370126
mnist,proposed,42,607,0.98703907,0.03892901,1.012214
mnist,proposed,42,608,0.99150728,9.164e-05,0.98334569
mnist,proposed,42,609,0.98428649,0.04232662,0.97140767
mnist,proposed,42,610,0.98899569,0.08585104,1.01435721
mnist,proposed,42,611,0.97855051,0.01913366,0.99903779
mnist,proposed,42,612,0.98449615,0.0519204,0.99455968
mnist,proposed,42,613,0.98960203,0.00696275,1.00595518
mnist,proposed,42,614,0.98469247,0.0122458,1.00796302
mnist,proposed,42,615,0.98034551,0.0277001,1.00401099
mnist,proposed,42,616,0.98349081,0.07667888,0.99981034
mnist,proposed,42,617,0.98106536,0.03924179,1.01062409
mnist,proposed,42,618,0.99866138,0.02710968,0.98605168
mnist,proposed,42,619,0.99340273,0.06130817,1.00862585
mnist,proposed,42,620,0.98310233,0.00530443,1.0135841
mnist,proposed,42,621,0.98450053,0.03982118,1.01629219
mnist,proposed,42,622,0.98765088,0.06296373,1.00554421
mnist,proposed,42,623,0.98643182,0.02621991,1.00053418
mnist,proposed,42,624,0.97730047,0.04299421,1.00605004
mnist,proposed,42,625,0.98678963,0.02941699,1.00767051
mnist,proposed,42,626,0.97670249,0.05174321,0.99441423
mnist,proposed,42,627,0.999,0.07224772,1.02784831
mnist,proposed,42,628,0.98152472,0.06166696,1.01477952
mnist,proposed,42,629,0.9959741,0.0262359,1.02394478
mnist,proposed,42,630,0.98383222,0.01775139,1.00294273
mnist,proposed,42,631,0.99309337,0.06311624,0.99946507
mnist,proposed,42,632,0.97923927,0.0197334,1.01321741
mnist,proposed,42,633,0.9920371,0.01420794,1.02163725
mnist,proposed,42,634,0.98523872,0.00366422,1.00839153
mnist,proposed,42,635,0.98822011,0.01872359,0.98439277
mnist,proposed,42,636,0.98388276,0.04689502,0.99620362
mnist,proposed,42,637,0.98747885,0.01163668,1.02727753
mnist,proposed,42,638,0.9866931,0.06268028,1.0035896
mnist,proposed,42,639,0.9874624,0.06672831,1.00701078
mnist,proposed,42,640,0.98620207,0.0719098,0.9833752
mnist,proposed,42,641,0.99049213,0.02179294,0.98678507
mnist,proposed,42,642,0.99186257,0.00978868,0.98426302
mnist,proposed,42,643,0.9867924,0.01861366,0.97924033
mnist,proposed,42,644,0.9835011,0.05560008,0.98777732
mnist,proposed,42,645,0.98005749,0.11787689,1.01305118
mnist,proposed,42,646,0.98247144,0.02210907,0.99035566
mnist,proposed,42,647,0.9987191,0.06893485,1.00188766
mnist,proposed,42,648,0.98462398,0.08369372,0.99135956
mnist,proposed,42,649,0.99447205,0.09317786,1.0051561
mnist,proposed,42,650,0.98505171,0.02531499,1.00876093
mnist,proposed,42,651,0.98265032,0.02619135,0.99089377
mnist,proposed,42,652,0.98705424,0.03658524,1.02968725
mnist,proposed,42,653,0.97669461,0.06935235,1.02714998
mnist,proposed,42,654,0.98770724,0.07029184,0.98184537
mnist,proposed,42,655,0.97639901,0.01001447,0.99574682
mnist,proposed,42,656,0.99459521,0.04874015,0.97603763
mnist,proposed,42,657,0.9923145,0.03937672,0.99893361
mnist,proposed,42,658,0.9946607,0.04188266,0.99761903
mnist,proposed,42,659,0.97774448,0.01148538,0.98205589
mnist,proposed,42,660,0.97948189,0.00016261,1.00839259
mnist,proposed,42,661,0.98385298,0.02267586,0.99891452
mnist,proposed,42,662,0.98587015,0.08089297,0.98308087
mnist,proposed,42,663,0.99233282,0.00536294,0.99114017
mnist,proposed,42,664,0.99325227,0.10766405,0.98257747
mnist,proposed,42,665,0.98519603,0.00302839,0.97561875
mnist,proposed,42,666,0.98393159,0.0135372,0.99534836
mnist,proposed,42,667,0.99261988,0.01445371,0.98917748
mnist,proposed,42,668,0.99339314,0.0126227,1.01605002
mnist,proposed,42,669,0.98614566,0.02644333,0.99746841
mnist,proposed,42,670,0.98482991,0.03280876,1.02712525
mnist,proposed,42,671,0.98502546,0.0237357,0.98773202
mnist,proposed,42,672,0.98625147,0.07585178,1.00225926
mnist,proposed,42,673,0.98634676,0.07803363,0.9820621
mnist,proposed,42,674,0.99645747,0.07431999,1.00258079
mnist,proposed,42,675,0.98563652,0.02685485,0.98717214
mnist,proposed,42,676,0.9735811,0.01736775,1.01680232
mnist,proposed,42,677,0.97596423,0.0374638,0.97739298
mnist,proposed,42,678,0.98579785,0.00756354,1.00729855
mnist,proposed,42,679,0.98889709,0.01083246,0.99240061
mnist,proposed,42,680,0.99264256,0.02441262,0.97076133
mnist,proposed,42,681,0.9829795,0.02456629,1.00333789
mnist,proposed,42,682,0.98806903,0.01576989,1.02788955
mnist,proposed,42,683,0.97906637,0.02409731,1.01119787
mnist,proposed,42,684,0.98894196,0.01169594,0.98577526
mnist,proposed,42,685,0.97932009,0.01895252,1.03274674
mnist,proposed,42,686,0.9887013,0.00536846,0.99621281
mnist,proposed,42,687,0.99216454,0.06051913,0.99721015
mnist,proposed,42,688,0.97960809,0.13190412,0.98658699
mnist,proposed,42,689,0.98701648,0.02102282,0.99173898
mnist,proposed,42,690,0.98231955,0.04866626,1.00566048
mnist,proposed,42,691,0.98798114,0.00017405,1.00807063
mnist,proposed,42,692,0.98501602,0.01760526,1.01541945
mnist,proposed,42,693,0.98408652,0.0594546,0.99016227
mnist,proposed,42,694,0.97878213,0.05249543,1.0193585
mnist,proposed,42,695,0.97715881,0.04386423,0.99553156
mnist,proposed,42,696,0.98638113,0.01858044,0.97997622
mnist,proposed,42,697,0.98517105,0.09930374,1.01614536
mnist,proposed,42,698,0.98869309,0.05527966,1.01396597
mnist,proposed,42,699,0.99658513,0.03325742,1.01255793
mnist,proposed,42,700,0.98258288,0.13577973,0.9873592
mnist,proposed,42,701,0.98395279,0.05610851,1.02474351
mnist,proposed,42,702,0.98284856,0.01425676,1.01351484
mnist,proposed,42,703,0.98639946,0.01868772,0.98812914
mnist,proposed,42,704,0.98487849,0.03282814,0.99829266
mnist,proposed,42,705,0.98389343,0.04953489,0.97859488
mnist,proposed,42,706,0.98329288,0.0426442,0.99331854
mnist,proposed,42,707,0.97935603,0.03886321,0.99520306
mnist,proposed,42,708,0.98186452,0.04367113,0.9932009
mnist,proposed,42,709,0.98020595,0.02021794,0.98720524
mnist,proposed,42,710,0.98606764,0.00509082,0.99514186
mnist,proposed,42,711,0.9895788,0.09052616,0.99775888
mnist,proposed,42,712,0.98471598,0.00022579,0.99732567
mnist,proposed,42,713,0.99264825,0.04207479,1.01747169
mnist,proposed,42,714,0.98939008,0.08321364,1.01792798
mnist,proposed,42,715,0.98906439,0.03415496,1.00437222
mnist,proposed,42,716,0.99799498,0.01913865,0.99979487
mnist,proposed,42,717,0.98682489,0.14709166,0.98271279
mnist,proposed,42,718,0.98071782,0.05300524,0.99311969
mnist,proposed,42,719,0.97969947,0.068369,1.01983145
mnist,proposed,42,720,0.99353247,0.07305037,1.01693851
mnist,proposed,42,721,0.98680458,0.02787352,1.02480579
mnist,proposed,42,722,0.98713491,0.02378954,1.01612253
mnist,proposed,42,723,0.9811678,0.01533364,0.99429356
mnist,proposed,42,724,0.99318248,0.03619326,0.99185131
mnist,proposed,42,725,0.99719877,0.08862012,1.00221952
mnist,proposed,42,726,0.97903282,0.02923641,1.00314874
mnist,proposed,42,727,0.97150226,0.03982549,1.01264974
mnist,proposed,42,728,0.98027325,0.08392119,1.0200457
mnist,proposed,42,729,0.9924361,0.05546929,1.00537723
mnist,proposed,42,730,0.98864456,0.04839027,0.98497678
mnist,proposed,42,731,0.97848842,0.05424858,0.99853869
mnist,proposed,42,732,0.9947085,0.0474573,1.00340458
mnist,proposed,42,733,0.98483653,0.03352985,1.00660852
mnist,proposed,42,734,0.99349194,0.0083204,1.00478773
mnist,proposed,42,735,0.97953006,0.02312836,1.00396938
mnist,proposed,42,736,0.97492454,0.01636167,0.99159535
mnist,proposed,42,737,0.99662217,0.01844727,1.00974841
mnist,proposed,42,738,0.99224277,0.03039927,1.00803035
mnist,proposed,42,739,0.9779046,0.01295354,1.01377539
mnist,proposed,42,740,0.99241543,0.01174882,0.99023088
mnist,proposed,42,741,0.98202667,0.04453156,1.01319865
mnist,proposed,42,742,0.98383772,0.01944389,1.00500557
mnist,proposed,42,743,0.98181311,0.03092885,0.97828968
mnist,proposed,42,744,0.98789199,0.01399183,1.01149164
mnist,proposed,42,745,0.98428331,0.0341663,1.00444479
mnist,proposed,42,746,0.97912221,0.00557622,0.99201528
mnist,proposed,42,747,0.98766352,0.01156138,0.99067612
mnist,proposed,42,748,0.98479202,0.03700862,1.00985918
mnist,proposed,42,749,0.97760848,0.1093171,1.03218254
mnist,proposed,42,750,0.97682754,0.02239641,0.98818413
mnist,proposed,42,751,0.98350551,0.04583154,1.00654295
mnist,proposed,42,752,0.98833103,0.05691721,1.01717992
mnist,proposed,42,753,0.98748958,0.07976658,1.00689422
mnist,proposed,42,754,0.99608062,0.03053023,1.01995491
mnist,proposed,42,755,0.9972363,0.04611063,1.02473647
mnist,proposed,42,756,0.99089102,0.04440169,1.00575909
mnist,proposed,42,757,0.98487306,0.00321962,0.99196191
mnist,proposed,42,758,0.98120588,0.02799176,1.02450754
mnist,proposed,42,759,0.98972308,0.04727836,0.99742102
mnist,proposed,42,760,0.98715156,0.04754036,1.00583393
mnist,proposed,42,761,0.98726671,0.06499173,1.03600553
mnist,proposed,42,762,0.97298719,0.04005349,1.01068513
mnist,proposed,42,763,0.99407302,0.03075016,1.00703146
mnist,proposed,42,764,0.99179364,0.05166772,0.97848395
mnist,proposed,42,765,0.98462348,0.00900909,1.00728007
mnist,proposed,42,766,0.981236,0.02243273,0.99518773
mnist,proposed,42,767,0.98508989,0.01657974,1.01368548
mnist,proposed,42,768,0.99242529,0.04451269,1.01041911
mnist,proposed,42,769,0.97796014,0.03808972,1.02041971
mnist,proposed,42,770,0.98318809,0.03042347,1.02857694
mnist,proposed,42,771,0.98847632,0.01467708,0.99419929
mnist,proposed,42,772,0.97771049,0.01566525,0.98956073
mnist,proposed,42,773,0.99263984,0.0597832,0.97701919
mnist,proposed,42,774,0.99650755,0.00819527,0.96830814
mnist,proposed,42,775,0.98721668,0.02914349,0.9714653
mnist,proposed,42,776,0.98481267,0.04687732,1.00831843
mnist,proposed,42,777,0.98356802,0.00943518,1.00975626
mnist,proposed,42,778,0.98665143,0.12378331,0.9873814
mnist,proposed,42,779,0.99848944,0.01110839,0.9945581
mnist,proposed,42,780,0.97878698,0.0240327,0.99109371
mnist,proposed,42,781,0.98734895,0.07570608,0.98683932
mnist,proposed,42,782,0.98725284,0.01521073,1.02107058
mnist,proposed,42,783,0.99118052,0.02502154,1.00609139
mnist,proposed,42,784,0.99016365,0.02585479,0.98584607
mnist,proposed,42,785,0.98970745,0.0551712,0.98248539
mnist,proposed,42,786,0.97761146,0.04769447,0.98984181
mnist,proposed,42,787,0.986257,0.03137816,1.0114849
mnist,proposed,42,788,0.98966289,0.04519775,1.00217713
mnist,proposed,42,789,0.97428472,0.01787913,0.98207401
mnist,proposed,42,790,0.99382829,0.01425834,1.01940697
mnist,proposed,42,791,0.99127881,0.01970068,0.9988196
mnist,proposed,42,792,0.98663235,0.11573776,0.99245471
mnist,proposed,42,793,0.97875292,0.05328528,0.99367165
mnist,proposed,42,794,0.97339085,0.02378171,1.01391942
mnist,proposed,42,795,0.97472372,0.11447334,1.01762041
mnist,proposed,42,796,0.99249831,0.08120954,1.01720204
mnist,proposed,42,797,0.97858611,8.789e-05,1.01944218
mnist,proposed,42,798,0.99018458,0.06193654,1.00927479
mnist,proposed,42,799,0.97967921,0.0375387,0.99852447
mnist,proposed,42,800,0.98889884,0.01335313,0.99728066
mnist,proposed,42,801,0.97927916,0.01101251,1.00688565
mnist,proposed,42,802,0.9961168,0.00708805,0.99106897
mnist,proposed,42,803,0.9818012,0.02655219,1.01313164
mnist,proposed,42,804,0.99533534,0.02195788,0.99207767
mnist,proposed,42,805,0.99590424,0.0104966,1.01057033
mnist,proposed,42,806,0.9895545,0.06020968,0.9754121
mnist,proposed,42,807,0.98799131,0.05251443,0.99095863
mnist,proposed,42,808,0.99109005,0.03438436,1.00420403
mnist,proposed,42,809,0.99016809,0.00604105,0.97544895
mnist,proposed,42,810,0.97987247,0.01642459,1.00733775
mnist,proposed,42,811,0.98927622,0.0695411,0.98607555
mnist,proposed,42,812,0.98416748,0.01632294,1.00782444
mnist,proposed,42,813,0.98811212,0.01563768,1.00794987
mnist,proposed,42,814,0.98686179,0.01280815,0.99911508
mnist,proposed,42,815,0.98468473,0.0015284,1.02410499
mnist,proposed,42,816,0.98354097,0.02670851,0.99493648
mnist,proposed,42,817,0.98902732,0.05900098,1.01590768
mnist,proposed,42,818,0.98691786,0.02646423,1.00482403
mnist,proposed,42,819,0.9931845,0.01516171,1.03040052
mnist,proposed,42,820,0.98629514,0.01086553,1.00054145
mnist,proposed,42,821,0.98854696,0.03830623,0.95597568
mnist,proposed,42,822,0.98851678,0.0490842,1.00536418
mnist,proposed,42,823,0.98645946,0.04074825,1.00618746
mnist,proposed,42,824,0.98142598,0.01699981,1.00436471
mnist,proposed,42,825,0.99332547,0.03633724,0.99445926
mnist,proposed,42,826,0.98379544,0.02596947,1.00445642
mnist,proposed,42,827,0.99740525,0.00826311,0.99633668
mnist,proposed,42,828,0.9851033,0.01704372,1.00877434
mnist,proposed,42,829,0.98403443,0.04838092,1.00234628
mnist,proposed,42,830,0.98749549,0.05079931,0.99688817
mnist,proposed,42,831,0.98589404,0.06325223,1.00076143
mnist,proposed,42,832,0.99185862,0.06859172,0.99710697
mnist,proposed,42,833,0.99680654,0.05411005,0.98236187
mnist,proposed,42,834,0.98221044,0.08145801,1.00350275
mnist,proposed,42,835,0.99562166,0.10630951,1.01207002
mnist,proposed,42,836,0.99054686,0.06499975,1.02281394
mnist,proposed,42,837,0.98921419,0.0314395,0.99027915
mnist,proposed,42,838,0.99569876,0.06904743,0.9946018
mnist,proposed,42,839,0.98422786,0.02974774,1.01876739
mnist,proposed,42,840,0.98724176,0.01592445,1.02605739
mnist,proposed,42,841,0.98002477,0.01191872,1.04228153
mnist,proposed,42,842,0.98664264,0.05457042,0.9837223
mnist,proposed,42,843,0.98649963,0.05477089,0.9896692
mnist,proposed,42,844,0.98607185,0.010085,1.01473493
mnist,proposed,42,845,0.981881,0.00291483,0.97695883
mnist,proposed,42,846,0.9854635,0.00679115,1.01775415
mnist,proposed,42,847,0.99006342,0.03092489,0.98360806
mnist,proposed,42,848,0.98640406,0.07999709,0.98147342
mnist,proposed,42,849,0.98430569,0.0778444,1.00108467
mnist,proposed,42,850,0.98146431,0.04185921,1.00171901
mnist,proposed,42,851,0.9972261,0.00830381,0.95952263
mnist,proposed,42,852,0.98224144,0.06239081,0.99990016
mnist,proposed,42,853,0.99030283,0.02036502,1.01136089
mnist,proposed,42,854,0.98621544,0.01382775,1.01106489
mnist,proposed,42,855,0.98101858,0.11514286,1.01509033
mnist,proposed,42,856,0.98857558,0.02540365,0.98893842
mnist,proposed,42,857,0.99167976,0.00144029,1.00514362
mnist,proposed,42,858,0.9824285,0.03063571,1.00234147
mnist,proposed,42,859,0.98510562,0.01644162,0.98795957
mnist,proposed,42,860,0.97809686,0.0641664,0.97638329
mnist,proposed,42,861,0.98474113,0.08257952,0.99228365
mnist,proposed,42,862,0.99319502,0.00651439,1.00315804
mnist,proposed,42,863,0.99453691,0.00885247,0.98158735
mnist,proposed,42,864,0.9892804,0.07952896,0.99938358
mnist,proposed,42,865,0.98580981,0.04447047,1.01097522
mnist,proposed,42,866,0.98201907,0.0395428,0.99151214
mnist,proposed,42,867,0.97817587,0.02680606,0.99735459
mnist,proposed,42,868,0.98669204,0.07222172,1.0170937
mnist,proposed,42,869,0.98291208,0.01443731,0.98455633
mnist,proposed,42,870,0.99095828,0.04254436,1.00042523
mnist,proposed,42,871,0.98533006,0.00087925,0.99498544
mnist,proposed,42,872,0.98847217,0.03978466,1.03570952
mnist,proposed,42,873,0.98873364,0.06787738,1.00920233
mnist,proposed,42,874,0.9883286,0.01973,1.00759732
mnist,proposed,42,875,0.98968419,0.0396189,0.99673844
mnist,proposed,42,876,0.98240122,0.02475879,0.98943635
mnist,proposed,42,877,0.98786039,0.02853516,1.02185099
mnist,proposed,42,878,0.9895578,0.10918105,0.96999001
mnist,proposed,42,879,0.99080132,0.02666297,0.99759348
mnist,proposed,42,880,0.98479582,0.02480512,1.00253465
mnist,proposed,42,881,0.99468336,0.02581211,1.00536784
mnist,proposed,42,882,0.9817894,0.0789977,1.00022498
mnist,proposed,42,883,0.98870992,0.07683196,1.02450862
mnist,proposed,42,884,0.97891528,0.00719458,0.97077335
mnist,proposed,42,885,0.98601321,0.05280153,1.00987439
mnist,proposed,42,886,0.99031109,0.00982894,1.00042666
mnist,proposed,42,887,0.99787174,0.04366076,0.99910925
mnist,proposed,42,888,0.98150224,0.06694208,0.98390746
mnist,proposed,42,889,0.97905347,0.02931189,1.0000584
mnist,proposed,42,890,0.97414949,0.04321838,1.01608769
mnist,proposed,42,891,0.9938224,0.01803155,1.01445293
mnist,proposed,42,892,0.99109291,0.06348832,0.9804773
mnist,proposed,42,893,0.99696293,0.02217643,1.01497675
mnist,proposed,42,894,0.98042821,0.01265614,0.99743252
mnist,proposed,42,895,0.99104496,0.04667702,1.02449209
mnist,proposed,42,896,0.98131868,0.08056662,1.01005038
mnist,proposed,42,897,0.98617889,0.11014522,0.99161246
mnist,proposed,42,898,0.98310961,0.01894047,1.01730068
mnist,proposed,42,899,0.98241258,0.07566622,0.97525382
mnist,proposed,42,900,0.98929298,0.0159655,0.99722172
mnist,proposed,42,901,0.9869802,0.06658562,0.97264597
mnist,proposed,42,902,0.98096656,0.01277934,1.0233549
mnist,proposed,42,903,0.9809459,0.03870558,0.98082371
mnist,proposed,42,904,0.97998392,0.04285974,1.02432525
mnist,proposed,42,905,0.999,0.01886399,0.98071108
mnist,proposed,42,906,0.99102944,0.11402527,0.98820713
mnist,proposed,42,907,0.999,0.05407744,0.99447175
mnist,proposed,42,908,0.98032181,0.00392753,1.01224896
mnist,proposed,42,909,0.98715559,0.02903821,0.9855344
mnist,proposed,42,910,0.99770068,0.04696525,0.9920727
mnist,proposed,42,911,0.98936225,0.06805255,1.01600563
mnist,proposed,42,912,0.98237547,0.00289792,1.02051019
mnist,proposed,42,913,0.999,0.02933216,0.99709719
mnist,proposed,42,914,0.98429563,0.09616543,1.00253094
mnist,proposed,42,915,0.9806597,0.09252866,1.00154851
mnist,proposed,42,916,0.98089075,0.0695858,1.01737034
mnist,proposed,42,917,0.9793575,0.07276525,0.98190011
mnist,proposed,42,918,0.97823471,0.06539175,1.03775807
mnist,proposed,42,919,0.98582524,0.02153406,0.99339451
mnist,proposed,42,920,0.98906315,0.0156555,1.00694423
mnist,proposed,42,921,0.99179582,0.01245871,0.98758665
mnist,proposed,42,922,0.99031472,0.0085903,1.0082631
mnist,proposed,42,923,0.98969911,0.0171977,0.99457974
mnist,proposed,42,924,0.98266544,0.05742689,1.04253438
mnist,proposed,42,925,0.98920881,0.0380322,0.97501023
mnist,proposed,42,926,0.98687614,0.01255934,0.99901617
mnist,proposed,42,927,0.98479813,0.00472663,0.97173067
mnist,proposed,42,928,0.99668248,0.11893528,0.97723735
mnist,proposed,42,929,0.9943466,0.08844597,0.97642892
mnist,proposed,42,930,0.99029753,0.02778851,0.9649669
mnist,proposed,42,931,0.98888537,0.04323798,0.99558157
mnist,proposed,42,932,0.98177802,0.03643508,0.98178564
mnist,proposed,42,933,0.98391491,0.04915382,0.99669504
mnist,proposed,42,934,0.99727988,0.03265673,0.98319161
mnist,proposed,42,935,0.98675739,0.04432476,0.9827915
mnist,proposed,42,936,0.9878748,0.04696581,1.01989642
mnist,proposed,42,937,0.9861949,0.0371189,0.98887289
mnist,proposed,42,938,0.98991804,0.0386997,0.9872412
mnist,proposed,42,939,0.99572973,0.0307455,0.98915857
mnist,proposed,42,940,0.9919621,0.01166583,0.96650202
mnist,proposed,42,941,0.99124124,0.01377769,1.00289603
mnist,proposed,42,942,0.99598035,0.00185033,1.00256349
mnist,proposed,42,943,0.98898267,0.04440499,0.99209559
mnist,proposed,42,944,0.99636358,0.0816257,1.01418359
mnist,proposed,42,945,0.99113344,0.06425379,1.00646418
mnist,proposed,42,946,0.98943682,0.03718159,1.01628581
mnist,proposed,42,947,0.98596889,0.03381084,1.00168924
mnist,proposed,42,948,0.98725186,0.04870426,0.98346459
mnist,proposed,42,949,0.98898186,0.02481897,1.00151919
mnist,proposed,42,950,0.99688624,0.02993851,0.96992117
mnist,proposed,42,951,0.98237147,0.01801379,0.99461992
mnist,proposed,42,952,0.97944433,0.03581351,1.01087826
mnist,proposed,42,953,0.9803853,0.00747008,1.03227541
mnist,proposed,42,954,0.98613127,0.05212792,1.01666432
mnist,proposed,42,955,0.9803967,0.08025794,1.00199748
mnist,proposed,42,956,0.99372187,0.03571674,1.0178217
mnist,proposed,42,957,0.98086952,0.01796884,1.01102143
mnist,proposed,42,958,0.98133326,0.05433321,1.01949209
mnist,proposed,42,959,0.98389731,0.05400069,1.0152579
mnist,proposed,42,960,0.98715879,0.00392997,1.02250947
mnist,proposed,42,961,0.98274625,0.03220607,0.97976766
mnist,proposed,42,962,0.97857786,0.03412025,1.00625206
mnist,proposed,42,963,0.98917934,0.05527281,0.9783902
mnist,proposed,42,964,0.98575391,0.10230803,1.00931827
mnist,proposed,42,965,0.97988867,0.00417304,0.99829879
mnist,proposed,42,966,0.98298558,0.02012147,0.98350737
mnist,proposed,42,967,0.98280233,0.0437957,0.99937106
mnist,proposed,42,968,0.999,0.00627487,0.96732809
mnist,proposed,42,969,0.98948799,0.0703874,1.00799082
mnist,proposed,42,970,0.97838655,0.0296758,1.00840303
mnist,proposed,42,971,0.98887688,0.00502166,0.97973984
mnist,proposed,42,972,0.97554769,0.05969084,0.98381222
mnist,proposed,42,973,0.98528666,0.00480895,1.00086781
mnist,proposed,42,974,0.98467276,0.01999835,0.99804029
mnist,proposed,42,975,0.9810389,0.0870785,1.00689693
mnist,proposed,42,976,0.999,0.1020706,0.99301941
mnist,proposed,42,977,0.98293616,0.05522618,1.01568441
mnist,proposed,42,978,0.99174185,0.00578,0.97783543
mnist,proposed,42,979,0.98021175,0.03862563,0.99783718
mnist,proposed,42,980,0.99645211,0.01104141,0.98349785
mnist,proposed,42,981,0.9817352,0.02943683,0.99102971
mnist,proposed,42,982,0.97303801,0.00050917,1.01064159
mnist,proposed,42,983,0.98268775,0.005889,1.00123787
mnist,proposed,42,984,0.97890573,0.02686282,0.99626498
mnist,proposed,42,985,0.98953934,0.05370777,0.96055585
mnist,proposed,42,986,0.97528528,0.10611902,0.98090707
mnist,proposed,42,987,0.98580396,0.01770689,1.00070706
mnist,proposed,42,988,0.9938841,0.02776486,1.00818588
mnist,proposed,42,989,0.98840926,0.1049776,1.00231558
mnist,proposed,42,990,0.98897015,0.05254911,0.99043775
mnist,proposed,42,991,0.99190643,0.03777315,0.99283776
mnist,proposed,42,992,0.98438285,0.01913591,1.00574852
mnist,proposed,42,993,0.98892965,0.00095837,1.01639606
mnist,proposed,42,994,0.97912105,0.01384646,0.98772912
mnist,proposed,42,995,0.98405817,0.04485676,1.0111147
mnist,proposed,42,996,0.97763534,0.06443848,1.01630301
mnist,proposed,42,997,0.9830874,0.01483528,1.01629174
mnist,proposed,42,998,0.98231466,0.08008278,1.00033116
mnist,proposed,42,999,0.9832876,0.0086236,1.00948482
mnist,proposed,123,0,0.99282648,0.00241097,0.96331684
mnist,proposed,123,1,0.98873692,0.03930064,0.99851674
mnist,proposed,123,2,0.98360447,0.02054417,0.98016957
mnist,proposed,123,3,0.99716915,0.01878254,0.9839192
mnist,proposed,123,4,0.99135014,0.05921803,0.99563568
mnist,proposed,123,5,0.98814804,0.07150226,1.0110716
mnist,proposed,123,6,0.999,0.05805642,0.99903827
mnist,proposed,123,7,0.99195319,0.03061438,1.01631719
mnist,proposed,123,8,0.98480006,0.02931871,1.00902373
mnist,proposed,123,9,0.98895049,0.03001946,1.00990097
mnist,proposed,123,10,0.97383378,0.0332191,1.03834697
mnist,proposed,123,11,0.98436834,0.0524871,1.0003146
mnist,proposed,123,12,0.98670585,0.06360961,0.99824875
mnist,proposed,123,13,0.99205252,0.0077438,0.99357376
mnist,proposed,123,14,0.99073549,0.04761253,0.97295601
mnist,proposed,123,15,0.99492328,0.00406264,1.01745978
mnist,proposed,123,16,0.9783426,0.02681732,0.98470283
mnist,proposed,123,17,0.98254456,0.06087897,1.00346937
mnist,proposed,123,18,0.98252183,0.01820028,1.01865239
mnist,proposed,123,19,0.98990669,0.0432738,1.00772992
mnist,proposed,123,20,0.99428057,0.06794884,1.02530608
mnist,proposed,123,21,0.98633425,0.03565547,1.00977212
mnist,proposed,123,22,0.99382247,0.03137752,1.01081328
mnist,proposed,123,23,0.98983619,0.01631308,1.00893371
mnist,proposed,123,24,0.98935081,0.03194134,0.97545855
mnist,proposed,123,25,0.98645201,0.09549179,0.99908538
mnist,proposed,123,26,0.98011129,0.06581893,1.00071766
mnist,proposed,123,27,0.98546467,0.05629133,1.01675877
mnist,proposed,123,28,0.9822765,0.02021323,0.99126752
mnist,proposed,123,29,0.98828738,0.02951425,1.01490675
mnist,proposed,123,30,0.9785491,0.01615,0.98932945
mnist,proposed,123,31,0.98581793,0.00624473,0.98377898
mnist,proposed,123,32,0.98612667,0.06174706,0.99009172
mnist,proposed,123,33,0.98316273,0.01623169,0.99436456
mnist,proposed,123,34,0.98758819,0.0434991,1.00071646
mnist,proposed,123,35,0.98582685,0.00142351,0.95789888
mnist,proposed,123,36,0.999,0.06248938,1.00337126
mnist,proposed,123,37,0.98424519,0.03126583,0.9901856
mnist,proposed,123,38,0.97151969,0.07608976,1.02863015
mnist,proposed,123,39,0.98482823,0.04327444,0.9820649
mnist,proposed,123,40,0.98262982,0.01388133,1.00290326
mnist,proposed,123,41,0.99080749,0.05975732,0.97869304
mnist,proposed,123,42,0.98921399,0.00183538,1.00724359
mnist,proposed,123,43,0.98530975,0.09961193,0.99992519
mnist,proposed,123,44,0.98775368,0.08372858,0.99682326
mnist,proposed,123,45,0.99478272,0.0110911,0.99733654
mnist,proposed,123,46,0.9865444,0.03679171,1.02477505
mnist,proposed,123,47,0.98604351,0.04686089,0.9962463
mnist,proposed,123,48,0.9942656,0.04410154,1.008832
mnist,proposed,123,49,0.9882017,0.02487886,0.98189838
mnist,proposed,123,50,0.99066401,0.04152389,0.99303588
mnist,proposed,123,51,0.98821194,0.10779292,1.02373913
mnist,proposed,123,52,0.9882263,0.06731146,1.00607513
mnist,proposed,123,53,0.9872797,0.02490619,1.00869766
mnist,proposed,123,54,0.98300502,0.00241445,0.99997804
mnist,proposed,123,55,0.98154228,0.01548032,0.99301116
mnist,proposed,123,56,0.98944912,0.0175432,1.00490575
mnist,proposed,123,57,0.98168069,0.04606867,1.00909374
mnist,proposed,123,58,0.99008955,0.01898424,0.98373714
mnist,proposed,123,59,0.98932425,0.02013641,0.98476955
mnist,proposed,123,60,0.9846946,0.02858403,0.99663053
mnist,proposed,123,61,0.98690313,0.0360282,1.00892803
mnist,proposed,123,62,0.9893325,0.00090105,1.00032309
mnist,proposed,123,63,0.98084534,0.05732402,0.99565527
mnist,proposed,123,64,0.99314068,0.00812288,1.01896176
mnist,proposed,123,65,0.99032115,0.00413895,1.00533151
mnist,proposed,123,66,0.99215742,0.01717957,1.00627754
mnist,proposed,123,67,0.99575357,0.04962144,0.99977446
mnist,proposed,123,68,0.9889835,0.09561107,1.00236522
mnist,proposed,123,69,0.99445475,0.03964031,0.99731949
mnist,proposed,123,70,0.9900777,0.01223033,0.99078302
mnist,proposed,123,71,0.98549971,0.0393818,1.01103033
mnist,proposed,123,72,0.98658893,0.06871713,0.99203346
mnist,proposed,123,73,0.97833857,0.01458618,0.99735151
mnist,proposed,123,74,0.99143481,0.05041163,0.99166439
mnist,proposed,123,75,0.99693098,0.03374136,0.99752503
mnist,proposed,123,76,0.9901774,0.01851545,1.03341181
mnist,proposed,123,77,0.999,0.03433105,1.013878
mnist,proposed,123,78,0.99087551,0.02530186,0.99313096
mnist,proposed,123,79,0.98617146,0.00991123,0.99307948
mnist,proposed,123,80,0.98942967,0.05340566,1.03429751
mnist,proposed,123,81,0.98193555,0.01580028,1.00673814
mnist,proposed,123,82,0.97872964,0.08887342,1.02777666
mnist,proposed,123,83,0.9821409,0.08212815,1.00702217
mnist,proposed,123,84,0.99148458,0.03418284,0.98905781
mnist,proposed,123,85,0.98749122,0.0004224,1.01650252
mnist,proposed,123,86,0.98145303,0.04479813,0.99843272
mnist,proposed,123,87,0.98851844,0.09051115,0.99083588
mnist,proposed,123,88,0.98417124,0.03979648,0.98282583
mnist,proposed,123,89,0.98911788,0.08490126,0.95690116
mnist,proposed,123,90,0.99406014,0.02557006,1.00193283
mnist,proposed,123,91,0.9814712,0.01894123,0.99673672
mnist,proposed,123,92,0.9889907,0.05822292,0.98963618
mnist,proposed,123,93,0.97991199,0.115869,1.0062886
mnist,proposed,123,94,0.99475059,0.03822112,1.01417669
mnist,proposed,123,95,0.98859742,7.713e-05,1.00254358
mnist,proposed,123,96,0.98588155,0.04049875,1.00484257
mnist,proposed,123,97,0.99166244,0.00730958,1.04519751
mnist,proposed,123,98,0.99495086,0.06644189,1.01614764
mnist,proposed,123,99,0.99476696,0.07072915,0.97244349
mnist,proposed,123,100,0.98075883,0.01231835,0.98342633
mnist,proposed,123,101,0.98807527,0.01124856,1.01747853
mnist,proposed,123,102,0.97625854,0.01450642,0.98000715
mnist,proposed,123,103,0.97694135,0.02138516,1.0243808
mnist,proposed,123,104,0.98369265,0.046134,1.00954448
mnist,proposed,123,105,0.99414218,0.00503505,0.98751618
mnist,proposed,123,106,0.97693258,0.00310383,1.0338629
mnist,proposed,123,107,0.98619434,0.0120969,1.00413774
mnist,proposed,123,108,0.98889994,0.02432577,0.98841195
mnist,proposed,123,109,0.98207418,0.00229124,0.99228338
mnist,proposed,123,110,0.9881348,0.02979104,1.00923433
mnist,proposed,123,111,0.98470247,0.05206569,0.98004935
mnist,proposed,123,112,0.98196258,0.00731123,1.00638926
mnist,proposed,123,113,0.97961392,0.036301,0.99820501
mnist,proposed,123,114,0.99326498,0.02063065,1.00247973
mnist,proposed,123,115,0.98500589,0.03541863,0.98999027
mnist,proposed,123,116,0.99441973,0.01056853,0.99491659
mnist,proposed,123,117,0.98521393,0.05744342,1.00428525
mnist,proposed,123,118,0.9867778,0.00698793,1.01143737
mnist,proposed,123,119,0.97915379,0.00322125,1.00738927
mnist,proposed,123,120,0.98639484,0.00813658,0.99061267
mnist,proposed,123,121,0.98852581,0.09585746,0.98954031
mnist,proposed,123,122,0.97873198,0.06566651,1.01650059
mnist,proposed,123,123,0.98625896,0.01537191,0.97235443
mnist,proposed,123,124,0.98123649,0.11110883,0.97831009
mnist,proposed,123,125,0.98915247,0.07021817,0.9927992
mnist,proposed,123,126,0.98012313,0.07984031,1.00325294
mnist,proposed,123,127,0.999,0.0666117,1.01025734
mnist,proposed,123,128,0.98799879,0.0257885,0.98456528
mnist,proposed,123,129,0.9827799,0.00690226,1.00036919
mnist,proposed,123,130,0.99503689,0.02934107,0.99957347
mnist,proposed,123,131,0.98426904,0.01062257,0.96738724
mnist,proposed,123,132,0.9941756,0.01812289,1.00401068
mnist,proposed,123,133,0.99391825,0.01861347,1.03740577
mnist,proposed,123,134,0.98893048,0.00746607,0.98329999
mnist,proposed,123,135,0.99016425,0.05416164,0.99817693
mnist,proposed,123,136,0.99879181,0.0469792,0.99958803
mnist,proposed,123,137,0.97957632,0.04184576,1.03197506
mnist,proposed,123,138,0.97893712,0.03975662,1.00212946
mnist,proposed,123,139,0.98863773,0.05060774,0.97359218
mnist,proposed,123,140,0.99384847,0.04293966,0.98359649
mnist,proposed,123,141,0.98260793,0.00710546,0.99161945
mnist,proposed,123,142,0.97966267,0.03231967,1.00808517
mnist,proposed,123,143,0.98885942,0.00427095,1.00514099
mnist,proposed,123,144,0.98298019,0.03322745,1.01099631
mnist,proposed,123,145,0.98681539,0.06650487,0.98248402
mnist,proposed,123,146,0.99054744,0.0251063,0.99714079
mnist,proposed,123,147,0.9959517,0.0649453,1.02476077
mnist,proposed,123,148,0.98450501,0.03701819,0.99466738
mnist,proposed,123,149,0.98991594,0.00310711,0.99897955
mnist,proposed,123,150,0.99478943,0.03924343,1.00140574
mnist,proposed,123,151,0.98742405,0.10222098,1.00082556
mnist,proposed,123,152,0.98587228,0.03771831,1.01106005
mnist,proposed,123,153,0.99491912,0.12160359,1.0096633
mnist,proposed,123,154,0.98571205,0.06136152,0.99204055
mnist,proposed,123,155,0.98545508,0.05173114,1.01863295
mnist,proposed,123,156,0.98801279,0.03001751,1.0001638
mnist,proposed,123,157,0.9857027,0.00164845,0.99363585
mnist,proposed,123,158,0.98235793,0.06445724,0.9878425
mnist,proposed,123,159,0.98394991,0.0453798,1.01649104
mnist,proposed,123,160,0.98940756,0.02601773,0.99966231
mnist,proposed,123,161,0.98704951,0.00942257,1.00811719
mnist,proposed,123,162,0.99166202,0.04471915,0.99607089
mnist,proposed,123,163,0.98907544,0.09794033,1.00256271
mnist,proposed,123,164,0.99114562,0.01043987,0.99824043
mnist,proposed,123,165,0.99200956,0.02334317,0.99787093
mnist,proposed,123,166,0.98178165,0.04862488,1.01703816
mnist,proposed,123,167,0.97741935,0.01560795,0.99635171
mnist,proposed,123,168,0.99168376,0.01960079,1.01792717
mnist,proposed,123,169,0.98887825,0.00653627,1.01539875
mnist,proposed,123,170,0.98117105,0.08115409,1.02275933
mnist,proposed,123,171,0.98300092,0.03508373,0.97758444
mnist,proposed,123,172,0.97932008,0.04710667,0.98394078
mnist,proposed,123,173,0.97489671,0.03782454,1.02383699
mnist,proposed,123,174,0.99252646,0.05920079,1.00487056
mnist,proposed,123,175,0.97628794,0.00984776,1.0145093
mnist,proposed,123,176,0.97924402,0.00893892,1.01711689
mnist,proposed,123,177,0.98380897,0.03802892,0.98712164
mnist,proposed,123,178,0.999,0.04933977,1.02646406
mnist,proposed,123,179,0.99061322,0.03181507,0.9983162
mnist,proposed,123,180,0.98632459,0.03269325,1.02244139
mnist,proposed,123,181,0.98299111,0.01760849,0.98464894
mnist,proposed,123,182,0.98950918,0.05933844,0.99623163
mnist,proposed,123,183,0.98199342,0.05246567,1.01604571
mnist,proposed,123,184,0.98672179,0.01148983,0.99944704
mnist,proposed,123,185,0.99095457,0.06396755,1.00867805
mnist,proposed,123,186,0.98632211,0.01250749,1.01019327
mnist,proposed,123,187,0.98687186,0.05239554,1.01236337
mnist,proposed,123,188,0.98195946,0.06334724,1.01492764
mnist,proposed,123,189,0.99640515,0.00599779,0.98311596
mnist,proposed,123,190,0.98551586,0.02421553,0.97376783
mnist,proposed,123,191,0.99033,0.01098571,0.99648549
mnist,proposed,123,192,0.99222161,0.0370008,0.99642826
mnist,proposed,123,193,0.98336213,0.01493538,1.0069879
mnist,proposed,123,194,0.98044538,0.01127498,1.00907946
mnist,proposed,123,195,0.98264399,0.06105652,0.992729
mnist,proposed,123,196,0.98430242,0.03878784,1.01071321
mnist,proposed,123,197,0.98024378,0.07504219,0.99465785
mnist,proposed,123,198,0.98983466,0.05533838,1.00423733
mnist,proposed,123,199,0.97664963,0.05840741,1.00716665
mnist,proposed,123,200,0.98456424,0.03520788,0.99507745
mnist,proposed,123,201,0.98478949,0.01237901,1.00138542
mnist,proposed,123,202,0.98796313,0.09037884,1.00708621
mnist,proposed,123,203,0.97653166,0.07680285,1.02096222
mnist,proposed,123,204,0.99304445,0.08537674,0.98105163
mnist,proposed,123,205,0.98546173,0.06151506,1.00906565
mnist,proposed,123,206,0.98650118,0.00969109,0.98525416
mnist,proposed,123,207,0.97874494,0.02302526,1.00747013
mnist,proposed,123,208,0.99304943,0.00105095,0.99801661
mnist,proposed,123,209,0.98422001,0.04470169,0.9882329
mnist,proposed,123,210,0.98886568,0.06749039,1.00752945
mnist,proposed,123,211,0.98911374,0.0063097,1.00590568
mnist,proposed,123,212,0.98874177,0.05561234,0.99822307
mnist,proposed,123,213,0.98413898,0.06538444,0.98860732
mnist,proposed,123,214,0.99312181,0.07481229,1.0084074
mnist,proposed,123,215,0.99180258,0.05594503,1.02153001
mnist,proposed,123,216,0.99359098,0.00760947,0.99004102
mnist,proposed,123,217,0.98175672,0.01009128,1.01263963
mnist,proposed,123,218,0.98482107,0.0311038,0.98695173
mnist,proposed,123,219,0.98321829,0.04768877,1.01054694
mnist,proposed,123,220,0.99303803,0.05837226,0.99043505
mnist,proposed,123,221,0.99260134,0.01996268,0.99932062
mnist,proposed,123,222,0.98301777,0.00332168,0.99919874
mnist,proposed,123,223,0.98826519,0.09844541,0.99545404
mnist,proposed,123,224,0.98785321,0.07638278,0.99947628
mnist,proposed,123,225,0.99100543,0.06551808,0.99528717
mnist,proposed,123,226,0.99640694,0.06876023,0.99500168
mnist,proposed,123,227,0.99218475,0.02829531,1.01336709
mnist,proposed,123,228,0.99038815,0.00744674,0.99683971
mnist,proposed,123,229,0.98487582,0.04745413,1.02776464
mnist,proposed,123,230,0.98069993,0.08923002,0.96973769
mnist,proposed,123,231,0.98906042,0.0036195,1.01175768
mnist,proposed,123,232,0.97928027,0.04904314,1.00048628
mnist,proposed,123,233,0.99072855,0.08825221,1.03320839
mnist,proposed,123,234,0.98898492,0.01960516,1.0221518
mnist,proposed,123,235,0.98901996,0.05050062,1.00709239
mnist,proposed,123,236,0.98314174,0.05418179,1.00221896
mnist,proposed,123,237,0.99255971,0.07083549,0.98620817
mnist,proposed,123,238,0.999,0.0436021,0.98692053
mnist,proposed,123,239,0.99494372,0.03501573,0.98160945
mnist,proposed,123,240,0.98060434,0.0497017,0.99985333
mnist,proposed,123,241,0.98408369,0.01101532,0.98823713
mnist,proposed,123,242,0.98005992,0.02299811,0.98058488
mnist,proposed,123,243,0.98151833,0.02807759,1.01822613
mnist,proposed,123,244,0.98064396,0.06400199,1.00921062
mnist,proposed,123,245,0.98969219,0.01306112,1.00359649
mnist,proposed,123,246,0.98556197,0.00969734,1.00564885
mnist,proposed,123,247,0.98055843,0.05505265,0.97186755
mnist,proposed,123,248,0.98976903,0.0491564,1.0278026
mnist,proposed,123,249,0.98359197,0.03677157,1.01823992
mnist,proposed,123,250,0.98456158,0.04512888,0.97687771
mnist,proposed,123,251,0.9786731,0.06491601,0.97456468
mnist,proposed,123,252,0.98976885,0.04556344,1.01602148
mnist,proposed,123,253,0.98787911,0.10502644,1.01786938
mnist,proposed,123,254,0.99195797,0.00930125,0.9793673
mnist,proposed,123,255,0.98454295,0.01373041,0.98817191
mnist,proposed,123,256,0.99066209,0.09706551,0.99893831
mnist,proposed,123,257,0.98959858,0.00590233,1.01692168
mnist,proposed,123,258,0.99714518,0.06456603,0.99017688
mnist,proposed,123,259,0.99873027,0.00810587,0.99430123
mnist,proposed,123,260,0.98649198,0.040442,1.01701689
mnist,proposed,123,261,0.99164964,0.03828898,1.00222538
mnist,proposed,123,262,0.9910351,0.02818332,1.00152514
mnist,proposed,123,263,0.98055708,0.02018664,0.98593898
mnist,proposed,123,264,0.9815594,0.00185956,1.00020726
mnist,proposed,123,265,0.98448625,0.02702632,1.01962221
mnist,proposed,123,266,0.98897795,0.10253229,1.00524764
mnist,proposed,123,267,0.98360415,0.02038168,0.99057211
mnist,proposed,123,268,0.99220423,0.03774184,1.01133026
mnist,proposed,123,269,0.98283519,0.10829766,1.02325123
mnist,proposed,123,270,0.99081741,0.05230702,1.03221896
mnist,proposed,123,271,0.98306271,0.05971667,1.00579565
mnist,proposed,123,272,0.99850266,0.11062517,1.01963987
mnist,proposed,123,273,0.98686506,0.01407931,1.01323762
mnist,proposed,123,274,0.98828858,0.03059348,1.00099645
mnist,proposed,123,275,0.98587079,0.02943387,0.9835889
mnist,proposed,123,276,0.99250413,0.01616135,1.00277483
mnist,proposed,123,277,0.98400167,0.01955352,0.99808331
mnist,proposed,123,278,0.98009257,0.01114588,1.00385492
mnist,proposed,123,279,0.9818575,0.0305931,0.99708149
mnist,proposed,123,280,0.98764153,0.06334928,0.95185105
mnist,proposed,123,281,0.9917296,7.991e-05,1.02116056
mnist,proposed,123,282,0.98141558,0.00208548,0.99944382
mnist,proposed,123,283,0.98048188,0.0067571,1.0047819
mnist,proposed,123,284,0.98427198,0.01444474,0.99526505
mnist,proposed,123,285,0.97387815,0.00962641,1.01262071
mnist,proposed,123,286,0.9869991,0.04210502,0.98259413
mnist,proposed,123,287,0.99185468,0.02018603,1.00854634
mnist,proposed,123,288,0.98608943,0.01078909,1.00258289
mnist,proposed,123,289,0.98241434,0.01010063,1.00138336
mnist,proposed,123,290,0.98305119,0.02056322,0.98898916
mnist,proposed,123,291,0.9883403,0.02588391,0.9674498
mnist,proposed,123,292,0.98707528,0.04251112,0.99518704
mnist,proposed,123,293,0.9879226,0.02926976,1.02145935
mnist,proposed,123,294,0.98190638,0.04779656,1.01044225
mnist,proposed,123,295,0.98110928,0.01616285,1.00756407
mnist,proposed,123,296,0.98583337,0.08116751,1.00080213
mnist,proposed,123,297,0.99015701,0.05694432,1.00034704
mnist,proposed,123,298,0.99401181,0.02542389,0.99297166
mnist,proposed,123,299,0.98789231,0.01338808,1.00407555
mnist,proposed,123,300,0.99159209,0.06860805,1.02276093
mnist,proposed,123,301,0.98621583,0.00830216,0.98575981
mnist,proposed,123,302,0.97977185,0.01206763,1.00305663
mnist,proposed,123,303,0.98106885,0.0237349,0.9735036
mnist,proposed,123,304,0.99222817,0.04343321,0.98552031
mnist,proposed,123,305,0.9779789,0.04725236,1.01497409
mnist,proposed,123,306,0.99033269,0.04345297,1.00492071
mnist,proposed,123,307,0.98057141,0.03827774,0.98769745
mnist,proposed,123,308,0.99269023,0.00365004,1.01303974
mnist,proposed,123,309,0.99270133,0.0517882,0.99556827
mnist,proposed,123,310,0.98432719,0.04268334,1.0012241
mnist,proposed,123,311,0.99004538,0.04270209,0.99749418
mnist,proposed,123,312,0.98445873,0.0773041,0.99197619
mnist,proposed,123,313,0.98977103,0.04216968,0.98842771
mnist,proposed,123,314,0.99193575,0.00435258,1.01435784
mnist,proposed,123,315,0.98542484,0.05846888,0.99879346
mnist,proposed,123,316,0.98337496,0.04603597,0.99992015
mnist,proposed,123,317,0.98324502,0.00900202,0.99331126
mnist,proposed,123,318,0.98390544,0.07740813,0.97343508
mnist,proposed,123,319,0.98784518,0.02134844,1.03467856
mnist,proposed,123,320,0.99194612,0.03309528,0.98861807
mnist,proposed,123,321,0.98069903,0.03051671,1.00599829
mnist,proposed,123,322,0.97934031,0.04598812,0.99591847
mnist,proposed,123,323,0.99257935,0.0466259,1.00513594
mnist,proposed,123,324,0.98387969,0.01329117,0.99951388
mnist,proposed,123,325,0.9937877,0.06201879,0.98085429
mnist,proposed,123,326,0.97794402,0.02897394,1.0004265
mnist,proposed,123,327,0.99218929,0.00547151,1.00708741
mnist,proposed,123,328,0.98461198,0.00380037,1.01761261
mnist,proposed,123,329,0.98568045,0.03594877,0.98535498
mnist,proposed,123,330,0.99178093,0.05498468,0.99576501
mnist,proposed,123,331,0.97806362,0.00401272,1.00254201
mnist,proposed,123,332,0.9861592,0.02592846,0.98151681
mnist,proposed,123,333,0.98262821,0.02604865,1.00269967
mnist,proposed,123,334,0.991547,0.036682,0.9937469
mnist,proposed,123,335,0.99597537,0.09501411,0.9973158
mnist,proposed,123,336,0.98537911,7.729e-05,0.99897496
mnist,proposed,123,337,0.99541229,0.03199061,1.029804
mnist,proposed,123,338,0.98694929,0.03742703,0.98580249
mnist,proposed,123,339,0.98131087,0.08463063,1.027928
mnist,proposed,123,340,0.9821526,0.05606516,0.98141878
mnist,proposed,123,341,0.99775076,0.00361396,0.99880538
mnist,proposed,123,342,0.99173415,0.02529491,1.00241436
mnist,proposed,123,343,0.99119294,0.12373695,0.98094912
mnist,proposed,123,344,0.99077182,0.04928837,0.98938283
mnist,proposed,123,345,0.98039942,0.01403835,0.99541735
mnist,proposed,123,346,0.99123498,0.02203874,0.98327937
mnist,proposed,123,347,0.98330591,0.02822081,0.98235737
mnist,proposed,123,348,0.98035276,0.05784919,1.0077314
mnist,proposed,123,349,0.9912916,0.05338415,0.98802388
mnist,proposed,123,350,0.999,0.08928637,0.98600746
mnist,proposed,123,351,0.97936857,0.00908886,0.99611323
mnist,proposed,123,352,0.98397585,0.12483022,1.00716351
mnist,proposed,123,353,0.99386287,0.00065974,1.01114379
mnist,proposed,123,354,0.99044469,0.00476953,0.99616245
mnist,proposed,123,355,0.99538234,0.03302841,1.00751314
mnist,proposed,123,356,0.98483811,0.04749673,0.9902327
mnist,proposed,123,357,0.999,0.01767497,0.98802597
mnist,proposed,123,358,0.99327391,0.05114448,0.99814526
mnist,proposed,123,359,0.97224382,0.00068573,0.99326548
mnist,proposed,123,360,0.983595,0.00014536,1.01423898
mnist,proposed,123,361,0.98864392,0.07757055,0.99744007
mnist,proposed,123,362,0.98325673,0.00386366,1.00655742
mnist,proposed,123,363,0.98534238,0.01190674,0.9954943
mnist,proposed,123,364,0.98443634,0.06332023,0.98079952
mnist,proposed,123,365,0.98402767,0.06878066,1.00645883
mnist,proposed,123,366,0.99025542,0.02523358,1.0063282
mnist,proposed,123,367,0.9865848,0.09503449,1.014559
mnist,proposed,123,368,0.99268424,0.12017213,1.00313514
mnist,proposed,123,369,0.98406398,0.04487102,1.00767258
mnist,proposed,123,370,0.97064061,0.06514508,0.99112389
mnist,proposed,123,371,0.98156752,0.01228731,0.95768386
mnist,proposed,123,372,0.98614609,0.02762173,0.99775272
mnist,proposed,123,373,0.99246987,0.04652825,1.00896099
mnist,proposed,123,374,0.99839068,0.01541118,0.98755994
mnist,proposed,123,375,0.98474293,0.03668431,1.01626831
mnist,proposed,123,376,0.99137471,0.01554604,1.00339081
mnist,proposed,123,377,0.99488885,0.0286238,1.00101627
mnist,proposed,123,378,0.9849094,0.01928984,0.98512896
mnist,proposed,123,379,0.98917737,0.12016343,1.00783282
mnist,proposed,123,380,0.99739942,0.03664931,0.97829027
mnist,proposed,123,381,0.99653893,0.01237025,1.02743048
mnist,proposed,123,382,0.97952435,0.11650061,1.0333505
mnist,proposed,123,383,0.9908099,0.12598125,0.95954074
mnist,proposed,123,384,0.98532476,0.07046888,0.99715717
mnist,proposed,123,385,0.999,0.0039461,0.97897277
mnist,proposed,123,386,0.98248467,0.08327849,0.96955742
mnist,proposed,123,387,0.98003404,0.05674035,1.0059654
mnist,proposed,123,388,0.97846559,0.04614271,0.99580592
mnist,proposed,123,389,0.98637085,0.03332583,1.00966273
mnist,proposed,123,390,0.98733753,0.06454466,0.98158059
mnist,proposed,123,391,0.9876134,0.08224118,1.00138596
mnist,proposed,123,392,0.97534036,0.00706735,0.98812972
mnist,proposed,123,393,0.98503571,0.02715279,0.99800225
mnist,proposed,123,394,0.99279679,0.02737487,1.01046343
mnist,proposed,123,395,0.98750598,0.0844818,0.99469666
mnist,proposed,123,396,0.98610576,0.01619556,0.96893867
mnist,proposed,123,397,0.98672531,0.07789492,0.98588091
mnist,proposed,123,398,0.98438253,0.04346568,1.01655356
mnist,proposed,123,399,0.99388305,0.08770991,0.98436886
mnist,proposed,123,400,0.98208466,0.01504953,0.99255918
mnist,proposed,123,401,0.99081566,0.01528259,0.99223084
mnist,proposed,123,402,0.98426785,0.04564575,0.99950424
mnist,proposed,123,403,0.97741085,0.04633829,1.0078516
mnist,proposed,123,404,0.98709888,0.02420443,0.99805371
mnist,proposed,123,405,0.98678542,0.00491322,1.00192874
mnist,proposed,123,406,0.98070873,0.09094256,1.00018119
mnist,proposed,123,407,0.98613042,0.08451177,1.00948992
mnist,proposed,123,408,0.97765634,0.01767745,0.99245888
mnist,proposed,123,409,0.98804313,0.02657122,1.0099426
mnist,proposed,123,410,0.98450072,0.05244478,1.00350814
mnist,proposed,123,411,0.99277944,0.1275538,1.00247994
mnist,proposed,123,412,0.98060197,0.02449134,1.00680144
mnist,proposed,123,413,0.98161601,0.01502202,1.02132339
mnist,proposed,123,414,0.98862222,0.00056182,0.96789941
mnist,proposed,123,415,0.97988756,0.03977345,1.0171651
mnist,proposed,123,416,0.98031993,0.00132875,1.00350121
mnist,proposed,123,417,0.98696071,0.00943593,0.9942421
mnist,proposed,123,418,0.98778483,0.04380059,1.03611225
mnist,proposed,123,419,0.98465841,0.05916373,0.97235678
mnist,proposed,123,420,0.99389076,0.00219447,1.02769715
mnist,proposed,123,421,0.99288661,0.0185424,1.03918597
mnist,proposed,123,422,0.98191165,0.04810762,0.99334464
mnist,proposed,123,423,0.98710908,0.09683495,1.00994361
mnist,proposed,123,424,0.98900146,0.01658678,0.98604304
mnist,proposed,123,425,0.98977228,0.07462213,0.9881109
mnist,proposed,123,426,0.99044156,0.01843826,0.99011013
mnist,proposed,123,427,0.99520928,0.01542928,1.00276
mnist,proposed,123,428,0.98571627,0.06420118,0.98839117
mnist,proposed,123,429,0.98938604,0.02321541,1.00620057
mnist,proposed,123,430,0.98571159,0.07159703,0.9876023
mnist,proposed,123,431,0.99819748,0.03397729,1.00939719
mnist,proposed,123,432,0.99219369,0.04033462,0.99345342
mnist,proposed,123,433,0.99409647,0.10180476,0.97305053
mnist,proposed,123,434,0.98381099,0.0475837,1.00727946
mnist,proposed,123,435,0.99049612,0.04575919,1.02121662
mnist,proposed,123,436,0.97899653,0.00335519,0.97419066
mnist,proposed,123,437,0.98592398,0.05723053,1.0191374
mnist,proposed,123,438,0.97964304,0.09093745,1.00023058
mnist,proposed,123,439,0.98232254,0.04650172,0.99221157
mnist,proposed,123,440,0.98029786,0.00514608,1.02482387
mnist,proposed,123,441,0.98956322,0.04021179,1.00108906
mnist,proposed,123,442,0.98081336,0.05351071,1.01338627
mnist,proposed,123,443,0.98333992,0.01407783,1.03247357
mnist,proposed,123,444,0.98920728,0.06439343,1.03091928
mnist,proposed,123,445,0.99734985,0.05136027,0.98899331
mnist,proposed,123,446,0.98364823,0.03490947,1.00978437
mnist,proposed,123,447,0.98668142,0.03542952,1.01222573
mnist,proposed,123,448,0.98085403,0.03511206,1.01456768
mnist,proposed,123,449,0.98883889,0.01441341,0.98192572
mnist,proposed,123,450,0.98729957,0.04767081,0.9942526
mnist,proposed,123,451,0.98832902,0.01123734,1.00271432
mnist,proposed,123,452,0.98516942,0.01877113,0.9727614
mnist,proposed,123,453,0.98618616,0.03012204,1.00972787
mnist,proposed,123,454,0.98505118,0.07599307,0.98073459
mnist,proposed,123,455,0.98810003,0.03041322,1.01120022
mnist,proposed,123,456,0.99317718,0.17365102,1.02205631
mnist,proposed,123,457,0.98577939,0.03848838,1.00981459
mnist,proposed,123,458,0.98143239,0.03629418,1.00522563
mnist,proposed,123,459,0.98359165,0.04370042,0.99651272
mnist,proposed,123,460,0.99409147,0.01642766,0.99203061
mnist,proposed,123,461,0.99495741,0.02175385,0.98803631
mnist,proposed,123,462,0.98205515,0.07597771,1.00005704
mnist,proposed,123,463,0.99071801,0.02344217,1.03117702
mnist,proposed,123,464,0.98318464,0.16351603,1.01558015
mnist,proposed,123,465,0.99792773,0.0569202,1.00859967
mnist,proposed,123,466,0.98831591,0.00380018,1.00059339
mnist,proposed,123,467,0.97869388,0.03710914,1.01179447
mnist,proposed,123,468,0.99539451,0.06106359,1.00034244
mnist,proposed,123,469,0.98757235,0.02479175,1.00496422
mnist,proposed,123,470,0.99248013,0.00843992,0.9862193
mnist,proposed,123,471,0.98198152,0.02323995,1.00306249
mnist,proposed,123,472,0.98415117,0.00814126,0.9939827
mnist,proposed,123,473,0.999,0.07792477,0.97150369
mnist,proposed,123,474,0.99736803,0.01707183,0.95802596
mnist,proposed,123,475,0.98718229,0.01172222,1.00702897
mnist,proposed,123,476,0.9808339,0.00360366,1.0093997
mnist,proposed,123,477,0.97647492,0.05763637,1.00138657
mnist,proposed,123,478,0.98318871,0.02583095,0.98691729
mnist,proposed,123,479,0.98919057,0.03637137,1.00528376
mnist,proposed,123,480,0.99101493,0.01634778,1.00003927
mnist,proposed,123,481,0.98964004,0.07146884,1.02050078
mnist,proposed,123,482,0.99537739,0.00015161,1.01800987
mnist,proposed,123,483,0.98689894,0.0397369,1.00661229
mnist,proposed,123,484,0.98290157,0.0182331,0.98793749
mnist,proposed,123,485,0.98118944,0.04468729,0.97654061
mnist,proposed,123,486,0.99511227,0.0786294,1.01451324
mnist,proposed,123,487,0.98878987,0.04249925,0.97794365
mnist,proposed,123,488,0.98986771,0.02650742,0.97519112
mnist,proposed,123,489,0.99259368,0.08186108,0.99914406
mnist,proposed,123,490,0.98436781,0.07160155,1.00796439
mnist,proposed,123,491,0.97604788,0.05932014,1.00435998
mnist,proposed,123,492,0.99574166,0.05643254,0.99731497
mnist,proposed,123,493,0.99658501,0.00449364,0.99970992
mnist,proposed,123,494,0.98691184,0.00468316,0.97509506
mnist,proposed,123,495,0.98761054,0.13445716,1.02563111
mnist,proposed,123,496,0.97675727,0.02749315,1.00695778
mnist,proposed,123,497,0.98129777,0.00487088,0.98565587
mnist,proposed,123,498,0.98281287,0.1615936,1.01862134
mnist,proposed,123,499,0.9811091,0.02554247,1.0124951
mnist,proposed,123,500,0.98916085,0.0040418,0.9717649
mnist,proposed,123,501,0.9822651,0.01562636,1.0017615
mnist,proposed,123,502,0.986516,0.0529224,1.00236296
mnist,proposed,123,503,0.9765158,0.05266413,0.99025857
mnist,proposed,123,504,0.98869891,0.02462254,1.00626181
mnist,proposed,123,505,0.98486467,0.09977852,0.9937731
mnist,proposed,123,506,0.98020917,0.07426477,1.0073957
mnist,proposed,123,507,0.98054235,0.01897167,1.00316811
mnist,proposed,123,508,0.98788611,0.00889084,1.00698481
mnist,proposed,123,509,0.98381479,0.02775124,0.99333086
mnist,proposed,123,510,0.99359745,0.01835688,1.00770769
mnist,proposed,123,511,0.98413688,0.00179099,1.0029056
mnist,proposed,123,512,0.99507949,0.0491234,0.99929261
mnist,proposed,123,513,0.99075787,0.02443913,0.98163082
mnist,proposed,123,514,0.97858182,0.01418744,1.0280233
mnist,proposed,123,515,0.99173693,0.03662028,0.99223274
mnist,proposed,123,516,0.99083961,0.0004687,0.99314779
mnist,proposed,123,517,0.97901958,0.02031945,1.00359316
mnist,proposed,123,518,0.98773635,0.0082643,1.01236598
mnist,proposed,123,519,0.98960746,0.03868212,0.99835735
mnist,proposed,123,520,0.98563729,0.05258362,1.00758311
mnist,proposed,123,521,0.97422186,0.0165629,1.00485697
mnist,proposed,123,522,0.97884698,0.00024225,0.99733823
mnist,proposed,123,523,0.98697274,0.00464574,0.99709151
mnist,proposed,123,524,0.97994865,0.02714177,0.99952991
mnist,proposed,123,525,0.98035433,0.01340334,1.026166
mnist,proposed,123,526,0.97800068,0.06591742,1.00298622
mnist,proposed,123,527,0.977906,0.06794372,1.03862377
mnist,proposed,123,528,0.9863034,0.03611878,0.99620773
mnist,proposed,123,529,0.98415893,0.01364461,0.99362893
mnist,proposed,123,530,0.98391309,0.02063914,0.99797692
mnist,proposed,123,531,0.98794962,0.01712759,0.98622893
mnist,proposed,123,532,0.99189204,0.04676165,0.99605908
mnist,proposed,123,533,0.98710423,0.02415431,0.99372226
mnist,proposed,123,534,0.98308552,0.13998188,0.99620535
mnist,proposed,123,535,0.98933392,0.00466062,1.00871354
mnist,proposed,123,536,0.9987016,0.00566186,1.00946864
mnist,proposed,123,537,0.9853756,0.0719452,0.98680539
mnist,proposed,123,538,0.98415068,0.09291899,0.98499743
mnist,proposed,123,539,0.98222427,0.026742,1.01639218
mnist,proposed,123,540,0.99699615,0.00950659,1.00519834
mnist,proposed,123,541,0.999,0.01062048,1.00703422
mnist,proposed,123,542,0.99450405,0.08067034,1.0257845
mnist,proposed,123,543,0.98865125,0.05382307,0.99904578
mnist,proposed,123,544,0.98805197,0.00433892,1.0037404
mnist,proposed,123,545,0.99279995,0.07135025,1.0057713
mnist,proposed,123,546,0.9809017,0.01327744,1.00931315
mnist,proposed,123,547,0.97847697,0.03143736,0.99789269
mnist,proposed,123,548,0.98488129,0.00714298,0.99358128
mnist,proposed,123,549,0.98827619,0.03556094,1.00978235
mnist,proposed,123,550,0.97343637,0.06945884,1.00845997
mnist,proposed,123,551,0.98718292,0.05418676,1.0077283
mnist,proposed,123,552,0.97670731,0.01787866,1.00950719
mnist,proposed,123,553,0.99130129,0.03364279,1.00210337
mnist,proposed,123,554,0.99416351,0.02516693,0.99916911
mnist,proposed,123,555,0.98427128,0.02834228,1.00933272
mnist,proposed,123,556,0.98812334,0.06090248,0.99268272
mnist,proposed,123,557,0.98752621,0.0026113,0.98466789
mnist,proposed,123,558,0.99264682,0.05695042,1.01953703
mnist,proposed,123,559,0.9785669,0.06181717,1.009336
mnist,proposed,123,560,0.98237678,0.02520159,0.98106868
mnist,proposed,123,561,0.98388741,0.02906898,1.00340667
mnist,proposed,123,562,0.99789697,0.05098127,0.99779218
mnist,proposed,123,563,0.999,0.03293772,1.02827873
mnist,proposed,123,564,0.99601336,0.05581344,0.97522397
mnist,proposed,123,565,0.99422421,0.02805626,1.00929559
mnist,proposed,123,566,0.98857094,0.0285822,1.02045336
mnist,proposed,123,567,0.97806925,0.07561741,1.03729958
mnist,proposed,123,568,0.98567568,0.07069394,1.00626005
mnist,proposed,123,569,0.97988791,0.05012694,0.98259145
mnist,proposed,123,570,0.98890581,0.12721798,1.02335532
mnist,proposed,123,571,0.98604988,0.03041264,1.00546307
mnist,proposed,123,572,0.97953382,0.06833148,0.99574894
mnist,proposed,123,573,0.98615248,0.01318782,1.01351331
mnist,proposed,123,574,0.97537582,0.01724006,0.96456001
mnist,proposed,123,575,0.98496822,0.09052715,0.9985076
mnist,proposed,123,576,0.99845955,0.02761838,0.99658948
mnist,proposed,123,577,0.99004298,0.00756246,1.00022526
mnist,proposed,123,578,0.99655291,0.00568494,0.99751834
mnist,proposed,123,579,0.99182405,0.01292756,0.99705485
mnist,proposed,123,580,0.98256051,0.01513106,0.98284257
mnist,proposed,123,581,0.98657665,0.08246313,0.98178215
mnist,proposed,123,582,0.99044524,0.01173525,1.00812842
mnist,proposed,123,583,0.97838783,0.06944958,1.00084345
mnist,proposed,123,584,0.99455834,0.07384057,0.96544671
mnist,proposed,123,585,0.99777576,0.04558115,1.02801183
mnist,proposed,123,586,0.99059002,0.0120226,1.03611315
mnist,proposed,123,587,0.98265943,0.05694805,1.00203624
mnist,proposed,123,588,0.98885188,0.1105965,0.99391854
mnist,proposed,123,589,0.9894202,0.04436572,0.9975575
mnist,proposed,123,590,0.99011051,0.07399112,1.01465493
mnist,proposed,123,591,0.98566613,0.05044703,1.0115953
mnist,proposed,123,592,0.98152625,0.02103416,1.02137488
mnist,proposed,123,593,0.98945802,0.04774422,0.99503928
mnist,proposed,123,594,0.98235337,0.06352034,1.02586702
mnist,proposed,123,595,0.98099594,0.00534753,0.98179454
mnist,proposed,123,596,0.99219165,0.03544344,0.98522701
mnist,proposed,123,597,0.98194566,0.06033423,0.99065575
mnist,proposed,123,598,0.98088234,0.00760187,0.99465193
mnist,proposed,123,599,0.99099664,0.03852795,0.99569653
mnist,proposed,123,600,0.98004316,0.00627067,1.02297448
mnist,proposed,123,601,0.98611911,0.09681218,0.99688865
mnist,proposed,123,602,0.98636062,0.07510462,0.98215061
mnist,proposed,123,603,0.97972922,0.02866335,1.00615728
mnist,proposed,123,604,0.98172407,0.02720634,0.98460602
mnist,proposed,123,605,0.98663397,0.03330968,0.97017388
mnist,proposed,123,606,0.98758471,0.02223728,1.00105034
mnist,proposed,123,607,0.98824288,0.01566867,0.9970656
mnist,proposed,123,608,0.98608832,0.03351371,0.99549683
mnist,proposed,123,609,0.98458168,0.03572628,0.99821265
mnist,proposed,123,610,0.98429847,0.08434381,0.98203946
mnist,proposed,123,611,0.98478255,0.02450283,0.99023815
mnist,proposed,123,612,0.98485003,0.00448516,1.02078325
mnist,proposed,123,613,0.99231395,0.1072596,0.99682661
mnist,proposed,123,614,0.99325276,0.12559002,1.01593742
mnist,proposed,123,615,0.99213343,0.01168073,0.99590768
mnist,proposed,123,616,0.98528453,0.0067365,0.97218747
mnist,proposed,123,617,0.98480524,0.02152012,0.99854081
mnist,proposed,123,618,0.98773428,0.07389892,0.96127948
mnist,proposed,123,619,0.98075655,0.00985129,1.02835771
mnist,proposed,123,620,0.98252983,0.08877142,0.99045511
mnist,proposed,123,621,0.98326255,0.04047293,1.0006845
mnist,proposed,123,622,0.999,0.03012259,0.98523664
mnist,proposed,123,623,0.98542974,0.04413393,0.99190937
mnist,proposed,123,624,0.99478544,0.00814667,1.01001363
mnist,proposed,123,625,0.98855786,0.09199543,1.00208031
mnist,proposed,123,626,0.98576869,0.00916373,1.01617393
mnist,proposed,123,627,0.98553494,0.04938997,0.99206776
mnist,proposed,123,628,0.98350435,0.04596161,0.9905812
mnist,proposed,123,629,0.99303202,0.03753109,0.99780654
mnist,proposed,123,630,0.99074303,0.00153311,0.98204347
mnist,proposed,123,631,0.99494868,0.0513091,1.01852559
mnist,proposed,123,632,0.98398139,0.02624409,1.02105846
mnist,proposed,123,633,0.99634291,0.05528876,1.02847428
mnist,proposed,123,634,0.97184837,0.09202319,0.97284925
mnist,proposed,123,635,0.99501839,0.02800811,1.00418144
mnist,proposed,123,636,0.98714515,0.0404573,0.9784266
mnist,proposed,123,637,0.98976674,0.0469552,1.02178797
mnist,proposed,123,638,0.99153344,0.04300758,0.99126005
mnist,proposed,123,639,0.99337943,0.01318561,0.99963677
mnist,proposed,123,640,0.98470214,0.10566082,1.00538754
mnist,proposed,123,641,0.97559427,0.02203141,0.98136505
mnist,proposed,123,642,0.97983784,0.04648465,1.00839605
mnist,proposed,123,643,0.98691241,0.07802303,0.9885576
mnist,proposed,123,644,0.98523524,0.03979726,1.01722908
mnist,proposed,123,645,0.9844213,0.04448215,0.99965553
mnist,proposed,123,646,0.99645641,0.0884258,1.00891739
mnist,proposed,123,647,0.98251854,0.0683262,1.00269228
mnist,proposed,123,648,0.99067204,0.02626386,0.9714177
mnist,proposed,123,649,0.99191586,0.06034087,1.0057451
mnist,proposed,123,650,0.99397579,0.01772257,1.0224674
mnist,proposed,123,651,0.9878246,0.00464598,1.02995229
mnist,proposed,123,652,0.99349352,0.02486855,0.99567893
mnist,proposed,123,653,0.980653,0.01703978,0.9969925
mnist,proposed,123,654,0.97606609,0.0317847,1.01382724
mnist,proposed,123,655,0.98431074,0.05293458,1.0020803
mnist,proposed,123,656,0.99509413,0.04320557,1.01228881
mnist,proposed,123,657,0.99019443,0.1412697,0.97653275
mnist,proposed,123,658,0.98607777,0.00019802,0.99687875
mnist,proposed,123,659,0.98515163,0.05497213,0.95973989
mnist,proposed,123,660,0.98912685,0.00441528,1.00397587
mnist,proposed,123,661,0.99209382,0.02945061,1.00464194
mnist,proposed,123,662,0.99125099,0.0388861,1.02812826
mnist,proposed,123,663,0.99313031,0.04757574,0.99116691
mnist,proposed,123,664,0.98944028,0.06826373,1.01638663
mnist,proposed,123,665,0.97783558,0.03030243,0.99484204
mnist,proposed,123,666,0.97919173,0.00546045,1.01214848
mnist,proposed,123,667,0.9862771,0.04675978,1.00727356
mnist,proposed,123,668,0.98092029,0.05869395,1.00048989
mnist,proposed,123,669,0.97256251,0.07074294,0.98884809
mnist,proposed,123,670,0.98088374,0.06311707,1.00504583
mnist,proposed,123,671,0.99582227,0.08256138,0.99852797
mnist,proposed,123,672,0.9852868,0.1008556,0.98783913
mnist,proposed,123,673,0.9904528,0.02627992,0.98681288
mnist,proposed,123,674,0.98236692,0.08495694,1.00710664
mnist,proposed,123,675,0.9949972,0.01864355,0.98985335
mnist,proposed,123,676,0.98373751,0.03065488,0.98205457
mnist,proposed,123,677,0.98953134,0.0005518,1.01530217
mnist,proposed,123,678,0.999,0.01620216,1.01459267
mnist,proposed,123,679,0.98528813,0.02586231,0.98494892
mnist,proposed,123,680,0.99005515,0.07561783,0.99476243
mnist,proposed,123,681,0.99401824,0.02297512,0.98796297
mnist,proposed,123,682,0.99831551,0.02709783,0.99808486
mnist,proposed,123,683,0.999,0.05552623,1.00149235
mnist,proposed,123,684,0.98691519,0.01308099,1.00573745
mnist,proposed,123,685,0.98218298,0.03091068,0.97840863
mnist,proposed,123,686,0.99465455,0.01169708,0.996791
mnist,proposed,123,687,0.98998114,0.0703983,1.00292284
mnist,proposed,123,688,0.99107013,0.0834588,0.98378776
mnist,proposed,123,689,0.98677048,0.04719464,0.98368255
mnist,proposed,123,690,0.97550958,0.04622915,1.00730087
mnist,proposed,123,691,0.98543962,0.05748545,0.99108116
mnist,proposed,123,692,0.98357721,0.02610042,0.98264741
mnist,proposed,123,693,0.99706285,0.02038641,1.00292385
mnist,proposed,123,694,0.98921002,0.03938291,1.01279489
mnist,proposed,123,695,0.98802445,0.09932294,1.0155782
mnist,proposed,123,696,0.99083759,0.03437697,0.98098563
mnist,proposed,123,697,0.99479496,0.0208137,0.99327777
mnist,proposed,123,698,0.98079934,0.00437606,1.0008456
mnist,proposed,123,699,0.99408423,0.04824459,0.99799455
mnist,proposed,123,700,0.99635083,0.00512484,0.97987104
mnist,proposed,123,701,0.98296357,0.03872883,1.0073582
mnist,proposed,123,702,0.99886962,0.11040794,0.99399587
mnist,proposed,123,703,0.98795948,0.01669735,0.99613399
mnist,proposed,123,704,0.9841572,0.00941003,1.01027174
mnist,proposed,123,705,0.9843526,0.00169302,1.00876475
mnist,proposed,123,706,0.99615158,0.02752117,0.97457113
mnist,proposed,123,707,0.99091703,0.00217545,0.9831274
mnist,proposed,123,708,0.97900431,0.0608098,1.00460085
mnist,proposed,123,709,0.97807647,0.02792566,1.00298637
mnist,proposed,123,710,0.996953,0.09691415,0.96751387
mnist,proposed,123,711,0.98910726,0.03565865,1.0054652
mnist,proposed,123,712,0.98450921,0.03846983,0.97910915
mnist,proposed,123,713,0.97940502,0.02903267,0.99582534
mnist,proposed,123,714,0.98984123,0.01398339,1.00860344
mnist,proposed,123,715,0.98689733,0.04910141,0.96724138
mnist,proposed,123,716,0.99256914,0.01284848,0.99884534
mnist,proposed,123,717,0.98461362,0.00734252,1.00361402
mnist,proposed,123,718,0.99375925,0.03106726,1.00161524
mnist,proposed,123,719,0.98304842,0.00401619,1.01041321
mnist,proposed,123,720,0.99258148,0.04284598,0.99297611
mnist,proposed,123,721,0.98851713,0.00634642,0.99162368
mnist,proposed,123,722,0.97834517,0.02974531,0.99335492
mnist,proposed,123,723,0.98763066,0.01272863,1.01916605
mnist,proposed,123,724,0.98575778,0.08429974,0.97003678
mnist,proposed,123,725,0.99256441,0.01930232,0.96743668
mnist,proposed,123,726,0.98453961,0.01073532,1.03218676
mnist,proposed,123,727,0.97673685,0.00225089,1.00871367
mnist,proposed,123,728,0.98940806,0.00917181,0.9898265
mnist,proposed,123,729,0.98873695,0.01924205,1.03555845
mnist,proposed,123,730,0.98355373,0.00398148,1.00165144
mnist,proposed,123,731,0.99320908,0.00073706,1.00114449
mnist,proposed,123,732,0.98676837,0.01836772,1.02589279
mnist,proposed,123,733,0.97752338,0.00489839,0.98411991
mnist,proposed,123,734,0.97861437,0.01936308,1.01609437
mnist,proposed,123,735,0.98831849,0.05400079,0.97822356
mnist,proposed,123,736,0.98867839,0.03398221,1.00842967
mnist,proposed,123,737,0.99375149,0.02764044,0.98700031
mnist,proposed,123,738,0.9880816,0.04606161,0.97145337
mnist,proposed,123,739,0.98282645,0.03442577,1.00412663
mnist,proposed,123,740,0.99132587,0.0024696,1.0179902
mnist,proposed,123,741,0.99260286,0.06518114,1.00793251
mnist,proposed,123,742,0.99743555,0.03851192,0.98481436
mnist,proposed,123,743,0.98579482,0.00723907,1.00554614
mnist,proposed,123,744,0.98316273,0.00529077,0.99332629
mnist,proposed,123,745,0.99299031,0.05537151,1.02223251
mnist,proposed,123,746,0.97981911,0.01993737,1.00581745
mnist,proposed,123,747,0.98731499,0.06489354,0.97963725
mnist,proposed,123,748,0.99450681,0.09077757,1.00197821
mnist,proposed,123,749,0.98715452,0.04025758,1.02841372
mnist,proposed,123,750,0.98917442,0.01855696,1.00914291
mnist,proposed,123,751,0.98344994,0.04775032,0.9865631
mnist,proposed,123,752,0.98836265,0.048199,1.00526353
mnist,proposed,123,753,0.99438553,0.0533039,0.99386622
mnist,proposed,123,754,0.98579379,0.06255846,0.99173161
mnist,proposed,123,755,0.98702798,0.01210667,1.02011415
mnist,proposed,123,756,0.99008978,0.0661806,0.99502803
mnist,proposed,123,757,0.98560824,0.10475556,1.00828305
mnist,proposed,123,758,0.99297219,0.09381284,0.98700204
mnist,proposed,123,759,0.97645242,0.09254389,0.9974462
mnist,proposed,123,760,0.99731725,0.01522812,0.99148716
mnist,proposed,123,761,0.98168464,0.049199,0.9798837
mnist,proposed,123,762,0.98914125,0.00510734,0.97401481
mnist,proposed,123,763,0.98050058,0.0040219,1.00504572
mnist,proposed,123,764,0.97967871,0.00486266,1.00203468
mnist,proposed,123,765,0.98471424,0.00067887,0.99635341
mnist,proposed,123,766,0.99483052,0.04395066,1.00181726
mnist,proposed,123,767,0.97751834,0.02048092,0.9928087
mnist,proposed,123,768,0.98584429,0.0067606,0.9997133
mnist,proposed,123,769,0.98919796,0.00283483,0.99637105
mnist,proposed,123,770,0.98394881,0.06210276,0.9699337
mnist,proposed,123,771,0.99072931,0.05741984,1.00971104
mnist,proposed,123,772,0.99332431,0.058529,1.01518606
mnist,proposed,123,773,0.97595201,0.06042306,1.00427344
mnist,proposed,123,774,0.97835949,0.00934579,1.0035028
mnist,proposed,123,775,0.99028986,0.04902833,0.99239864
mnist,proposed,123,776,0.9857016,0.06320067,0.99522227
mnist,proposed,123,777,0.98928358,0.00954391,1.00931517
mnist,proposed,123,778,0.97812022,0.0506004,1.02421685
mnist,proposed,123,779,0.97943005,0.00885729,1.00354135
mnist,proposed,123,780,0.99625133,0.00566318,1.01879791
mnist,proposed,123,781,0.99001806,0.058695,1.01721952
mnist,proposed,123,782,0.97978327,0.00181896,1.01450926
mnist,proposed,123,783,0.9903569,0.02885312,0.99819954
mnist,proposed,123,784,0.98322383,0.02644584,0.98285645
mnist,proposed,123,785,0.98891669,0.02716517,0.98224989
mnist,proposed,123,786,0.98701429,0.07748908,1.02280907
mnist,proposed,123,787,0.97823489,0.00154423,0.99068429
mnist,proposed,123,788,0.98711005,0.07527944,0.9830326
mnist,proposed,123,789,0.98656485,0.00447533,0.99801786
mnist,proposed,123,790,0.99821387,0.03918245,0.99808609
mnist,proposed,123,791,0.99294387,0.04197186,1.01180927
mnist,proposed,123,792,0.97734087,0.04429545,0.99608485
mnist,proposed,123,793,0.98967897,0.02479353,1.02267758
mnist,proposed,123,794,0.97824746,0.05889624,0.97093687
mnist,proposed,123,795,0.98660979,0.09624398,1.02945905
mnist,proposed,123,796,0.98790983,0.01459077,0.9994374
mnist,proposed,123,797,0.99183153,0.01060451,1.02231826
mnist,proposed,123,798,0.98539108,0.03673908,0.99956023
mnist,proposed,123,799,0.99463885,0.01012523,0.99569913
mnist,proposed,123,800,0.98817598,0.10601143,0.98179189
mnist,proposed,123,801,0.98500862,0.05261845,1.01023389
mnist,proposed,123,802,0.98349843,0.07784367,0.96944501
mnist,proposed,123,803,0.97683296,0.05295257,0.99377882
mnist,proposed,123,804,0.98672941,0.07919705,1.00785003
mnist,proposed,123,805,0.98744284,0.00640447,0.9956326
mnist,proposed,123,806,0.98517619,0.00665605,1.01688939
mnist,proposed,123,807,0.98291858,0.0322214,1.00795065
mnist,proposed,123,808,0.98854835,0.0922176,0.9927308
mnist,proposed,123,809,0.9865965,0.04627747,0.9933381
mnist,proposed,123,810,0.98803254,0.02300532,1.01001872
mnist,proposed,123,811,0.98969033,0.07215475,0.99983287
mnist,proposed,123,812,0.98668226,0.02265233,0.97764986
mnist,proposed,123,813,0.98424396,0.01060098,1.00922101
mnist,proposed,123,814,0.98823477,0.0030487,1.02241441
mnist,proposed,123,815,0.9881716,0.018769,0.99819198
mnist,proposed,123,816,0.98676233,0.04691748,1.01298821
mnist,proposed,123,817,0.98495588,0.02023746,1.01611573
mnist,proposed,123,818,0.98340549,0.0333634,1.01017377
mnist,proposed,123,819,0.98539711,0.09367673,1.00184682
mnist,proposed,123,820,0.98908217,0.00611505,0.99285798
mnist,proposed,123,821,0.98199381,0.03477468,0.99782432
mnist,proposed,123,822,0.99100703,0.05089264,1.00140176
mnist,proposed,123,823,0.99128461,0.06564527,0.9883192
mnist,proposed,123,824,0.99428487,0.00316933,0.98240214
mnist,proposed,123,825,0.99306736,0.03201287,0.98596053
mnist,proposed,123,826,0.98596019,0.00685493,1.02578898
mnist,proposed,123,827,0.98564121,0.00078013,0.99300653
mnist,proposed,123,828,0.98511773,0.02354106,1.00200532
mnist,proposed,123,829,0.99330951,0.00699543,1.00524646
mnist,proposed,123,830,0.98853677,0.02716547,1.01939758
mnist,proposed,123,831,0.98522785,0.03538277,1.00898201
mnist,proposed,123,832,0.98549224,0.02996507,1.00508465
mnist,proposed,123,833,0.99457948,0.02278718,0.99222042
mnist,proposed,123,834,0.98006589,0.07500799,0.97433248
mnist,proposed,123,835,0.98257708,0.0295435,0.98608063
mnist,proposed,123,836,0.98931736,0.04388575,0.99319226
mnist,proposed,123,837,0.99133982,0.00447967,1.01902144
mnist,proposed,123,838,0.98650313,0.07218154,1.00369966
mnist,proposed,123,839,0.99480038,0.01144608,1.02350292
mnist,proposed,123,840,0.98837091,0.00908182,1.00146166
mnist,proposed,123,841,0.98221968,0.01354146,1.02303871
mnist,proposed,123,842,0.98305966,0.05602682,0.99073577
mnist,proposed,123,843,0.98787598,0.02727708,0.99275693
mnist,proposed,123,844,0.98978664,0.05538704,1.01687461
mnist,proposed,123,845,0.98694649,0.00625499,1.00807355
mnist,proposed,123,846,0.98815662,0.05492278,0.97496839
mnist,proposed,123,847,0.99755147,0.10218079,0.98263635
mnist,proposed,123,848,0.97867277,0.06869959,1.01333449
mnist,proposed,123,849,0.98934498,0.05188839,1.02849844
mnist,proposed,123,850,0.99368311,0.05126413,1.02285098
mnist,proposed,123,851,0.98348501,0.04927526,1.02429271
mnist,proposed,123,852,0.98788783,0.02174227,1.00527445
mnist,proposed,123,853,0.98468916,0.00757046,0.98697495
mnist,proposed,123,854,0.98970008,0.00366224,1.0114092
mnist,proposed,123,855,0.99023025,0.11999489,0.97992276
mnist,proposed,123,856,0.99083106,0.01236053,0.99999263
mnist,proposed,123,857,0.99017161,0.01584928,1.01515379
mnist,proposed,123,858,0.98126608,0.09541073,0.97118959
mnist,proposed,123,859,0.9880592,0.02059886,0.97272921
mnist,proposed,123,860,0.99804307,0.04055099,0.99381126
mnist,proposed,123,861,0.99258552,0.03905702,1.01162234
mnist,proposed,123,862,0.98848916,0.02525157,0.9672107
mnist,proposed,123,863,0.99821452,0.01428978,1.00718078
mnist,proposed,123,864,0.99138873,0.01071711,0.99646066
mnist,proposed,123,865,0.98829771,0.00488114,1.00942434
mnist,proposed,123,866,0.98281778,0.01733286,1.00932201
mnist,proposed,123,867,0.999,0.00631731,0.99358886
mnist,proposed,123,868,0.98511387,0.09605253,1.00602452
mnist,proposed,123,869,0.98726954,0.04200514,0.98942912
mnist,proposed,123,870,0.99583927,0.01104802,0.98538535
mnist,proposed,123,871,0.97827385,0.02558689,1.00166845
mnist,proposed,123,872,0.98167696,0.01108694,1.00441933
mnist,proposed,123,873,0.99140882,0.08302976,1.0100639
mnist,proposed,123,874,0.9892186,0.0219323,1.01574709
mnist,proposed,123,875,0.98794022,0.01185821,0.99092573
mnist,proposed,123,876,0.98503674,0.03730916,0.97483224
mnist,proposed,123,877,0.999,0.02885003,0.99779531
mnist,proposed,123,878,0.98533684,0.03818162,1.00016085
mnist,proposed,123,879,0.97939473,0.0371472,1.00739618
mnist,proposed,123,880,0.99176954,0.00433907,1.01933828
mnist,proposed,123,881,0.98134116,0.02460487,1.04085315
mnist,proposed,123,882,0.98018753,0.07354949,1.00068566
mnist,proposed,123,883,0.98439494,0.02888273,1.01119677
mnist,proposed,123,884,0.99153782,0.06666399,0.99462871
mnist,proposed,123,885,0.99250824,0.12292848,0.99005342
mnist,proposed,123,886,0.99410635,0.01616813,1.01265203
mnist,proposed,123,887,0.98382805,0.01242091,0.9917001
mnist,proposed,123,888,0.98252948,0.0119867,0.99311368
mnist,proposed,123,889,0.98658493,0.07603237,1.01343346
mnist,proposed,123,890,0.98294933,0.02670318,1.00829549
mnist,proposed,123,891,0.97891399,0.02562231,0.97533092
mnist,proposed,123,892,0.97956246,0.00855143,1.00232194
mnist,proposed,123,893,0.98786878,0.05120844,0.99124743
mnist,proposed,123,894,0.98954511,0.03054709,0.99607492
mnist,proposed,123,895,0.98315019,0.04044636,1.00209735
mnist,proposed,123,896,0.98795372,0.01060204,1.00344631
mnist,proposed,123,897,0.99227827,0.01065376,0.99698378
mnist,proposed,123,898,0.98867948,0.00545032,1.02060702
mnist,proposed,123,899,0.98995934,0.04345722,0.98466202
mnist,proposed,123,900,0.98146575,0.02751709,0.9905037
mnist,proposed,123,901,0.99564685,0.0299389,0.98194384
mnist,proposed,123,902,0.9908582,0.07945232,1.00401337
mnist,proposed,123,903,0.99656704,0.03625783,0.97564282
mnist,proposed,123,904,0.99788398,0.08427162,0.98989037
mnist,proposed,123,905,0.98445239,0.0056639,0.97480717
mnist,proposed,123,906,0.98311168,0.02245433,1.03217979
mnist,proposed,123,907,0.98720133,0.00443728,0.96481686
mnist,proposed,123,908,0.98439294,0.03917921,1.00852692
mnist,proposed,123,909,0.99473528,0.01452354,0.99779632
mnist,proposed,123,910,0.98032932,0.01710639,0.98737523
mnist,proposed,123,911,0.97837692,0.06009273,1.00469609
mnist,proposed,123,912,0.98943668,0.03979063,0.97059323
mnist,proposed,123,913,0.98614342,0.03043149,1.02184062
mnist,proposed,123,914,0.98937563,0.01046428,0.96774999
mnist,proposed,123,915,0.99282263,0.11200484,0.99683879
mnist,proposed,123,916,0.99554284,0.06775566,1.01381756
mnist,proposed,123,917,0.98854343,0.02873645,0.98370083
mnist,proposed,123,918,0.99460335,0.04297017,0.99327208
mnist,proposed,123,919,0.9873858,0.04508882,0.9904495
mnist,proposed,123,920,0.98308857,0.0339389,0.98435065
mnist,proposed,123,921,0.98111209,0.05013006,1.01815188
mnist,proposed,123,922,0.96443912,0.10530514,0.99219181
mnist,proposed,123,923,0.98817297,0.0183351,1.00383151
mnist,proposed,123,924,0.99290981,0.07664843,0.9865686
mnist,proposed,123,925,0.98867529,0.03872967,0.98062886
mnist,proposed,123,926,0.98630095,0.04203379,0.99667357
mnist,proposed,123,927,0.98510989,0.01548203,0.99358827
mnist,proposed,123,928,0.9900125,0.0512385,1.01204869
mnist,proposed,123,929,0.98643295,0.04719282,0.97166635
mnist,proposed,123,930,0.9902073,0.0289752,0.99234628
mnist,proposed,123,931,0.98217303,0.0174525,1.02280969
mnist,proposed,123,932,0.98451325,0.03995227,0.97782401
mnist,proposed,123,933,0.99065469,0.02554235,0.97895417
mnist,proposed,123,934,0.98619712,0.05606329,1.01536592
mnist,proposed,123,935,0.98418473,0.05475477,0.99216324
mnist,proposed,123,936,0.99296252,0.05812467,1.00841728
mnist,proposed,123,937,0.9877234,0.00616535,0.99600072
mnist,proposed,123,938,0.99684766,0.08090429,0.99154
mnist,proposed,123,939,0.98541331,0.01848346,1.02564993
mnist,proposed,123,940,0.98425977,0.02640965,1.00097174
mnist,proposed,123,941,0.98247013,0.03410101,0.9873129
mnist,proposed,123,942,0.99270733,0.03530474,0.99502426
mnist,proposed,123,943,0.99024421,0.0521812,1.00997665
mnist,proposed,123,944,0.98329104,0.02558103,0.99452978
mnist,proposed,123,945,0.99617988,0.05758136,1.01242098
mnist,proposed,123,946,0.97774736,0.01677865,0.99889601
mnist,proposed,123,947,0.99143587,0.02067953,0.99995552
mnist,proposed,123,948,0.98112012,0.00595023,1.00563884
mnist,proposed,123,949,0.98914267,0.02470117,0.99955231
mnist,proposed,123,950,0.9932813,0.00305552,1.01567793
mnist,proposed,123,951,0.97416082,0.00396407,1.00199305
mnist,proposed,123,952,0.99357362,0.0297901,1.00017161
mnist,proposed,123,953,0.98634231,0.07318333,0.99078577
mnist,proposed,123,954,0.99049071,0.02241743,0.99561321
mnist,proposed,123,955,0.9831287,0.06027981,1.00188798
mnist,proposed,123,956,0.98111659,0.01497233,1.02052839
mnist,proposed,123,957,0.98065491,0.00029825,1.00765223
mnist,proposed,123,958,0.98366166,0.02062229,0.99908736
mnist,proposed,123,959,0.9904759,0.05484302,1.01383797
mnist,proposed,123,960,0.9849019,0.00341549,0.98532303
mnist,proposed,123,961,0.98367655,0.01883899,0.96660026
mnist,proposed,123,962,0.98518768,0.06557795,1.0185159
mnist,proposed,123,963,0.99263232,0.02510581,0.99600539
mnist,proposed,123,964,0.98279455,0.05924161,1.03416814
mnist,proposed,123,965,0.99134929,0.08767908,1.00270117
mnist,proposed,123,966,0.97620981,0.02904495,1.0195006
mnist,proposed,123,967,0.9881767,0.04822978,0.99861133
mnist,proposed,123,968,0.98736889,0.11003319,1.00954309
mnist,proposed,123,969,0.99041451,0.02727017,1.0015095
mnist,proposed,123,970,0.99145673,0.03265755,1.00491327
mnist,proposed,123,971,0.99012311,0.07034004,0.99231732
mnist,proposed,123,972,0.98048945,0.03434145,0.99714632
mnist,proposed,123,973,0.99191385,0.02041311,1.00949593
mnist,proposed,123,974,0.98646251,0.07268325,0.97918322
mnist,proposed,123,975,0.99311121,0.00929305,0.98389811
mnist,proposed,123,976,0.9907534,0.03723086,1.00537681
mnist,proposed,123,977,0.9860868,0.04830257,1.02791868
mnist,proposed,123,978,0.98736126,0.04913178,1.00411849
mnist,proposed,123,979,0.9980017,0.03123076,0.999266
mnist,proposed,123,980,0.9939749,0.01576866,0.98217807
mnist,proposed,123,981,0.99053239,0.01139959,0.98515237
mnist,proposed,123,982,0.98963684,0.02089674,0.99895232
mnist,proposed,123,983,0.999,0.08889413,0.99556381
mnist,proposed,123,984,0.98307422,0.05142807,0.99158824
mnist,proposed,123,985,0.99287269,0.00995116,0.96778375
mnist,proposed,123,986,0.98942542,0.06221013,1.01188817
mnist,proposed,123,987,0.98354765,0.00710802,1.01668846
mnist,proposed,123,988,0.98841928,0.0513324,0.97169323
mnist,proposed,123,989,0.98415604,0.03948219,1.02386796
mnist,proposed,123,990,0.98552913,0.00938416,1.0112748
mnist,proposed,123,991,0.98396377,0.00620405,1.00007808
mnist,proposed,123,992,0.99897862,0.02933618,1.00251747
mnist,proposed,123,993,0.97773744,0.00049386,0.99516843
mnist,proposed,123,994,0.9964429,0.06402371,1.00390285
mnist,proposed,123,995,0.9930386,0.00826595,0.98792854
mnist,proposed,123,996,0.98390156,0.07570145,0.99232281
mnist,proposed,123,997,0.99223538,0.04230004,0.98440134
mnist,proposed,123,998,0.99396403,0.00833492,0.97861596
mnist,proposed,123,999,0.98805028,0.08946174,1.00104802
